,FAs,Soft Comp
0,Input X Gradient,0.061772910945041296
1,Integrated Gradients,0.0341037124403364
2,Gradient Shap,0.030344775279231295
3,Attention Rollout,-0.0004778548421728
4,Attention Last,0.003969659919735202
5,Attention,0.002596168203692
6,Ours,0.1542373188836657
