,Method,5% Comp,10% Comp,20% Comp,30% Comp,Mean Comp,FlexLen Comp,Soft Comp
0,Norm,1.2879221246256194,1.0784845255697812,1.0701684405427503,1.0580588992043591,1.1107150610241414,1.0883103251362085,1.648480823023059
1,Signed,1.219362253717004,1.127069774000744,1.0356837269044197,1.0207464929953374,1.0902559844112982,1.0463181434028725,1.0994663664174142
2,Inseq Ig,1.2553366483916717,1.0827143138106334,1.0622455327225384,1.068818160144373,1.1067984983240273,1.066742832048736,3.0772871795664662
3,Rollout Attention,1.3620650116540787,1.1480361808338753,1.013601830304684,0.9752864676044097,1.1010627690162051,1.0598169624604936,0.9838032840709134
4,Last Attention,1.21331433234162,1.1885119899711634,1.086793184231757,1.0668946971430269,1.1301638397044886,1.130963324130137,0.9146845987137812
5,All Attention,1.2790437623028736,1.1709713201942717,1.089448639932034,1.073857648037727,1.1411319412380838,1.1201763261897433,0.9340652729179434
6,Ours,1.0606902849096111,1.0760123348734916,1.076785927205509,1.0551210609377148,1.0670684834307147,1.0641865633184049,6.349176704538344
