,Method,5% Comp,10% Comp,20% Comp,30% Comp,Mean Comp,FlexLen Comp,Soft Comp
0,Norm,0.17802527234576526,0.062398286623200905,0.06214744345872991,0.05296108660249543,0.07110641780603821,0.0749074948413837,0.0182743337403524
1,Signed,0.1410957204394815,0.09813495831603924,0.03162989103262204,0.01883365434287676,0.05793884482620393,0.03977840168897839,0.0028582886851784978
2,Inseq Ig,0.1606136930235158,0.06596711372856079,0.055381729023725734,0.0626688429319684,0.06892627574155419,0.057106382294806135,0.05748461873570129
3,Rollout Attention,0.215867937421669,0.11423726832961933,0.012044470494777526,-0.022481107709729886,0.06393371370726708,0.05058648490945805,-0.00045970839973559843
4,Last Attention,0.13152832538277948,0.14431495029667119,0.07688015912204793,0.06081746769398566,0.0827081804990969,0.110721681911781,-0.0025935084943164988
5,All Attention,0.1696446921812932,0.13246661386914926,0.07941339129680036,0.06705474219314067,0.08971588790807672,0.10192593092220792,-0.0019483391596850988
6,Ours,0.19033978065552049,0.09072297101880067,0.03431388806986102,0.03147356680939284,0.069370041310715,0.05443945067882994,0.0830530019849516
