,FAs,Soft Suff
0,Input X Gradient,-0.0006437867025924999
1,Integrated Gradients,0.00044647239597790005
2,Gradient Shap,4.4179044617599964e-05
3,Attention Rollout,-0.00019684562951090008
4,Attention Last,0.00019086001186589992
5,Attention,-5.9410173763300165e-05
6,Ours,0.0041780452546244
