,Method,5% Suff,10% Suff,20% Suff,30% Suff,Mean Suff,FlexLen Suff,Soft Suff
0,Norm,1.40379029521149,1.8173666108812183,2.1484629788796257,1.8958373099159849,1.9330345389554733,1.500222906804249,0.9990589704095547
1,Signed,1.9590558257353219,1.75127206571322,1.1470663644141759,1.3140924486450625,1.3600909351807042,1.0067715578687668,1.0783016872355422
2,Inseq Ig,1.0243810098330541,1.597681649585785,1.9488330474568618,1.9128890631120763,1.8158569397114936,1.7839397681204545,1.2647680769574128
3,Rollout Attention,4.223790412074174,1.2212935666001865,1.0392156973042936,0.8639813578034428,1.2284995209561465,1.5059928531509201,0.6355130292716971
4,Last Attention,5.1844994199246,5.072426239674366,2.517228566501784,2.669904555804864,3.0912532263316894,3.266091847726232,0.9487932486927109
5,All Attention,2.5437783988641747,4.124807608467193,2.817464292087903,2.301755368547233,2.760554073334685,2.4289769878941376,1.0090250267233498
6,Ours,1.7022801708250606,1.8677696951384024,1.7046703018800213,2.075126898536396,1.8253444538074524,2.0895590697036255,10.494413038569496
