,FAs,5% Suff,10% Suff,20% Suff,30% Suff,Mean Suff,Soft Suff
0,Input X Gradient,0.0050213399121983,0.008592122273272,0.004201855071600303,0.010402930401951005,0.007054561914755404,6.091617839329997e-05
1,Integrated Gradients,0.00015787343508489975,0.007132906067852999,0.029683285305022497,0.0335752740100976,0.0176373347045145,0.00015994496005119997
2,Gradient Shap,0.0038921286780969995,0.0099110411685465,0.032201286519327,0.022361266866543404,0.01709143080812847,-0.00018726502733420005
3,Attention Rollout,0.0201383740574692,0.0026751540738542984,0.001013478569494998,-0.005124075875051003,0.004675732706441876,-0.0004179045675293001
4,Attention Last,0.021538802656617798,0.0381330927244456,0.044185423347476396,0.049971215970447104,0.03845713367474672,-4.528024731259995e-05
5,Attention,0.0109615550749308,0.0356622887880733,0.04625925723341,0.043918856703851296,0.03420048945006635,7.1967533152999e-06
6,Ours,0.018640213738772598,0.020991944851468297,0.018677429062519797,0.0234092009492838,0.02042969715051112,0.0071236863750283996
