target_pos,target_token,norm_suff,random_suff,norm_comp,random_comp
44, Because,0.004015830345451832,0.0065065110102295876,0.00973031297326088,0.009864413179457188
46, was,0.000810579804237932,0.007929343730211258,0.011841597966849804,0.007441354915499687
48, good,0.004972257185727358,0.00420350069180131,0.013066921383142471,0.017098968848586082
50,.,0.0,0.011199316941201687,0.008546522818505764,0.007204841822385788
52, was,0.0,0.00040196505142375827,0.005418319255113602,0.004905666224658489
