target_pos,target_token,norm_suff,random_suff,norm_comp,random_comp
49, I,0.0,0.0,0.006225314922630787,0.00501922657713294
51,'t,0.001075023552402854,0.0,0.0004864053044002503,0.00044242714648135006
53,.,0.0,0.015435747802257538,0.02394162304699421,0.008746710605919361
55, was,0.003927947022020817,0.0,0.011240270920097828,0.00541886268183589
57, happy,0.0,0.007112871389836073,0.03177204728126526,0.007852856069803238
