target_pos,target_token,norm_suff,random_suff,norm_comp,random_comp
51, She,0.007665468379855156,0.0038729163352400064,0.006796077359467745,0.009090153500437737
53,'t,0.0006397304241545498,0.0009462766465730965,0.0003737870720215142,0.0003283261612523347
55,.,0.0,0.01031502801924944,0.006466838531196117,0.006490721832960844
57, just,0.00355760520324111,0.0,0.005435803905129433,0.00262553826905787
59, that,0.0,0.0,0.00892452523112297,0.00334809347987175
