norm_suff_mean,random_suff_mean,norm_comp_mean,random_comp_mean,final suff,final comp,target_tokens
0.002372560789808631,0.003026844235137105,0.00559940654784441,0.004376566968858242,0.783839762210846,1.8446595668792725, She$'t$.$ just$ that
