target_pos,target_token,norm_suff,random_suff,norm_comp,random_comp
47, She,0.0,0.0,0.011246207170188427,0.00463737640529871
49, going,0.002655763877555728,0.0,0.011753248050808907,0.006931408308446407
51, the,0.00013570970622822642,0.006173660047352314,0.006552830338478088,0.0069757187739014626
53, to,0.0,0.0,0.019939227029681206,0.016925040632486343
55, her,0.0,0.0003328349266666919,0.016982192173600197,0.005765718873590231
