norm_suff_mean,random_suff_mean,norm_comp_mean,random_comp_mean,final suff,final comp,target_tokens
0.0005582947633229196,0.0013012990821152925,0.01329474151134491,0.008247052319347858,0.42902877926826477,14.771860122680664, She$ going$ the$ to$ her
