target_pos,target_token,norm_suff,random_suff,norm_comp,random_comp
46, Because,0.010965646244585514,0.006039214786142111,0.006877209059894085,0.004472210071980953
48, was,0.00533005828037858,0.0,0.0068631162866950035,0.004255575127899647
50,.,0.007368502672761679,0.000568869523704052,0.013178536668419838,0.006931183859705925
52, was,0.0,0.010355781763792038,0.007128974422812462,0.007404416333884001
54, of,0.00983209628611803,0.0,0.019737480208277702,0.004286311566829681
