target_pos,target_token,norm_suff,random_suff,norm_comp,random_comp
57, I,0.0,0.003985641524195671,0.004191798157989979,0.006089771632105112
59, to,0.0,0.0023128162138164043,0.004919444676488638,0.0021924308966845274
61, a,0.0,0.0,0.013092624954879284,0.005265293642878532
63,.,0.15507911145687103,0.014429910108447075,0.004769327584654093,0.003312191227450967
65, sat,0.0,0.002849037293344736,0.0039632017724215984,0.0006426342879422009
