norm_suff_mean,random_suff_mean,norm_comp_mean,random_comp_mean,final suff,final comp,target_tokens
0.031015822663903236,0.00471548130735755,0.006187279708683491,0.003500464605167508,6.577445983886719,0.11286060512065887, I$ to$ a$.$ sat
