target_pos,target_token,norm_suff,random_suff,norm_comp,random_comp
68, She,0.0,0.0023896093480288982,0.011309492401778698,0.004403512924909592
70, to,0.002593985293060541,0.0005653788684867322,0.00426285807043314,0.004806417040526867
72, a,0.0036030923947691917,0.010427779518067837,0.011731267906725407,0.006595934275537729
74, meal,0.01194395124912262,0.006704308092594147,0.017541931942105293,0.007559303194284439
76, her,0.0,0.0026329944375902414,0.006811549421399832,0.0025031089317053556
