target_pos,target_token,norm_suff,random_suff,norm_comp,random_comp
62, She,0.004413601476699114,0.00304128834977746,0.014576509594917297,0.009299426339566708
64, to,0.0,0.0,0.002569375094026327,0.002028430113568902
66, out,0.0,8.938690007198602e-05,0.006708006840199232,0.002796676242724061
68, cheer,0.0004845473449677229,0.0,0.011281237937510014,0.004368314053863287
70,.,0.004607046954333782,0.010299338027834892,0.01788671687245369,0.009889918379485607
