target_pos,target_token,norm_suff,random_suff,norm_comp,random_comp
55, Because,0.004853810649365187,0.0,0.00558768305927515,0.004183769226074219
57, wanted,0.0,0.0032248017378151417,0.009890819899737835,0.003382841357961297
59, to,0.0,0.0,0.0010298886336386204,0.0012247280683368444
61, successful,0.0,0.0,0.006324994843453169,0.005497548263520002
63, She,0.0,0.0,0.006966522894799709,0.002773742424324155
