target_pos,target_token,norm_suff,random_suff,norm_comp,random_comp
53, Because,0.0,0.001466163550503552,0.01311649102717638,0.005510909482836723
55, was,0.0018441745778545737,0.0062676300294697285,0.007855215109884739,0.004574946593493223
57, black,0.0,0.0018981331959366798,0.035987354815006256,0.004164061974734068
59,.,0.04448757320642471,0.0,0.015614747069776058,0.008582744747400284
61, was,0.0,0.0036590478848665953,0.008935108780860901,0.005601672921329737
