target_pos,target_token,norm_suff,random_suff,norm_comp,random_comp
67, Mary,0.0,0.0,0.021529776975512505,0.0061958287842571735
69, a,0.0015768588054925203,0.001328192069195211,0.006963288877159357,0.011072332970798016
71, bow,0.0,0.0077894581481814384,0.024519963189959526,0.010766731575131416
73,",",0.009796323254704475,0.01002498995512724,0.0051068696193397045,0.0063104163855314255
75, Steve,0.0,0.001332523999735713,0.02918875962495804,0.007707157637923956
