norm_suff_mean,random_suff_mean,norm_comp_mean,random_comp_mean,final suff,final comp,target_tokens
0.002274636412039399,0.004095032811164856,0.017461732029914856,0.008410493843257427,0.5554623007774353,3.6975111961364746," Mary$ a$ bow$,$ Steve"
