target_pos,target_token,norm_suff,random_suff,norm_comp,random_comp
56, They,0.00459686666727066,0.0023418404161930084,0.11059780418872833,0.026584142819046974
58, to,0.0,0.0022503999061882496,0.10039696842432022,0.025655312463641167
60, it,0.0,0.001197054865770042,0.0869864970445633,0.023248881101608276
62, a,0.0,0.0030320349615067244,0.10598177462816238,0.01779116503894329
64, way,0.0,0.001391338068060577,0.010625362396240234,0.002393096685409546
