norm_suff_mean,random_suff_mean,norm_comp_mean,random_comp_mean,final suff,final comp,target_tokens
0.0009193733567371964,0.0020425335969775915,0.08291768282651901,0.01913451962172985,0.4501141905784607,20.81256675720215, They$ to$ it$ a$ way
