target_pos,target_token,norm_suff,random_suff,norm_comp,random_comp
54, She,0.0,0.0,0.196401447057724,0.027733225375413895
56, a,0.0,0.0,0.0359434112906456,0.014708911068737507
58, bit,0.0,0.010788513347506523,0.03288893401622772,0.010490193963050842
60, a,0.0,0.0,0.006264459807425737,0.0025897042360156775
62,oy,0.0011354627786204219,0.00025100645143538713,0.002402511890977621,0.0005232950788922608
