target_pos,target_token,norm_suff,random_suff,norm_comp,random_comp
56, He,0.003608271013945341,0.0,0.12429232150316238,0.01680593192577362
58, playing,0.0,0.004367978312075138,0.044374290853738785,0.010880840010941029
60, his,0.0005000346573069692,0.0060564265586435795,0.02080419287085533,0.008213521912693977
62,.,0.005474134813994169,0.0,0.052697017788887024,0.021307367831468582
64, friend,0.0,0.0011758033651858568,0.02080134116113186,0.005137307103723288
