norm_suff_mean,random_suff_mean,norm_comp_mean,random_comp_mean,final suff,final comp,target_tokens
0.0019164880504831672,0.002320041647180915,0.052593834698200226,0.012468993663787842,0.8260576128959656,6.506168365478516, He$ playing$ his$.$ friend
