norm_suff_mean,random_suff_mean,norm_comp_mean,random_comp_mean,final suff,final comp,target_tokens
0.0032946418505162,0.0009972405387088656,0.012886892072856426,0.004566906485706568,3.303758382797241,1.3861616849899292, Because$ wanted$ paint$ bedroom$.
