norm_suff_mean,random_suff_mean,norm_comp_mean,random_comp_mean,final suff,final comp,target_tokens
0.006022395100444555,0.005306088365614414,0.04434499889612198,0.010462391190230846,1.1349971294403076,1.7372475862503052, She$ hungry$ She$ hungry$ she
