target_pos,target_token,norm_suff,random_suff,norm_comp,random_comp
51, She,0.00882765743881464,0.0010169204324483871,0.0081689627841115,0.004109426401555538
53, at,0.0,0.005911015439778566,0.009149070829153061,0.006528408732265234
55, beach,0.0018303774995729327,0.0,0.01972232200205326,0.01573965512216091
57, get,0.0,0.005270995665341616,0.011131235398352146,0.011213698424398899
59, from,0.0,0.0006846615578979254,0.002939764875918627,0.0014945156872272491
