norm_suff_mean,random_suff_mean,norm_comp_mean,random_comp_mean,final suff,final comp,target_tokens
0.002131607150658965,0.00257671857252717,0.010222271084785461,0.007817140780389309,0.8272565007209778,3.6672520637512207, She$ at$ beach$ get$ from
