target_pos,target_token,norm_suff,random_suff,norm_comp,random_comp
59, Well,0.0,0.0012722592800855637,0.01213614922016859,0.00751094426959753
61, he,0.012068245559930801,0.0,0.014033371582627296,0.00669493293389678
63, a,0.0,0.005061264615505934,0.00556000042706728,0.0041814218275249004
65,ologist,0.0017555243102833629,0.0,0.021227972581982613,0.006552219856530428
67, He,0.005459567066282034,0.002679584315046668,0.010339784435927868,0.0028019333258271217
