norm_suff_mean,random_suff_mean,norm_comp_mean,random_comp_mean,final suff,final comp,target_tokens
0.00385666755028069,0.001802621758542955,0.01265945564955473,0.005548290442675352,2.139476776123047,1.4386229515075684, Well$ he$ a$ologist$ He
