{
    "$schema": "../docs/rationalization.schema.json",
    "id": 19,
    "input-text": [
        "</s>",
        "I",
        " had",
        " never",
        " been",
        " friends",
        " with",
        " any",
        " German",
        " people",
        " before",
        ".",
        " (",
        "The",
        " funn",
        "iest",
        " thing",
        " happened",
        " to",
        " me",
        " the",
        " other",
        " day",
        ",",
        " but",
        " that",
        "'s",
        " a",
        " story",
        " for",
        " another",
        " time",
        ").",
        " In",
        " fact",
        ",",
        " I",
        " had",
        " never",
        " even",
        " been",
        " to"
    ],
    "input-tokens": [
        2,
        100,
        56,
        393,
        57,
        964,
        19,
        143,
        1859,
        82,
        137,
        4,
        36,
        133,
        29310,
        7098,
        631,
        1102,
        7,
        162,
        5,
        97,
        183,
        6,
        53,
        14,
        18,
        10,
        527,
        13,
        277,
        86,
        322,
        96,
        754,
        6,
        38,
        56,
        393,
        190,
        57,
        7
    ],
    "target-text": " Germany",
    "target-token": 1600,
    "rational-size": 5,
    "rational-positions": [
        0,
        8,
        41,
        11,
        32
    ],
    "rational-text": [
        "</s>",
        " German",
        " to",
        ".",
        ")."
    ],
    "rational-tokens": [
        2,
        1859,
        7,
        4,
        322
    ],
    "importance-scores": [
        0.049235984683036804,
        0.023109758272767067,
        0.023111283779144287,
        0.023097451776266098,
        0.023154618218541145,
        0.0233620498329401,
        0.023263026028871536,
        0.023239385336637497,
        0.024213260039687157,
        0.023321690037846565,
        0.023182138800621033,
        0.023566728457808495,
        0.023193130269646645,
        0.023105444386601448,
        0.02307201363146305,
        0.02306380122900009,
        0.023059863597154617,
        0.023082276806235313,
        0.02307441644370556,
        0.02317032963037491,
        0.023107485845685005,
        0.023059843108057976,
        0.02307969704270363,
        0.02313651517033577,
        0.02306682989001274,
        0.023055998608469963,
        0.023054422810673714,
        0.02305610291659832,
        0.02306348830461502,
        0.023058462888002396,
        0.023057609796524048,
        0.023062819615006447,
        0.02343965321779251,
        0.02316490188241005,
        0.023161154240369797,
        0.023298127576708794,
        0.023123256862163544,
        0.023101963102817535,
        0.02308749035000801,
        0.02309279330074787,
        0.023197490721940994,
        0.023795222863554955
    ],
    "comments": {
        "created-by": "run_analogies.py",
        "args": {
            "model": "facebook/opt-350m",
            "cache_dir": "./cache/",
            "tokenizer": "facebook/opt-350m",
            "data_dir": "data/analogies/OPT350M/",
            "importance_results_dir": "rationalization_results/analogies/OPT350M_attention_last",
            "device": "cuda",
            "rationalization_config": "config/eva_attention_last.json",
            "input_num_ratio": 1,
            "logfolder": "logs/analogies/OPT350M_attention_last",
            "loglevel": 20
        },
        "time_elapsed": 0.012420654296875
    }
}