{
    "$schema": "../docs/rationalization.schema.json",
    "id": 23,
    "input-text": [
        "</s>",
        "I",
        " had",
        " never",
        " been",
        " friends",
        " with",
        " any",
        " Italian",
        " people",
        " before",
        ".",
        " (",
        "The",
        " funn",
        "iest",
        " thing",
        " happened",
        " to",
        " me",
        " the",
        " other",
        " day",
        ",",
        " but",
        " that",
        "'s",
        " a",
        " story",
        " for",
        " another",
        " time",
        ").",
        " In",
        " fact",
        ",",
        " I",
        " had",
        " never",
        " even",
        " been",
        " to"
    ],
    "input-tokens": [
        2,
        100,
        56,
        393,
        57,
        964,
        19,
        143,
        3108,
        82,
        137,
        4,
        36,
        133,
        29310,
        7098,
        631,
        1102,
        7,
        162,
        5,
        97,
        183,
        6,
        53,
        14,
        18,
        10,
        527,
        13,
        277,
        86,
        322,
        96,
        754,
        6,
        38,
        56,
        393,
        190,
        57,
        7
    ],
    "target-text": " Italy",
    "target-token": 2627,
    "rational-size": 5,
    "rational-positions": [
        0,
        8,
        41,
        11,
        32
    ],
    "rational-text": [
        "</s>",
        " Italian",
        " to",
        ".",
        ")."
    ],
    "rational-tokens": [
        2,
        3108,
        7,
        4,
        322
    ],
    "importance-scores": [
        0.05172124132514,
        0.023072630167007446,
        0.02307453192770481,
        0.023067176342010498,
        0.023105444386601448,
        0.023251032456755638,
        0.02323043905198574,
        0.023179423063993454,
        0.02386433817446232,
        0.023261822760105133,
        0.023128898814320564,
        0.02334843948483467,
        0.023163318634033203,
        0.023065099492669106,
        0.02304263599216938,
        0.02303052879869938,
        0.023028532043099403,
        0.023044465109705925,
        0.023039668798446655,
        0.023089731112122536,
        0.02305562049150467,
        0.023026730865240097,
        0.02304140292108059,
        0.023081518709659576,
        0.023033108562231064,
        0.023023944348096848,
        0.023022854700684547,
        0.02302379347383976,
        0.023030661046504974,
        0.02302679419517517,
        0.023025015369057655,
        0.023027455434203148,
        0.02331169694662094,
        0.02310359664261341,
        0.02311478927731514,
        0.023205973207950592,
        0.023077383637428284,
        0.023058796301484108,
        0.023053886368870735,
        0.023062491789460182,
        0.023130087181925774,
        0.023652996867895126
    ],
    "comments": {
        "created-by": "run_analogies.py",
        "args": {
            "model": "facebook/opt-350m",
            "cache_dir": "./cache/",
            "tokenizer": "facebook/opt-350m",
            "data_dir": "data/analogies/OPT350M/",
            "importance_results_dir": "rationalization_results/analogies/OPT350M_attention_last",
            "device": "cuda",
            "rationalization_config": "config/eva_attention_last.json",
            "input_num_ratio": 1,
            "logfolder": "logs/analogies/OPT350M_attention_last",
            "loglevel": 20
        },
        "time_elapsed": 0.012405633926391602
    }
}