target_pos,target_token,norm_suff,random_suff,norm_comp,random_comp
52, She,0.0,0.0,0.13083121180534363,0.010420823469758034
54,'t,0.010009397752583027,0.0,0.08041951805353165,0.0039396812207996845
56,.,0.03534680977463722,0.2709100544452667,0.05452430248260498,0.004901804495602846
58, was,0.0,0.004028101917356253,0.04651708900928497,0.0076980250887572765
60, thirsty,0.0,0.0,0.06983992457389832,0.007341599091887474
