norm_suff_mean,random_suff_mean,norm_comp_mean,random_comp_mean,final suff,final comp,target_tokens
0.00907124113291502,0.05498763546347618,0.07642640918493271,0.0068603865802288055,0.16496874392032623,0.7562786936759949, She$'t$.$ was$ thirsty
