target_pos,target_token,norm_suff,random_suff,norm_comp,random_comp
48, She,0.032613255083560944,0.0,0.08915426582098007,0.00662017660215497
50,'t,0.01636268012225628,0.0,0.045565322041511536,0.0015684469835832715
52,.,0.1662808656692505,0.2174864262342453,0.08947006613016129,0.008224000222980976
54, walked,0.0,0.004731006920337677,0.10522989183664322,0.00561396311968565
56, to,0.02164039947092533,0.0,0.051245156675577164,0.004104659892618656
