norm_suff_mean,random_suff_mean,norm_comp_mean,random_comp_mean,final suff,final comp,target_tokens
0.04737944155931473,0.044443488121032715,0.07613294571638107,0.00522624934092164,1.0660604238510132,0.1103062704205513, She$'t$.$ walked$ to
