norm_suff_mean,random_suff_mean,norm_comp_mean,random_comp_mean,final suff,final comp,target_tokens
0.039199188351631165,0.07602406293153763,0.13070717453956604,0.011455710045993328,0.5156155228614807,0.2922435402870178, Because$ was$ of$ a$ bum
