target_pos,target_token,norm_suff,random_suff,norm_comp,random_comp
58, I,0.003005827311426401,0.0,0.10382668673992157,0.003997450228780508
60,'t,0.004886487498879433,0.0,0.03307194635272026,0.0005655145505443215
62,.,0.047265999019145966,0.0,0.06480644643306732,0.010209744796156883
64, just,0.0,0.006711828056722879,0.04022616147994995,0.007376605179160833
66, to,0.0,0.05291472002863884,0.03313663974404335,0.005543503910303116
