norm_suff_mean,random_suff_mean,norm_comp_mean,random_comp_mean,final suff,final comp,target_tokens
0.011031663045287132,0.011925309896469116,0.05501357465982437,0.005538564175367355,0.9250630140304565,0.5020606517791748, I$'t$.$ just$ to
