target_pos,target_token,norm_suff,random_suff,norm_comp,random_comp
54, Because,0.050418585538864136,0.0,0.15425848960876465,0.008140507154166698
56, was,0.0,0.0,0.09129508584737778,0.0055544632486999035
58, black,0.0,0.022483862936496735,0.15329357981681824,0.007483980618417263
60, with,0.024150796234607697,0.0,0.08391236513853073,0.017778435721993446
62, friend,0.0,0.0,0.1480545997619629,0.013951783999800682
