norm_suff_mean,random_suff_mean,norm_comp_mean,random_comp_mean,final suff,final comp,target_tokens
0.014913876540958881,0.004496772773563862,0.1261628270149231,0.010581834241747856,3.31657338142395,0.7095293998718262, Because$ was$ black$ with$ friend
