norm_suff_mean,random_suff_mean,norm_comp_mean,random_comp_mean,final suff,final comp,target_tokens
0.018000800162553787,0.0943533256649971,0.051691245287656784,0.012867934070527554,0.19078077375888824,0.7148534655570984, She$'t$.$ just$.
