norm_suff_mean,random_suff_mean,norm_comp_mean,random_comp_mean,final suff,final comp,target_tokens
0.0029212397057563066,0.0018623676151037216,0.06156349927186966,0.01240259688347578,1.568562388420105,4.245662212371826, Because$ wanted$ paint$ bedroom$.
