norm_suff_mean,random_suff_mean,norm_comp_mean,random_comp_mean,final suff,final comp,target_tokens
0.025420594960451126,0.09355852752923965,0.12127859890460968,0.007286797743290663,0.2717079520225525,0.2866493761539459, I$'t$.$ just$ them
