target_pos,target_token,norm_suff,random_suff,norm_comp,random_comp
49, Chris,0.028589947149157524,0.002610067604109645,0.09649874269962311,0.00479086022824049
51, happy,0.0,0.0,0.08323761075735092,0.006140465848147869
53, he,0.0,0.0,0.05224647745490074,0.005978564731776714
55, learning,0.0,0.0,0.0588156059384346,0.006785283330827951
57,.,0.0,0.0,0.03410171717405319,0.01018758025020361
