norm_suff_mean,random_suff_mean,norm_comp_mean,random_comp_mean,final suff,final comp,target_tokens
0.005717989522963762,0.000522013520821929,0.06498003005981445,0.006776550319045782,10.953719139099121,1.185128092765808, Chris$ happy$ he$ learning$.
