{
    "$schema": "../docs/rationalization.schema.json",
    "id": 33,
    "input-text": [
        "When",
        " my",
        " flight",
        " landed",
        " in",
        " Ireland",
        ",",
        " I",
        " converted",
        " my",
        " currency",
        " and",
        " slowly",
        " fell",
        " asleep",
        ".",
        " (",
        "I",
        " was",
        " behind",
        " on",
        " a",
        " couple",
        " of",
        " assignments",
        ",",
        " but",
        " I",
        " tried",
        " not",
        " to",
        " think",
        " about",
        " them",
        ").",
        " I",
        " was",
        " staying",
        " in",
        " the",
        " capital",
        ","
    ],
    "input-tokens": [
        2215,
        616,
        5474,
        11406,
        287,
        7517,
        11,
        314,
        11513,
        616,
        7395,
        290,
        6364,
        3214,
        16039,
        13,
        357,
        40,
        373,
        2157,
        319,
        257,
        3155,
        286,
        25815,
        11,
        475,
        314,
        3088,
        407,
        284,
        892,
        546,
        606,
        737,
        314,
        373,
        10589,
        287,
        262,
        3139,
        11
    ],
    "target-text": " Dublin",
    "target-token": 18220,
    "rational-size": 5,
    "rational-positions": [
        40,
        5,
        37,
        24,
        41
    ],
    "rational-text": [
        " capital",
        " Ireland",
        " staying",
        " assignments",
        ","
    ],
    "rational-tokens": [
        3139,
        7517,
        10589,
        25815,
        11
    ],
    "importance-scores": [
        0.01945035345852375,
        0.014461956918239594,
        0.029854048043489456,
        0.018285294994711876,
        0.03576480969786644,
        0.07087842375040054,
        0.02720663510262966,
        0.014992156997323036,
        0.021993527188897133,
        0.010598648339509964,
        0.027868663892149925,
        0.019103899598121643,
        0.019447950646281242,
        0.013074619695544243,
        0.03088766150176525,
        0.022296864539384842,
        0.02354491502046585,
        0.010635052807629108,
        0.011118024587631226,
        0.0232742577791214,
        0.011900810524821281,
        0.018485454842448235,
        0.016227012500166893,
        0.010642245411872864,
        0.0414302721619606,
        0.013684824109077454,
        0.00792061910033226,
        0.009204326197504997,
        0.013608943670988083,
        0.01778518408536911,
        0.019562076777219772,
        0.01692376285791397,
        0.02559242583811283,
        0.011681864969432354,
        0.011644445359706879,
        0.00788879580795765,
        0.011909887194633484,
        0.04999528080224991,
        0.030066831037402153,
        0.016419317573308945,
        0.1329013854265213,
        0.039786480367183685
    ],
    "comments": {
        "created-by": "run_analogies.py",
        "args": {
            "model": "gpt2-medium",
            "cache_dir": "cache/",
            "tokenizer": "gpt2-medium",
            "data_dir": "data/analogies/gpt2/",
            "importance_results_dir": "rationalization_results/analogies/gpt2_inseq_gradient_shap",
            "device": "cuda",
            "rationalization_config": "config/inseq_gradient_shap.json",
            "input_num_ratio": 1.0,
            "logfolder": "logs/analogies/gpt2_inseq_gradient_shap",
            "loglevel": 20
        },
        "time_elapsed": 0.06843948364257812
    }
}