{
    "$schema": "../docs/rationalization.schema.json",
    "id": 82,
    "input-text": [
        "I",
        " knew",
        " it",
        " was",
        " big",
        ",",
        " but",
        " that",
        "'s",
        " before",
        " I",
        " saw",
        " it",
        " in",
        " person",
        ".",
        " (",
        "Just",
        " then",
        " I",
        " thought",
        " about",
        " my",
        " ex",
        "-",
        "wife",
        ",",
        " but",
        " I",
        " had",
        " to",
        " stop",
        " thinking",
        " about",
        " her",
        ").",
        " When",
        " I",
        " did",
        " end",
        " up",
        " seeing",
        " it",
        " in",
        " person",
        ",",
        " it",
        " was",
        " even"
    ],
    "input-tokens": [
        40,
        2993,
        340,
        373,
        1263,
        11,
        475,
        326,
        338,
        878,
        314,
        2497,
        340,
        287,
        1048,
        13,
        357,
        5703,
        788,
        314,
        1807,
        546,
        616,
        409,
        12,
        22095,
        11,
        475,
        314,
        550,
        284,
        2245,
        3612,
        546,
        607,
        737,
        1649,
        314,
        750,
        886,
        510,
        4379,
        340,
        287,
        1048,
        11,
        340,
        373,
        772
    ],
    "target-text": " bigger",
    "target-token": 5749,
    "rational-size": 5,
    "rational-positions": [
        36,
        48,
        4,
        1,
        44
    ],
    "rational-text": [
        " When",
        " even",
        " big",
        " knew",
        " person"
    ],
    "rational-tokens": [
        1649,
        772,
        1263,
        2993,
        1048
    ],
    "importance-scores": [
        0.02289350889623165,
        0.04544045403599739,
        0.02712302841246128,
        0.0251765139400959,
        0.06903533637523651,
        0.02955814078450203,
        0.01020397711545229,
        0.010960299521684647,
        0.01257764920592308,
        0.015204783529043198,
        0.00890092458575964,
        0.01190387923270464,
        0.009121933951973915,
        0.019895454868674278,
        0.026478124782443047,
        0.027157070115208626,
        0.017240962013602257,
        0.009623155929148197,
        0.008278296329081059,
        0.007950855419039726,
        0.009639439173042774,
        0.008906182833015919,
        0.006930668372660875,
        0.009873195551335812,
        0.00908703450113535,
        0.011486304923892021,
        0.012661164626479149,
        0.009206520393490791,
        0.009282449260354042,
        0.008821741677820683,
        0.01097338180989027,
        0.016665471717715263,
        0.01692252978682518,
        0.020166702568531036,
        0.009551117196679115,
        0.03988098353147507,
        0.10797856748104095,
        0.01173357479274273,
        0.01676800847053528,
        0.01711943745613098,
        0.014377906918525696,
        0.020473776385188103,
        0.006453920621424913,
        0.034832827746868134,
        0.04487959295511246,
        0.009483849629759789,
        0.007871154695749283,
        0.012115913443267345,
        0.07113222032785416
    ],
    "comments": {
        "created-by": "run_analogies.py",
        "args": {
            "model": "gpt2-medium",
            "cache_dir": "cache/",
            "tokenizer": "gpt2-medium",
            "data_dir": "data/analogies/gpt2/",
            "importance_results_dir": "rationalization_results/analogies/gpt2_inseq_gradient_shap",
            "device": "cuda",
            "rationalization_config": "config/inseq_gradient_shap.json",
            "input_num_ratio": 1.0,
            "logfolder": "logs/analogies/gpt2_inseq_gradient_shap",
            "loglevel": 20
        },
        "time_elapsed": 0.0723426342010498
    }
}