{
    "$schema": "../docs/rationalization.schema.json",
    "id": 120,
    "input-text": [
        "I",
        " thought",
        " it",
        " would",
        " be",
        " the",
        " lowest",
        " thing",
        " I",
        "'d",
        " ever",
        " encounter",
        ".",
        " (",
        "I",
        " tried",
        " to",
        " ignore",
        " my",
        " phone",
        " vibr",
        "ating",
        " in",
        " my",
        " pocket",
        ").",
        " But",
        " when",
        " I",
        " did",
        " end",
        " up",
        " encountering",
        " it",
        ",",
        " it",
        " turned",
        " out",
        " it",
        " wasn",
        "'t",
        " so"
    ],
    "input-tokens": [
        40,
        1807,
        340,
        561,
        307,
        262,
        9016,
        1517,
        314,
        1549,
        1683,
        8791,
        13,
        357,
        40,
        3088,
        284,
        8856,
        616,
        3072,
        12611,
        803,
        287,
        616,
        10000,
        737,
        887,
        618,
        314,
        750,
        886,
        510,
        42398,
        340,
        11,
        340,
        2900,
        503,
        340,
        2492,
        470,
        523
    ],
    "target-text": " low",
    "target-token": 1877,
    "rational-size": 8,
    "rational-positions": [
        1,
        4,
        6,
        36,
        37,
        39,
        40,
        41
    ],
    "rational-text": [
        " thought",
        " be",
        " lowest",
        " turned",
        " out",
        " wasn",
        "'t",
        " so"
    ],
    "rational-tokens": [
        1807,
        307,
        9016,
        2900,
        503,
        2492,
        470,
        523
    ],
    "importance-scores": [
        6.190910210177988e-17,
        0.1923406720161438,
        1.3767034387490718e-11,
        4.4342515587174995e-17,
        7.096963905439679e-09,
        1.1776564861065708e-05,
        1.4987306713010184e-05,
        4.416818975462128e-18,
        1.4258607468152886e-15,
        1.0913515276070248e-16,
        4.438986239731116e-20,
        9.378899566703236e-13,
        8.60113846465338e-15,
        4.613501963270095e-13,
        1.6979686753848533e-11,
        2.626544984383073e-15,
        7.606383856106902e-10,
        9.994201375772976e-14,
        3.8817164162280034e-16,
        2.5016132828431514e-12,
        4.5500848097970725e-14,
        7.67971024306482e-18,
        6.171901864399315e-16,
        1.012526108963574e-12,
        8.327662125050185e-16,
        7.981162122152133e-16,
        1.5579028071386301e-15,
        2.769502162325299e-11,
        2.089640016578187e-09,
        1.101452609675313e-10,
        1.110313555506559e-12,
        1.9877108720913958e-14,
        1.9483854362799952e-13,
        4.969927247522321e-11,
        1.793920888124736e-16,
        2.84069699318934e-07,
        1.4796783034398686e-06,
        0.19927513599395752,
        1.0189992946663118e-11,
        0.19999878108501434,
        0.4077115058898926,
        0.0006453395471908152
    ],
    "comments": {
        "created-by": "run_analogies.py",
        "args": {
            "model": "gpt2-xl",
            "cache_dir": "cache/",
            "tokenizer": "gpt2-xl",
            "data_dir": "data/analogies/gpt2_xl",
            "importance_results_dir": "rationalization_results/analogies/gpt2_xl_ours/top3_replace0.1_max5000_batch5",
            "device": "cuda",
            "rationalization_config": "config//top3_replace0.1_max5000_batch5.json",
            "input_num_ratio": 1.0,
            "logfolder": "logs/analogies/gpt2_xl_ours/top3_replace0.1_max5000_batch5",
            "loglevel": 20
        },
        "time_elapsed": 80.96004629135132,
        "separate_rational": [
            [
                " out",
                " so",
                "'t",
                " lowest",
                " the",
                " be",
                " turned",
                " thought"
            ],
            [
                "'t",
                " so",
                " wasn",
                " lowest",
                " thought",
                " to",
                " did",
                " it"
            ],
            [
                " thought",
                "'t",
                " out",
                " wasn",
                " it",
                " so",
                " turned",
                " lowest"
            ],
            [
                "'t",
                " turned",
                " lowest",
                " thought",
                " wasn",
                " I",
                " so",
                " be"
            ],
            [
                " wasn",
                " lowest",
                "'t",
                " so",
                " turned",
                " out",
                " when",
                " it"
            ]
        ]
    }
}