{
    "$schema": "../docs/rationalization.schema.json",
    "id": 127,
    "input-text": [
        "I",
        " thought",
        " it",
        " would",
        " be",
        " the",
        " tallest",
        " thing",
        " I",
        "'d",
        " ever",
        " encounter",
        ".",
        " (",
        "I",
        " tried",
        " to",
        " ignore",
        " my",
        " phone",
        " vibr",
        "ating",
        " in",
        " my",
        " pocket",
        ").",
        " But",
        " when",
        " I",
        " did",
        " end",
        " up",
        " encountering",
        " it",
        ",",
        " it",
        " turned",
        " out",
        " it",
        " wasn",
        "'t",
        " so"
    ],
    "input-tokens": [
        40,
        1807,
        340,
        561,
        307,
        262,
        38760,
        1517,
        314,
        1549,
        1683,
        8791,
        13,
        357,
        40,
        3088,
        284,
        8856,
        616,
        3072,
        12611,
        803,
        287,
        616,
        10000,
        737,
        887,
        618,
        314,
        750,
        886,
        510,
        42398,
        340,
        11,
        340,
        2900,
        503,
        340,
        2492,
        470,
        523
    ],
    "target-text": " tall",
    "target-token": 7331,
    "rational-size": 9,
    "rational-positions": [
        1,
        2,
        6,
        7,
        37,
        38,
        39,
        40,
        41
    ],
    "rational-text": [
        " thought",
        " it",
        " tallest",
        " thing",
        " out",
        " it",
        " wasn",
        "'t",
        " so"
    ],
    "rational-tokens": [
        1807,
        340,
        38760,
        1517,
        503,
        340,
        2492,
        470,
        523
    ],
    "importance-scores": [
        1.1099660923719057e-07,
        0.1964699923992157,
        4.9977184062299784e-06,
        6.773549898753117e-07,
        2.892679049182334e-06,
        3.239333818783052e-05,
        0.20060913264751434,
        0.0002957395336125046,
        1.4708783080408239e-09,
        1.6628082244452003e-09,
        0.000479238253319636,
        1.7258038269574172e-06,
        2.0702353253909678e-07,
        8.104508175676983e-09,
        2.645517051952373e-12,
        1.1023489898676075e-09,
        4.407819142215885e-05,
        9.464048211782483e-09,
        2.0754061580419148e-08,
        1.267791294168319e-08,
        7.588498647237429e-06,
        1.9816464025268488e-09,
        2.274461152751428e-08,
        8.579613408610243e-11,
        5.264052560960408e-06,
        3.1154121415966074e-07,
        1.3290883948968713e-08,
        1.1796551291354263e-07,
        9.38616206980214e-09,
        6.268816719057213e-07,
        1.2690018813543702e-08,
        0.003394422587007284,
        0.007978430017828941,
        5.334731554285099e-07,
        4.703837319652848e-09,
        3.2026208351965124e-09,
        2.032411794417044e-09,
        9.75043949438259e-05,
        5.128132761456072e-05,
        0.1877027451992035,
        0.4027346074581146,
        8.524976146873087e-05
    ],
    "comments": {
        "created-by": "run_analogies.py",
        "args": {
            "model": "gpt2-xl",
            "cache_dir": "cache/",
            "tokenizer": "gpt2-xl",
            "data_dir": "data/analogies/gpt2_xl",
            "importance_results_dir": "rationalization_results/analogies/gpt2_xl_ours/top3_replace0.1_max5000_batch5",
            "device": "cuda",
            "rationalization_config": "config//top3_replace0.1_max5000_batch5.json",
            "input_num_ratio": 1.0,
            "logfolder": "logs/analogies/gpt2_xl_ours/top3_replace0.1_max5000_batch5",
            "loglevel": 20
        },
        "time_elapsed": 70.93065881729126,
        "separate_rational": [
            [
                "'t",
                " But",
                " it",
                " wasn",
                " it",
                " it",
                " when",
                " tallest"
            ],
            [
                " thought",
                "'t",
                " tallest",
                " thing",
                " it",
                " to",
                " pocket",
                " it"
            ],
            [
                " wasn",
                " encountering",
                " up",
                " ever",
                " tallest",
                " out",
                " so",
                "'t"
            ],
            [
                " tallest",
                " thought",
                " wasn",
                " out",
                "'t",
                " my",
                " be",
                "I"
            ],
            [
                "'t",
                " so",
                " tallest",
                " in",
                " wasn",
                " thing",
                " it",
                " thought"
            ]
        ]
    }
}