{
    "$schema": "../docs/rationalization.schema.json",
    "id": 14,
    "input-text": [
        "When",
        " my",
        " flight",
        " landed",
        " in",
        " Russia",
        ",",
        " I",
        " converted",
        " my",
        " currency",
        " and",
        " slowly",
        " fell",
        " asleep",
        ".",
        " (",
        "I",
        " had",
        " a",
        " terrifying",
        " dream",
        " about",
        " my",
        " grandmother",
        ",",
        " but",
        " that",
        "'s",
        " a",
        " story",
        " for",
        " another",
        " time",
        ").",
        " I",
        " was",
        " staying",
        " in",
        " the",
        " capital",
        ","
    ],
    "input-tokens": [
        2215,
        616,
        5474,
        11406,
        287,
        3284,
        11,
        314,
        11513,
        616,
        7395,
        290,
        6364,
        3214,
        16039,
        13,
        357,
        40,
        550,
        257,
        17623,
        4320,
        546,
        616,
        18410,
        11,
        475,
        326,
        338,
        257,
        1621,
        329,
        1194,
        640,
        737,
        314,
        373,
        10589,
        287,
        262,
        3139,
        11
    ],
    "target-text": " Moscow",
    "target-token": 9070,
    "rational-size": 9,
    "rational-positions": [
        4,
        5,
        25,
        34,
        36,
        37,
        38,
        39,
        40
    ],
    "rational-text": [
        " in",
        " Russia",
        ",",
        ").",
        " was",
        " staying",
        " in",
        " the",
        " capital"
    ],
    "rational-tokens": [
        287,
        3284,
        11,
        737,
        373,
        10589,
        287,
        262,
        3139
    ],
    "importance-scores": [
        1.0305527212040033e-05,
        1.8407790776109323e-06,
        1.323756168858381e-05,
        1.258560018868593e-06,
        0.007966449484229088,
        0.3864690661430359,
        6.936704721738352e-08,
        0.012603039853274822,
        7.47958620195277e-05,
        1.128525894955601e-07,
        5.786869223811664e-06,
        2.4411246357658456e-08,
        1.2267043985048076e-06,
        6.46774878987344e-06,
        3.79460334443138e-06,
        3.4281133594049606e-06,
        2.2679054723084846e-07,
        4.5739903953290195e-07,
        3.401306969408324e-07,
        1.38723567033594e-06,
        1.4626679956109e-07,
        3.143325102428207e-06,
        1.3724719849506073e-07,
        5.07113327330444e-06,
        1.660885970977688e-07,
        0.007891446352005005,
        1.1171732694492675e-07,
        9.924526978011272e-08,
        5.179904860597162e-07,
        1.3208371456130408e-05,
        1.5069493031205639e-07,
        0.007367765065282583,
        6.876029345903589e-08,
        7.998459068403463e-07,
        0.00010916734754573554,
        9.042439046424988e-07,
        2.4759424377407413e-06,
        8.509725739713758e-05,
        4.521903974818997e-06,
        0.17715272307395935,
        0.4001785218715668,
        2.0489100279519334e-05
    ],
    "comments": {
        "created-by": "run_analogies.py",
        "args": {
            "model": "gpt2-xl",
            "cache_dir": "cache/",
            "tokenizer": "gpt2-xl",
            "data_dir": "data/analogies/gpt2_xl",
            "importance_results_dir": "rationalization_results/analogies/gpt2_xl_ours/top3_replace0.1_max5000_batch5",
            "device": "cuda",
            "rationalization_config": "config//top3_replace0.1_max5000_batch5.json",
            "input_num_ratio": 1.0,
            "logfolder": "logs/analogies/gpt2_xl_ours/top3_replace0.1_max5000_batch5",
            "loglevel": 20
        },
        "time_elapsed": 82.86836504936218,
        "separate_rational": [
            [
                " Russia",
                " capital",
                " the",
                " in",
                " in",
                " my",
                ",",
                " landed"
            ],
            [
                " the",
                " I",
                " in",
                " Russia",
                " capital",
                ").",
                " staying",
                " converted"
            ],
            [
                " capital",
                " Russia",
                " was",
                " staying",
                " in",
                " my",
                " a",
                " flight"
            ],
            [
                " Russia",
                ",",
                " for",
                " in",
                " the",
                ",",
                " capital",
                " asleep"
            ],
            [
                " capital",
                " Russia",
                " in",
                " was",
                " but",
                " story",
                " staying",
                ")."
            ]
        ]
    }
}