{
    "$schema": "../docs/rationalization.schema.json",
    "id": 151,
    "input-text": [
        "I",
        " had",
        " never",
        " been",
        " friends",
        " with",
        " any",
        " French",
        " people",
        " before",
        ".",
        " (",
        "The",
        " funn",
        "iest",
        " thing",
        " happened",
        " to",
        " me",
        " the",
        " other",
        " day",
        ",",
        " but",
        " that",
        "'s",
        " a",
        " story",
        " for",
        " another",
        " time",
        ").",
        " In",
        " fact",
        ",",
        " I",
        " had",
        " never",
        " even",
        " been",
        " to"
    ],
    "input-tokens": [
        40,
        550,
        1239,
        587,
        2460,
        351,
        597,
        4141,
        661,
        878,
        13,
        357,
        464,
        36090,
        6386,
        1517,
        3022,
        284,
        502,
        262,
        584,
        1110,
        11,
        475,
        326,
        338,
        257,
        1621,
        329,
        1194,
        640,
        737,
        554,
        1109,
        11,
        314,
        550,
        1239,
        772,
        587,
        284
    ],
    "target-text": " France",
    "target-token": 4881,
    "rational-size": 10,
    "rational-positions": [
        7,
        8,
        24,
        26,
        31,
        33,
        37,
        38,
        39,
        40
    ],
    "rational-text": [
        " French",
        " people",
        " that",
        " a",
        ").",
        " fact",
        " never",
        " even",
        " been",
        " to"
    ],
    "rational-tokens": [
        4141,
        661,
        326,
        257,
        737,
        1109,
        1239,
        772,
        587,
        284
    ],
    "importance-scores": [
        0.0010436156298965216,
        0.0010077018523588777,
        0.001302986522205174,
        0.0009664163808338344,
        0.0012698068749159575,
        0.0011009526206180453,
        0.0018247446278110147,
        0.17041052877902985,
        0.001913101994432509,
        0.0014431362506002188,
        0.0008526888559572399,
        0.0008401176892220974,
        0.0011879155645146966,
        0.06292034685611725,
        0.001832430949434638,
        0.0008809783612377942,
        0.0014431088929995894,
        0.0009029983775690198,
        0.0011793819721788168,
        0.0011425060220062733,
        0.0012429582420736551,
        0.0010740580037236214,
        0.0017379987984895706,
        0.0008882471593096852,
        0.0010940805077552795,
        0.0008679286693222821,
        0.001562619348987937,
        0.0010507891420274973,
        0.0011883644619956613,
        0.0017062586266547441,
        0.0008260790491476655,
        0.0018735615303739905,
        0.0009448491036891937,
        0.0010276499669998884,
        0.0009954530978575349,
        0.001235276460647583,
        0.0018785300198942423,
        0.002029803115874529,
        0.02961425483226776,
        0.6896619200706482,
        0.002033794531598687
    ],
    "comments": {
        "created-by": "run_analogies.py",
        "args": {
            "model": "gpt2-xl",
            "cache_dir": "cache/",
            "tokenizer": "gpt2-xl",
            "data_dir": "data/analogies/gpt2_xl",
            "importance_results_dir": "rationalization_results/analogies/gpt2_xl_ours/top3_replace0.1_max5000_batch5",
            "device": "cuda",
            "rationalization_config": "config//top3_replace0.1_max5000_batch5.json",
            "input_num_ratio": 1.0,
            "logfolder": "logs/analogies/gpt2_xl_ours/top3_replace0.1_max5000_batch5",
            "loglevel": 20
        },
        "time_elapsed": 36.99870300292969,
        "separate_rational": [
            [
                " been",
                " French",
                " happened",
                " I",
                "'s",
                " fact",
                " to",
                " that"
            ],
            [
                " been",
                " French",
                " any",
                " fact",
                ").",
                " before",
                " a",
                " to"
            ],
            [
                " been",
                " fact",
                " to",
                " French",
                " never",
                " a",
                "The",
                " that"
            ],
            [
                " French",
                " been",
                " to",
                " for",
                " people",
                " even",
                " fact",
                " friends"
            ],
            [
                " funn",
                " been",
                " even",
                " to",
                " never",
                " people",
                " had",
                ")."
            ]
        ]
    }
}