{
    "$schema": "../docs/rationalization.schema.json",
    "id": 159,
    "input-text": [
        "I",
        " had",
        " never",
        " been",
        " friends",
        " with",
        " any",
        " Japanese",
        " people",
        " before",
        ".",
        " (",
        "The",
        " funn",
        "iest",
        " thing",
        " happened",
        " to",
        " me",
        " the",
        " other",
        " day",
        ",",
        " but",
        " that",
        "'s",
        " a",
        " story",
        " for",
        " another",
        " time",
        ").",
        " In",
        " fact",
        ",",
        " I",
        " had",
        " never",
        " even",
        " been",
        " to"
    ],
    "input-tokens": [
        40,
        550,
        1239,
        587,
        2460,
        351,
        597,
        4960,
        661,
        878,
        13,
        357,
        464,
        36090,
        6386,
        1517,
        3022,
        284,
        502,
        262,
        584,
        1110,
        11,
        475,
        326,
        338,
        257,
        1621,
        329,
        1194,
        640,
        737,
        554,
        1109,
        11,
        314,
        550,
        1239,
        772,
        587,
        284
    ],
    "target-text": " Japan",
    "target-token": 2869,
    "rational-size": 9,
    "rational-positions": [
        6,
        7,
        12,
        13,
        15,
        31,
        38,
        39,
        40
    ],
    "rational-text": [
        " any",
        " Japanese",
        "The",
        " funn",
        " thing",
        ").",
        " even",
        " been",
        " to"
    ],
    "rational-tokens": [
        597,
        4960,
        464,
        36090,
        1517,
        737,
        772,
        587,
        284
    ],
    "importance-scores": [
        1.0984506637612412e-09,
        1.327339447243503e-07,
        6.6236978454981e-05,
        7.581574834603089e-08,
        8.219767977379888e-09,
        1.1867375349083886e-07,
        0.0030067230109125376,
        0.5575408935546875,
        1.8008039504024964e-10,
        3.2423532303482716e-08,
        6.311324796115514e-08,
        8.097840975551662e-08,
        8.232799882534891e-05,
        0.00019898316531907767,
        5.009266890176889e-10,
        0.20221802592277527,
        3.349176768097095e-05,
        2.3716015262742474e-10,
        7.955966907502443e-08,
        1.4901354461471783e-07,
        1.8181542937867334e-09,
        4.4948983424220046e-10,
        1.4653039892564834e-09,
        1.1883111383781397e-08,
        6.40543362351309e-07,
        4.364504846421369e-08,
        2.0777638383151498e-06,
        2.2191095183643483e-07,
        1.1871246385908307e-07,
        3.1421347745919093e-09,
        6.392628620233154e-06,
        9.707336721476167e-05,
        2.4938637466220825e-07,
        5.6508817181111226e-08,
        2.5319912833055014e-10,
        6.954536502234987e-08,
        6.937072782875475e-08,
        2.5835074666247237e-06,
        2.3531254555564374e-05,
        0.038200072944164276,
        0.19851937890052795
    ],
    "comments": {
        "created-by": "run_analogies.py",
        "args": {
            "model": "gpt2-xl",
            "cache_dir": "cache/",
            "tokenizer": "gpt2-xl",
            "data_dir": "data/analogies/gpt2_xl",
            "importance_results_dir": "rationalization_results/analogies/gpt2_xl_ours/top3_replace0.1_max5000_batch5",
            "device": "cuda",
            "rationalization_config": "config//top3_replace0.1_max5000_batch5.json",
            "input_num_ratio": 1.0,
            "logfolder": "logs/analogies/gpt2_xl_ours/top3_replace0.1_max5000_batch5",
            "loglevel": 20
        },
        "time_elapsed": 11.983163595199585,
        "separate_rational": [
            [
                " Japanese",
                " been",
                " to",
                " never",
                " happened",
                " a",
                " any",
                " had"
            ],
            [
                " Japanese",
                " been",
                " any",
                " thing",
                " funn",
                "The",
                " even",
                " to"
            ],
            [
                " Japanese",
                " been",
                " me",
                " funn",
                " but",
                " even",
                " with",
                " had"
            ],
            [
                " to",
                " been",
                " that",
                ").",
                " for",
                "The",
                " Japanese",
                " any"
            ],
            [
                " thing",
                " Japanese",
                ").",
                " been",
                " time",
                " In",
                " story",
                " to"
            ]
        ]
    }
}