{
    "$schema": "../docs/rationalization.schema.json",
    "id": 160,
    "input-text": [
        "I",
        " had",
        " never",
        " been",
        " friends",
        " with",
        " any",
        " Korean",
        " people",
        " before",
        ".",
        " (",
        "The",
        " funn",
        "iest",
        " thing",
        " happened",
        " to",
        " me",
        " the",
        " other",
        " day",
        ",",
        " but",
        " that",
        "'s",
        " a",
        " story",
        " for",
        " another",
        " time",
        ").",
        " In",
        " fact",
        ",",
        " I",
        " had",
        " never",
        " even",
        " been",
        " to"
    ],
    "input-tokens": [
        40,
        550,
        1239,
        587,
        2460,
        351,
        597,
        6983,
        661,
        878,
        13,
        357,
        464,
        36090,
        6386,
        1517,
        3022,
        284,
        502,
        262,
        584,
        1110,
        11,
        475,
        326,
        338,
        257,
        1621,
        329,
        1194,
        640,
        737,
        554,
        1109,
        11,
        314,
        550,
        1239,
        772,
        587,
        284
    ],
    "target-text": " Korea",
    "target-token": 4969,
    "rational-size": 8,
    "rational-positions": [
        4,
        7,
        14,
        25,
        36,
        37,
        39,
        40
    ],
    "rational-text": [
        " friends",
        " Korean",
        "iest",
        "'s",
        " had",
        " never",
        " been",
        " to"
    ],
    "rational-tokens": [
        2460,
        6983,
        6386,
        338,
        550,
        1239,
        587,
        284
    ],
    "importance-scores": [
        2.0839992842525135e-08,
        1.0487759549704379e-09,
        5.800198654704047e-10,
        1.978829189397402e-08,
        1.3451091351868172e-09,
        6.879409930604652e-09,
        4.3625597356822254e-08,
        0.42065340280532837,
        1.8366849152684495e-09,
        2.7062102958552714e-07,
        2.0211174955875322e-08,
        1.3669240184199793e-09,
        5.240684686214081e-07,
        9.694781510916073e-08,
        8.465302130389318e-07,
        1.770458446515022e-08,
        3.179484701831825e-05,
        2.3551574912517026e-08,
        5.302924677152987e-08,
        2.732703308083728e-07,
        3.378732404968332e-09,
        1.6082445881693275e-06,
        5.634843205370998e-07,
        2.9956179203871613e-10,
        1.3817663457871276e-08,
        2.215689528384246e-05,
        1.3325063719094032e-08,
        8.83920137084715e-08,
        1.3851531548425555e-06,
        3.7752184711692394e-10,
        1.0841529274330242e-07,
        1.3468027582064224e-08,
        1.9148747298913804e-07,
        8.278971108666155e-07,
        7.071530028213147e-10,
        8.282853292129744e-10,
        3.068359788471753e-08,
        1.9632854673545808e-05,
        7.799411605446949e-07,
        0.5786911845207214,
        0.0005739560583606362
    ],
    "comments": {
        "created-by": "run_analogies.py",
        "args": {
            "model": "gpt2-xl",
            "cache_dir": "cache/",
            "tokenizer": "gpt2-xl",
            "data_dir": "data/analogies/gpt2_xl",
            "importance_results_dir": "rationalization_results/analogies/gpt2_xl_ours/top3_replace0.1_max5000_batch5",
            "device": "cuda",
            "rationalization_config": "config//top3_replace0.1_max5000_batch5.json",
            "input_num_ratio": 1.0,
            "logfolder": "logs/analogies/gpt2_xl_ours/top3_replace0.1_max5000_batch5",
            "loglevel": 20
        },
        "time_elapsed": 19.45579195022583,
        "separate_rational": [
            [
                " been",
                " Korean",
                " had",
                " story",
                " another",
                " with",
                " to",
                " even"
            ],
            [
                " been",
                " Korean",
                " to",
                "The",
                "I",
                " never",
                " had",
                "iest"
            ],
            [
                " Korean",
                " been",
                " to",
                " never",
                " time",
                " friends",
                "'s",
                "iest"
            ],
            [
                " been",
                " happened",
                "'s",
                " never",
                " Korean",
                " day",
                " for",
                "iest"
            ],
            [
                " Korean",
                " been",
                " to",
                " friends",
                " never",
                " never",
                " (",
                " people"
            ]
        ]
    }
}