{
    "$schema": "../docs/rationalization.schema.json",
    "id": 189,
    "input-text": [
        "I",
        " really",
        " wanted",
        " to",
        " buy",
        " the",
        " woman",
        ",",
        " more",
        " than",
        " I",
        " ever",
        " wanted",
        " to",
        " buy",
        " anything",
        " before",
        ".",
        " (",
        "I",
        " was",
        " also",
        " behind",
        " on",
        " my",
        " homework",
        ",",
        " but",
        " that",
        "'s",
        " another",
        " story",
        ").",
        " So",
        " I",
        " went",
        " to",
        " the",
        " store",
        " and",
        " asked",
        " if",
        " they",
        " had",
        " any"
    ],
    "input-tokens": [
        40,
        1107,
        2227,
        284,
        2822,
        262,
        2415,
        11,
        517,
        621,
        314,
        1683,
        2227,
        284,
        2822,
        1997,
        878,
        13,
        357,
        40,
        373,
        635,
        2157,
        319,
        616,
        26131,
        11,
        475,
        326,
        338,
        1194,
        1621,
        737,
        1406,
        314,
        1816,
        284,
        262,
        3650,
        290,
        1965,
        611,
        484,
        550,
        597
    ],
    "target-text": " women",
    "target-token": 1466,
    "rational-size": 10,
    "rational-positions": [
        0,
        2,
        4,
        6,
        7,
        12,
        25,
        31,
        33,
        41
    ],
    "rational-text": [
        "I",
        " wanted",
        " buy",
        " woman",
        ",",
        " wanted",
        " homework",
        " story",
        " So",
        " if"
    ],
    "rational-tokens": [
        40,
        2227,
        2822,
        2415,
        11,
        2227,
        26131,
        1621,
        1406,
        611
    ],
    "importance-scores": [
        0.013426952064037323,
        0.006476613227277994,
        0.021050045266747475,
        0.002131675835698843,
        0.07081958651542664,
        0.12209931761026382,
        0.06248147413134575,
        0.03514941781759262,
        0.013603192754089832,
        0.02358897402882576,
        0.01115687657147646,
        0.005571108777076006,
        0.14491133391857147,
        0.003191538853570819,
        0.00918249599635601,
        0.021073076874017715,
        0.01040007546544075,
        0.004551654681563377,
        0.003100508125498891,
        0.0038939323276281357,
        0.004348013550043106,
        0.002822523470968008,
        0.0022362556774169207,
        0.011039279401302338,
        0.008950134739279747,
        0.043654486536979675,
        0.0036759674549102783,
        0.0059837717562913895,
        0.0025090272538363934,
        0.0174728874117136,
        0.013459792360663414,
        0.0261350329965353,
        0.0021685324609279633,
        0.1257828176021576,
        0.0019986301194876432,
        0.007259202189743519,
        0.009312445297837257,
        0.020124929025769234,
        0.019217599183321,
        0.012171817943453789,
        0.013993451371788979,
        0.02292885258793831,
        0.00628004502505064,
        0.004842289257794619,
        0.023772362619638443
    ],
    "comments": {
        "created-by": "run_analogies.py",
        "args": {
            "model": "gpt2-xl",
            "cache_dir": "cache/",
            "tokenizer": "gpt2-xl",
            "data_dir": "data/analogies/gpt2_xl",
            "importance_results_dir": "rationalization_results/analogies/gpt2_xl_ours/top3_replace0.1_max5000_batch5",
            "device": "cuda",
            "rationalization_config": "config//top3_replace0.1_max5000_batch5.json",
            "input_num_ratio": 1.0,
            "logfolder": "logs/analogies/gpt2_xl_ours/top3_replace0.1_max5000_batch5",
            "loglevel": 20
        },
        "time_elapsed": 46.28482627868652,
        "separate_rational": [
            [
                " buy",
                " So",
                " story",
                ",",
                " asked",
                " if",
                " another",
                " woman"
            ],
            [
                " So",
                " any",
                " buy",
                " woman",
                " anything",
                " before",
                " wanted",
                "I"
            ],
            [
                " the",
                ",",
                " the",
                " woman",
                " I",
                " wanted",
                "I",
                " they"
            ],
            [
                " wanted",
                " store",
                " woman",
                " homework",
                " wanted",
                " if",
                " story",
                " buy"
            ],
            [
                " homework",
                " woman",
                " buy",
                " than",
                "'s",
                " to",
                " wanted",
                " on"
            ]
        ]
    }
}