{
    "$schema": "../docs/rationalization.schema.json",
    "id": 27,
    "input-text": [
        "When",
        " my",
        " flight",
        " landed",
        " in",
        " Lebanon",
        ",",
        " I",
        " converted",
        " my",
        " currency",
        " and",
        " slowly",
        " fell",
        " asleep",
        ".",
        " (",
        "I",
        " was",
        " behind",
        " on",
        " a",
        " couple",
        " of",
        " assignments",
        ",",
        " but",
        " I",
        " tried",
        " not",
        " to",
        " think",
        " about",
        " them",
        ").",
        " I",
        " was",
        " staying",
        " in",
        " the",
        " capital",
        ","
    ],
    "input-tokens": [
        2215,
        616,
        5474,
        11406,
        287,
        16849,
        11,
        314,
        11513,
        616,
        7395,
        290,
        6364,
        3214,
        16039,
        13,
        357,
        40,
        373,
        2157,
        319,
        257,
        3155,
        286,
        25815,
        11,
        475,
        314,
        3088,
        407,
        284,
        892,
        546,
        606,
        737,
        314,
        373,
        10589,
        287,
        262,
        3139,
        11
    ],
    "target-text": " Beirut",
    "target-token": 40702,
    "rational-size": 9,
    "rational-positions": [
        3,
        4,
        5,
        8,
        10,
        36,
        38,
        39,
        40
    ],
    "rational-text": [
        " landed",
        " in",
        " Lebanon",
        " converted",
        " currency",
        " was",
        " in",
        " the",
        " capital"
    ],
    "rational-tokens": [
        11406,
        287,
        16849,
        11513,
        7395,
        373,
        287,
        262,
        3139
    ],
    "importance-scores": [
        7.406544821897398e-10,
        5.297209099808242e-06,
        1.14347690285965e-15,
        6.151193332470939e-09,
        7.471149729099125e-05,
        0.20136380195617676,
        1.6862806706541278e-09,
        5.119253979057881e-12,
        1.0702617458946406e-07,
        6.829202447988791e-07,
        9.071349268197082e-06,
        2.9483150133530894e-14,
        1.8522307243529212e-07,
        3.786276237742296e-15,
        3.127138576298344e-14,
        6.417597005640226e-16,
        1.194696596940048e-05,
        3.015955485352606e-07,
        4.837884830521944e-07,
        1.3693341978978507e-13,
        3.5196435609757826e-12,
        3.150688954178804e-08,
        1.9830669224785158e-12,
        7.774276127747726e-06,
        1.3505943918801222e-08,
        3.014029859027545e-10,
        6.401371620279317e-12,
        2.6272877970412445e-11,
        1.3052213532205315e-08,
        4.800600733178163e-15,
        6.260385439216254e-12,
        0.0001562500256113708,
        1.3060016460756003e-14,
        1.6891343079805665e-07,
        3.9903452488943e-06,
        2.0286204005515174e-07,
        4.525938651633865e-12,
        3.62674462944107e-13,
        7.436283340211958e-05,
        0.0006400734419003129,
        0.7976505160331726,
        3.1846498094872944e-12
    ],
    "comments": {
        "created-by": "run_analogies.py",
        "args": {
            "model": "gpt2-xl",
            "cache_dir": "cache/",
            "tokenizer": "gpt2-xl",
            "data_dir": "data/analogies/gpt2_xl",
            "importance_results_dir": "rationalization_results/analogies/gpt2_xl_ours/top3_replace0.1_max5000_batch5",
            "device": "cuda",
            "rationalization_config": "config//top3_replace0.1_max5000_batch5.json",
            "input_num_ratio": 1.0,
            "logfolder": "logs/analogies/gpt2_xl_ours/top3_replace0.1_max5000_batch5",
            "loglevel": 20
        },
        "time_elapsed": 98.27351593971252,
        "separate_rational": [
            [
                " capital",
                " the",
                " in",
                " Lebanon",
                " staying",
                " converted",
                " I",
                " about"
            ],
            [
                " Lebanon",
                " capital",
                " landed",
                " currency",
                " the",
                " was",
                " converted",
                " couple"
            ],
            [
                " capital",
                " the",
                " Lebanon",
                " in",
                " I",
                " my",
                ").",
                " was"
            ],
            [
                " capital",
                " Lebanon",
                " the",
                "When",
                " my",
                " flight",
                " landed",
                " in"
            ],
            [
                " capital",
                " Lebanon",
                " the",
                " think",
                " in",
                " (",
                " currency",
                " of"
            ]
        ]
    }
}