{
    "$schema": "../docs/rationalization.schema.json",
    "id": 37,
    "input-text": [
        "When",
        " my",
        " flight",
        " landed",
        " in",
        " Cuba",
        ",",
        " I",
        " converted",
        " my",
        " currency",
        " and",
        " slowly",
        " fell",
        " asleep",
        ".",
        " (",
        "I",
        " was",
        " behind",
        " on",
        " a",
        " couple",
        " of",
        " assignments",
        ",",
        " but",
        " I",
        " tried",
        " not",
        " to",
        " think",
        " about",
        " them",
        ").",
        " I",
        " was",
        " staying",
        " in",
        " the",
        " capital",
        ","
    ],
    "input-tokens": [
        2215,
        616,
        5474,
        11406,
        287,
        14159,
        11,
        314,
        11513,
        616,
        7395,
        290,
        6364,
        3214,
        16039,
        13,
        357,
        40,
        373,
        2157,
        319,
        257,
        3155,
        286,
        25815,
        11,
        475,
        314,
        3088,
        407,
        284,
        892,
        546,
        606,
        737,
        314,
        373,
        10589,
        287,
        262,
        3139,
        11
    ],
    "target-text": " Havana",
    "target-token": 40274,
    "rational-size": 8,
    "rational-positions": [
        2,
        5,
        36,
        37,
        38,
        39,
        40,
        41
    ],
    "rational-text": [
        " flight",
        " Cuba",
        " was",
        " staying",
        " in",
        " the",
        " capital",
        ","
    ],
    "rational-tokens": [
        5474,
        14159,
        373,
        10589,
        287,
        262,
        3139,
        11
    ],
    "importance-scores": [
        3.6574581775492872e-19,
        2.4326627838236768e-33,
        4.079104675563938e-14,
        8.432475493702806e-31,
        1.8575711884458128e-21,
        0.6265193223953247,
        2.2785767802659836e-33,
        1.9135773844648244e-22,
        8.990315706481459e-27,
        6.500136627493789e-18,
        1.1037457566740854e-28,
        1.2753922095796097e-23,
        2.1422829857339396e-33,
        1.7351627315357914e-28,
        5.800492155559138e-32,
        1.4297207563927282e-24,
        5.66354217692747e-22,
        5.089721217364464e-35,
        8.614081039392095e-24,
        1.8568185561228854e-40,
        1.2588245246910622e-28,
        9.015238347371548e-29,
        1.1429690870322555e-26,
        3.6104344591133237e-28,
        2.1676622876250567e-23,
        8.789469542789765e-33,
        1.6738631071422463e-32,
        4.800361505007175e-33,
        8.733943038225425e-29,
        4.60990435440987e-17,
        1.653942959468021e-33,
        1.2231873670243462e-23,
        1.1148309444671879e-33,
        5.516439695260901e-28,
        1.3933306028348829e-24,
        3.007381173640914e-30,
        5.952210742172591e-19,
        6.2509962484025294e-12,
        9.170425920371206e-13,
        1.8283157260157168e-05,
        0.37345942854881287,
        2.9777233976346906e-06
    ],
    "comments": {
        "created-by": "run_analogies.py",
        "args": {
            "model": "gpt2-xl",
            "cache_dir": "cache/",
            "tokenizer": "gpt2-xl",
            "data_dir": "data/analogies/gpt2_xl",
            "importance_results_dir": "rationalization_results/analogies/gpt2_xl_ours/top3_replace0.1_max5000_batch5",
            "device": "cuda",
            "rationalization_config": "config//top3_replace0.1_max5000_batch5.json",
            "input_num_ratio": 1.0,
            "logfolder": "logs/analogies/gpt2_xl_ours/top3_replace0.1_max5000_batch5",
            "loglevel": 20
        },
        "time_elapsed": 68.77294087409973,
        "separate_rational": [
            [
                " Cuba",
                " capital",
                " the",
                " flight",
                " was",
                ",",
                " in",
                "."
            ],
            [
                " Cuba",
                " the",
                " capital",
                " staying",
                " currency",
                ",",
                ",",
                " in"
            ],
            [
                " Cuba",
                ",",
                " capital",
                " staying",
                " in",
                " not",
                " my",
                " was"
            ],
            [
                " Cuba",
                " capital",
                " the",
                " I",
                " in",
                ",",
                " was",
                " staying"
            ],
            [
                " capital",
                " the",
                " in",
                " was",
                " Cuba",
                "When",
                " my",
                " flight"
            ]
        ]
    }
}