{
    "$schema": "../docs/rationalization.schema.json",
    "id": 39,
    "input-text": [
        "When",
        " my",
        " flight",
        " landed",
        " in",
        " Pakistan",
        ",",
        " I",
        " converted",
        " my",
        " currency",
        " and",
        " slowly",
        " fell",
        " asleep",
        ".",
        " (",
        "I",
        " was",
        " behind",
        " on",
        " a",
        " couple",
        " of",
        " assignments",
        ",",
        " but",
        " I",
        " tried",
        " not",
        " to",
        " think",
        " about",
        " them",
        ").",
        " I",
        " was",
        " staying",
        " in",
        " the",
        " capital",
        ","
    ],
    "input-tokens": [
        2215,
        616,
        5474,
        11406,
        287,
        7648,
        11,
        314,
        11513,
        616,
        7395,
        290,
        6364,
        3214,
        16039,
        13,
        357,
        40,
        373,
        2157,
        319,
        257,
        3155,
        286,
        25815,
        11,
        475,
        314,
        3088,
        407,
        284,
        892,
        546,
        606,
        737,
        314,
        373,
        10589,
        287,
        262,
        3139,
        11
    ],
    "target-text": " Islamabad",
    "target-token": 36878,
    "rational-size": 9,
    "rational-positions": [
        0,
        3,
        5,
        21,
        36,
        37,
        38,
        39,
        40
    ],
    "rational-text": [
        "When",
        " landed",
        " Pakistan",
        " a",
        " was",
        " staying",
        " in",
        " the",
        " capital"
    ],
    "rational-tokens": [
        2215,
        11406,
        7648,
        257,
        373,
        10589,
        287,
        262,
        3139
    ],
    "importance-scores": [
        0.0008239072631113231,
        1.5422998558278778e-06,
        1.7221836969838478e-06,
        1.3194900020607747e-05,
        3.8186354345270956e-07,
        0.4140799641609192,
        2.71262257101057e-09,
        2.242393160045708e-09,
        5.034833883144074e-09,
        4.6894267143215984e-05,
        2.0940510125910805e-07,
        1.3623159674999719e-12,
        4.6186245938883985e-09,
        1.5271265851879434e-07,
        5.144745429674913e-08,
        0.17043417692184448,
        5.937735112621079e-12,
        3.2128233407036078e-09,
        1.921734327225977e-09,
        2.578790940788167e-07,
        5.00349202070538e-08,
        0.0017692011315375566,
        6.413101161228951e-10,
        2.2248999812291004e-05,
        5.5601340420707857e-08,
        5.8193869278966304e-08,
        9.153045255061443e-08,
        2.545001009934822e-08,
        9.330335393187283e-10,
        9.012926227569551e-08,
        1.6824955082483939e-06,
        1.2206793909008695e-10,
        4.0900313691416557e-10,
        1.8100558008882217e-05,
        7.0938712681822835e-09,
        8.881541475602717e-07,
        5.5594107834622264e-05,
        0.16939255595207214,
        0.01253252662718296,
        0.015978656709194183,
        0.21479591727256775,
        2.9812761567882262e-05
    ],
    "comments": {
        "created-by": "run_analogies.py",
        "args": {
            "model": "gpt2-xl",
            "cache_dir": "cache/",
            "tokenizer": "gpt2-xl",
            "data_dir": "data/analogies/gpt2_xl",
            "importance_results_dir": "rationalization_results/analogies/gpt2_xl_ours/top3_replace0.1_max5000_batch5",
            "device": "cuda",
            "rationalization_config": "config//top3_replace0.1_max5000_batch5.json",
            "input_num_ratio": 1.0,
            "logfolder": "logs/analogies/gpt2_xl_ours/top3_replace0.1_max5000_batch5",
            "loglevel": 20
        },
        "time_elapsed": 71.9283356666565,
        "separate_rational": [
            [
                ".",
                " the",
                " capital",
                " Pakistan",
                "When",
                " was",
                ",",
                " of"
            ],
            [
                " Pakistan",
                " the",
                " capital",
                " was",
                " was",
                "When",
                " I",
                ")."
            ],
            [
                " capital",
                " was",
                " the",
                " landed",
                " Pakistan",
                " a",
                " in",
                " about"
            ],
            [
                " staying",
                " in",
                " Pakistan",
                " capital",
                " a",
                " the",
                " landed",
                " was"
            ],
            [
                " Pakistan",
                " capital",
                " my",
                "When",
                " flight",
                " in",
                " staying",
                " was"
            ]
        ]
    }
}