{
    "$schema": "../docs/rationalization.schema.json",
    "id": 40,
    "input-text": [
        "When",
        " my",
        " flight",
        " landed",
        " in",
        " Indonesia",
        ",",
        " I",
        " converted",
        " my",
        " currency",
        " and",
        " slowly",
        " fell",
        " asleep",
        ".",
        " (",
        "I",
        " was",
        " behind",
        " on",
        " a",
        " couple",
        " of",
        " assignments",
        ",",
        " but",
        " I",
        " tried",
        " not",
        " to",
        " think",
        " about",
        " them",
        ").",
        " I",
        " was",
        " staying",
        " in",
        " the",
        " capital",
        ","
    ],
    "input-tokens": [
        2215,
        616,
        5474,
        11406,
        287,
        16256,
        11,
        314,
        11513,
        616,
        7395,
        290,
        6364,
        3214,
        16039,
        13,
        357,
        40,
        373,
        2157,
        319,
        257,
        3155,
        286,
        25815,
        11,
        475,
        314,
        3088,
        407,
        284,
        892,
        546,
        606,
        737,
        314,
        373,
        10589,
        287,
        262,
        3139,
        11
    ],
    "target-text": " Jakarta",
    "target-token": 49251,
    "rational-size": 10,
    "rational-positions": [
        5,
        10,
        15,
        21,
        26,
        34,
        36,
        38,
        39,
        40
    ],
    "rational-text": [
        " Indonesia",
        " currency",
        ".",
        " a",
        " but",
        ").",
        " was",
        " in",
        " the",
        " capital"
    ],
    "rational-tokens": [
        16256,
        7395,
        13,
        257,
        475,
        737,
        373,
        287,
        262,
        3139
    ],
    "importance-scores": [
        1.6722401241509033e-08,
        5.346209945855662e-07,
        0.001506293541751802,
        1.057293729900266e-06,
        1.5332769180531614e-05,
        0.36852723360061646,
        1.140506901720073e-05,
        0.0006484673940576613,
        9.411778023604711e-10,
        2.405377472314285e-06,
        0.023826951161026955,
        9.7891472705669e-08,
        2.0785694943015187e-08,
        2.207381832874944e-08,
        0.0020103021524846554,
        3.439541251282208e-05,
        2.5093743971638105e-08,
        2.5562053451722022e-06,
        8.913439764057784e-09,
        1.2408952088094338e-08,
        1.80119550350355e-05,
        0.1989356279373169,
        1.288660378406803e-08,
        2.4085704808385344e-07,
        0.0009404501179233193,
        1.1184364439031924e-06,
        2.3880761546024587e-07,
        1.0560983128016233e-06,
        3.6349842957861256e-07,
        1.4359222859638976e-06,
        1.6227540982072242e-06,
        1.9848899057706149e-07,
        1.9960521058237646e-06,
        2.0140316792094382e-07,
        2.2528261979459785e-05,
        3.682303173491164e-08,
        2.4959497295640176e-06,
        3.215653521237982e-08,
        0.0001478132326155901,
        0.0030327949207276106,
        0.4003031849861145,
        1.3558219507103786e-06
    ],
    "comments": {
        "created-by": "run_analogies.py",
        "args": {
            "model": "gpt2-xl",
            "cache_dir": "cache/",
            "tokenizer": "gpt2-xl",
            "data_dir": "data/analogies/gpt2_xl",
            "importance_results_dir": "rationalization_results/analogies/gpt2_xl_ours/top3_replace0.1_max5000_batch5",
            "device": "cuda",
            "rationalization_config": "config//top3_replace0.1_max5000_batch5.json",
            "input_num_ratio": 1.0,
            "logfolder": "logs/analogies/gpt2_xl_ours/top3_replace0.1_max5000_batch5",
            "loglevel": 20
        },
        "time_elapsed": 35.81891226768494,
        "separate_rational": [
            [
                " a",
                " I",
                " capital",
                " in",
                ".",
                " Indonesia",
                " the",
                ")."
            ],
            [
                " capital",
                " the",
                " Indonesia",
                " fell",
                " currency",
                " was",
                " landed",
                " but"
            ],
            [
                " Indonesia",
                " capital",
                " but",
                " in",
                " the",
                " staying",
                " on",
                "."
            ],
            [
                " capital",
                " Indonesia",
                " in",
                " the",
                " a",
                " was",
                " to",
                ")."
            ],
            [
                " Indonesia",
                " currency",
                " the",
                " asleep",
                " flight",
                " assignments",
                " capital",
                ")."
            ]
        ]
    }
}