{
    "$schema": "../docs/rationalization.schema.json",
    "id": 43,
    "input-text": [
        "When",
        " my",
        " flight",
        " landed",
        " in",
        " Jamaica",
        ",",
        " I",
        " converted",
        " my",
        " currency",
        " and",
        " slowly",
        " fell",
        " asleep",
        ".",
        " (",
        "I",
        " was",
        " behind",
        " on",
        " a",
        " couple",
        " of",
        " assignments",
        ",",
        " but",
        " I",
        " tried",
        " not",
        " to",
        " think",
        " about",
        " them",
        ").",
        " I",
        " was",
        " staying",
        " in",
        " the",
        " capital",
        ","
    ],
    "input-tokens": [
        2215,
        616,
        5474,
        11406,
        287,
        31620,
        11,
        314,
        11513,
        616,
        7395,
        290,
        6364,
        3214,
        16039,
        13,
        357,
        40,
        373,
        2157,
        319,
        257,
        3155,
        286,
        25815,
        11,
        475,
        314,
        3088,
        407,
        284,
        892,
        546,
        606,
        737,
        314,
        373,
        10589,
        287,
        262,
        3139,
        11
    ],
    "target-text": " Kingston",
    "target-token": 34612,
    "rational-size": 9,
    "rational-positions": [
        0,
        1,
        2,
        3,
        4,
        5,
        6,
        39,
        40
    ],
    "rational-text": [
        "When",
        " my",
        " flight",
        " landed",
        " in",
        " Jamaica",
        ",",
        " the",
        " capital"
    ],
    "rational-tokens": [
        2215,
        616,
        5474,
        11406,
        287,
        31620,
        11,
        262,
        3139
    ],
    "importance-scores": [
        0.0,
        0.0,
        0.0,
        0.0,
        0.0,
        0.4998801052570343,
        0.0,
        0.0,
        0.0,
        0.0,
        0.0,
        0.0,
        0.0,
        0.0,
        0.0,
        0.0,
        0.0,
        0.0,
        0.0,
        0.0,
        0.0,
        0.0,
        0.0,
        0.0,
        0.0,
        1.401298464324817e-45,
        0.0,
        0.0,
        0.0,
        2.802596928649634e-45,
        0.0,
        0.0,
        0.0,
        0.0,
        5.013681336862545e-37,
        0.0,
        7.592935728944021e-41,
        7.006492321624085e-45,
        7.938562282363679e-27,
        2.0713180244328134e-33,
        0.5001198649406433,
        3.2833072504153097e-34
    ],
    "comments": {
        "created-by": "run_analogies.py",
        "args": {
            "model": "gpt2-xl",
            "cache_dir": "cache/",
            "tokenizer": "gpt2-xl",
            "data_dir": "data/analogies/gpt2_xl",
            "importance_results_dir": "rationalization_results/analogies/gpt2_xl_ours/top3_replace0.1_max5000_batch5",
            "device": "cuda",
            "rationalization_config": "config//top3_replace0.1_max5000_batch5.json",
            "input_num_ratio": 1.0,
            "logfolder": "logs/analogies/gpt2_xl_ours/top3_replace0.1_max5000_batch5",
            "loglevel": 20
        },
        "time_elapsed": 658.4055197238922,
        "separate_rational": [
            [
                " Jamaica",
                " capital",
                " in",
                " the",
                ",",
                ").",
                " was",
                " staying"
            ],
            [
                " capital",
                " Jamaica",
                "When",
                " my",
                " flight",
                " landed",
                " in",
                ","
            ],
            [
                " capital",
                " Jamaica",
                "When",
                " my",
                " flight",
                " landed",
                " in",
                ","
            ],
            [
                " capital",
                " Jamaica",
                " the",
                "When",
                " my",
                " flight",
                " landed",
                " in"
            ],
            [
                " Jamaica",
                "When",
                " my",
                " flight",
                " landed",
                " in",
                ",",
                " I"
            ]
        ]
    }
}