{
    "$schema": "../docs/rationalization.schema.json",
    "id": 6,
    "input-text": [
        "When",
        " my",
        " flight",
        " landed",
        " in",
        " Egypt",
        ",",
        " I",
        " converted",
        " my",
        " currency",
        " and",
        " slowly",
        " fell",
        " asleep",
        ".",
        " (",
        "I",
        " had",
        " a",
        " terrifying",
        " dream",
        " about",
        " my",
        " grandmother",
        ",",
        " but",
        " that",
        "'s",
        " a",
        " story",
        " for",
        " another",
        " time",
        ").",
        " I",
        " was",
        " staying",
        " in",
        " the",
        " capital",
        ","
    ],
    "input-tokens": [
        2215,
        616,
        5474,
        11406,
        287,
        6365,
        11,
        314,
        11513,
        616,
        7395,
        290,
        6364,
        3214,
        16039,
        13,
        357,
        40,
        550,
        257,
        17623,
        4320,
        546,
        616,
        18410,
        11,
        475,
        326,
        338,
        257,
        1621,
        329,
        1194,
        640,
        737,
        314,
        373,
        10589,
        287,
        262,
        3139,
        11
    ],
    "target-text": " Cairo",
    "target-token": 23732,
    "rational-size": 10,
    "rational-positions": [
        0,
        1,
        2,
        3,
        4,
        5,
        36,
        38,
        39,
        40
    ],
    "rational-text": [
        "When",
        " my",
        " flight",
        " landed",
        " in",
        " Egypt",
        " was",
        " in",
        " the",
        " capital"
    ],
    "rational-tokens": [
        2215,
        616,
        5474,
        11406,
        287,
        6365,
        373,
        287,
        262,
        3139
    ],
    "importance-scores": [
        1.998673724301625e-07,
        2.8004660812541715e-09,
        2.4578879674663767e-05,
        0.00043010449735447764,
        0.07608796656131744,
        0.02980676293373108,
        9.700687223812565e-05,
        0.001858177944086492,
        3.0485551860692794e-07,
        2.0987511106795864e-07,
        0.02011386677622795,
        9.290659477301233e-07,
        1.4611400445119216e-07,
        6.351525883019349e-08,
        0.0007291873916983604,
        2.490770043550583e-07,
        2.546716189044673e-07,
        9.024180144479033e-06,
        1.2618599612324033e-05,
        1.8668744417027483e-07,
        8.006750431377441e-05,
        5.5739221238582104e-08,
        3.6453697838112475e-09,
        4.797807378054131e-07,
        1.5536514183622785e-05,
        1.2615819855454902e-07,
        3.6924828350493044e-07,
        0.03035079501569271,
        1.128022031338105e-08,
        1.9325982520967955e-06,
        0.0021629827097058296,
        2.0113453501835465e-05,
        0.04138370230793953,
        3.576765084289946e-05,
        3.6402732916940295e-07,
        1.1865614396810997e-05,
        0.0022894376888871193,
        0.00010421738988952711,
        0.001842972356826067,
        0.02099757269024849,
        0.7714214324951172,
        0.00010834600107045844
    ],
    "comments": {
        "created-by": "run_analogies.py",
        "args": {
            "model": "gpt2-xl",
            "cache_dir": "cache/",
            "tokenizer": "gpt2-xl",
            "data_dir": "data/analogies/gpt2_xl",
            "importance_results_dir": "rationalization_results/analogies/gpt2_xl_ours/top3_replace0.1_max5000_batch5",
            "device": "cuda",
            "rationalization_config": "config//top3_replace0.1_max5000_batch5.json",
            "input_num_ratio": 1.0,
            "logfolder": "logs/analogies/gpt2_xl_ours/top3_replace0.1_max5000_batch5",
            "loglevel": 20
        },
        "time_elapsed": 665.4368205070496,
        "separate_rational": [
            [
                " capital",
                " Egypt",
                " the",
                " was",
                "When",
                " my",
                " flight",
                " landed"
            ],
            [
                " capital",
                " Egypt",
                " staying",
                " was",
                " the",
                " story",
                " in",
                " my"
            ],
            [
                " capital",
                " was",
                " slowly",
                " in",
                " the",
                " Egypt",
                ",",
                " asleep"
            ],
            [
                " in",
                " another",
                " that",
                " Egypt",
                " capital",
                " the",
                " currency",
                " was"
            ],
            [
                " capital",
                " Egypt",
                "When",
                " my",
                " flight",
                " landed",
                " in",
                ","
            ]
        ]
    }
}