{
    "$schema": "../docs/rationalization.schema.json",
    "id": 60,
    "input-text": [
        "When",
        " my",
        " flight",
        " landed",
        " in",
        " Austria",
        ",",
        " I",
        " converted",
        " my",
        " currency",
        " and",
        " slowly",
        " fell",
        " asleep",
        ".",
        " (",
        "I",
        " was",
        " behind",
        " on",
        " a",
        " couple",
        " of",
        " assignments",
        ",",
        " but",
        " I",
        " tried",
        " not",
        " to",
        " think",
        " about",
        " them",
        ").",
        " I",
        " was",
        " staying",
        " in",
        " the",
        " capital",
        ","
    ],
    "input-tokens": [
        2215,
        616,
        5474,
        11406,
        287,
        17322,
        11,
        314,
        11513,
        616,
        7395,
        290,
        6364,
        3214,
        16039,
        13,
        357,
        40,
        373,
        2157,
        319,
        257,
        3155,
        286,
        25815,
        11,
        475,
        314,
        3088,
        407,
        284,
        892,
        546,
        606,
        737,
        314,
        373,
        10589,
        287,
        262,
        3139,
        11
    ],
    "target-text": " Vienna",
    "target-token": 23825,
    "rational-size": 10,
    "rational-positions": [
        0,
        1,
        2,
        3,
        5,
        34,
        36,
        38,
        39,
        40
    ],
    "rational-text": [
        "When",
        " my",
        " flight",
        " landed",
        " Austria",
        ").",
        " was",
        " in",
        " the",
        " capital"
    ],
    "rational-tokens": [
        2215,
        616,
        5474,
        11406,
        17322,
        737,
        373,
        287,
        262,
        3139
    ],
    "importance-scores": [
        1.9008534479780792e-07,
        2.2358651041720634e-10,
        1.7837932330035468e-25,
        9.883008989094652e-14,
        2.416746464172089e-16,
        0.2504163682460785,
        1.3662227743892424e-21,
        4.7151887932872475e-21,
        3.286593219797851e-10,
        9.549630629938954e-24,
        0.24924445152282715,
        3.040126185055404e-16,
        3.176947152327595e-16,
        2.482739457543206e-14,
        2.793263882147411e-20,
        2.228711791318004e-22,
        5.586381737028613e-31,
        3.335321269989366e-17,
        1.515016243162137e-25,
        2.9223204322492653e-25,
        1.2352739643858285e-20,
        3.052541019823065e-21,
        2.303043408310632e-15,
        2.6411354985334407e-24,
        1.7944644034595392e-11,
        9.594470272652622e-24,
        2.444927567964595e-15,
        5.079138407729063e-20,
        1.123934465651249e-23,
        1.462987513803964e-24,
        3.042244406420563e-19,
        1.5841239958051977e-17,
        1.7152989029156629e-09,
        1.596805971614836e-15,
        1.2125026538356565e-09,
        4.2181942617666723e-14,
        1.7850698350030392e-11,
        1.4565238053740152e-14,
        3.851393926002089e-10,
        0.0003366314631421119,
        0.500002384185791,
        1.5730200886984084e-17
    ],
    "comments": {
        "created-by": "run_analogies.py",
        "args": {
            "model": "gpt2-xl",
            "cache_dir": "cache/",
            "tokenizer": "gpt2-xl",
            "data_dir": "data/analogies/gpt2_xl",
            "importance_results_dir": "rationalization_results/analogies/gpt2_xl_ours/top3_replace0.1_max5000_batch5",
            "device": "cuda",
            "rationalization_config": "config//top3_replace0.1_max5000_batch5.json",
            "input_num_ratio": 1.0,
            "logfolder": "logs/analogies/gpt2_xl_ours/top3_replace0.1_max5000_batch5",
            "loglevel": 20
        },
        "time_elapsed": 669.1146404743195,
        "separate_rational": [
            [
                " capital",
                " Austria",
                " the",
                ",",
                ").",
                " in",
                " was",
                "When"
            ],
            [
                " Austria",
                " capital",
                " the",
                " was",
                " in",
                "When",
                " my",
                " flight"
            ],
            [
                " capital",
                " Austria",
                " in",
                " the",
                ".",
                " was",
                ").",
                " landed"
            ],
            [
                " Austria",
                "When",
                " my",
                " flight",
                " landed",
                " in",
                ",",
                " I"
            ],
            [
                " currency",
                " Austria",
                " the",
                " capital",
                "When",
                " about",
                ").",
                " converted"
            ]
        ]
    }
}