{
    "$schema": "../docs/rationalization.schema.json",
    "id": 61,
    "input-text": [
        "When",
        " my",
        " flight",
        " landed",
        " in",
        " Poland",
        ",",
        " I",
        " converted",
        " my",
        " currency",
        " and",
        " slowly",
        " fell",
        " asleep",
        ".",
        " (",
        "I",
        " was",
        " behind",
        " on",
        " a",
        " couple",
        " of",
        " assignments",
        ",",
        " but",
        " I",
        " tried",
        " not",
        " to",
        " think",
        " about",
        " them",
        ").",
        " I",
        " was",
        " staying",
        " in",
        " the",
        " capital",
        ","
    ],
    "input-tokens": [
        2215,
        616,
        5474,
        11406,
        287,
        12873,
        11,
        314,
        11513,
        616,
        7395,
        290,
        6364,
        3214,
        16039,
        13,
        357,
        40,
        373,
        2157,
        319,
        257,
        3155,
        286,
        25815,
        11,
        475,
        314,
        3088,
        407,
        284,
        892,
        546,
        606,
        737,
        314,
        373,
        10589,
        287,
        262,
        3139,
        11
    ],
    "target-text": " Warsaw",
    "target-token": 32955,
    "rational-size": 11,
    "rational-positions": [
        0,
        1,
        2,
        3,
        4,
        5,
        36,
        37,
        39,
        40,
        41
    ],
    "rational-text": [
        "When",
        " my",
        " flight",
        " landed",
        " in",
        " Poland",
        " was",
        " staying",
        " the",
        " capital",
        ","
    ],
    "rational-tokens": [
        2215,
        616,
        5474,
        11406,
        287,
        12873,
        373,
        10589,
        262,
        3139,
        11
    ],
    "importance-scores": [
        4.724952206011362e-24,
        1.1758531756450512e-28,
        7.054076058805204e-25,
        6.520317931329972e-34,
        3.747725134311189e-21,
        0.39527684450149536,
        1.049572549779288e-42,
        3.1372714703751826e-26,
        8.688876907591735e-32,
        2.0636690836324083e-28,
        2.343469064282365e-31,
        1.2299404625724876e-27,
        1.566079953341701e-39,
        5.848718221894844e-29,
        7.041757766298635e-33,
        3.718657335817823e-31,
        5.957393585683506e-27,
        1.4554803887180922e-28,
        8.560892037481294e-36,
        5.732274783733365e-34,
        1.972246994731669e-28,
        2.963238445541547e-30,
        2.500939227913999e-31,
        2.8735005425344986e-25,
        1.109688466006908e-24,
        1.4836159586173825e-32,
        7.882355429610583e-38,
        1.6223000474434267e-32,
        1.8625956611288638e-26,
        1.2561889636695107e-38,
        6.0982521789882e-36,
        2.6565136309392665e-35,
        1.2135597966377902e-31,
        1.0632376966040712e-31,
        1.067534894675518e-24,
        3.8276878117096376e-21,
        4.861548674739424e-08,
        1.6464440403564145e-21,
        1.3015390831692507e-23,
        0.2047228366136551,
        0.40000027418136597,
        1.5337942373054673e-27
    ],
    "comments": {
        "created-by": "run_analogies.py",
        "args": {
            "model": "gpt2-xl",
            "cache_dir": "cache/",
            "tokenizer": "gpt2-xl",
            "data_dir": "data/analogies/gpt2_xl",
            "importance_results_dir": "rationalization_results/analogies/gpt2_xl_ours/top3_replace0.1_max5000_batch5",
            "device": "cuda",
            "rationalization_config": "config//top3_replace0.1_max5000_batch5.json",
            "input_num_ratio": 1.0,
            "logfolder": "logs/analogies/gpt2_xl_ours/top3_replace0.1_max5000_batch5",
            "loglevel": 20
        },
        "time_elapsed": 263.31439232826233,
        "separate_rational": [
            [
                " capital",
                " Poland",
                " the",
                "When",
                " my",
                " flight",
                " landed",
                " in"
            ],
            [
                " Poland",
                " capital",
                " was",
                " the",
                " in",
                " I",
                ",",
                " staying"
            ],
            [
                " Poland",
                " the",
                " was",
                " capital",
                " assignments",
                ",",
                ").",
                " on"
            ],
            [
                " capital",
                " Poland",
                "When",
                " my",
                " flight",
                " landed",
                " in",
                ","
            ],
            [
                " the",
                " was",
                " capital",
                " Poland",
                " I",
                " in",
                " staying",
                " in"
            ]
        ]
    }
}