{
    "$schema": "../docs/rationalization.schema.json",
    "id": 62,
    "input-text": [
        "As",
        " soon",
        " as",
        " I",
        " arrived",
        " in",
        " Armenia",
        ",",
        " I",
        " checked",
        " into",
        " my",
        " hotel",
        " and",
        " took",
        " a",
        " long",
        " nap",
        ".",
        " (",
        "I",
        " had",
        " finally",
        " finished",
        " the",
        " book",
        " I",
        " was",
        " reading",
        " and",
        " it",
        " was",
        " amazing",
        ").",
        " I",
        " had",
        " to",
        " figure",
        " out",
        " the",
        " exchange",
        " rate",
        " to",
        " the",
        " local",
        " currency",
        ",",
        " which",
        " is",
        " apparently",
        " called",
        " the"
    ],
    "input-tokens": [
        1722,
        2582,
        355,
        314,
        5284,
        287,
        32369,
        11,
        314,
        10667,
        656,
        616,
        7541,
        290,
        1718,
        257,
        890,
        25422,
        13,
        357,
        40,
        550,
        3443,
        5201,
        262,
        1492,
        314,
        373,
        3555,
        290,
        340,
        373,
        4998,
        737,
        314,
        550,
        284,
        3785,
        503,
        262,
        5163,
        2494,
        284,
        262,
        1957,
        7395,
        11,
        543,
        318,
        5729,
        1444,
        262
    ],
    "target-text": " dram",
    "target-token": 4850,
    "rational-size": 11,
    "rational-positions": [
        0,
        1,
        5,
        6,
        33,
        40,
        43,
        44,
        45,
        50,
        51
    ],
    "rational-text": [
        "As",
        " soon",
        " in",
        " Armenia",
        ").",
        " exchange",
        " the",
        " local",
        " currency",
        " called",
        " the"
    ],
    "rational-tokens": [
        1722,
        2582,
        287,
        32369,
        737,
        5163,
        262,
        1957,
        7395,
        1444,
        262
    ],
    "importance-scores": [
        0.0,
        0.0,
        0.0,
        0.0,
        8.407790785948902e-45,
        7.266749319689891e-38,
        0.5,
        0.0,
        0.0,
        0.0,
        0.0,
        0.0,
        0.0,
        0.0,
        0.0,
        0.0,
        0.0,
        5.605193857299268e-44,
        0.0,
        0.0,
        4.321884723670601e-41,
        0.0,
        0.0,
        0.0,
        0.0,
        0.0,
        0.0,
        0.0,
        0.0,
        0.0,
        0.0,
        0.0,
        0.0,
        6.340493276848729e-38,
        0.0,
        0.0,
        0.0,
        0.0,
        0.0,
        0.0,
        4.040606847341459e-38,
        2.5783891743576634e-43,
        2.802596928649634e-45,
        2.0233314439121898e-29,
        8.537809759493833e-36,
        6.5843202365835385e-24,
        0.0,
        1.8055730712825268e-41,
        0.0,
        0.0,
        0.5,
        9.778897797855374e-14
    ],
    "comments": {
        "created-by": "run_analogies.py",
        "args": {
            "model": "gpt2-xl",
            "cache_dir": "cache/",
            "tokenizer": "gpt2-xl",
            "data_dir": "data/analogies/gpt2_xl",
            "importance_results_dir": "rationalization_results/analogies/gpt2_xl_ours/top3_replace0.1_max5000_batch5",
            "device": "cuda",
            "rationalization_config": "config//top3_replace0.1_max5000_batch5.json",
            "input_num_ratio": 1.0,
            "logfolder": "logs/analogies/gpt2_xl_ours/top3_replace0.1_max5000_batch5",
            "loglevel": 20
        },
        "time_elapsed": 891.7219560146332,
        "separate_rational": [
            [
                " Armenia",
                " called",
                "As",
                " soon",
                " as",
                " I",
                " arrived",
                " in"
            ],
            [
                " Armenia",
                " the",
                " called",
                " currency",
                " local",
                ").",
                "As",
                " soon"
            ],
            [
                " called",
                " the",
                " Armenia",
                " the",
                " currency",
                " local",
                " in",
                " exchange"
            ],
            [
                " Armenia",
                " called",
                " currency",
                " the",
                ").",
                " local",
                " which",
                " rate"
            ],
            [
                " currency",
                " the",
                " Armenia",
                " called",
                " the",
                " exchange",
                " local",
                "As"
            ]
        ]
    }
}