{
    "$schema": "../docs/rationalization.schema.json",
    "id": 67,
    "input-text": [
        "As",
        " soon",
        " as",
        " I",
        " arrived",
        " in",
        " Pennsylvania",
        ",",
        " I",
        " checked",
        " into",
        " my",
        " hotel",
        " and",
        " watched",
        " a",
        " movie",
        " before",
        " falling",
        " asleep",
        ".",
        " (",
        "I",
        " had",
        " a",
        " great",
        " call",
        " with",
        " my",
        " husband",
        ",",
        " although",
        " I",
        " wish",
        " it",
        " were",
        " longer",
        ").",
        " I",
        " was",
        " staying",
        " in",
        " my",
        " favorite",
        " city",
        ","
    ],
    "input-tokens": [
        1722,
        2582,
        355,
        314,
        5284,
        287,
        9589,
        11,
        314,
        10667,
        656,
        616,
        7541,
        290,
        7342,
        257,
        3807,
        878,
        7463,
        16039,
        13,
        357,
        40,
        550,
        257,
        1049,
        869,
        351,
        616,
        5229,
        11,
        3584,
        314,
        4601,
        340,
        547,
        2392,
        737,
        314,
        373,
        10589,
        287,
        616,
        4004,
        1748,
        11
    ],
    "target-text": " Philadelphia",
    "target-token": 8857,
    "rational-size": 8,
    "rational-positions": [
        5,
        6,
        8,
        37,
        38,
        40,
        43,
        44
    ],
    "rational-text": [
        " in",
        " Pennsylvania",
        " I",
        ").",
        " I",
        " staying",
        " favorite",
        " city"
    ],
    "rational-tokens": [
        287,
        9589,
        314,
        737,
        314,
        10589,
        4004,
        1748
    ],
    "importance-scores": [
        0.0001219116966240108,
        3.7234109129258286e-08,
        1.8263884626890103e-08,
        1.6946785308391554e-08,
        1.1376179287481136e-07,
        2.6871337468037382e-05,
        0.11731068044900894,
        7.670060853115501e-08,
        0.00016172869072761387,
        9.363233743897581e-09,
        3.6586864649024164e-09,
        0.001390741323120892,
        7.244826072394517e-09,
        2.0585095850123025e-09,
        1.0678283146603462e-08,
        1.1996365012478805e-09,
        5.05865727973287e-07,
        1.2914453950685356e-09,
        5.9230064408666294e-08,
        1.2667834781154852e-08,
        7.719107131265446e-09,
        5.445932038128376e-05,
        1.0306477093990907e-07,
        4.574201462048677e-09,
        2.187181635804336e-08,
        5.597706831395044e-08,
        1.9594543232415162e-07,
        1.2506851021498733e-07,
        4.6812642651161696e-09,
        4.336538950155955e-07,
        3.4788136815677717e-09,
        2.204543747552634e-08,
        2.663468379182632e-08,
        2.1607140965329563e-08,
        1.2435923053999431e-05,
        1.4508305667959576e-09,
        2.2927349618839798e-07,
        5.947180397924967e-05,
        2.022637545451289e-06,
        1.0902961200542904e-08,
        0.17757196724414825,
        4.658828038373031e-05,
        3.9846418076194823e-07,
        0.3935391902923584,
        0.30969932675361633,
        8.426213327084042e-08
    ],
    "comments": {
        "created-by": "run_analogies.py",
        "args": {
            "model": "gpt2-xl",
            "cache_dir": "cache/",
            "tokenizer": "gpt2-xl",
            "data_dir": "data/analogies/gpt2_xl",
            "importance_results_dir": "rationalization_results/analogies/gpt2_xl_ours/top3_replace0.1_max5000_batch5",
            "device": "cuda",
            "rationalization_config": "config//top3_replace0.1_max5000_batch5.json",
            "input_num_ratio": 1.0,
            "logfolder": "logs/analogies/gpt2_xl_ours/top3_replace0.1_max5000_batch5",
            "loglevel": 20
        },
        "time_elapsed": 201.49762320518494,
        "separate_rational": [
            [
                " favorite",
                " Pennsylvania",
                "As",
                " city",
                ").",
                " in",
                " staying",
                " it"
            ],
            [
                " staying",
                " city",
                " Pennsylvania",
                " I",
                " my",
                " was",
                " arrived",
                " favorite"
            ],
            [
                " favorite",
                " city",
                " Pennsylvania",
                " in",
                " husband",
                " longer",
                ").",
                " staying"
            ],
            [
                " Pennsylvania",
                " city",
                " my",
                " favorite",
                " staying",
                " I",
                " (",
                ")."
            ],
            [
                " city",
                " Pennsylvania",
                ").",
                " I",
                " staying",
                " I",
                " favorite",
                " in"
            ]
        ]
    }
}