{
    "$schema": "../docs/rationalization.schema.json",
    "id": 71,
    "input-text": [
        "As",
        " soon",
        " as",
        " I",
        " arrived",
        " in",
        " Maryland",
        ",",
        " I",
        " checked",
        " into",
        " my",
        " hotel",
        " and",
        " watched",
        " a",
        " movie",
        " before",
        " falling",
        " asleep",
        ".",
        " (",
        "I",
        " had",
        " a",
        " great",
        " call",
        " with",
        " my",
        " husband",
        ",",
        " although",
        " I",
        " wish",
        " it",
        " were",
        " longer",
        ").",
        " I",
        " was",
        " staying",
        " in",
        " my",
        " favorite",
        " city",
        ","
    ],
    "input-tokens": [
        1722,
        2582,
        355,
        314,
        5284,
        287,
        10769,
        11,
        314,
        10667,
        656,
        616,
        7541,
        290,
        7342,
        257,
        3807,
        878,
        7463,
        16039,
        13,
        357,
        40,
        550,
        257,
        1049,
        869,
        351,
        616,
        5229,
        11,
        3584,
        314,
        4601,
        340,
        547,
        2392,
        737,
        314,
        373,
        10589,
        287,
        616,
        4004,
        1748,
        11
    ],
    "target-text": " Baltimore",
    "target-token": 10346,
    "rational-size": 7,
    "rational-positions": [
        4,
        6,
        37,
        39,
        40,
        43,
        44
    ],
    "rational-text": [
        " arrived",
        " Maryland",
        ").",
        " was",
        " staying",
        " favorite",
        " city"
    ],
    "rational-tokens": [
        5284,
        10769,
        737,
        373,
        10589,
        4004,
        1748
    ],
    "importance-scores": [
        1.3232413039077073e-05,
        6.881436274852604e-05,
        7.983308023540303e-06,
        9.313145710621029e-06,
        0.011960352770984173,
        0.0003064571355935186,
        0.20400011539459229,
        2.609538751130458e-05,
        0.002678484655916691,
        5.160404907655902e-05,
        8.758522744756192e-05,
        2.683101047296077e-05,
        9.977327135857195e-05,
        3.989565811934881e-05,
        0.0001186431254609488,
        7.389913662336767e-06,
        8.932674063544255e-06,
        0.0006661972729489207,
        0.00010587855649646372,
        3.4210632293252274e-05,
        2.847711402864661e-05,
        8.33472040540073e-06,
        0.01373973023146391,
        0.00023433046590071172,
        1.740792504278943e-05,
        0.00022230055765248835,
        2.5795220608415548e-06,
        0.00023569197219330817,
        8.182845704141073e-06,
        1.138703191827517e-05,
        1.3177088931115577e-06,
        9.4385059128399e-06,
        2.3845211671869038e-06,
        1.4065570212551393e-05,
        4.577509571390692e-06,
        0.0007705808384343982,
        4.697182885138318e-05,
        0.10410405695438385,
        0.00016682749264873564,
        0.014047632925212383,
        0.11359298229217529,
        0.016482718288898468,
        1.0804034900502302e-05,
        0.5130850076675415,
        0.002668394474312663,
        0.00016603409312665462
    ],
    "comments": {
        "created-by": "run_analogies.py",
        "args": {
            "model": "gpt2-xl",
            "cache_dir": "cache/",
            "tokenizer": "gpt2-xl",
            "data_dir": "data/analogies/gpt2_xl",
            "importance_results_dir": "rationalization_results/analogies/gpt2_xl_ours/top3_replace0.1_max5000_batch5",
            "device": "cuda",
            "rationalization_config": "config//top3_replace0.1_max5000_batch5.json",
            "input_num_ratio": 1.0,
            "logfolder": "logs/analogies/gpt2_xl_ours/top3_replace0.1_max5000_batch5",
            "loglevel": 20
        },
        "time_elapsed": 104.62158489227295,
        "separate_rational": [
            [
                " favorite",
                " in",
                ").",
                " staying",
                " arrived",
                " Maryland",
                " city",
                " falling"
            ],
            [
                " favorite",
                " before",
                ").",
                " city",
                " with",
                " were",
                " I",
                " Maryland"
            ],
            [
                " staying",
                ").",
                " arrived",
                " favorite",
                " was",
                " Maryland",
                " great",
                " city"
            ],
            [
                " favorite",
                " staying",
                " was",
                "I",
                " Maryland",
                " I",
                " city",
                ")."
            ],
            [
                " Maryland",
                " staying",
                " favorite",
                ").",
                " my",
                " was",
                " city",
                " in"
            ]
        ]
    }
}