{
    "$schema": "../docs/rationalization.schema.json",
    "id": 8,
    "input-text": [
        "When",
        " my",
        " flight",
        " landed",
        " in",
        " Cuba",
        ",",
        " I",
        " converted",
        " my",
        " currency",
        " and",
        " slowly",
        " fell",
        " asleep",
        ".",
        " (",
        "I",
        " had",
        " a",
        " terrifying",
        " dream",
        " about",
        " my",
        " grandmother",
        ",",
        " but",
        " that",
        "'s",
        " a",
        " story",
        " for",
        " another",
        " time",
        ").",
        " I",
        " was",
        " staying",
        " in",
        " the",
        " capital",
        ","
    ],
    "input-tokens": [
        2215,
        616,
        5474,
        11406,
        287,
        14159,
        11,
        314,
        11513,
        616,
        7395,
        290,
        6364,
        3214,
        16039,
        13,
        357,
        40,
        550,
        257,
        17623,
        4320,
        546,
        616,
        18410,
        11,
        475,
        326,
        338,
        257,
        1621,
        329,
        1194,
        640,
        737,
        314,
        373,
        10589,
        287,
        262,
        3139,
        11
    ],
    "target-text": " Havana",
    "target-token": 40274,
    "rational-size": 10,
    "rational-positions": [
        1,
        2,
        3,
        5,
        33,
        36,
        37,
        38,
        39,
        40
    ],
    "rational-text": [
        " my",
        " flight",
        " landed",
        " Cuba",
        " time",
        " was",
        " staying",
        " in",
        " the",
        " capital"
    ],
    "rational-tokens": [
        616,
        5474,
        11406,
        14159,
        640,
        373,
        10589,
        287,
        262,
        3139
    ],
    "importance-scores": [
        3.138902983021441e-12,
        3.4679416671679064e-08,
        1.2746224342663481e-07,
        1.0876845408347435e-05,
        8.557769604067289e-08,
        0.398101806640625,
        1.8217971131662125e-08,
        4.410537907117984e-11,
        7.727537013124675e-05,
        2.1851912640480364e-11,
        9.485093599437278e-09,
        1.0503912193163267e-12,
        3.788983363173237e-11,
        3.915537056912999e-13,
        3.2170734964864778e-09,
        6.222394821620014e-10,
        4.3897056128949785e-11,
        1.6572493956979557e-15,
        2.1588505288994142e-11,
        5.157594186802616e-13,
        4.129530495333711e-08,
        4.2766953173289934e-12,
        5.596256422678303e-13,
        1.4740641975270752e-13,
        6.565057742227709e-13,
        6.909453478115557e-12,
        1.2897169226686045e-12,
        2.8223208659028387e-08,
        1.3277899890695721e-09,
        3.4475757360041825e-08,
        2.245958558022565e-10,
        4.361677685693621e-12,
        2.866009651825152e-10,
        8.336616987014711e-12,
        4.823239123652456e-06,
        1.0899168234601575e-09,
        9.637532403529957e-15,
        1.6457857212465177e-12,
        1.968555730209008e-14,
        0.40048283338546753,
        0.2013220340013504,
        5.025624691791866e-14
    ],
    "comments": {
        "created-by": "run_analogies.py",
        "args": {
            "model": "gpt2-xl",
            "cache_dir": "cache/",
            "tokenizer": "gpt2-xl",
            "data_dir": "data/analogies/gpt2_xl",
            "importance_results_dir": "rationalization_results/analogies/gpt2_xl_ours/top3_replace0.1_max5000_batch5",
            "device": "cuda",
            "rationalization_config": "config//top3_replace0.1_max5000_batch5.json",
            "input_num_ratio": 1.0,
            "logfolder": "logs/analogies/gpt2_xl_ours/top3_replace0.1_max5000_batch5",
            "loglevel": 20
        },
        "time_elapsed": 75.42757153511047,
        "separate_rational": [
            [
                " capital",
                " the",
                " staying",
                " that",
                " I",
                " was",
                " in",
                " Cuba"
            ],
            [
                " Cuba",
                " capital",
                " the",
                " converted",
                " landed",
                ").",
                " flight",
                " in"
            ],
            [
                " the",
                " Cuba",
                " capital",
                " time",
                " my",
                " (",
                " but",
                " staying"
            ],
            [
                " the",
                " Cuba",
                " flight",
                " capital",
                " was",
                " grandmother",
                " time",
                " dream"
            ],
            [
                " Cuba",
                " capital",
                " in",
                " the",
                "When",
                " my",
                " flight",
                " landed"
            ]
        ]
    }
}