{
    "$schema": "../docs/rationalization.schema.json",
    "id": 85,
    "input-text": [
        "I",
        " initially",
        " invited",
        " my",
        " sons",
        ",",
        " who",
        " gladly",
        " accepted",
        " my",
        " invitation",
        ".",
        " (",
        "My",
        " favorite",
        " song",
        " just",
        " came",
        " on",
        ",",
        " so",
        " I",
        " was",
        " able",
        " to",
        " relax",
        ").",
        " When",
        " I",
        " learned",
        " that",
        " women",
        " were",
        " allowed",
        ",",
        " I",
        " went",
        " ahead",
        " and",
        " also",
        " invited",
        " my"
    ],
    "input-tokens": [
        40,
        7317,
        9392,
        616,
        11989,
        11,
        508,
        35092,
        6292,
        616,
        17023,
        13,
        357,
        3666,
        4004,
        3496,
        655,
        1625,
        319,
        11,
        523,
        314,
        373,
        1498,
        284,
        8960,
        737,
        1649,
        314,
        4499,
        326,
        1466,
        547,
        3142,
        11,
        314,
        1816,
        4058,
        290,
        635,
        9392,
        616
    ],
    "target-text": " daughters",
    "target-token": 14850,
    "rational-size": 10,
    "rational-positions": [
        2,
        3,
        4,
        7,
        15,
        30,
        31,
        38,
        40,
        41
    ],
    "rational-text": [
        " invited",
        " my",
        " sons",
        " gladly",
        " song",
        " that",
        " women",
        " and",
        " invited",
        " my"
    ],
    "rational-tokens": [
        9392,
        616,
        11989,
        35092,
        3496,
        326,
        1466,
        290,
        9392,
        616
    ],
    "importance-scores": [
        0.02197616919875145,
        0.012771914713084698,
        0.05688241124153137,
        0.0343603789806366,
        0.08874185383319855,
        0.0231960229575634,
        0.013515740633010864,
        0.034866344183683395,
        0.016117604449391365,
        0.014474918134510517,
        0.016068676486611366,
        0.01603451743721962,
        0.018781764432787895,
        0.013963863253593445,
        0.013158872723579407,
        0.024104440584778786,
        0.025851452723145485,
        0.01306370459496975,
        0.024021515622735023,
        0.014980967156589031,
        0.02908898890018463,
        0.01187140867114067,
        0.018527869135141373,
        0.0266575925052166,
        0.013559060171246529,
        0.021447300910949707,
        0.011809216812252998,
        0.031062547117471695,
        0.016949182376265526,
        0.015693537890911102,
        0.028597872704267502,
        0.0692775696516037,
        0.013978150673210621,
        0.015017593279480934,
        0.0077257538214325905,
        0.017217300832271576,
        0.01472519338130951,
        0.013375619426369667,
        0.029086023569107056,
        0.015924613922834396,
        0.04521328955888748,
        0.0362611785531044
    ],
    "comments": {
        "created-by": "run_analogies.py",
        "args": {
            "model": "gpt2-xl",
            "cache_dir": "cache/",
            "tokenizer": "gpt2-xl",
            "data_dir": "data/analogies/gpt2_xl",
            "importance_results_dir": "rationalization_results/analogies/gpt2_xl_ours/top3_replace0.1_max5000_batch5",
            "device": "cuda",
            "rationalization_config": "config//top3_replace0.1_max5000_batch5.json",
            "input_num_ratio": 1.0,
            "logfolder": "logs/analogies/gpt2_xl_ours/top3_replace0.1_max5000_batch5",
            "loglevel": 20
        },
        "time_elapsed": 18.046065092086792,
        "separate_rational": [
            [
                " women",
                " invited",
                " When",
                " my",
                " my",
                " on",
                " sons",
                " that"
            ],
            [
                " able",
                " so",
                " sons",
                " invited",
                " my",
                " invited",
                " went",
                " gladly"
            ],
            [
                " women",
                " invited",
                "I",
                " that",
                " and",
                " song",
                ",",
                " sons"
            ],
            [
                " sons",
                " gladly",
                " invited",
                " women",
                " just",
                " my",
                " invited",
                " song"
            ],
            [
                " invited",
                " sons",
                " and",
                " (",
                " invited",
                " my",
                " my",
                " song"
            ]
        ]
    }
}