{
    "$schema": "../docs/rationalization.schema.json",
    "id": 88,
    "input-text": [
        "I",
        " knew",
        " it",
        " was",
        " big",
        ",",
        " but",
        " that",
        "'s",
        " before",
        " I",
        " saw",
        " it",
        " in",
        " person",
        ".",
        " (",
        "Just",
        " then",
        " I",
        " thought",
        " about",
        " my",
        " ex",
        "-",
        "wife",
        ",",
        " but",
        " I",
        " had",
        " to",
        " stop",
        " thinking",
        " about",
        " her",
        ").",
        " When",
        " I",
        " did",
        " end",
        " up",
        " seeing",
        " it",
        " in",
        " person",
        ",",
        " it",
        " was",
        " even"
    ],
    "input-tokens": [
        40,
        2993,
        340,
        373,
        1263,
        11,
        475,
        326,
        338,
        878,
        314,
        2497,
        340,
        287,
        1048,
        13,
        357,
        5703,
        788,
        314,
        1807,
        546,
        616,
        409,
        12,
        22095,
        11,
        475,
        314,
        550,
        284,
        2245,
        3612,
        546,
        607,
        737,
        1649,
        314,
        750,
        886,
        510,
        4379,
        340,
        287,
        1048,
        11,
        340,
        373,
        772
    ],
    "target-text": " bigger",
    "target-token": 5749,
    "rational-size": 8,
    "rational-positions": [
        0,
        3,
        4,
        22,
        25,
        33,
        47,
        48
    ],
    "rational-text": [
        "I",
        " was",
        " big",
        " my",
        "wife",
        " about",
        " was",
        " even"
    ],
    "rational-tokens": [
        40,
        373,
        1263,
        616,
        22095,
        546,
        373,
        772
    ],
    "importance-scores": [
        0.005246961023658514,
        2.4115331598295597e-06,
        1.0785170161398128e-06,
        2.5678882593638264e-05,
        0.10730620473623276,
        0.0031033619306981564,
        1.1703938980645034e-05,
        5.1955033995909616e-05,
        5.186954581404279e-07,
        1.1838545788123156e-06,
        0.002988263498991728,
        1.2420811799529474e-05,
        0.01866137608885765,
        1.0691153420339106e-06,
        0.00019424287893343717,
        7.0102664722071495e-06,
        0.00044615109800361097,
        1.158722079708241e-05,
        0.0006659006467089057,
        3.329820538056083e-05,
        1.269458493879938e-06,
        2.197867797804065e-05,
        2.5839854060905054e-05,
        3.309958992758766e-05,
        5.126435553393094e-06,
        0.004596384707838297,
        2.355682454435737e-06,
        0.00043303161510266364,
        7.747623749310151e-05,
        0.00023103125568013638,
        0.0005212354008108377,
        6.216369456524262e-06,
        0.00047486956464126706,
        4.9263871915172786e-05,
        0.0009356091031804681,
        1.779562808224e-06,
        0.11960524320602417,
        1.9265165974502452e-05,
        1.2167327440693043e-05,
        2.362183658988215e-05,
        0.0007792108808644116,
        0.0003423969610594213,
        4.7804409405216575e-05,
        7.590079621877521e-05,
        5.447817329695681e-06,
        2.3331347165367333e-06,
        1.5538766092504375e-05,
        0.06085265427827835,
        0.6720294952392578
    ],
    "comments": {
        "created-by": "run_analogies.py",
        "args": {
            "model": "gpt2-xl",
            "cache_dir": "cache/",
            "tokenizer": "gpt2-xl",
            "data_dir": "data/analogies/gpt2_xl",
            "importance_results_dir": "rationalization_results/analogies/gpt2_xl_ours/top3_replace0.1_max5000_batch5",
            "device": "cuda",
            "rationalization_config": "config//top3_replace0.1_max5000_batch5.json",
            "input_num_ratio": 1.0,
            "logfolder": "logs/analogies/gpt2_xl_ours/top3_replace0.1_max5000_batch5",
            "loglevel": 20
        },
        "time_elapsed": 14.494405269622803,
        "separate_rational": [
            [
                " even",
                "Just",
                " big",
                " was",
                " about",
                " was",
                " thinking",
                " my"
            ],
            [
                " When",
                " was",
                " big",
                " even",
                "wife",
                " seeing",
                " about",
                " saw"
            ],
            [
                " even",
                " it",
                " was",
                ",",
                " big",
                "wife",
                " up",
                "I"
            ],
            [
                " even",
                " was",
                " her",
                " big",
                " I",
                " knew",
                " was",
                "I"
            ],
            [
                " even",
                " big",
                "I",
                " I",
                " in",
                " that",
                " it",
                " my"
            ]
        ]
    }
}