{
    "$schema": "../docs/rationalization.schema.json",
    "id": 90,
    "input-text": [
        "I",
        " knew",
        " it",
        " was",
        " cheap",
        ",",
        " but",
        " that",
        "'s",
        " before",
        " I",
        " saw",
        " it",
        " in",
        " person",
        ".",
        " (",
        "Just",
        " then",
        " I",
        " thought",
        " about",
        " my",
        " ex",
        "-",
        "wife",
        ",",
        " but",
        " I",
        " had",
        " to",
        " stop",
        " thinking",
        " about",
        " her",
        ").",
        " When",
        " I",
        " did",
        " end",
        " up",
        " seeing",
        " it",
        " in",
        " person",
        ",",
        " it",
        " was",
        " even"
    ],
    "input-tokens": [
        40,
        2993,
        340,
        373,
        7026,
        11,
        475,
        326,
        338,
        878,
        314,
        2497,
        340,
        287,
        1048,
        13,
        357,
        5703,
        788,
        314,
        1807,
        546,
        616,
        409,
        12,
        22095,
        11,
        475,
        314,
        550,
        284,
        2245,
        3612,
        546,
        607,
        737,
        1649,
        314,
        750,
        886,
        510,
        4379,
        340,
        287,
        1048,
        11,
        340,
        373,
        772
    ],
    "target-text": " cheaper",
    "target-token": 11721,
    "rational-size": 7,
    "rational-positions": [
        1,
        2,
        3,
        4,
        43,
        47,
        48
    ],
    "rational-text": [
        " knew",
        " it",
        " was",
        " cheap",
        " in",
        " was",
        " even"
    ],
    "rational-tokens": [
        2993,
        340,
        373,
        7026,
        287,
        373,
        772
    ],
    "importance-scores": [
        8.42518056742847e-06,
        0.002297243569046259,
        0.0014469258021563292,
        0.019390933215618134,
        0.20467162132263184,
        4.019548578071408e-05,
        3.6696978895633947e-06,
        7.128126640054688e-07,
        0.0010948022827506065,
        4.29109059041366e-05,
        1.1401391930121463e-05,
        1.9096118194283918e-05,
        4.075454853591509e-06,
        3.105461701125023e-06,
        5.48959997104248e-06,
        0.00031029144884087145,
        0.00014060521789360791,
        2.103935685227043e-06,
        7.02447141520679e-06,
        0.00032497779466211796,
        5.1975112000945956e-06,
        6.5420485952927265e-06,
        4.690292826126097e-06,
        4.4533251639222726e-05,
        1.685706934040354e-06,
        3.611563806771301e-05,
        0.0008860997622832656,
        0.00013577844947576523,
        0.00010641099652275443,
        0.00020471797324717045,
        2.3739169137115823e-06,
        0.0023034282494336367,
        7.727302545390557e-06,
        0.00034970155684277415,
        0.0001265422033611685,
        0.00014419041690416634,
        2.3282034817384556e-05,
        0.00020463296095840633,
        3.82828648071154e-06,
        0.006462352816015482,
        3.943203410017304e-05,
        1.0205838407273404e-05,
        2.2936370442039333e-05,
        0.00011077732779085636,
        0.00023313579731620848,
        2.2245460058911704e-05,
        6.892067904118448e-05,
        0.19894036650657654,
        0.559666633605957
    ],
    "comments": {
        "created-by": "run_analogies.py",
        "args": {
            "model": "gpt2-xl",
            "cache_dir": "cache/",
            "tokenizer": "gpt2-xl",
            "data_dir": "data/analogies/gpt2_xl",
            "importance_results_dir": "rationalization_results/analogies/gpt2_xl_ours/top3_replace0.1_max5000_batch5",
            "device": "cuda",
            "rationalization_config": "config//top3_replace0.1_max5000_batch5.json",
            "input_num_ratio": 1.0,
            "logfolder": "logs/analogies/gpt2_xl_ours/top3_replace0.1_max5000_batch5",
            "loglevel": 20
        },
        "time_elapsed": 24.728757619857788,
        "separate_rational": [
            [
                " was",
                " even",
                " was",
                " knew",
                " in",
                ",",
                " before",
                " cheap"
            ],
            [
                " cheap",
                " was",
                " even",
                " my",
                " was",
                " knew",
                " had",
                " it"
            ],
            [
                " even",
                " was",
                " cheap",
                " I",
                " was",
                " in",
                " it",
                " it"
            ],
            [
                " even",
                " was",
                " cheap",
                " it",
                " knew",
                "-",
                " up",
                "I"
            ],
            [
                " even",
                " was",
                " end",
                " cheap",
                " stop",
                " knew",
                " it",
                " was"
            ]
        ]
    }
}