{
    "$schema": "../docs/rationalization.schema.json",
    "id": 98,
    "input-text": [
        "I",
        " knew",
        " it",
        " was",
        " hot",
        ",",
        " but",
        " that",
        "'s",
        " before",
        " I",
        " saw",
        " it",
        " in",
        " person",
        ".",
        " (",
        "Just",
        " then",
        " I",
        " thought",
        " about",
        " my",
        " ex",
        "-",
        "wife",
        ",",
        " but",
        " I",
        " had",
        " to",
        " stop",
        " thinking",
        " about",
        " her",
        ").",
        " When",
        " I",
        " did",
        " end",
        " up",
        " seeing",
        " it",
        " in",
        " person",
        ",",
        " it",
        " was",
        " even"
    ],
    "input-tokens": [
        40,
        2993,
        340,
        373,
        3024,
        11,
        475,
        326,
        338,
        878,
        314,
        2497,
        340,
        287,
        1048,
        13,
        357,
        5703,
        788,
        314,
        1807,
        546,
        616,
        409,
        12,
        22095,
        11,
        475,
        314,
        550,
        284,
        2245,
        3612,
        546,
        607,
        737,
        1649,
        314,
        750,
        886,
        510,
        4379,
        340,
        287,
        1048,
        11,
        340,
        373,
        772
    ],
    "target-text": " hotter",
    "target-token": 37546,
    "rational-size": 8,
    "rational-positions": [
        1,
        2,
        3,
        4,
        5,
        13,
        47,
        48
    ],
    "rational-text": [
        " knew",
        " it",
        " was",
        " hot",
        ",",
        " in",
        " was",
        " even"
    ],
    "rational-tokens": [
        2993,
        340,
        373,
        3024,
        11,
        287,
        373,
        772
    ],
    "importance-scores": [
        7.535569390704211e-10,
        1.679994966252707e-06,
        2.1511161321541294e-05,
        8.651239795653964e-07,
        0.29179197549819946,
        1.4582390850392812e-09,
        9.458656080596484e-10,
        1.643057657929603e-05,
        3.206687167319963e-15,
        1.0716695086898653e-08,
        3.3030585211424324e-11,
        1.0802844079352281e-13,
        4.7314422345345886e-12,
        1.6304461307545953e-13,
        7.431464569152696e-14,
        8.727392113573422e-15,
        4.318209903431125e-05,
        2.4738672482066404e-12,
        3.607013911730364e-14,
        9.114295369679823e-18,
        1.2153848890847363e-12,
        4.0754850666110953e-13,
        1.2691872086634248e-07,
        4.4039005331342196e-08,
        1.616225260721825e-15,
        2.479238602609568e-13,
        6.932476814824895e-11,
        2.698968869577212e-12,
        4.780371654078408e-10,
        1.2795561763194897e-14,
        1.289300133322513e-08,
        6.136883934173046e-16,
        7.865703921527967e-11,
        9.056111031436123e-14,
        4.341717090017294e-12,
        2.1539806311937992e-17,
        4.295460200639395e-13,
        4.494778715891101e-10,
        2.7999954785307146e-14,
        9.564313317028672e-13,
        7.814876849111905e-16,
        1.734858778945636e-05,
        6.039969913107512e-11,
        2.3429219312256014e-14,
        4.152294508230625e-09,
        1.9211716404074846e-17,
        3.971922524215188e-08,
        1.827689777300634e-09,
        0.7081068158149719
    ],
    "comments": {
        "created-by": "run_analogies.py",
        "args": {
            "model": "gpt2-xl",
            "cache_dir": "cache/",
            "tokenizer": "gpt2-xl",
            "data_dir": "data/analogies/gpt2_xl",
            "importance_results_dir": "rationalization_results/analogies/gpt2_xl_ours/top3_replace0.1_max5000_batch5",
            "device": "cuda",
            "rationalization_config": "config//top3_replace0.1_max5000_batch5.json",
            "input_num_ratio": 1.0,
            "logfolder": "logs/analogies/gpt2_xl_ours/top3_replace0.1_max5000_batch5",
            "loglevel": 20
        },
        "time_elapsed": 30.983103275299072,
        "separate_rational": [
            [
                " hot",
                " even",
                ",",
                " about",
                " it",
                " in",
                " did",
                ","
            ],
            [
                " even",
                " hot",
                " (",
                " it",
                " seeing",
                " that",
                " was",
                " my"
            ],
            [
                " even",
                " knew",
                " hot",
                " ex",
                " was",
                " to",
                " person",
                " was"
            ],
            [
                " even",
                " was",
                " her",
                " it",
                " hot",
                " knew",
                " it",
                " in"
            ],
            [
                " even",
                " was",
                ",",
                " hot",
                "I",
                " knew",
                " it",
                " was"
            ]
        ]
    }
}