target_pos,target_token,norm_suff,random_suff,norm_comp,random_comp
33, in,0.004496130160987377,0.006342004053294659,0.05245440453290939,0.053332164883613586
35, in,0.12390227615833282,0.06594845652580261,0.04381033033132553,0.021974710747599602
37, United,0.0,0.00017813545127864927,0.0019099584314972162,0.009257066994905472
39,.,0.0,0.0,0.006366373971104622,0.008120688609778881
41, is,0.0,0.003798149526119232,0.027328073978424072,0.017074422910809517
