norm_suff_mean,random_suff_mean,norm_comp_mean,random_comp_mean,final suff,final comp,target_tokens
0.025679681450128555,0.015253349207341671,0.02637382782995701,0.021951811388134956,1.6835438013076782,0.8548319339752197, in$ in$ United$.$ is
