target_pos,target_token,norm_suff,random_suff,norm_comp,random_comp
17, in,0.06485866010189056,0.034360699355602264,0.04357105493545532,0.07872617989778519
19,75,0.0,0.0,0.047089215368032455,0.05998658016324043
21, and,0.07427147775888443,0.06080736592411995,0.032755251973867416,0.019973326474428177
23, located,0.02491890825331211,0.036984883248806,0.03030068427324295,0.06749087572097778
25, Ottawa,0.0,0.007027477957308292,0.036374252289533615,0.016695531085133553
