norm_suff_mean,random_suff_mean,norm_comp_mean,random_comp_mean,final suff,final comp,target_tokens
0.03280980885028839,0.027836084365844727,0.03801809251308441,0.048574499785900116,1.1786789894104004,1.4804871082305908, in$75$ and$ located$ Ottawa
