target_pos,target_token,norm_suff,random_suff,norm_comp,random_comp
15, or,0.0037515575531870127,0.0,0.09241140633821487,0.07475960999727249
17,com,0.09792424738407135,0.07664566487073898,0.19416925311088562,0.10604880750179291
19,.,0.03854794800281525,0.11221421509981155,0.03309166431427002,0.03678017482161522
21, genus,0.0,0.037049345672130585,0.10080709308385849,0.058896128088235855
23,ill,0.0043641082011163235,0.000969701970461756,0.0061054229736328125,0.002679102588444948
