norm_suff_mean,random_suff_mean,norm_comp_mean,random_comp_mean,final suff,final comp,target_tokens
0.028917571529746056,0.04537578672170639,0.0853169709444046,0.055832769721746445,0.6372907757759094,1.930755853652954, or$com$.$ genus$ill
