target_pos,target_token,norm_suff,random_suff,norm_comp,random_comp
20, and,0.09326473623514175,0.0063035739585757256,0.12539438903331757,0.05426808074116707
22, pr,0.0,0.0,0.04602110758423805,0.05695883184671402
24, of,0.09262639284133911,0.028319863602519035,0.02785968780517578,0.03194991499185562
26, Ecc,0.011920834891498089,0.002139217685908079,0.10214944183826447,0.05681444704532623
28, Province,0.0037017674185335636,0.0,0.07409733533859253,0.02711627446115017
