norm_suff_mean,random_suff_mean,norm_comp_mean,random_comp_mean,final suff,final comp,target_tokens
0.04030274972319603,0.0073525309562683105,0.07510439306497574,0.04542151093482971,5.481479644775391,1.1270077228546143, and$ pr$ of$ Ecc$ Province
