target_pos,target_token,norm_suff,random_suff,norm_comp,random_comp
21, (,0.054095275700092316,0.010855302214622498,0.08484264463186264,0.13048729300498962
23,",",0.0,0.06422305852174759,0.042555976659059525,0.013398958370089531
25, km,0.003665100783109665,0.0,0.03716222196817398,0.036890920251607895
27, west,0.01030261255800724,0.0,0.016948284581303596,0.06465329974889755
29, the,0.04327114298939705,0.0,0.049193669110536575,0.05407802388072014
