norm_suff_mean,random_suff_mean,norm_comp_mean,random_comp_mean,final suff,final comp,target_tokens
0.022266827523708344,0.015015671961009502,0.046140559017658234,0.059901703149080276,1.4829058647155762,2.6901767253875732," ($,$ km$ west$ the"
