target_pos,target_token,norm_suff,random_suff,norm_comp,random_comp
25, by,0.029018109664320946,0.0,0.05704164877533913,0.038672007620334625
27, B,0.09444531053304672,0.018811125308275223,0.330769807100296,0.10639666020870209
29,en,0.02559904009103775,0.21980804204940796,0.12382393330335617,0.006483643315732479
31, Mel,0.0,0.0,0.2607763111591339,0.11960894614458084
33, Wall,0.02506924234330654,0.02481330931186676,0.5882489681243896,0.03236399218440056
