norm_suff_mean,random_suff_mean,norm_comp_mean,random_comp_mean,final suff,final comp,target_tokens
0.03482633829116821,0.05268649384379387,0.27213212847709656,0.060705047100782394,0.6610107421875,1.7430787086486816, by$ B$en$ Mel$ Wall
