target_pos,target_token,norm_suff,random_suff,norm_comp,random_comp
21, by,0.007714696694165468,0.0,0.16071031987667084,0.11489250510931015
23, American,0.0012133875861763954,0.0,0.14365990459918976,0.10703804343938828
25, industry,0.03498087078332901,0.01593049243092537,0.08604216575622559,0.05353721231222153
27, It,0.0058341980911791325,0.004440004471689463,0.03137991204857826,0.07227930426597595
29, given,0.006420047488063574,0.0,0.13310720026493073,0.07264743745326996
