norm_suff_mean,random_suff_mean,norm_comp_mean,random_comp_mean,final suff,final comp,target_tokens
0.011232640594244003,0.004074099473655224,0.11097989231348038,0.08407890051603317,2.7570855617523193,7.485229969024658, by$ American$ industry$ It$ given
