target_pos,target_token,norm_suff,random_suff,norm_comp,random_comp
27, The,0.0,0.028875449672341347,0.027938777580857277,0.02618582919239998
29,eng,0.014573117718100548,0.008082656189799309,0.07419448345899582,0.024624541401863098
31, period,0.0713224858045578,0.07003600895404816,0.07322710007429123,0.04906270653009415
33, a,0.1784636527299881,0.049740757793188095,0.05018313601613045,0.021166101098060608
35, of,0.0458657406270504,0.019287480041384697,0.01565595157444477,0.01745612919330597
