norm_suff_mean,random_suff_mean,norm_comp_mean,random_comp_mean,final suff,final comp,target_tokens
0.06204500421881676,0.03520447015762329,0.04823989048600197,0.02769905887544155,1.7624183893203735,0.44643494486808777, The$eng$ period$ a$ of
