target_pos,target_token,norm_suff,random_suff,norm_comp,random_comp
17, at,0.05254484340548515,0.009687449783086777,0.031057465821504593,0.0542377308011055
19, top,0.0,0.0,0.04071115329861641,0.04458890110254288
21, the,0.0,0.006385345943272114,0.03925707936286926,0.04227813705801964
23, social,0.014926254749298096,0.01094900630414486,0.05220682546496391,0.13798289000988007
25,.,0.17192073166370392,0.1621248722076416,0.027592815458774567,0.010724550113081932
