norm_suff_mean,random_suff_mean,norm_comp_mean,random_comp_mean,final suff,final comp,target_tokens
0.047878365963697433,0.037829335778951645,0.03816507011651993,0.05796244367957115,1.265641212463379,1.2106186151504517, at$ top$ the$ social$.
