target_pos,target_token,norm_suff,random_suff,norm_comp,random_comp
16, is,0.0,0.087394580245018,0.16317182779312134,0.12733063101768494
18, species,0.0010160943493247032,0.00786100048571825,0.031993329524993896,0.06168751046061516
20, lobster,0.02758556231856346,0.0,0.06350643932819366,0.07116147875785828
22, the,0.0,0.022946037352085114,0.00313781900331378,0.007104251068085432
24, Neph,0.01371063757687807,0.016306549310684204,0.3372856676578522,0.06462886184453964
