norm_suff_mean,random_suff_mean,norm_comp_mean,random_comp_mean,final suff,final comp,target_tokens
0.008462458848953247,0.02690163254737854,0.1198190227150917,0.06638254970312119,0.31457045674324036,7.844357013702393, is$ species$ lobster$ the$ Neph
