target_pos,target_token,norm_suff,random_suff,norm_comp,random_comp
12, They,0.0,0.0,0.046580031514167786,0.07579068094491959
14, used,0.0,0.007836945354938507,0.06977656483650208,0.057383984327316284
16, cooking,0.0,0.0,0.0694805458188057,0.06982749700546265
18, as,0.049240224063396454,0.05145297572016716,0.10870416462421417,0.061461273580789566
20, lubric,0.0,0.0,0.0905219092965126,0.043594297021627426
