norm_suff_mean,random_suff_mean,norm_comp_mean,random_comp_mean,final suff,final comp,target_tokens
0.00984804518520832,0.011857984587550163,0.07701265066862106,0.06161154434084892,0.8304990530014038,6.256220817565918, They$ used$ cooking$ as$ lubric
