target_pos,target_token,norm_suff,random_suff,norm_comp,random_comp
20, until,0.012827634811401367,0.010903819464147091,0.029740631580352783,0.08646580576896667
22, French,0.0,0.0,0.03685666248202324,0.04005631431937218
24, in,0.10771439969539642,0.07236181944608688,0.024331357330083847,0.023052595555782318
26,89,0.0,6.759396637789905e-05,0.05626416578888893,0.07187466323375702
28, The,0.03793537616729736,0.04303896427154541,0.03942419961094856,0.021963773295283318
