norm_suff_mean,random_suff_mean,norm_comp_mean,random_comp_mean,final suff,final comp,target_tokens
0.03169548138976097,0.02527443878352642,0.03732340410351753,0.04868263006210327,1.2540528774261475,1.535948634147644, until$ French$ in$89$ The
