target_pos,target_token,norm_suff,random_suff,norm_comp,random_comp
15, who,0.02938062697649002,0.0,0.08623471856117249,0.07385832816362381
17, appeared,0.0,0.0,0.023454243317246437,0.015267741866409779
19, many,0.0,0.0,0.0340321846306324,0.0334104485809803
21, television,0.0,0.029527822509407997,0.03491444140672684,0.04182004556059837
23, and,0.0853835865855217,0.04739391803741455,0.02841792069375515,0.02676004357635975
