norm_suff_mean,random_suff_mean,norm_comp_mean,random_comp_mean,final suff,final comp,target_tokens
0.022952843457460403,0.01538434810936451,0.04141070321202278,0.03822332248091698,1.4919607639312744,1.6652978658676147, who$ appeared$ many$ television$ and
