target_pos,target_token,norm_suff,random_suff,norm_comp,random_comp
15, developed,0.0,0.0,0.030334779992699623,0.06417905539274216
17, published,0.001829533837735653,0.0005691148689948022,0.01576915755867958,0.008262496441602707
19, Nintendo,0.0,0.0,0.01852121762931347,0.031471095979213715
21, the,0.025467857718467712,0.005779330153018236,0.011906205676496029,0.04447019845247269
23, Boy,0.016223015263676643,0.002564226510003209,0.009706521406769753,0.0035674581304192543
