norm_suff_mean,random_suff_mean,norm_comp_mean,random_comp_mean,final suff,final comp,target_tokens
0.008704081177711487,0.0017825342947617173,0.017247576266527176,0.0303900595754385,4.882980823516846,3.4914724826812744, developed$ published$ Nintendo$ the$ Boy
