target_pos,target_token,norm_suff,random_suff,norm_comp,random_comp
24, of,0.0372408963739872,0.03956199809908867,0.08163323253393173,0.05219424143433571
26, Mint,0.001677258056588471,0.0010511273285374045,0.09050256013870239,0.011837060563266277
28, 18,0.018250681459903717,0.003466075984761119,0.04636763781309128,0.07409849017858505
30, to,0.02142876200377941,0.028502706438302994,0.00893209595233202,0.006440833210945129
32,.,0.09032995253801346,0.0,0.013664904981851578,0.014122596010565758
