norm_suff_mean,random_suff_mean,norm_comp_mean,random_comp_mean,final suff,final comp,target_tokens
0.033785510808229446,0.014516382478177547,0.048220086842775345,0.03173864632844925,2.3274056911468506,0.9394159317016602, of$ Mint$ 18$ to$.
