target_pos,target_token,norm_suff,random_suff,norm_comp,random_comp
11, and,0.14388462901115417,0.0,0.03538300842046738,0.0923018604516983
13, the,0.0,0.028634872287511826,0.04043273255228996,0.039706721901893616
15, program,0.03455430641770363,0.0,0.13628046214580536,0.10837361216545105
17, scientific,0.04964618757367134,0.023967843502759933,0.34867721796035767,0.10305143892765045
19,.,0.10205145925283432,0.1062496080994606,0.04364015907049179,0.03326195105910301
