norm_suff_mean,random_suff_mean,norm_comp_mean,random_comp_mean,final suff,final comp,target_tokens
0.06602732092142105,0.03177046403288841,0.12088272720575333,0.07533911615610123,2.078261137008667,1.1410294771194458, and$ the$ program$ scientific$.
