target_pos,target_token,norm_suff,random_suff,norm_comp,random_comp
20, thick,0.03286037594079971,0.007886402308940887,0.14596310257911682,0.2018737941980362
22, The,0.027281329035758972,0.0008087318856269121,0.025805599987506866,0.0361303985118866
24, is,0.0348573699593544,0.0,0.05185093730688095,0.06110063195228577
26, to,0.09659302979707718,0.09930203855037689,0.021958885714411736,0.02979535423219204
28, a,0.12129240483045578,0.06427004933357239,0.09754550457000732,0.02981211245059967
