norm_suff_mean,random_suff_mean,norm_comp_mean,random_comp_mean,final suff,final comp,target_tokens
0.06257690489292145,0.03445344790816307,0.06862480938434601,0.0717424601316452,1.8162740468978882,1.1464686393737793, thick$ The$ is$ to$ a
