target_pos,target_token,norm_suff,random_suff,norm_comp,random_comp
21, for,0.05584301799535751,0.0,0.14385837316513062,0.13698279857635498
23, Los,0.019749730825424194,0.0,0.028618404641747475,0.07381899654865265
25, Dodgers,0.005507584195584059,0.005476964637637138,0.06483873724937439,0.06835465878248215
27, Major,0.0007075550965964794,0.002106462139636278,0.0380982905626297,0.02133890986442566
29, Baseball,0.0005834983894601464,0.0012263639364391565,0.006492698099464178,0.004156732931733131
