norm_suff_mean,random_suff_mean,norm_comp_mean,random_comp_mean,final suff,final comp,target_tokens
0.0164782777428627,0.001761958235874772,0.05638130381703377,0.06093041971325874,9.352252006530762,3.6976206302642822, for$ Los$ Dodgers$ Major$ Baseball
