{
    "$schema": "../docs/rationalization.schema.json",
    "id": 11,
    "input-text": [
        "When",
        " my",
        " flight",
        " landed",
        " in",
        " England",
        ",",
        " I",
        " converted",
        " my",
        " currency",
        " and",
        " slowly",
        " fell",
        " asleep",
        ".",
        " (",
        "I",
        " had",
        " a",
        " terrifying",
        " dream",
        " about",
        " my",
        " grandmother",
        ",",
        " but",
        " that",
        "'s",
        " a",
        " story",
        " for",
        " another",
        " time",
        ").",
        " I",
        " was",
        " staying",
        " in",
        " the",
        " capital",
        ","
    ],
    "input-tokens": [
        2215,
        616,
        5474,
        11406,
        287,
        4492,
        11,
        314,
        11513,
        616,
        7395,
        290,
        6364,
        3214,
        16039,
        13,
        357,
        40,
        550,
        257,
        17623,
        4320,
        546,
        616,
        18410,
        11,
        475,
        326,
        338,
        257,
        1621,
        329,
        1194,
        640,
        737,
        314,
        373,
        10589,
        287,
        262,
        3139,
        11
    ],
    "target-text": " London",
    "target-token": 3576,
    "rational-size": 15,
    "rational-positions": [
        0,
        2,
        4,
        5,
        7,
        10,
        26,
        33,
        34,
        35,
        36,
        37,
        38,
        39,
        40
    ],
    "rational-text": [
        "When",
        " flight",
        " in",
        " England",
        " I",
        " currency",
        " but",
        " time",
        ").",
        " I",
        " was",
        " staying",
        " in",
        " the",
        " capital"
    ],
    "rational-tokens": [
        2215,
        5474,
        287,
        4492,
        314,
        7395,
        475,
        640,
        737,
        314,
        373,
        10589,
        287,
        262,
        3139
    ],
    "importance-scores": [
        0.025000074878335,
        4.434622951521305e-06,
        0.07747572660446167,
        8.441881800536066e-05,
        9.976890578400344e-05,
        0.3151712119579315,
        9.545412638090056e-08,
        0.007789330091327429,
        8.22222136775963e-06,
        8.561819413444027e-06,
        1.930779944814276e-07,
        2.2244850697461516e-05,
        2.824991796046561e-08,
        4.820245891323793e-08,
        5.01805175190384e-07,
        9.99087751551997e-06,
        5.993158993078396e-06,
        1.1307523664072505e-06,
        1.0590940746624256e-06,
        4.3031801055803953e-07,
        8.683198871040076e-07,
        0.0002920977713074535,
        5.248912060551447e-08,
        9.632438741391525e-05,
        0.004139328841120005,
        1.2004830978185055e-06,
        9.388483158545569e-05,
        1.9491442799335346e-05,
        0.0005055966903455555,
        1.7170362980323262e-06,
        2.0974301406795348e-08,
        4.060590583776502e-07,
        1.0379524795212092e-08,
        4.6315912186400965e-05,
        0.098752960562706,
        0.007342481520026922,
        0.18424364924430847,
        0.028564397245645523,
        0.0007729848730377853,
        2.181102672693669e-06,
        0.24943199753761292,
        8.574068488087505e-06
    ],
    "comments": {
        "created-by": "run_analogies.py",
        "args": {
            "model": "gpt2-medium",
            "cache_dir": "cache/",
            "tokenizer": "gpt2-medium",
            "data_dir": "data/analogies/gpt2/",
            "importance_results_dir": "rationalization_results/analogies/gpt2_ours/top3_replace0.1_max5000_batch10",
            "device": "cuda",
            "rationalization_config": "config/gpt2/top3_replace0.1_max5000_batch10.json",
            "input_num_ratio": 1.0,
            "logfolder": "logs/analogies/gpt2_ours/top3_replace0.1_max5000_batch10",
            "loglevel": 20
        },
        "time_elapsed": 55.148834228515625,
        "separate_rational": [
            [
                " was",
                " England",
                " capital",
                " time",
                " in",
                " but",
                " the",
                ")."
            ],
            [
                " England",
                " capital",
                " in",
                ").",
                " I",
                " was",
                "When",
                " the"
            ],
            [
                " England",
                " was",
                "When",
                " grandmother",
                " in",
                " staying",
                " capital",
                " and"
            ],
            [
                " England",
                " capital",
                " (",
                " flight",
                " I",
                ").",
                " in",
                " the"
            ],
            [
                " capital",
                " England",
                " was",
                " I",
                " the",
                " in",
                " in",
                ")."
            ],
            [
                " England",
                ").",
                " was",
                " the",
                " capital",
                " in",
                " asleep",
                " time"
            ],
            [
                " capital",
                " staying",
                " I",
                ").",
                " in",
                " was",
                " in",
                " England"
            ],
            [
                " flight",
                " I",
                " I",
                " England",
                " capital",
                "'s",
                " dream",
                " in"
            ],
            [
                ").",
                " staying",
                " I",
                " capital",
                " I",
                " was",
                " in",
                " currency"
            ],
            [
                " was",
                " England",
                " but",
                " landed",
                " capital",
                " in",
                " currency",
                " the"
            ]
        ]
    }
}