{
    "$schema": "../docs/rationalization.schema.json",
    "id": 116,
    "input-text": [
        "I",
        " had",
        " never",
        " been",
        " friends",
        " with",
        " any",
        " Australian",
        " people",
        " before",
        ".",
        " (",
        "The",
        " funn",
        "iest",
        " thing",
        " happened",
        " to",
        " me",
        " the",
        " other",
        " day",
        ",",
        " but",
        " that",
        "'s",
        " a",
        " story",
        " for",
        " another",
        " time",
        ").",
        " In",
        " fact",
        ",",
        " I",
        " had",
        " never",
        " even",
        " been",
        " to"
    ],
    "input-tokens": [
        40,
        550,
        1239,
        587,
        2460,
        351,
        597,
        6638,
        661,
        878,
        13,
        357,
        464,
        36090,
        6386,
        1517,
        3022,
        284,
        502,
        262,
        584,
        1110,
        11,
        475,
        326,
        338,
        257,
        1621,
        329,
        1194,
        640,
        737,
        554,
        1109,
        11,
        314,
        550,
        1239,
        772,
        587,
        284
    ],
    "target-text": " Australia",
    "target-token": 4505,
    "rational-size": 21,
    "rational-positions": [
        4,
        5,
        6,
        7,
        9,
        14,
        15,
        21,
        23,
        24,
        25,
        26,
        27,
        28,
        31,
        32,
        33,
        37,
        38,
        39,
        40
    ],
    "rational-text": [
        " friends",
        " with",
        " any",
        " Australian",
        " before",
        "iest",
        " thing",
        " day",
        " but",
        " that",
        "'s",
        " a",
        " story",
        " for",
        ").",
        " In",
        " fact",
        " never",
        " even",
        " been",
        " to"
    ],
    "rational-tokens": [
        2460,
        351,
        597,
        6638,
        878,
        6386,
        1517,
        1110,
        475,
        326,
        338,
        257,
        1621,
        329,
        737,
        554,
        1109,
        1239,
        772,
        587,
        284
    ],
    "importance-scores": [
        0.002002827124670148,
        0.0054880655370652676,
        0.001460735802538693,
        0.004447827115654945,
        0.07484176009893417,
        0.07549277693033218,
        0.01865570619702339,
        0.1444307118654251,
        0.0018417838728055358,
        0.004012236371636391,
        0.0011906807776540518,
        0.0030307131819427013,
        0.006315978709608316,
        0.005212062504142523,
        0.006599498447030783,
        0.013858119957149029,
        0.0012528181541711092,
        0.001821308396756649,
        0.002073651412501931,
        0.004781915340572596,
        0.002153513254597783,
        0.005956297740340233,
        0.011995760723948479,
        0.0067069148644804955,
        0.007741705980151892,
        0.0030415805522352457,
        0.00396657083183527,
        0.03389298543334007,
        0.00398772768676281,
        0.0013712056679651141,
        0.0026860320940613747,
        0.020589513704180717,
        0.019734086468815804,
        0.003559942590072751,
        0.046051234006881714,
        0.0010446399683132768,
        0.0022637497168034315,
        0.16075430810451508,
        0.00688411807641387,
        0.2445942461490631,
        0.03221271187067032
    ],
    "comments": {
        "created-by": "run_analogies.py",
        "args": {
            "model": "gpt2-medium",
            "cache_dir": "cache/",
            "tokenizer": "gpt2-medium",
            "data_dir": "data/analogies/gpt2/",
            "importance_results_dir": "rationalization_results/analogies/gpt2_ours/top3_replace0.1_max5000_batch10",
            "device": "cuda",
            "rationalization_config": "config/gpt2/top3_replace0.1_max5000_batch10.json",
            "input_num_ratio": 1.0,
            "logfolder": "logs/analogies/gpt2_ours/top3_replace0.1_max5000_batch10",
            "loglevel": 20
        },
        "time_elapsed": 5.194997072219849,
        "separate_rational": [
            [
                " friends",
                " any",
                " Australian",
                " that",
                "The",
                " never",
                " but",
                " been"
            ],
            [
                " friends",
                ").",
                " been",
                " Australian",
                " had",
                " never",
                " to",
                " fact"
            ],
            [
                ",",
                " to",
                " Australian",
                " been",
                " thing",
                " a",
                " never",
                " friends"
            ],
            [
                " been",
                " before",
                " friends",
                " that",
                " to",
                " Australian",
                ").",
                " fact"
            ],
            [
                " with",
                ",",
                " Australian",
                " day",
                " funn",
                " but",
                " even",
                " before"
            ],
            [
                " never",
                " been",
                " thing",
                " Australian",
                ").",
                " story",
                "iest",
                " for"
            ],
            [
                " never",
                " In",
                " Australian",
                " been",
                " to",
                " fact",
                "'s",
                ")."
            ],
            [
                " been",
                "'s",
                " day",
                " for",
                " Australian",
                " me",
                " a",
                "iest"
            ],
            [
                " Australian",
                " In",
                " day",
                " never",
                " with",
                " before",
                " friends",
                " been"
            ],
            [
                " never",
                " story",
                " with",
                " Australian",
                " been",
                " even",
                " time",
                " any"
            ]
        ]
    }
}