{
    "$schema": "../docs/rationalization.schema.json",
    "id": 118,
    "input-text": [
        "I",
        " had",
        " never",
        " been",
        " friends",
        " with",
        " any",
        " Brazilian",
        " people",
        " before",
        ".",
        " (",
        "The",
        " funn",
        "iest",
        " thing",
        " happened",
        " to",
        " me",
        " the",
        " other",
        " day",
        ",",
        " but",
        " that",
        "'s",
        " a",
        " story",
        " for",
        " another",
        " time",
        ").",
        " In",
        " fact",
        ",",
        " I",
        " had",
        " never",
        " even",
        " been",
        " to"
    ],
    "input-tokens": [
        40,
        550,
        1239,
        587,
        2460,
        351,
        597,
        17036,
        661,
        878,
        13,
        357,
        464,
        36090,
        6386,
        1517,
        3022,
        284,
        502,
        262,
        584,
        1110,
        11,
        475,
        326,
        338,
        257,
        1621,
        329,
        1194,
        640,
        737,
        554,
        1109,
        11,
        314,
        550,
        1239,
        772,
        587,
        284
    ],
    "target-text": " Brazil",
    "target-token": 7595,
    "rational-size": 22,
    "rational-positions": [
        1,
        3,
        4,
        5,
        6,
        7,
        10,
        11,
        12,
        15,
        16,
        22,
        25,
        28,
        31,
        33,
        34,
        35,
        37,
        38,
        39,
        40
    ],
    "rational-text": [
        " had",
        " been",
        " friends",
        " with",
        " any",
        " Brazilian",
        ".",
        " (",
        "The",
        " thing",
        " happened",
        ",",
        "'s",
        " for",
        ").",
        " fact",
        ",",
        " I",
        " never",
        " even",
        " been",
        " to"
    ],
    "rational-tokens": [
        550,
        587,
        2460,
        351,
        597,
        17036,
        13,
        357,
        464,
        1517,
        3022,
        11,
        338,
        329,
        737,
        1109,
        11,
        314,
        1239,
        772,
        587,
        284
    ],
    "importance-scores": [
        0.0014892744366079569,
        0.08629512041807175,
        0.0005191034870222211,
        0.0010344506008550525,
        0.008882814086973667,
        0.004630022216588259,
        0.0043053231202065945,
        0.28105708956718445,
        0.00012370907643344253,
        0.0009435044485144317,
        0.008170656859874725,
        0.03802350535988808,
        0.00809225719422102,
        0.012053366750478745,
        0.003762508276849985,
        0.059758156538009644,
        0.0061534796841442585,
        0.00010225095320492983,
        0.0006310216849669814,
        0.0001808418455766514,
        0.00038886163383722305,
        0.009548831731081009,
        0.00025134350289590657,
        0.0004473759909160435,
        0.0002758445334620774,
        0.0019851045217365026,
        0.0005235809949226677,
        0.0003931218234356493,
        0.007523910142481327,
        0.0007317492854781449,
        0.000366751104593277,
        0.0019929588306695223,
        0.0008571084472350776,
        0.005971986800432205,
        7.28955928934738e-05,
        0.0021405352745205164,
        0.0025373364333063364,
        0.004321484360843897,
        0.0035045319236814976,
        0.41758838295936584,
        0.012367810122668743
    ],
    "comments": {
        "created-by": "run_analogies.py",
        "args": {
            "model": "gpt2-medium",
            "cache_dir": "cache/",
            "tokenizer": "gpt2-medium",
            "data_dir": "data/analogies/gpt2/",
            "importance_results_dir": "rationalization_results/analogies/gpt2_ours/top3_replace0.1_max5000_batch10",
            "device": "cuda",
            "rationalization_config": "config/gpt2/top3_replace0.1_max5000_batch10.json",
            "input_num_ratio": 1.0,
            "logfolder": "logs/analogies/gpt2_ours/top3_replace0.1_max5000_batch10",
            "loglevel": 20
        },
        "time_elapsed": 5.587128162384033,
        "separate_rational": [
            [
                " been",
                " with",
                ".",
                " thing",
                " friends",
                " that",
                " even",
                " Brazilian"
            ],
            [
                " had",
                " Brazilian",
                " to",
                " been",
                " had",
                " fact",
                " with",
                " In"
            ],
            [
                " been",
                " friends",
                "The",
                " been",
                " Brazilian",
                " other",
                " to",
                " ("
            ],
            [
                " Brazilian",
                ".",
                " been",
                " never",
                " people",
                ").",
                " fact",
                " with"
            ],
            [
                " (",
                " been",
                " funn",
                " friends",
                " for",
                " any",
                " even",
                " Brazilian"
            ],
            [
                " been",
                ",",
                " never",
                " I",
                ").",
                " Brazilian",
                ",",
                " any"
            ],
            [
                " Brazilian",
                " fact",
                " been",
                " thing",
                "'s",
                " before",
                ",",
                ","
            ],
            [
                " been",
                " day",
                " to",
                " Brazilian",
                "iest",
                " never",
                " I",
                ")."
            ],
            [
                " Brazilian",
                " been",
                " happened",
                " never",
                " had",
                " I",
                " never",
                " been"
            ],
            [
                " thing",
                " Brazilian",
                "The",
                " happened",
                " friends",
                " for",
                " to",
                "'s"
            ]
        ]
    }
}