{
    "$schema": "../docs/rationalization.schema.json",
    "id": 125,
    "input-text": [
        "I",
        " had",
        " never",
        " been",
        " friends",
        " with",
        " any",
        " Egyptian",
        " people",
        " before",
        ".",
        " (",
        "The",
        " funn",
        "iest",
        " thing",
        " happened",
        " to",
        " me",
        " the",
        " other",
        " day",
        ",",
        " but",
        " that",
        "'s",
        " a",
        " story",
        " for",
        " another",
        " time",
        ").",
        " In",
        " fact",
        ",",
        " I",
        " had",
        " never",
        " even",
        " been",
        " to"
    ],
    "input-tokens": [
        40,
        550,
        1239,
        587,
        2460,
        351,
        597,
        14075,
        661,
        878,
        13,
        357,
        464,
        36090,
        6386,
        1517,
        3022,
        284,
        502,
        262,
        584,
        1110,
        11,
        475,
        326,
        338,
        257,
        1621,
        329,
        1194,
        640,
        737,
        554,
        1109,
        11,
        314,
        550,
        1239,
        772,
        587,
        284
    ],
    "target-text": " Egypt",
    "target-token": 6365,
    "rational-size": 21,
    "rational-positions": [
        0,
        1,
        3,
        6,
        7,
        8,
        9,
        11,
        14,
        15,
        16,
        19,
        23,
        27,
        30,
        33,
        35,
        36,
        37,
        39,
        40
    ],
    "rational-text": [
        "I",
        " had",
        " been",
        " any",
        " Egyptian",
        " people",
        " before",
        " (",
        "iest",
        " thing",
        " happened",
        " the",
        " but",
        " story",
        " time",
        " fact",
        " I",
        " had",
        " never",
        " been",
        " to"
    ],
    "rational-tokens": [
        40,
        550,
        587,
        597,
        14075,
        661,
        878,
        357,
        6386,
        1517,
        3022,
        262,
        475,
        1621,
        640,
        1109,
        314,
        550,
        1239,
        587,
        284
    ],
    "importance-scores": [
        0.0010326721239835024,
        0.0001376694126520306,
        7.578087388537824e-05,
        0.04734823852777481,
        7.826129149179906e-06,
        0.014178524725139141,
        0.021842284128069878,
        0.39345189929008484,
        0.004182412289083004,
        0.0017997113754972816,
        5.6642911658855155e-05,
        0.06239331513643265,
        5.66559137951117e-05,
        0.0008510883781127632,
        6.372678035404533e-05,
        0.003995644859969616,
        1.4106303751759697e-05,
        1.6030811821110547e-05,
        1.6851314512678073e-06,
        0.0917704850435257,
        0.00010985392145812511,
        5.489238537847996e-05,
        1.2346617950242944e-06,
        0.005715392529964447,
        0.00046609301352873445,
        0.09987236559391022,
        1.888197220978327e-05,
        0.005313822068274021,
        2.152678462152835e-05,
        9.116185538005084e-05,
        0.0006605674279853702,
        4.489873845159309e-06,
        0.0001631518389331177,
        0.00011024036211892962,
        0.0004787237267009914,
        0.00029714772244915366,
        0.0023322179913520813,
        0.006818716414272785,
        0.005618492607027292,
        0.22184208035469055,
        0.006732524838298559
    ],
    "comments": {
        "created-by": "run_analogies.py",
        "args": {
            "model": "gpt2-medium",
            "cache_dir": "cache/",
            "tokenizer": "gpt2-medium",
            "data_dir": "data/analogies/gpt2/",
            "importance_results_dir": "rationalization_results/analogies/gpt2_ours/top3_replace0.1_max5000_batch10",
            "device": "cuda",
            "rationalization_config": "config/gpt2/top3_replace0.1_max5000_batch10.json",
            "input_num_ratio": 1.0,
            "logfolder": "logs/analogies/gpt2_ours/top3_replace0.1_max5000_batch10",
            "loglevel": 20
        },
        "time_elapsed": 8.273492574691772,
        "separate_rational": [
            [
                "'s",
                " I",
                " to",
                " story",
                " Egyptian",
                " any",
                " been",
                " been"
            ],
            [
                " (",
                " Egyptian",
                " people",
                " thing",
                "I",
                " to",
                " been",
                " any"
            ],
            [
                " Egyptian",
                " I",
                " fact",
                " never",
                "I",
                " been",
                "iest",
                " the"
            ],
            [
                " the",
                " never",
                " to",
                " Egyptian",
                " been",
                "iest",
                " day",
                " happened"
            ],
            [
                " been",
                " Egyptian",
                " story",
                " the",
                " thing",
                " before",
                " any",
                " never"
            ],
            [
                " Egyptian",
                " fact",
                " I",
                " happened",
                " been",
                " had",
                " had",
                " but"
            ],
            [
                " been",
                " Egyptian",
                " with",
                " to",
                " people",
                " had",
                " before",
                " time"
            ],
            [
                " Egyptian",
                " to",
                " been",
                " had",
                " a",
                " friends",
                " (",
                ")."
            ],
            [
                " been",
                " Egyptian",
                " even",
                " funn",
                " before",
                " been",
                ",",
                " that"
            ],
            [
                " been",
                " any",
                " but",
                " had",
                " to",
                " story",
                " Egyptian",
                " time"
            ]
        ]
    }
}