{
    "$schema": "../docs/rationalization.schema.json",
    "id": 139,
    "input-text": [
        "I",
        " had",
        " never",
        " been",
        " friends",
        " with",
        " any",
        " Polish",
        " people",
        " before",
        ".",
        " (",
        "The",
        " funn",
        "iest",
        " thing",
        " happened",
        " to",
        " me",
        " the",
        " other",
        " day",
        ",",
        " but",
        " that",
        "'s",
        " a",
        " story",
        " for",
        " another",
        " time",
        ").",
        " In",
        " fact",
        ",",
        " I",
        " had",
        " never",
        " even",
        " been",
        " to"
    ],
    "input-tokens": [
        40,
        550,
        1239,
        587,
        2460,
        351,
        597,
        15945,
        661,
        878,
        13,
        357,
        464,
        36090,
        6386,
        1517,
        3022,
        284,
        502,
        262,
        584,
        1110,
        11,
        475,
        326,
        338,
        257,
        1621,
        329,
        1194,
        640,
        737,
        554,
        1109,
        11,
        314,
        550,
        1239,
        772,
        587,
        284
    ],
    "target-text": " Poland",
    "target-token": 12873,
    "rational-size": 17,
    "rational-positions": [
        5,
        6,
        7,
        8,
        17,
        18,
        19,
        21,
        23,
        25,
        26,
        29,
        36,
        37,
        38,
        39,
        40
    ],
    "rational-text": [
        " with",
        " any",
        " Polish",
        " people",
        " to",
        " me",
        " the",
        " day",
        " but",
        "'s",
        " a",
        " another",
        " had",
        " never",
        " even",
        " been",
        " to"
    ],
    "rational-tokens": [
        351,
        597,
        15945,
        661,
        284,
        502,
        262,
        1110,
        475,
        338,
        257,
        1194,
        550,
        1239,
        772,
        587,
        284
    ],
    "importance-scores": [
        0.0013702374417334795,
        0.0014812469016760588,
        0.0013240415137261152,
        0.0015140536706894636,
        0.0008316999301314354,
        0.0016649316530674696,
        0.0024763799738138914,
        0.2544495165348053,
        0.0007987534627318382,
        0.001114293234422803,
        0.0005855144700035453,
        0.0021772112231701612,
        0.01367231272161007,
        0.0014726975932717323,
        0.0014775225427001715,
        0.02712705358862877,
        0.0016236774390563369,
        0.04515181481838226,
        0.004511220846325159,
        0.0016286388272419572,
        0.0022255578078329563,
        0.0008957700920291245,
        0.0011046852450817823,
        0.0023514623753726482,
        0.000958299555350095,
        0.002770667662844062,
        0.0025579656939953566,
        0.0008251686813309789,
        0.0017256962601095438,
        0.028037169948220253,
        0.0013638766249641776,
        0.022525977343320847,
        0.0014359431806951761,
        0.0011990482453256845,
        0.001349066267721355,
        0.0016142043750733137,
        0.0129237724468112,
        0.0124758780002594,
        0.008610731922090054,
        0.43510445952415466,
        0.09149178117513657
    ],
    "comments": {
        "created-by": "run_analogies.py",
        "args": {
            "model": "gpt2-medium",
            "cache_dir": "cache/",
            "tokenizer": "gpt2-medium",
            "data_dir": "data/analogies/gpt2/",
            "importance_results_dir": "rationalization_results/analogies/gpt2_ours/top3_replace0.1_max5000_batch10",
            "device": "cuda",
            "rationalization_config": "config/gpt2/top3_replace0.1_max5000_batch10.json",
            "input_num_ratio": 1.0,
            "logfolder": "logs/analogies/gpt2_ours/top3_replace0.1_max5000_batch10",
            "loglevel": 20
        },
        "time_elapsed": 9.381747961044312,
        "separate_rational": [
            [
                " to",
                " another",
                " me",
                " to",
                " fact",
                " been",
                " Polish",
                " with"
            ],
            [
                " been",
                " Polish",
                " to",
                " a",
                " the",
                " any",
                "I",
                " people"
            ],
            [
                " been",
                " Polish",
                " another",
                " to",
                "iest",
                " any",
                "'s",
                " never"
            ],
            [
                " to",
                " thing",
                "The",
                " even",
                " Polish",
                " been",
                " to",
                " but"
            ],
            [
                " Polish",
                " been",
                ").",
                " (",
                " any",
                " a",
                " other",
                " the"
            ],
            [
                " been",
                " to",
                " me",
                ",",
                " any",
                " had",
                " with",
                " Polish"
            ],
            [
                " Polish",
                " been",
                " to",
                " day",
                " had",
                " people",
                " funn",
                " never"
            ],
            [
                " another",
                " been",
                " had",
                " never",
                " Polish",
                "'s",
                " happened",
                " for"
            ],
            [
                " been",
                " Polish",
                ",",
                " story",
                " to",
                "'s",
                " but",
                " never"
            ],
            [
                " Polish",
                " even",
                " day",
                " been",
                " another",
                " to",
                " never",
                " I"
            ]
        ]
    }
}