{
    "$schema": "../docs/rationalization.schema.json",
    "id": 14,
    "input-text": [
        "When",
        " my",
        " flight",
        " landed",
        " in",
        " Norway",
        ",",
        " I",
        " converted",
        " my",
        " currency",
        " and",
        " slowly",
        " fell",
        " asleep",
        ".",
        " (",
        "I",
        " had",
        " a",
        " terrifying",
        " dream",
        " about",
        " my",
        " grandmother",
        ",",
        " but",
        " that",
        "'s",
        " a",
        " story",
        " for",
        " another",
        " time",
        ").",
        " I",
        " was",
        " staying",
        " in",
        " the",
        " capital",
        ","
    ],
    "input-tokens": [
        2215,
        616,
        5474,
        11406,
        287,
        15238,
        11,
        314,
        11513,
        616,
        7395,
        290,
        6364,
        3214,
        16039,
        13,
        357,
        40,
        550,
        257,
        17623,
        4320,
        546,
        616,
        18410,
        11,
        475,
        326,
        338,
        257,
        1621,
        329,
        1194,
        640,
        737,
        314,
        373,
        10589,
        287,
        262,
        3139,
        11
    ],
    "target-text": " Oslo",
    "target-token": 39636,
    "rational-size": 17,
    "rational-positions": [
        0,
        2,
        4,
        5,
        7,
        11,
        14,
        16,
        26,
        32,
        34,
        35,
        36,
        37,
        38,
        39,
        40
    ],
    "rational-text": [
        "When",
        " flight",
        " in",
        " Norway",
        " I",
        " and",
        " asleep",
        " (",
        " but",
        " another",
        ").",
        " I",
        " was",
        " staying",
        " in",
        " the",
        " capital"
    ],
    "rational-tokens": [
        2215,
        5474,
        287,
        15238,
        314,
        290,
        16039,
        357,
        475,
        1194,
        737,
        314,
        373,
        10589,
        287,
        262,
        3139
    ],
    "importance-scores": [
        5.801561488161244e-12,
        1.08667995561446e-15,
        3.044196319024195e-06,
        1.433642565556656e-13,
        1.7305694655078696e-09,
        0.2988460958003998,
        2.600505328111992e-14,
        5.085321941322718e-09,
        2.5969898974353978e-12,
        1.8779916451149362e-14,
        1.3930118994073815e-12,
        1.4763622182417668e-12,
        4.9710610051456274e-17,
        2.1988537379780126e-10,
        1.6542502123684244e-07,
        1.6414186633159633e-13,
        5.021109639180565e-10,
        2.5147418869497784e-12,
        1.0112999149214374e-07,
        1.1483260089345526e-12,
        9.514278521792615e-16,
        1.1048943742352976e-13,
        1.073221554994655e-15,
        2.4512908182775482e-14,
        7.777566091160537e-11,
        8.460259838986926e-16,
        0.007375773042440414,
        8.821192356863906e-17,
        5.523470136131747e-13,
        3.4430242673837846e-14,
        1.1176933131188532e-13,
        5.129659474967241e-10,
        7.870357876527123e-08,
        2.3286912681684718e-17,
        4.957906639901921e-05,
        1.5379407969362546e-08,
        0.09996476024389267,
        7.607122931574395e-09,
        0.10000000149011612,
        0.19526562094688416,
        0.29849475622177124,
        5.305035057079355e-12
    ],
    "comments": {
        "created-by": "run_analogies.py",
        "args": {
            "model": "gpt2-medium",
            "cache_dir": "cache/",
            "tokenizer": "gpt2-medium",
            "data_dir": "data/analogies/gpt2/",
            "importance_results_dir": "rationalization_results/analogies/gpt2_ours/top3_replace0.1_max5000_batch10",
            "device": "cuda",
            "rationalization_config": "config/gpt2/top3_replace0.1_max5000_batch10.json",
            "input_num_ratio": 1.0,
            "logfolder": "logs/analogies/gpt2_ours/top3_replace0.1_max5000_batch10",
            "loglevel": 20
        },
        "time_elapsed": 31.09828472137451,
        "separate_rational": [
            [
                " capital",
                ").",
                " Norway",
                "When",
                " in",
                " the",
                " currency",
                " and"
            ],
            [
                " Norway",
                ").",
                " the",
                " another",
                " in",
                " capital",
                " staying",
                " I"
            ],
            [
                " the",
                " capital",
                " asleep",
                " Norway",
                " another",
                " flight",
                " I",
                " fell"
            ],
            [
                " in",
                " capital",
                " I",
                " Norway",
                " the",
                ").",
                " was",
                ","
            ],
            [
                " was",
                " Norway",
                " the",
                " but",
                " I",
                " for",
                " (",
                " capital"
            ],
            [
                " Norway",
                " capital",
                " the",
                " in",
                " in",
                " asleep",
                " and",
                ")."
            ],
            [
                " capital",
                " the",
                " Norway",
                " I",
                " but",
                "When",
                " staying",
                " in"
            ],
            [
                " Norway",
                " capital",
                " had",
                ").",
                " I",
                " in",
                " (",
                " the"
            ],
            [
                " the",
                " but",
                " Norway",
                ").",
                " capital",
                " flight",
                " grandmother",
                " in"
            ],
            [
                " capital",
                " Norway",
                " flight",
                " staying",
                " the",
                ").",
                " a",
                " and"
            ]
        ]
    }
}