{
    "$schema": "../docs/rationalization.schema.json",
    "id": 145,
    "input-text": [
        "I",
        " had",
        " never",
        " been",
        " friends",
        " with",
        " any",
        " Thai",
        " people",
        " before",
        ".",
        " (",
        "The",
        " funn",
        "iest",
        " thing",
        " happened",
        " to",
        " me",
        " the",
        " other",
        " day",
        ",",
        " but",
        " that",
        "'s",
        " a",
        " story",
        " for",
        " another",
        " time",
        ").",
        " In",
        " fact",
        ",",
        " I",
        " had",
        " never",
        " even",
        " been",
        " to"
    ],
    "input-tokens": [
        40,
        550,
        1239,
        587,
        2460,
        351,
        597,
        18933,
        661,
        878,
        13,
        357,
        464,
        36090,
        6386,
        1517,
        3022,
        284,
        502,
        262,
        584,
        1110,
        11,
        475,
        326,
        338,
        257,
        1621,
        329,
        1194,
        640,
        737,
        554,
        1109,
        11,
        314,
        550,
        1239,
        772,
        587,
        284
    ],
    "target-text": " Thailand",
    "target-token": 16952,
    "rational-size": 15,
    "rational-positions": [
        0,
        3,
        4,
        5,
        7,
        10,
        11,
        13,
        21,
        35,
        36,
        37,
        38,
        39,
        40
    ],
    "rational-text": [
        "I",
        " been",
        " friends",
        " with",
        " Thai",
        ".",
        " (",
        " funn",
        " day",
        " I",
        " had",
        " never",
        " even",
        " been",
        " to"
    ],
    "rational-tokens": [
        40,
        587,
        2460,
        351,
        18933,
        13,
        357,
        36090,
        1110,
        314,
        550,
        1239,
        772,
        587,
        284
    ],
    "importance-scores": [
        0.0984661728143692,
        0.003548868466168642,
        0.001877405447885394,
        0.0045815929770469666,
        0.002890839707106352,
        0.004350156523287296,
        0.006607747171074152,
        0.42540231347084045,
        0.0013924955856055021,
        0.0035787273664027452,
        0.046675048768520355,
        0.005647615529596806,
        0.00330013083294034,
        0.009611837565898895,
        0.0018194550648331642,
        0.004770494997501373,
        0.001960035879164934,
        0.0017398543423041701,
        0.004185405094176531,
        0.0018351575126871467,
        0.00194266508333385,
        0.006118976976722479,
        0.0015725316479802132,
        0.002763640834018588,
        0.0032361899502575397,
        0.0023229210637509823,
        0.0015382958808913827,
        0.003026362042874098,
        0.08445341140031815,
        0.002871887758374214,
        0.0028460954781621695,
        0.003741509048268199,
        0.0034737170208245516,
        0.0025016244035214186,
        0.0027157000731676817,
        0.006339239422231913,
        0.013817396946251392,
        0.10624651610851288,
        0.011378208175301552,
        0.08109202980995178,
        0.02175973542034626
    ],
    "comments": {
        "created-by": "run_analogies.py",
        "args": {
            "model": "gpt2-medium",
            "cache_dir": "cache/",
            "tokenizer": "gpt2-medium",
            "data_dir": "data/analogies/gpt2/",
            "importance_results_dir": "rationalization_results/analogies/gpt2_ours/top3_replace0.1_max5000_batch10",
            "device": "cuda",
            "rationalization_config": "config/gpt2/top3_replace0.1_max5000_batch10.json",
            "input_num_ratio": 1.0,
            "logfolder": "logs/analogies/gpt2_ours/top3_replace0.1_max5000_batch10",
            "loglevel": 20
        },
        "time_elapsed": 6.856484889984131,
        "separate_rational": [
            [
                " Thai",
                "I",
                " but",
                " been",
                " people",
                " to",
                ",",
                " a"
            ],
            [
                ".",
                " Thai",
                " to",
                " had",
                " funn",
                " been",
                "The",
                " I"
            ],
            [
                " Thai",
                " story",
                " been",
                " I",
                " never",
                ").",
                " with",
                " friends"
            ],
            [
                " Thai",
                " been",
                " never",
                " me",
                " funn",
                " had",
                "I",
                "iest"
            ],
            [
                " never",
                " thing",
                " I",
                " been",
                " Thai",
                " to",
                " In",
                " had"
            ],
            [
                "I",
                " Thai",
                " had",
                " to",
                ",",
                " been",
                " day",
                " even"
            ],
            [
                " for",
                " even",
                " been",
                " Thai",
                " been",
                " never",
                " I",
                " happened"
            ],
            [
                " any",
                " day",
                " been",
                " I",
                " had",
                " (",
                " Thai",
                " before"
            ],
            [
                " Thai",
                " to",
                "I",
                " been",
                " with",
                " friends",
                " fact",
                " never"
            ],
            [
                " been",
                ".",
                " never",
                " had",
                " been",
                " (",
                " Thai",
                " to"
            ]
        ]
    }
}