{
    "$schema": "../docs/rationalization.schema.json",
    "id": 149,
    "input-text": [
        "I",
        " really",
        " wanted",
        " to",
        " buy",
        " the",
        " banana",
        ",",
        " more",
        " than",
        " I",
        " ever",
        " wanted",
        " to",
        " buy",
        " anything",
        " before",
        ".",
        " (",
        "I",
        " was",
        " also",
        " behind",
        " on",
        " my",
        " homework",
        ",",
        " but",
        " that",
        "'s",
        " another",
        " story",
        ").",
        " So",
        " I",
        " went",
        " to",
        " the",
        " store",
        " and",
        " asked",
        " if",
        " they",
        " had",
        " any"
    ],
    "input-tokens": [
        40,
        1107,
        2227,
        284,
        2822,
        262,
        25996,
        11,
        517,
        621,
        314,
        1683,
        2227,
        284,
        2822,
        1997,
        878,
        13,
        357,
        40,
        373,
        635,
        2157,
        319,
        616,
        26131,
        11,
        475,
        326,
        338,
        1194,
        1621,
        737,
        1406,
        314,
        1816,
        284,
        262,
        3650,
        290,
        1965,
        611,
        484,
        550,
        597
    ],
    "target-text": " bananas",
    "target-token": 35484,
    "rational-size": 13,
    "rational-positions": [
        2,
        4,
        5,
        6,
        24,
        31,
        33,
        38,
        39,
        40,
        41,
        43,
        44
    ],
    "rational-text": [
        " wanted",
        " buy",
        " the",
        " banana",
        " my",
        " story",
        " So",
        " store",
        " and",
        " asked",
        " if",
        " had",
        " any"
    ],
    "rational-tokens": [
        2227,
        2822,
        262,
        25996,
        616,
        1621,
        1406,
        3650,
        290,
        1965,
        611,
        550,
        597
    ],
    "importance-scores": [
        8.376379128094413e-07,
        3.649020996476793e-08,
        1.645120391913224e-05,
        1.496240088272316e-06,
        0.00023708550725132227,
        3.0913838600099552e-06,
        0.6971587538719177,
        3.169907927258464e-07,
        8.690079056350442e-08,
        2.2224741769605316e-05,
        4.708426359911755e-08,
        4.2695992874541844e-07,
        1.224419747813954e-07,
        2.289403155941727e-08,
        2.4923781438701553e-07,
        2.591386646599858e-06,
        1.2042537491652183e-06,
        1.7464029724578722e-06,
        3.0286634000731283e-07,
        9.580459980895739e-09,
        4.474219394978718e-08,
        2.081206247339651e-07,
        2.296754928465816e-06,
        3.911815838364419e-06,
        7.622413988883636e-08,
        5.3459905757335946e-05,
        1.6050598787842318e-06,
        7.084510343702277e-06,
        5.694077458429092e-07,
        1.1329147042715704e-07,
        1.3294998097990174e-06,
        3.0814734941486677e-07,
        1.4859048746984627e-07,
        2.293729721714044e-06,
        1.123631250266044e-06,
        6.987713277339935e-06,
        3.9647642324780463e-07,
        1.6890864174001763e-07,
        5.270385372568853e-05,
        1.4704062778037041e-05,
        1.8094248162014992e-06,
        1.2438645171641838e-05,
        2.2202724991871037e-08,
        0.0018976491410285234,
        0.30049142241477966
    ],
    "comments": {
        "created-by": "run_analogies.py",
        "args": {
            "model": "gpt2-medium",
            "cache_dir": "cache/",
            "tokenizer": "gpt2-medium",
            "data_dir": "data/analogies/gpt2/",
            "importance_results_dir": "rationalization_results/analogies/gpt2_ours/top3_replace0.1_max5000_batch10",
            "device": "cuda",
            "rationalization_config": "config/gpt2/top3_replace0.1_max5000_batch10.json",
            "input_num_ratio": 1.0,
            "logfolder": "logs/analogies/gpt2_ours/top3_replace0.1_max5000_batch10",
            "loglevel": 20
        },
        "time_elapsed": 166.64523649215698,
        "separate_rational": [
            [
                " banana",
                " any",
                " store",
                " had",
                " and",
                " the",
                " story",
                " asked"
            ],
            [
                " banana",
                " any",
                " wanted",
                " had",
                " the",
                " if",
                " store",
                " my"
            ],
            [
                " any",
                " banana",
                " store",
                " my",
                " asked",
                " the",
                " wanted",
                " and"
            ],
            [
                " any",
                " store",
                " if",
                " had",
                " buy",
                " the",
                " banana",
                " asked"
            ],
            [
                " banana",
                " any",
                " buy",
                " homework",
                " but",
                " store",
                " wanted",
                " So"
            ],
            [
                " banana",
                " any",
                " the",
                " wanted",
                " buy",
                " had",
                " if",
                " store"
            ],
            [
                " banana",
                " any",
                " wanted",
                " store",
                " the",
                " had",
                " and",
                " buy"
            ],
            [
                " banana",
                " had",
                " any",
                " wanted",
                " and",
                " if",
                " went",
                " on"
            ],
            [
                " any",
                " banana",
                " store",
                " the",
                " buy",
                " had",
                " story",
                " and"
            ],
            [
                " banana",
                " any",
                " than",
                " to",
                " if",
                " So",
                " and",
                " wanted"
            ]
        ]
    }
}