{
    "$schema": "../docs/rationalization.schema.json",
    "id": 150,
    "input-text": [
        "I",
        " really",
        " wanted",
        " to",
        " buy",
        " the",
        " cat",
        ",",
        " more",
        " than",
        " I",
        " ever",
        " wanted",
        " to",
        " buy",
        " anything",
        " before",
        ".",
        " (",
        "I",
        " was",
        " also",
        " behind",
        " on",
        " my",
        " homework",
        ",",
        " but",
        " that",
        "'s",
        " another",
        " story",
        ").",
        " So",
        " I",
        " went",
        " to",
        " the",
        " store",
        " and",
        " asked",
        " if",
        " they",
        " had",
        " any"
    ],
    "input-tokens": [
        40,
        1107,
        2227,
        284,
        2822,
        262,
        3797,
        11,
        517,
        621,
        314,
        1683,
        2227,
        284,
        2822,
        1997,
        878,
        13,
        357,
        40,
        373,
        635,
        2157,
        319,
        616,
        26131,
        11,
        475,
        326,
        338,
        1194,
        1621,
        737,
        1406,
        314,
        1816,
        284,
        262,
        3650,
        290,
        1965,
        611,
        484,
        550,
        597
    ],
    "target-text": " cats",
    "target-token": 11875,
    "rational-size": 12,
    "rational-positions": [
        2,
        4,
        5,
        6,
        15,
        33,
        38,
        40,
        41,
        42,
        43,
        44
    ],
    "rational-text": [
        " wanted",
        " buy",
        " the",
        " cat",
        " anything",
        " So",
        " store",
        " asked",
        " if",
        " they",
        " had",
        " any"
    ],
    "rational-tokens": [
        2227,
        2822,
        262,
        3797,
        1997,
        1406,
        3650,
        1965,
        611,
        484,
        550,
        597
    ],
    "importance-scores": [
        0.001239722827449441,
        0.0012588498648256063,
        0.0030821338295936584,
        0.0008918411913327873,
        0.00974664743989706,
        0.001736194477416575,
        0.7054970860481262,
        0.0005313384463079274,
        0.0006731582107022405,
        0.0017520925030112267,
        0.0010136199416592717,
        0.001456705154851079,
        0.008494884707033634,
        0.0007118727080523968,
        0.0008691487018950284,
        0.0017233040416613221,
        0.0006904523470439017,
        0.0027635679580271244,
        0.0013949456624686718,
        0.0013310672948136926,
        0.00290317484177649,
        0.000905301421880722,
        0.0008356788312084973,
        0.0039869942702353,
        0.0018066599732264876,
        0.003107459982857108,
        0.0012336859945207834,
        0.001004688674584031,
        0.0009170431876555085,
        0.00041609452455304563,
        0.0016801466699689627,
        0.0070715658366680145,
        0.0014749784022569656,
        0.004598603583872318,
        0.002055225893855095,
        0.0010248468024656177,
        0.0006071807583793998,
        0.0007992380997166038,
        0.00501664076000452,
        0.0010902591748163104,
        0.015782639384269714,
        0.0063250004313886166,
        0.004359693732112646,
        0.009947448968887329,
        0.17419110238552094
    ],
    "comments": {
        "created-by": "run_analogies.py",
        "args": {
            "model": "gpt2-medium",
            "cache_dir": "cache/",
            "tokenizer": "gpt2-medium",
            "data_dir": "data/analogies/gpt2/",
            "importance_results_dir": "rationalization_results/analogies/gpt2_ours/top3_replace0.1_max5000_batch10",
            "device": "cuda",
            "rationalization_config": "config/gpt2/top3_replace0.1_max5000_batch10.json",
            "input_num_ratio": 1.0,
            "logfolder": "logs/analogies/gpt2_ours/top3_replace0.1_max5000_batch10",
            "loglevel": 20
        },
        "time_elapsed": 144.41228985786438,
        "separate_rational": [
            [
                " cat",
                " any",
                " homework",
                " had",
                " if",
                " asked",
                " they",
                " anything"
            ],
            [
                " cat",
                " any",
                " wanted",
                " asked",
                " the",
                " really",
                " buy",
                " had"
            ],
            [
                " cat",
                " wanted",
                " had",
                " another",
                " behind",
                " but",
                " asked",
                " the"
            ],
            [
                " cat",
                " any",
                " had",
                " asked",
                " buy",
                " the",
                " wanted",
                " they"
            ],
            [
                " cat",
                " any",
                " if",
                " buy",
                " wanted",
                " the",
                " had",
                " asked"
            ],
            [
                " any",
                " cat",
                " had",
                " asked",
                " buy",
                " than",
                " So",
                " if"
            ],
            [
                " any",
                " cat",
                " wanted",
                " had",
                " store",
                " buy",
                " asked",
                " So"
            ],
            [
                " cat",
                " any",
                " wanted",
                " asked",
                " buy",
                " So",
                " had",
                " if"
            ],
            [
                " cat",
                " any",
                " asked",
                " buy",
                " store",
                " anything",
                " had",
                " if"
            ],
            [
                " cat",
                " any",
                " asked",
                " story",
                " buy",
                " on",
                " if",
                " had"
            ]
        ]
    }
}