{
    "$schema": "../docs/rationalization.schema.json",
    "id": 152,
    "input-text": [
        "I",
        " really",
        " wanted",
        " to",
        " buy",
        " the",
        " dog",
        ",",
        " more",
        " than",
        " I",
        " ever",
        " wanted",
        " to",
        " buy",
        " anything",
        " before",
        ".",
        " (",
        "I",
        " was",
        " also",
        " behind",
        " on",
        " my",
        " homework",
        ",",
        " but",
        " that",
        "'s",
        " another",
        " story",
        ").",
        " So",
        " I",
        " went",
        " to",
        " the",
        " store",
        " and",
        " asked",
        " if",
        " they",
        " had",
        " any"
    ],
    "input-tokens": [
        40,
        1107,
        2227,
        284,
        2822,
        262,
        3290,
        11,
        517,
        621,
        314,
        1683,
        2227,
        284,
        2822,
        1997,
        878,
        13,
        357,
        40,
        373,
        635,
        2157,
        319,
        616,
        26131,
        11,
        475,
        326,
        338,
        1194,
        1621,
        737,
        1406,
        314,
        1816,
        284,
        262,
        3650,
        290,
        1965,
        611,
        484,
        550,
        597
    ],
    "target-text": " dogs",
    "target-token": 6844,
    "rational-size": 15,
    "rational-positions": [
        1,
        2,
        4,
        6,
        14,
        16,
        20,
        24,
        30,
        33,
        34,
        38,
        40,
        41,
        44
    ],
    "rational-text": [
        " really",
        " wanted",
        " buy",
        " dog",
        " buy",
        " before",
        " was",
        " my",
        " another",
        " So",
        " I",
        " store",
        " asked",
        " if",
        " any"
    ],
    "rational-tokens": [
        1107,
        2227,
        2822,
        3290,
        2822,
        878,
        373,
        616,
        1194,
        1406,
        314,
        3650,
        1965,
        611,
        597
    ],
    "importance-scores": [
        0.008164174854755402,
        0.008921360597014427,
        0.009509067982435226,
        0.012211625464260578,
        0.07946965098381042,
        0.011904038488864899,
        0.503256618976593,
        0.007257901132106781,
        0.010340984910726547,
        0.00793948769569397,
        0.007627612445503473,
        0.011735346168279648,
        0.008535374887287617,
        0.0067591494880616665,
        0.012583302333950996,
        0.0060128928162157536,
        0.011582683771848679,
        0.0070502785965800285,
        0.009968392550945282,
        0.006076596677303314,
        0.008179244585335255,
        0.008547000586986542,
        0.007314042188227177,
        0.006393211893737316,
        0.011506865732371807,
        0.01048357505351305,
        0.006019699387252331,
        0.005308189429342747,
        0.007808234542608261,
        0.007357130758464336,
        0.010684231296181679,
        0.005432196892797947,
        0.007241993211209774,
        0.013450166210532188,
        0.009348897263407707,
        0.00838443636894226,
        0.010521575808525085,
        0.009580640122294426,
        0.009171964600682259,
        0.007483965251594782,
        0.02201169542968273,
        0.013943882659077644,
        0.007790693081915379,
        0.00904069934040308,
        0.030089255422353745
    ],
    "comments": {
        "created-by": "run_analogies.py",
        "args": {
            "model": "gpt2-medium",
            "cache_dir": "cache/",
            "tokenizer": "gpt2-medium",
            "data_dir": "data/analogies/gpt2/",
            "importance_results_dir": "rationalization_results/analogies/gpt2_ours/top3_replace0.1_max5000_batch10",
            "device": "cuda",
            "rationalization_config": "config/gpt2/top3_replace0.1_max5000_batch10.json",
            "input_num_ratio": 1.0,
            "logfolder": "logs/analogies/gpt2_ours/top3_replace0.1_max5000_batch10",
            "loglevel": 20
        },
        "time_elapsed": 69.45798587799072,
        "separate_rational": [
            [
                " dog",
                " if",
                " any",
                " buy",
                " wanted",
                " before",
                " story",
                " and"
            ],
            [
                " asked",
                " dog",
                " So",
                " more",
                " buy",
                " wanted",
                " was",
                " if"
            ],
            [
                " dog",
                " was",
                " any",
                " buy",
                " store",
                " behind",
                " if",
                " asked"
            ],
            [
                " dog",
                " store",
                " wanted",
                " another",
                " than",
                " I",
                " asked",
                " also"
            ],
            [
                " dog",
                " ever",
                " any",
                " buy",
                " if",
                " I",
                " asked",
                " really"
            ],
            [
                " dog",
                " (",
                " the",
                " to",
                " So",
                " another",
                ".",
                " buy"
            ],
            [
                " before",
                " my",
                " dog",
                " to",
                " really",
                " if",
                " buy",
                " homework"
            ],
            [
                " dog",
                " any",
                " buy",
                " the",
                " if",
                " asked",
                " really",
                "I"
            ],
            [
                " dog",
                " buy",
                " any",
                " had",
                " I",
                " wanted",
                " if",
                " asked"
            ],
            [
                " dog",
                " buy",
                " any",
                " So",
                " wanted",
                " that",
                " if",
                " my"
            ]
        ]
    }
}