{
    "$schema": "../docs/rationalization.schema.json",
    "id": 153,
    "input-text": [
        "I",
        " really",
        " wanted",
        " to",
        " buy",
        " the",
        " horse",
        ",",
        " more",
        " than",
        " I",
        " ever",
        " wanted",
        " to",
        " buy",
        " anything",
        " before",
        ".",
        " (",
        "I",
        " was",
        " also",
        " behind",
        " on",
        " my",
        " homework",
        ",",
        " but",
        " that",
        "'s",
        " another",
        " story",
        ").",
        " So",
        " I",
        " went",
        " to",
        " the",
        " store",
        " and",
        " asked",
        " if",
        " they",
        " had",
        " any"
    ],
    "input-tokens": [
        40,
        1107,
        2227,
        284,
        2822,
        262,
        8223,
        11,
        517,
        621,
        314,
        1683,
        2227,
        284,
        2822,
        1997,
        878,
        13,
        357,
        40,
        373,
        635,
        2157,
        319,
        616,
        26131,
        11,
        475,
        326,
        338,
        1194,
        1621,
        737,
        1406,
        314,
        1816,
        284,
        262,
        3650,
        290,
        1965,
        611,
        484,
        550,
        597
    ],
    "target-text": " horses",
    "target-token": 14260,
    "rational-size": 17,
    "rational-positions": [
        2,
        3,
        4,
        5,
        6,
        19,
        22,
        29,
        34,
        37,
        38,
        39,
        40,
        41,
        42,
        43,
        44
    ],
    "rational-text": [
        " wanted",
        " to",
        " buy",
        " the",
        " horse",
        "I",
        " behind",
        "'s",
        " I",
        " the",
        " store",
        " and",
        " asked",
        " if",
        " they",
        " had",
        " any"
    ],
    "rational-tokens": [
        2227,
        284,
        2822,
        262,
        8223,
        40,
        2157,
        338,
        314,
        262,
        3650,
        290,
        1965,
        611,
        484,
        550,
        597
    ],
    "importance-scores": [
        0.006220507435500622,
        0.008241268806159496,
        0.06007242202758789,
        0.01463968027383089,
        0.03023446723818779,
        0.019106745719909668,
        0.2841162085533142,
        0.02086915448307991,
        0.01094356831163168,
        0.013687191531062126,
        0.01134181022644043,
        0.010962345637381077,
        0.009881256148219109,
        0.008966732770204544,
        0.010290597565472126,
        0.012027882039546967,
        0.0112214470282197,
        0.011834463104605675,
        0.009280593134462833,
        0.024996411055326462,
        0.010820792056620121,
        0.015944089740514755,
        0.013818142004311085,
        0.007654666900634766,
        0.008857905864715576,
        0.00851214025169611,
        0.010678188875317574,
        0.008403469808399677,
        0.005831568501889706,
        0.012176990509033203,
        0.007306285202503204,
        0.008379599079489708,
        0.005831957794725895,
        0.017469922080636024,
        0.014015594497323036,
        0.02703668549656868,
        0.008909406140446663,
        0.0160505548119545,
        0.024058224633336067,
        0.016140678897500038,
        0.07282859832048416,
        0.03147813305258751,
        0.013987921178340912,
        0.022466160356998444,
        0.022407574579119682
    ],
    "comments": {
        "created-by": "run_analogies.py",
        "args": {
            "model": "gpt2-medium",
            "cache_dir": "cache/",
            "tokenizer": "gpt2-medium",
            "data_dir": "data/analogies/gpt2/",
            "importance_results_dir": "rationalization_results/analogies/gpt2_ours/top3_replace0.1_max5000_batch10",
            "device": "cuda",
            "rationalization_config": "config/gpt2/top3_replace0.1_max5000_batch10.json",
            "input_num_ratio": 1.0,
            "logfolder": "logs/analogies/gpt2_ours/top3_replace0.1_max5000_batch10",
            "loglevel": 20
        },
        "time_elapsed": 27.571077823638916,
        "separate_rational": [
            [
                " horse",
                " had",
                " also",
                " if",
                " the",
                " buy",
                " store",
                "'s"
            ],
            [
                " horse",
                " if",
                " buy",
                " store",
                " wanted",
                " any",
                "'s",
                " had"
            ],
            [
                ",",
                " store",
                " asked",
                ",",
                " horse",
                " had",
                " they",
                " behind"
            ],
            [
                " asked",
                "I",
                " behind",
                " had",
                " buy",
                " to",
                " if",
                " horse"
            ],
            [
                " horse",
                "I",
                " any",
                " asked",
                " before",
                " if",
                " ever",
                " and"
            ],
            [
                " horse",
                " wanted",
                " asked",
                " and",
                ".",
                "I",
                " if",
                " buy"
            ],
            [
                " horse",
                " wanted",
                " than",
                " any",
                " buy",
                " asked",
                " wanted",
                " to"
            ],
            [
                " more",
                " horse",
                " if",
                " the",
                " I",
                " buy",
                " they",
                "I"
            ],
            [
                " went",
                " the",
                " horse",
                " asked",
                " So",
                " to",
                " anything",
                " I"
            ],
            [
                " horse",
                " asked",
                " the",
                " buy",
                " had",
                " wanted",
                " to",
                ")."
            ]
        ]
    }
}