{
    "$schema": "../docs/rationalization.schema.json",
    "id": 18,
    "input-text": [
        "When",
        " my",
        " flight",
        " landed",
        " in",
        " Iran",
        ",",
        " I",
        " converted",
        " my",
        " currency",
        " and",
        " slowly",
        " fell",
        " asleep",
        ".",
        " (",
        "I",
        " had",
        " a",
        " terrifying",
        " dream",
        " about",
        " my",
        " grandmother",
        ",",
        " but",
        " that",
        "'s",
        " a",
        " story",
        " for",
        " another",
        " time",
        ").",
        " I",
        " was",
        " staying",
        " in",
        " the",
        " capital",
        ","
    ],
    "input-tokens": [
        2215,
        616,
        5474,
        11406,
        287,
        4068,
        11,
        314,
        11513,
        616,
        7395,
        290,
        6364,
        3214,
        16039,
        13,
        357,
        40,
        550,
        257,
        17623,
        4320,
        546,
        616,
        18410,
        11,
        475,
        326,
        338,
        257,
        1621,
        329,
        1194,
        640,
        737,
        314,
        373,
        10589,
        287,
        262,
        3139,
        11
    ],
    "target-text": " Tehran",
    "target-token": 20882,
    "rational-size": 17,
    "rational-positions": [
        2,
        5,
        7,
        9,
        11,
        12,
        14,
        17,
        19,
        20,
        30,
        34,
        35,
        36,
        39,
        40,
        41
    ],
    "rational-text": [
        " flight",
        " Iran",
        " I",
        " my",
        " and",
        " slowly",
        " asleep",
        "I",
        " a",
        " terrifying",
        " story",
        ").",
        " I",
        " was",
        " the",
        " capital",
        ","
    ],
    "rational-tokens": [
        5474,
        4068,
        314,
        616,
        290,
        6364,
        16039,
        40,
        257,
        17623,
        1621,
        737,
        314,
        373,
        262,
        3139,
        11
    ],
    "importance-scores": [
        1.0655967344064265e-05,
        8.476195216644555e-05,
        0.005026282276958227,
        0.00013348176435101777,
        0.00024319649673998356,
        0.24647513031959534,
        1.5388844985864125e-05,
        0.0008711155387572944,
        3.004802783834748e-05,
        0.004566596820950508,
        6.978397323109675e-06,
        0.0005971799837425351,
        6.944654160179198e-05,
        0.000605461304076016,
        0.07563332468271255,
        6.817471876274794e-05,
        1.0878467037400696e-05,
        0.002379345241934061,
        1.6317538893417805e-06,
        0.0020696662832051516,
        0.019382456317543983,
        3.35383701894898e-05,
        3.768895476241596e-05,
        0.09401224553585052,
        4.447741957847029e-05,
        9.902504098135978e-05,
        4.748218088934664e-06,
        2.6225956389680505e-05,
        8.59952560858801e-05,
        1.6990303265629336e-05,
        0.0032536410726606846,
        3.190059487678809e-06,
        3.788852336583659e-05,
        0.0006359679391607642,
        0.0001086874763132073,
        0.0008315827581100166,
        8.496213922626339e-06,
        1.982072353712283e-05,
        6.749438762199134e-05,
        0.25595322251319885,
        0.27870020270347595,
        0.007737652864307165
    ],
    "comments": {
        "created-by": "run_analogies.py",
        "args": {
            "model": "gpt2-medium",
            "cache_dir": "cache/",
            "tokenizer": "gpt2-medium",
            "data_dir": "data/analogies/gpt2/",
            "importance_results_dir": "rationalization_results/analogies/gpt2_ours/top3_replace0.1_max5000_batch10",
            "device": "cuda",
            "rationalization_config": "config/gpt2/top3_replace0.1_max5000_batch10.json",
            "input_num_ratio": 1.0,
            "logfolder": "logs/analogies/gpt2_ours/top3_replace0.1_max5000_batch10",
            "loglevel": 20
        },
        "time_elapsed": 42.85701560974121,
        "separate_rational": [
            [
                " Iran",
                " asleep",
                " the",
                " time",
                " capital",
                " and",
                " a",
                " slowly"
            ],
            [
                " my",
                " the",
                " I",
                " capital",
                " in",
                " I",
                "I",
                " Iran"
            ],
            [
                " Iran",
                " capital",
                " the",
                " about",
                " was",
                " a",
                ",",
                " I"
            ],
            [
                " the",
                " Iran",
                " capital",
                " staying",
                " I",
                " currency",
                " flight",
                ")."
            ],
            [
                " asleep",
                " capital",
                ",",
                " story",
                " the",
                " I",
                " terrifying",
                " Iran"
            ],
            [
                " Iran",
                " the",
                " converted",
                " in",
                " capital",
                " another",
                "I",
                ")."
            ],
            [
                " the",
                " terrifying",
                " Iran",
                "I",
                " story",
                " a",
                " capital",
                " fell"
            ],
            [
                " capital",
                " Iran",
                " the",
                ",",
                " was",
                " my",
                ",",
                " slowly"
            ],
            [
                " the",
                " capital",
                " Iran",
                " flight",
                " my",
                " a",
                " and",
                ","
            ],
            [
                " capital",
                " I",
                " flight",
                " Iran",
                " I",
                ").",
                " the",
                " grandmother"
            ]
        ]
    }
}