{
    "$schema": "../docs/rationalization.schema.json",
    "id": 2,
    "input-text": [
        "When",
        " my",
        " flight",
        " landed",
        " in",
        " Thailand",
        ",",
        " I",
        " converted",
        " my",
        " currency",
        " and",
        " slowly",
        " fell",
        " asleep",
        ".",
        " (",
        "I",
        " had",
        " a",
        " terrifying",
        " dream",
        " about",
        " my",
        " grandmother",
        ",",
        " but",
        " that",
        "'s",
        " a",
        " story",
        " for",
        " another",
        " time",
        ").",
        " I",
        " was",
        " staying",
        " in",
        " the",
        " capital",
        ","
    ],
    "input-tokens": [
        2215,
        616,
        5474,
        11406,
        287,
        16952,
        11,
        314,
        11513,
        616,
        7395,
        290,
        6364,
        3214,
        16039,
        13,
        357,
        40,
        550,
        257,
        17623,
        4320,
        546,
        616,
        18410,
        11,
        475,
        326,
        338,
        257,
        1621,
        329,
        1194,
        640,
        737,
        314,
        373,
        10589,
        287,
        262,
        3139,
        11
    ],
    "target-text": " Bangkok",
    "target-token": 35007,
    "rational-size": 15,
    "rational-positions": [
        1,
        2,
        4,
        5,
        7,
        11,
        13,
        14,
        15,
        29,
        35,
        37,
        38,
        39,
        40
    ],
    "rational-text": [
        " my",
        " flight",
        " in",
        " Thailand",
        " I",
        " and",
        " fell",
        " asleep",
        ".",
        " a",
        " I",
        " staying",
        " in",
        " the",
        " capital"
    ],
    "rational-tokens": [
        616,
        5474,
        287,
        16952,
        314,
        290,
        3214,
        16039,
        13,
        257,
        314,
        10589,
        287,
        262,
        3139
    ],
    "importance-scores": [
        0.00012621811765711755,
        0.043909765779972076,
        2.913028311013477e-06,
        0.00012371057528071105,
        2.469731589371804e-05,
        0.21188950538635254,
        0.009609298780560493,
        0.0020056257490068674,
        4.317719685786869e-06,
        2.508219722585636e-06,
        0.00013021216727793217,
        2.289743179062498e-06,
        0.00038347268127836287,
        0.000854979851283133,
        8.727361091587227e-06,
        0.0003057454014196992,
        0.006082203704863787,
        0.0002157714043278247,
        0.00016227579908445477,
        4.293144229450263e-05,
        2.7308772132528247e-06,
        0.013642539270222187,
        0.00015326548600569367,
        6.862424197606742e-05,
        0.00010162737453356385,
        5.71420241612941e-05,
        0.00033773487666621804,
        0.00019807337957900017,
        0.00035927671706303954,
        0.00019218897796235979,
        3.675119387480663e-06,
        1.9302724467706867e-06,
        0.00016949261771515012,
        2.523309740354307e-05,
        0.00022593620815314353,
        0.0009313959744758904,
        1.6937479813350365e-05,
        0.0063094524666666985,
        0.0004268943448550999,
        0.34907227754592896,
        0.35179999470710754,
        1.6401745597249828e-05
    ],
    "comments": {
        "created-by": "run_analogies.py",
        "args": {
            "model": "gpt2-medium",
            "cache_dir": "cache/",
            "tokenizer": "gpt2-medium",
            "data_dir": "data/analogies/gpt2/",
            "importance_results_dir": "rationalization_results/analogies/gpt2_ours/top3_replace0.1_max5000_batch10",
            "device": "cuda",
            "rationalization_config": "config/gpt2/top3_replace0.1_max5000_batch10.json",
            "input_num_ratio": 1.0,
            "logfolder": "logs/analogies/gpt2_ours/top3_replace0.1_max5000_batch10",
            "loglevel": 20
        },
        "time_elapsed": 18.765122413635254,
        "separate_rational": [
            [
                " capital",
                " Thailand",
                " I",
                " the",
                ".",
                " I",
                ").",
                " a"
            ],
            [
                " the",
                " Thailand",
                ",",
                " capital",
                " (",
                " I",
                " fell",
                " slowly"
            ],
            [
                " capital",
                " in",
                " Thailand",
                " I",
                " the",
                " staying",
                " fell",
                " time"
            ],
            [
                " the",
                " Thailand",
                " capital",
                " and",
                " a",
                " flight",
                " in",
                " asleep"
            ],
            [
                " the",
                " dream",
                " but",
                " capital",
                " Thailand",
                ".",
                " fell",
                " in"
            ],
            [
                " capital",
                " my",
                " staying",
                " I",
                " the",
                " in",
                " my",
                " Thailand"
            ],
            [
                " capital",
                " Thailand",
                " in",
                " the",
                " flight",
                " and",
                " story",
                " fell"
            ],
            [
                " Thailand",
                " the",
                " I",
                ".",
                " capital",
                " a",
                " my",
                " was"
            ],
            [
                " the",
                " capital",
                " my",
                " Thailand",
                " in",
                " in",
                " currency",
                " asleep"
            ],
            [
                " Thailand",
                " the",
                " capital",
                " staying",
                " asleep",
                " about",
                " for",
                " in"
            ]
        ]
    }
}