{
    "$schema": "../docs/rationalization.schema.json",
    "id": 25,
    "input-text": [
        "When",
        " my",
        " flight",
        " landed",
        " in",
        " Lebanon",
        ",",
        " I",
        " converted",
        " my",
        " currency",
        " and",
        " slowly",
        " fell",
        " asleep",
        ".",
        " (",
        "I",
        " was",
        " behind",
        " on",
        " a",
        " couple",
        " of",
        " assignments",
        ",",
        " but",
        " I",
        " tried",
        " not",
        " to",
        " think",
        " about",
        " them",
        ").",
        " I",
        " was",
        " staying",
        " in",
        " the",
        " capital",
        ","
    ],
    "input-tokens": [
        2215,
        616,
        5474,
        11406,
        287,
        16849,
        11,
        314,
        11513,
        616,
        7395,
        290,
        6364,
        3214,
        16039,
        13,
        357,
        40,
        373,
        2157,
        319,
        257,
        3155,
        286,
        25815,
        11,
        475,
        314,
        3088,
        407,
        284,
        892,
        546,
        606,
        737,
        314,
        373,
        10589,
        287,
        262,
        3139,
        11
    ],
    "target-text": " Beirut",
    "target-token": 40702,
    "rational-size": 18,
    "rational-positions": [
        2,
        3,
        4,
        5,
        7,
        9,
        12,
        14,
        26,
        33,
        34,
        35,
        36,
        37,
        38,
        39,
        40,
        41
    ],
    "rational-text": [
        " flight",
        " landed",
        " in",
        " Lebanon",
        " I",
        " my",
        " slowly",
        " asleep",
        " but",
        " them",
        ").",
        " I",
        " was",
        " staying",
        " in",
        " the",
        " capital",
        ","
    ],
    "rational-tokens": [
        5474,
        11406,
        287,
        16849,
        314,
        616,
        6364,
        16039,
        475,
        606,
        737,
        314,
        373,
        10589,
        287,
        262,
        3139,
        11
    ],
    "importance-scores": [
        5.370283062688941e-08,
        3.871124135912396e-06,
        0.0004781030584126711,
        0.039196502417325974,
        0.00015363955753855407,
        0.3132420480251312,
        3.514783486480155e-07,
        0.07569876313209534,
        2.0332681316403978e-08,
        1.998377108236582e-08,
        2.2763067590858554e-06,
        1.151472247329366e-06,
        0.00013991685409564525,
        4.517218599175976e-08,
        0.00010449256660649553,
        0.00011447798169683665,
        9.367591424780386e-11,
        4.896265295428748e-07,
        2.1315043063907524e-09,
        1.1628275160546764e-06,
        1.1347581221343717e-06,
        1.018247388628879e-07,
        9.51458645204184e-08,
        1.4040468343523571e-08,
        3.980600382647026e-08,
        3.2068328548184866e-10,
        1.3794667665933957e-06,
        1.9203940659906493e-09,
        7.206548616522923e-06,
        1.0849798854906112e-05,
        2.8743389890451e-08,
        8.053255839968188e-08,
        4.357523357612081e-05,
        1.0180383469560184e-07,
        0.09839940816164017,
        0.10006257146596909,
        8.658995298560512e-09,
        2.2473488570540212e-05,
        5.403846969898041e-08,
        0.10699126869440079,
        0.2653105556964874,
        1.172181964648189e-05
    ],
    "comments": {
        "created-by": "run_analogies.py",
        "args": {
            "model": "gpt2-medium",
            "cache_dir": "cache/",
            "tokenizer": "gpt2-medium",
            "data_dir": "data/analogies/gpt2/",
            "importance_results_dir": "rationalization_results/analogies/gpt2_ours/top3_replace0.1_max5000_batch10",
            "device": "cuda",
            "rationalization_config": "config/gpt2/top3_replace0.1_max5000_batch10.json",
            "input_num_ratio": 1.0,
            "logfolder": "logs/analogies/gpt2_ours/top3_replace0.1_max5000_batch10",
            "loglevel": 20
        },
        "time_elapsed": 34.32657313346863,
        "separate_rational": [
            [
                ").",
                " capital",
                " flight",
                " asleep",
                " I",
                " the",
                " staying",
                " Lebanon"
            ],
            [
                " Lebanon",
                " the",
                " I",
                ").",
                " my",
                " capital",
                " but",
                " them"
            ],
            [
                " I",
                " Lebanon",
                " the",
                " capital",
                ").",
                " in",
                " about",
                " staying"
            ],
            [
                " capital",
                " landed",
                " the",
                ".",
                " slowly",
                " in",
                ",",
                " Lebanon"
            ],
            [
                " capital",
                " Lebanon",
                " flight",
                " staying",
                " in",
                ").",
                " was",
                " my"
            ],
            [
                " Lebanon",
                " capital",
                ").",
                " the",
                " slowly",
                " flight",
                " tried",
                " in"
            ],
            [
                " I",
                " capital",
                " Lebanon",
                " currency",
                " the",
                " landed",
                ",",
                " to"
            ],
            [
                " Lebanon",
                " the",
                " capital",
                " my",
                " and",
                ",",
                " asleep",
                " but"
            ],
            [
                " the",
                " capital",
                " Lebanon",
                "I",
                " them",
                " (",
                " I",
                " I"
            ],
            [
                " capital",
                " Lebanon",
                " was",
                " was",
                " I",
                " I",
                " in",
                " the"
            ]
        ]
    }
}