{
    "$schema": "../docs/rationalization.schema.json",
    "id": 42,
    "input-text": [
        "When",
        " my",
        " flight",
        " landed",
        " in",
        " Portugal",
        ",",
        " I",
        " converted",
        " my",
        " currency",
        " and",
        " slowly",
        " fell",
        " asleep",
        ".",
        " (",
        "I",
        " was",
        " behind",
        " on",
        " a",
        " couple",
        " of",
        " assignments",
        ",",
        " but",
        " I",
        " tried",
        " not",
        " to",
        " think",
        " about",
        " them",
        ").",
        " I",
        " was",
        " staying",
        " in",
        " the",
        " capital",
        ","
    ],
    "input-tokens": [
        2215,
        616,
        5474,
        11406,
        287,
        19101,
        11,
        314,
        11513,
        616,
        7395,
        290,
        6364,
        3214,
        16039,
        13,
        357,
        40,
        373,
        2157,
        319,
        257,
        3155,
        286,
        25815,
        11,
        475,
        314,
        3088,
        407,
        284,
        892,
        546,
        606,
        737,
        314,
        373,
        10589,
        287,
        262,
        3139,
        11
    ],
    "target-text": " Lisbon",
    "target-token": 41898,
    "rational-size": 15,
    "rational-positions": [
        4,
        5,
        7,
        10,
        12,
        22,
        26,
        28,
        34,
        35,
        36,
        37,
        38,
        39,
        40
    ],
    "rational-text": [
        " in",
        " Portugal",
        " I",
        " currency",
        " slowly",
        " couple",
        " but",
        " tried",
        ").",
        " I",
        " was",
        " staying",
        " in",
        " the",
        " capital"
    ],
    "rational-tokens": [
        287,
        19101,
        314,
        7395,
        6364,
        3155,
        475,
        3088,
        737,
        314,
        373,
        10589,
        287,
        262,
        3139
    ],
    "importance-scores": [
        1.2302761476234991e-08,
        4.605126946444216e-09,
        2.07338839430804e-08,
        8.01477290224284e-06,
        1.810227331588976e-06,
        0.29513511061668396,
        9.716980997609426e-09,
        2.353245872654952e-05,
        4.852075363714903e-08,
        5.451004536638493e-09,
        1.015988271291235e-08,
        3.26287761254207e-08,
        4.892269771517022e-07,
        8.950283927333658e-07,
        9.190192606922665e-09,
        2.0791646875295555e-06,
        2.049806013815214e-08,
        4.8821766540640965e-06,
        2.2005583466544465e-10,
        7.096680860740889e-07,
        3.230578386137495e-06,
        4.207736381545146e-09,
        5.73839997741743e-06,
        1.986295572464769e-08,
        1.4194069253292696e-09,
        1.4810326298686505e-09,
        1.170801738226146e-06,
        4.033707227790728e-05,
        0.00033821380930021405,
        9.867445527333985e-08,
        1.9002814610757923e-07,
        6.628227424698707e-07,
        1.591132087197522e-10,
        6.590297751962737e-11,
        0.240746408700943,
        0.0002842161920852959,
        0.07632599025964737,
        6.2280560086946934e-06,
        1.3302667412062874e-06,
        0.20504438877105713,
        0.18195900321006775,
        6.506018689833581e-05
    ],
    "comments": {
        "created-by": "run_analogies.py",
        "args": {
            "model": "gpt2-medium",
            "cache_dir": "cache/",
            "tokenizer": "gpt2-medium",
            "data_dir": "data/analogies/gpt2/",
            "importance_results_dir": "rationalization_results/analogies/gpt2_ours/top3_replace0.1_max5000_batch10",
            "device": "cuda",
            "rationalization_config": "config/gpt2/top3_replace0.1_max5000_batch10.json",
            "input_num_ratio": 1.0,
            "logfolder": "logs/analogies/gpt2_ours/top3_replace0.1_max5000_batch10",
            "loglevel": 20
        },
        "time_elapsed": 81.28495669364929,
        "separate_rational": [
            [
                ").",
                " capital",
                " the",
                " was",
                " couple",
                " converted",
                " Portugal",
                " staying"
            ],
            [
                " capital",
                ").",
                " Portugal",
                " in",
                " about",
                " in",
                " slowly",
                " was"
            ],
            [
                " the",
                " was",
                " Portugal",
                " currency",
                ").",
                " capital",
                ",",
                " I"
            ],
            [
                " was",
                " capital",
                " the",
                ",",
                " staying",
                " Portugal",
                ").",
                " on"
            ],
            [
                ").",
                " capital",
                " I",
                "I",
                " was",
                " the",
                " Portugal",
                " I"
            ],
            [
                " the",
                " Portugal",
                " I",
                " capital",
                " I",
                " tried",
                " landed",
                " but"
            ],
            [
                " capital",
                " Portugal",
                " the",
                " staying",
                " in",
                " currency",
                " was",
                " but"
            ],
            [
                " Portugal",
                ").",
                " the",
                " tried",
                " I",
                " I",
                " couple",
                " capital"
            ],
            [
                " Portugal",
                " couple",
                ").",
                " in",
                " capital",
                " the",
                " and",
                " was"
            ],
            [
                " Portugal",
                " was",
                ").",
                " the",
                " in",
                " flight",
                " slowly",
                " capital"
            ]
        ]
    }
}