{
    "$schema": "../docs/rationalization.schema.json",
    "id": 5,
    "input-text": [
        "When",
        " my",
        " flight",
        " landed",
        " in",
        " Egypt",
        ",",
        " I",
        " converted",
        " my",
        " currency",
        " and",
        " slowly",
        " fell",
        " asleep",
        ".",
        " (",
        "I",
        " had",
        " a",
        " terrifying",
        " dream",
        " about",
        " my",
        " grandmother",
        ",",
        " but",
        " that",
        "'s",
        " a",
        " story",
        " for",
        " another",
        " time",
        ").",
        " I",
        " was",
        " staying",
        " in",
        " the",
        " capital",
        ","
    ],
    "input-tokens": [
        2215,
        616,
        5474,
        11406,
        287,
        6365,
        11,
        314,
        11513,
        616,
        7395,
        290,
        6364,
        3214,
        16039,
        13,
        357,
        40,
        550,
        257,
        17623,
        4320,
        546,
        616,
        18410,
        11,
        475,
        326,
        338,
        257,
        1621,
        329,
        1194,
        640,
        737,
        314,
        373,
        10589,
        287,
        262,
        3139,
        11
    ],
    "target-text": " Cairo",
    "target-token": 23732,
    "rational-size": 16,
    "rational-positions": [
        2,
        3,
        5,
        7,
        11,
        12,
        14,
        16,
        17,
        19,
        30,
        34,
        35,
        38,
        39,
        40
    ],
    "rational-text": [
        " flight",
        " landed",
        " Egypt",
        " I",
        " and",
        " slowly",
        " asleep",
        " (",
        "I",
        " a",
        " story",
        ").",
        " I",
        " in",
        " the",
        " capital"
    ],
    "rational-tokens": [
        5474,
        11406,
        6365,
        314,
        290,
        6364,
        16039,
        357,
        40,
        257,
        1621,
        737,
        314,
        287,
        262,
        3139
    ],
    "importance-scores": [
        2.4995661078719422e-05,
        3.139970431220718e-05,
        0.07318893820047379,
        3.714189347192587e-07,
        1.3903345461585559e-05,
        0.48561254143714905,
        0.0008985699387267232,
        0.00010568151628831401,
        5.635404886561446e-05,
        6.354190418278449e-08,
        0.0005408606375567615,
        0.00010714241943787783,
        3.681498856167309e-05,
        9.440669828109094e-07,
        4.042238288093358e-06,
        5.47779600310605e-05,
        0.00020788508118130267,
        0.006944612599909306,
        3.901798208971741e-06,
        8.428190631093457e-05,
        2.3352492917183554e-06,
        6.114773896115366e-06,
        3.994568942289334e-06,
        3.750985342776403e-05,
        5.0309863581787795e-05,
        1.0021294656326063e-06,
        2.1560352251981385e-05,
        9.609902917873114e-06,
        6.6892362156067975e-06,
        3.533348353812471e-05,
        0.05206329748034477,
        1.5286767052202777e-07,
        7.391391250166635e-07,
        4.8193953716690885e-08,
        0.0946933850646019,
        0.0016271292697638273,
        0.0001500448415754363,
        0.0008185808546841145,
        0.00013986047997605056,
        0.11763487756252289,
        0.1647772639989853,
        2.1120754354342353e-06
    ],
    "comments": {
        "created-by": "run_analogies.py",
        "args": {
            "model": "gpt2-medium",
            "cache_dir": "cache/",
            "tokenizer": "gpt2-medium",
            "data_dir": "data/analogies/gpt2/",
            "importance_results_dir": "rationalization_results/analogies/gpt2_ours/top3_replace0.1_max5000_batch10",
            "device": "cuda",
            "rationalization_config": "config/gpt2/top3_replace0.1_max5000_batch10.json",
            "input_num_ratio": 1.0,
            "logfolder": "logs/analogies/gpt2_ours/top3_replace0.1_max5000_batch10",
            "loglevel": 20
        },
        "time_elapsed": 21.815644025802612,
        "separate_rational": [
            [
                " Egypt",
                " the",
                " flight",
                ".",
                " capital",
                " I",
                " had",
                " slowly"
            ],
            [
                " the",
                " capital",
                " Egypt",
                " slowly",
                " but",
                ").",
                " story",
                " that"
            ],
            [
                " Egypt",
                ").",
                " the",
                " capital",
                " I",
                " I",
                " and",
                " was"
            ],
            [
                " capital",
                " story",
                " staying",
                " Egypt",
                " flight",
                " and",
                " the",
                " a"
            ],
            [
                " flight",
                " story",
                "I",
                " capital",
                ").",
                " Egypt",
                " I",
                " the"
            ],
            [
                " Egypt",
                " the",
                " another",
                " capital",
                " landed",
                " in",
                " I",
                " in"
            ],
            [
                " Egypt",
                " the",
                " flight",
                " story",
                " capital",
                " asleep",
                " dream",
                " and"
            ],
            [
                ").",
                " the",
                " flight",
                " Egypt",
                " capital",
                " (",
                " in",
                " I"
            ],
            [
                " Egypt",
                " the",
                "'s",
                " a",
                " my",
                " capital",
                " about",
                " landed"
            ],
            [
                " capital",
                " the",
                "I",
                " landed",
                " asleep",
                ",",
                " Egypt",
                " ("
            ]
        ]
    }
}