{
    "$schema": "../docs/rationalization.schema.json",
    "id": 93,
    "input-text": [
        "I",
        " knew",
        " it",
        " was",
        " small",
        ",",
        " but",
        " that",
        "'s",
        " before",
        " I",
        " saw",
        " it",
        " in",
        " person",
        ".",
        " (",
        "Just",
        " then",
        " I",
        " thought",
        " about",
        " my",
        " ex",
        "-",
        "wife",
        ",",
        " but",
        " I",
        " had",
        " to",
        " stop",
        " thinking",
        " about",
        " her",
        ").",
        " When",
        " I",
        " did",
        " end",
        " up",
        " seeing",
        " it",
        " in",
        " person",
        ",",
        " it",
        " was",
        " even"
    ],
    "input-tokens": [
        40,
        2993,
        340,
        373,
        1402,
        11,
        475,
        326,
        338,
        878,
        314,
        2497,
        340,
        287,
        1048,
        13,
        357,
        5703,
        788,
        314,
        1807,
        546,
        616,
        409,
        12,
        22095,
        11,
        475,
        314,
        550,
        284,
        2245,
        3612,
        546,
        607,
        737,
        1649,
        314,
        750,
        886,
        510,
        4379,
        340,
        287,
        1048,
        11,
        340,
        373,
        772
    ],
    "target-text": " smaller",
    "target-token": 4833,
    "rational-size": 16,
    "rational-positions": [
        2,
        3,
        4,
        17,
        23,
        30,
        35,
        36,
        37,
        38,
        41,
        42,
        45,
        46,
        47,
        48
    ],
    "rational-text": [
        " it",
        " was",
        " small",
        "Just",
        " ex",
        " to",
        ").",
        " When",
        " I",
        " did",
        " seeing",
        " it",
        ",",
        " it",
        " was",
        " even"
    ],
    "rational-tokens": [
        340,
        373,
        1402,
        5703,
        409,
        284,
        737,
        1649,
        314,
        750,
        4379,
        340,
        11,
        340,
        373,
        772
    ],
    "importance-scores": [
        0.0020113387145102024,
        6.215505709405988e-05,
        0.00035399539046920836,
        0.06758275628089905,
        0.23012161254882812,
        5.250298272585496e-05,
        2.637728584886645e-06,
        1.325460289081093e-05,
        2.1861558707314543e-05,
        2.995861905219499e-07,
        3.074786945944652e-06,
        4.87056422571186e-06,
        1.0757061090771458e-06,
        5.341348696674686e-07,
        1.3458844705382944e-06,
        0.0013143871910870075,
        1.0033844546342152e-06,
        0.0021629773546010256,
        1.6397756326114177e-06,
        2.997568913087889e-07,
        3.0486823732189805e-08,
        1.4156996712699765e-06,
        0.0006544693605974317,
        9.458170097786933e-05,
        3.1781623874849174e-06,
        2.5154197373922216e-06,
        3.151390615130367e-07,
        1.393419188389089e-05,
        1.4977610263144925e-08,
        5.205670845498389e-07,
        0.0018680341308936477,
        2.8740638299495913e-05,
        1.8218277091364143e-06,
        0.0006237918278202415,
        2.586542905191891e-05,
        1.2176768905192148e-05,
        0.021319102495908737,
        1.5564273780910298e-05,
        0.0001165330977528356,
        5.172212240722729e-06,
        3.5544115235097706e-05,
        0.00011087370512541384,
        0.020277326926589012,
        1.547494399289917e-08,
        9.478736501478124e-06,
        3.6772766179637983e-05,
        0.0020238999277353287,
        0.3688546121120453,
        0.2801501154899597
    ],
    "comments": {
        "created-by": "run_analogies.py",
        "args": {
            "model": "gpt2-medium",
            "cache_dir": "cache/",
            "tokenizer": "gpt2-medium",
            "data_dir": "data/analogies/gpt2/",
            "importance_results_dir": "rationalization_results/analogies/gpt2_ours/top3_replace0.1_max5000_batch10",
            "device": "cuda",
            "rationalization_config": "config/gpt2/top3_replace0.1_max5000_batch10.json",
            "input_num_ratio": 1.0,
            "logfolder": "logs/analogies/gpt2_ours/top3_replace0.1_max5000_batch10",
            "loglevel": 20
        },
        "time_elapsed": 45.68508720397949,
        "separate_rational": [
            [
                " was",
                " When",
                " small",
                " even",
                " I",
                " it",
                " I",
                " was"
            ],
            [
                " even",
                " small",
                "Just",
                "I",
                " to",
                " about",
                " did",
                " ex"
            ],
            [
                " small",
                " was",
                " was",
                ",",
                " even",
                " it",
                "Just",
                " When"
            ],
            [
                " small",
                " was",
                " it",
                ",",
                " was",
                " seeing",
                " even",
                ")."
            ],
            [
                " was",
                " it",
                " it",
                " it",
                " seeing",
                " was",
                " even",
                " small"
            ],
            [
                " even",
                " I",
                " it",
                " was",
                ",",
                " was",
                " small",
                " it"
            ],
            [
                " was",
                " When",
                " small",
                " was",
                ".",
                " my",
                " it",
                " even"
            ],
            [
                " was",
                " even",
                " small",
                " ex",
                " it",
                " did",
                ").",
                " was"
            ],
            [
                " even",
                " small",
                " was",
                " I",
                " it",
                ").",
                " I",
                " was"
            ],
            [
                " was",
                " was",
                " small",
                " did",
                " it",
                " even",
                " I",
                " to"
            ]
        ]
    }
}