{
    "$schema": "../docs/rationalization.schema.json",
    "id": 95,
    "input-text": [
        "I",
        " knew",
        " it",
        " was",
        " tall",
        ",",
        " but",
        " that",
        "'s",
        " before",
        " I",
        " saw",
        " it",
        " in",
        " person",
        ".",
        " (",
        "Just",
        " then",
        " I",
        " thought",
        " about",
        " my",
        " ex",
        "-",
        "wife",
        ",",
        " but",
        " I",
        " had",
        " to",
        " stop",
        " thinking",
        " about",
        " her",
        ").",
        " When",
        " I",
        " did",
        " end",
        " up",
        " seeing",
        " it",
        " in",
        " person",
        ",",
        " it",
        " was",
        " even"
    ],
    "input-tokens": [
        40,
        2993,
        340,
        373,
        7331,
        11,
        475,
        326,
        338,
        878,
        314,
        2497,
        340,
        287,
        1048,
        13,
        357,
        5703,
        788,
        314,
        1807,
        546,
        616,
        409,
        12,
        22095,
        11,
        475,
        314,
        550,
        284,
        2245,
        3612,
        546,
        607,
        737,
        1649,
        314,
        750,
        886,
        510,
        4379,
        340,
        287,
        1048,
        11,
        340,
        373,
        772
    ],
    "target-text": " taller",
    "target-token": 25242,
    "rational-size": 13,
    "rational-positions": [
        2,
        3,
        4,
        24,
        27,
        33,
        36,
        37,
        39,
        42,
        45,
        47,
        48
    ],
    "rational-text": [
        " it",
        " was",
        " tall",
        "-",
        " but",
        " about",
        " When",
        " I",
        " end",
        " it",
        ",",
        " was",
        " even"
    ],
    "rational-tokens": [
        340,
        373,
        7331,
        12,
        475,
        546,
        1649,
        314,
        886,
        340,
        11,
        373,
        772
    ],
    "importance-scores": [
        0.0005024956190027297,
        0.0028953105211257935,
        0.09834273904561996,
        0.07001996785402298,
        0.38940978050231934,
        0.0018835903611034155,
        0.0009529058588668704,
        0.00027235038578510284,
        0.004155983682721853,
        0.0005235046264715493,
        0.002924795728176832,
        0.0018656986067071557,
        0.0006479820003733039,
        0.00019214305211789906,
        0.0004839233588427305,
        0.0007431103149428964,
        0.00028162129456177354,
        0.0009950798703357577,
        0.0006557939341291785,
        0.00034288904862478375,
        0.06514821201562881,
        0.0010207552695646882,
        0.0009634175221435726,
        0.0003744061104953289,
        0.00304013816639781,
        0.001012172200717032,
        0.00018420630658511072,
        0.0007294501410797238,
        0.00020732257689815015,
        0.0025271009653806686,
        0.0003868094936478883,
        0.0007356431451626122,
        0.004653359763324261,
        0.0033557736314833164,
        0.0024781280662864447,
        0.001960772555321455,
        0.05659586191177368,
        0.006734780967235565,
        0.00012183211219962686,
        0.0018098019063472748,
        0.0002748495899140835,
        0.0003254183102399111,
        0.04311642050743103,
        0.00042217125883325934,
        0.0007720394642092288,
        0.011914386413991451,
        0.0007220926927402616,
        0.004400671925395727,
        0.2059202939271927
    ],
    "comments": {
        "created-by": "run_analogies.py",
        "args": {
            "model": "gpt2-medium",
            "cache_dir": "cache/",
            "tokenizer": "gpt2-medium",
            "data_dir": "data/analogies/gpt2/",
            "importance_results_dir": "rationalization_results/analogies/gpt2_ours/top3_replace0.1_max5000_batch10",
            "device": "cuda",
            "rationalization_config": "config/gpt2/top3_replace0.1_max5000_batch10.json",
            "input_num_ratio": 1.0,
            "logfolder": "logs/analogies/gpt2_ours/top3_replace0.1_max5000_batch10",
            "loglevel": 20
        },
        "time_elapsed": 57.9106080532074,
        "separate_rational": [
            [
                " tall",
                " even",
                " was",
                " but",
                ",",
                " was",
                ",",
                " When"
            ],
            [
                " When",
                " even",
                " end",
                " that",
                " was",
                " but",
                " tall",
                " was"
            ],
            [
                " tall",
                " even",
                ",",
                ").",
                " it",
                " saw",
                " was",
                " about"
            ],
            [
                " tall",
                " it",
                " was",
                " but",
                " was",
                " person",
                " even",
                " it"
            ],
            [
                " thought",
                " even",
                " tall",
                " had",
                " I",
                " was",
                " it",
                " was"
            ],
            [
                " was",
                " even",
                " When",
                " person",
                " tall",
                " I",
                " stop",
                " was"
            ],
            [
                " even",
                " it",
                " was",
                " tall",
                " ex",
                " I",
                " about",
                "-"
            ],
            [
                " it",
                " her",
                " tall",
                " end",
                " was",
                " even",
                " was",
                " When"
            ],
            [
                " even",
                " tall",
                ",",
                " I",
                " thinking",
                "'s",
                " was",
                "-"
            ],
            [
                " tall",
                " even",
                " was",
                "I",
                " it",
                " but",
                " it",
                " was"
            ]
        ]
    }
}