suff,comp,random_suff,random_comp
0.05328619759428348,0.7667897685096343,0.09212390892949864,0.8360531613452741
