suff,comp,random_suff,random_comp
0.005672201031249702,0.00842765183725792,0.00523831018812871,0.007662468425493773
