suff,comp,random_suff,random_comp
0.007123260652231717,0.17551898656427223,0.01690185715019016,0.2685650378327795
