suff,comp,random_suff,random_comp
0.040289710495265856,0.7224311814341762,0.051222040189451555,0.6776755227782147
