suff,comp,random_suff,random_comp
0.040289710495265856,0.7224311814341762,0.056043977668952485,0.6853238000665873
