suff,comp,random_suff,random_comp
0.010211684844813596,7.998967678347014e-05,0.011065207054581035,8.063723333511568e-05
