suff,comp,random_suff,random_comp
0.033910116941289495,0.3591550070345222,0.0367079607581054,0.44368347761192256
