suff,comp,random_suff,random_comp
0.05347254006434696,0.735232056230039,0.07227446101607755,0.7867039395145065
