suff,comp,random_suff,random_comp
0.06571418769531136,0.7614814000564465,0.12388704254174064,0.8763465421626593
