suff,comp,random_suff,random_comp
0.05347254006434696,0.735232056230039,0.0705318406778588,0.793345551555108
