suff,comp,random_suff,random_comp
0.0051229479178453614,0.008595076409930116,0.004867102714793837,0.008081590522530427
