suff,comp,random_suff,random_comp
0.007123260652231717,0.17551898656427223,0.01693229313729905,0.27510700974176966
