suff,comp,random_suff,random_comp
0.033910116941289495,0.3591550070345222,0.03417513945109218,0.46218525975142627
