target_pos,target_token,norm_suff,random_suff,norm_comp,random_comp
21, east,0.0,0.0,0.02039548195898533,0.007184211164712906
23, Hawaii,0.0,0.0,0.04736682027578354,0.01766330562531948
25, The,0.0,0.0,0.02028186246752739,0.011246049776673317
27, is,0.0037216676864773035,0.0,0.007852856069803238,0.007772196549922228
29,ordered,0.00026560164405964315,0.0,0.0005855638300999999,0.00017689826199784875
