target_pos,target_token,norm_suff,random_suff,norm_comp,random_comp
27, The,0.0,0.025736909359693527,0.01124138105660677,0.006717274431139231
29,eng,0.0004527830460574478,0.0,0.009979238733649254,0.002615690464153886
31, period,0.013914454728364944,0.006159959360957146,0.07274423539638519,0.023208031430840492
33, marked,0.0,0.01569744199514389,0.008548621088266373,0.0034611921291798353
35, the,0.006793395150452852,0.02267923578619957,0.007786980364471674,0.005932488478720188
