norm_suff_mean,random_suff_mean,norm_comp_mean,random_comp_mean,final suff,final comp,target_tokens
0.0042321267537772655,0.014054710045456886,0.02206009067595005,0.008386935107409954,0.30111804604530334,1.981730580329895, The$eng$ period$ marked$ the
