target_pos,target_token,norm_suff,random_suff,norm_comp,random_comp
17, in,0.01460274774581194,0.014362320303916931,0.03541650250554085,0.015489096753299236
19, upper,0.0,0.007780768442898989,0.026018941774964333,0.011286652646958828
21,.,0.0,0.0,0.01437526848167181,0.01064800564199686
23, was,0.0,0.0,0.016880063340067863,0.008381886407732964
25, in,0.0,0.0,0.024681296199560165,0.011882997117936611
