norm_suff_mean,random_suff_mean,norm_comp_mean,random_comp_mean,final suff,final comp,target_tokens
0.0029205495957285166,0.0044286176562309265,0.02347441390156746,0.011537727899849415,0.6594720482826233,3.950533151626587, in$ upper$.$ was$ in
