target_pos,target_token,norm_suff,random_suff,norm_comp,random_comp
12, They,0.0,0.004854417871683836,0.04548228532075882,0.021975038573145866
14, used,0.0,0.005222028587013483,0.05576595291495323,0.0281028114259243
16, many,0.004829832818359137,0.00317850592546165,0.06717549264431,0.011758082546293736
18,",",0.0,0.0,0.011318343691527843,0.012306724674999714
20, cooking,0.0,0.0,0.04540934041142464,0.03661365434527397
