norm_suff_mean,random_suff_mean,norm_comp_mean,random_comp_mean,final suff,final comp,target_tokens
0.0009659665520302951,0.00265099061653018,0.04503028467297554,0.022151261568069458,0.3643794655799866,22.93170738220215," They$ used$ many$,$ cooking"
