target_pos,target_token,norm_suff,random_suff,norm_comp,random_comp
20, until,0.0,0.0,0.012539790943264961,0.013207717798650265
22, French,0.0,0.0,0.01764526404440403,0.009211988188326359
24, in,0.1288304477930069,0.0,0.017001211643218994,0.005449381191283464
26,89,0.0,0.0,0.01077230367809534,0.004495222121477127
28, The,0.0,0.014929783530533314,0.015803728252649307,0.006812064442783594
