norm_suff_mean,random_suff_mean,norm_comp_mean,random_comp_mean,final suff,final comp,target_tokens
0.02576608955860138,0.002985956845805049,0.014752459712326527,0.007835275493562222,8.62908935546875,0.30409252643585205, until$ French$ in$89$ The
