{
    "$schema": "../docs/rationalization.schema.json",
    "id": 0,
    "input-text": [
        "</s>",
        "When",
        " my",
        " flight",
        " landed",
        " in",
        " Russia",
        ",",
        " I",
        " converted",
        " my",
        " currency",
        " and",
        " slowly",
        " fell",
        " asleep",
        ".",
        " (",
        "I",
        " had",
        " a",
        " terrifying",
        " dream",
        " about",
        " my",
        " grandmother",
        ",",
        " but",
        " that",
        "'s",
        " a",
        " story",
        " for",
        " another",
        " time",
        ").",
        " I",
        " was",
        " staying",
        " in",
        " the",
        " capital",
        ","
    ],
    "input-tokens": [
        2,
        1779,
        127,
        2524,
        5932,
        11,
        798,
        6,
        38,
        8417,
        127,
        2593,
        8,
        5764,
        1064,
        15028,
        4,
        36,
        100,
        56,
        10,
        15567,
        3366,
        59,
        127,
        8853,
        6,
        53,
        14,
        18,
        10,
        527,
        13,
        277,
        86,
        322,
        38,
        21,
        4959,
        11,
        5,
        812,
        6
    ],
    "target-text": " Moscow",
    "target-token": 3467,
    "rational-size": 5,
    "rational-positions": [
        0,
        42,
        41,
        35,
        16
    ],
    "rational-text": [
        "</s>",
        ",",
        " capital",
        ").",
        "."
    ],
    "rational-tokens": [
        2,
        6,
        812,
        322,
        4
    ],
    "importance-scores": [
        0.040196239948272705,
        0.022775227203965187,
        0.022713538259267807,
        0.022712279111146927,
        0.0227206964045763,
        0.022770076990127563,
        0.023036809638142586,
        0.022954612970352173,
        0.022763941437005997,
        0.022714434191584587,
        0.022713517770171165,
        0.022706087678670883,
        0.022810064256191254,
        0.022684792056679726,
        0.022693876177072525,
        0.022706611081957817,
        0.023318180814385414,
        0.02279999479651451,
        0.022708512842655182,
        0.022711368277668953,
        0.02275877445936203,
        0.022684264928102493,
        0.022706300020217896,
        0.022731008008122444,
        0.022718682885169983,
        0.02270028181374073,
        0.023013610392808914,
        0.022786341607570648,
        0.022737057879567146,
        0.022744199261069298,
        0.02276652306318283,
        0.022687159478664398,
        0.022756122052669525,
        0.022716326639056206,
        0.02269267849624157,
        0.02347819320857525,
        0.02289694920182228,
        0.022915342822670937,
        0.02299276553094387,
        0.023018833249807358,
        0.02301306277513504,
        0.023614758625626564,
        0.023659871891140938
    ],
    "comments": {
        "created-by": "run_analogies.py",
        "args": {
            "model": "KoboldAI/OPT-6.7B-Erebus",
            "cache_dir": "./cache/",
            "tokenizer": "KoboldAI/OPT-6.7B-Erebus",
            "data_dir": "data/analogies/OPT6B/",
            "importance_results_dir": "rationalization_results/analogies/OPT6B_attention",
            "device": "cuda",
            "rationalization_config": "config/eva_attention.json",
            "input_num_ratio": 1,
            "logfolder": "logs/analogies/OPT6B_attention",
            "loglevel": 20
        },
        "time_elapsed": 0.9130165576934814
    }
}