{
    "$schema": "../docs/rationalization.schema.json",
    "id": 11,
    "input-text": [
        "</s>",
        "I",
        " knew",
        " it",
        " was",
        " good",
        ",",
        " but",
        " that",
        "'s",
        " before",
        " I",
        " saw",
        " it",
        " in",
        " person",
        ".",
        " (",
        "Just",
        " then",
        " I",
        " thought",
        " about",
        " my",
        " ex",
        "-",
        "wife",
        ",",
        " but",
        " I",
        " had",
        " to",
        " stop",
        " thinking",
        " about",
        " her",
        ").",
        " When",
        " I",
        " did",
        " end",
        " up",
        " seeing",
        " it",
        " in",
        " person",
        ",",
        " it",
        " was",
        " even"
    ],
    "input-tokens": [
        2,
        100,
        1467,
        24,
        21,
        205,
        6,
        53,
        14,
        18,
        137,
        38,
        794,
        24,
        11,
        621,
        4,
        36,
        6785,
        172,
        38,
        802,
        59,
        127,
        1931,
        12,
        12295,
        6,
        53,
        38,
        56,
        7,
        912,
        2053,
        59,
        69,
        322,
        520,
        38,
        222,
        253,
        62,
        1782,
        24,
        11,
        621,
        6,
        24,
        21,
        190
    ],
    "target-text": " better",
    "target-token": 357,
    "rational-size": 5,
    "rational-positions": [
        0,
        46,
        36,
        16,
        48
    ],
    "rational-text": [
        "</s>",
        ",",
        ").",
        ".",
        " was"
    ],
    "rational-tokens": [
        2,
        6,
        322,
        4,
        21
    ],
    "importance-scores": [
        0.034664902836084366,
        0.019730236381292343,
        0.019610125571489334,
        0.01960783638060093,
        0.019604597240686417,
        0.019801205024123192,
        0.01985190063714981,
        0.019698387011885643,
        0.019628534093499184,
        0.019618850201368332,
        0.019656948745250702,
        0.019605310633778572,
        0.019600676372647285,
        0.019630132243037224,
        0.019631044939160347,
        0.019651196897029877,
        0.020060310140252113,
        0.019669184461236,
        0.01958627812564373,
        0.019595228135585785,
        0.019601790234446526,
        0.01960110478103161,
        0.01960678957402706,
        0.019609196111559868,
        0.019591758027672768,
        0.019596824422478676,
        0.019591206684708595,
        0.0197981558740139,
        0.019653312861919403,
        0.019603583961725235,
        0.01959882117807865,
        0.019634798169136047,
        0.019589653238654137,
        0.019594484940171242,
        0.01960461400449276,
        0.01960645243525505,
        0.020181065425276756,
        0.01978648081421852,
        0.01966339908540249,
        0.01964559406042099,
        0.019636111333966255,
        0.019644975662231445,
        0.019696107134222984,
        0.01976454257965088,
        0.019722139462828636,
        0.019736243411898613,
        0.0202192310243845,
        0.019956104457378387,
        0.020050399005413055,
        0.019912179559469223
    ],
    "comments": {
        "created-by": "run_analogies.py",
        "args": {
            "model": "KoboldAI/OPT-6.7B-Erebus",
            "cache_dir": "./cache/",
            "tokenizer": "KoboldAI/OPT-6.7B-Erebus",
            "data_dir": "data/analogies/OPT6B/",
            "importance_results_dir": "rationalization_results/analogies/OPT6B_attention",
            "device": "cuda",
            "rationalization_config": "config/eva_attention.json",
            "input_num_ratio": 1,
            "logfolder": "logs/analogies/OPT6B_attention",
            "loglevel": 20
        },
        "time_elapsed": 0.07936286926269531
    }
}