{
    "$schema": "../docs/rationalization.schema.json",
    "id": 62,
    "input-text": [
        "As",
        " soon",
        " as",
        " I",
        " arrived",
        " in",
        " Armenia",
        ",",
        " I",
        " checked",
        " into",
        " my",
        " hotel",
        " and",
        " took",
        " a",
        " long",
        " nap",
        ".",
        " (",
        "I",
        " had",
        " finally",
        " finished",
        " the",
        " book",
        " I",
        " was",
        " reading",
        " and",
        " it",
        " was",
        " amazing",
        ").",
        " I",
        " had",
        " to",
        " figure",
        " out",
        " the",
        " exchange",
        " rate",
        " to",
        " the",
        " local",
        " currency",
        ",",
        " which",
        " is",
        " apparently",
        " called",
        " the"
    ],
    "input-tokens": [
        1722,
        2582,
        355,
        314,
        5284,
        287,
        32369,
        11,
        314,
        10667,
        656,
        616,
        7541,
        290,
        1718,
        257,
        890,
        25422,
        13,
        357,
        40,
        550,
        3443,
        5201,
        262,
        1492,
        314,
        373,
        3555,
        290,
        340,
        373,
        4998,
        737,
        314,
        550,
        284,
        3785,
        503,
        262,
        5163,
        2494,
        284,
        262,
        1957,
        7395,
        11,
        543,
        318,
        5729,
        1444,
        262
    ],
    "target-text": " dram",
    "target-token": 4850,
    "rational-size": 5,
    "rational-positions": [
        0,
        1,
        2,
        3,
        4
    ],
    "rational-text": [
        "As",
        " soon",
        " as",
        " I",
        " arrived"
    ],
    "rational-tokens": [
        1722,
        2582,
        355,
        314,
        5284
    ],
    "importance-scores": [
        0.05060253292322159,
        0.018615636974573135,
        0.018615636974573135,
        0.018615636974573135,
        0.018615636974573135,
        0.018615636974573135,
        0.018615636974573135,
        0.018615636974573135,
        0.018615636974573135,
        0.018615636974573135,
        0.018615636974573135,
        0.018615636974573135,
        0.018615636974573135,
        0.018615636974573135,
        0.018615636974573135,
        0.018615636974573135,
        0.018615636974573135,
        0.018615636974573135,
        0.018615636974573135,
        0.018615636974573135,
        0.018615636974573135,
        0.018615636974573135,
        0.018615636974573135,
        0.018615636974573135,
        0.018615636974573135,
        0.018615636974573135,
        0.018615636974573135,
        0.018615636974573135,
        0.018615636974573135,
        0.018615636974573135,
        0.018615636974573135,
        0.018615636974573135,
        0.018615636974573135,
        0.018615636974573135,
        0.018615636974573135,
        0.018615636974573135,
        0.018615636974573135,
        0.018615636974573135,
        0.018615636974573135,
        0.018615636974573135,
        0.018615636974573135,
        0.018615636974573135,
        0.018615636974573135,
        0.018615636974573135,
        0.018615636974573135,
        0.018615636974573135,
        0.018615636974573135,
        0.018615636974573135,
        0.018615636974573135,
        0.018615636974573135,
        0.018615636974573135,
        0.018615636974573135
    ],
    "comments": {
        "created-by": "run_analogies.py",
        "args": {
            "model": "gpt2-xl",
            "cache_dir": "./cache/",
            "tokenizer": "gpt2-xl",
            "data_dir": "data/analogies/gpt2_xl/",
            "importance_results_dir": "rationalization_results/analogies/gpt2_xl_attention_rollout",
            "device": "cuda",
            "rationalization_config": "config/eva_attention_rollout.json",
            "input_num_ratio": 1,
            "logfolder": "logs/analogies/gpt2_xl_attention_rollout",
            "loglevel": 20
        },
        "time_elapsed": 0.037233591079711914
    }
}