{
    "$schema": "../docs/rationalization.schema.json",
    "id": 104,
    "input-text": [
        "I",
        " thought",
        " it",
        " would",
        " be",
        " the",
        " highest",
        " thing",
        " I",
        "'d",
        " ever",
        " encounter",
        ".",
        " (",
        "I",
        " tried",
        " to",
        " ignore",
        " my",
        " phone",
        " vibr",
        "ating",
        " in",
        " my",
        " pocket",
        ").",
        " But",
        " when",
        " I",
        " did",
        " end",
        " up",
        " encountering",
        " it",
        ",",
        " it",
        " turned",
        " out",
        " it",
        " wasn",
        "'t",
        " so"
    ],
    "input-tokens": [
        40,
        1807,
        340,
        561,
        307,
        262,
        4511,
        1517,
        314,
        1549,
        1683,
        8791,
        13,
        357,
        40,
        3088,
        284,
        8856,
        616,
        3072,
        12611,
        803,
        287,
        616,
        10000,
        737,
        887,
        618,
        314,
        750,
        886,
        510,
        42398,
        340,
        11,
        340,
        2900,
        503,
        340,
        2492,
        470,
        523
    ],
    "target-text": " high",
    "target-token": 1029,
    "rational-size": 5,
    "rational-positions": [
        0,
        40,
        41,
        6,
        32
    ],
    "rational-text": [
        "I",
        "'t",
        " so",
        " highest",
        " encountering"
    ],
    "rational-tokens": [
        40,
        470,
        523,
        4511,
        42398
    ],
    "importance-scores": [
        0.033727556467056274,
        0.02350570261478424,
        0.023378249257802963,
        0.023408299311995506,
        0.023584572598338127,
        0.023530568927526474,
        0.023951269686222076,
        0.023589683696627617,
        0.023275725543498993,
        0.023256199434399605,
        0.023283714428544044,
        0.023676874116063118,
        0.023695699870586395,
        0.023499704897403717,
        0.023369714617729187,
        0.023371081799268723,
        0.02335742488503456,
        0.023525534197688103,
        0.023481113836169243,
        0.02347312495112419,
        0.023471036925911903,
        0.023651806637644768,
        0.0234238151460886,
        0.023308588191866875,
        0.02347717620432377,
        0.02358032763004303,
        0.023494502529501915,
        0.023402437567710876,
        0.023343726992607117,
        0.023279838263988495,
        0.02324090152978897,
        0.023394929245114326,
        0.02379033714532852,
        0.023705005645751953,
        0.023466000333428383,
        0.023536600172519684,
        0.02377614751458168,
        0.023568615317344666,
        0.023459438234567642,
        0.02331419847905636,
        0.026287587359547615,
        0.0240851528942585
    ],
    "comments": {
        "created-by": "run_analogies.py",
        "args": {
            "model": "gpt2-medium",
            "cache_dir": null,
            "tokenizer": "gpt2-medium",
            "data_dir": "data/analogies/gpt2/",
            "importance_results_dir": "rationalization_results/analogies/gpt2-medium_",
            "device": "cuda",
            "rationalization_config": "config/gpt2-medium_all_attention.json",
            "input_num_ratio": 1,
            "logfile": "logs/analogies/gpt2-medium_all_attention_extracting.log",
            "loglevel": 20
        },
        "time_elapsed": 0.013380765914916992
    }
}