{
    "$schema": "../docs/rationalization.schema.json",
    "id": 58,
    "input-text": [
        "As",
        " soon",
        " as",
        " I",
        " arrived",
        " in",
        " Europe",
        ",",
        " I",
        " checked",
        " into",
        " my",
        " hotel",
        " and",
        " took",
        " a",
        " long",
        " nap",
        ".",
        " (",
        "I",
        " had",
        " finally",
        " finished",
        " the",
        " book",
        " I",
        " was",
        " reading",
        " and",
        " it",
        " was",
        " amazing",
        ").",
        " I",
        " had",
        " to",
        " figure",
        " out",
        " the",
        " exchange",
        " rate",
        " to",
        " the",
        " local",
        " currency",
        ",",
        " which",
        " is",
        " apparently",
        " called",
        " the"
    ],
    "input-tokens": [
        1722,
        2582,
        355,
        314,
        5284,
        287,
        2031,
        11,
        314,
        10667,
        656,
        616,
        7541,
        290,
        1718,
        257,
        890,
        25422,
        13,
        357,
        40,
        550,
        3443,
        5201,
        262,
        1492,
        314,
        373,
        3555,
        290,
        340,
        373,
        4998,
        737,
        314,
        550,
        284,
        3785,
        503,
        262,
        5163,
        2494,
        284,
        262,
        1957,
        7395,
        11,
        543,
        318,
        5729,
        1444,
        262
    ],
    "target-text": " Euro",
    "target-token": 1898,
    "rational-size": 5,
    "rational-positions": [
        0,
        50,
        51,
        40,
        46
    ],
    "rational-text": [
        "As",
        " called",
        " the",
        " exchange",
        ","
    ],
    "rational-tokens": [
        1722,
        1444,
        262,
        5163,
        11
    ],
    "importance-scores": [
        0.02774646505713463,
        0.018866922706365585,
        0.01908830925822258,
        0.019015591591596603,
        0.018926551565527916,
        0.01919086091220379,
        0.0190855972468853,
        0.019055873155593872,
        0.01897396147251129,
        0.018971871584653854,
        0.019093653187155724,
        0.01892593316733837,
        0.01894117146730423,
        0.018937673419713974,
        0.018895044922828674,
        0.01899862475693226,
        0.01889035478234291,
        0.018924735486507416,
        0.019087467342615128,
        0.019103744998574257,
        0.01892857253551483,
        0.018930761143565178,
        0.01890931837260723,
        0.01894005388021469,
        0.01900862716138363,
        0.01900121010839939,
        0.018875623121857643,
        0.01886976882815361,
        0.018916016444563866,
        0.01890557073056698,
        0.018932538107037544,
        0.018894517794251442,
        0.01888500526547432,
        0.019029969349503517,
        0.01895288936793804,
        0.018937742337584496,
        0.018929651007056236,
        0.018853994086384773,
        0.018907902762293816,
        0.01899006962776184,
        0.019355714321136475,
        0.01908048428595066,
        0.019063111394643784,
        0.01914372108876705,
        0.01918843761086464,
        0.019236264750361443,
        0.019332213327288628,
        0.01890992932021618,
        0.019317293539643288,
        0.019254105165600777,
        0.020564215257763863,
        0.020234260708093643
    ],
    "comments": {
        "created-by": "run_analogies.py",
        "args": {
            "model": "gpt2-medium",
            "cache_dir": null,
            "tokenizer": "gpt2-medium",
            "data_dir": "data/analogies/gpt2/",
            "importance_results_dir": "rationalization_results/analogies/gpt2-medium_",
            "device": "cuda",
            "rationalization_config": "config/gpt2-medium_all_attention.json",
            "input_num_ratio": 1,
            "logfile": "logs/analogies/gpt2-medium_all_attention_extracting.log",
            "loglevel": 20
        },
        "time_elapsed": 0.015572309494018555
    }
}