target_pos,target_token,norm_suff,random_suff,norm_comp,random_comp
44,"
",0.0,0.0,0.018562471494078636,0.07514987885951996
46,I,0.0,0.0,0.028094731271266937,0.09777723252773285
48, it,0.0,0.061131495982408524,0.04417753219604492,0.01751708798110485
50, because,0.0,0.0,0.010909948498010635,0.0509694367647171
52, was,0.017575345933437347,0.0,0.014391254633665085,0.021432412788271904
