target_pos,target_token,norm_suff,random_suff,norm_comp,random_comp
45,"
",0.09552310407161713,0.0,0.020913412794470787,0.03599826619029045
47,A,0.0,0.0,0.0064412071369588375,0.0058394125662744045
49,"
",0.03585224971175194,0.006650411989539862,0.004569586366415024,0.0021570620592683554
51,The,0.0,0.035333696752786636,0.01439114473760128,0.014464582316577435
53, sent,0.0,0.026043372228741646,0.00841399747878313,0.06140756607055664
