norm_suff_mean,random_suff_mean,norm_comp_mean,random_comp_mean,final suff,final comp,target_tokens
0.026275072246789932,0.013605496846139431,0.010945870541036129,0.023973379284143448,1.9312100410461426,0.9124001264572144,"
$A$
$The$ sent"
