norm_suff_mean,random_suff_mean,norm_comp_mean,random_comp_mean,final suff,final comp,target_tokens
0.0035150691401213408,0.01222629938274622,0.023227188736200333,0.05256921052932739,0.28750064969062805,14.955384254455566,"
$I$ it$ because$ was"
