target_pos,target_token,norm_suff,random_suff,norm_comp,random_comp
49, I,0.02449740841984749,0.0,0.021613001823425293,0.013753433711826801
51,'t,0.0,0.0006973790586926043,0.0021277586929500103,0.009766762144863605
53,.,0.05191566050052643,0.09901748597621918,0.03620417043566704,0.011189543642103672
55, just,0.0,0.008074533194303513,0.00705750472843647,0.01714463345706463
57,.,0.033795036375522614,0.01174132339656353,0.02684710919857025,0.029520098119974136
