target_pos,target_token,norm_suff,random_suff,norm_comp,random_comp
50,"
",0.0,0.02651466242969036,0.019618533551692963,0.03153634071350098
52,A,0.0,0.0,0.006824923679232597,0.017387602478265762
54,"
",0.0,0.04103138670325279,0.004452692344784737,0.001807076158002019
56,The,0.04334773123264313,0.0,0.017625659704208374,0.026055267080664635
58, is,0.0969885066151619,0.0,0.006883607711642981,0.022161729633808136
