norm_suff_mean,random_suff_mean,norm_comp_mean,random_comp_mean,final suff,final comp,target_tokens
0.022041622549295425,0.023906145244836807,0.01876991055905819,0.016274893656373024,0.9220065474510193,0.738370954990387, I$'t$.$ just$.
