norm_suff_mean,random_suff_mean,norm_comp_mean,random_comp_mean,final suff,final comp,target_tokens
0.028067249804735184,0.013509209267795086,0.011081083677709103,0.01978960447013378,2.0776381492614746,0.705078125,"
$A$
$The$ is"
