target_pos,target_token,norm_suff,random_suff,norm_comp,random_comp
76,"
",0.0,0.009471064433455467,0.01614972949028015,0.05302664265036583
78,A,0.0,0.01731460727751255,0.027090394869446754,0.003954170737415552
80,"
",0.0,0.036255910992622375,0.0062213316559791565,0.006730118300765753
82,I,0.04164036363363266,0.0,0.013117794878780842,0.013245677575469017
84, shopping,0.0,0.0057349191047251225,0.02317826822400093,0.05602787435054779
