target_pos,target_token,norm_suff,random_suff,norm_comp,random_comp
75,"
",0.0,0.040894635021686554,0.0718257874250412,0.06180364266037941
77,I,0.0,0.0,0.021499818190932274,0.028131352737545967
79, shopping,0.007505878806114197,0.0,0.012236947193741798,0.004855186212807894
81, an,0.006592910271137953,0.005319938063621521,0.0020071619655936956,0.006440505851060152
83, mall,0.0016192024340853095,0.0004285014292690903,0.0008537954417988658,0.0022628072183579206
