norm_suff_mean,random_suff_mean,norm_comp_mean,random_comp_mean,final suff,final comp,target_tokens
0.0031435985583812,0.009328614920377731,0.02168470248579979,0.020698698237538338,0.3369844853878021,6.5843963623046875,"
$I$ shopping$ an$ mall"
