norm_suff_mean,random_suff_mean,norm_comp_mean,random_comp_mean,final suff,final comp,target_tokens
0.008328072726726532,0.013755301013588905,0.01715150475502014,0.026596898213028908,0.605444610118866,3.193643808364868,"
$A$
$I$ shopping"
