target_pos,target_token,norm_suff,random_suff,norm_comp,random_comp
51, She,0.016529500484466553,0.02212592400610447,0.013289880007505417,0.019866185262799263
53, drinking,0.002651966642588377,0.0,0.017251789569854736,0.01501268707215786
55,.,0.0,0.0,0.027463141828775406,0.014271222054958344
57, was,0.012341812252998352,0.02585466392338276,0.01875772513449192,0.009863192215561867
59, it,0.032039824873209,0.03708077222108841,0.007891365326941013,0.02064637281000614
