target_pos,target_token,norm_suff,random_suff,norm_comp,random_comp
52, ,0.0,0.08471591025590897,0.02452058158814907,0.08895301073789597
54,She,0.04557955637574196,0.0,0.06892108917236328,0.052852313965559006
56, drinking,0.0,0.008734136819839478,0.01045939326286316,0.016631830483675003
58, green,0.0,0.003957352135330439,0.03012305684387684,0.09164366871118546
60,.,0.09578403830528259,0.03773147240281105,0.0225010234862566,0.02810579538345337
