norm_suff_mean,random_suff_mean,norm_comp_mean,random_comp_mean,final suff,final comp,target_tokens
0.02827271819114685,0.02702777460217476,0.03130502626299858,0.05563732609152794,1.046061635017395,1.967880368232727, $She$ drinking$ green$.
