norm_suff_mean,random_suff_mean,norm_comp_mean,random_comp_mean,final suff,final comp,target_tokens
0.012712622061371803,0.017012272030115128,0.016930779442191124,0.015931932255625725,0.7472618818283081,1.2532373666763306, She$ drinking$.$ was$ it
