target_pos,target_token,norm_suff,random_suff,norm_comp,random_comp
47,"
",0.0,0.07187590003013611,0.04318123310804367,0.02214295230805874
49,A,0.0,0.0,0.015636324882507324,0.03466718643903732
51,"
",0.0,0.061938125640153885,0.10670576989650726,0.018275801092386246
53,The,0.0,0.0,0.0132868317887187,0.03572903573513031
55, is,0.01652643270790577,0.0,0.02593606524169445,0.02901288866996765
