target_pos,target_token,norm_suff,random_suff,norm_comp,random_comp
48,"
",0.17787054181098938,0.0,0.013211091049015522,0.019735733047127724
50,A,0.0,0.015305057168006897,0.011589732021093369,0.01031195092946291
52,"
",0.0,0.0,0.006952832452952862,0.005085054785013199
54,The,0.0,0.0,0.0325559601187706,0.02952234447002411
56, is,0.06929078698158264,0.0,0.012795821763575077,0.018929241225123405
