norm_suff_mean,random_suff_mean,norm_comp_mean,random_comp_mean,final suff,final comp,target_tokens
0.049432266503572464,0.0030610114336013794,0.015421086922287941,0.016716865822672844,16.148998260498047,0.3381772041320801,"
$A$
$The$ is"
