norm_suff_mean,random_suff_mean,norm_comp_mean,random_comp_mean,final suff,final comp,target_tokens
0.0033052866347134113,0.02676280401647091,0.04094924405217171,0.027965573593974113,0.12350299954414368,8.460862159729004,"
$A$
$The$ is"
