target_pos,target_token,norm_suff,random_suff,norm_comp,random_comp
47,"
",0.10278218984603882,0.06951266527175903,0.02422209270298481,0.05168718844652176
49,A,0.010335402563214302,0.0,0.029392194002866745,0.015645397827029228
51,"
",0.03807022422552109,0.04532559961080551,0.02529224567115307,0.012148012407124043
53,The,0.0,0.0,0.04458782449364662,0.009331350214779377
55, is,0.07992728799581528,0.0007496877806261182,0.015991127118468285,0.010548322461545467
