target_pos,target_token,norm_suff,random_suff,norm_comp,random_comp
46,"
",0.0,0.0,0.017667192965745926,0.013071518391370773
48,A,0.0,0.0,0.014357687905430794,0.014027528464794159
50,"
",0.0,0.0,0.2592470049858093,0.026249315589666367
52,The,0.003567167092114687,0.0,0.024792158976197243,0.013267257250845432
54, is,0.10991386324167252,0.06261490285396576,0.054085444658994675,0.03191002830862999
