norm_suff_mean,random_suff_mean,norm_comp_mean,random_comp_mean,final suff,final comp,target_tokens
0.04622302204370499,0.023117590695619583,0.027897095307707787,0.01987205445766449,1.999474048614502,0.4299168288707733,"
$A$
$The$ is"
