norm_suff_mean,random_suff_mean,norm_comp_mean,random_comp_mean,final suff,final comp,target_tokens
0.022696206346154213,0.012522980570793152,0.07402990013360977,0.01970512978732586,1.8123645782470703,0.8682124614715576,"
$A$
$The$ is"
