target_pos,target_token,norm_suff,random_suff,norm_comp,random_comp
57, I,0.0,0.030819520354270935,0.02547977864742279,0.010285989381372929
59, no,0.0,0.009521623142063618,0.031908273696899414,0.02539592795073986
61,.,0.0,0.0,0.01377575658261776,0.040850136429071426
63, had,0.0,0.0,0.02382052317261696,0.01894744485616684
65, idea,0.013791196048259735,0.0,0.011910648085176945,0.028331443667411804
