target_pos,target_token,norm_suff,random_suff,norm_comp,random_comp
58,"
",0.0,0.021149327978491783,0.023703891783952713,0.016865836456418037
60,A,0.0,0.0,0.03252386674284935,0.007546585518866777
62,"
",0.0,0.0,0.02067270688712597,0.027282362803816795
64,I,0.023284491151571274,0.0,0.024559898301959038,0.011358299292623997
66, you,0.008578811772167683,0.007556343916803598,0.011954990215599537,0.011666987091302872
