norm_suff_mean,random_suff_mean,norm_comp_mean,random_comp_mean,final suff,final comp,target_tokens
0.006372660398483276,0.005741134285926819,0.022683072835206985,0.014944014139473438,1.1100002527236938,2.345019578933716,"
$A$
$I$ you"
