norm_suff_mean,random_suff_mean,norm_comp_mean,random_comp_mean,final suff,final comp,target_tokens
0.0027582391630858183,0.00806822907179594,0.02137899585068226,0.024762189015746117,0.3418642580509186,8.977535247802734, I$ no$.$ had$ idea
