target_pos,target_token,norm_suff,random_suff,norm_comp,random_comp
51,"
",0.0,0.0,0.04511168226599693,0.023024454712867737
53,He,0.012213208712637424,0.0,0.07939702272415161,0.028008468449115753
55, it,0.03358883783221245,0.0,0.025379126891493797,0.02080787718296051
57, the,0.03980673849582672,0.0,0.01077470276504755,0.08541130274534225
59, because,0.124156154692173,0.0,0.025723131373524666,0.027725856751203537
