target_pos,target_token,norm_suff,random_suff,norm_comp,random_comp
52,"
",0.0,0.0,0.04290129244327545,0.022687673568725586
54,A,0.0,0.032933689653873444,0.014596732333302498,0.01505171600729227
56,"
",0.0,0.0,0.0008324109367094934,0.0016258592950180173
58,The,0.013217192143201828,0.0,0.02413896843791008,0.012172906659543514
60, is,0.0,0.09401778131723404,0.015621626749634743,0.019238071516156197
