norm_suff_mean,random_suff_mean,norm_comp_mean,random_comp_mean,final suff,final comp,target_tokens
0.002643438521772623,0.025390295311808586,0.019618205726146698,0.014155245386064053,0.1041121631860733,5.354860782623291,"
$A$
$The$ is"
