target_pos,target_token,norm_suff,random_suff,norm_comp,random_comp
68,"
",0.0,0.04128941893577576,0.011223424226045609,0.03303304314613342
70,Ash,0.0,0.0,0.011053070425987244,0.015223807655274868
72, had,0.0006147432723082602,0.014623933471739292,0.02260003425180912,0.041213154792785645
74, bought,0.0,0.0,0.01523599587380886,0.025807779282331467
76, w,0.0,0.0,0.011324165388941765,0.006737374700605869
