target_pos,target_token,norm_suff,random_suff,norm_comp,random_comp
69,"
",0.0,0.06357143819332123,0.006897169630974531,0.016541913151741028
71,A,0.0,0.019652780145406723,0.0077440328896045685,0.007117111701518297
73,"
",0.002783425385132432,0.0,0.031714871525764465,0.0039865062572062016
75,The,0.0138394208624959,0.0,0.06984548270702362,0.022067317739129066
77, is,0.06378185003995895,0.0,0.007201293017715216,0.013239976949989796
