norm_suff_mean,random_suff_mean,norm_comp_mean,random_comp_mean,final suff,final comp,target_tokens
0.016080940142273903,0.01664484478533268,0.024680569767951965,0.012590564787387848,0.9661213755607605,0.7829495668411255,"
$A$
$The$ is"
