norm_suff_mean,random_suff_mean,norm_comp_mean,random_comp_mean,final suff,final comp,target_tokens
0.000122948651551269,0.01118267048150301,0.01428733766078949,0.024403033778071404,0.010994569398462772,198.48150634765625,"
$Ash$ had$ bought$ w"
