target_pos,target_token,norm_suff,random_suff,norm_comp,random_comp
63,"
",0.013793799094855785,0.018647797405719757,0.013134844601154327,0.02855822630226612
65,A,0.006397727411240339,0.023440388962626457,0.007536348886787891,0.0075197238475084305
67,"
",0.0,0.0,0.024186819791793823,0.0030013802461326122
69,The,0.0,0.016606224700808525,0.017065202817320824,0.07123598456382751
71, is,0.0,0.0,0.008188693784177303,0.009881979785859585
