target_pos,target_token,norm_suff,random_suff,norm_comp,random_comp
62,"
",0.0,0.0,0.019471755251288414,0.01819109544157982
64,S,0.0,0.0,0.023917892947793007,0.026457738131284714
66,tha,0.0,0.0013848624657839537,0.0032231295481324196,0.0012663134839385748
68, to,0.016295557841658592,0.0,0.0037780047859996557,0.002697545336559415
70, out,0.013084669597446918,0.00402810936793685,0.001775067881681025,0.0012835324741899967
