norm_suff_mean,random_suff_mean,norm_comp_mean,random_comp_mean,final suff,final comp,target_tokens
0.00403830548748374,0.011738883331418037,0.014022382907569408,0.024039458483457565,0.3440110385417938,5.952857971191406,"
$A$
$The$ is"
