norm_suff_mean,random_suff_mean,norm_comp_mean,random_comp_mean,final suff,final comp,target_tokens
0.005876045674085617,0.001082594390027225,0.010433170013129711,0.009979245252907276,5.427744388580322,1.69829261302948,"
$S$tha$ to$ out"
