target_pos,target_token,norm_suff,random_suff,norm_comp,random_comp
56,"
",0.028527481481432915,0.0,0.04766908288002014,0.07989200949668884
58, ,0.02115646004676819,0.060893185436725616,0.01683748885989189,0.011475895531475544
60, ,0.03719739988446236,0.0,0.048234276473522186,0.05009511858224869
62, ,0.0042516072280704975,0.03191062808036804,0.018108366057276726,0.03549213334918022
64, ,0.08838146179914474,0.011446082033216953,0.016623089089989662,0.019803548231720924
