target_pos,target_token,norm_suff,random_suff,norm_comp,random_comp
55, Why,0.019447270780801773,0.0,0.009576918557286263,0.007652343716472387
57, M,0.0,0.0,0.005977464374154806,0.023764191195368767
59,a,0.0682593360543251,0.015272434800863266,0.0003234440227970481,0.0005392582970671356
61, her,0.0,0.002945464104413986,0.006873919628560543,0.0022014377173036337
63, in,0.003435158170759678,0.0,0.004727276507765055,0.0012806220911443233
