norm_suff_mean,random_suff_mean,norm_comp_mean,random_comp_mean,final suff,final comp,target_tokens
0.03590288385748863,0.020849978551268578,0.029494458809494972,0.03935174271464348,1.721962571144104,1.0960607528686523,"
$ $ $ $ "
