norm_suff_mean,random_suff_mean,norm_comp_mean,random_comp_mean,final suff,final comp,target_tokens
0.018228352069854736,0.0036435797810554504,0.005495804827660322,0.0070875706151127815,5.002869129180908,0.38882124423980713, Why$ M$a$ her$ in
