target_pos,target_token,norm_suff,random_suff,norm_comp,random_comp
53,"
",0.03732512518763542,0.04813387989997864,0.015192882157862186,0.05671408399939537
55,A,0.058866068720817566,0.0,0.020463045686483383,0.09847547858953476
57,"
",0.0,0.0,0.07503122091293335,0.06871107965707779
59,The,0.0034446881618350744,0.0,0.015095116570591927,0.024892129004001617
61, is,0.0,0.0,0.01454966515302658,0.026918359100818634
