target_pos,target_token,norm_suff,random_suff,norm_comp,random_comp
54,"
",0.0,0.0,0.01839602179825306,0.011218884028494358
56,A,0.01680358499288559,0.003571954322978854,0.019398894160985947,0.030417095869779587
58,"
",0.0,0.0,0.04437752068042755,0.025798868387937546
60,The,0.0,0.0,0.03181901201605797,0.014746169559657574
62, is,0.0,0.009435579180717468,0.01421257946640253,0.016281314194202423
