norm_suff_mean,random_suff_mean,norm_comp_mean,random_comp_mean,final suff,final comp,target_tokens
0.01992717757821083,0.009626775979995728,0.02806638553738594,0.055142223834991455,2.069974184036255,2.7671868801116943,"
$A$
$The$ is"
