norm_suff_mean,random_suff_mean,norm_comp_mean,random_comp_mean,final suff,final comp,target_tokens
0.0033607170917093754,0.0026015068870037794,0.025640806183218956,0.019692465662956238,1.291834831237793,5.859602451324463,"
$A$
$The$ is"
