target_pos,target_token,norm_suff,random_suff,norm_comp,random_comp
68,"
",0.0,0.0,0.032611507922410965,0.014827465638518333
70,A,0.007798497099429369,0.0,0.023628994822502136,0.013770440593361855
72,"
",0.0,0.06974662095308304,0.01983308047056198,0.01090745348483324
74,The,0.05570470169186592,0.008343096822500229,0.023291273042559624,0.015401486307382584
76, is,0.0,0.03628762811422348,0.007356417831033468,0.008947337046265602
