target_pos,target_token,norm_suff,random_suff,norm_comp,random_comp
67,"
",0.0,0.0,0.041976384818553925,0.027520278468728065
69,Mary,0.019324010238051414,0.08524194359779358,0.014273207634687424,0.01856042444705963
71, a,0.0,0.0,0.02891550399363041,0.02284414879977703
73, good,0.0,0.0,0.018893221393227577,0.00851716473698616
75,ler,0.003921819385141134,0.0018447088077664375,0.00018799863755702972,0.00023649990907870233
