norm_suff_mean,random_suff_mean,norm_comp_mean,random_comp_mean,final suff,final comp,target_tokens
0.004649166017770767,0.017417332157492638,0.020849263295531273,0.015535703860223293,0.266927570104599,3.341610908508301,"
$Mary$ a$ good$ler"
