norm_suff_mean,random_suff_mean,norm_comp_mean,random_comp_mean,final suff,final comp,target_tokens
0.0127006396651268,0.02287546917796135,0.021344255656003952,0.012770836241543293,0.5552078485488892,1.0055270195007324,"
$A$
$The$ is"
