target_pos,target_token,norm_suff,random_suff,norm_comp,random_comp
57,	,0.0,0.012386535294353962,0.02014700137078762,0.02948068641126156
59, wanted,0.0,0.0,0.014009903185069561,0.04093438759446144
61, announce,0.0,0.0,0.020148735493421555,0.12153446674346924
63, in,0.0,0.0,0.013643806800246239,0.011215760372579098
65, fun,0.0,0.0040271407924592495,0.010281489230692387,0.014582059346139431
