target_pos,target_token,norm_suff,random_suff,norm_comp,random_comp
56,"
",0.0,0.0,0.01340658962726593,0.022506138309836388
58,They,0.0,0.0,0.030180351808667183,0.0656251609325409
60, to,0.003362423274666071,0.019463038071990013,0.022126000374555588,0.022671116515994072
62, it,0.011885477229952812,0.006751962471753359,0.015013661235570908,0.011337094940245152
64, a,0.0,0.010963129810988903,0.0015256961341947317,0.00688081793487072
