norm_suff_mean,random_suff_mean,norm_comp_mean,random_comp_mean,final suff,final comp,target_tokens
0.0030495801474899054,0.00743562588468194,0.016450461000204086,0.02580406703054905,0.41013091802597046,8.461514472961426,"
$They$ to$ it$ a"
