target_pos,target_token,norm_suff,random_suff,norm_comp,random_comp
55,	,0.0,0.0,0.016941457986831665,0.02071341685950756
57,	,0.0,0.10202281922101974,0.036190345883369446,0.06526902318000793
59,	,0.10687895119190216,0.044547583907842636,0.015270843170583248,0.0753214955329895
61,	,0.0,0.0,0.017075929790735245,0.019896510988473892
63,	,0.05664951354265213,0.0,0.027698354795575142,0.09974944591522217
