target_pos,target_token,norm_suff,random_suff,norm_comp,random_comp
54,"
",0.0,0.0,0.01981448195874691,0.07958454638719559
56,Mar,0.05184067413210869,0.0,0.017900541424751282,0.024670863524079323
58,'s,0.16196678578853607,0.0,0.023340623825788498,0.012685720808804035
60, was,0.0,0.019789136946201324,0.015572293661534786,0.01740005426108837
62, into,0.0,0.0,0.009971672669053078,0.012038899585604668
