norm_suff_mean,random_suff_mean,norm_comp_mean,random_comp_mean,final suff,final comp,target_tokens
0.04276149347424507,0.00395782757550478,0.017319923266768456,0.029276017099618912,10.80428409576416,0.6846350431442261,"
$Mar$'s$ was$ into"
