norm_suff_mean,random_suff_mean,norm_comp_mean,random_comp_mean,final suff,final comp,target_tokens
0.03270569443702698,0.029314080253243446,0.022635385394096375,0.05618998035788536,1.1156991720199585,1.7180488109588623,	$	$	$	$	
