target_pos,target_token,norm_suff,random_suff,norm_comp,random_comp
44,"
",0.0,0.16294926404953003,0.0229568500071764,0.01842203363776207
46,	,0.0,0.08566849678754807,0.15380920469760895,0.023288032039999962
48,	,0.0,0.0,0.04188786447048187,0.01947355456650257
50,	,0.0,0.026020269840955734,0.04228716343641281,0.013844933360815048
52,	,0.0,0.0,0.010585421696305275,0.021849336102604866
