target_pos,target_token,norm_suff,random_suff,norm_comp,random_comp
43,	,0.0,0.10347383469343185,0.021013755351305008,0.027978913858532906
45,	,0.0,0.04574863985180855,0.11758541315793991,0.09603860229253769
47,	,0.0,0.012130704708397388,0.015151054598391056,0.024900635704398155
49,	,0.0,0.0,0.011874176561832428,0.013068340718746185
51,	,0.0,0.022732365876436234,0.02474822662770748,0.017950600013136864
