target_pos,target_token,norm_suff,random_suff,norm_comp,random_comp
56,"
",0.0,0.0,0.02561720460653305,0.01260980125516653
58,A,0.02514292299747467,0.031143898144364357,0.04600481688976288,0.027153806760907173
60,	,0.0,0.0,0.03526000306010246,0.13611726462841034
62, he,0.0,0.002379016485065222,0.03260025754570961,0.05264844372868538
64, to,0.007653377018868923,0.0010630021570250392,0.01270969770848751,0.008425474166870117
