target_pos,target_token,norm_suff,random_suff,norm_comp,random_comp
56,"
",0.0,0.0,0.020174549892544746,0.035653457045555115
58,A,0.0,0.0,0.007111078128218651,0.031566113233566284
60,"
",0.0,0.0,0.008915471844375134,0.015483193099498749
62,The,0.0016328952042385936,0.0,0.018570544198155403,0.008556169457733631
64, is,0.005412482190877199,0.02809312753379345,0.006302253343164921,0.006767908111214638
