norm_suff_mean,random_suff_mean,norm_comp_mean,random_comp_mean,final suff,final comp,target_tokens
0.006559260189533234,0.0069171832874417305,0.030438397079706192,0.047390956431627274,0.9482559561729431,7.225046157836914,"
$A$	$ he$ to"
