norm_suff_mean,random_suff_mean,norm_comp_mean,random_comp_mean,final suff,final comp,target_tokens
0.001409075572155416,0.005618625786155462,0.012214778922498226,0.019605368375778198,0.25078651309013367,13.913639068603516,"
$A$
$The$ is"
