target_pos,target_token,norm_suff,random_suff,norm_comp,random_comp
51,"
",0.0,0.0,0.023948481306433678,0.03218560665845871
53,A,0.0007943204254843295,0.0,0.03869909793138504,0.03845789656043053
55,"
",0.0,0.0,0.014888565987348557,0.019490908831357956
57,The,0.0,0.035394541919231415,0.035157810896635056,0.012164720334112644
59, is,0.0,0.0,0.010403350926935673,0.011318730190396309
