target_pos,target_token,norm_suff,random_suff,norm_comp,random_comp
50,"
",0.0,0.11307188868522644,0.025861099362373352,0.02181224152445793
52,A,0.0,0.058634549379348755,0.018487952649593353,0.02749589830636978
54,"
",0.0,0.032978661358356476,0.056403692811727524,0.06531847268342972
56,The,0.017584560438990593,0.0,0.024763675406575203,0.009975181892514229
58, is,0.036130841821432114,0.040715210139751434,0.04064861312508583,0.012214750982820988
