norm_suff_mean,random_suff_mean,norm_comp_mean,random_comp_mean,final suff,final comp,target_tokens
0.00015886408800724894,0.007078908383846283,0.024619461968541145,0.022723570466041565,0.022441890090703964,143.03781127929688,"
$A$
$The$ is"
