norm_suff_mean,random_suff_mean,norm_comp_mean,random_comp_mean,final suff,final comp,target_tokens
0.010743080638349056,0.04908006265759468,0.03323300555348396,0.027363309636712074,0.21888889372348785,2.5470635890960693,"
$A$
$The$ is"
