target_pos,target_token,norm_suff,random_suff,norm_comp,random_comp
63,"
",0.002278809668496251,0.0,0.022259293124079704,0.014469797722995281
65,	,0.04401793330907822,0.0,0.07787487655878067,0.017989803105592728
67,	,0.017765043303370476,0.023724162951111794,0.014371853321790695,0.013153736479580402
69,	,0.03398453816771507,0.002570932963863015,0.023074014112353325,0.012192591093480587
71,	,0.0,0.03491780534386635,0.02540726773440838,0.025390414521098137
