target_pos,target_token,norm_suff,random_suff,norm_comp,random_comp
64,"
",0.0,0.09890685230493546,0.017281942069530487,0.06234981119632721
66,	,0.010790097527205944,0.03447601571679115,0.030351655557751656,0.052692219614982605
68,	,0.050364602357149124,0.0,0.047901175916194916,0.012881380505859852
70,	,0.0,0.0,0.018529724329710007,0.010864265263080597
72,	,0.012341120280325413,0.0,0.036259397864341736,0.03268274664878845
