norm_suff_mean,random_suff_mean,norm_comp_mean,random_comp_mean,final suff,final comp,target_tokens
0.014699163846671581,0.02667657472193241,0.03006478026509285,0.03429408371448517,0.5510138869285583,2.3330636024475098,"
$	$	$	$	"
