norm_suff_mean,random_suff_mean,norm_comp_mean,random_comp_mean,final suff,final comp,target_tokens
0.01960926316678524,0.012242580763995647,0.032597459852695465,0.016639268025755882,1.6017262935638428,0.8485412001609802,"
$	$	$	$	"
