target_pos,target_token,norm_suff,random_suff,norm_comp,random_comp
51,"
",0.057178396731615067,0.0,0.041534680873155594,0.05595121532678604
53,Jul,0.0,0.0,0.016283156350255013,0.01591683365404606
55, was,0.0,0.03155059739947319,0.011585287749767303,0.00716434046626091
57, the,0.0,0.0,0.006586149800568819,0.0024841278791427612
59, with,0.0,0.006131651811301708,0.025756455957889557,0.013674338348209858
