target_pos,target_token,norm_suff,random_suff,norm_comp,random_comp
52,"
",0.032866816967725754,0.06821766495704651,0.04800614342093468,0.015986429527401924
54,A,0.00016264345322269946,0.0,0.019319120794534683,0.057958781719207764
56,"
",0.0006750609609298408,0.0,0.02237587235867977,0.005628048907965422
58,The,0.04701172932982445,0.0,0.026877230033278465,0.03776588663458824
60, is,0.0,0.04880591481924057,0.010688534006476402,0.02041342854499817
