norm_suff_mean,random_suff_mean,norm_comp_mean,random_comp_mean,final suff,final comp,target_tokens
0.016143251210451126,0.023404715582728386,0.02545337937772274,0.02755051665008068,0.6897435188293457,1.7066274881362915,"
$A$
$The$ is"
