norm_suff_mean,random_suff_mean,norm_comp_mean,random_comp_mean,final suff,final comp,target_tokens
0.011435679160058498,0.007536449935287237,0.02034914679825306,0.01903817057609558,1.5173827409744263,1.6648045778274536,"
$Jul$ was$ the$ with"
