target_pos,target_token,norm_suff,random_suff,norm_comp,random_comp
56, I,0.00979671161621809,0.020554905757308006,0.016180256381630898,0.017934055998921394
58, to,0.0,0.0019213759806007147,0.0064236316829919815,0.007675807923078537
60, a,0.026113836094737053,0.0,0.018012486398220062,0.020624082535505295
62,man,0.0026480855885893106,0.008266518823802471,0.015452766790986061,0.008337903767824173
64, I,0.0,0.0,0.023573946207761765,0.024577658623456955
