target_pos,target_token,norm_suff,random_suff,norm_comp,random_comp
57,"
",0.056018680334091187,0.0,0.027227608487010002,0.010465657338500023
59,A,0.006261653732508421,0.0,0.02873636968433857,0.0044897785410285
61,"
",0.05161109194159508,0.0,0.011128412559628487,0.003485701512545347
63,I,0.0,0.0,0.012901818379759789,0.021627284586429596
65, the,0.0,0.0,0.04077962413430214,0.008064916357398033
