norm_suff_mean,random_suff_mean,norm_comp_mean,random_comp_mean,final suff,final comp,target_tokens
0.0077117267064750195,0.0061485604383051395,0.015928616747260094,0.01582990400493145,1.2542328834533691,2.0527055263519287, I$ to$ a$man$ I
