target_pos,target_token,norm_suff,random_suff,norm_comp,random_comp
48,"
",0.0,0.21603725850582123,0.014222552068531513,0.014957373030483723
50,Chris,0.0,0.049883827567100525,0.06517903506755829,0.02989225834608078
52, struggling,0.011195190250873566,0.0,0.02105938084423542,0.020077934488654137
54, English,0.0,0.0,0.018141817301511765,0.02125709317624569
56,.,0.0,0.04860544577240944,0.006341766566038132,0.0025196156930178404
