target_pos,target_token,norm_suff,random_suff,norm_comp,random_comp
49,"
",0.0,0.0812305435538292,0.029665885493159294,0.08104352653026581
51,A,0.008336744271218777,0.0,0.03313720226287842,0.01181204803287983
53,"
",0.0,0.032073721289634705,0.015034053474664688,0.011722691357135773
55,The,0.0029716715216636658,0.0,0.03938448056578636,0.04235409200191498
57, helped,0.07712972909212112,0.0,0.009765437804162502,0.02199692465364933
