norm_suff_mean,random_suff_mean,norm_comp_mean,random_comp_mean,final suff,final comp,target_tokens
0.0022390380036085844,0.06290531158447266,0.02498891018331051,0.017740854993462563,0.03559378162026405,7.923427581787109,"
$Chris$ struggling$ English$."
