norm_suff_mean,random_suff_mean,norm_comp_mean,random_comp_mean,final suff,final comp,target_tokens
0.017687629908323288,0.02266085334122181,0.02539741061627865,0.0337858572602272,0.7805367708206177,1.9101403951644897,"
$A$
$The$ helped"
