target_pos,target_token,norm_suff,random_suff,norm_comp,random_comp
60,"
",0.0,0.012629576958715916,0.016050545498728752,0.032383061945438385
62,A,0.02119230292737484,0.011294716037809849,0.016316760331392288,0.009826994501054287
64,"
",0.0,0.0,0.0010534202447161078,0.0017348122783005238
66,Tim,0.0,0.0,0.013851864263415337,0.017872504889965057
68, collecting,0.019353259354829788,0.04147178307175636,0.0275296438485384,0.01397427823394537
