target_pos,target_token,norm_suff,random_suff,norm_comp,random_comp
59,"
",0.012300650589168072,0.0,0.0508812740445137,0.02303130552172661
61,Tim,0.020314892753958702,0.05051776394248009,0.04563986882567406,0.028956983238458633
63, a,0.03645627200603485,0.0,0.027909928932785988,0.020346064120531082
65,ologist,0.025221798568964005,0.007905146107077599,0.008279993198812008,0.04583870247006416
67, He,0.0,0.0,0.029394235461950302,0.02223295532166958
