norm_suff_mean,random_suff_mean,norm_comp_mean,random_comp_mean,final suff,final comp,target_tokens
0.01885872147977352,0.011684581637382507,0.0324210599064827,0.028081202879548073,1.6139835119247437,1.4890300035476685,"
$Tim$ a$ologist$ He"
