norm_suff_mean,random_suff_mean,norm_comp_mean,random_comp_mean,final suff,final comp,target_tokens
0.00810911227017641,0.01307921577244997,0.014960447326302528,0.015158331952989101,0.619999885559082,1.8692960739135742,"
$A$
$Tim$ collecting"
