target_pos,target_token,norm_suff,random_suff,norm_comp,random_comp
53,"
",0.0,0.031044861301779747,0.016912469640374184,0.04115593433380127
55,A,0.024541117250919342,0.01266509760171175,0.01689036749303341,0.01344541646540165
57,"
",0.0,0.0,0.0618249736726284,0.09432569146156311
59,The,0.0,0.0,0.015608693473041058,0.020696384832262993
61, was,0.0,0.07799272239208221,0.011245413683354855,0.01268533244729042
