target_pos,target_token,norm_suff,random_suff,norm_comp,random_comp
54,"
",0.006089884787797928,0.0,0.010767467319965363,0.02545216493308544
56,A,0.0,0.0,0.013544755056500435,0.05569392442703247
58,"
",0.0,0.0,0.00810067355632782,0.008576159365475178
60,The,0.0,0.0,0.03985581174492836,0.018457483500242233
62, was,0.09615722298622131,0.0997503474354744,0.02478964813053608,0.019965888932347298
