norm_suff_mean,random_suff_mean,norm_comp_mean,random_comp_mean,final suff,final comp,target_tokens
0.02044942043721676,0.01995006948709488,0.01941167190670967,0.02562912367284298,1.0250300168991089,1.2532933950424194,"
$A$
$The$ was"
