norm_suff_mean,random_suff_mean,norm_comp_mean,random_comp_mean,final suff,final comp,target_tokens
0.004908223636448383,0.024340538308024406,0.02449638396501541,0.03646175190806389,0.20164811611175537,7.428706169128418,"
$A$
$The$ was"
