target_pos,target_token,norm_suff,random_suff,norm_comp,random_comp
65,"
",0.0,0.12091109156608582,0.01493054162710905,0.013991564512252808
67,A,0.0,0.0,0.010140171274542809,0.01634622924029827
69,"
",0.0,0.0,0.012844639830291271,0.012964777648448944
71,The,0.0,0.0,0.011804424226284027,0.016550837084650993
73,arian,0.0,0.0,0.004539289511740208,0.0024609065148979425
