target_pos,target_token,norm_suff,random_suff,norm_comp,random_comp
64,"
",0.0,0.0,0.013073878362774849,0.013196481391787529
66,The,0.0,0.0172343160957098,0.013476178981363773,0.0489337332546711
68,arian,0.004070611670613289,0.0,0.0010363622568547726,0.002507423283532262
70, walking,0.0,0.0,0.06916643679141998,0.1421312838792801
72, the,0.00012622104259207845,0.0,0.003954942338168621,0.0009341550758108497
