norm_suff_mean,random_suff_mean,norm_comp_mean,random_comp_mean,final suff,final comp,target_tokens
0.00083936657756567,0.003446863265708089,0.020141560584306717,0.041540615260601044,0.24351605772972107,49.49043273925781,"
$The$arian$ walking$ the"
