suff,comp,random_suff,random_comp
0.13269945989912757,0.852858818321507,0.04192304660726798,0.47473044818085725
