suff,comp,random_suff,random_comp
0.13269945989912757,0.852858818321507,0.04298385930039341,0.45991847923620366
