suff,comp,random_suff,random_comp
0.13269945989912757,0.852858818321507,0.04150056505496672,0.4390176934262179
