suff,comp,random_suff,random_comp
0.008219327055533706,0.4069770647377155,0.0014907890099475586,0.004362174474587648
