suff,comp,random_suff,random_comp
0.13269945989912757,0.852858818321507,0.05166933446619762,0.5379442372127272
