target_pos,target_token,norm_suff,random_suff,norm_comp,random_comp
34, in,0.04078132286667824,0.039216298609972,0.01028954703360796,0.020770348608493805
36, Pennsylvania,0.0009633554145693779,0.0,0.003730390453711152,0.0033023718278855085
38, the,0.01554640382528305,0.0,0.0012694216566160321,0.0013790088705718517
40, States,0.00013070263958070427,0.0,0.0010184412822127342,0.0002869314339477569
42, It,0.013701433315873146,0.003830077825114131,0.009474415332078934,0.009797168895602226
