norm_suff_mean,random_suff_mean,norm_comp_mean,random_comp_mean,final suff,final comp,target_tokens
0.0142246438190341,0.008609275333583355,0.005156442988663912,0.007107165642082691,1.652246356010437,0.49963751435279846, in$ Pennsylvania$ the$ States$ It
