target_pos,target_token,norm_suff,random_suff,norm_comp,random_comp
18, in,0.023526830598711967,0.0,0.00531481159850955,0.0035958944354206324
20,75,0.0,0.0,0.005302718374878168,0.008675101213157177
22, It,0.02728077955543995,0.04576410353183746,0.004702103324234486,0.005429205950349569
24, composed,0.010920745320618153,0.0,0.008811811916530132,0.007517458405345678
26, nine,0.0036626553628593683,0.008978577330708504,0.008751597255468369,0.008314564824104309
