norm_suff_mean,random_suff_mean,norm_comp_mean,random_comp_mean,final suff,final comp,target_tokens
0.013078202493488789,0.010948535986244678,0.0065766084007918835,0.006706445012241602,1.1945160627365112,0.512795627117157, in$75$ It$ composed$ nine
