target_pos,target_token,norm_suff,random_suff,norm_comp,random_comp
19,"
",0.0,0.0,0.0334293432533741,0.03873428329825401
21,'m,0.0,0.002071086084470153,0.005813237279653549,0.01939215324819088
23, sure,0.0,0.0,0.004921646323055029,0.009408887475728989
25, this,0.0,0.019485091790556908,0.006315816659480333,0.00615835003554821
27, a,0.0,0.02974957972764969,0.0073441979475319386,0.013426669873297215
