target_pos,target_token,norm_suff,random_suff,norm_comp,random_comp
16, ,0.04743694141507149,0.000387439300538972,0.03933841735124588,0.02286514639854431
18, ,0.0554109662771225,0.0,0.008981714956462383,0.011262363754212856
20, ,0.00571507029235363,0.0,0.013325437903404236,0.03143149986863136
22, ,0.06842710822820663,0.007303563877940178,0.01041498314589262,0.015456616878509521
24, ,0.013769658282399178,0.0,0.010084020905196667,0.004027538932859898
