norm_suff_mean,random_suff_mean,norm_comp_mean,random_comp_mean,final suff,final comp,target_tokens
0.038151949644088745,0.0015382006531581283,0.016428915783762932,0.01700863242149353,24.8029727935791,0.4458129405975342, $ $ $ $ 
