target_pos,target_token,norm_suff,random_suff,norm_comp,random_comp
25, ,0.016571709886193275,0.011507035233080387,0.00945289246737957,0.014160672202706337
27, ,0.021155063062906265,0.0,0.009015237912535667,0.0061367531307041645
29, ,0.0,0.0,0.01102376077324152,0.028219377622008324
31, ,0.0028672697953879833,0.023976817727088928,0.007545522879809141,0.008643342182040215
33, ,0.020420772954821587,0.0,0.012483193539083004,0.013684946112334728
