norm_suff_mean,random_suff_mean,norm_comp_mean,random_comp_mean,final suff,final comp,target_tokens
0.01220296323299408,0.0070967706851661205,0.009904121048748493,0.014169017784297466,1.7195093631744385,1.161112904548645, $ $ $ $ 
