target_pos,target_token,norm_suff,random_suff,norm_comp,random_comp
21, ,0.0,0.0005698791355825961,0.004718452226370573,0.014737355522811413
23, ,0.0,0.0,0.0046006059274077415,0.00679467897862196
25, ,0.009988219477236271,0.0,0.004509343300014734,0.005854932591319084
27, ,0.03720565512776375,0.0640651136636734,0.0020108846947550774,0.0033676938619464636
29, ,0.0069564953446388245,0.0,0.002961678896099329,0.005238938611000776
