norm_suff_mean,random_suff_mean,norm_comp_mean,random_comp_mean,final suff,final comp,target_tokens
0.010830073617398739,0.012926998548209667,0.003760193008929491,0.007198719773441553,0.8377871513366699,0.6646972298622131, $ $ $ $ 
