target_pos,target_token,norm_suff,random_suff,norm_comp,random_comp
22, (,0.00877424143254757,0.016735224053263664,0.007081175222992897,0.004875803366303444
24,",",0.0031587250996381044,0.025287523865699768,0.0004995503113605082,0.0008963730651885271
26, km,0.0007708091870881617,0.0021301493979990482,0.0012626070529222488,0.0018097928259521723
28, from,0.010186822153627872,0.004296981729567051,0.005641154013574123,0.003878910792991519
30, west,0.0002898093080148101,0.0,0.01043418888002634,0.011898824945092201
