norm_suff_mean,random_suff_mean,norm_comp_mean,random_comp_mean,final suff,final comp,target_tokens
0.004636081401258707,0.009689976461231709,0.004983735270798206,0.004671941045671701,0.47844094038009644,1.0077348947525024," ($,$ km$ from$ west"
