target_pos,target_token,norm_suff,random_suff,norm_comp,random_comp
26, by,0.0,0.0,0.008045591413974762,0.012608137913048267
28, B,0.0,0.0,0.0023543706629425287,0.0019825284834951162
30,en,0.0,0.0012902874732390046,0.0012635934399440885,0.002254728227853775
32, based,0.0,0.0,0.01790550909936428,0.025623779743909836
34, the,0.03507653996348381,0.02585669420659542,0.00770628871396184,0.0087010832503438
