norm_suff_mean,random_suff_mean,norm_comp_mean,random_comp_mean,final suff,final comp,target_tokens
0.007015307899564505,0.005429396405816078,0.007455070503056049,0.010234052315354347,1.2920972108840942,1.4588172435760498, by$ B$en$ based$ the
