target_pos,target_token,norm_suff,random_suff,norm_comp,random_comp
22, by,0.01815182901918888,0.01728176139295101,0.01895217038691044,0.0248800627887249
24, National,0.0,0.0,0.01026697177439928,0.008105656132102013
26, of,0.009934592992067337,0.010432993061840534,0.005038679111748934,0.002588873729109764
28, Arts,0.0014832316664978862,0.0015038254205137491,0.005272148177027702,0.005981322377920151
30, Sciences,0.0,4.143484602536773e-06,0.002036134945228696,0.0020834258757531643
