norm_suff_mean,random_suff_mean,norm_comp_mean,random_comp_mean,final suff,final comp,target_tokens
0.0059139309450984,0.005844544619321823,0.008313220925629139,0.00872786808758974,1.0118719339370728,1.4758150577545166, by$ National$ of$ Arts$ Sciences
