target_pos,target_token,norm_suff,random_suff,norm_comp,random_comp
28, The,0.008386220782995224,0.06527216732501984,0.007579283323138952,0.0056634321808815
30,eng,0.0,0.001074980478733778,0.0010421259794384241,0.0013493255246430635
32, period,0.013468346558511257,0.0,0.005574148613959551,0.009348800405859947
34, often,0.0,0.0009319692035205662,0.007277785334736109,0.004102068021893501
36, to,0.012492276728153229,0.0,0.0018463212763890624,0.000828260846901685
