norm_suff_mean,random_suff_mean,norm_comp_mean,random_comp_mean,final suff,final comp,target_tokens
0.006869369186460972,0.013455823063850403,0.00466393306851387,0.004258377477526665,0.5105127692222595,0.6199080944061279, The$eng$ period$ often$ to
