target_pos,target_token,norm_suff,random_suff,norm_comp,random_comp
18, in,0.025436654686927795,0.0,0.01812933199107647,0.015616933815181255
20, middle,0.003265874460339546,0.0004399009339977056,0.010664942674338818,0.011761784553527832
22,.,0.0,0.025441797450184822,0.004466147627681494,0.005644234828650951
24, was,0.0,0.0008225383935496211,0.005946713965386152,0.006152041256427765
26, in,0.0,0.0,0.018330607563257217,0.008189767599105835
