norm_suff_mean,random_suff_mean,norm_comp_mean,random_comp_mean,final suff,final comp,target_tokens
0.005740506108850241,0.0053408476524055,0.011507548391819,0.009472953155636787,1.0748305320739746,1.650194764137268, in$ middle$.$ was$ in
