target_pos,target_token,norm_suff,random_suff,norm_comp,random_comp
17, ,0.0,0.0,0.012500188313424587,0.018927443772554398
19, ,0.02513827569782734,0.0,0.010853348299860954,0.013712198473513126
21, ,0.0,0.0,0.018116790801286697,0.019336091354489326
23, ,0.028996283188462257,0.002827055985108018,0.01445552334189415,0.014777956530451775
25, ,0.04486716911196709,0.0,0.017074784263968468,0.00879860483109951
