norm_suff_mean,random_suff_mean,norm_comp_mean,random_comp_mean,final suff,final comp,target_tokens
0.019800346344709396,0.0005654112319462001,0.014600127004086971,0.015110460110008717,35.019371032714844,0.7631412148475647, $ $ $ $ 
