target_pos,target_token,norm_suff,random_suff,norm_comp,random_comp
13, They,0.0,0.0,0.06809669733047485,0.053740356117486954
15, used,0.016293764114379883,0.0033562355674803257,0.018780013546347618,0.02414008416235447
17, cooking,0.0,0.0,0.024517199024558067,0.011174608953297138
19, as,0.0,0.014653345569968224,0.0157586932182312,0.02050035074353218
21, source,0.010273364372551441,0.0,0.012799364514648914,0.01657758839428425
