norm_suff_mean,random_suff_mean,norm_comp_mean,random_comp_mean,final suff,final comp,target_tokens
0.005313425790518522,0.0036019161343574524,0.027990395203232765,0.025226598605513573,1.4751664400100708,4.747708797454834, They$ used$ cooking$ as$ source
