target_pos,target_token,norm_suff,random_suff,norm_comp,random_comp
21, until,0.0,0.0,0.013767796568572521,0.008678290992975235
23, French,0.0,0.0,0.015302295796573162,0.009974664077162743
25, in,0.0,0.0,0.02261258102953434,0.008953927084803581
27,89,0.0,0.0009327881271019578,0.00273145898245275,0.0024379563983529806
29, The,0.0,0.0,0.004595174454152584,0.006157050374895334
