target_pos,target_token,norm_suff,random_suff,norm_comp,random_comp
16, He,0.0,0.009830481372773647,0.024524154141545296,0.040092166513204575
18, best,0.022943196818232536,0.006762702018022537,0.008586561307311058,0.009201211854815483
20, for,0.001445754081942141,0.005960594862699509,0.001888943719677627,0.004837717395275831
22, role,0.0,0.0,0.0031402469612658024,0.003427465446293354
24, the,0.0,0.0,0.006902502384036779,0.0050404309295117855
