norm_suff_mean,random_suff_mean,norm_comp_mean,random_comp_mean,final suff,final comp,target_tokens
0.004877790343016386,0.004510756116360426,0.009008481167256832,0.01251979824155569,1.0813686847686768,2.566694736480713, He$ best$ for$ role$ the
