target_pos,target_token,norm_suff,random_suff,norm_comp,random_comp
16, ,0.022445721551775932,0.0,0.04390379413962364,0.025411313399672508
18, Mario,4.7975205234251916e-05,0.007267561741173267,0.006018429063260555,0.010127720423042774
20,.,0.0,0.0,0.02632715553045273,0.013498262502253056
22, a,0.004052944481372833,0.0,0.008462650701403618,0.008492465130984783
24, side,0.0,0.0,0.00984205026179552,0.011610196903347969
