norm_suff_mean,random_suff_mean,norm_comp_mean,random_comp_mean,final suff,final comp,target_tokens
0.005309327971190214,0.0014535123482346535,0.018910815939307213,0.013827991671860218,3.652757406234741,2.604471206665039, $ Mario$.$ a$ side
