target_pos,target_token,norm_suff,random_suff,norm_comp,random_comp
25, of,0.0,0.0,0.0028833458200097084,0.009647882543504238
27,ra,0.0002935581433121115,0.0,0.0006362327840179205,0.001283754943870008
29, and,0.0,0.0,0.012685718946158886,0.014371149241924286
31, from,0.0,0.0,0.0059065017849206924,0.005296155344694853
33,37,0.003163538873195648,0.0,0.007746454793959856,0.010950488969683647
