target_pos,target_token,norm_suff,random_suff,norm_comp,random_comp
12,"
",0.0,0.0,0.015664150938391685,0.03079979121685028
14, had,0.028923191130161285,0.023280389606952667,0.009376276284456253,0.011172669008374214
16, of,0.0,0.0,0.013623349368572235,0.007128561846911907
18, in,0.0,0.0276561938226223,0.005960917100310326,0.005974106024950743
20, early,0.0,0.0,0.010339790023863316,0.005645782686769962
