norm_suff_mean,random_suff_mean,norm_comp_mean,random_comp_mean,final suff,final comp,target_tokens
0.005784638226032257,0.010187316685914993,0.010992896743118763,0.012144180946052074,0.5678274631500244,2.0993847846984863,"
$ had$ of$ in$ early"
