target_pos,target_token,norm_suff,random_suff,norm_comp,random_comp
21, ,0.009587728418409824,0.0,0.016098259016871452,0.012479486875236034
23, ,0.0,0.01883849874138832,0.016491111367940903,0.007904650643467903
25, ,0.0,0.0,0.019093353301286697,0.025576308369636536
27, ,0.0,0.05867977440357208,0.013754360377788544,0.005479334853589535
29, ,0.0041906703263521194,0.0,0.018695347011089325,0.0065450966358184814
