norm_suff_mean,random_suff_mean,norm_comp_mean,random_comp_mean,final suff,final comp,target_tokens
0.002755679888650775,0.01550365425646305,0.016826486214995384,0.011596976779401302,0.17774389684200287,4.208390235900879, $ $ $ $ 
