target_pos,target_token,norm_suff,random_suff,norm_comp,random_comp
22, for,0.044198766350746155,0.02887890860438347,0.018885940313339233,0.010539837181568146
24, Los,0.0028141525108367205,0.0,0.04644927382469177,0.016277482733130455
26, Dodgers,0.0012476483825594187,0.0,0.001560384756885469,0.0024965484626591206
28, Major,0.0035413173027336597,0.004425127059221268,0.002077076118439436,0.00070434738881886
30, Baseball,0.00035174930235370994,0.0004642251878976822,0.0008228268125094473,0.0008150966605171561
