norm_suff_mean,random_suff_mean,norm_comp_mean,random_comp_mean,final suff,final comp,target_tokens
0.01043072622269392,0.006753651890903711,0.013959101401269436,0.006166662555187941,1.544457197189331,0.591201663017273, for$ Los$ Dodgers$ Major$ Baseball
