target_pos,target_token,norm_suff,random_suff,norm_comp,random_comp
26, ,0.05705324187874794,0.0745723620057106,0.009698556736111641,0.006229536607861519
28, ,0.0,0.04427780210971832,0.005222853738814592,0.00486789271235466
30, ,0.008433710783720016,0.0,0.006749718450009823,0.005270834546536207
32, ,0.014959285035729408,0.04692760854959488,0.004685964901000261,0.004113330040127039
34, ,0.024347756057977676,0.04849153757095337,0.00448931148275733,0.004749722313135862
