norm_suff_mean,random_suff_mean,norm_comp_mean,random_comp_mean,final suff,final comp,target_tokens
0.020958799868822098,0.042853862047195435,0.006169281434267759,0.005046263337135315,0.4890761077404022,0.240770623087883, $ $ $ $ 
