{
    "$schema": "../docs/rationalization.schema.json",
    "id": 0,
    "input-text": [
        "When",
        " my",
        " flight",
        " landed",
        " in",
        " Thailand",
        ",",
        " I",
        " converted",
        " my",
        " currency",
        " and",
        " slowly",
        " fell",
        " asleep",
        ".",
        " (",
        "I",
        " had",
        " a",
        " terrifying",
        " dream",
        " about",
        " my",
        " grandmother",
        ",",
        " but",
        " that",
        "'s",
        " a",
        " story",
        " for",
        " another",
        " time",
        ").",
        " I",
        " was",
        " staying",
        " in",
        " the",
        " capital",
        ","
    ],
    "input-tokens": [
        2215,
        616,
        5474,
        11406,
        287,
        16952,
        11,
        314,
        11513,
        616,
        7395,
        290,
        6364,
        3214,
        16039,
        13,
        357,
        40,
        550,
        257,
        17623,
        4320,
        546,
        616,
        18410,
        11,
        475,
        326,
        338,
        257,
        1621,
        329,
        1194,
        640,
        737,
        314,
        373,
        10589,
        287,
        262,
        3139,
        11
    ],
    "target-text": " Bangkok",
    "target-token": 35007,
    "rational-size": 5,
    "rational-positions": [
        40,
        5,
        39,
        37,
        41
    ],
    "rational-text": [
        " capital",
        " Thailand",
        " the",
        " staying",
        ","
    ],
    "rational-tokens": [
        3139,
        16952,
        262,
        10589,
        11
    ],
    "importance-scores": [
        0.028728364035487175,
        0.026531480252742767,
        0.027841782197356224,
        0.02576310932636261,
        0.02599605731666088,
        0.04079487919807434,
        0.021626299247145653,
        0.020199939608573914,
        0.021396590396761894,
        0.020577503368258476,
        0.02479644864797592,
        0.02053123153746128,
        0.020645348355174065,
        0.02023397758603096,
        0.021996017545461655,
        0.02176569774746895,
        0.021546488627791405,
        0.01961430162191391,
        0.019931616261601448,
        0.019719379022717476,
        0.021509787067770958,
        0.020761186257004738,
        0.019885705783963203,
        0.020269151777029037,
        0.022934798151254654,
        0.02079714648425579,
        0.020342186093330383,
        0.020783135667443275,
        0.020779628306627274,
        0.020406752824783325,
        0.020870234817266464,
        0.020902972668409348,
        0.021061528474092484,
        0.020372455939650536,
        0.025043761357665062,
        0.022796329110860825,
        0.02451365813612938,
        0.03042501211166382,
        0.026877133175730705,
        0.032751377671957016,
        0.045295242220163345,
        0.03038429655134678
    ],
    "comments": {
        "created-by": "run_analogies.py",
        "args": {
            "model": "EleutherAI/gpt-j-6b",
            "cache_dir": "./cache/",
            "tokenizer": "EleutherAI/gpt-j-6b",
            "data_dir": "data/analogies/gpt6b/",
            "importance_results_dir": "rationalization_results/analogies/gpt6b_norm",
            "device": "cuda",
            "rationalization_config": "config/eva_norm.json",
            "input_num_ratio": 1,
            "logfolder": "logs/analogies/gpt6b_norm",
            "loglevel": 20
        },
        "time_elapsed": 0.8306100368499756
    }
}