{
    "$schema": "../docs/rationalization.schema.json",
    "id": 36,
    "input-text": [
        "I",
        " thought",
        " it",
        " would",
        " be",
        " the",
        " luck",
        "iest",
        " thing",
        " I",
        "'d",
        " ever",
        " encounter",
        ".",
        " (",
        "I",
        " tried",
        " to",
        " ignore",
        " my",
        " phone",
        " vibr",
        "ating",
        " in",
        " my",
        " pocket",
        ").",
        " But",
        " when",
        " I",
        " did",
        " end",
        " up",
        " encountering",
        " it",
        ",",
        " it",
        " turned",
        " out",
        " it",
        " wasn",
        "'t",
        " so"
    ],
    "input-tokens": [
        40,
        1807,
        340,
        561,
        307,
        262,
        8458,
        6386,
        1517,
        314,
        1549,
        1683,
        8791,
        13,
        357,
        40,
        3088,
        284,
        8856,
        616,
        3072,
        12611,
        803,
        287,
        616,
        10000,
        737,
        887,
        618,
        314,
        750,
        886,
        510,
        42398,
        340,
        11,
        340,
        2900,
        503,
        340,
        2492,
        470,
        523
    ],
    "target-text": " lucky",
    "target-token": 9670,
    "rational-size": 5,
    "rational-positions": [
        6,
        5,
        0,
        7,
        42
    ],
    "rational-text": [
        " luck",
        " the",
        "I",
        "iest",
        " so"
    ],
    "rational-tokens": [
        8458,
        262,
        40,
        6386,
        523
    ],
    "importance-scores": [
        0.0369928777217865,
        0.02916201762855053,
        0.022047381848096848,
        0.022167673334479332,
        0.02398638054728508,
        0.04503338411450386,
        0.11943186819553375,
        0.03693465143442154,
        0.018275462090969086,
        0.01704195700585842,
        0.017402978613972664,
        0.017964305356144905,
        0.020640326663851738,
        0.020029082894325256,
        0.017421476542949677,
        0.014976478181779385,
        0.015627233311533928,
        0.015358757227659225,
        0.016939597204327583,
        0.015604452230036259,
        0.01704951748251915,
        0.01676199398934841,
        0.01485145278275013,
        0.014731789007782936,
        0.01533831562846899,
        0.01558030303567648,
        0.019686441868543625,
        0.017557401210069656,
        0.017148997634649277,
        0.015756551176309586,
        0.01586909219622612,
        0.0169924758374691,
        0.015764916315674782,
        0.0202157162129879,
        0.016465527936816216,
        0.019154341891407967,
        0.01674559898674488,
        0.02481013350188732,
        0.021058447659015656,
        0.022122787311673164,
        0.03266138583421707,
        0.03514612466096878,
        0.035492297261953354
    ],
    "comments": {
        "created-by": "run_analogies.py",
        "args": {
            "model": "EleutherAI/gpt-j-6b",
            "cache_dir": "./cache/",
            "tokenizer": "EleutherAI/gpt-j-6b",
            "data_dir": "data/analogies/gpt6b/",
            "importance_results_dir": "rationalization_results/analogies/gpt6b_norm",
            "device": "cuda",
            "rationalization_config": "config/eva_norm.json",
            "input_num_ratio": 1,
            "logfolder": "logs/analogies/gpt6b_norm",
            "loglevel": 20
        },
        "time_elapsed": 0.1299571990966797
    }
}