{
    "$schema": "../docs/rationalization.schema.json",
    "id": 43,
    "input-text": [
        "I",
        " had",
        " never",
        " been",
        " friends",
        " with",
        " any",
        " Swiss",
        " people",
        " before",
        ".",
        " (",
        "The",
        " funn",
        "iest",
        " thing",
        " happened",
        " to",
        " me",
        " the",
        " other",
        " day",
        ",",
        " but",
        " that",
        "'s",
        " a",
        " story",
        " for",
        " another",
        " time",
        ").",
        " In",
        " fact",
        ",",
        " I",
        " had",
        " never",
        " even",
        " been",
        " to"
    ],
    "input-tokens": [
        40,
        550,
        1239,
        587,
        2460,
        351,
        597,
        14780,
        661,
        878,
        13,
        357,
        464,
        36090,
        6386,
        1517,
        3022,
        284,
        502,
        262,
        584,
        1110,
        11,
        475,
        326,
        338,
        257,
        1621,
        329,
        1194,
        640,
        737,
        554,
        1109,
        11,
        314,
        550,
        1239,
        772,
        587,
        284
    ],
    "target-text": " Switzerland",
    "target-token": 14679,
    "rational-size": 5,
    "rational-positions": [
        7,
        39,
        8,
        0,
        4
    ],
    "rational-text": [
        " Swiss",
        " been",
        " people",
        "I",
        " friends"
    ],
    "rational-tokens": [
        14780,
        587,
        661,
        40,
        2460
    ],
    "importance-scores": [
        0.03687014803290367,
        0.03030560538172722,
        0.0320555716753006,
        0.028414679691195488,
        0.03304501250386238,
        0.03178460896015167,
        0.027425138279795647,
        0.05586613714694977,
        0.03689710050821304,
        0.0210132896900177,
        0.022525858134031296,
        0.020316487178206444,
        0.019522296264767647,
        0.02017468586564064,
        0.018880700692534447,
        0.01891312003135681,
        0.019389459863305092,
        0.019090905785560608,
        0.019096121191978455,
        0.019480738788843155,
        0.019795570522546768,
        0.01917923614382744,
        0.01945926435291767,
        0.019089166074991226,
        0.01895062066614628,
        0.019262956455349922,
        0.019452514126896858,
        0.01979597844183445,
        0.01975744403898716,
        0.02061433158814907,
        0.019394608214497566,
        0.022540796548128128,
        0.022201091051101685,
        0.020841676741838455,
        0.02126232534646988,
        0.021319730207324028,
        0.024239808320999146,
        0.027693798765540123,
        0.024237092584371567,
        0.03785407543182373,
        0.03199025243520737
    ],
    "comments": {
        "created-by": "run_analogies.py",
        "args": {
            "model": "EleutherAI/gpt-j-6b",
            "cache_dir": "./cache/",
            "tokenizer": "EleutherAI/gpt-j-6b",
            "data_dir": "data/analogies/gpt6b/",
            "importance_results_dir": "rationalization_results/analogies/gpt6b_norm",
            "device": "cuda",
            "rationalization_config": "config/eva_norm.json",
            "input_num_ratio": 1,
            "logfolder": "logs/analogies/gpt6b_norm",
            "loglevel": 20
        },
        "time_elapsed": 0.12813758850097656
    }
}