{
    "$schema": "../docs/rationalization.schema.json",
    "id": 44,
    "input-text": [
        "I",
        " had",
        " never",
        " been",
        " friends",
        " with",
        " any",
        " Thai",
        " people",
        " before",
        ".",
        " (",
        "The",
        " funn",
        "iest",
        " thing",
        " happened",
        " to",
        " me",
        " the",
        " other",
        " day",
        ",",
        " but",
        " that",
        "'s",
        " a",
        " story",
        " for",
        " another",
        " time",
        ").",
        " In",
        " fact",
        ",",
        " I",
        " had",
        " never",
        " even",
        " been",
        " to"
    ],
    "input-tokens": [
        40,
        550,
        1239,
        587,
        2460,
        351,
        597,
        18933,
        661,
        878,
        13,
        357,
        464,
        36090,
        6386,
        1517,
        3022,
        284,
        502,
        262,
        584,
        1110,
        11,
        475,
        326,
        338,
        257,
        1621,
        329,
        1194,
        640,
        737,
        554,
        1109,
        11,
        314,
        550,
        1239,
        772,
        587,
        284
    ],
    "target-text": " Thailand",
    "target-token": 16952,
    "rational-size": 5,
    "rational-positions": [
        7,
        39,
        0,
        4,
        40
    ],
    "rational-text": [
        " Thai",
        " been",
        "I",
        " friends",
        " to"
    ],
    "rational-tokens": [
        18933,
        587,
        40,
        2460,
        284
    ],
    "importance-scores": [
        0.04054605960845947,
        0.03020244836807251,
        0.03242221102118492,
        0.028875786811113358,
        0.03533649444580078,
        0.033115122467279434,
        0.025978121906518936,
        0.0661197304725647,
        0.033674485981464386,
        0.020141439512372017,
        0.021552830934524536,
        0.018970200791954994,
        0.01810486428439617,
        0.018980203196406364,
        0.01747782900929451,
        0.01735180988907814,
        0.017920905724167824,
        0.017626075074076653,
        0.01769077219069004,
        0.018243558704853058,
        0.018571721389889717,
        0.01793171837925911,
        0.01814189739525318,
        0.01789737306535244,
        0.017664844170212746,
        0.01789671741425991,
        0.018243521451950073,
        0.018566196784377098,
        0.019434506073594093,
        0.021284647285938263,
        0.01909324899315834,
        0.021568233147263527,
        0.021802090108394623,
        0.020177584141492844,
        0.020436469465494156,
        0.020915206521749496,
        0.02407323196530342,
        0.02808585949242115,
        0.02452840656042099,
        0.04851476103067398,
        0.034840840846300125
    ],
    "comments": {
        "created-by": "run_analogies.py",
        "args": {
            "model": "EleutherAI/gpt-j-6b",
            "cache_dir": "./cache/",
            "tokenizer": "EleutherAI/gpt-j-6b",
            "data_dir": "data/analogies/gpt6b/",
            "importance_results_dir": "rationalization_results/analogies/gpt6b_norm",
            "device": "cuda",
            "rationalization_config": "config/eva_norm.json",
            "input_num_ratio": 1,
            "logfolder": "logs/analogies/gpt6b_norm",
            "loglevel": 20
        },
        "time_elapsed": 0.12823867797851562
    }
}