{
    "$schema": "../docs/rationalization.schema.json",
    "id": 53,
    "input-text": [
        "I",
        " really",
        " wanted",
        " to",
        " buy",
        " the",
        " pig",
        ",",
        " more",
        " than",
        " I",
        " ever",
        " wanted",
        " to",
        " buy",
        " anything",
        " before",
        ".",
        " (",
        "I",
        " was",
        " also",
        " behind",
        " on",
        " my",
        " homework",
        ",",
        " but",
        " that",
        "'s",
        " another",
        " story",
        ").",
        " So",
        " I",
        " went",
        " to",
        " the",
        " store",
        " and",
        " asked",
        " if",
        " they",
        " had",
        " any"
    ],
    "input-tokens": [
        40,
        1107,
        2227,
        284,
        2822,
        262,
        12967,
        11,
        517,
        621,
        314,
        1683,
        2227,
        284,
        2822,
        1997,
        878,
        13,
        357,
        40,
        373,
        635,
        2157,
        319,
        616,
        26131,
        11,
        475,
        326,
        338,
        1194,
        1621,
        737,
        1406,
        314,
        1816,
        284,
        262,
        3650,
        290,
        1965,
        611,
        484,
        550,
        597
    ],
    "target-text": " pigs",
    "target-token": 22333,
    "rational-size": 5,
    "rational-positions": [
        6,
        5,
        0,
        4,
        3
    ],
    "rational-text": [
        " pig",
        " the",
        "I",
        " buy",
        " to"
    ],
    "rational-tokens": [
        12967,
        262,
        40,
        2822,
        284
    ],
    "importance-scores": [
        0.059690576046705246,
        0.03379296511411667,
        0.037686582654714584,
        0.04320107400417328,
        0.05547154322266579,
        0.0702592208981514,
        0.1658870130777359,
        0.01870657317340374,
        0.010880261659622192,
        0.011820648796856403,
        0.010930617339909077,
        0.012693648226559162,
        0.011787083931267262,
        0.01135453674942255,
        0.014907401986420155,
        0.010320478118956089,
        0.011266794055700302,
        0.014885889366269112,
        0.01219274289906025,
        0.009153040125966072,
        0.009577625431120396,
        0.009773338213562965,
        0.011235862039029598,
        0.00967106968164444,
        0.0106545714661479,
        0.019823748618364334,
        0.009696207009255886,
        0.009402572177350521,
        0.009568290784955025,
        0.009436762891709805,
        0.009938627481460571,
        0.010498566552996635,
        0.01742306351661682,
        0.01267540268599987,
        0.01123066060245037,
        0.014203887432813644,
        0.012812890112400055,
        0.01684894785284996,
        0.022159645333886147,
        0.014888818375766277,
        0.026825472712516785,
        0.028558898717164993,
        0.013922475278377533,
        0.02194257453083992,
        0.03034132532775402
    ],
    "comments": {
        "created-by": "run_analogies.py",
        "args": {
            "model": "EleutherAI/gpt-j-6b",
            "cache_dir": "./cache/",
            "tokenizer": "EleutherAI/gpt-j-6b",
            "data_dir": "data/analogies/gpt6b/",
            "importance_results_dir": "rationalization_results/analogies/gpt6b_norm",
            "device": "cuda",
            "rationalization_config": "config/eva_norm.json",
            "input_num_ratio": 1,
            "logfolder": "logs/analogies/gpt6b_norm",
            "loglevel": 20
        },
        "time_elapsed": 0.12820124626159668
    }
}