suff,comp,random_suff,random_comp
0.013096488331026841,0.06271059629100748,0.0016198820080969866,0.0011377542282737505
