suff,comp,random_suff,random_comp
0.04518263158445025,0.9369602755865749,0.026542417845677638,0.855354934410529
