suff,comp,random_suff,random_comp
0.0583942971655172,0.9638799897924986,0.049856868312562565,0.9313483573649273
