suff,comp,random_suff,random_comp
0.04518263158445025,0.9369602755865749,0.024190686732981994,0.8501131444070364
