suff,comp,random_suff,random_comp
0.00787398935279964,0.14040441238461288,0.0007503029777712474,0.028508021431402242
