suff,comp,random_suff,random_comp
0.07007550317009374,0.9597176074277997,0.049790603243503005,0.9396170119401982
