suff,comp,random_suff,random_comp
0.04518263158445025,0.9369602755865749,0.021773430635166496,0.8443073849422701
