suff,comp,random_suff,random_comp
0.04518263158445025,0.9369602755865749,0.02162304585668347,0.8485366094558755
