suff,comp,random_suff,random_comp
0.04518263158445025,0.9369602755865749,0.026505202521930477,0.871379137342251
