suff,comp,random_suff,random_comp
0.3637450799687973,0.9591760810895453,0.10784287952428834,0.8651379739598833
