suff,comp,random_suff,random_comp
0.0025208407868438157,5.248445238422369e-05,0.007186143898155522,2.2673609693049165e-05
