suff,comp,random_suff,random_comp
0.09191435880410072,0.9367722178554774,0.055593348786120676,0.6745788172544386
