suff,comp,random_suff,random_comp
0.10112563069204206,0.9684851635895976,0.06176339770860989,0.8380732210750744
