suff,comp,random_suff,random_comp
0.0020531711617534183,0.007329167405096204,0.0012378916631018832,0.004944730033240543
