suff,comp,random_suff,random_comp
0.03769015894567772,0.4132189029462678,0.01715605403538528,0.17593722392498684
