suff,comp,random_suff,random_comp
0.0689706557260484,0.8580079870549556,0.03721884225341665,0.4467208926189554
