suff,comp,random_suff,random_comp
0.0689706557260484,0.8580079870549556,0.03985421343692418,0.43845588588331613
