suff,comp,random_suff,random_comp
0.0689706557260484,0.8580079870549556,0.04380726089290723,0.4041063642346317
