suff,comp,random_suff,random_comp
0.11103977506108471,0.8856533973759517,0.05113347235508869,0.6610939938852355
