suff,comp,random_suff,random_comp
0.05904332352442511,0.7302374363617871,0.034883056538507165,0.3714367670523262
