suff,comp,random_suff,random_comp
0.1085313701163866,0.7822643548972285,0.032006198639332746,0.38713786748230855
