suff,comp,random_suff,random_comp
0.00676078861696562,0.42242779091656824,0.0013750420596485612,0.004793728405086291
