suff,comp,random_suff,random_comp
0.1085313701163866,0.7822643548972285,0.052670107362167644,0.4993691664833251
