suff,comp,random_suff,random_comp
0.1085313701163866,0.7822643548972285,0.057925554299789614,0.4527272774520717
