suff,comp,random_suff,random_comp
0.1085313701163866,0.7822643548972285,0.04042225055761804,0.4334203540502684
