{
    "$schema": "../docs/rationalization.schema.json",
    "id": 21,
    "input-text": [
        "</s>",
        "I",
        " had",
        " never",
        " been",
        " friends",
        " with",
        " any",
        " English",
        " people",
        " before",
        ".",
        " (",
        "The",
        " funn",
        "iest",
        " thing",
        " happened",
        " to",
        " me",
        " the",
        " other",
        " day",
        ",",
        " but",
        " that",
        "'s",
        " a",
        " story",
        " for",
        " another",
        " time",
        ").",
        " In",
        " fact",
        ",",
        " I",
        " had",
        " never",
        " even",
        " been",
        " to"
    ],
    "input-tokens": [
        2,
        100,
        56,
        393,
        57,
        964,
        19,
        143,
        2370,
        82,
        137,
        4,
        36,
        133,
        29310,
        7098,
        631,
        1102,
        7,
        162,
        5,
        97,
        183,
        6,
        53,
        14,
        18,
        10,
        527,
        13,
        277,
        86,
        322,
        96,
        754,
        6,
        38,
        56,
        393,
        190,
        57,
        7
    ],
    "target-text": " England",
    "target-token": 1156,
    "rational-size": 5,
    "rational-positions": [
        29,
        28,
        15,
        18,
        13
    ],
    "rational-text": [
        " for",
        " story",
        "iest",
        " to",
        "The"
    ],
    "rational-tokens": [
        13,
        527,
        7098,
        7,
        133
    ],
    "importance-scores": [
        0.0,
        0.0,
        0.03407197445631027,
        0.03071010671555996,
        0.02453678287565708,
        0.023829275742173195,
        0.0306394025683403,
        0.019886085763573647,
        0.031358685344457626,
        0.030150558799505234,
        0.027760088443756104,
        0.014555887319147587,
        0.018253469839692116,
        0.03757067397236824,
        0.01680622436106205,
        0.051952943205833435,
        0.024390077218413353,
        0.034664399921894073,
        0.051282186061143875,
        0.014456095173954964,
        0.01650986634194851,
        0.018861722201108932,
        0.02238726057112217,
        0.014569601975381374,
        0.01796009950339794,
        0.012665625661611557,
        0.013912487775087357,
        0.029011916369199753,
        0.0705079659819603,
        0.10313386470079422,
        0.0036829367745667696,
        0.003514775773510337,
        0.003260222962126136,
        0.007876468822360039,
        0.007931288331747055,
        0.009568974375724792,
        0.0049414969980716705,
        0.005331073421984911,
        0.022937702015042305,
        0.026800019666552544,
        0.027394313365221024,
        0.03157661482691765
    ],
    "comments": {
        "created-by": "run_analogies.py",
        "args": {
            "model": "KoboldAI/OPT-6.7B-Erebus",
            "cache_dir": "./cache/",
            "tokenizer": "KoboldAI/OPT-6.7B-Erebus",
            "data_dir": "data/analogies/OPT6B/",
            "importance_results_dir": "rationalization_results/analogies/OPT6B_integrated_gradients",
            "device": "cuda",
            "rationalization_config": "config/eva_integrated_gradients.json",
            "input_num_ratio": 1,
            "logfolder": "logs/analogies/OPT6B_integrated_gradients",
            "loglevel": 20
        },
        "time_elapsed": 3.4219396114349365
    }
}