{
    "$schema": "../docs/rationalization.schema.json",
    "id": 9,
    "input-text": [
        "</s>",
        "I",
        " initially",
        " invited",
        " my",
        " dad",
        ",",
        " who",
        " gladly",
        " accepted",
        " my",
        " invitation",
        ".",
        " (",
        "My",
        " favorite",
        " song",
        " just",
        " came",
        " on",
        ",",
        " so",
        " I",
        " was",
        " able",
        " to",
        " relax",
        ").",
        " When",
        " I",
        " learned",
        " that",
        " women",
        " were",
        " allowed",
        ",",
        " I",
        " went",
        " ahead",
        " and",
        " also",
        " invited",
        " my"
    ],
    "input-tokens": [
        2,
        100,
        3225,
        4036,
        127,
        4252,
        6,
        54,
        36811,
        3903,
        127,
        10021,
        4,
        36,
        2387,
        2674,
        2214,
        95,
        376,
        15,
        6,
        98,
        38,
        21,
        441,
        7,
        12327,
        322,
        520,
        38,
        2435,
        14,
        390,
        58,
        1220,
        6,
        38,
        439,
        789,
        8,
        67,
        4036,
        127
    ],
    "target-text": " mom",
    "target-token": 3795,
    "rational-size": 5,
    "rational-positions": [
        35,
        9,
        2,
        3,
        34
    ],
    "rational-text": [
        ",",
        " accepted",
        " initially",
        " invited",
        " allowed"
    ],
    "rational-tokens": [
        6,
        3903,
        3225,
        4036,
        1220
    ],
    "importance-scores": [
        0.0,
        0.0,
        0.07147115468978882,
        0.0654674768447876,
        0.05991936847567558,
        0.042160216718912125,
        0.048228804022073746,
        0.03682767227292061,
        0.04818112030625343,
        0.07966730743646622,
        0.02053854428231716,
        0.015086838975548744,
        0.022479845210909843,
        0.0134952487424016,
        0.012807155959308147,
        0.013184196315705776,
        0.013659882359206676,
        0.011417385190725327,
        0.011321181431412697,
        0.015964467078447342,
        0.009000226855278015,
        0.011613843962550163,
        0.009469356387853622,
        0.007359710987657309,
        0.01047445461153984,
        0.013717565685510635,
        0.010462617501616478,
        0.012913771905004978,
        0.011793529614806175,
        0.010190322063863277,
        0.008170071057975292,
        0.014701646752655506,
        0.011569175869226456,
        0.017383664846420288,
        0.06506740301847458,
        0.10073098540306091,
        0.006040723994374275,
        0.013397510163486004,
        0.028529051691293716,
        0.012570545077323914,
        0.0012403610162436962,
        0.004978362005203962,
        0.0053000603802502155
    ],
    "comments": {
        "created-by": "run_analogies.py",
        "args": {
            "model": "KoboldAI/OPT-6.7B-Erebus",
            "cache_dir": "./cache/",
            "tokenizer": "KoboldAI/OPT-6.7B-Erebus",
            "data_dir": "data/analogies/OPT6B/",
            "importance_results_dir": "rationalization_results/analogies/OPT6B_integrated_gradients",
            "device": "cuda",
            "rationalization_config": "config/eva_integrated_gradients.json",
            "input_num_ratio": 1,
            "logfolder": "logs/analogies/OPT6B_integrated_gradients",
            "loglevel": 20
        },
        "time_elapsed": 3.466831922531128
    }
}