suff,comp,random_suff,random_comp
0.4390386321879179,0.9762056893202213,0.026042887515451456,0.4872816745172428
