suff,comp,random_suff,random_comp
0.7357395549442312,0.9924191084581535,0.10426672157160265,0.8379615998887248
