suff,comp,random_suff,random_comp
0.14941657523921073,0.9409344005773617,0.0149688337246094,0.32775692382321436
