suff,comp,random_suff,random_comp
0.4390386321879179,0.9762056893202213,0.018019676481157335,0.48623659579240724
