suff,comp,random_suff,random_comp
0.009007626074520176,0.00038484079488810847,0.0045650332132196525,0.0007529720759621495
