suff,comp,random_suff,random_comp
0.14941657523921073,0.9409344005773617,0.011992971778690523,0.3401456833773877
