suff,comp,random_suff,random_comp
0.35203670972117374,0.970498216299894,0.02242436458291351,0.47110912886135187
