suff,comp,random_suff,random_comp
0.005124951101847677,0.0160501986985805,0.006270784531615107,0.015134508619350359
