suff,comp,random_suff,random_comp
0.6310547131392275,0.9840381474362755,0.04456470402543267,0.6758563336166898
