suff,comp,random_suff,random_comp
0.006184586593041618,0.014994387433386982,0.004859501245747853,0.01729228048385976
