suff,comp,random_suff,random_comp
0.019690173910289627,0.7443938692370303,0.006965421598459823,0.20216096745764628
