suff,comp,random_suff,random_comp
0.6310547131392275,0.9840381474362755,0.029672879025266413,0.6495662803178275
