suff,comp,random_suff,random_comp
0.7039809765066605,0.9925456435824532,0.05365523558917487,0.8258272650577894
