suff,comp,random_suff,random_comp
0.019690173910289627,0.7443938692370303,0.006599966513454002,0.15426949585754499
