suff,comp,random_suff,random_comp
0.06970384409855442,0.6525509261180562,0.04493047640001786,0.4675355528916025
