suff,comp,random_suff,random_comp
0.06970384409855442,0.6525509261180562,0.05122896492421151,0.4729692878285846
