target_pos,target_token,norm_suff,random_suff,norm_comp,random_comp
33, ,0.0,0.003101970301941037,0.15838603675365448,0.01009012758731842
35,see,0.014146017841994762,0.0982789695262909,0.3695080280303955,0.12555094063282013
37, below,0.0,0.047042764723300934,0.015234101563692093,0.009160893969237804
39, It,0.0,0.005666040349751711,0.8373531103134155,0.02203402668237686
41, a,0.043983783572912216,0.0,0.09407408535480499,0.018587004393339157
