target_pos,target_token,norm_suff,random_suff,norm_comp,random_comp
15,",",0.04808899387717247,0.06940305978059769,0.1945645660161972,0.0748492181301117
17, a,0.03865470737218857,0.0,0.1341480016708374,0.0901520699262619
19,",",0.0,0.019319571554660797,0.07353409379720688,0.19078022241592407
21,-,0.018112685531377792,0.01626572385430336,0.09548673778772354,0.06542076915502548
23, crust,0.0,0.028372872620821,0.05034293234348297,0.03298473730683327
