norm_suff_mean,random_suff_mean,norm_comp_mean,random_comp_mean,final suff,final comp,target_tokens
0.01162596046924591,0.030817950144410133,0.29491108655929565,0.03708460181951523,0.3772463798522949,3.189809799194336, $see$ below$ It$ a
