norm_suff_mean,random_suff_mean,norm_comp_mean,random_comp_mean,final suff,final comp,target_tokens
0.020971277728676796,0.026672247797250748,0.1096152663230896,0.09083741158246994,0.786258356929273,4.3315153591359845,",$ a$,$-$ crust"
