target_pos,target_token,norm_suff,random_suff,norm_comp,random_comp
17, ,0.0,0.0010273028165102005,0.9876849055290222,0.025780238211154938
19, 18,0.0,0.0,0.05110442265868187,0.024040447548031807
21,.,0.0,0.004048294387757778,0.11208467930555344,0.07646097987890244
23, is,0.0,0.0007898446638137102,0.6891621351242065,0.014985140413045883
25, highest,0.0,0.0,0.044348444789648056,0.016229728236794472
