target_pos,target_token,norm_suff,random_suff,norm_comp,random_comp
18, ,0.0,0.00024309701984748244,0.11084653437137604,0.025139691308140755
20,including,0.0,0.0,0.029248295351862907,0.028413396328687668
22, largest,0.0,0.0017398307099938393,0.04008081182837486,0.0861433669924736
24, Titan,0.0,0.00027248807600699365,0.8431075811386108,0.04131541773676872
26, and,0.010863025672733784,0.0,0.08705859631299973,0.01534790825098753
