norm_suff_mean,random_suff_mean,norm_comp_mean,random_comp_mean,final suff,final comp,target_tokens
0.0021726051345467567,0.0004510831495281309,0.22206835448741913,0.03927195817232132,4.816418170928955,18.07597541809082, $including$ largest$ Titan$ and
