target_pos,target_token,norm_suff,random_suff,norm_comp,random_comp
15, ,0.0,0.0,0.19692088663578033,0.05742104351520538
17,also,0.0,0.02024766057729721,0.2346857488155365,0.05616956576704979
19, as,0.0,0.01182988565415144,0.01754678227007389,0.003348920028656721
21,h,0.0,0.0,1.1266645193099976,0.14500299096107483
23, bees,0.0,0.00477924570441246,0.8908270597457886,0.04347483068704605
