target_pos,target_token,norm_suff,random_suff,norm_comp,random_comp
24, ,0.0,2.5697161618154496e-05,0.8715173006057739,0.06556855887174606
26, benign,0.0,0.0,1.012467861175537,0.01736532151699066
28, It,0.0,0.0007385444478131831,0.03710341081023216,0.03374572843313217
30, usually,0.0,0.0,0.0313740000128746,0.03047945350408554
32, by,0.0,0.0,0.008740943856537342,0.004735131282359362
