target_pos,target_token,norm_suff,random_suff,norm_comp,random_comp
20, ,0.0,0.0,0.9814127683639526,0.04496331885457039
22, is,0.0,0.0037727761082351208,0.08120065182447433,0.03377547860145569
24, head,0.0,0.0,0.81891930103302,0.021783165633678436
26, the,0.0,0.0,0.02207336388528347,0.031904567033052444
28,di,0.0015298213111236691,0.0017350559355691075,0.12388025224208832,0.0024610734544694424
