norm_suff_mean,random_suff_mean,norm_comp_mean,random_comp_mean,final suff,final comp,target_tokens
0.00030596426222473383,0.001101566362194717,0.405497282743454,0.026977522298693657,0.2777538299560547,88.17213439941406, $ is$ head$ the$di
