target_pos,target_token,norm_suff,random_suff,norm_comp,random_comp
21, north,0.0,0.007802104111760855,0.03923535346984863,0.02529253251850605
23, Hawaii,0.0,0.0,0.1426275372505188,0.034437574446201324
25, It,0.0,0.002320691244676709,0.04964577406644821,0.017771070823073387
27, the,0.0,0.0,0.20708401501178741,0.012226373888552189
29, largest,0.01950281858444214,0.022751744836568832,0.030643198639154434,0.011387537233531475
