target_pos,target_token,norm_suff,random_suff,norm_comp,random_comp
21, north,0.0,0.01221481803804636,0.055638983845710754,0.07655274868011475
23, Hawaii,0.0,0.0005183094763197005,0.0581202358007431,0.037805166095495224
25, It,0.15434479713439941,0.0010264739394187927,0.8944616317749023,0.04855882748961449
27, the,0.0,0.0,0.2941949963569641,0.015706853941082954
29, largest,0.10296298563480377,0.02352915145456791,0.23932191729545593,0.02737816795706749
