norm_suff_mean,random_suff_mean,norm_comp_mean,random_comp_mean,final suff,final comp,target_tokens
0.05146155506372452,0.00745775131508708,0.30834755301475525,0.04120035469532013,6.900411605834961,0.800604522228241, north$ Hawaii$ It$ the$ largest
