norm_suff_mean,random_suff_mean,norm_comp_mean,random_comp_mean,final suff,final comp,target_tokens
0.003900563810020685,0.006574907805770636,0.09384717792272568,0.020223017781972885,0.5932499766349792,5.1846394538879395, north$ Hawaii$ It$ the$ largest
