target_pos,target_token,norm_suff,random_suff,norm_comp,random_comp
25, ,0.0012838448164984584,0.00035446789115667343,0.015538141131401062,0.012815157882869244
27, David,0.0,0.0,0.023760806769132614,0.04434952512383461
29,inc,0.0,0.0,0.9645001292228699,0.06014362722635269
31, and,0.0,0.0,0.026570601388812065,0.027443144470453262
33, Matthew,0.0,0.009129869751632214,0.9133688807487488,0.020920591428875923
