norm_suff_mean,random_suff_mean,norm_comp_mean,random_comp_mean,final suff,final comp,target_tokens
0.00025676898076198995,0.0018968675285577774,0.3887477219104767,0.03313441202044487,0.13536474108695984,129.04367065429688, $ David$inc$ and$ Matthew
