target_pos,target_token,norm_suff,random_suff,norm_comp,random_comp
21, ,0.0002977958065457642,0.00016513800073880702,0.007391274441033602,0.038401421159505844
23, the,0.0,0.002319192048162222,0.04431651532649994,0.027584969997406006
25, who,0.0,0.0,0.37428048253059387,0.06603241711854935
27, exempl,0.0,0.0,0.983859121799469,0.011187710799276829
29, the,0.0,0.0,0.03843046352267265,0.015499087050557137
