norm_suff_mean,random_suff_mean,norm_comp_mean,random_comp_mean,final suff,final comp,target_tokens
5.9559162764344364e-05,0.0004968660068698227,0.2896555960178375,0.031741123646497726,0.119869664311409,532.934326171875, $ the$ who$ exempl$ the
