target_pos,target_token,norm_suff,random_suff,norm_comp,random_comp
27, The,0.0007308293133974075,0.001526023494079709,0.014873795211315155,0.010182918049395084
29, were,0.0,0.0,0.27197596430778503,0.0355762280523777
31, first,0.0,0.0,0.946097731590271,0.07384071499109268
33, use,0.007092130370438099,0.007813847623765469,0.9605501890182495,0.02195344865322113
35, sword,0.0,0.013430846855044365,0.8987502455711365,0.033208318054676056
