target_pos,target_token,norm_suff,random_suff,norm_comp,random_comp
27, The,0.0,0.0016034963773563504,0.16725628077983856,0.0672232061624527
29, were,0.0,0.0,0.03798607736825943,0.03792349249124527
31, first,0.0,0.0,0.018464624881744385,0.0491582490503788
33, use,0.0022224518470466137,0.0068887267261743546,0.018789108842611313,0.013223404064774513
35, sword,0.016841989010572433,0.010939250700175762,0.0465865321457386,0.018888486549258232
