norm_suff_mean,random_suff_mean,norm_comp_mean,random_comp_mean,final suff,final comp,target_tokens
0.0015645920066162944,0.004554143641144037,0.6184496283531189,0.034952323883771896,0.3435535132884979,22.339576721191406, The$ were$ first$ use$ sword
