norm_suff_mean,random_suff_mean,norm_comp_mean,random_comp_mean,final suff,final comp,target_tokens
0.003812888404354453,0.003886294784024358,0.0578165240585804,0.03728336840867996,0.981111466884613,9.778247833251953, The$ were$ first$ use$ sword
