target_pos,target_token,norm_suff,random_suff,norm_comp,random_comp
17, in,0.03667110204696655,0.0,0.19603286683559418,0.0673961266875267
19, middle,0.0,0.0074943057261407375,0.04618337005376816,0.02632787637412548
21, the,0.0,0.021232910454273224,0.016904396936297417,0.11504020541906357
23,.,0.26467740535736084,0.0,0.035357147455215454,0.04619685560464859
25, was,0.0,0.0,0.03014976717531681,0.03022082708775997
