target_pos,target_token,norm_suff,random_suff,norm_comp,random_comp
17, in,0.0,0.04049836844205856,0.01943972520530224,0.09997556358575821
19, middle,0.0044161053374409676,0.0003672368184197694,0.08955956250429153,0.09812915325164795
21, the,0.06646200269460678,0.003091976046562195,0.9728496670722961,0.0950285792350769
23,.,0.039334021508693695,0.04611016809940338,0.03413272649049759,0.01694612205028534
25, was,0.0,0.0,0.07846034318208694,0.016383016481995583
