norm_suff_mean,random_suff_mean,norm_comp_mean,random_comp_mean,final suff,final comp,target_tokens
0.06026970222592354,0.005745443515479565,0.06492551416158676,0.0570363774895668,10.489999771118164,0.9463524222373962, in$ middle$ the$.$ was
