norm_suff_mean,random_suff_mean,norm_comp_mean,random_comp_mean,final suff,final comp,target_tokens
0.022042427211999893,0.018013549968600273,0.23888841271400452,0.06529249250888824,1.2236582040786743,2.962128162384033, in$ middle$ the$.$ was
