target_pos,target_token,norm_suff,random_suff,norm_comp,random_comp
16, ,0.0,0.0007907798863016069,0.09301608055830002,0.13359294831752777
18, ,0.0,0.017190253362059593,0.8220005035400391,0.06685654073953629
20,L,0.0010833435226231813,0.0,0.06881479173898697,0.12871330976486206
22,ster,0.021069778129458427,0.0,1.0134706497192383,0.056477345526218414
24, ,0.00224920897744596,0.00014520481636282057,0.007633374072611332,0.0032952851615846157
