target_pos,target_token,norm_suff,random_suff,norm_comp,random_comp
14,.,0.0,0.22191141545772552,0.12693487107753754,0.043595753610134125
16, has,0.005927762016654015,0.0,0.16887028515338898,0.06000181660056114
18, in,0.0,0.01013880129903555,0.01735091209411621,0.007852098904550076
20, such,0.02264523319900036,0.00035744093474932015,0.04803433269262314,0.03768713027238846
22, The,0.0,0.004240087233483791,0.1401117742061615,0.04808098077774048
