norm_suff_mean,random_suff_mean,norm_comp_mean,random_comp_mean,final suff,final comp,target_tokens
0.005714599043130875,0.04732954874634743,0.100260429084301,0.03944355621933937,0.12074061964454898,6.902243870766707,.$ has$ in$ such$ The
