norm_suff_mean,random_suff_mean,norm_comp_mean,random_comp_mean,final suff,final comp,target_tokens
0.004880466498434544,0.0036252476274967194,0.40098705887794495,0.07778708636760712,1.3462436199188232,15.93845272064209, $ $L$ster$ 
