target_pos,target_token,norm_suff,random_suff,norm_comp,random_comp
12, They,0.0,0.0,0.0411379411816597,0.09613316506147385
14, used,0.0015861443243920803,0.0,0.19634445011615753,0.12140484154224396
16, cooking,0.0,0.001266444567590952,0.0906466469168663,0.03435445949435234
18, baking,0.0,0.0,0.07502047717571259,0.035868752747774124
20, and,0.0,0.000732049229554832,0.04358115792274475,0.04404560104012489
