target_pos,target_token,norm_suff,random_suff,norm_comp,random_comp
12, They,0.20823989808559418,0.0,0.863869845867157,0.03710399568080902
14, used,0.0,0.0031652506440877914,0.10567176342010498,0.04102730005979538
16, cooking,0.0,6.668744754279032e-05,0.5670076012611389,0.037821874022483826
18, baking,0.0,0.004937310703098774,1.041696310043335,0.103542260825634
20, and,0.0,0.0033470848575234413,0.8220292329788208,0.035408057272434235
