norm_suff_mean,random_suff_mean,norm_comp_mean,random_comp_mean,final suff,final comp,target_tokens
0.041647981852293015,0.002303266664966941,0.6800549626350403,0.05098069831728935,18.082136154174805,1.2240856885910034, They$ used$ cooking$ baking$ and
