norm_suff_mean,random_suff_mean,norm_comp_mean,random_comp_mean,final suff,final comp,target_tokens
0.00031722887069918215,0.00039969879435375333,0.08934613317251205,0.06636136770248413,0.7936698198318481,209.19082641601562, They$ used$ cooking$ baking$ and
