target_pos,target_token,norm_suff,random_suff,norm_comp,random_comp
20,.,0.0034729435574263334,0.0,0.09454824030399323,0.10491693019866943
22, French,0.0,0.0010707636829465628,0.033089250326156616,0.0479559525847435
24, was,0.04329138994216919,0.0,0.035692110657691956,0.02655772678554058
26, by,0.0,0.0,0.06502514332532883,0.04335485026240349
28, XIV,0.0,0.0,0.15749295055866241,0.028669176623225212
