target_pos,target_token,norm_suff,random_suff,norm_comp,random_comp
20,.,0.023731229826807976,0.0,0.06883268058300018,0.07392487674951553
22, French,0.0,0.0,0.7490515112876892,0.03682389110326767
24, was,0.006032317411154509,0.0,0.01595500484108925,0.03233608976006508
26, by,0.0,0.0,0.31306031346321106,0.027629610151052475
28, XIV,0.0,0.0,0.6369203329086304,0.025431642308831215
