norm_suff_mean,random_suff_mean,norm_comp_mean,random_comp_mean,final suff,final comp,target_tokens
0.009352866560220718,0.00021415273658931255,0.07716953754425049,0.05029093101620674,43.67381286621094,5.377060890197754,.$ French$ was$ by$ XIV
