target_pos,target_token,norm_suff,random_suff,norm_comp,random_comp
15, developed,0.01439963560551405,0.0,0.05641118809580803,0.1052665263414383
17, Nintendo,0.0,0.0023301360197365284,0.03476114571094513,0.06565456837415695
19, It,0.0,0.0,0.03245704248547554,0.01891537383198738
21, released,0.001086657284758985,0.004755445756018162,0.19153496623039246,0.014823711477220058
23, the,0.0,0.0,0.007899432443082333,0.0683545395731926
