target_pos,target_token,norm_suff,random_suff,norm_comp,random_comp
15, ,0.0027281076181679964,0.0,0.1192176416516304,0.02899753302335739
17, has,0.0,0.0,0.9080206751823425,0.05617762729525566
19, in,0.0,0.03327064961194992,0.010682257823646069,0.0397392101585865
21, such,0.0,0.011685771867632866,0.01713862083852291,0.017609400674700737
23, The,0.0,0.0053529441356658936,0.18076013028621674,0.012083043344318867
