norm_suff_mean,random_suff_mean,norm_comp_mean,random_comp_mean,final suff,final comp,target_tokens
0.003097258508205414,0.0014171163784340024,0.06461275368928909,0.05460294708609581,2.1856063167007274,17.629444536656827, developed$ Nintendo$ It$ released$ the
