norm_suff_mean,random_suff_mean,norm_comp_mean,random_comp_mean,final suff,final comp,target_tokens
0.0005456215585581958,0.01006187405437231,0.24716387689113617,0.030921364203095436,0.05422663316130638,56.67181396484375, $ has$ in$ such$ The
