target_pos,target_token,norm_suff,random_suff,norm_comp,random_comp
33,.,0.23206937313079834,0.46165817975997925,0.09552071243524551,0.058155886828899384
35, coin,0.014126859605312347,0.02497137524187565,0.04724092781543732,0.013040509074926376
37, struck,0.0569789782166481,0.011431743390858173,0.04252941533923149,0.010082446038722992
39, the,0.0003824052691925317,0.003443007590249181,0.04265730455517769,0.04156172275543213
41, way,0.0,0.001599184237420559,0.01963276043534279,0.014469100162386894
