target_pos,target_token,norm_suff,random_suff,norm_comp,random_comp
15, ,0.0,0.0007282857550308108,0.04382295906543732,0.047617677599191666
17, by,0.0,0.012105251662433147,0.1794595718383789,0.06795726716518402
19, and,0.0,0.026773791760206223,0.01693316176533699,0.027812514454126358
21, by,0.014019285328686237,0.0003875494294334203,0.6946424841880798,0.009119180031120777
23,.,0.0,0.07883249968290329,0.6701916456222534,0.08785293996334076
