norm_suff_mean,random_suff_mean,norm_comp_mean,random_comp_mean,final suff,final comp,target_tokens
0.06071152910590172,0.10062070190906525,0.0495162270963192,0.027461934834718704,0.6033701609512626,0.45233475814479446,.$ coin$ struck$ the$ way
