norm_suff_mean,random_suff_mean,norm_comp_mean,random_comp_mean,final suff,final comp,target_tokens
0.0028038572054356337,0.023765474557876587,0.32100996375083923,0.04807191714644432,0.11798027157783508,17.14492416381836, $ by$ and$ by$.
