target_pos,target_token,norm_suff,random_suff,norm_comp,random_comp
24,ern,0.0010520509677007794,0.0,0.050733763724565506,0.03823098912835121
26, in,0.0,0.0,0.18212932348251343,0.014061289839446545
28,48,0.02807674929499626,0.021660102531313896,0.01820741593837738,0.014788638800382614
30, It,0.01472614984959364,0.0,0.8920559883117676,0.00867792870849371
32, the,0.0,0.0,0.01173682976514101,0.017575053498148918
