target_pos,target_token,norm_suff,random_suff,norm_comp,random_comp
24,ern,0.0,0.0,0.18612323701381683,0.09132961183786392
26, in,0.0,0.0,0.025136366486549377,0.03523002192378044
28,48,0.03192247077822685,0.025275807827711105,0.030493218451738358,0.014778723008930683
30, It,0.0,0.0,0.013528225012123585,0.0634671077132225
32, the,0.0,0.0,0.025342879816889763,0.01602044887840748
