norm_suff_mean,random_suff_mean,norm_comp_mean,random_comp_mean,final suff,final comp,target_tokens
0.008770990185439587,0.004332020413130522,0.23097267746925354,0.01866677962243557,2.0246880054473877,2.1282408237457275,ern$ in$48$ It$ the
