norm_suff_mean,random_suff_mean,norm_comp_mean,random_comp_mean,final suff,final comp,target_tokens
0.006384494248777628,0.0050551616586744785,0.05612478405237198,0.04416518285870552,1.262965440750122,6.917569637298584,ern$ in$48$ It$ the
