target_pos,target_token,norm_suff,random_suff,norm_comp,random_comp
11, ,0.0,0.0,0.9863792657852173,0.039970193058252335
13, was,0.0011107990285381675,0.0014434546465054154,0.05894692242145538,0.03424551710486412
15, first,0.08593840897083282,0.0,0.9537358283996582,0.037523966282606125
17, radio,0.05797682702541351,0.0006995140574872494,0.9080455303192139,0.08064961433410645
19, to,0.0,0.039095375686883926,0.02084045484662056,0.09046951681375504
