norm_suff_mean,random_suff_mean,norm_comp_mean,random_comp_mean,final suff,final comp,target_tokens
0.029005205258727074,0.008247668854892254,0.585589587688446,0.05657176300883293,3.5167760848999023,1.9504003524780273, $ was$ first$ radio$ to
