target_pos,target_token,norm_suff,random_suff,norm_comp,random_comp
20, ,0.0,0.0,0.03879750892519951,0.05045292526483536
22, can,0.02210042253136635,0.0046545579098165035,0.12740619480609894,0.04092136025428772
24, a,0.0,0.0011287537636235356,0.30775341391563416,0.132577046751976
26, hit,0.0,0.0,0.07639511674642563,0.03488115966320038
28, a,0.0,0.0,0.010795647278428078,0.021091004833579063
