norm_suff_mean,random_suff_mean,norm_comp_mean,random_comp_mean,final suff,final comp,target_tokens
0.004420084413141012,0.0011566623579710722,0.11222958564758301,0.055984701961278915,3.8214128017425537,12.665980339050293, $ can$ a$ hit$ a
