target_pos,target_token,norm_suff,random_suff,norm_comp,random_comp
22, ,0.0,0.0005390887381508946,0.9865345358848572,0.07888668775558472
24,18,0.001529092900454998,0.0006894709076732397,0.06850363314151764,0.1004578024148941
26,-,0.0,0.0,1.082686424255371,0.10801035165786743
28,40,0.016240481287240982,0.04897110536694527,1.035792589187622,0.01897260919213295
30, It,0.11021559685468674,0.0,0.9297218918800354,0.07386446744203568
