norm_suff_mean,random_suff_mean,norm_comp_mean,random_comp_mean,final suff,final comp,target_tokens
0.02559703402221203,0.010039933025836945,0.8206478357315063,0.07603838294744492,2.5495223999023438,2.9705934524536133, $18$-$40$ It
