target_pos,target_token,norm_suff,random_suff,norm_comp,random_comp
21, ,0.0,0.0009674121392890811,0.9869458079338074,0.04114929586648941
23, is,0.0,0.004479685798287392,0.9230565428733826,0.020838264375925064
25, playing,0.0,0.0,0.8910415172576904,0.03031056933104992
27, the,0.0,0.0,0.00579745601862669,0.008541128598153591
29, Angeles,0.009539126418530941,0.0,0.9941020607948303,0.003496313700452447
