norm_suff_mean,random_suff_mean,norm_comp_mean,random_comp_mean,final suff,final comp,target_tokens
0.0019078253535553813,0.0010894195875152946,0.7601886987686157,0.020867114886641502,1.7512309551239014,10.937644004821777, $ is$ playing$ the$ Angeles
