target_pos,target_token,norm_suff,random_suff,norm_comp,random_comp
25, ,0.0,0.0,0.011848974041640759,0.01672476902604103
27,usually,0.054121825844049454,0.05838911607861519,0.023225057870149612,0.027973052114248276
29, 30,0.0,0.0,0.011180389672517776,0.009594077244400978
31, fat,0.0,0.0,0.8021731376647949,0.0165560320019722
33, ,0.0,0.0,0.02571631222963333,0.013622353784739971
