norm_suff_mean,random_suff_mean,norm_comp_mean,random_comp_mean,final suff,final comp,target_tokens
0.01082436554133892,0.011677823029458523,0.17482878267765045,0.016894057393074036,0.9269163608551025,1.5607434511184692, $usually$ 30$ fat$ 
