suff,comp,random_suff,random_comp
0.029656366197212135,0.7575273191307327,0.03505817300519323,0.45804747674255786
