suff,comp,random_suff,random_comp
0.008438032208470189,0.7028868388770185,0.015731349682688453,0.2787784782453799
