suff,comp,random_suff,random_comp
0.07741706532962356,0.8377506142247542,0.05660306533428792,0.6909332140540306
