suff,comp,random_suff,random_comp
0.003839974559810198,0.019876842610560674,0.004920339932960856,0.008197091171414083
