suff,comp,random_suff,random_comp
0.1049879086383652,0.8987263931960723,0.07182221340713492,0.7879957206326178
