{
    "$schema": "../docs/rationalization.schema.json",
    "id": 15,
    "input-text": [
        "When",
        " my",
        " flight",
        " landed",
        " in",
        " Oman",
        ",",
        " I",
        " converted",
        " my",
        " currency",
        " and",
        " slowly",
        " fell",
        " asleep",
        ".",
        " (",
        "I",
        " was",
        " behind",
        " on",
        " a",
        " couple",
        " of",
        " assignments",
        ",",
        " but",
        " I",
        " tried",
        " not",
        " to",
        " think",
        " about",
        " them",
        ").",
        " I",
        " was",
        " staying",
        " in",
        " the",
        " capital",
        ",",
        " Mus"
    ],
    "input-tokens": [
        2215,
        616,
        5474,
        11406,
        287,
        41782,
        11,
        314,
        11513,
        616,
        7395,
        290,
        6364,
        3214,
        16039,
        13,
        357,
        40,
        373,
        2157,
        319,
        257,
        3155,
        286,
        25815,
        11,
        475,
        314,
        3088,
        407,
        284,
        892,
        546,
        606,
        737,
        314,
        373,
        10589,
        287,
        262,
        3139,
        11,
        2629
    ],
    "target-text": "cat",
    "target-token": 9246,
    "rational-size": 5,
    "rational-positions": [
        5,
        42,
        0,
        41,
        38
    ],
    "rational-text": [
        " Oman",
        " Mus",
        "When",
        ",",
        " in"
    ],
    "rational-tokens": [
        41782,
        2629,
        2215,
        11,
        287
    ],
    "importance-scores": [
        0.06444266438484192,
        0.020075786858797073,
        0.02884720452129841,
        0.02579285390675068,
        0.024348724633455276,
        0.3245370388031006,
        0.007033012807369232,
        0.011809565126895905,
        0.006051267497241497,
        0.004313502460718155,
        0.018599331378936768,
        0.003539181314408779,
        0.010861058719456196,
        0.009272935800254345,
        0.013373525813221931,
        0.01793658919632435,
        0.012207066640257835,
        0.002284799702465534,
        0.006843478884547949,
        0.012056466192007065,
        0.015115011483430862,
        0.0031777513213455677,
        0.004914700053632259,
        0.005295156966894865,
        0.015563420951366425,
        0.007188331335783005,
        0.004302723333239555,
        0.0037489954847842455,
        0.004353320226073265,
        0.004069006070494652,
        0.011656191200017929,
        0.005395336542278528,
        0.0035816391464322805,
        0.007285738829523325,
        0.018910743296146393,
        0.013878369703888893,
        0.01015460304915905,
        0.014897610992193222,
        0.03701586648821831,
        0.014302303083240986,
        0.024885140359401703,
        0.042746059596538544,
        0.10333586484193802
    ],
    "comments": {
        "created-by": "run_analogies.py",
        "args": {
            "model": "EleutherAI/gpt-j-6b",
            "cache_dir": "./cache/",
            "tokenizer": "EleutherAI/gpt-j-6b",
            "data_dir": "data/analogies/gpt6b/",
            "importance_results_dir": "rationalization_results/analogies/gpt6b_input_x_gradient",
            "device": "cuda",
            "rationalization_config": "config/eva_input_x_gradient.json",
            "input_num_ratio": 1,
            "logfolder": "logs/analogies/gpt6b_input_x_gradient",
            "loglevel": 20
        },
        "time_elapsed": 0.22469043731689453
    }
}