{
    "$schema": "../docs/rationalization.schema.json",
    "id": 16,
    "input-text": [
        "When",
        " my",
        " flight",
        " landed",
        " in",
        " Norway",
        ",",
        " I",
        " converted",
        " my",
        " currency",
        " and",
        " slowly",
        " fell",
        " asleep",
        ".",
        " (",
        "I",
        " was",
        " behind",
        " on",
        " a",
        " couple",
        " of",
        " assignments",
        ",",
        " but",
        " I",
        " tried",
        " not",
        " to",
        " think",
        " about",
        " them",
        ").",
        " I",
        " was",
        " staying",
        " in",
        " the",
        " capital",
        ","
    ],
    "input-tokens": [
        2215,
        616,
        5474,
        11406,
        287,
        15238,
        11,
        314,
        11513,
        616,
        7395,
        290,
        6364,
        3214,
        16039,
        13,
        357,
        40,
        373,
        2157,
        319,
        257,
        3155,
        286,
        25815,
        11,
        475,
        314,
        3088,
        407,
        284,
        892,
        546,
        606,
        737,
        314,
        373,
        10589,
        287,
        262,
        3139,
        11
    ],
    "target-text": " Oslo",
    "target-token": 39636,
    "rational-size": 5,
    "rational-positions": [
        5,
        39,
        2,
        1,
        41
    ],
    "rational-text": [
        " Norway",
        " the",
        " flight",
        " my",
        ","
    ],
    "rational-tokens": [
        15238,
        262,
        5474,
        616,
        11
    ],
    "importance-scores": [
        0.04587090015411377,
        0.06449802219867706,
        0.06542060524225235,
        0.028384817764163017,
        0.02183489128947258,
        0.16961818933486938,
        0.020041458308696747,
        0.005483354441821575,
        0.017880262807011604,
        0.015252863988280296,
        0.023979078978300095,
        0.006872825790196657,
        0.01018197275698185,
        0.013958171010017395,
        0.023145511746406555,
        0.01198155339807272,
        0.011850966140627861,
        0.003321381052955985,
        0.007449297234416008,
        0.008930155076086521,
        0.011084913276135921,
        0.007683155592530966,
        0.01348995789885521,
        0.004414775874465704,
        0.01726207137107849,
        0.012373692356050014,
        0.008442314341664314,
        0.006413050927221775,
        0.007243818137794733,
        0.0031684928108006716,
        0.008436227217316628,
        0.00854937918484211,
        0.004454649053514004,
        0.01233817171305418,
        0.016030969098210335,
        0.009579134173691273,
        0.020185450091958046,
        0.022192100062966347,
        0.04491455480456352,
        0.07704326510429382,
        0.047495972365140915,
        0.06124762445688248
    ],
    "comments": {
        "created-by": "run_analogies.py",
        "args": {
            "model": "EleutherAI/gpt-j-6b",
            "cache_dir": "./cache/",
            "tokenizer": "EleutherAI/gpt-j-6b",
            "data_dir": "data/analogies/gpt6b/",
            "importance_results_dir": "rationalization_results/analogies/gpt6b_input_x_gradient",
            "device": "cuda",
            "rationalization_config": "config/eva_input_x_gradient.json",
            "input_num_ratio": 1,
            "logfolder": "logs/analogies/gpt6b_input_x_gradient",
            "loglevel": 20
        },
        "time_elapsed": 0.2156844139099121
    }
}