{
    "$schema": "../docs/rationalization.schema.json",
    "id": 19,
    "input-text": [
        "When",
        " my",
        " flight",
        " landed",
        " in",
        " Domin",
        "ica",
        ",",
        " I",
        " converted",
        " my",
        " currency",
        " and",
        " slowly",
        " fell",
        " asleep",
        ".",
        " (",
        "I",
        " was",
        " behind",
        " on",
        " a",
        " couple",
        " of",
        " assignments",
        ",",
        " but",
        " I",
        " tried",
        " not",
        " to",
        " think",
        " about",
        " them",
        ").",
        " I",
        " was",
        " staying",
        " in",
        " the",
        " capital",
        ",",
        " Rose"
    ],
    "input-tokens": [
        2215,
        616,
        5474,
        11406,
        287,
        11817,
        3970,
        11,
        314,
        11513,
        616,
        7395,
        290,
        6364,
        3214,
        16039,
        13,
        357,
        40,
        373,
        2157,
        319,
        257,
        3155,
        286,
        25815,
        11,
        475,
        314,
        3088,
        407,
        284,
        892,
        546,
        606,
        737,
        314,
        373,
        10589,
        287,
        262,
        3139,
        11,
        8049
    ],
    "target-text": "au",
    "target-token": 559,
    "rational-size": 5,
    "rational-positions": [
        43,
        5,
        41,
        1,
        6
    ],
    "rational-text": [
        " Rose",
        " Domin",
        " capital",
        " my",
        "ica"
    ],
    "rational-tokens": [
        8049,
        11817,
        3139,
        616,
        3970
    ],
    "importance-scores": [
        0.03505142405629158,
        0.062156882137060165,
        0.05343620106577873,
        0.02958616614341736,
        0.027565814554691315,
        0.15926896035671234,
        0.059196244925260544,
        0.004794865380972624,
        0.0053537217900156975,
        0.005877746734768152,
        0.0037020540330559015,
        0.011075652204453945,
        0.0026108967140316963,
        0.005768769420683384,
        0.004179987590759993,
        0.008081159554421902,
        0.013337825424969196,
        0.012854193337261677,
        0.0024523038882762194,
        0.008116662502288818,
        0.006107555702328682,
        0.002724645659327507,
        0.004801960662007332,
        0.006212970707565546,
        0.00485868938267231,
        0.010416418313980103,
        0.006213275715708733,
        0.011714817956089973,
        0.004953295458108187,
        0.0035988627932965755,
        0.005568115971982479,
        0.006680852267891169,
        0.005844828672707081,
        0.004350136034190655,
        0.003707981202751398,
        0.01209832914173603,
        0.011744057759642601,
        0.0063513279892504215,
        0.04106304794549942,
        0.01754768192768097,
        0.012739707715809345,
        0.07619664072990417,
        0.05631348490715027,
        0.16372372210025787
    ],
    "comments": {
        "created-by": "run_analogies.py",
        "args": {
            "model": "EleutherAI/gpt-j-6b",
            "cache_dir": "./cache/",
            "tokenizer": "EleutherAI/gpt-j-6b",
            "data_dir": "data/analogies/gpt6b/",
            "importance_results_dir": "rationalization_results/analogies/gpt6b_input_x_gradient",
            "device": "cuda",
            "rationalization_config": "config/eva_input_x_gradient.json",
            "input_num_ratio": 1,
            "logfolder": "logs/analogies/gpt6b_input_x_gradient",
            "loglevel": 20
        },
        "time_elapsed": 0.17986536026000977
    }
}