{
    "$schema": "../docs/rationalization.schema.json",
    "id": 22,
    "input-text": [
        "When",
        " my",
        " flight",
        " landed",
        " in",
        " Taiwan",
        ",",
        " I",
        " converted",
        " my",
        " currency",
        " and",
        " slowly",
        " fell",
        " asleep",
        ".",
        " (",
        "I",
        " was",
        " behind",
        " on",
        " a",
        " couple",
        " of",
        " assignments",
        ",",
        " but",
        " I",
        " tried",
        " not",
        " to",
        " think",
        " about",
        " them",
        ").",
        " I",
        " was",
        " staying",
        " in",
        " the",
        " capital",
        ",",
        " Tai"
    ],
    "input-tokens": [
        2215,
        616,
        5474,
        11406,
        287,
        14119,
        11,
        314,
        11513,
        616,
        7395,
        290,
        6364,
        3214,
        16039,
        13,
        357,
        40,
        373,
        2157,
        319,
        257,
        3155,
        286,
        25815,
        11,
        475,
        314,
        3088,
        407,
        284,
        892,
        546,
        606,
        737,
        314,
        373,
        10589,
        287,
        262,
        3139,
        11,
        11144
    ],
    "target-text": "pei",
    "target-token": 33265,
    "rational-size": 5,
    "rational-positions": [
        42,
        5,
        0,
        1,
        41
    ],
    "rational-text": [
        " Tai",
        " Taiwan",
        "When",
        " my",
        ","
    ],
    "rational-tokens": [
        11144,
        14119,
        2215,
        616,
        11
    ],
    "importance-scores": [
        0.08922503888607025,
        0.05508954077959061,
        0.015699569135904312,
        0.020108919590711594,
        0.028713325038552284,
        0.0944812223315239,
        0.008460191078484058,
        0.009205536916851997,
        0.010870479047298431,
        0.005037161987274885,
        0.02224859781563282,
        0.0041735065169632435,
        0.005291090812534094,
        0.009188664145767689,
        0.00666762376204133,
        0.017128659412264824,
        0.01742757298052311,
        0.008247308433055878,
        0.014632564038038254,
        0.007411446887999773,
        0.006961877457797527,
        0.007013940252363682,
        0.006478525698184967,
        0.006742139346897602,
        0.013339249417185783,
        0.011200187727808952,
        0.006269396282732487,
        0.004743533208966255,
        0.005971740465611219,
        0.00825604610145092,
        0.009976861998438835,
        0.00595407048240304,
        0.0032745746430009604,
        0.004889913834631443,
        0.025301586836576462,
        0.013642318546772003,
        0.005997157655656338,
        0.016785327345132828,
        0.03221239894628525,
        0.015248519368469715,
        0.03158121183514595,
        0.04807267338037491,
        0.2607786953449249
    ],
    "comments": {
        "created-by": "run_analogies.py",
        "args": {
            "model": "EleutherAI/gpt-j-6b",
            "cache_dir": "./cache/",
            "tokenizer": "EleutherAI/gpt-j-6b",
            "data_dir": "data/analogies/gpt6b/",
            "importance_results_dir": "rationalization_results/analogies/gpt6b_input_x_gradient",
            "device": "cuda",
            "rationalization_config": "config/eva_input_x_gradient.json",
            "input_num_ratio": 1,
            "logfolder": "logs/analogies/gpt6b_input_x_gradient",
            "loglevel": 20
        },
        "time_elapsed": 0.18218016624450684
    }
}