{
    "$schema": "../docs/rationalization.schema.json",
    "id": 52,
    "input-text": [
        "I",
        " really",
        " wanted",
        " to",
        " buy",
        " the",
        " pear",
        ",",
        " more",
        " than",
        " I",
        " ever",
        " wanted",
        " to",
        " buy",
        " anything",
        " before",
        ".",
        " (",
        "I",
        " was",
        " also",
        " behind",
        " on",
        " my",
        " homework",
        ",",
        " but",
        " that",
        "'s",
        " another",
        " story",
        ").",
        " So",
        " I",
        " went",
        " to",
        " the",
        " store",
        " and",
        " asked",
        " if",
        " they",
        " had",
        " any",
        " p"
    ],
    "input-tokens": [
        40,
        1107,
        2227,
        284,
        2822,
        262,
        25286,
        11,
        517,
        621,
        314,
        1683,
        2227,
        284,
        2822,
        1997,
        878,
        13,
        357,
        40,
        373,
        635,
        2157,
        319,
        616,
        26131,
        11,
        475,
        326,
        338,
        1194,
        1621,
        737,
        1406,
        314,
        1816,
        284,
        262,
        3650,
        290,
        1965,
        611,
        484,
        550,
        597,
        279
    ],
    "target-text": "ears",
    "target-token": 4127,
    "rational-size": 5,
    "rational-positions": [
        6,
        45,
        4,
        2,
        0
    ],
    "rational-text": [
        " pear",
        " p",
        " buy",
        " wanted",
        "I"
    ],
    "rational-tokens": [
        25286,
        279,
        2822,
        2227,
        40
    ],
    "importance-scores": [
        0.027524035423994064,
        0.018835579976439476,
        0.03199304640293121,
        0.011882041580975056,
        0.04069272428750992,
        0.023024925962090492,
        0.28300586342811584,
        0.017808733507990837,
        0.0071934242732822895,
        0.004379660822451115,
        0.006253981031477451,
        0.008260748349130154,
        0.00676885386928916,
        0.004803424701094627,
        0.012585736811161041,
        0.004333399701863527,
        0.019886568188667297,
        0.00945716816931963,
        0.021300530061125755,
        0.0019700212869793177,
        0.008449393324553967,
        0.005785132758319378,
        0.005201949272304773,
        0.002127339132130146,
        0.0031720269471406937,
        0.00913743395358324,
        0.008020822890102863,
        0.00270530441775918,
        0.016606081277132034,
        0.0037350517231971025,
        0.002892937744036317,
        0.005049069412052631,
        0.02143312804400921,
        0.00837779138237238,
        0.005046412814408541,
        0.004753962624818087,
        0.0063397944904863834,
        0.004578129854053259,
        0.016344167292118073,
        0.008652475662529469,
        0.006536718923598528,
        0.012072393670678139,
        0.006598246283829212,
        0.006855801213532686,
        0.021481946110725403,
        0.2360859513282776
    ],
    "comments": {
        "created-by": "run_analogies.py",
        "args": {
            "model": "EleutherAI/gpt-j-6b",
            "cache_dir": "./cache/",
            "tokenizer": "EleutherAI/gpt-j-6b",
            "data_dir": "data/analogies/gpt6b/",
            "importance_results_dir": "rationalization_results/analogies/gpt6b_input_x_gradient",
            "device": "cuda",
            "rationalization_config": "config/eva_input_x_gradient.json",
            "input_num_ratio": 1,
            "logfolder": "logs/analogies/gpt6b_input_x_gradient",
            "loglevel": 20
        },
        "time_elapsed": 0.2235107421875
    }
}