{
    "$schema": "../docs/rationalization.schema.json",
    "id": 7,
    "input-text": [
        "When",
        " my",
        " flight",
        " landed",
        " in",
        " Qatar",
        ",",
        " I",
        " converted",
        " my",
        " currency",
        " and",
        " slowly",
        " fell",
        " asleep",
        ".",
        " (",
        "I",
        " was",
        " behind",
        " on",
        " a",
        " couple",
        " of",
        " assignments",
        ",",
        " but",
        " I",
        " tried",
        " not",
        " to",
        " think",
        " about",
        " them",
        ").",
        " I",
        " was",
        " staying",
        " in",
        " the",
        " capital",
        ",",
        " D"
    ],
    "input-tokens": [
        2215,
        616,
        5474,
        11406,
        287,
        18286,
        11,
        314,
        11513,
        616,
        7395,
        290,
        6364,
        3214,
        16039,
        13,
        357,
        40,
        373,
        2157,
        319,
        257,
        3155,
        286,
        25815,
        11,
        475,
        314,
        3088,
        407,
        284,
        892,
        546,
        606,
        737,
        314,
        373,
        10589,
        287,
        262,
        3139,
        11,
        360
    ],
    "target-text": "oha",
    "target-token": 28083,
    "rational-size": 5,
    "rational-positions": [
        5,
        2,
        4,
        42,
        41
    ],
    "rational-text": [
        " Qatar",
        " flight",
        " in",
        " D",
        ","
    ],
    "rational-tokens": [
        18286,
        5474,
        287,
        360,
        11
    ],
    "importance-scores": [
        0.033860087394714355,
        0.03217265382409096,
        0.07875046133995056,
        0.03691612556576729,
        0.06423047930002213,
        0.16728970408439636,
        0.023220373317599297,
        0.014373677782714367,
        0.010951198637485504,
        0.010258911177515984,
        0.015665605664253235,
        0.007469161879271269,
        0.01280519925057888,
        0.018989989534020424,
        0.013538054190576077,
        0.012348948046565056,
        0.014841786585748196,
        0.010356825776398182,
        0.010515859350562096,
        0.01750977523624897,
        0.013766985386610031,
        0.004209067672491074,
        0.006524892523884773,
        0.005831184796988964,
        0.011889014393091202,
        0.00996211264282465,
        0.004531006328761578,
        0.004922694526612759,
        0.006643055472522974,
        0.004581749904900789,
        0.00507428077980876,
        0.005108905024826527,
        0.0029815209563821554,
        0.00574708916246891,
        0.03625037148594856,
        0.009372846223413944,
        0.009901769459247589,
        0.011867350898683071,
        0.02904382348060608,
        0.03335888311266899,
        0.05008476600050926,
        0.060829684138298035,
        0.061452072113752365
    ],
    "comments": {
        "created-by": "run_analogies.py",
        "args": {
            "model": "EleutherAI/gpt-j-6b",
            "cache_dir": "./cache/",
            "tokenizer": "EleutherAI/gpt-j-6b",
            "data_dir": "data/analogies/gpt6b/",
            "importance_results_dir": "rationalization_results/analogies/gpt6b_input_x_gradient",
            "device": "cuda",
            "rationalization_config": "config/eva_input_x_gradient.json",
            "input_num_ratio": 1,
            "logfolder": "logs/analogies/gpt6b_input_x_gradient",
            "loglevel": 20
        },
        "time_elapsed": 0.2334141731262207
    }
}