target_pos,target_token,norm_suff,random_suff,norm_comp,random_comp
33, ,0.005533888470381498,0.009344889782369137,0.010585026815533638,0.01609034091234207
35,see,0.08467215299606323,0.01816982962191105,0.021638434380292892,0.013589001260697842
37, below,0.0,0.04510171711444855,0.009683134034276009,0.05230782926082611
39, It,0.0,0.005202752072364092,0.013664835132658482,0.014103206805884838
41, a,0.0,0.0,0.010170239955186844,0.007989891804754734
