target_pos,target_token,norm_suff,random_suff,norm_comp,random_comp
33, ,0.004664359614253044,0.004446418955922127,0.013324969448149204,0.017985697835683823
35,see,0.046483125537633896,0.07601732760667801,0.01958659291267395,0.018950657919049263
37, below,0.0,0.04100928083062172,0.01714116521179676,0.009418295696377754
39, It,0.066862553358078,0.07521218806505203,0.01693112775683403,0.01185130886733532
41, a,0.0,0.00311007141135633,0.008796791546046734,0.01895277202129364
