norm_suff_mean,random_suff_mean,norm_comp_mean,random_comp_mean,final suff,final comp,target_tokens
0.018041208386421204,0.015563837252557278,0.013148334808647633,0.020816054195165634,1.1591747999191284,1.1538059711456299, $see$ below$ It$ a
