norm_suff_mean,random_suff_mean,norm_comp_mean,random_comp_mean,final suff,final comp,target_tokens
0.02360200695693493,0.03995905816555023,0.015156129375100136,0.01543174684047699,0.590654730796814,0.653831958770752, $see$ below$ It$ a
