target_pos,target_token,norm_suff,random_suff,norm_comp,random_comp
17, ,0.0001255328970728442,0.0004952014423906803,0.10159087181091309,0.016358107328414917
19, 18,0.0,0.0,0.01533360593020916,0.01106579601764679
21,.,0.016200413927435875,0.057179126888513565,0.03914961591362953,0.0182034969329834
23, is,0.0,0.00038095065974630415,0.008598579093813896,0.01474244799464941
25, highest,0.0,0.0,0.023774057626724243,0.02099437825381756
