target_pos,target_token,norm_suff,random_suff,norm_comp,random_comp
17, ,0.0,5.957493340247311e-05,0.03582066670060158,0.0502660796046257
19, 18,0.0,0.0007904961239546537,0.012362862005829811,0.025992022827267647
21,.,0.10841380059719086,0.08921363949775696,0.017190927639603615,0.026080330833792686
23, is,0.0,0.00041497396887280047,0.05199022963643074,0.0370253287255764
25, highest,0.0,0.0,0.016847649589180946,0.0316225029528141
