norm_suff_mean,random_suff_mean,norm_comp_mean,random_comp_mean,final suff,final comp,target_tokens
0.02168275974690914,0.01809573732316494,0.026842469349503517,0.03419725224375725,1.198224663734436,1.5771632194519043, $ 18$.$ is$ highest
