norm_suff_mean,random_suff_mean,norm_comp_mean,random_comp_mean,final suff,final comp,target_tokens
0.0032651894725859165,0.01161105651408434,0.03768934682011604,0.01627284660935402,0.28121381998062134,4.983737468719482, $ 18$.$ is$ highest
