target_pos,target_token,norm_suff,random_suff,norm_comp,random_comp
18, ,0.0,0.0007040845812298357,0.03602376580238342,0.021276097744703293
20,including,0.0,0.04703638702630997,0.027993416413664818,0.022423729300498962
22, largest,0.005624472163617611,0.0017034925986081362,0.024260113015770912,0.02003193087875843
24, Titan,0.0,0.0,0.0416669137775898,0.05886603146791458
26, and,0.0,0.0,0.05000162124633789,0.017780045047402382
