target_pos,target_token,norm_suff,random_suff,norm_comp,random_comp
18, ,0.0002888443414121866,0.00031841345480643213,0.053023528307676315,0.02268717810511589
20,including,0.0,0.0,0.03467981144785881,0.04544162005186081
22, largest,0.0008006130810827017,0.0006987179513089359,0.09291716665029526,0.0872916430234909
24, Titan,0.003565359627828002,0.0026451419107615948,0.05510246381163597,0.03392968699336052
26, and,0.0,0.0,0.024091025814414024,0.01767020858824253
