norm_suff_mean,random_suff_mean,norm_comp_mean,random_comp_mean,final suff,final comp,target_tokens
0.0009309634915553033,0.0007324546459130943,0.051962800323963165,0.04140406847000122,1.271018624305725,44.47442626953125, $including$ largest$ Titan$ and
