norm_suff_mean,random_suff_mean,norm_comp_mean,random_comp_mean,final suff,final comp,target_tokens
0.001124894479289651,0.009888793341815472,0.03598916530609131,0.0280755665153265,0.11375447362661362,24.95840072631836, $including$ largest$ Titan$ and
