target_pos,target_token,norm_suff,random_suff,norm_comp,random_comp
15, ,0.0001516184420324862,0.0,0.05010894685983658,0.029221605509519577
17,also,0.0,0.0,0.06760090589523315,0.050688110291957855
19, as,0.0,0.003389350138604641,0.0035723475739359856,0.010142379440367222
21,h,0.0,0.0015104608610272408,0.04728157818317413,0.08148983865976334
23, bees,0.006144879385828972,0.0035244792234152555,0.07030819356441498,0.059327974915504456
