target_pos,target_token,norm_suff,random_suff,norm_comp,random_comp
15, ,0.0,0.0019022946944460273,0.02664036676287651,0.026913024485111237
17,also,0.0,0.0,0.04402826353907585,0.08287384361028671
19, as,0.011159414425492287,9.784836584003642e-05,0.014668281190097332,0.011435612104833126
21,h,0.0044860090129077435,0.0,0.07086485624313354,0.020574696362018585
23, bees,0.0027442232239991426,0.0,0.033257629722356796,0.059792015701532364
