norm_suff_mean,random_suff_mean,norm_comp_mean,random_comp_mean,final suff,final comp,target_tokens
0.0036779295187443495,0.0004000286280643195,0.037891875952482224,0.0403178408741951,9.19416618347168,10.962102890014648, $also$ as$h$ bees
