norm_suff_mean,random_suff_mean,norm_comp_mean,random_comp_mean,final suff,final comp,target_tokens
0.0012592995772138238,0.0016848581144586205,0.04777439683675766,0.04617398604750633,0.7474217414855957,36.666404724121094, $also$ as$h$ bees
