target_pos,target_token,norm_suff,random_suff,norm_comp,random_comp
24, ,0.00038759378367103636,0.00013172085164114833,0.042687296867370605,0.017771141603589058
26, benign,0.0,0.0,0.022035501897335052,0.011338260024785995
28, It,0.0022498276084661484,0.0014173277886584401,0.01710585318505764,0.015877356752753258
30, usually,0.0,0.0,0.025994427502155304,0.017432386055588722
32, by,0.0,0.006358182057738304,0.004149380140006542,0.010618644766509533
