target_pos,target_token,norm_suff,random_suff,norm_comp,random_comp
24, ,0.0,0.0,0.04355144500732422,0.038224127143621445
26, benign,0.0,0.0,0.01824941113591194,0.024684512987732887
28, It,0.0019291072385385633,5.478629645949695e-06,0.01570776104927063,0.03232784569263458
30, usually,0.0,0.0,0.028324758633971214,0.01149544958025217
32, by,0.0,0.0,0.0033516008406877518,0.004177589435130358
