norm_suff_mean,random_suff_mean,norm_comp_mean,random_comp_mean,final suff,final comp,target_tokens
0.00038582144770771265,1.0957259064525715e-06,0.02183699421584606,0.022181903943419456,352.11492919921875,57.49266815185547, $ benign$ It$ usually$ by
