norm_suff_mean,random_suff_mean,norm_comp_mean,random_comp_mean,final suff,final comp,target_tokens
0.000527484284248203,0.0015814461512491107,0.022394493222236633,0.014607558026909828,0.3335455358028412,27.69287872314453, $ benign$ It$ usually$ by
