target_pos,target_token,norm_suff,random_suff,norm_comp,random_comp
20, ,0.0003936978173442185,0.0031857327558100224,0.028400203213095665,0.0411575585603714
22, is,0.004378164187073708,0.0,0.06642652302980423,0.06038051098585129
24, head,0.0016769946087151766,8.773441368248314e-05,0.016921494156122208,0.0270589217543602
26, the,0.0,0.0,0.009593822062015533,0.028951914981007576
28,di,0.0016404340276494622,0.0008160690194927156,0.005106350407004356,0.0033794334158301353
