target_pos,target_token,norm_suff,random_suff,norm_comp,random_comp
20, ,0.0008782583172433078,0.000702071120031178,0.037154994904994965,0.039948321878910065
22, is,0.004410703666508198,0.003507637418806553,0.03680550307035446,0.04045354574918747
24, head,0.0017079741228371859,0.0016840966418385506,0.0837208479642868,0.013769258745014668
26, the,0.0,0.0,0.048234228044748306,0.03050832450389862
28,di,0.001823305618017912,0.0019181680399924517,0.003127021947875619,0.0031632673926651478
