norm_suff_mean,random_suff_mean,norm_comp_mean,random_comp_mean,final suff,final comp,target_tokens
0.001764048240147531,0.001562394667416811,0.04180851951241493,0.025568543002009392,1.1290669441223145,14.494242668151855, $ is$ head$ the$di
