norm_suff_mean,random_suff_mean,norm_comp_mean,random_comp_mean,final suff,final comp,target_tokens
0.0016178581863641739,0.0008179072174243629,0.02528967894613743,0.032185669988393784,1.9780460596084595,19.893999099731445, $ is$ head$ the$di
