target_pos,target_token,norm_suff,random_suff,norm_comp,random_comp
21, north,0.003705558367073536,0.0018657287582755089,0.09617233276367188,0.17176379263401031
23, Hawaii,0.000642381957732141,0.0,0.040733516216278076,0.04182005301117897
25, It,0.0,3.1075134756974876e-05,0.036798231303691864,0.023074215278029442
27, the,0.0,0.0,0.011597932316362858,0.018588196486234665
29, largest,0.0227680541574955,0.022594105452299118,0.08115033805370331,0.04354502260684967
