target_pos,target_token,norm_suff,random_suff,norm_comp,random_comp
21, north,0.00036233573337085545,0.0016085528768599033,0.02763436548411846,0.013134394772350788
23, Hawaii,0.0,0.0004190394247416407,0.03994391858577728,0.025441620498895645
25, It,6.215027497091796e-07,0.0003489116206765175,0.05174717679619789,0.015232715755701065
27, the,0.0005465384456329048,0.0,0.05293099954724312,0.14758722484111786
29, largest,0.019853953272104263,0.01416765060275793,0.15113507211208344,0.014340254478156567
