norm_suff_mean,random_suff_mean,norm_comp_mean,random_comp_mean,final suff,final comp,target_tokens
0.004152690060436726,0.003308831248432398,0.06467830389738083,0.043147243559360504,1.2550323009490967,10.390191078186035, north$ Hawaii$ It$ the$ largest
