norm_suff_mean,random_suff_mean,norm_comp_mean,random_comp_mean,final suff,final comp,target_tokens
0.0054231989197432995,0.004898182116448879,0.0532904677093029,0.0597582571208477,1.1071860790252686,11.019004821777344, north$ Hawaii$ It$ the$ largest
