target_pos,target_token,norm_suff,random_suff,norm_comp,random_comp
25, ,0.0008366866386495531,0.0007882897625677288,0.020931318402290344,0.016596391797065735
27, David,0.0,0.0,0.03305681422352791,0.04438619315624237
29,inc,0.0,0.0,0.04082974046468735,0.006807263940572739
31, and,0.0,0.0,0.07321763783693314,0.06973277777433395
33, Matthew,0.0,0.0,0.02204139158129692,0.021357597783207893
