target_pos,target_token,norm_suff,random_suff,norm_comp,random_comp
25, ,0.0005054516950622201,0.0,0.016595641151070595,0.03493638336658478
27, David,0.002127525396645069,0.0,0.035537827759981155,0.02550048939883709
29,inc,0.0,0.0,0.015824032947421074,0.023676220327615738
31, and,0.0,0.0,0.03851279988884926,0.03622658550739288
33, Matthew,0.011510292068123817,0.0036466410383582115,0.023604784160852432,0.023374075070023537
