norm_suff_mean,random_suff_mean,norm_comp_mean,random_comp_mean,final suff,final comp,target_tokens
0.0028286539018154144,0.0007293281960301101,0.026015017181634903,0.028742751106619835,3.8784375190734863,10.161282539367676, $ David$inc$ and$ Matthew
