norm_suff_mean,random_suff_mean,norm_comp_mean,random_comp_mean,final suff,final comp,target_tokens
0.0001673373335506767,0.00015765795251354575,0.03801538050174713,0.03177604451775551,1.0613948106765747,189.8921356201172, $ David$inc$ and$ Matthew
