target_pos,target_token,norm_suff,random_suff,norm_comp,random_comp
21, ,0.001013819593936205,0.0,0.011889471672475338,0.02742815762758255
23, the,0.0,0.00335411773994565,0.016864746809005737,0.014002285897731781
25, who,0.0,0.0,0.07479535043239594,0.030820583924651146
27, exempl,0.0,0.0,0.008858684450387955,0.01655825600028038
29, the,0.0,0.0,0.03763188421726227,0.014476269483566284
