target_pos,target_token,norm_suff,random_suff,norm_comp,random_comp
21, ,0.0004331907257437706,0.0,0.016110911965370178,0.014004098251461983
23, the,0.0,0.0,0.09862005710601807,0.0342726856470108
25, who,0.0,0.0,0.023451389744877815,0.024764414876699448
27, exempl,0.0,0.0,0.014848962426185608,0.012079604901373386
29, the,0.0,0.0,0.013421976007521152,0.022628022357821465
