norm_suff_mean,random_suff_mean,norm_comp_mean,random_comp_mean,final suff,final comp,target_tokens
0.00020276392751839012,0.0006708235596306622,0.03000802733004093,0.020657110959291458,0.30226120352745056,101.87763977050781, $ the$ who$ exempl$ the
