target_pos,target_token,norm_suff,random_suff,norm_comp,random_comp
27, The,0.0010553125757724047,0.0010410917457193136,0.12986518442630768,0.02392888441681862
29, were,0.0,0.0,0.013894733041524887,0.030121149495244026
31, first,0.0,0.0,0.03639737516641617,0.04259936511516571
33, use,0.008452042005956173,0.004308086819946766,0.017690347507596016,0.02652587555348873
35, sword,0.014319712296128273,0.05804763361811638,0.02261129766702652,0.031110644340515137
