target_pos,target_token,norm_suff,random_suff,norm_comp,random_comp
27, The,0.0,0.0022854183334857225,0.024852078408002853,0.035950321704149246
29, were,0.0,0.0,0.019106023013591766,0.03317961469292641
31, first,0.00336763309314847,0.0,0.01973060332238674,0.04405444860458374
33, use,0.008852052502334118,0.0029722729232162237,0.026922646909952164,0.03459348902106285
35, sword,0.020201832056045532,0.028102951124310493,0.024133730679750443,0.03149796649813652
