norm_suff_mean,random_suff_mean,norm_comp_mean,random_comp_mean,final suff,final comp,target_tokens
0.0064843036234378815,0.006672128569334745,0.022949015721678734,0.03585517033934593,0.9718493223190308,5.5295329093933105, The$ were$ first$ use$ sword
