norm_suff_mean,random_suff_mean,norm_comp_mean,random_comp_mean,final suff,final comp,target_tokens
0.004765413235872984,0.012679362669587135,0.04409179091453552,0.030857184901833534,0.37584012746810913,6.475237846374512, The$ were$ first$ use$ sword
