target_pos,target_token,norm_suff,random_suff,norm_comp,random_comp
17, in,0.0,0.0022244856227189302,0.0454273447394371,0.02721484564244747
19, middle,0.0,0.0007192589691840112,0.12522649765014648,0.05448935925960541
21, the,0.00020231548114679754,0.004383792635053396,0.10795210301876068,0.026537710800766945
23,.,0.027777455747127533,0.050438594073057175,0.061826907098293304,0.01613287441432476
25, was,0.0,0.0,0.03553119674324989,0.025148160755634308
