target_pos,target_token,norm_suff,random_suff,norm_comp,random_comp
17, in,0.005473064724355936,0.017224950715899467,0.04491719231009483,0.0388052761554718
19, middle,0.0006363760912790895,0.0020142197608947754,0.027466636151075363,0.03946087136864662
21, the,0.0022627816069871187,0.004668703768402338,0.10923312604427338,0.04990854114294052
23,.,0.036796730011701584,0.04684013873338699,0.018643468618392944,0.014000954106450081
25, was,0.0,0.0,0.029861168935894966,0.015704696998000145
