norm_suff_mean,random_suff_mean,norm_comp_mean,random_comp_mean,final suff,final comp,target_tokens
0.00559595413506031,0.011553226038813591,0.07519280910491943,0.029904592782258987,0.4843629002571106,5.343966960906982, in$ middle$ the$.$ was
