norm_suff_mean,random_suff_mean,norm_comp_mean,random_comp_mean,final suff,final comp,target_tokens
0.009033790789544582,0.014149603433907032,0.04602431878447533,0.031576067209243774,0.6384483575820923,3.495328664779663, in$ middle$ the$.$ was
