target_pos,target_token,norm_suff,random_suff,norm_comp,random_comp
16, ,0.0005179073195904493,0.0,0.09105734527111053,0.06690274924039841
18, ,0.0,0.0,0.06619300693273544,0.06897546350955963
20,L,0.010783307254314423,0.0,0.10104581713676453,0.07719012349843979
22,ster,0.0,0.0,0.043996989727020264,0.04746447503566742
24, ,0.0,0.0,0.004959272686392069,0.0031406069174408913
