target_pos,target_token,norm_suff,random_suff,norm_comp,random_comp
16, ,0.0,0.0006035240949131548,0.08708609640598297,0.147080197930336
18, ,0.0,0.0,0.05270351096987724,0.09190529584884644
20,L,0.0,0.0,0.06831330806016922,0.045154280960559845
22,ster,0.0,0.0,0.03659607842564583,0.028481392189860344
24, ,0.0,0.0,0.005890796892344952,0.004422544967383146
