target_pos,target_token,norm_suff,random_suff,norm_comp,random_comp
12, They,0.0,0.0,0.037780988961458206,0.0496317520737648
14, used,0.0,0.0,0.12026451528072357,0.05401008948683739
16, cooking,0.0004171512555330992,0.001962683629244566,0.0910358801484108,0.03536231443285942
18, baking,0.00036842882400378585,0.002321327803656459,0.0420474149286747,0.08887411653995514
20, and,0.0005746714305132627,0.004172489512711763,0.2441464215517044,0.06204340234398842
