target_pos,target_token,norm_suff,random_suff,norm_comp,random_comp
12, They,0.0,0.0,0.05137227475643158,0.04460807517170906
14, used,0.0,0.0,0.09368744492530823,0.03536595404148102
16, cooking,0.0,0.0,0.16524682939052582,0.115040622651577
18, baking,0.0013689881889149547,0.0,0.057591840624809265,0.07602197676897049
20, and,0.003941013943403959,0.0,0.029679354280233383,0.2038894146680832
