norm_suff_mean,random_suff_mean,norm_comp_mean,random_comp_mean,final suff,final comp,target_tokens
0.0002720503252930939,0.0016913000727072358,0.10705504566431046,0.05798434093594551,0.16085278987884521,213.13829040527344, They$ used$ cooking$ baking$ and
