target_pos,target_token,norm_suff,random_suff,norm_comp,random_comp
20,.,0.09720265120267868,0.012181108817458153,0.06379035860300064,0.049984533339738846
22, French,0.0,0.000775723485276103,0.035957079380750656,0.044908277690410614
24, was,0.0023841147776693106,0.006422431208193302,0.09281941503286362,0.08128470927476883
26, by,0.0,0.0,0.03222145885229111,0.03109651617705822
28, XIV,0.0,0.0,0.02877528965473175,0.11086853593587875
