target_pos,target_token,norm_suff,random_suff,norm_comp,random_comp
20,.,0.012163115665316582,0.029919419437646866,0.08717751502990723,0.16486303508281708
22, French,0.000575776444748044,0.001048786100000143,0.027709612622857094,0.06991778314113617
24, was,0.0013393969275057316,0.0,0.029664697125554085,0.02132386527955532
26, by,0.0,0.0,0.03982716053724289,0.04491763934493065
28, XIV,0.0,0.0,0.04737209901213646,0.05020629242062569
