norm_suff_mean,random_suff_mean,norm_comp_mean,random_comp_mean,final suff,final comp,target_tokens
0.0028156579937785864,0.006193641107529402,0.04635021835565567,0.07024572044610977,0.4546046555042267,24.948244094848633,.$ French$ was$ by$ XIV
