norm_suff_mean,random_suff_mean,norm_comp_mean,random_comp_mean,final suff,final comp,target_tokens
0.019917352125048637,0.003875852795317769,0.050712715834379196,0.06362851709127426,5.13883113861084,3.194627285003662,.$ French$ was$ by$ XIV
