target_pos,target_token,norm_suff,random_suff,norm_comp,random_comp
15, ,0.0001580847892910242,0.0,0.016515836119651794,0.016101667657494545
17, has,0.0022437532898038626,0.0017655774718150496,0.05489673465490341,0.05378342792391777
19, in,0.011956505477428436,0.010255720466375351,0.015285017900168896,0.008423625491559505
21, such,0.018580101430416107,0.00297343241982162,0.05122239515185356,0.014101790264248848
23, The,0.0,0.009633079171180725,0.012423694133758545,0.04975060001015663
