target_pos,target_token,norm_suff,random_suff,norm_comp,random_comp
15, ,0.00010777120769489557,0.0005873378249816597,0.07602451741695404,0.028128575533628464
17, has,0.000259891792666167,0.004088548012077808,0.06987521797418594,0.05636264756321907
19, in,0.0,0.01600857451558113,0.019742825999855995,0.025768011808395386
21, such,0.0,0.004578565713018179,0.013756226748228073,0.014559634029865265
23, The,0.001626226701773703,0.003515485441312194,0.02035527117550373,0.05152260139584541
