norm_suff_mean,random_suff_mean,norm_comp_mean,random_comp_mean,final suff,final comp,target_tokens
0.0003987779491581023,0.0057557024993002415,0.039950814098119736,0.03526829555630684,0.06928397715091705,88.4409408569336, $ has$ in$ such$ The
