norm_suff_mean,random_suff_mean,norm_comp_mean,random_comp_mean,final suff,final comp,target_tokens
0.006587688811123371,0.004925561603158712,0.030068738386034966,0.028432223945856094,1.337449312210083,4.315963268280029, $ has$ in$ such$ The
