target_pos,target_token,norm_suff,random_suff,norm_comp,random_comp
15, ,0.0,0.0005760568892583251,0.02563289925456047,0.041584957391023636
17, by,0.002855009399354458,0.020977945998311043,0.009338201954960823,0.055521946400403976
19, and,0.09734129905700684,0.0,0.07117898017168045,0.022884024307131767
21, by,0.0007635420770384371,0.006726165302097797,0.01068150531500578,0.016860194504261017
23,.,0.01970887929201126,0.0061985100619494915,0.0997249186038971,0.038144901394844055
