target_pos,target_token,norm_suff,random_suff,norm_comp,random_comp
15, ,0.0010885789524763823,0.0005590213113464415,0.02691926620900631,0.07952922582626343
17, by,0.006642947904765606,0.004639540333300829,0.01396523229777813,0.021961942315101624
19, and,0.028564797714352608,0.03825751692056656,0.09680497646331787,0.08824480324983597
21, by,0.00737077696248889,0.0,0.006910388823598623,0.003050019731745124
23,.,0.006147583946585655,0.03639747202396393,0.04830477759242058,0.03942409157752991
