norm_suff_mean,random_suff_mean,norm_comp_mean,random_comp_mean,final suff,final comp,target_tokens
0.009962937794625759,0.015970710664987564,0.03858093172311783,0.04644201695919037,0.6238255500793457,4.661478042602539, $ by$ and$ by$.
