norm_suff_mean,random_suff_mean,norm_comp_mean,random_comp_mean,final suff,final comp,target_tokens
0.024133747443556786,0.006895735859870911,0.04331130161881447,0.03499920293688774,3.499807357788086,1.4502183198928833, $ by$ and$ by$.
