target_pos,target_token,norm_suff,random_suff,norm_comp,random_comp
24,ern,0.0,0.0,0.09007579833269119,0.06583703309297562
26, in,0.0,0.0,0.02902243472635746,0.036300305277109146
28,48,0.023842712864279747,0.02448088303208351,0.0268630962818861,0.02483350597321987
30, It,0.0,0.0,0.011360019445419312,0.014710957184433937
32, the,0.0,0.0,0.02356778271496296,0.21503163874149323
