target_pos,target_token,norm_suff,random_suff,norm_comp,random_comp
24,ern,8.03684233687818e-05,0.0,0.0362989641726017,0.04289545491337776
26, in,0.0,0.0,0.01872393675148487,0.0256656426936388
28,48,0.01471896842122078,0.02890864387154579,0.013953580521047115,0.00767251942306757
30, It,0.0,0.0,0.04519928991794586,0.026584822684526443
32, the,0.0,0.0,0.09878107160329819,0.07741644978523254
