norm_suff_mean,random_suff_mean,norm_comp_mean,random_comp_mean,final suff,final comp,target_tokens
0.002959867473691702,0.005781728774309158,0.04259137064218521,0.03604697808623314,0.5119346976280212,12.17857837677002,ern$ in$48$ It$ the
