norm_suff_mean,random_suff_mean,norm_comp_mean,random_comp_mean,final suff,final comp,target_tokens
0.004768542479723692,0.004896176513284445,0.036177825182676315,0.07134269177913666,0.9739319086074829,14.961111068725586,ern$ in$48$ It$ the
