target_pos,target_token,norm_suff,random_suff,norm_comp,random_comp
11, ,4.469142004381865e-05,0.0,0.028127871453762054,0.03500916063785553
13, was,0.0,0.0021906623151153326,0.024120645597577095,0.12893083691596985
15, first,0.0,0.00014055497013032436,0.013139513321220875,0.06859279423952103
17, radio,0.0,0.0002923438441939652,0.05561373382806778,0.04601563140749931
19, to,0.0,0.004414847120642662,0.03214045614004135,0.06984573602676392
