target_pos,target_token,norm_suff,random_suff,norm_comp,random_comp
11, ,0.0008264577481895685,0.0,0.014712158590555191,0.01329388003796339
13, was,0.0,0.0,0.07622069865465164,0.03311309963464737
15, first,0.001806571613997221,0.0001502086379332468,0.04052603989839554,0.03795942664146423
17, radio,0.002363981679081917,0.001244102604687214,0.050108764320611954,0.1973913460969925
19, to,0.07393627613782883,0.04635585471987724,0.030287867411971092,0.028159290552139282
