norm_suff_mean,random_suff_mean,norm_comp_mean,random_comp_mean,final suff,final comp,target_tokens
8.93828382686479e-06,0.0014076817315071821,0.030628442764282227,0.06967883557081223,0.0063496483489871025,7795.5498046875, $ was$ first$ radio$ to
