norm_suff_mean,random_suff_mean,norm_comp_mean,random_comp_mean,final suff,final comp,target_tokens
0.015786657109856606,0.009550034068524837,0.042371105402708054,0.06198340654373169,1.6530472040176392,3.926316022872925, $ was$ first$ radio$ to
