target_pos,target_token,norm_suff,random_suff,norm_comp,random_comp
20, ,1.3005261280341074e-05,0.0,0.03286103904247284,0.01675117202103138
22, can,0.0016019247705116868,0.005887436680495739,0.03519214689731598,0.03746053948998451
24, a,0.0,0.0,0.026810090988874435,0.03576407954096794
26, hit,0.0,0.0,0.024997390806674957,0.013500976376235485
28, a,0.0,0.0,0.03701581805944443,0.018251746892929077
