target_pos,target_token,norm_suff,random_suff,norm_comp,random_comp
20, ,0.00015097144932951778,0.00040052522672340274,0.014489001594483852,0.02174101024866104
22, can,0.0015308455331251025,0.005810381844639778,0.24047675728797913,0.02126391977071762
24, a,0.0,0.0039690458215773106,0.022732703015208244,0.10308567434549332
26, hit,0.0,0.0,0.01660575158894062,0.011992055922746658
28, a,0.0,0.0,0.027124030515551567,0.09525325894355774
