norm_suff_mean,random_suff_mean,norm_comp_mean,random_comp_mean,final suff,final comp,target_tokens
0.0003229860158171505,0.0011774873128160834,0.031375300139188766,0.024345701560378075,0.27430105209350586,75.376953125, $ can$ a$ hit$ a
