norm_suff_mean,random_suff_mean,norm_comp_mean,random_comp_mean,final suff,final comp,target_tokens
0.0003363634168636054,0.0020359905902296305,0.06428565084934235,0.050667185336351395,0.16520872712135315,150.6322784423828, $ can$ a$ hit$ a
