target_pos,target_token,norm_suff,random_suff,norm_comp,random_comp
22, ,0.005276207346469164,0.00255782762542367,0.04631279408931732,0.09439581632614136
24,18,0.018399737775325775,0.006823244504630566,0.0406658761203289,0.046742070466279984
26,-,0.0,0.0,0.03158515319228172,0.09285661578178406
28,40,0.01624823920428753,0.03068319335579872,0.023533746600151062,0.024698635563254356
30, It,0.0,0.0,0.02680365741252899,0.059131864458322525
