target_pos,target_token,norm_suff,random_suff,norm_comp,random_comp
22, ,0.001849160878919065,0.0026740531902760267,0.046872735023498535,0.050044067203998566
24,18,0.0,0.0007204915746115148,0.02541685290634632,0.04813414439558983
26,-,0.0,0.0,0.020884200930595398,0.04507659375667572
28,40,0.028741823509335518,0.02435293234884739,0.021046828478574753,0.012247917242348194
30, It,0.0,0.0,0.01795446313917637,0.04160931706428528
