norm_suff_mean,random_suff_mean,norm_comp_mean,random_comp_mean,final suff,final comp,target_tokens
0.006118196994066238,0.0055494955740869045,0.026435015723109245,0.039422407746315,1.10247802734375,6.44346809387207, $18$-$40$ It
