norm_suff_mean,random_suff_mean,norm_comp_mean,random_comp_mean,final suff,final comp,target_tokens
0.007984836585819721,0.008012853562831879,0.03378024697303772,0.06356500089168549,0.996503472328186,7.960713863372803, $18$-$40$ It
