target_pos,target_token,norm_suff,random_suff,norm_comp,random_comp
21, ,0.0,0.0005907699232921004,0.034714024513959885,0.026897162199020386
23, is,0.002197680063545704,0.0007719781715422869,0.018392810598015785,0.03238321840763092
25, playing,0.0,0.0,0.03316783159971237,0.03788852319121361
27, the,0.0,0.0,0.07975025475025177,0.006723816506564617
29, Angeles,0.0,0.0,0.0014576052781194448,0.0018379578832536936
