target_pos,target_token,norm_suff,random_suff,norm_comp,random_comp
21, ,1.5109204696273082e-06,0.0010513588786125183,0.014731597155332565,0.03195576369762421
23, is,0.006386421155184507,0.004432831425219774,0.018372293561697006,0.013223349116742611
25, playing,0.0,0.0,0.015392465516924858,0.029098372906446457
27, the,0.0,0.0,0.004423372447490692,0.005589015316218138
29, Angeles,0.0,0.0,0.0009723725961521268,0.0029120203107595444
