norm_suff_mean,random_suff_mean,norm_comp_mean,random_comp_mean,final suff,final comp,target_tokens
0.0012775864452123642,0.0010968380374833941,0.01077842153608799,0.016555706039071083,1.164790391921997,12.958580017089844, $ is$ playing$ the$ Angeles
