norm_suff_mean,random_suff_mean,norm_comp_mean,random_comp_mean,final suff,final comp,target_tokens
0.00043953603017143905,0.00027254963060840964,0.03349650651216507,0.02114613726735115,1.612682580947876,48.11013412475586, $ is$ playing$ the$ Angeles
