target_pos,target_token,norm_suff,random_suff,norm_comp,random_comp
25, ,0.0,0.0003638792550191283,0.014517438597977161,0.016552306711673737
27,usually,0.054682161659002304,0.02941059321165085,0.10471650213003159,0.04791756346821785
29, 30,0.0,0.0,0.018977899104356766,0.009398944675922394
31, fat,0.0014562587020918727,0.0,0.020311785861849785,0.013015787117183208
33, ,0.0,0.0,0.03243853524327278,0.021224897354841232
