target_pos,target_token,norm_suff,random_suff,norm_comp,random_comp
25, ,0.0004276487452443689,0.0,0.027882181107997894,0.023400209844112396
27,usually,0.03097590245306492,0.036971546709537506,0.025444895029067993,0.055256735533475876
29, 30,0.0,0.0,0.007491998374462128,0.01396333146840334
31, fat,0.0,0.0,0.01859390363097191,0.04264584928750992
33, ,0.0,0.0,0.06642276048660278,0.031049923971295357
