norm_suff_mean,random_suff_mean,norm_comp_mean,random_comp_mean,final suff,final comp,target_tokens
0.006280710455030203,0.007394309621304274,0.02916714921593666,0.03326321020722389,0.8493978381156921,5.296090602874756, $usually$ 30$ fat$ 
