norm_suff_mean,random_suff_mean,norm_comp_mean,random_comp_mean,final suff,final comp,target_tokens
0.0112276840955019,0.005954894702881575,0.03819243237376213,0.02162190154194832,1.8854546546936035,1.9257668256759644, $usually$ 30$ fat$ 
