id,suff,comp,random_suff,random_comp
0,0.0,0.018142518413811946,0.003193103544267656,0.04416091238602202
0,0.0,0.018142518413811946,0.003193103544267656,0.04416091238602202
1,0.0,0.023314786042519946,0.0021285468795750008,0.027459298445162598
1,0.0,0.023314786042519946,0.0021285468795750008,0.027459298445162598
