suff,comp,random_suff,random_comp
0.0382079575355081,0.9408288305505493,0.03776624102248996,0.917329413697088
