suff,comp,random_suff,random_comp
0.01126662532851303,0.8370652723633635,0.0067455277649192446,0.6440106562740234
