suff,comp,random_suff,random_comp
0.0,0.020728652228165945,0.0026608252119213285,0.03581010541559231
