suff,comp,random_suff,random_comp
0.03394486077860587,0.9262118304447875,0.0249625033485897,0.859749572766512
