suff,comp,random_suff,random_comp
0.017912750619172833,0.8981867087115557,0.011292508385374097,0.7990210377909746
