suff,comp,random_suff,random_comp
0.033841816342303134,0.9269808545668107,0.026713963952573444,0.8905362279167763
