suff,comp,random_suff,random_comp
0.001103353671885085,0.006748606554421402,0.0017317993572007382,0.0045545016301829335
