suff,comp,random_suff,random_comp
0.0689706557260484,0.8580079870549556,0.04886772440591351,0.4793662858593304
