target_pos,target_token,norm_suff,random_suff,norm_comp,random_comp
21, east,0.0,0.0,0.010240467265248299,0.007184211164712906
23, Hawaii,0.01242095697671175,0.0,0.025827381759881973,0.01766330562531948
25, The,0.18140839040279388,0.0,0.016117088496685028,0.011246049776673317
27, is,0.011743160896003246,0.0,0.008750468492507935,0.007772196549922228
29,ordered,0.0,0.0,0.000373114860849455,0.00017689826199784875
