target_pos,target_token,norm_suff,random_suff,norm_comp,random_comp
27, The,0.1258498728275299,0.025736909359693527,0.005488907918334007,0.006717274431139231
29,eng,0.0,0.0,0.008625226095318794,0.002615690464153886
31, period,0.029261941090226173,0.006159959360957146,0.02223554626107216,0.023208031430840492
33, marked,0.0050614504143595695,0.01569744199514389,0.006647356320172548,0.0034611921291798353
35, the,0.005342493299394846,0.02267923578619957,0.006388690322637558,0.005932488478720188
