norm_suff_mean,random_suff_mean,norm_comp_mean,random_comp_mean,final suff,final comp,target_tokens
0.033103153109550476,0.014054710045456886,0.009877145290374756,0.008386935107409954,2.355306625366211,0.25335758924484253, The$eng$ period$ marked$ the
