target_pos,target_token,norm_suff,random_suff,norm_comp,random_comp
17, in,0.02465549297630787,0.014362320303916931,0.014926484785974026,0.015489096753299236
19, upper,0.0,0.007780768442898989,0.027710016816854477,0.011286652646958828
21,.,0.0,0.0,0.005066722631454468,0.01064800564199686
23, was,0.0,0.0,0.011134264059364796,0.008381886407732964
25, in,0.0,0.0,0.02188071608543396,0.011882997117936611
