norm_suff_mean,random_suff_mean,norm_comp_mean,random_comp_mean,final suff,final comp,target_tokens
0.004931098781526089,0.0044286176562309265,0.016143640503287315,0.011537727899849415,1.1134623289108276,2.3397884368896484, in$ upper$.$ was$ in
