target_pos,target_token,norm_suff,random_suff,norm_comp,random_comp
12, They,0.008116234093904495,0.004854417871683836,0.021913455799221992,0.021975038573145866
14, used,0.004027234856039286,0.005222028587013483,0.03374317288398743,0.0281028114259243
16, many,0.024252139031887054,0.00317850592546165,0.02494366280734539,0.011758082546293736
18,",",0.0,0.0,0.014655757695436478,0.012306724674999714
20, cooking,0.0,0.0,0.031970929354429245,0.03661365434527397
