norm_suff_mean,random_suff_mean,norm_comp_mean,random_comp_mean,final suff,final comp,target_tokens
0.007279121782630682,0.00265099061653018,0.025445396080613136,0.022151261568069458,2.745811939239502,3.0431227684020996," They$ used$ many$,$ cooking"
