target_pos,target_token,norm_suff,random_suff,norm_comp,random_comp
20, until,0.0,0.0,0.014202304184436798,0.013207717798650265
22, French,0.0,0.0,0.021402835845947266,0.009211988188326359
24, in,0.0,0.0,0.02593889646232128,0.005449381191283464
26,89,0.0,0.0,0.003390158526599407,0.004495222121477127
28, The,0.09687766432762146,0.014929783530533314,0.010920523665845394,0.006812064442783594
