norm_suff_mean,random_suff_mean,norm_comp_mean,random_comp_mean,final suff,final comp,target_tokens
0.019375532865524292,0.002985956845805049,0.015170943923294544,0.007835275493562222,6.488885879516602,0.4043901860713959, until$ French$ in$89$ The
