target_pos,target_token,norm_suff,random_suff,norm_comp,random_comp
49, I,0.0,0.0,0.012724895030260086,0.010913165286183357
51,'t,0.0,0.005239415448158979,0.003639446571469307,0.001125755487009883
53,.,0.0,0.14722822606563568,0.02533543109893799,0.012733382172882557
55, just,0.0,0.0,0.02338573895394802,0.027330072596669197
57,.,0.057955119758844376,0.0,0.012821015901863575,0.008066856302320957
