norm_suff_mean,random_suff_mean,norm_comp_mean,random_comp_mean,final suff,final comp,target_tokens
0.01159102376550436,0.03049352765083313,0.015581305138766766,0.012033847160637379,0.38011422753334045,1.0382039546966553, I$'t$.$ just$.
