target_pos,target_token,norm_suff,random_suff,norm_comp,random_comp
51, She,0.0,0.0030930647626519203,0.253253310918808,0.025235095992684364
53, drinking,0.023255661129951477,0.0220948439091444,0.023476680740714073,0.025209475308656693
55,.,0.0,0.0,0.11349218338727951,0.015062964521348476
57, was,0.0,0.0,0.026457715779542923,0.029262065887451172
59, it,0.019791273400187492,0.05331829935312271,0.0203512292355299,0.023228859528899193
