target_pos,target_token,norm_suff,random_suff,norm_comp,random_comp
52, ,0.0,0.07263067364692688,0.05305514484643936,0.058668557554483414
54,She,0.0,0.0,0.1378798633813858,0.0326244942843914
56, drinking,0.0,0.0,0.06272130459547043,0.029858393594622612
58, green,0.03684191033244133,0.0,0.02848820388317108,0.05726239085197449
60,.,0.04021328687667847,0.10442798584699631,0.23564885556697845,0.020853962749242783
