norm_suff_mean,random_suff_mean,norm_comp_mean,random_comp_mean,final suff,final comp,target_tokens
0.015411040745675564,0.035411734133958817,0.10355868190526962,0.03985356166958809,0.4351958930492401,2.5860395431518555, $She$ drinking$ green$.
