norm_suff_mean,random_suff_mean,norm_comp_mean,random_comp_mean,final suff,final comp,target_tokens
0.008609387092292309,0.01570124179124832,0.0874062329530716,0.023599691689014435,0.54832524061203,2.7411582469940186, She$ drinking$.$ was$ it
