target_pos,target_token,norm_suff,random_suff,norm_comp,random_comp
57, I,0.006009021773934364,0.006485649850219488,0.06773127615451813,0.011228921823203564
59, no,0.0,0.0,0.017961347475647926,0.013260068371891975
61,.,0.16815701127052307,0.027854595333337784,0.05259593203663826,0.024363094940781593
63, had,0.03638286143541336,0.0,0.022552771493792534,0.03993426635861397
65, idea,0.0,0.0,0.06211978569626808,0.028159700334072113
