norm_suff_mean,random_suff_mean,norm_comp_mean,random_comp_mean,final suff,final comp,target_tokens
0.04210978001356125,0.006868049036711454,0.044592224061489105,0.023389210924506187,6.131258010864258,0.5554341673851013, I$ no$.$ had$ idea
