target_pos,target_token,norm_suff,random_suff,norm_comp,random_comp
55, Why,0.026704078540205956,0.0,0.044328346848487854,0.01935919001698494
57, M,0.0,0.0006521967006847262,0.0033603853080421686,0.005108513869345188
59,a,0.029911324381828308,0.14161691069602966,0.0015009194612503052,0.0008896860526874661
61, her,0.0,0.0002590900403447449,0.026483291760087013,0.004425594583153725
63, in,0.019003191962838173,0.0,0.003865595441311598,0.0016798049909994006
