target_pos,target_token,norm_suff,random_suff,norm_comp,random_comp
56,"
",0.22773966193199158,0.0,0.4812444746494293,0.03137293457984924
58, ,0.015147951431572437,0.02085896022617817,0.0848696380853653,0.03932134062051773
60, ,0.04429788142442703,0.06372103095054626,0.475998193025589,0.045694004744291306
62, ,0.041454341262578964,0.0,0.0459866039454937,0.032322585582733154
64, ,0.12074875831604004,0.03438710793852806,0.11481839418411255,0.016759825870394707
