norm_suff_mean,random_suff_mean,norm_comp_mean,random_comp_mean,final suff,final comp,target_tokens
0.015123719349503517,0.028505638241767883,0.015907708555459976,0.006292557809501886,0.5305518507957458,0.4160721004009247, Why$ M$a$ her$ in
