norm_suff_mean,random_suff_mean,norm_comp_mean,random_comp_mean,final suff,final comp,target_tokens
0.08987771719694138,0.0237934198230505,0.24058346450328827,0.0330941379070282,3.777419090270996,0.3682129383087158,"
$ $ $ $ "
