target_pos,target_token,norm_suff,random_suff,norm_comp,random_comp
57,	,0.0,0.0,0.10315626114606857,0.009935406036674976
59, wanted,0.02563682198524475,0.0,0.04062981158494949,0.020746298134326935
61, announce,0.0,0.00835209060460329,0.0698903426527977,0.025327613577246666
63, in,0.011422213166952133,0.0,0.03872385621070862,0.01303844340145588
65, fun,0.0,0.0,0.008154291659593582,0.006464718375355005
