norm_suff_mean,random_suff_mean,norm_comp_mean,random_comp_mean,final suff,final comp,target_tokens
0.007411807309836149,0.0016704181907698512,0.05211091786623001,0.015102497301995754,4.437097072601318,2.0376267433166504,	$ wanted$ announce$ in$ fun
