target_pos,target_token,norm_suff,random_suff,norm_comp,random_comp
55,	,0.0,0.07153791934251785,0.12303853034973145,0.02000647597014904
57,	,0.045754823833703995,0.04485234618186951,0.1161278635263443,0.034796833992004395
59,	,0.027745967730879784,0.0,0.1815531849861145,0.02699103392660618
61,	,0.0014531256165355444,0.0,0.056206535547971725,0.027300871908664703
63,	,0.001124918693676591,0.006220739800482988,0.03246328607201576,0.010061066597700119
