norm_suff_mean,random_suff_mean,norm_comp_mean,random_comp_mean,final suff,final comp,target_tokens
0.015215766616165638,0.0245222020894289,0.10187788307666779,0.023831255733966827,0.6204894185066223,1.5662211179733276,	$	$	$	$	
