target_pos,target_token,norm_suff,random_suff,norm_comp,random_comp
44,"
",0.006641811225563288,0.1512639969587326,0.05681297928094864,0.02470068261027336
46,	,0.0,0.019955605268478394,0.11551159620285034,0.03879263624548912
48,	,0.0,0.06184542179107666,0.09339065849781036,0.031234372407197952
50,	,0.004540031310170889,0.0,0.06507288664579391,0.04938849061727524
52,	,0.001747333211824298,0.0,0.026148751378059387,0.017002053558826447
