target_pos,target_token,norm_suff,random_suff,norm_comp,random_comp
43,	,0.17319992184638977,0.08091618865728378,0.04434686899185181,0.021618561819195747
45,	,0.0,0.15007612109184265,0.260902464389801,0.03451400250196457
47,	,0.0,0.0,0.07078780978918076,0.043287698179483414
49,	,0.0,0.0,0.07593314349651337,0.039866600185632706
51,	,0.0,0.001175237586721778,0.05961907282471657,0.02904491126537323
