norm_suff_mean,random_suff_mean,norm_comp_mean,random_comp_mean,final suff,final comp,target_tokens
0.0025858350563794374,0.04661300405859947,0.07138737291097641,0.0322236493229866,0.05547454208135605,12.461603164672852,"
$	$	$	$	"
