norm_suff_mean,random_suff_mean,norm_comp_mean,random_comp_mean,final suff,final comp,target_tokens
0.034639984369277954,0.04643350839614868,0.10231786966323853,0.033666353672742844,0.7460126280784607,0.9718928933143616,	$	$	$	$	
