target_pos,target_token,norm_suff,random_suff,norm_comp,random_comp
63,"
",0.0,0.0,0.04465373232960701,0.018364060670137405
65,	,0.023824213072657585,0.0,0.1738775223493576,0.12373201549053192
67,	,0.0,0.010904621332883835,0.10323267430067062,0.036925218999385834
69,	,0.018332377076148987,0.0036629580426961184,0.034593161195516586,0.015662595629692078
71,	,0.004588923882693052,0.0,0.04165835306048393,0.01972910948097706
