target_pos,target_token,norm_suff,random_suff,norm_comp,random_comp
64,"
",0.009616130962967873,0.0,0.056315962225198746,0.01800197921693325
66,	,0.020809350535273552,0.06382855027914047,0.0928417444229126,0.11971677094697952
68,	,0.022440556436777115,0.05359293892979622,0.06338997930288315,0.028742438182234764
70,	,0.0,0.003248873632401228,0.026699164882302284,0.011048083193600178
72,	,0.09555209428071976,0.010925277136266232,0.03007081151008606,0.017925553023815155
