norm_suff_mean,random_suff_mean,norm_comp_mean,random_comp_mean,final suff,final comp,target_tokens
0.009349103085696697,0.002913515781983733,0.07960309088230133,0.04288259893655777,3.2088732719421387,4.5868144035339355,"
$	$	$	$	"
