norm_suff_mean,random_suff_mean,norm_comp_mean,random_comp_mean,final suff,final comp,target_tokens
0.02968362532556057,0.026319129392504692,0.0538635328412056,0.03908696398139,1.127834677696228,1.3167853355407715,"
$	$	$	$	"
