target_pos,target_token,norm_suff,random_suff,norm_comp,random_comp
56, I,0.0,0.0,0.02155585028231144,0.00947785098105669
58, to,0.013739204034209251,0.05099484324455261,0.013394221663475037,0.005846595391631126
60, a,0.015297346748411655,0.036517031490802765,0.025236373767256737,0.02160385437309742
62,man,0.0007246307795867324,0.0,0.025668708607554436,0.08020462095737457
64, I,0.024718746542930603,0.016578825190663338,0.010737547650933266,0.013986309990286827
