norm_suff_mean,random_suff_mean,norm_comp_mean,random_comp_mean,final suff,final comp,target_tokens
0.010895986109972,0.020818140357732773,0.019318541511893272,0.02622384764254093,0.5233890414237976,2.4067437648773193, I$ to$ a$man$ I
