target_pos,target_token,norm_suff,random_suff,norm_comp,random_comp
45,"
",0.027043674141168594,0.10414481908082962,0.008664575405418873,0.00872754491865635
47,The,0.05707619711756706,0.0,0.010100279003381729,0.014572080224752426
49, asked,0.004274181090295315,0.018227238208055496,0.00973690114915371,0.011040128767490387
51, kid,0.004133714362978935,0.00026197711122222245,0.010693686082959175,0.012839235365390778
53," """,0.017571259289979935,0.0,0.0051243300549685955,0.005271861795336008
