target_pos,target_token,norm_suff,random_suff,norm_comp,random_comp
45,"
",0.019637586548924446,0.03691648691892624,0.010724468156695366,0.011056930758059025
47,The,0.0697062611579895,0.0021865912713110447,0.009042151272296906,0.017718063667416573
49, asked,0.0016190448077395558,0.009048580192029476,0.00976098794490099,0.012673750519752502
51, kid,0.0,0.00048338508349843323,0.008308565244078636,0.00997123308479786
53," """,0.0,0.02771187387406826,0.0041064308024942875,0.008714099414646626
