norm_suff_mean,random_suff_mean,norm_comp_mean,random_comp_mean,final suff,final comp,target_tokens
0.022019805386662483,0.02452680841088295,0.008863954804837704,0.010490170679986477,0.8977851867675781,0.4763970673084259,"
$The$ asked$ kid$ """
