norm_suff_mean,random_suff_mean,norm_comp_mean,random_comp_mean,final suff,final comp,target_tokens
0.018192579969763756,0.015269383788108826,0.008388521149754524,0.012026815675199032,1.1914416551589966,0.6610835790634155,"
$The$ asked$ kid$ """
