target_pos,target_token,norm_suff,random_suff,norm_comp,random_comp
50, Because,0.08105005323886871,0.0044309720396995544,0.0066146221943199635,0.007369017228484154
52, was,0.0,0.0006528719677589834,0.005310349632054567,0.010598856955766678
54,.,0.0,0.0,0.006677201017737389,0.005599146243184805
56,I,0.0,0.0,0.011461624875664711,0.01740223914384842
58, sorry,0.06295589357614517,0.042578574270009995,0.005020299460738897,0.004614046309143305
