target_pos,target_token,norm_suff,random_suff,norm_comp,random_comp
50, Because,0.07168074697256088,0.08746491372585297,0.0054282378405332565,0.007171056233346462
52, was,0.0,0.0,0.010058334097266197,0.006233286112546921
54,.,0.0,0.0,0.003329816972836852,0.008260564878582954
56,I,0.0,0.0013874575961381197,0.01520337350666523,0.00471326382830739
58, sorry,0.04707289859652519,0.0,0.004290846176445484,0.00790095329284668
