norm_suff_mean,random_suff_mean,norm_comp_mean,random_comp_mean,final suff,final comp,target_tokens
0.028801191598176956,0.009532484225928783,0.007016819901764393,0.009116661734879017,3.0213730335235596,0.31653764843940735, Because$ was$.$I$ sorry
