norm_suff_mean,random_suff_mean,norm_comp_mean,random_comp_mean,final suff,final comp,target_tokens
0.023750727996230125,0.017770474776625633,0.0076621221378445625,0.006855824496597052,1.3365274667739868,0.28865745663642883, Because$ was$.$I$ sorry
