target_pos,target_token,norm_suff,random_suff,norm_comp,random_comp
76,"
",0.0,0.0,0.02447771094739437,0.005208127200603485
78,I,0.009483981877565384,0.09292345494031906,0.014294818975031376,0.0054473597556352615
80, shopping,0.020232118666172028,0.0,0.004710280802100897,0.006295624189078808
82, an,0.01185039896517992,0.0,0.00190537772141397,0.003209351794794202
84, mall,0.0,0.0,0.00017950829351320863,0.0001264801830984652
