target_pos,target_token,norm_suff,random_suff,norm_comp,random_comp
76,"
",0.0,0.0,0.015314235351979733,0.010095075704157352
78,I,0.22510305047035217,0.01548734214156866,0.006766743492335081,0.007045448757708073
80, shopping,0.0,0.0,0.002098830183967948,0.005858865566551685
82, an,0.0,0.018667712807655334,0.005990868434309959,0.0014230188680812716
84, mall,0.00023323684581555426,0.0,0.0002705558144953102,0.00031171023147180676
