norm_suff_mean,random_suff_mean,norm_comp_mean,random_comp_mean,final suff,final comp,target_tokens
0.045067258179187775,0.006831011269241571,0.0060882470570504665,0.004946823697537184,6.597450256347656,0.10976535826921463,"
$I$ shopping$ an$ mall"
