norm_suff_mean,random_suff_mean,norm_comp_mean,random_comp_mean,final suff,final comp,target_tokens
0.008313300088047981,0.018584690988063812,0.009113539010286331,0.004057388752698898,0.44731980562210083,0.488059937953949,"
$I$ shopping$ an$ mall"
