target_pos,target_token,norm_suff,random_suff,norm_comp,random_comp
52, She,0.08035155385732651,0.028724556788802147,0.014959241263568401,0.008316501043736935
54,'t,0.006233202293515205,0.0,0.0028537618927657604,0.004051765892654657
56,.,0.09782037138938904,0.04738081246614456,0.0047630369663238525,0.009241100400686264
58, was,0.0,0.0,0.005396961700171232,0.010654818266630173
60, thirsty,0.0,0.005874773487448692,0.009401465766131878,0.01123969815671444
