target_pos,target_token,norm_suff,random_suff,norm_comp,random_comp
52, She,0.1348816156387329,0.053933512419462204,0.011544189415872097,0.012379038147628307
54,'t,0.0,0.031000332906842232,0.06383822858333588,0.005622093565762043
56,.,0.08373948186635971,0.029805663973093033,0.0059607564471662045,0.008541122078895569
58, was,0.0,0.0,0.010151888243854046,0.0058272359892725945
60, thirsty,0.0,0.0,0.009137813001871109,0.0094831557944417
