norm_suff_mean,random_suff_mean,norm_comp_mean,random_comp_mean,final suff,final comp,target_tokens
0.043724220246076584,0.022947901859879494,0.020126575604081154,0.008370528928935528,1.9053689241409302,0.1914391815662384, She$'t$.$ was$ thirsty
