norm_suff_mean,random_suff_mean,norm_comp_mean,random_comp_mean,final suff,final comp,target_tokens
0.03688102588057518,0.01639602892100811,0.0074748932383954525,0.008700775913894176,2.249387741088867,0.2359146922826767, She$'t$.$ was$ thirsty
