target_pos,target_token,norm_suff,random_suff,norm_comp,random_comp
48, She,0.0,0.0,0.015445631928741932,0.010264366865158081
50,'t,0.0,0.015040519647300243,0.0051721143536269665,0.007341808173805475
52,.,0.0,0.0,0.014720768667757511,0.007129091769456863
54, walked,0.021991003304719925,0.005610017571598291,0.014915007166564465,0.005825636442750692
56, to,0.04724489524960518,0.0,0.003058039816096425,0.010081247426569462
