target_pos,target_token,norm_suff,random_suff,norm_comp,random_comp
48, She,0.0,0.055628612637519836,0.011751394718885422,0.012018795125186443
50,'t,0.005984066985547543,0.0,0.003258858574554324,0.00946903694421053
52,.,0.0,0.0,0.010186420753598213,0.015496697276830673
54, walked,0.005226629786193371,0.00285691162571311,0.019392384216189384,0.011482899077236652
56, to,0.09455106407403946,0.0,0.007022080477327108,0.003822335507720709
