norm_suff_mean,random_suff_mean,norm_comp_mean,random_comp_mean,final suff,final comp,target_tokens
0.021152352914214134,0.011697105132043362,0.010322228074073792,0.010457952506840229,1.8083407878875732,0.49441084265708923, She$'t$.$ walked$ to
