norm_suff_mean,random_suff_mean,norm_comp_mean,random_comp_mean,final suff,final comp,target_tokens
0.01384717971086502,0.004130107816308737,0.010662312619388103,0.008128429763019085,3.352740526199341,0.5870097875595093, She$'t$.$ walked$ to
