target_pos,target_token,norm_suff,random_suff,norm_comp,random_comp
47, Because,0.0,0.022041969001293182,0.012854588218033314,0.01793542690575123
49, was,0.0,0.013843819499015808,0.009046251885592937,0.005559724289923906
51, of,0.0,0.0,0.012183831073343754,0.02408411353826523
53, a,0.046402137726545334,0.0,0.022678423672914505,0.012191887944936752
55, bum,0.0,0.0,0.015482044778764248,0.0152674475684762
