target_pos,target_token,norm_suff,random_suff,norm_comp,random_comp
47, Because,0.0,0.002348148263990879,0.015424084849655628,0.02347145415842533
49, was,0.0,0.0,0.012185637839138508,0.00486924359574914
51, of,0.0,0.0,0.015639368444681168,0.007663782220333815
53, a,0.0,0.04266824945807457,0.01764446496963501,0.01986238732933998
55, bum,0.0,0.0,0.010248875245451927,0.010954441502690315
