norm_suff_mean,random_suff_mean,norm_comp_mean,random_comp_mean,final suff,final comp,target_tokens
0.009280427359044552,0.0071771577931940556,0.014449027366936207,0.01500771939754486,1.2930505275726318,1.6171367168426514, Because$ was$ of$ a$ bum
