target_pos,target_token,norm_suff,random_suff,norm_comp,random_comp
58, I,0.12262073159217834,0.028567271307110786,0.006883473135530949,0.006282575894147158
60,'t,0.003467627102509141,0.0,0.001275300863198936,0.0007075614994391799
62,.,0.0,0.007340244483202696,0.011310800909996033,0.010469182394444942
64, just,0.0,0.006183893885463476,0.004727549850940704,0.004399414174258709
66, to,0.0,0.03146100416779518,0.00640137679874897,0.003740099258720875
