target_pos,target_token,norm_suff,random_suff,norm_comp,random_comp
58, I,0.05668289586901665,0.13859421014785767,0.011557882651686668,0.006176637019962072
60,'t,0.0,0.001083360519260168,0.0007817386067472398,0.000538916327059269
62,.,0.0,0.070503368973732,0.012221861630678177,0.0203673355281353
64, just,0.0,0.007882054895162582,0.004977208562195301,0.009008105844259262
66, to,0.0,0.0,0.0033427109010517597,0.0036413983907550573
