norm_suff_mean,random_suff_mean,norm_comp_mean,random_comp_mean,final suff,final comp,target_tokens
0.011336578987538815,0.04361259937286377,0.006576280575245619,0.007946479134261608,0.25993815064430237,0.7009592056274414, I$'t$.$ just$ to
