norm_suff_mean,random_suff_mean,norm_comp_mean,random_comp_mean,final suff,final comp,target_tokens
0.025217672809958458,0.014710483141243458,0.006119700614362955,0.00511976657435298,1.7142654657363892,0.20302295684814453, I$'t$.$ just$ to
