target_pos,target_token,norm_suff,random_suff,norm_comp,random_comp
52, Because,0.01814436726272106,0.05820419266819954,0.01851576566696167,0.01215791143476963
54, loved,0.0,0.001221437705680728,0.022151760756969452,0.022373825311660767
56,.,0.016529573127627373,0.0,0.00637332396581769,0.009762495756149292
58,"
",0.0,0.11858641356229782,0.013107746839523315,0.004910846706479788
60, loved,0.004885461647063494,0.0,0.009981817565858364,0.006916972808539867
