target_pos,target_token,norm_suff,random_suff,norm_comp,random_comp
52, Because,0.12888281047344208,0.03448568284511566,0.005941081326454878,0.01275105495005846
54, loved,0.0072116488590836525,0.0,0.007086509373039007,0.034508395940065384
56,.,0.008662335574626923,0.029929518699645996,0.006268863100558519,0.007511420641094446
58,"
",0.0,0.009876672178506851,0.013057451695203781,0.004744474310427904
60, loved,0.009972937405109406,0.0,0.012498816475272179,0.011636519804596901
