norm_suff_mean,random_suff_mean,norm_comp_mean,random_comp_mean,final suff,final comp,target_tokens
0.030945951119065285,0.014858374372124672,0.008970544673502445,0.014230373315513134,2.0827279090881348,0.45984604954719543," Because$ loved$.$
$ loved"
