norm_suff_mean,random_suff_mean,norm_comp_mean,random_comp_mean,final suff,final comp,target_tokens
0.007911880500614643,0.03560240939259529,0.014026083052158356,0.011224410496652126,0.2222287952899933,1.4186779260635376," Because$ loved$.$
$ loved"
