target_pos,target_token,norm_suff,random_suff,norm_comp,random_comp
69, She,0.05819365754723549,0.0,0.013612623326480389,0.010052701458334923
71, hungry,0.0,0.0,0.010085629299283028,0.01293912809342146
73, She,0.05730057880282402,0.015991508960723877,0.007926318794488907,0.00625793868675828
75, not,0.044426336884498596,0.0,0.008411376737058163,0.011363943107426167
77, since,0.007417947053909302,0.0,0.005055570043623447,0.009170472621917725
