target_pos,target_token,norm_suff,random_suff,norm_comp,random_comp
69, She,0.0,0.03207167983055115,0.01756800152361393,0.011344237253069878
71, hungry,0.0,0.009788032621145248,0.008096020668745041,0.00699992198497057
73, She,0.0006728696753270924,0.01982182450592518,0.01311690453439951,0.007387593388557434
75, not,0.08278544247150421,0.03205809369683266,0.008415304124355316,0.007188611198216677
77, since,0.0,0.0,0.005993810947984457,0.00450774934142828
