norm_suff_mean,random_suff_mean,norm_comp_mean,random_comp_mean,final suff,final comp,target_tokens
0.03346770629286766,0.003198301885277033,0.009018303826451302,0.009956836700439453,10.464211463928223,0.29750579595565796, She$ hungry$ She$ not$ since
