norm_suff_mean,random_suff_mean,norm_comp_mean,random_comp_mean,final suff,final comp,target_tokens
0.0166916623711586,0.018747925758361816,0.010638008825480938,0.007485622074455023,0.8903204798698425,0.4484647512435913, She$ hungry$ She$ not$ since
