target_pos,target_token,norm_suff,random_suff,norm_comp,random_comp
63,"
",0.07914228737354279,0.10920540988445282,0.00819174200296402,0.006328461226075888
65,S,0.012269348837435246,0.0,0.016299396753311157,0.013240119442343712
67,tha,0.0,0.0,0.0011363036464899778,0.0003968831733800471
69, to,0.046650588512420654,0.0,0.003334338776767254,0.0030902912840247154
71, out,0.0,0.00691149290651083,0.00041024520760402083,0.0006747432053089142
