target_pos,target_token,norm_suff,random_suff,norm_comp,random_comp
63,"
",0.004273493308573961,0.10146547853946686,0.010671038180589676,0.010572322644293308
65,S,0.007997985929250717,0.0,0.009950453415513039,0.013474592007696629
67,tha,0.0,0.0003957747539971024,0.00039670534897595644,0.0010582697577774525
69, to,0.0,0.006547390483319759,0.001469031092710793,0.0010152407921850681
71, out,0.0,0.005825333762913942,0.0005737925530411303,0.0005902463453821838
