norm_suff_mean,random_suff_mean,norm_comp_mean,random_comp_mean,final suff,final comp,target_tokens
0.0024542957544326782,0.022846795618534088,0.004612204618752003,0.005342134274542332,0.10742407292127609,2.1766464710235596,"
$S$tha$ to$ out"
