norm_suff_mean,random_suff_mean,norm_comp_mean,random_comp_mean,final suff,final comp,target_tokens
0.02761244587600231,0.023223381489515305,0.005874405149370432,0.004746099468320608,1.1889933347702026,0.17188261449337006,"
$S$tha$ to$ out"
