target_pos,target_token,norm_suff,random_suff,norm_comp,random_comp
56, Because,0.014453206211328506,0.015230968594551086,0.006037084851413965,0.007653647102415562
58, wanted,0.0,0.0,0.010029256343841553,0.004925090819597244
60, to,0.0,0.028546003624796867,0.0016527657862752676,0.0008930524345487356
62, ahead,0.0,0.0,0.0047965217381715775,0.00641681207343936
64,"
",0.0,0.09529778361320496,0.004776223562657833,0.005334941670298576
