target_pos,target_token,norm_suff,random_suff,norm_comp,random_comp
56, Because,0.0,0.0,0.006598941050469875,0.005089197773486376
58, wanted,0.008022460155189037,0.0,0.006569760385900736,0.006208975799381733
60, to,0.0,0.0006779553950764239,0.0011794513557106256,0.0013609546003863215
62, ahead,0.0,0.0,0.006737845484167337,0.006797353737056255
64,"
",0.0,0.04502273350954056,0.004831865895539522,0.006370882503688335
