norm_suff_mean,random_suff_mean,norm_comp_mean,random_comp_mean,final suff,final comp,target_tokens
0.0016044920776039362,0.00914013758301735,0.005183573346585035,0.005165472626686096,0.17554353177547455,3.219381809234619," Because$ wanted$ to$ ahead$
"
