norm_suff_mean,random_suff_mean,norm_comp_mean,random_comp_mean,final suff,final comp,target_tokens
0.0028906413353979588,0.0278149526566267,0.00545837078243494,0.005044709425419569,0.10392400622367859,1.7451869249343872," Because$ wanted$ to$ ahead$
"
