target_pos,target_token,norm_suff,random_suff,norm_comp,random_comp
54, Because,0.0977657362818718,0.038387298583984375,0.013688229024410248,0.019527092576026917
56, was,0.002324264496564865,0.019883405417203903,0.00938756950199604,0.010679798200726509
58, black,0.0,0.03127774968743324,0.015997223556041718,0.005486062727868557
60, with,0.0,0.03940923884510994,0.01082056574523449,0.011184909380972385
62, friend,0.0,0.026491815224289894,0.01578761264681816,0.0136796273291111
