target_pos,target_token,norm_suff,random_suff,norm_comp,random_comp
54, Because,0.06250005960464478,0.01958502270281315,0.014711863361299038,0.011139338836073875
56, was,0.0,0.0,0.015094350092113018,0.006859967485070229
58, black,0.0,0.0,0.012171179056167603,0.008820772171020508
60, with,0.0,0.0,0.022252948954701424,0.009120387956500053
62, friend,0.004386088810861111,0.0,0.01666169986128807,0.015087500214576721
