norm_suff_mean,random_suff_mean,norm_comp_mean,random_comp_mean,final suff,final comp,target_tokens
0.020018000155687332,0.0310899019241333,0.013136240653693676,0.012111498974263668,0.6438746452331543,0.6050304174423218, Because$ was$ black$ with$ friend
