norm_suff_mean,random_suff_mean,norm_comp_mean,random_comp_mean,final suff,final comp,target_tokens
0.013377229683101177,0.003917004447430372,0.01617840863764286,0.010205593891441822,3.415168285369873,0.762907862663269, Because$ was$ black$ with$ friend
