target_pos,target_token,norm_suff,random_suff,norm_comp,random_comp
68, Mary,0.0,0.0,0.008218345232307911,0.00781900342553854
70, about,0.0,0.041182588785886765,0.013170717284083366,0.007129368372261524
72, for,0.049202632158994675,0.0487559549510479,0.0033951986115425825,0.00588644715026021
74, long,0.002712592948228121,0.0,0.0076179783791303635,0.004054466262459755
76,.,0.0,0.009640549309551716,0.0030077937990427017,0.0021577724255621433
