target_pos,target_token,norm_suff,random_suff,norm_comp,random_comp
68, Mary,0.032332777976989746,0.0,0.007257376331835985,0.012911400757730007
70, about,0.0,0.1336173117160797,0.007836705073714256,0.007699203211814165
72, for,0.030294571071863174,0.13250432908535004,0.0071536279283463955,0.004988190717995167
74, long,0.007663963362574577,0.0022778119891881943,0.0023109002504497766,0.0029135807417333126
76,.,0.04886084422469139,0.0742998942732811,0.003171290038153529,0.00494103878736496
