norm_suff_mean,random_suff_mean,norm_comp_mean,random_comp_mean,final suff,final comp,target_tokens
0.023830432444810867,0.06853987276554108,0.005545979831367731,0.006690682377666235,0.34768715500831604,0.28076210618019104, Mary$ about$ for$ long$.
