norm_suff_mean,random_suff_mean,norm_comp_mean,random_comp_mean,final suff,final comp,target_tokens
0.010383045300841331,0.01991581916809082,0.007082006428390741,0.005409411620348692,0.5213466286659241,0.5209850668907166, Mary$ about$ for$ long$.
