target_pos,target_token,norm_suff,random_suff,norm_comp,random_comp
57,"
",0.0,0.06869561970233917,0.03477640077471733,0.011343756690621376
59,Matt,0.0,0.0,0.010517225600779057,0.012748331762850285
61, Sarah,2.586750269983895e-05,0.0,0.0013875490985810757,0.0011309848632663488
63, to,0.0,0.00595468794927001,0.011678429320454597,0.003970292396843433
65, their,0.04606766626238823,0.0,0.01592472940683365,0.01625608094036579
