target_pos,target_token,norm_suff,random_suff,norm_comp,random_comp
57,"
",0.10054359585046768,0.0,0.014651828445494175,0.015161222778260708
59,Matt,0.0,0.0,0.014778134413063526,0.010234539397060871
61, Sarah,0.0018045605393126607,0.0,0.0014188532950356603,0.0014668700750917196
63, to,0.01753537543118,0.0,0.006842791568487883,0.009356614202260971
65, their,0.0,0.0,0.016212180256843567,0.018072335049510002
