norm_suff_mean,random_suff_mean,norm_comp_mean,random_comp_mean,final suff,final comp,target_tokens
0.009218706749379635,0.014930061995983124,0.01485686656087637,0.00908988993614912,0.6174593567848206,0.9860265851020813,"
$Matt$ Sarah$ to$ their"
