target_pos,target_token,norm_suff,random_suff,norm_comp,random_comp
55,	,0.1439124494791031,0.042036838829517365,0.019991548731923103,0.012193765491247177
57, she,0.0,0.0,0.011691666208207607,0.006610530894249678
59, to,0.0,0.0,0.005777502898126841,0.003653797321021557
61,"
",0.020267171785235405,0.24765044450759888,0.013786769472062588,0.007973265834152699
63,What,0.0859491378068924,0.0,0.010970915667712688,0.010815011337399483
