target_pos,target_token,norm_suff,random_suff,norm_comp,random_comp
55,	,0.08167976140975952,0.004804703406989574,0.016183912754058838,0.009448327124118805
57, she,0.0,0.0,0.007999567314982414,0.008702775463461876
59, to,0.0,0.0,0.0034012016840279102,0.003019387135282159
61,"
",0.0,0.027766449376940727,0.009717408567667007,0.010281991213560104
63,What,0.04327515512704849,0.0,0.017805853858590126,0.023145118728280067
