norm_suff_mean,random_suff_mean,norm_comp_mean,random_comp_mean,final suff,final comp,target_tokens
0.05002574995160103,0.05793745443224907,0.012443681247532368,0.008249274455010891,0.8634440302848816,0.16490057110786438,"	$ she$ to$
$What"
