norm_suff_mean,random_suff_mean,norm_comp_mean,random_comp_mean,final suff,final comp,target_tokens
0.024990983307361603,0.006514230277389288,0.011021588928997517,0.010919520631432533,3.8363678455352783,0.43693840503692627,"	$ she$ to$
$What"
