target_pos,target_token,norm_suff,random_suff,norm_comp,random_comp
44, She,0.002331725787371397,0.0,0.018406342715024948,0.02418661303818226
46,'t,0.0043714833445847034,0.002869633724913001,0.016903003677725792,0.0013232834171503782
48,.,0.0,0.0,0.011042753234505653,0.010182836093008518
50, just,0.0,0.0,0.006359968334436417,0.007447156589478254
52,.,0.0,0.07421586662530899,0.004822980146855116,0.012048126198351383
