target_pos,target_token,norm_suff,random_suff,norm_comp,random_comp
44, She,0.0,0.0,0.01653653383255005,0.012907243333756924
46,'t,0.004278440959751606,0.001287489547394216,0.018228573724627495,0.004236947279423475
48,.,0.0,0.0,0.011185785755515099,0.005694320425391197
50, just,0.0,0.01763145811855793,0.008925504982471466,0.007464950904250145
52,.,0.0,0.014586317352950573,0.01567954383790493,0.001716605038382113
