norm_suff_mean,random_suff_mean,norm_comp_mean,random_comp_mean,final suff,final comp,target_tokens
0.0013406418729573488,0.015417100861668587,0.011507011018693447,0.01103760302066803,0.08695810288190842,8.233073234558105, She$'t$.$ just$.
