norm_suff_mean,random_suff_mean,norm_comp_mean,random_comp_mean,final suff,final comp,target_tokens
0.000855688180308789,0.006701053120195866,0.014111190102994442,0.006404013838618994,0.12769457697868347,7.484050750732422, She$'t$.$ just$.
