target_pos,target_token,norm_suff,random_suff,norm_comp,random_comp
57,"
",0.0,0.0,0.015338323079049587,0.012067706324160099
59,Michael,0.028085624799132347,0.0,0.011987091973423958,0.01447015069425106
61, playing,0.0,0.0,0.014842159114778042,0.019880512729287148
63, with,0.0,0.0,0.001970940502360463,0.0030271238647401333
65, friends,0.0,0.0,0.0007183194975368679,0.0016609331360086799
