target_pos,target_token,norm_suff,random_suff,norm_comp,random_comp
57,"
",0.0034110681153833866,0.08214780688285828,0.026272498071193695,0.020183183252811432
59,Michael,0.01524666789919138,0.0,0.020554931834340096,0.04149176552891731
61, playing,0.0,0.0,0.04863692447543144,0.02362733706831932
63, with,0.0,0.0,0.002047502901405096,0.001985682873055339
65, friends,0.00044676908873952925,0.0,0.0007057471084408462,0.0010399958118796349
