norm_suff_mean,random_suff_mean,norm_comp_mean,random_comp_mean,final suff,final comp,target_tokens
0.0038209010381251574,0.016429562121629715,0.019643520936369896,0.017665592953562737,0.23256255686283112,4.623410224914551,"
$Michael$ playing$ with$ friends"
