target_pos,target_token,norm_suff,random_suff,norm_comp,random_comp
51, Because,0.0,0.09034719318151474,0.012682512402534485,0.005838747136294842
53, wanted,0.0,0.0025545230600982904,0.008060681633651257,0.008934580720961094
55, paint,0.00031469285022467375,0.0004581800603773445,0.0073377047665417194,0.006414021831005812
57, bedroom,0.0,0.00458128796890378,0.018263278529047966,0.010166366584599018
59,.,0.0,0.0038859688211232424,0.013183996081352234,0.00810894463211298
