target_pos,target_token,norm_suff,random_suff,norm_comp,random_comp
51, Because,0.01616736501455307,0.009002288803458214,0.009039645083248615,0.005667727440595627
53, wanted,0.0004692583461292088,0.0028218277730047703,0.006698488723486662,0.006150621920824051
55, paint,0.0009799980325624347,0.0033952496014535427,0.014461541548371315,0.008943850174546242
57, bedroom,0.0,0.0,0.015128809958696365,0.005763656925410032
59,.,0.0,0.0,0.009011529386043549,0.020337020978331566
