norm_suff_mean,random_suff_mean,norm_comp_mean,random_comp_mean,final suff,final comp,target_tokens
0.0035233241505920887,0.0030438732355833054,0.010868002660572529,0.009372576139867306,1.1575133800506592,2.660151481628418, Because$ wanted$ paint$ bedroom$.
