norm_suff_mean,random_suff_mean,norm_comp_mean,random_comp_mean,final suff,final comp,target_tokens
6.293856858974323e-05,0.020365430042147636,0.01190563477575779,0.007892532274127007,0.003090461017563939,125.40056610107422, Because$ wanted$ paint$ bedroom$.
