target_pos,target_token,norm_suff,random_suff,norm_comp,random_comp
64, She,0.0,0.0,0.01574482023715973,0.014910835772752762
66,'t,0.005752495024353266,0.006750695873051882,0.006449195556342602,0.006021077744662762
68,.,0.09728757292032242,0.032906755805015564,0.013650849461555481,0.021813366562128067
70, just,0.052543580532073975,0.015288283117115498,0.005780133418738842,0.008672047406435013
72,.,0.07235704362392426,0.011650625616312027,0.006133447401225567,0.003591144923120737
