target_pos,target_token,norm_suff,random_suff,norm_comp,random_comp
64, She,0.014155157841742039,0.04877753555774689,0.019122369587421417,0.017366597428917885
66,'t,0.0,0.0,0.008826776407659054,0.008567366749048233
68,.,0.046219900250434875,0.0,0.011503242887556553,0.00758594973012805
70, just,0.01998750865459442,0.0,0.00796185526996851,0.006017071660608053
72,.,0.08111070096492767,0.09215208142995834,0.0023316768929362297,0.003778488375246525
