norm_suff_mean,random_suff_mean,norm_comp_mean,random_comp_mean,final suff,final comp,target_tokens
0.045588135719299316,0.013319271616637707,0.009551689960062504,0.01100169401615858,3.422719955444336,0.24132801592350006, She$'t$.$ just$.
