norm_suff_mean,random_suff_mean,norm_comp_mean,random_comp_mean,final suff,final comp,target_tokens
0.032294657081365585,0.028185922652482986,0.009949184954166412,0.008663094602525234,1.1457725763320923,0.2682516276836395, She$'t$.$ just$.
