target_pos,target_token,norm_suff,random_suff,norm_comp,random_comp
52, She,0.0,0.05173087120056152,0.00845712423324585,0.01166695635765791
54, going,0.0,2.0297561320603563e-07,0.009498237632215023,0.00845458172261715
56, the,0.06971368938684464,0.062332168221473694,0.010210813023149967,0.009852347895503044
58, to,0.0,0.056378427892923355,0.007584806531667709,0.008818468078970909
60, married,0.0,0.0063033802434802055,0.011158929206430912,0.007347635459154844
