target_pos,target_token,norm_suff,random_suff,norm_comp,random_comp
52, She,0.0,0.0,0.008231633342802525,0.0144197391346097
54, going,0.0,0.0,0.009077843278646469,0.009453075006604195
56, the,0.039071787148714066,0.01944917067885399,0.012849913910031319,0.01328378263860941
58, to,0.0,0.09660789370536804,0.006425255443900824,0.004522989969700575
60, married,0.0,0.0,0.01198284886777401,0.01189974881708622
