norm_suff_mean,random_suff_mean,norm_comp_mean,random_comp_mean,final suff,final comp,target_tokens
0.013942738063633442,0.035349007695913315,0.009381982497870922,0.009227997623383999,0.39443081617355347,0.6618497371673584, She$ going$ the$ to$ married
