norm_suff_mean,random_suff_mean,norm_comp_mean,random_comp_mean,final suff,final comp,target_tokens
0.007814357988536358,0.023211413994431496,0.009713499806821346,0.010715867392718792,0.33666014671325684,1.3713048696517944, She$ going$ the$ to$ married
