target_pos,target_token,norm_suff,random_suff,norm_comp,random_comp
57, I,0.06702741980552673,0.0,0.009441433474421501,0.009061713702976704
59,'t,0.0012052799575030804,0.011662688106298447,0.028282402083277702,0.02146284095942974
61,.,0.16502177715301514,0.0,0.007133429404348135,0.00375115848146379
63, just,0.0,0.0009433848317712545,0.0032789562828838825,0.0028531437274068594
65, them,0.0,0.0,0.005072304513305426,0.005642647389322519
