target_pos,target_token,norm_suff,random_suff,norm_comp,random_comp
57, I,0.0,0.0,0.019650161266326904,0.006134791299700737
59,'t,0.0067665656097233295,0.0,0.0007061528158374131,0.003899735864251852
61,.,0.14526240527629852,0.024333924055099487,0.004929007031023502,0.0014160394202917814
63, just,0.0021008143667131662,0.0002858098014257848,0.005347658414393663,0.004483891651034355
65, them,0.0,0.0,0.004567031282931566,0.0038421533536165953
