norm_suff_mean,random_suff_mean,norm_comp_mean,random_comp_mean,final suff,final comp,target_tokens
0.04665089771151543,0.002521214773878455,0.010641706176102161,0.008554301224648952,18.503341674804688,0.18336841464042664, I$'t$.$ just$ them
