norm_suff_mean,random_suff_mean,norm_comp_mean,random_comp_mean,final suff,final comp,target_tokens
0.030825957655906677,0.004923946689814329,0.007040002383291721,0.0039553227834403515,6.260416507720947,0.128311425447464, I$'t$.$ just$ them
