target_pos,target_token,norm_suff,random_suff,norm_comp,random_comp
49, Chris,0.0,0.020873205736279488,0.010974098928272724,0.010166270658373833
51, happy,0.0,0.0,0.01022313628345728,0.014347732067108154
53, he,0.0,0.005810614675283432,0.006360497325658798,0.00698211882263422
55, learning,0.0,0.00020136094826739281,0.00754520483314991,0.004640344996005297
57,.,0.019375616684556007,0.0,0.01086824294179678,0.007725360803306103
