target_pos,target_token,norm_suff,random_suff,norm_comp,random_comp
49, Chris,0.15666425228118896,0.014489912427961826,0.013657363131642342,0.012712252326309681
51, happy,0.0,0.0,0.011021074838936329,0.010132187977433205
53, he,0.0,0.0,0.01359961461275816,0.005653280299156904
55, learning,0.0,0.0,0.006963213440030813,0.007158936467021704
57,.,0.0,0.0,0.010604151524603367,0.011771096847951412
