norm_suff_mean,random_suff_mean,norm_comp_mean,random_comp_mean,final suff,final comp,target_tokens
0.0038751233369112015,0.005377036519348621,0.009194235317409039,0.008772365748882294,0.7206801176071167,2.2637643814086914, Chris$ happy$ he$ learning$.
