norm_suff_mean,random_suff_mean,norm_comp_mean,random_comp_mean,final suff,final comp,target_tokens
0.03133285045623779,0.0028979824855923653,0.011169083416461945,0.009485551156103611,10.811952590942383,0.30273503065109253, Chris$ happy$ he$ learning$.
