target_pos,target_token,norm_suff,random_suff,norm_comp,random_comp
60, Because,0.0883757472038269,0.0,0.010214272886514664,0.004585046321153641
62, was,0.0,0.0,0.007815394550561905,0.006831654347479343
64, ge,0.026409335434436798,0.018117068335413933,0.008839131332933903,0.01930992305278778
66,.,0.0,0.07486917078495026,0.006721711251884699,0.0044682868756353855
68,"
",0.0,0.0,0.005353064276278019,0.013549821451306343
