target_pos,target_token,norm_suff,random_suff,norm_comp,random_comp
60, Because,0.158749058842659,0.0,0.006348308641463518,0.007559919264167547
62, was,0.0,0.0,0.005277982912957668,0.005270782858133316
64, ge,0.0,0.0,0.009422233328223228,0.012828578241169453
66,.,0.05502372980117798,0.0,0.005222687032073736,0.011622194200754166
68,"
",0.0,0.0,0.014636442065238953,0.009291007183492184
