norm_suff_mean,random_suff_mean,norm_comp_mean,random_comp_mean,final suff,final comp,target_tokens
0.02295701764523983,0.018597248941659927,0.007788714952766895,0.009748945944011211,1.2344307899475098,0.4246608316898346," Because$ was$ ge$.$
"
