target_pos,target_token,norm_suff,random_suff,norm_comp,random_comp
54,"
",0.0,0.041606102138757706,0.008173354901373386,0.007918772287666798
56,Tim,0.16178639233112335,0.0,0.011574015021324158,0.0068098255433142185
58, Stan,0.0,0.004855729173868895,0.003532133065164089,0.005794174503535032
60, in,0.002731348155066371,0.0,0.0019340630387887359,0.0028997021727263927
62, ice,0.0,0.0,0.0006649369024671614,0.0006687355926260352
