target_pos,target_token,norm_suff,random_suff,norm_comp,random_comp
54,"
",0.0,0.06450464576482773,0.010844992473721504,0.012565736658871174
56,Tim,0.0,0.0,0.012106492184102535,0.014739489182829857
58, Stan,0.005059713497757912,0.0041715665720403194,0.00169970968272537,0.0025962668005377054
60, in,0.0036817395593971014,0.015226675197482109,0.0025764666497707367,0.0022648684680461884
62, ice,0.0,0.0,0.0007888359250500798,0.00034181593218818307
