norm_suff_mean,random_suff_mean,norm_comp_mean,random_comp_mean,final suff,final comp,target_tokens
0.0017482907278463244,0.01678057760000229,0.00560329994186759,0.006501635070890188,0.10418537259101868,3.7188522815704346,"
$Tim$ Stan$ in$ ice"
