norm_suff_mean,random_suff_mean,norm_comp_mean,random_comp_mean,final suff,final comp,target_tokens
0.03290354833006859,0.009292366914451122,0.005175700876861811,0.00481824204325676,3.540922164916992,0.14643533527851105,"
$Tim$ Stan$ in$ ice"
