target_pos,target_token,norm_suff,random_suff,norm_comp,random_comp
65, Because,0.0,0.0,0.010792880319058895,0.006758976727724075
67, were,0.0,0.0,0.006712531205266714,0.006954275071620941
69, of,0.0,0.0,0.004978037904947996,0.004580155946314335
71, foreigners,0.0,0.0,0.01345065888017416,0.006106652319431305
73,"
",0.0,0.0,0.010433166287839413,0.007166377734392881
