target_pos,target_token,norm_suff,random_suff,norm_comp,random_comp
65, Because,0.0,0.048430152237415314,0.011103995144367218,0.012258892878890038
67, were,0.0,0.0,0.004989853594452143,0.009302969090640545
69, of,0.0,0.22450482845306396,0.004528023302555084,0.003985795192420483
71, foreigners,0.0,0.0,0.026692144572734833,0.00590014923363924
73,"
",0.17259269952774048,0.12612952291965485,0.007681476883590221,0.004520665854215622
