norm_suff_mean,random_suff_mean,norm_comp_mean,random_comp_mean,final suff,final comp,target_tokens
0.034518539905548096,0.0798129066824913,0.010999098420143127,0.007193694356828928,0.4324932098388672,0.2084008902311325," Because$ were$ of$ foreigners$
"
