target_pos,target_token,norm_suff,random_suff,norm_comp,random_comp
34, in,0.0,0.005027582868933678,0.038967564702034,0.022724473848938942
36, U,0.0,0.00023587854229845107,0.02429640106856823,0.01861845701932907
38,S,0.0007345656049437821,0.01430534478276968,0.0014508366584777832,0.0011619869619607925
40, state,0.0,0.0005161943845450878,0.009129689075052738,0.001533342874608934
42, Pennsylvania,0.0037216830532997847,0.0,0.004955966491252184,0.010605749674141407
