norm_suff_mean,random_suff_mean,norm_comp_mean,random_comp_mean,final suff,final comp,target_tokens
0.0008912497432902455,0.004017000086605549,0.015760092064738274,0.010928802192211151,0.22186948359012604,12.262333869934082, in$ U$S$ state$ Pennsylvania
