target_pos,target_token,norm_suff,random_suff,norm_comp,random_comp
18, in,0.0,0.0,0.016829630360007286,0.011424461379647255
20,67,0.0006134125287644565,0.0010354776168242097,0.02052648924291134,0.013778408989310265
22,"
",0.0,0.1256948560476303,0.02466997131705284,0.06003212928771973
24, know,0.0,6.816832319600508e-05,0.011789300478994846,0.004624434746801853
26, I,0.0,0.005501498002558947,0.010507392697036266,0.0031417172867804766
