norm_suff_mean,random_suff_mean,norm_comp_mean,random_comp_mean,final suff,final comp,target_tokens
0.0001226825115736574,0.02646000124514103,0.016864556819200516,0.018600231036543846,0.0046365270391106606,151.61273193359375," in$67$
$ know$ I"
