target_pos,target_token,norm_suff,random_suff,norm_comp,random_comp
19, Edit,0.01882179081439972,0.029410921037197113,0.1578848510980606,0.02095421403646469
21, I,0.0,0.0,0.028374362736940384,0.022425856441259384
23, wrong,0.0,0.0,0.015008623711764812,0.012640472501516342
25, it,0.0,0.005562778562307358,0.02462179958820343,0.02034529112279415
27, 28,0.0,0.0,0.02855515480041504,0.02380002848803997
