norm_suff_mean,random_suff_mean,norm_comp_mean,random_comp_mean,final suff,final comp,target_tokens
0.003764358116313815,0.006994740106165409,0.05088895559310913,0.02003317140042782,0.5381698608398438,5.321802616119385, Edit$ I$ wrong$ it$ 28
