target_pos,target_token,norm_suff,random_suff,norm_comp,random_comp
16, and,0.005393890663981438,0.0,0.03232383355498314,0.0373111218214035
18, a,0.0,0.0,0.03202524781227112,0.04306422173976898
20, of,0.0,0.0,0.002572028199210763,0.001775958575308323
22, family,0.0,0.0,0.02339342050254345,0.024410756304860115
24,mill,0.01728142984211445,0.00397260207682848,0.05862177535891533,0.06398805975914001
