norm_suff_mean,random_suff_mean,norm_comp_mean,random_comp_mean,final suff,final comp,target_tokens
0.004535064101219177,0.0007945204270072281,0.02978726103901863,0.03411002457141876,5.707926273345947,7.521398544311523, and$ a$ of$ family$mill
