target_pos,target_token,norm_suff,random_suff,norm_comp,random_comp
25, ,0.013261782936751842,0.0,0.04237090423703194,0.037274669855833054
27, tumor,0.004648774862289429,0.001929761259816587,0.02158627100288868,0.027897905558347702
29, a,0.0,0.0,0.016610125079751015,0.018465474247932434
31, of,0.027364229783415794,0.0,0.014493674971163273,0.013378758914768696
33, within,0.0,0.008951048366725445,0.010999767109751701,0.03213176131248474
