norm_suff_mean,random_suff_mean,norm_comp_mean,random_comp_mean,final suff,final comp,target_tokens
0.009054957889020443,0.0021761618554592133,0.021212149411439896,0.02582971565425396,4.160976409912109,2.8525495529174805, $ tumor$ a$ of$ within
