target_pos,target_token,norm_suff,random_suff,norm_comp,random_comp
21, ,0.03295140340924263,0.03551448509097099,0.03487114608287811,0.01594502665102482
23, Archbishop,0.0,0.002919074846431613,0.04665210843086243,0.02808218076825142
25, Washington,0.0,0.0,0.030446235090494156,0.02399609237909317
27, the,0.023646332323551178,0.0,0.006564714014530182,0.004416726063936949
29, of,0.0,0.0290973000228405,0.0010348210344091058,0.0023235748521983624
