norm_suff_mean,random_suff_mean,norm_comp_mean,random_comp_mean,final suff,final comp,target_tokens
0.011319546960294247,0.01350617315620184,0.023913806304335594,0.014952721074223518,0.8381017446517944,1.3209645748138428, $ Archbishop$ Washington$ the$ of
