target_pos,target_token,norm_suff,random_suff,norm_comp,random_comp
22, (,0.0,0.004632479511201382,0.009287312626838684,0.007874988950788975
24,",",0.0,0.0,0.0016545888502150774,0.0009473011596128345
26, km,0.0,0.005224643275141716,0.009238995611667633,0.004684976767748594
28, from,0.0,0.0,0.007774814963340759,0.010408183559775352
30, equ,0.0025134533643722534,0.002851069439202547,0.04243837669491768,0.013645117171108723
