norm_suff_mean,random_suff_mean,norm_comp_mean,random_comp_mean,final suff,final comp,target_tokens
0.0005026906728744507,0.0025416386779397726,0.014078817330300808,0.00751211354508996,0.19778211414813995,14.943809509277344," ($,$ km$ from$ equ"
