target_pos,target_token,norm_suff,random_suff,norm_comp,random_comp
26, by,0.0047120037488639355,0.00034538673935458064,0.011506089940667152,0.01300271600484848
28, Weiner,0.0014212949899956584,0.0012926775962114334,0.05924706533551216,0.05253041908144951
30, David,0.0,0.0,0.10067197680473328,0.046817846596241
32,.,0.0,0.0,0.006372446659952402,0.0027574864216148853
34,.,0.0,0.0,0.009356170892715454,0.010302255861461163
