norm_suff_mean,random_suff_mean,norm_comp_mean,random_comp_mean,final suff,final comp,target_tokens
0.0012266597477719188,0.0003276128845755011,0.03743075206875801,0.025082144886255264,3.7442352771759033,20.4475154876709, by$ Weiner$ David$.$.
