target_pos,target_token,norm_suff,random_suff,norm_comp,random_comp
22, to,0.0,0.0,0.014575088396668434,0.02803954854607582
24, actor,0.00034160749055445194,0.0004908570554107428,0.017733296379446983,0.009733466431498528
26, has,0.0,0.009946558624505997,0.008421067148447037,0.010045899078249931
28, a,0.0,0.0,0.014402910135686398,0.00801320280879736
30, role,0.0,0.0,0.0071129389107227325,0.004177545662969351
