norm_suff_mean,random_suff_mean,norm_comp_mean,random_comp_mean,final suff,final comp,target_tokens
6.832149665569887e-05,0.0020874831825494766,0.012449060566723347,0.012001932598650455,0.032729122787714005,175.66847229003906, to$ actor$ has$ a$ role
