target_pos,target_token,norm_suff,random_suff,norm_comp,random_comp
28, The,0.1189909502863884,0.07150924950838089,0.012487886473536491,0.0138710243627429
30, were,0.0,0.0,0.014747961424291134,0.023901045322418213
32, war,0.0,0.0,0.003926845733076334,0.0042147100903093815
34, the,0.0,0.04145610332489014,0.026583904400467873,0.02025369182229042
36,",",0.0,0.11792038381099701,0.02370327338576317,0.02056334912776947
