norm_suff_mean,random_suff_mean,norm_comp_mean,random_comp_mean,final suff,final comp,target_tokens
0.02379819005727768,0.04617714881896973,0.016289973631501198,0.016560764983296394,0.5153672695159912,0.6958833932876587," The$ were$ war$ the$,"
