target_pos,target_token,norm_suff,random_suff,norm_comp,random_comp
18, in,0.0,0.0,0.026162073016166687,0.03800938278436661
20, middle,0.0,0.0,0.021397560834884644,0.022181587293744087
22, the,0.004480530042201281,0.0,0.03033870831131935,0.043679676949977875
24,th,0.005132951773703098,0.0010483994847163558,0.002604647073894739,0.0007436072919517756
26,.,0.0,0.04526250436902046,0.010310914367437363,0.02470187470316887
