norm_suff_mean,random_suff_mean,norm_comp_mean,random_comp_mean,final suff,final comp,target_tokens
0.0019226964795961976,0.009262180887162685,0.01816278137266636,0.025863224640488625,0.20758572220802307,13.4515380859375, in$ middle$ the$th$.
