target_pos,target_token,norm_suff,random_suff,norm_comp,random_comp
17, ,0.010174769908189774,0.0,0.03002909943461418,0.029843412339687347
19, ,0.05556502193212509,0.015245944261550903,0.03028414025902748,0.04228285700082779
21, ,0.0,0.02269328385591507,0.0291537307202816,0.0164161566644907
23, ,0.00019494541629683226,0.0,0.015412402339279652,0.01775556243956089
25, ,0.0,0.0,0.040249455720186234,0.014088963158428669
