norm_suff_mean,random_suff_mean,norm_comp_mean,random_comp_mean,final suff,final comp,target_tokens
0.013186948373913765,0.007587845902889967,0.029025763273239136,0.024077389389276505,1.7379040718078613,1.825850009918213, $ $ $ $ 
