target_pos,target_token,norm_suff,random_suff,norm_comp,random_comp
13, They,0.006138777360320091,0.0018411064520478249,0.08364123851060867,0.11843930929899216
15, not,0.0,0.0,0.054155636578798294,0.026425430551171303
17,.,0.0,0.0,0.029282638803124428,0.03577226772904396
19,I,0.0,0.037640657275915146,0.021167483180761337,0.020882217213511467
21,",",0.0,0.0,0.005938677582889795,0.0096658393740654
