norm_suff_mean,random_suff_mean,norm_comp_mean,random_comp_mean,final suff,final comp,target_tokens
0.0012277554487809539,0.00789635255932808,0.03883713483810425,0.04223701357841492,0.15548387169837952,34.40181350708008," They$ not$.$I$,"
