target_pos,target_token,norm_suff,random_suff,norm_comp,random_comp
21, until,0.007518226280808449,0.04106718674302101,0.02146420255303383,0.016942644491791725
23, French,0.0,0.005242614075541496,0.019726932048797607,0.019658755511045456
25, in,0.0,0.0,0.05696234852075577,0.021084534004330635
27,89,1.595620960870292e-05,0.0,0.011026328429579735,0.0015983505873009562
29, The,0.17741693556308746,0.18012911081314087,0.010188189335167408,0.0161606352776289
