norm_suff_mean,random_suff_mean,norm_comp_mean,random_comp_mean,final suff,final comp,target_tokens
0.036990225315093994,0.045287784188985825,0.023873601108789444,0.015088984742760658,0.8167815208435059,0.40791815519332886, until$ French$ in$89$ The
