target_pos,target_token,norm_suff,random_suff,norm_comp,random_comp
16, and,0.014780193567276001,0.05487281084060669,0.04217236489057541,0.03832845389842987
18,.,0.0,0.0,0.011784166097640991,0.018931502476334572
20, is,0.0,0.0,0.014164580963551998,0.019630488008260727
22, known,0.0009135904838331044,0.0,0.004828678909689188,0.0025654479395598173
24, his,0.0,0.0,0.007352378219366074,0.007053403649479151
