norm_suff_mean,random_suff_mean,norm_comp_mean,random_comp_mean,final suff,final comp,target_tokens
0.0031387568451464176,0.010974562726914883,0.01606043428182602,0.017301859334111214,0.28600290417671204,5.512328624725342, and$.$ is$ known$ his
