target_pos,target_token,norm_suff,random_suff,norm_comp,random_comp
16, ,0.03674466907978058,0.0030545066110789776,0.09217707067728043,0.04889918863773346
18, ,0.0027285825926810503,0.0,0.020911674946546555,0.0249013751745224
20, ,0.007920507341623306,0.06461265683174133,0.015794960781931877,0.02769765630364418
22, ,0.0,0.0,0.02588074468076229,0.013966299593448639
24, ,0.044401951134204865,0.001514602336101234,0.009219381026923656,0.014287597499787807
