norm_suff_mean,random_suff_mean,norm_comp_mean,random_comp_mean,final suff,final comp,target_tokens
0.018359143286943436,0.013836353085935116,0.032796766608953476,0.025950422510504723,1.3268773555755615,1.4134876728057861, $ $ $ $ 
