target_pos,target_token,norm_suff,random_suff,norm_comp,random_comp
25, of,0.0,0.0,0.05883742868900299,0.034816477447748184
27,ra,0.0,0.0,0.0037661881651729345,0.0032430989667773247
29, and,0.0,0.018104348331689835,0.02020297572016716,0.010636516846716404
31, from,0.0713902935385704,0.0,0.014484021812677383,0.011812751181423664
33,78,0.0010483084479346871,0.0009450019570067525,0.018723828718066216,0.01967773027718067
