norm_suff_mean,random_suff_mean,norm_comp_mean,random_comp_mean,final suff,final comp,target_tokens
0.014487721025943756,0.0038098699878901243,0.023202888667583466,0.016037315130233765,3.8026812076568604,1.1069591045379639, of$ra$ and$ from$78
