target_pos,target_token,norm_suff,random_suff,norm_comp,random_comp
12,"
",0.0,0.01916288025677204,0.03561427444219589,0.06232502683997154
14, was,0.0,0.0,0.011848160065710545,0.015891611576080322
16, Sinclair,0.002681070240214467,0.0,0.15942224860191345,0.06460393220186234
18, in,0.04878091812133789,0.0,0.0274466834962368,0.01726103574037552
20, early,0.0,0.0,0.013020826503634453,0.007416284177452326
