norm_suff_mean,random_suff_mean,norm_comp_mean,random_comp_mean,final suff,final comp,target_tokens
0.010292397812008858,0.003832576097920537,0.0494704395532608,0.0334995798766613,2.6855037212371826,3.254788637161255,"
$ was$ Sinclair$ in$ early"
