target_pos,target_token,norm_suff,random_suff,norm_comp,random_comp
21, ,0.0,0.0,0.03231805935502052,0.03243446350097656
23, ,0.0018613721476867795,0.0,0.026650507003068924,0.02109704352915287
25, ,0.013628052547574043,0.08487634360790253,0.022498924285173416,0.021838629618287086
27, ,0.0,0.0,0.01596854068338871,0.008637852035462856
29, ,0.00191785569768399,0.0656738355755806,0.008596161380410194,0.014708518981933594
