norm_suff_mean,random_suff_mean,norm_comp_mean,random_comp_mean,final suff,final comp,target_tokens
0.003481455845758319,0.030110036954283714,0.021206438541412354,0.01974330097436905,0.11562442779541016,5.670989990234375, $ $ $ $ 
