target_pos,target_token,norm_suff,random_suff,norm_comp,random_comp
22, who,0.0,0.0029038183856755495,0.03563762456178665,0.03966914862394333
24, a,0.0,0.0,0.022900093346834183,0.026906564831733704
26, agent,0.0,0.0,0.0013261958956718445,0.0020850682631134987
28, He,0.0030467635951936245,0.0,0.030756765976548195,0.008564688265323639
30, played,0.00041458438499830663,0.0002771486761048436,0.009530470706522465,0.012309443205595016
