norm_suff_mean,random_suff_mean,norm_comp_mean,random_comp_mean,final suff,final comp,target_tokens
0.0006922695902176201,0.000636193435639143,0.020030230283737183,0.017906982451677322,1.088143229484558,25.8670654296875, who$ a$ agent$ He$ played
