target_pos,target_token,norm_suff,random_suff,norm_comp,random_comp
26, ,0.0,0.0,0.031921930611133575,0.01751026138663292
28, ,0.008296997286379337,0.005522198509424925,0.014782757498323917,0.020144466310739517
30, ,0.0,0.013274077326059341,0.030226966366171837,0.018442196771502495
32, ,0.0,0.0021314043551683426,0.01314630452543497,0.01088032592087984
34, ,0.017829902470111847,0.05003959313035011,0.013715050183236599,0.010152528062462807
