norm_suff_mean,random_suff_mean,norm_comp_mean,random_comp_mean,final suff,final comp,target_tokens
0.005225379951298237,0.014193454757332802,0.020758602768182755,0.015425956808030605,0.3681541979312897,2.9521214962005615, $ $ $ $ 
