target_pos,target_token,norm_suff,random_suff,norm_comp,random_comp
45, Because,0.0,0.0,0.5355671644210815,0.009743882343173027
47, was,0.02811170555651188,0.0017125727608799934,0.16024598479270935,0.003537870245054364
49, out,0.015001630410552025,0.0,0.045134201645851135,0.002757214242592454
51,"
",0.016440071165561676,0.0,0.4645139276981354,0.0031805250328034163
53,'m,0.028394969180226326,0.0007696073153056204,0.17384952306747437,0.0022755444515496492
