norm_suff_mean,random_suff_mean,norm_comp_mean,random_comp_mean,final suff,final comp,target_tokens
0.01758967712521553,0.000496436026878655,0.2758621871471405,0.00429900735616684,35.43191146850586,0.244405135512352," Because$ was$ out$
$'m"
