target_pos,target_token,norm_suff,random_suff,norm_comp,random_comp
50,"
",0.0,0.023731635883450508,0.5954572558403015,0.002561628120020032
52, she,0.01718667335808277,0.0,0.1577279418706894,0.0014528168831020594
54, you,0.0,0.0,0.2922172546386719,0.0011201149318367243
56, present,0.0,0.0021011868957430124,0.05477829650044441,0.002134748501703143
58,"
",0.0,0.0,0.36137616634368896,0.002163485623896122
