target_pos,target_token,norm_suff,random_suff,norm_comp,random_comp
50, Because,0.026559578254818916,0.08216873556375504,0.1905495971441269,0.005583037156611681
52, was,0.0,0.0007813955307938159,0.09383560717105865,0.008402268402278423
54,.,0.04392849653959274,0.0,0.14408358931541443,0.011023257859051228
56,I,0.0,0.0,0.6859718561172485,0.008088044822216034
58, sorry,0.010696696117520332,0.048373300582170486,0.2245529443025589,0.008052529767155647
