norm_suff_mean,random_suff_mean,norm_comp_mean,random_comp_mean,final suff,final comp,target_tokens
0.016236955299973488,0.02626468800008297,0.2677987217903137,0.008229827508330345,0.6182047724723816,0.5068578124046326, Because$ was$.$I$ sorry
