norm_suff_mean,random_suff_mean,norm_comp_mean,random_comp_mean,final suff,final comp,target_tokens
0.0034373346716165543,0.005166564602404833,0.2923114001750946,0.0018865587189793587,0.6653037071228027,0.548843502998352,"
$ she$ you$ present$
"
