target_pos,target_token,norm_suff,random_suff,norm_comp,random_comp
47, Because,0.03452051058411598,0.08781137317419052,0.2037685066461563,0.0071350387297570705
49, was,0.008688956499099731,0.0,0.07872601598501205,0.007432137615978718
51, of,0.1170852929353714,0.2506723701953888,0.12480740994215012,0.012158854864537716
53, a,0.0,0.04098489135503769,0.12194979935884476,0.01787223480641842
55, bum,0.03570118546485901,0.0006516581634059548,0.12428410351276398,0.012680280953645706
