target_pos,target_token,norm_suff,random_suff,norm_comp,random_comp
69, She,0.0,0.0,0.057889409363269806,0.008531421422958374
71, hungry,0.0,0.0,0.055651746690273285,0.009700811468064785
73, She,0.03441892936825752,0.013336967676877975,0.06517324596643448,0.0058611659333109856
75, not,0.019812870770692825,0.08771944791078568,0.04730504751205444,0.004152728710323572
77, since,0.0,0.06247057765722275,0.034158460795879364,0.0073180594481527805
