target_pos,target_token,norm_suff,random_suff,norm_comp,random_comp
69, Because,0.0765182226896286,0.0,0.18464474380016327,0.005883808713406324
71, wanted,0.015811514109373093,0.0,0.061154402792453766,0.002288742223754525
73, make,0.03126421943306923,0.0,0.07161371409893036,0.006129759829491377
75, stir,0.004587426315993071,0.00031156244222074747,0.06753198802471161,0.0039873551577329636
77,f,0.03940892592072487,0.0,0.010567810386419296,0.0009860636200755835
