norm_suff_mean,random_suff_mean,norm_comp_mean,random_comp_mean,final suff,final comp,target_tokens
0.03351806104183197,6.231248698895797e-05,0.0791025385260582,0.0038551457691937685,537.9027709960938,0.11501696705818176, Because$ wanted$ make$ stir$f
