norm_suff_mean,random_suff_mean,norm_comp_mean,random_comp_mean,final suff,final comp,target_tokens
0.010846360586583614,0.0327053964138031,0.052035581320524216,0.007112836930900812,0.33163824677467346,0.6557809710502625, She$ hungry$ She$ not$ since
