target_pos,target_token,norm_suff,random_suff,norm_comp,random_comp
68, Mary,0.0,0.0,0.09299290180206299,0.012381047010421753
70, about,0.0,0.024939069524407387,0.0421784408390522,0.01009785383939743
72, for,0.011126934550702572,0.006097239907830954,0.031053075566887856,0.003146597184240818
74, long,0.0,0.003602162702009082,0.020503362640738487,0.006727270781993866
76,.,0.0,0.014099237509071827,0.03626151382923126,0.0024600194301456213
