norm_suff_mean,random_suff_mean,norm_comp_mean,random_comp_mean,final suff,final comp,target_tokens
0.0022253869101405144,0.009747542440891266,0.04459786042571068,0.006962557788938284,0.22830235958099365,3.128695487976074, Mary$ about$ for$ long$.
