target_pos,target_token,norm_suff,random_suff,norm_comp,random_comp
44, Because,0.0,0.0,0.1542634814977646,0.009650343097746372
46, was,0.0032670500222593546,0.0004568976873997599,0.039749279618263245,0.00494231516495347
48, to,0.039282992482185364,0.0,0.08463244140148163,0.005879705771803856
50, a,0.03923893719911575,0.0,0.03843821585178375,0.010692637413740158
52,.,0.09243889153003693,0.0,0.051465582102537155,0.0041076852940022945
