target_pos,target_token,norm_suff,random_suff,norm_comp,random_comp
44, She,0.011825894936919212,0.11677367985248566,0.10983117669820786,0.013776625506579876
46,'t,0.01311076432466507,0.0036044875159859657,0.06079341098666191,0.024774333462119102
48,.,0.0,0.2264760434627533,0.034870561212301254,0.011077940464019775
50, just,0.0,0.0038842163048684597,0.03554736077785492,0.00850578024983406
52,.,0.0650673359632492,0.12102819234132767,0.017413733527064323,0.006204982288181782
