norm_suff_mean,random_suff_mean,norm_comp_mean,random_comp_mean,final suff,final comp,target_tokens
0.03484557196497917,9.137953747995198e-05,0.07370980083942413,0.007054537534713745,381.32794189453125,0.20245148241519928, Because$ was$ to$ a$.
