target_pos,target_token,norm_suff,random_suff,norm_comp,random_comp
51, Because,0.0,0.0,0.0643649697303772,0.007574618794023991
53, wanted,0.0,0.0,0.04677574709057808,0.008370640687644482
55, paint,0.01460619829595089,0.004353123717010021,0.05781417340040207,0.013207003474235535
57, bedroom,0.0,0.0049587138928473,0.0560087151825428,0.01223365031182766
59,.,0.0,0.0,0.08285389095544815,0.02062707394361496
