target_pos,target_token,norm_suff,random_suff,norm_comp,random_comp
64, She,0.006867256481200457,0.0,0.1236497163772583,0.01970747299492359
66,'t,0.016030890867114067,0.0,0.09733879566192627,0.00540901767089963
68,.,0.06191632151603699,0.0808502808213234,0.05289804935455322,0.01701025664806366
70, just,0.0,0.016587844118475914,0.04597043618559837,0.007956446148455143
72,.,0.0,0.049994394183158875,0.028375132009387016,0.004220085684210062
