norm_suff_mean,random_suff_mean,norm_comp_mean,random_comp_mean,final suff,final comp,target_tokens
0.016962893307209015,0.029486505314707756,0.0696464329957962,0.010860655456781387,0.5752764940261841,0.6402596235275269, She$'t$.$ just$.
