target_pos,target_token,norm_suff,random_suff,norm_comp,random_comp
52, She,0.0,0.042533859610557556,0.07697980850934982,0.00526442052796483
54, going,0.0,0.028313541784882545,0.07348525524139404,0.005591042805463076
56, the,0.0,0.0,0.03648601844906807,0.007911442779004574
58, to,0.023992594331502914,0.07972156256437302,0.03856463357806206,0.005175214260816574
60, married,0.0,0.0,0.04732572287321091,0.00948663242161274
