norm_suff_mean,random_suff_mean,norm_comp_mean,random_comp_mean,final suff,final comp,target_tokens
0.00479851895943284,0.030113792046904564,0.05456829071044922,0.006685750093311071,0.15934622287750244,1.3932944536209106, She$ going$ the$ to$ married
