target_pos,target_token,norm_suff,random_suff,norm_comp,random_comp
57, I,0.0,0.09727083146572113,0.16817273199558258,0.009465544484555721
59,'t,0.01077155489474535,0.0,0.17445793747901917,0.012882299721240997
61,.,0.11633141338825226,0.36970824003219604,0.13913770020008087,0.002453708788380027
63, just,0.0,0.0008135451935231686,0.06924336403608322,0.006356166210025549
65, them,0.0,0.0,0.05538128688931465,0.005276267416775227
