target_pos,target_token,norm_suff,random_suff,norm_comp,random_comp
57, I,0.0,0.025800947099924088,0.23494429886341095,0.004067420493811369
59, a,0.024389540776610374,0.0,0.23776939511299133,0.009619953110814095
61,.,0.08065160363912582,0.0,0.14349934458732605,0.002458174480125308
63, didn,0.007017419207841158,0.0,0.2044164538383484,0.002667674794793129
65, know,0.005641106050461531,0.0,0.1080544963479042,0.001758788712322712
