norm_suff_mean,random_suff_mean,norm_comp_mean,random_comp_mean,final suff,final comp,target_tokens
0.023539934307336807,0.00516018969938159,0.18573680520057678,0.004114401992410421,4.561835289001465,0.17478391528129578, I$ a$.$ didn$ know
