target_pos,target_token,norm_suff,random_suff,norm_comp,random_comp
45,"
",0.08844650536775589,0.0,0.12303689122200012,0.03694072738289833
47, think,0.0,0.006784547120332718,0.06913603097200394,0.03508032113313675
49, was,0.0,0.0,0.05497479438781738,0.030582284554839134
51, a,0.0,0.0,0.060869358479976654,0.04074108600616455
53, bit,0.0004076333425473422,0.0,0.145604208111763,0.05370854586362839
