norm_suff_mean,random_suff_mean,norm_comp_mean,random_comp_mean,final suff,final comp,target_tokens
0.017770828679203987,0.0013569094007834792,0.09072425961494446,0.03941059112548828,13.096548080444336,2.217712640762329,"
$ think$ was$ a$ bit"
