target_pos,target_token,norm_suff,random_suff,norm_comp,random_comp
50, Because,0.05358802527189255,0.0,0.19287613034248352,0.024243367835879326
52, was,0.014303079806268215,0.0,0.11376781016588211,0.06170877814292908
54,.,0.0,0.05018299072980881,0.07578356564044952,0.0439220555126667
56,I,0.07925251871347427,0.0,0.5949532985687256,0.07105285674333572
58, sorry,0.00020157455583103,0.0100259343162179,0.2017630785703659,0.018317563459277153
