norm_suff_mean,random_suff_mean,norm_comp_mean,random_comp_mean,final suff,final comp,target_tokens
0.029469041153788567,0.012041784822940826,0.23582878708839417,0.043848928064107895,2.4472320079803467,1.4879659414291382, Because$ was$.$I$ sorry
