target_pos,target_token,norm_suff,random_suff,norm_comp,random_comp
52, She,0.0251663438975811,0.0,0.1839742809534073,0.07118486613035202
54,'t,0.00153408816549927,0.0,0.06468751281499863,0.02189841866493225
56, to,0.009339476935565472,0.013490739278495312,0.07618462294340134,0.04146234318614006
58, it,0.008110257796943188,0.01801854558289051,0.05546897277235985,0.029916932806372643
60, She,0.030196741223335266,0.009695269167423248,0.11345938593149185,0.06741838157176971
