norm_suff_mean,random_suff_mean,norm_comp_mean,random_comp_mean,final suff,final comp,target_tokens
0.014869381673634052,0.008240911178290844,0.09875495731830597,0.04637618735432625,1.8043371438980103,3.1189048290252686, She$'t$ to$ it$ She
