target_pos,target_token,norm_suff,random_suff,norm_comp,random_comp
48, Because,0.007960931397974491,0.0,0.12869082391262054,0.10096355527639389
50, was,0.0,0.0,0.042182695120573044,0.04224551469087601
52,.,0.03626186400651932,0.0475517176091671,0.0651741772890091,0.03870413824915886
54, was,0.0019454869907349348,0.0,0.04934444651007652,0.038947127759456635
56, of,0.015689685940742493,0.027365637943148613,0.05716227367520332,0.06030753254890442
