norm_suff_mean,random_suff_mean,norm_comp_mean,random_comp_mean,final suff,final comp,target_tokens
0.012371594086289406,0.014983470551669598,0.06851088255643845,0.05623357370495796,0.8256828188896179,4.5453782081604, Because$ was$.$ was$ of
