target_pos,target_token,norm_suff,random_suff,norm_comp,random_comp
47, He,0.0,0.008977821096777916,0.1315293163061142,0.04811258614063263
49, playing,0.013258352875709534,0.0,0.13325704634189606,0.05918674170970917
51,.,0.029209058731794357,0.0448884479701519,0.065890371799469,0.06391540914773941
53, got,0.007459408137947321,0.0006612089346162975,0.07941010594367981,0.062378138303756714
55, spr,0.0,0.0,0.016981426626443863,0.05361393466591835
