norm_suff_mean,random_suff_mean,norm_comp_mean,random_comp_mean,final suff,final comp,target_tokens
0.0099853640422225,0.010905495844781399,0.08541365712881088,0.057441361248493195,0.9156267642974854,5.7525553703308105, He$ playing$.$ got$ spr
