target_pos,target_token,norm_suff,random_suff,norm_comp,random_comp
58, I,0.042216140776872635,0.0164707750082016,0.06835439801216125,0.04403848201036453
60, to,0.03224552422761917,0.0004672853392548859,0.04020312428474426,0.053098712116479874
62, it,0.0,0.0,0.047635022550821304,0.04125020280480385
64,.,0.028623951599001884,0.018956705927848816,0.034508347511291504,0.0476655587553978
66, was,0.0,0.0,0.07351236045360565,0.030076881870627403
