norm_suff_mean,random_suff_mean,norm_comp_mean,random_comp_mean,final suff,final comp,target_tokens
0.020617125555872917,0.007178953383117914,0.052842654287815094,0.0432259701192379,2.87188458442688,2.096605062484741, I$ to$ it$.$ was
