target_pos,target_token,norm_suff,random_suff,norm_comp,random_comp
52, Because,0.011061221361160278,0.0,0.08091746270656586,0.032954830676317215
54, loved,0.0024267625994980335,0.0,0.1274624615907669,0.055223219096660614
56, play,0.00437140604481101,0.0004232368082739413,0.08806812763214111,0.027507666498422623
58, his,0.00012211342982482165,0.0127040334045887,0.11177337914705276,0.05742475017905235
60,.,0.0033209624234586954,0.06831888854503632,0.0744297131896019,0.017224561423063278
