target_pos,target_token,norm_suff,random_suff,norm_comp,random_comp
69, She,0.0420144759118557,0.0,0.25353914499282837,0.028908245265483856
71, to,0.013357606716454029,0.01456971000880003,0.04882165044546127,0.02202807553112507
73, a,0.0,0.0,0.09999340772628784,0.048851195722818375
75,-,0.0,0.0,0.045842040330171585,0.03770780563354492
77,ry,0.0009689886355772614,0.0010897465981543064,0.003389087039977312,0.0036715720780193806
