norm_suff_mean,random_suff_mean,norm_comp_mean,random_comp_mean,final suff,final comp,target_tokens
0.01126821432262659,0.003131891367956996,0.09031707048416138,0.028233379125595093,3.5978944301605225,2.5055770874023438, She$ to$ a$-$ry
