target_pos,target_token,norm_suff,random_suff,norm_comp,random_comp
54, Because,0.007522018160670996,0.0,0.10432950407266617,0.03898729756474495
56, was,0.005095623899251223,0.0,0.1052539274096489,0.03720145672559738
58, good,0.0,0.0,0.2156086266040802,0.061607059091329575
60,.,0.04025587812066078,0.04719531908631325,0.04824013635516167,0.016883188858628273
62, was,0.0,0.0,0.08933885395526886,0.047264281660318375
