norm_suff_mean,random_suff_mean,norm_comp_mean,random_comp_mean,final suff,final comp,target_tokens
0.010574704967439175,0.00943906418979168,0.11255421489477158,0.04038865491747856,1.1203128099441528,3.8193647861480713, Because$ was$ good$.$ was
