target_pos,target_token,norm_suff,random_suff,norm_comp,random_comp
55,	,0.0057606687769293785,0.0,0.10249385237693787,0.11088838428258896
57, she,0.0,0.0032957270741462708,0.09041395783424377,0.04284121096134186
59, a,0.0,0.021799586713314056,0.08860459923744202,0.05974138155579567
61,.,0.07578170299530029,0.0,0.08047723770141602,0.06320776790380478
63,Why,0.0,0.0,0.11132963001728058,0.054254401475191116
