norm_suff_mean,random_suff_mean,norm_comp_mean,random_comp_mean,final suff,final comp,target_tokens
0.01630847528576851,0.005019062664359808,0.09466385096311569,0.06618662923574448,3.2493069171905518,4.058419227600098,	$ she$ a$.$Why
