target_pos,target_token,norm_suff,random_suff,norm_comp,random_comp
44,	,0.02280646562576294,0.0,0.20355184376239777,0.33401378989219666
46, she,0.0152981486171484,0.0,0.08482968807220459,0.052985791116952896
48, a,0.0,0.0,0.12989376485347748,0.06771747022867203
50,.,0.046069007366895676,0.028928494080901146,0.06517361104488373,0.042850933969020844
52,She,0.0,0.0,0.1473652422428131,0.07236677408218384
