norm_suff_mean,random_suff_mean,norm_comp_mean,random_comp_mean,final suff,final comp,target_tokens
0.016834724694490433,0.005785699002444744,0.1261628419160843,0.11398694664239883,2.9097132682800293,6.770942211151123,	$ she$ a$.$She
