target_pos,target_token,norm_suff,random_suff,norm_comp,random_comp
57,	,0.013864703476428986,0.02855185978114605,0.16578511893749237,0.2583688795566559
59, was,0.030555160716176033,0.0,0.09805474430322647,0.05989788845181465
61, ball,0.0,0.0,0.3637949526309967,0.039149653166532516
63, his,0.0,0.004511318169534206,0.1774642914533615,0.022130025550723076
65,.,0.034703414887189865,0.03460787236690521,0.09848970919847488,0.019093947485089302
