norm_suff_mean,random_suff_mean,norm_comp_mean,random_comp_mean,final suff,final comp,target_tokens
0.015824656933546066,0.013534210622310638,0.18071775138378143,0.07972808927297592,1.169233798980713,5.038218975067139,	$ was$ ball$ his$.
