target_pos,target_token,norm_suff,random_suff,norm_comp,random_comp
51, Because,0.04015740007162094,0.0,0.1076713353395462,0.049830541014671326
53, wanted,0.0,0.0,0.0744524821639061,0.05514901131391525
55, paint,0.002819992369040847,0.000948627304751426,0.04662530496716499,0.035206858068704605
57, bedroom,0.005471404176205397,0.00033062873990274966,0.14332282543182373,0.03525272011756897
59,.,0.0,0.0639825090765953,0.04303334280848503,0.04084392264485359
