norm_suff_mean,random_suff_mean,norm_comp_mean,random_comp_mean,final suff,final comp,target_tokens
0.009689759463071823,0.013052353635430336,0.08302105963230133,0.04325661063194275,0.7423763871192932,4.4641571044921875, Because$ wanted$ paint$ bedroom$.
