target_pos,target_token,norm_suff,random_suff,norm_comp,random_comp
52, She,0.006909290794283152,0.038059864193201065,0.09800024330615997,0.11759459227323532
54, at,0.009971183724701405,0.0,0.07269585877656937,0.056249022483825684
56, beach,0.0,0.0,0.13026773929595947,0.07009664177894592
58, her,0.00029787796665914357,0.0,0.14085376262664795,0.03431425988674164
60,.,0.0,0.046507012099027634,0.1488366574048996,0.15366382896900177
