norm_suff_mean,random_suff_mean,norm_comp_mean,random_comp_mean,final suff,final comp,target_tokens
0.00343567063100636,0.01691337488591671,0.11813085526227951,0.08638366311788559,0.20313335955142975,25.143173217773438, She$ at$ beach$ her$.
