target_pos,target_token,norm_suff,random_suff,norm_comp,random_comp
57, Because,0.011147101409733295,0.03185955435037613,0.10307115316390991,0.0521538220345974
59, was,0.0005353855667635798,0.0016897257883101702,0.05726124346256256,0.019460955634713173
61, kid,0.004112304653972387,0.0,0.130223348736763,0.04090571403503418
63,"
",0.176045760512352,0.0,0.3192090094089508,0.024338996037840843
65,'m,0.033092379570007324,0.0,0.2693241238594055,0.021039796993136406
