norm_suff_mean,random_suff_mean,norm_comp_mean,random_comp_mean,final suff,final comp,target_tokens
0.04498658701777458,0.006709855981171131,0.17581777274608612,0.03157985955476761,6.704553127288818,0.7019838690757751," Because$ was$ kid$
$'m"
