norm_suff_mean,random_suff_mean,norm_comp_mean,random_comp_mean,final suff,final comp,target_tokens
0.003805330488830805,0.006365593057125807,0.14388255774974823,0.028112513944506645,0.5977966785430908,7.387666702270508, Chris$ struggling$ English$.$ decided
