{
    "$schema": "../docs/rationalization.schema.json",
    "id": 19,
    "input-text": [
        "When",
        " my",
        " flight",
        " landed",
        " in",
        " Japan",
        ",",
        " I",
        " converted",
        " my",
        " currency",
        " and",
        " slowly",
        " fell",
        " asleep",
        ".",
        " (",
        "I",
        " had",
        " a",
        " terrifying",
        " dream",
        " about",
        " my",
        " grandmother",
        ",",
        " but",
        " that",
        "'s",
        " a",
        " story",
        " for",
        " another",
        " time",
        ").",
        " I",
        " was",
        " staying",
        " in",
        " the",
        " capital",
        ","
    ],
    "input-tokens": [
        2215,
        616,
        5474,
        11406,
        287,
        2869,
        11,
        314,
        11513,
        616,
        7395,
        290,
        6364,
        3214,
        16039,
        13,
        357,
        40,
        550,
        257,
        17623,
        4320,
        546,
        616,
        18410,
        11,
        475,
        326,
        338,
        257,
        1621,
        329,
        1194,
        640,
        737,
        314,
        373,
        10589,
        287,
        262,
        3139,
        11
    ],
    "target-text": " Tokyo",
    "target-token": 11790,
    "rational-size": 7,
    "rational-positions": [
        5,
        14,
        34,
        35,
        37,
        39,
        40
    ],
    "rational-text": [
        " Japan",
        " asleep",
        ").",
        " I",
        " staying",
        " the",
        " capital"
    ],
    "rational-tokens": [
        2869,
        16039,
        737,
        314,
        10589,
        262,
        3139
    ],
    "importance-scores": [
        0.001297501614317298,
        0.01112277153879404,
        0.000384627579478547,
        9.171645797323436e-05,
        0.03362826257944107,
        0.28592562675476074,
        0.011710100807249546,
        0.014739565551280975,
        0.0006388960173353553,
        0.0010027524549514055,
        0.007526617497205734,
        0.0009757138905115426,
        0.0006046820199117064,
        0.002854416612535715,
        0.01720190793275833,
        0.0010549577418714762,
        0.0036580681335181,
        0.0003350634651724249,
        0.0018974309787154198,
        0.005540275480598211,
        0.00020514379139058292,
        0.0093107083812356,
        0.00018184578220825642,
        0.0022185107227414846,
        0.0031047766096889973,
        0.0008142132428474724,
        0.002149899024516344,
        0.007918739691376686,
        0.05385848134756088,
        0.00021255968022160232,
        0.0006526836659759283,
        0.0013293621595948935,
        0.00035237110569141805,
        0.0034344953019171953,
        0.04116964712738991,
        0.02327911928296089,
        0.0007772503886371851,
        0.011164018884301186,
        0.014093620702624321,
        0.014583197422325611,
        0.4032050669193268,
        0.003793340176343918
    ],
    "comments": {
        "created-by": "run_analogies.py",
        "args": {
            "model": "gpt2-medium",
            "cache_dir": "cache/",
            "tokenizer": "gpt2-medium",
            "data_dir": "data/analogies/gpt2/",
            "importance_results_dir": "rationalization_results/analogies/gpt2_ours/top3_replace0.1_max5000_batch5",
            "device": "cuda",
            "rationalization_config": "config//top3_replace0.1_max5000_batch5.json",
            "input_num_ratio": 1.0,
            "logfolder": "logs/analogies/gpt2_ours/top3_replace0.1_max5000_batch5",
            "loglevel": 20
        },
        "time_elapsed": 13.183618545532227,
        "separate_rational": [
            [
                " capital",
                " in",
                " Japan",
                " I",
                " my",
                " but",
                ".",
                " and"
            ],
            [
                " Japan",
                ").",
                " capital",
                " in",
                " I",
                ",",
                " dream",
                " that"
            ],
            [
                " capital",
                " Japan",
                ").",
                " asleep",
                " the",
                " staying",
                " a",
                " for"
            ],
            [
                " capital",
                " Japan",
                " the",
                " my",
                " staying",
                " flight",
                ").",
                " slowly"
            ],
            [
                "'s",
                " Japan",
                " capital",
                " asleep",
                " I",
                " the",
                " staying",
                ")."
            ]
        ]
    }
}