{
    "$schema": "../docs/rationalization.schema.json",
    "id": 23,
    "input-text": [
        "When",
        " my",
        " flight",
        " landed",
        " in",
        " Thailand",
        ",",
        " I",
        " converted",
        " my",
        " currency",
        " and",
        " slowly",
        " fell",
        " asleep",
        ".",
        " (",
        "I",
        " was",
        " behind",
        " on",
        " a",
        " couple",
        " of",
        " assignments",
        ",",
        " but",
        " I",
        " tried",
        " not",
        " to",
        " think",
        " about",
        " them",
        ").",
        " I",
        " was",
        " staying",
        " in",
        " the",
        " capital",
        ","
    ],
    "input-tokens": [
        2215,
        616,
        5474,
        11406,
        287,
        16952,
        11,
        314,
        11513,
        616,
        7395,
        290,
        6364,
        3214,
        16039,
        13,
        357,
        40,
        373,
        2157,
        319,
        257,
        3155,
        286,
        25815,
        11,
        475,
        314,
        3088,
        407,
        284,
        892,
        546,
        606,
        737,
        314,
        373,
        10589,
        287,
        262,
        3139,
        11
    ],
    "target-text": " Bangkok",
    "target-token": 35007,
    "rational-size": 8,
    "rational-positions": [
        5,
        8,
        10,
        34,
        36,
        37,
        39,
        40
    ],
    "rational-text": [
        " Thailand",
        " converted",
        " currency",
        ").",
        " was",
        " staying",
        " the",
        " capital"
    ],
    "rational-tokens": [
        16952,
        11513,
        7395,
        737,
        373,
        10589,
        262,
        3139
    ],
    "importance-scores": [
        6.510614269927828e-09,
        2.4804494014318834e-09,
        0.0001861735072452575,
        3.5954947352756506e-11,
        1.2967737106350796e-08,
        0.11128237098455429,
        1.2006346878479235e-05,
        8.140078611162949e-10,
        3.8241567381192e-05,
        3.125461716990685e-06,
        5.545814201468602e-05,
        9.329673034130792e-09,
        2.983211015816778e-05,
        3.5562530683819205e-05,
        2.0770835362782236e-07,
        1.039561547955259e-09,
        2.0241043330315733e-07,
        3.8421615888850624e-10,
        2.2450019621089723e-10,
        8.583824637753423e-07,
        3.0334140888044203e-07,
        1.770736446360388e-09,
        2.4794624131629917e-09,
        2.2938799304483837e-08,
        3.2634137059339707e-10,
        1.0984060594410039e-07,
        5.335479169588098e-09,
        6.847247768781983e-10,
        8.550117058803153e-09,
        1.6857589457686117e-07,
        1.3732716297454317e-07,
        1.0296465902115415e-08,
        3.004524558036792e-07,
        1.202863302296464e-07,
        0.00022044470824766904,
        6.084635018055451e-10,
        6.980109901633114e-06,
        0.1589333415031433,
        1.8803954162649461e-06,
        0.2360486090183258,
        0.49314188957214355,
        1.5848439716137364e-06
    ],
    "comments": {
        "created-by": "run_analogies.py",
        "args": {
            "model": "gpt2-medium",
            "cache_dir": "cache/",
            "tokenizer": "gpt2-medium",
            "data_dir": "data/analogies/gpt2/",
            "importance_results_dir": "rationalization_results/analogies/gpt2_ours/top3_replace0.1_max5000_batch5",
            "device": "cuda",
            "rationalization_config": "config//top3_replace0.1_max5000_batch5.json",
            "input_num_ratio": 1.0,
            "logfolder": "logs/analogies/gpt2_ours/top3_replace0.1_max5000_batch5",
            "loglevel": 20
        },
        "time_elapsed": 5.677663803100586,
        "separate_rational": [
            [
                " staying",
                " Thailand",
                " the",
                ").",
                " slowly",
                ",",
                " capital",
                " was"
            ],
            [
                " the",
                " capital",
                " currency",
                " behind",
                " Thailand",
                " on",
                " converted",
                " ("
            ],
            [
                " capital",
                " Thailand",
                ",",
                " staying",
                " to",
                " the",
                " but",
                " of"
            ],
            [
                " capital",
                " the",
                " converted",
                " Thailand",
                " in",
                " about",
                ").",
                " them"
            ],
            [
                " Thailand",
                " capital",
                " the",
                " flight",
                ").",
                " fell",
                " was",
                " currency"
            ]
        ]
    }
}