{
    "$schema": "../docs/rationalization.schema.json",
    "id": 32,
    "input-text": [
        "When",
        " my",
        " flight",
        " landed",
        " in",
        " Syria",
        ",",
        " I",
        " converted",
        " my",
        " currency",
        " and",
        " slowly",
        " fell",
        " asleep",
        ".",
        " (",
        "I",
        " was",
        " behind",
        " on",
        " a",
        " couple",
        " of",
        " assignments",
        ",",
        " but",
        " I",
        " tried",
        " not",
        " to",
        " think",
        " about",
        " them",
        ").",
        " I",
        " was",
        " staying",
        " in",
        " the",
        " capital",
        ","
    ],
    "input-tokens": [
        2215,
        616,
        5474,
        11406,
        287,
        4392,
        11,
        314,
        11513,
        616,
        7395,
        290,
        6364,
        3214,
        16039,
        13,
        357,
        40,
        373,
        2157,
        319,
        257,
        3155,
        286,
        25815,
        11,
        475,
        314,
        3088,
        407,
        284,
        892,
        546,
        606,
        737,
        314,
        373,
        10589,
        287,
        262,
        3139,
        11
    ],
    "target-text": " Damascus",
    "target-token": 21028,
    "rational-size": 8,
    "rational-positions": [
        4,
        5,
        10,
        19,
        34,
        37,
        39,
        40
    ],
    "rational-text": [
        " in",
        " Syria",
        " currency",
        " behind",
        ").",
        " staying",
        " the",
        " capital"
    ],
    "rational-tokens": [
        287,
        4392,
        7395,
        2157,
        737,
        10589,
        262,
        3139
    ],
    "importance-scores": [
        4.94802989692289e-08,
        3.91606691518831e-10,
        3.2909432123862103e-11,
        1.2953973893559123e-08,
        1.0957181075355038e-05,
        6.827201559644891e-07,
        4.659321106714742e-08,
        2.696249623568292e-08,
        2.9905869447510725e-12,
        6.789094460224465e-12,
        6.7007328574675284e-09,
        1.2728833542752227e-09,
        8.421049274565107e-11,
        4.951185701429495e-07,
        1.2456244369296599e-11,
        5.145212256252307e-09,
        9.186723604059921e-10,
        1.1105684514373104e-12,
        1.8590403522145138e-11,
        3.390908887013211e-09,
        5.986168592070351e-12,
        6.231483951069094e-08,
        5.795859081558774e-08,
        1.0470330115072701e-14,
        0.033953260630369186,
        4.048704947690052e-12,
        8.764381220771611e-08,
        1.3791241759708583e-10,
        4.986946966489825e-10,
        3.982513104017205e-12,
        4.84165980196849e-07,
        5.088412802223274e-09,
        3.852508156237944e-12,
        1.1711860647967143e-10,
        0.00031456485157832503,
        3.9300945831044487e-10,
        8.208461110825738e-08,
        1.12914243288742e-07,
        2.5481028745333312e-11,
        0.16635563969612122,
        0.7993633151054382,
        3.802575615496906e-11
    ],
    "comments": {
        "created-by": "run_analogies.py",
        "args": {
            "model": "gpt2-medium",
            "cache_dir": "cache/",
            "tokenizer": "gpt2-medium",
            "data_dir": "data/analogies/gpt2/",
            "importance_results_dir": "rationalization_results/analogies/gpt2_ours/top3_replace0.1_max5000_batch5",
            "device": "cuda",
            "rationalization_config": "config//top3_replace0.1_max5000_batch5.json",
            "input_num_ratio": 1.0,
            "logfolder": "logs/analogies/gpt2_ours/top3_replace0.1_max5000_batch5",
            "loglevel": 20
        },
        "time_elapsed": 42.228041887283325,
        "separate_rational": [
            [
                " capital",
                " the",
                ").",
                " in",
                " staying",
                " Syria",
                " currency",
                " on"
            ],
            [
                " the",
                " assignments",
                ").",
                " capital",
                " in",
                " Syria",
                " fell",
                " to"
            ],
            [
                " capital",
                ").",
                " my",
                " behind",
                " the",
                " Syria",
                " slowly",
                " flight"
            ],
            [
                " capital",
                " Syria",
                " my",
                " staying",
                " was",
                " currency",
                " the",
                " and"
            ],
            [
                " capital",
                " in",
                ").",
                " Syria",
                " I",
                " the",
                " behind",
                " but"
            ]
        ]
    }
}