{
    "$schema": "../docs/rationalization.schema.json",
    "id": 42,
    "input-text": [
        "When",
        " my",
        " flight",
        " landed",
        " in",
        " Portugal",
        ",",
        " I",
        " converted",
        " my",
        " currency",
        " and",
        " slowly",
        " fell",
        " asleep",
        ".",
        " (",
        "I",
        " was",
        " behind",
        " on",
        " a",
        " couple",
        " of",
        " assignments",
        ",",
        " but",
        " I",
        " tried",
        " not",
        " to",
        " think",
        " about",
        " them",
        ").",
        " I",
        " was",
        " staying",
        " in",
        " the",
        " capital",
        ","
    ],
    "input-tokens": [
        2215,
        616,
        5474,
        11406,
        287,
        19101,
        11,
        314,
        11513,
        616,
        7395,
        290,
        6364,
        3214,
        16039,
        13,
        357,
        40,
        373,
        2157,
        319,
        257,
        3155,
        286,
        25815,
        11,
        475,
        314,
        3088,
        407,
        284,
        892,
        546,
        606,
        737,
        314,
        373,
        10589,
        287,
        262,
        3139,
        11
    ],
    "target-text": " Lisbon",
    "target-token": 41898,
    "rational-size": 8,
    "rational-positions": [
        5,
        10,
        14,
        34,
        36,
        37,
        39,
        40
    ],
    "rational-text": [
        " Portugal",
        " currency",
        " asleep",
        ").",
        " was",
        " staying",
        " the",
        " capital"
    ],
    "rational-tokens": [
        19101,
        7395,
        16039,
        737,
        373,
        10589,
        262,
        3139
    ],
    "importance-scores": [
        2.7728658551495755e-06,
        1.079735678644056e-08,
        3.356607436444392e-09,
        1.2285708561599051e-10,
        8.597636224294547e-06,
        0.19598634541034698,
        2.881367322515871e-07,
        6.175970952426724e-07,
        0.08053412288427353,
        3.7709966704824183e-07,
        0.0005691129481419921,
        8.69111954671098e-06,
        4.860847866439144e-07,
        0.00023699516896158457,
        0.0018083082977682352,
        2.1523764714981297e-10,
        1.4242877099945872e-08,
        3.480249870335683e-05,
        1.4898535530272206e-11,
        3.6818187254539225e-07,
        3.577018858891279e-08,
        2.171355788505025e-07,
        5.215038072492462e-07,
        1.5118550508730344e-11,
        1.3057216108336434e-07,
        3.3782526775993915e-10,
        1.0985054643697367e-07,
        2.8322549638915007e-08,
        1.0888274726283953e-09,
        1.0614273904252514e-08,
        2.558066258817604e-11,
        6.079950987114557e-10,
        4.676758980082241e-09,
        5.300995753465543e-10,
        0.06349290907382965,
        0.00013579589722212404,
        0.00013515054888557643,
        0.0003113836864940822,
        3.0383510818410286e-08,
        0.46577709913253784,
        0.19095465540885925,
        1.3976835688822575e-08
    ],
    "comments": {
        "created-by": "run_analogies.py",
        "args": {
            "model": "gpt2-medium",
            "cache_dir": "cache/",
            "tokenizer": "gpt2-medium",
            "data_dir": "data/analogies/gpt2/",
            "importance_results_dir": "rationalization_results/analogies/gpt2_ours/top3_replace0.1_max5000_batch5",
            "device": "cuda",
            "rationalization_config": "config//top3_replace0.1_max5000_batch5.json",
            "input_num_ratio": 1.0,
            "logfolder": "logs/analogies/gpt2_ours/top3_replace0.1_max5000_batch5",
            "loglevel": 20
        },
        "time_elapsed": 40.115320920944214,
        "separate_rational": [
            [
                " capital",
                " converted",
                " the",
                " I",
                " was",
                ").",
                " currency",
                " Portugal"
            ],
            [
                " the",
                " capital",
                " and",
                ").",
                " Portugal",
                " I",
                ",",
                " asleep"
            ],
            [
                " Portugal",
                " asleep",
                " capital",
                " currency",
                " staying",
                ").",
                " fell",
                " the"
            ],
            [
                " the",
                ").",
                " capital",
                "I",
                " was",
                "When",
                " Portugal",
                " in"
            ],
            [
                " the",
                " capital",
                " staying",
                " my",
                " was",
                " Portugal",
                ").",
                " currency"
            ]
        ]
    }
}