{
    "$schema": "../docs/rationalization.schema.json",
    "id": 53,
    "input-text": [
        "When",
        " my",
        " flight",
        " landed",
        " in",
        " Japan",
        ",",
        " I",
        " converted",
        " my",
        " currency",
        " and",
        " slowly",
        " fell",
        " asleep",
        ".",
        " (",
        "I",
        " was",
        " behind",
        " on",
        " a",
        " couple",
        " of",
        " assignments",
        ",",
        " but",
        " I",
        " tried",
        " not",
        " to",
        " think",
        " about",
        " them",
        ").",
        " I",
        " was",
        " staying",
        " in",
        " the",
        " capital",
        ","
    ],
    "input-tokens": [
        2215,
        616,
        5474,
        11406,
        287,
        2869,
        11,
        314,
        11513,
        616,
        7395,
        290,
        6364,
        3214,
        16039,
        13,
        357,
        40,
        373,
        2157,
        319,
        257,
        3155,
        286,
        25815,
        11,
        475,
        314,
        3088,
        407,
        284,
        892,
        546,
        606,
        737,
        314,
        373,
        10589,
        287,
        262,
        3139,
        11
    ],
    "target-text": " Tokyo",
    "target-token": 11790,
    "rational-size": 7,
    "rational-positions": [
        2,
        5,
        22,
        34,
        37,
        39,
        40
    ],
    "rational-text": [
        " flight",
        " Japan",
        " couple",
        ").",
        " staying",
        " the",
        " capital"
    ],
    "rational-tokens": [
        5474,
        2869,
        3155,
        737,
        10589,
        262,
        3139
    ],
    "importance-scores": [
        0.006855064071714878,
        0.0006497653666883707,
        0.26154324412345886,
        0.0005718937027268112,
        0.0012789940228685737,
        0.23424458503723145,
        1.6575653717154637e-05,
        4.6804114390397444e-05,
        0.001516606193035841,
        0.003894612193107605,
        0.05040474608540535,
        0.00687974039465189,
        8.867907308740541e-05,
        0.00014921596448402852,
        0.0082471314817667,
        0.0015037697739899158,
        0.021692734211683273,
        0.0004250100755598396,
        0.0005760431522503495,
        0.0005285720690153539,
        0.0010282371658831835,
        0.011136422865092754,
        0.010853847488760948,
        0.005398185923695564,
        9.401976421941072e-05,
        0.0003829288762062788,
        0.010488810017704964,
        0.006009258329868317,
        0.02147780731320381,
        0.0002504080766811967,
        0.06331316381692886,
        0.06271157413721085,
        0.0008287799428217113,
        0.0002644557389430702,
        0.011108389124274254,
        0.10168242454528809,
        0.0003398426342755556,
        0.01487300731241703,
        0.003395987208932638,
        0.0245332233607769,
        0.04660983756184578,
        0.0021056057885289192
    ],
    "comments": {
        "created-by": "run_analogies.py",
        "args": {
            "model": "gpt2-medium",
            "cache_dir": "cache/",
            "tokenizer": "gpt2-medium",
            "data_dir": "data/analogies/gpt2/",
            "importance_results_dir": "rationalization_results/analogies/gpt2_ours/top3_replace0.1_max5000_batch5",
            "device": "cuda",
            "rationalization_config": "config//top3_replace0.1_max5000_batch5.json",
            "input_num_ratio": 1.0,
            "logfolder": "logs/analogies/gpt2_ours/top3_replace0.1_max5000_batch5",
            "loglevel": 20
        },
        "time_elapsed": 8.866862297058105,
        "separate_rational": [
            [
                " I",
                " to",
                " Japan",
                " and",
                " capital",
                " my",
                " the",
                ")."
            ],
            [
                " Japan",
                " capital",
                " staying",
                " the",
                " converted",
                " behind",
                " in",
                " couple"
            ],
            [
                " flight",
                " the",
                " but",
                " a",
                " capital",
                " asleep",
                " Japan",
                ","
            ],
            [
                " think",
                " capital",
                " (",
                " tried",
                " couple",
                " staying",
                " Japan",
                ")."
            ],
            [
                " flight",
                " currency",
                " Japan",
                "When",
                " staying",
                " in",
                ").",
                " capital"
            ]
        ]
    }
}