{
    "$schema": "../docs/rationalization.schema.json",
    "id": 57,
    "input-text": [
        "When",
        " my",
        " flight",
        " landed",
        " in",
        " Poland",
        ",",
        " I",
        " converted",
        " my",
        " currency",
        " and",
        " slowly",
        " fell",
        " asleep",
        ".",
        " (",
        "I",
        " was",
        " behind",
        " on",
        " a",
        " couple",
        " of",
        " assignments",
        ",",
        " but",
        " I",
        " tried",
        " not",
        " to",
        " think",
        " about",
        " them",
        ").",
        " I",
        " was",
        " staying",
        " in",
        " the",
        " capital",
        ","
    ],
    "input-tokens": [
        2215,
        616,
        5474,
        11406,
        287,
        12873,
        11,
        314,
        11513,
        616,
        7395,
        290,
        6364,
        3214,
        16039,
        13,
        357,
        40,
        373,
        2157,
        319,
        257,
        3155,
        286,
        25815,
        11,
        475,
        314,
        3088,
        407,
        284,
        892,
        546,
        606,
        737,
        314,
        373,
        10589,
        287,
        262,
        3139,
        11
    ],
    "target-text": " Warsaw",
    "target-token": 32955,
    "rational-size": 9,
    "rational-positions": [
        3,
        5,
        32,
        34,
        35,
        36,
        38,
        39,
        40
    ],
    "rational-text": [
        " landed",
        " Poland",
        " about",
        ").",
        " I",
        " was",
        " in",
        " the",
        " capital"
    ],
    "rational-tokens": [
        11406,
        12873,
        546,
        737,
        314,
        373,
        287,
        262,
        3139
    ],
    "importance-scores": [
        5.054901809631307e-13,
        9.96370069783481e-11,
        2.7990038672237594e-12,
        6.401848651194086e-08,
        1.4505567946798692e-07,
        0.5984748005867004,
        4.286117988305804e-11,
        4.097188907592475e-11,
        1.7007135149577708e-16,
        5.97549476566428e-09,
        6.394996945185971e-12,
        1.7145992958766954e-10,
        9.342376996795618e-14,
        1.0717885658303138e-14,
        2.969522544526981e-11,
        4.712726709581029e-18,
        4.042556220329452e-15,
        8.308662191698343e-20,
        3.915260476938798e-11,
        1.2839525991882594e-13,
        1.936021059179699e-13,
        6.748156200497846e-11,
        5.430480953805272e-08,
        3.5875989679023945e-11,
        6.512214291617675e-16,
        4.524962659614457e-15,
        1.780564161890652e-06,
        1.1808110446801857e-15,
        8.38927350168845e-15,
        6.495501676027713e-20,
        1.3916688642950058e-14,
        6.239041228095488e-11,
        7.902064567133493e-07,
        5.463937645161423e-15,
        9.193297678677936e-09,
        1.2835639495722972e-10,
        2.5654746881563495e-13,
        2.195608278521277e-11,
        5.224597837694134e-11,
        0.0015223950613290071,
        0.3999999463558197,
        5.4126225257442734e-14
    ],
    "comments": {
        "created-by": "run_analogies.py",
        "args": {
            "model": "gpt2-medium",
            "cache_dir": "cache/",
            "tokenizer": "gpt2-medium",
            "data_dir": "data/analogies/gpt2/",
            "importance_results_dir": "rationalization_results/analogies/gpt2_ours/top3_replace0.1_max5000_batch5",
            "device": "cuda",
            "rationalization_config": "config//top3_replace0.1_max5000_batch5.json",
            "input_num_ratio": 1.0,
            "logfolder": "logs/analogies/gpt2_ours/top3_replace0.1_max5000_batch5",
            "loglevel": 20
        },
        "time_elapsed": 25.096879720687866,
        "separate_rational": [
            [
                " Poland",
                " the",
                " but",
                " landed",
                ").",
                " my",
                " capital",
                " in"
            ],
            [
                " Poland",
                " I",
                ").",
                ".",
                " capital",
                " the",
                " flight",
                " was"
            ],
            [
                " capital",
                " about",
                " Poland",
                ").",
                " my",
                " I",
                " think",
                " the"
            ],
            [
                " capital",
                " Poland",
                ").",
                " was",
                " I",
                " staying",
                " fell",
                " in"
            ],
            [
                " Poland",
                " about",
                " the",
                " in",
                " couple",
                " landed",
                " capital",
                " and"
            ]
        ]
    }
}