{
    "$schema": "../docs/rationalization.schema.json",
    "id": 7,
    "input-text": [
        "When",
        " my",
        " flight",
        " landed",
        " in",
        " Cuba",
        ",",
        " I",
        " converted",
        " my",
        " currency",
        " and",
        " slowly",
        " fell",
        " asleep",
        ".",
        " (",
        "I",
        " had",
        " a",
        " terrifying",
        " dream",
        " about",
        " my",
        " grandmother",
        ",",
        " but",
        " that",
        "'s",
        " a",
        " story",
        " for",
        " another",
        " time",
        ").",
        " I",
        " was",
        " staying",
        " in",
        " the",
        " capital",
        ","
    ],
    "input-tokens": [
        2215,
        616,
        5474,
        11406,
        287,
        14159,
        11,
        314,
        11513,
        616,
        7395,
        290,
        6364,
        3214,
        16039,
        13,
        357,
        40,
        550,
        257,
        17623,
        4320,
        546,
        616,
        18410,
        11,
        475,
        326,
        338,
        257,
        1621,
        329,
        1194,
        640,
        737,
        314,
        373,
        10589,
        287,
        262,
        3139,
        11
    ],
    "target-text": " Havana",
    "target-token": 40274,
    "rational-size": 7,
    "rational-positions": [
        4,
        5,
        10,
        34,
        35,
        39,
        40
    ],
    "rational-text": [
        " in",
        " Cuba",
        " currency",
        ").",
        " I",
        " the",
        " capital"
    ],
    "rational-tokens": [
        287,
        14159,
        7395,
        737,
        314,
        262,
        3139
    ],
    "importance-scores": [
        1.3287492038216442e-05,
        2.9007830804061996e-08,
        0.1995566487312317,
        3.532374194037402e-06,
        1.2235518624947872e-06,
        0.41454070806503296,
        1.4698787254019408e-06,
        5.510669698338688e-11,
        2.3121309311591176e-09,
        5.770515443259683e-08,
        0.00041815490112639964,
        7.602601187484126e-11,
        2.2675457955756428e-07,
        5.528629637430171e-12,
        6.719233169860672e-09,
        3.648682189716368e-10,
        9.374119258609426e-10,
        2.7136899498347855e-12,
        1.7674101765452477e-11,
        3.7128128349550593e-10,
        6.947783504074323e-08,
        2.299358072832547e-07,
        5.964519118606404e-07,
        1.2026166520962e-11,
        3.300845013987086e-11,
        8.670513612640818e-11,
        5.289091831173209e-09,
        2.2904485376784578e-05,
        2.4485771743520957e-10,
        2.0022725699675448e-09,
        0.0003400077694095671,
        1.3128633735703943e-09,
        2.2939522281717473e-08,
        1.6636061417329984e-09,
        3.859370553982444e-05,
        1.7075963114621118e-05,
        5.323915320332162e-05,
        8.619303493162533e-09,
        3.4612490824870168e-12,
        0.3823479115962982,
        0.002643976826220751,
        7.870671475673774e-11
    ],
    "comments": {
        "created-by": "run_analogies.py",
        "args": {
            "model": "gpt2-medium",
            "cache_dir": "cache/",
            "tokenizer": "gpt2-medium",
            "data_dir": "data/analogies/gpt2/",
            "importance_results_dir": "rationalization_results/analogies/gpt2_ours/top3_replace0.1_max5000_batch5",
            "device": "cuda",
            "rationalization_config": "config//top3_replace0.1_max5000_batch5.json",
            "input_num_ratio": 1.0,
            "logfolder": "logs/analogies/gpt2_ours/top3_replace0.1_max5000_batch5",
            "loglevel": 20
        },
        "time_elapsed": 18.168936729431152,
        "separate_rational": [
            [
                " the",
                " Cuba",
                " currency",
                ").",
                "When",
                " landed",
                " capital",
                " in"
            ],
            [
                " the",
                " capital",
                " in",
                " Cuba",
                "I",
                " I",
                " grandmother",
                ")."
            ],
            [
                " flight",
                " capital",
                " the",
                " Cuba",
                " staying",
                ").",
                " currency",
                " a"
            ],
            [
                " Cuba",
                ").",
                " but",
                " I",
                " the",
                " my",
                " capital",
                ","
            ],
            [
                " Cuba",
                " capital",
                " story",
                " was",
                " that",
                " I",
                " the",
                ","
            ]
        ]
    }
}