{
    "$schema": "../docs/rationalization.schema.json",
    "id": 36,
    "input-text": [
        "I",
        " thought",
        " it",
        " would",
        " be",
        " the",
        " luck",
        "iest",
        " thing",
        " I",
        "'d",
        " ever",
        " encounter",
        ".",
        " (",
        "I",
        " tried",
        " to",
        " ignore",
        " my",
        " phone",
        " vibr",
        "ating",
        " in",
        " my",
        " pocket",
        ").",
        " But",
        " when",
        " I",
        " did",
        " end",
        " up",
        " encountering",
        " it",
        ",",
        " it",
        " turned",
        " out",
        " it",
        " wasn",
        "'t",
        " so"
    ],
    "input-tokens": [
        40,
        1807,
        340,
        561,
        307,
        262,
        8458,
        6386,
        1517,
        314,
        1549,
        1683,
        8791,
        13,
        357,
        40,
        3088,
        284,
        8856,
        616,
        3072,
        12611,
        803,
        287,
        616,
        10000,
        737,
        887,
        618,
        314,
        750,
        886,
        510,
        42398,
        340,
        11,
        340,
        2900,
        503,
        340,
        2492,
        470,
        523
    ],
    "target-text": " lucky",
    "target-token": 9670,
    "rational-size": 5,
    "rational-positions": [
        0,
        40,
        41,
        39,
        42
    ],
    "rational-text": [
        "I",
        " wasn",
        "'t",
        " it",
        " so"
    ],
    "rational-tokens": [
        40,
        2492,
        470,
        340,
        523
    ],
    "importance-scores": [
        0.04250003769993782,
        0.022637130692601204,
        0.022634249180555344,
        0.02263028360903263,
        0.02264062687754631,
        0.02263283170759678,
        0.022630805149674416,
        0.022624054923653603,
        0.022641677409410477,
        0.022629333660006523,
        0.022628050297498703,
        0.022615648806095123,
        0.022732030600309372,
        0.022693710401654243,
        0.022676363587379456,
        0.022655580192804337,
        0.02263147011399269,
        0.02263829857110977,
        0.022616026923060417,
        0.02262594737112522,
        0.022627729922533035,
        0.02262950874865055,
        0.022633833810687065,
        0.02260621078312397,
        0.0226104948669672,
        0.022641971707344055,
        0.0227783415466547,
        0.022681832313537598,
        0.02263612113893032,
        0.022668378427624702,
        0.022633155807852745,
        0.022632084786891937,
        0.022652272135019302,
        0.022636814042925835,
        0.022832874208688736,
        0.02285110205411911,
        0.02287483960390091,
        0.0228105541318655,
        0.023120548576116562,
        0.02334374375641346,
        0.024686429649591446,
        0.02455288916826248,
        0.023144135251641273
    ],
    "comments": {
        "created-by": "run_analogies.py",
        "args": {
            "model": "EleutherAI/gpt-j-6b",
            "cache_dir": "./cache/",
            "tokenizer": "EleutherAI/gpt-j-6b",
            "data_dir": "data/analogies/gpt6b/",
            "importance_results_dir": "rationalization_results/analogies/gpt6b_attention_last",
            "device": "cuda",
            "rationalization_config": "config/eva_attention_last.json",
            "input_num_ratio": 1,
            "logfolder": "logs/analogies/gpt6b_attention_last",
            "loglevel": 20
        },
        "time_elapsed": 0.0826568603515625
    }
}