{
    "$schema": "../docs/rationalization.schema.json",
    "id": 44,
    "input-text": [
        "I",
        " had",
        " never",
        " been",
        " friends",
        " with",
        " any",
        " Thai",
        " people",
        " before",
        ".",
        " (",
        "The",
        " funn",
        "iest",
        " thing",
        " happened",
        " to",
        " me",
        " the",
        " other",
        " day",
        ",",
        " but",
        " that",
        "'s",
        " a",
        " story",
        " for",
        " another",
        " time",
        ").",
        " In",
        " fact",
        ",",
        " I",
        " had",
        " never",
        " even",
        " been",
        " to"
    ],
    "input-tokens": [
        40,
        550,
        1239,
        587,
        2460,
        351,
        597,
        18933,
        661,
        878,
        13,
        357,
        464,
        36090,
        6386,
        1517,
        3022,
        284,
        502,
        262,
        584,
        1110,
        11,
        475,
        326,
        338,
        257,
        1621,
        329,
        1194,
        640,
        737,
        554,
        1109,
        11,
        314,
        550,
        1239,
        772,
        587,
        284
    ],
    "target-text": " Thailand",
    "target-token": 16952,
    "rational-size": 5,
    "rational-positions": [
        0,
        39,
        38,
        40,
        37
    ],
    "rational-text": [
        "I",
        " been",
        " even",
        " to",
        " never"
    ],
    "rational-tokens": [
        40,
        587,
        772,
        284,
        1239
    ],
    "importance-scores": [
        0.05254108086228371,
        0.0236166100949049,
        0.023616831749677658,
        0.023597346618771553,
        0.023635316640138626,
        0.023603633046150208,
        0.02360103465616703,
        0.023684807121753693,
        0.0237203910946846,
        0.023593632504343987,
        0.023656319826841354,
        0.023655839264392853,
        0.023602478206157684,
        0.023600952699780464,
        0.023591650649905205,
        0.023598920553922653,
        0.0236064400523901,
        0.023583224043250084,
        0.0236019566655159,
        0.023588886484503746,
        0.023600826039910316,
        0.0236034132540226,
        0.023595865815877914,
        0.023597829043865204,
        0.023583896458148956,
        0.023581575602293015,
        0.023581165820360184,
        0.023586386814713478,
        0.02359355241060257,
        0.023587729781866074,
        0.023598333820700645,
        0.023723900318145752,
        0.023627419024705887,
        0.02370087429881096,
        0.02371089719235897,
        0.02372605726122856,
        0.0236664991825819,
        0.023857172578573227,
        0.024285629391670227,
        0.024833783507347107,
        0.024059860035777092
    ],
    "comments": {
        "created-by": "run_analogies.py",
        "args": {
            "model": "EleutherAI/gpt-j-6b",
            "cache_dir": "./cache/",
            "tokenizer": "EleutherAI/gpt-j-6b",
            "data_dir": "data/analogies/gpt6b/",
            "importance_results_dir": "rationalization_results/analogies/gpt6b_attention_last",
            "device": "cuda",
            "rationalization_config": "config/eva_attention_last.json",
            "input_num_ratio": 1,
            "logfolder": "logs/analogies/gpt6b_attention_last",
            "loglevel": 20
        },
        "time_elapsed": 0.08366942405700684
    }
}