{
    "$schema": "../docs/rationalization.schema.json",
    "id": 47,
    "input-text": [
        "Although",
        " I",
        " sang",
        " yesterday",
        ",",
        " I",
        " had",
        " a",
        " million",
        " things",
        " to",
        " do",
        " today",
        ".",
        " (",
        "I",
        " suddenly",
        " felt",
        " a",
        " pin",
        "ched",
        " nerve",
        ",",
        " so",
        " I",
        " made",
        " a",
        " mental",
        " note",
        " to",
        " get",
        " that",
        " checked",
        " out",
        ").",
        " So",
        " today",
        " I",
        " wouldn",
        "'t",
        " have",
        " time",
        " to",
        " do",
        " any",
        " more"
    ],
    "input-tokens": [
        7003,
        314,
        25889,
        7415,
        11,
        314,
        550,
        257,
        1510,
        1243,
        284,
        466,
        1909,
        13,
        357,
        40,
        6451,
        2936,
        257,
        6757,
        1740,
        16384,
        11,
        523,
        314,
        925,
        257,
        5110,
        3465,
        284,
        651,
        326,
        10667,
        503,
        737,
        1406,
        1909,
        314,
        3636,
        470,
        423,
        640,
        284,
        466,
        597,
        517
    ],
    "target-text": " singing",
    "target-token": 13777,
    "rational-size": 5,
    "rational-positions": [
        0,
        45,
        44,
        38,
        43
    ],
    "rational-text": [
        "Although",
        " more",
        " any",
        " wouldn",
        " do"
    ],
    "rational-tokens": [
        7003,
        517,
        597,
        3636,
        466
    ],
    "importance-scores": [
        0.041852857917547226,
        0.021220656111836433,
        0.02118590474128723,
        0.021217865869402885,
        0.021189220249652863,
        0.021182291209697723,
        0.02116449922323227,
        0.021164942532777786,
        0.021173644810914993,
        0.021187875419855118,
        0.02116471529006958,
        0.02121451310813427,
        0.021224195137619972,
        0.021297845989465714,
        0.021210622042417526,
        0.021172700449824333,
        0.021158862859010696,
        0.021156175062060356,
        0.021154699847102165,
        0.02115647867321968,
        0.021162983030080795,
        0.021188637241721153,
        0.02123017981648445,
        0.021198080852627754,
        0.021178266033530235,
        0.021162373945116997,
        0.021164920181035995,
        0.021168120205402374,
        0.02117914706468582,
        0.02117091976106167,
        0.02119290828704834,
        0.021172093227505684,
        0.021184461191296577,
        0.021188192069530487,
        0.021497178822755814,
        0.021281270310282707,
        0.021263016387820244,
        0.02132067270576954,
        0.022044435143470764,
        0.021342802792787552,
        0.021252943202853203,
        0.02150825783610344,
        0.021569129079580307,
        0.02172720432281494,
        0.02207260951399803,
        0.0221286341547966
    ],
    "comments": {
        "created-by": "run_analogies.py",
        "args": {
            "model": "EleutherAI/gpt-j-6b",
            "cache_dir": "./cache/",
            "tokenizer": "EleutherAI/gpt-j-6b",
            "data_dir": "data/analogies/gpt6b/",
            "importance_results_dir": "rationalization_results/analogies/gpt6b_attention_last",
            "device": "cuda",
            "rationalization_config": "config/eva_attention_last.json",
            "input_num_ratio": 1,
            "logfolder": "logs/analogies/gpt6b_attention_last",
            "loglevel": 20
        },
        "time_elapsed": 0.08277583122253418
    }
}