target_pos,target_token,norm_suff,random_suff,norm_comp,random_comp
34, southeast,0.0,0.02050940878689289,1.0,0.3925633430480957
36, Philadelphia,0.07667174935340881,0.0,1.0367457866668701,0.24417899549007416
38, It,0.0,0.0,0.16953079402446747,0.1299571990966797
40, a,0.004158452618867159,0.0,0.07577118277549744,0.061148207634687424
42,ribut,0.0011988128535449505,0.0,0.993630588054657,0.0007661734125576913
