target_pos,target_token,norm_suff,random_suff,norm_comp,random_comp
34, southeast,0.0,0.0013311116490513086,1.0,0.6601091027259827
36, Philadelphia,0.0,0.0,0.7428320050239563,0.35191887617111206
38, It,0.0,0.0,0.06736089289188385,0.1354953944683075
40, a,0.0,0.0,0.062309056520462036,0.07372365891933441
42,ribut,0.0009064602199941874,0.0,0.9913676381111145,0.001058841124176979
