norm_suff_mean,random_suff_mean,norm_comp_mean,random_comp_mean,final suff,final comp,target_tokens
0.016405804082751274,0.004101881757378578,0.6551356911659241,0.1657227873802185,3.999579906463623,10.101472854614258, southeast$ Philadelphia$ It$ a$ribut
