norm_suff_mean,random_suff_mean,norm_comp_mean,random_comp_mean,final suff,final comp,target_tokens
0.0001812920527299866,0.0002662223414517939,0.5727738738059998,0.24446117877960205,0.68097984790802,1348.4384765625, southeast$ Philadelphia$ It$ a$ribut
