target_pos,target_token,norm_suff,random_suff,norm_comp,random_comp
18, in,0.0024962176103144884,0.0,0.3677600622177124,0.06711621582508087
20,67,0.008734050206840038,0.00026025401894003153,0.10727066546678543,0.049328528344631195
22,"
",0.0,0.0,0.13522401452064514,0.06862059235572815
24, know,0.0,0.0,0.41454023122787476,0.0903022438287735
26, I,0.0,0.0021649720147252083,0.04496655985713005,0.03920584172010422
