target_pos,target_token,norm_suff,random_suff,norm_comp,random_comp
18, in,0.0,0.0,0.1438932865858078,0.086163230240345
20,67,0.009218579158186913,0.0018345369026064873,0.342737078666687,0.04619881883263588
22,"
",0.009408482350409031,0.002553027356043458,0.05768565088510513,0.04460326209664345
24, know,0.0,0.0,0.38087818026542664,0.05830245092511177
26, I,0.0,0.02498577907681465,0.06067846342921257,0.04013807699084282
