norm_suff_mean,random_suff_mean,norm_comp_mean,random_comp_mean,final suff,final comp,target_tokens
0.002246053656563163,0.0004850451950915158,0.21395230293273926,0.06291468441486359,4.6306071281433105,28.011211395263672," in$67$
$ know$ I"
