norm_suff_mean,random_suff_mean,norm_comp_mean,random_comp_mean,final suff,final comp,target_tokens
0.0037254125345498323,0.005874668713659048,0.197174534201622,0.055081166326999664,0.6341485381126404,14.785252571105957," in$67$
$ know$ I"
