target_pos,target_token,norm_suff,random_suff,norm_comp,random_comp
19,"
",0.04546322301030159,0.0,0.49718135595321655,0.5664932131767273
21,'m,0.0,0.00017757581372279674,0.20351162552833557,0.15370023250579834
23, sure,0.0,0.0,0.6097553372383118,0.13125672936439514
25, this,0.0010748630156740546,0.0,1.0915621519088745,0.18758785724639893
27, a,0.0,0.0,0.11901803314685822,0.2183716744184494
