target_pos,target_token,norm_suff,random_suff,norm_comp,random_comp
19,"
",0.0069891768507659435,0.05439979210495949,0.641842782497406,0.48552608489990234
21,'m,0.0,0.0,0.10823582857847214,0.1442091464996338
23, sure,0.0,0.0,0.17823848128318787,0.06812118738889694
25, this,0.012245145626366138,0.0,0.1875927746295929,0.3652805984020233
27, a,0.0,0.0,0.22487960755825043,0.0634264126420021
