norm_suff_mean,random_suff_mean,norm_comp_mean,random_comp_mean,final suff,final comp,target_tokens
0.00930761732161045,3.551516419975087e-05,0.5042057037353516,0.25148195028305054,262.074462890625,27.018939971923828,"
$'m$ sure$ this$ a"
