norm_suff_mean,random_suff_mean,norm_comp_mean,random_comp_mean,final suff,final comp,target_tokens
0.0038468644488602877,0.010879958979785442,0.2681579291820526,0.22531269490718842,0.35357344150543213,58.57048034667969,"
$'m$ sure$ this$ a"
