target_pos,target_token,norm_suff,random_suff,norm_comp,random_comp
16, ,0.0,0.0,0.2891455590724945,0.30136799812316895
18, ,0.0,0.0,0.15015672147274017,0.18565410375595093
20, ,0.0,0.0,0.1552499383687973,0.2771489918231964
22, ,0.0,0.08259785175323486,0.15753057599067688,0.26064640283584595
24, ,0.0,0.0,0.0884038433432579,0.08286800980567932
