target_pos,target_token,norm_suff,random_suff,norm_comp,random_comp
16, ,0.0,0.0,0.32676297426223755,0.3109481930732727
18, ,0.010161693207919598,0.0,0.5018777251243591,0.13503067195415497
20, ,0.019449383020401,0.0,0.22421211004257202,0.19318144023418427
22, ,0.0,0.06271814554929733,0.20286020636558533,0.13774393498897552
24, ,0.038745734840631485,0.0,0.09875752776861191,0.12446143478155136
