norm_suff_mean,random_suff_mean,norm_comp_mean,random_comp_mean,final suff,final comp,target_tokens
0.013671362772583961,0.012543628923594952,0.2708941102027893,0.1802731305360794,1.0899049043655396,13.186185836791992, $ $ $ $ 
