target_pos,target_token,norm_suff,random_suff,norm_comp,random_comp
25, ,0.0,0.0,0.44160541892051697,0.1494186520576477
27, ,0.0,0.0,0.16631312668323517,0.08118756860494614
29, ,0.021086689084768295,0.0,0.23813049495220184,0.1084669679403305
31, ,0.0,0.08189135789871216,0.09416363388299942,0.03917628526687622
33, ,0.012868799269199371,0.0,0.08036819100379944,0.09914133697748184
