target_pos,target_token,norm_suff,random_suff,norm_comp,random_comp
25, ,0.0,0.0,0.15836875140666962,0.07142738997936249
27, ,0.0,0.0,0.16282834112644196,0.07169238477945328
29, ,0.0,0.0,0.19753943383693695,0.13741806149482727
31, ,0.008010844700038433,0.0,0.11325423419475555,0.1331859678030014
33, ,0.0,0.016796529293060303,0.21069101989269257,0.06252471357584
