norm_suff_mean,random_suff_mean,norm_comp_mean,random_comp_mean,final suff,final comp,target_tokens
0.0016021690098568797,0.0033593059051781893,0.16853635013103485,0.095249705016613,0.476934552192688,59.45047378540039, $ $ $ $ 
