norm_suff_mean,random_suff_mean,norm_comp_mean,random_comp_mean,final suff,final comp,target_tokens
0.006791097577661276,0.01637827232480049,0.20411618053913116,0.09547816962003708,0.4146406650543213,14.059313774108887, $ $ $ $ 
