target_pos,target_token,norm_suff,random_suff,norm_comp,random_comp
21, ,0.0,0.0,0.23903816938400269,0.18399743735790253
23, ,0.0,0.0,0.1644844114780426,0.1734049916267395
25, ,0.09291297197341919,0.0,0.19917185604572296,0.12650351226329803
27, ,0.0189265925437212,0.0,0.24451902508735657,0.08663193881511688
29, ,0.0,0.0,0.08516541123390198,0.11310544610023499
