target_pos,target_token,norm_suff,random_suff,norm_comp,random_comp
21, ,0.0,0.0,0.14695671200752258,0.2536519169807434
23, ,0.0,0.0,0.20220229029655457,0.14060834050178528
25, ,0.0,0.0,0.12059709429740906,0.08429144322872162
27, ,0.039040494710206985,0.0,0.08657436817884445,0.08702635765075684
29, ,0.14147739112377167,0.0036807942669838667,0.06467609107494354,0.041908953338861465
