norm_suff_mean,random_suff_mean,norm_comp_mean,random_comp_mean,final suff,final comp,target_tokens
0.03610357642173767,0.0007361588650383055,0.12420132011175156,0.12149740755558014,49.04318618774414,3.365245819091797, $ $ $ $ 
