target_pos,target_token,norm_suff,random_suff,norm_comp,random_comp
22, (,0.0,0.0,0.26703816652297974,0.08035072684288025
24,",",0.0,0.014269735664129257,0.01942775584757328,0.004153046291321516
26, kilometers,0.0013670752523466945,0.0,0.15780602395534515,0.020288992673158646
28, east,0.0,0.0,0.3092195689678192,0.056127939373254776
30, Hawaii,0.0,0.0,0.19000811874866486,0.06721125543117523
