target_pos,target_token,norm_suff,random_suff,norm_comp,random_comp
22, (,0.0,0.003149403026327491,0.13043247163295746,0.20302031934261322
24,",",0.0,0.0,0.009382165968418121,0.018267247825860977
26, kilometers,0.0,0.0013399216113612056,0.4644508957862854,0.10344275087118149
28, east,0.0,0.0,0.3077564835548401,0.08353081345558167
30, Hawaii,0.12542517483234406,0.0,0.9725455641746521,0.0796501561999321
