norm_suff_mean,random_suff_mean,norm_comp_mean,random_comp_mean,final suff,final comp,target_tokens
0.02508503571152687,0.0008978649275377393,0.37691351771354675,0.09758225828409195,27.938541412353516,3.8900585174560547," ($,$ kilometers$ east$ Hawaii"
