norm_suff_mean,random_suff_mean,norm_comp_mean,random_comp_mean,final suff,final comp,target_tokens
0.0002734150621108711,0.002853947225958109,0.18869991600513458,0.04562639072537422,0.0958024263381958,166.87591552734375," ($,$ kilometers$ east$ Hawaii"
