target_pos,target_token,norm_suff,random_suff,norm_comp,random_comp
26, by,0.0,0.0,0.6977958679199219,0.19170957803726196
28,-,0.03184792026877403,0.0,0.8734145164489746,0.06862547993659973
30, Vall,0.009445850737392902,0.0,1.0485221147537231,0.11629436165094376
32, and,0.0,0.0,0.23990723490715027,0.08933859318494797
34, S,0.037915341556072235,0.0,0.1554207056760788,0.18885257840156555
