target_pos,target_token,norm_suff,random_suff,norm_comp,random_comp
26, by,0.0,0.0,1.0567748546600342,0.12247760593891144
28,-,0.0,0.0,0.19171582162380219,0.09045609086751938
30, Vall,0.0,7.92774953879416e-05,0.9775831699371338,0.07583882659673691
32, and,0.0,0.0,0.05645044893026352,0.12206484377384186
34, S,0.07717522978782654,0.0,0.2654978334903717,0.17001712322235107
