norm_suff_mean,random_suff_mean,norm_comp_mean,random_comp_mean,final suff,final comp,target_tokens
0.015435046516358852,1.58554994413862e-05,0.5096044540405273,0.11617089807987213,973.482177734375,7.5264363288879395, by$-$ Vall$ and$ S
