target_pos,target_token,norm_suff,random_suff,norm_comp,random_comp
22, to,0.0,0.0,0.24019145965576172,0.1336708813905716
24, best,5.1140312280040234e-05,0.0014838918577879667,0.06651581078767776,0.08113351464271545
26, actor,0.030110059306025505,0.0,0.7711048722267151,0.09093686193227768
28, a,0.0,0.0,0.03850340098142624,0.06834976375102997
30, series,0.03870512545108795,0.005363624542951584,0.9920800924301147,0.04805063456296921
