target_pos,target_token,norm_suff,random_suff,norm_comp,random_comp
22, to,0.0,0.0,0.20945844054222107,0.09002938866615295
24, best,0.0,0.0037636863999068737,0.09095456451177597,0.08471563458442688
26, actor,0.02511259913444519,0.0,0.4711950421333313,0.0900595635175705
28, a,0.0,0.0,0.04343532398343086,0.06812260299921036
30, series,0.03775971755385399,0.0020096481312066317,0.9907639622688293,0.04664186015725136
