norm_suff_mean,random_suff_mean,norm_comp_mean,random_comp_mean,final suff,final comp,target_tokens
0.012574464082717896,0.0011546669993549585,0.361161470413208,0.07591380923986435,10.890121459960938,6.037140846252441, to$ best$ actor$ a$ series
