norm_suff_mean,random_suff_mean,norm_comp_mean,random_comp_mean,final suff,final comp,target_tokens
0.013773265294730663,0.0013695033267140388,0.4216791093349457,0.0844283327460289,10.057124137878418,6.129870414733887, to$ best$ actor$ a$ series
