target_pos,target_token,norm_suff,random_suff,norm_comp,random_comp
28, The,0.0,0.00019306944159325212,0.06701048463582993,0.14808808267116547
30, Empire,0.04648544639348984,0.0040016015991568565,0.9000146985054016,0.16845393180847168
32, a,0.0,0.0,0.10010283440351486,0.10397880524396896
34, power,0.035898953676223755,0.012875114567577839,0.4927091896533966,0.05043206363916397
36, the,0.014934378676116467,0.01045742817223072,0.11161518096923828,0.08069443702697754
