target_pos,target_token,norm_suff,random_suff,norm_comp,random_comp
28, The,0.0,0.0,0.06678397208452225,0.08415409922599792
30, Empire,0.08257114887237549,0.014290058054029942,0.7455928921699524,0.16142697632312775
32, a,0.0,0.008926521986722946,0.1353149712085724,0.11204590648412704
34, power,0.07747381180524826,0.0,0.5214689373970032,0.10433314740657806
36, the,0.0,0.0,0.05363188311457634,0.05616767331957817
