norm_suff_mean,random_suff_mean,norm_comp_mean,random_comp_mean,final suff,final comp,target_tokens
0.019463757053017616,0.0055054426193237305,0.334290474653244,0.11032946407794952,3.5353665351867676,5.668456554412842, The$ Empire$ a$ power$ the
