norm_suff_mean,random_suff_mean,norm_comp_mean,random_comp_mean,final suff,final comp,target_tokens
0.03200899437069893,0.00464331591501832,0.30455854535102844,0.10362555831670761,6.893563747406006,3.237388849258423, The$ Empire$ a$ power$ the
