target_pos,target_token,norm_suff,random_suff,norm_comp,random_comp
18, in,0.0,0.0,0.21993999183177948,0.13682149350643158
20, south,0.13142721354961395,0.004739697556942701,0.7843844890594482,0.12137389183044434
22, England,0.0,0.0,0.28517231345176697,0.06636183708906174
24,"
",0.0,0.0,0.20886275172233582,0.11640208959579468
26,Jane,0.21190984547138214,0.0025638691149652004,0.3827434480190277,0.06988571584224701
