target_pos,target_token,norm_suff,random_suff,norm_comp,random_comp
18, in,0.0,0.0,0.19259662926197052,0.14526771008968353
20, south,0.06321422755718231,0.0,1.0340458154678345,0.1613616794347763
22, England,0.024169668555259705,0.0,0.7184034585952759,0.19453318417072296
24,"
",0.0,0.0,0.23911133408546448,0.06443357467651367
26,Jane,0.0,0.0009676325717009604,0.4030170142650604,0.10735366493463516
