norm_suff_mean,random_suff_mean,norm_comp_mean,random_comp_mean,final suff,final comp,target_tokens
0.06866741180419922,0.0014607133343815804,0.37622061371803284,0.10216901451349258,47.00950622558594,1.487882137298584," in$ south$ England$
$Jane"
