norm_suff_mean,random_suff_mean,norm_comp_mean,random_comp_mean,final suff,final comp,target_tokens
0.017476780340075493,0.00019352651725057513,0.51743483543396,0.13458995521068573,90.30690002441406,7.701072692871094," in$ south$ England$
$Jane"
