target_pos,target_token,norm_suff,random_suff,norm_comp,random_comp
17, ,0.0,0.0,0.5029925107955933,0.25485759973526
19, ,0.008611289784312248,0.0,0.30988189578056335,0.20785292983055115
21, ,0.04089850187301636,0.0,0.13309931755065918,0.1812478005886078
23, ,0.0,0.0,0.3540523946285248,0.10342593491077423
25, ,0.0,0.0,0.20250527560710907,0.04245692491531372
