target_pos,target_token,norm_suff,random_suff,norm_comp,random_comp
17, ,0.0,0.0,0.17886723577976227,0.24809518456459045
19, ,0.024654358625411987,0.0035781655460596085,0.2470339685678482,0.19290846586227417
21, ,0.03713368996977806,0.02752707712352276,0.3942316174507141,0.2330206334590912
23, ,0.0,0.002566201612353325,0.10363451391458511,0.0975114107131958
25, ,0.06875277310609818,0.0020864265970885754,0.06595627963542938,0.06632441282272339
