norm_suff_mean,random_suff_mean,norm_comp_mean,random_comp_mean,final suff,final comp,target_tokens
0.026108164340257645,0.007151573896408081,0.19794471561908722,0.167572021484375,3.6506879329681396,6.418376445770264, $ $ $ $ 
