target_pos,target_token,norm_suff,random_suff,norm_comp,random_comp
13, They,0.0,0.0,0.3196282684803009,0.2402961254119873
15, used,0.022612497210502625,0.0,0.4904881715774536,0.23740261793136597
17, many,0.023757480084896088,0.0030514332465827465,0.18101665377616882,0.26011767983436584
19,",",0.0,0.0,0.061243172734975815,0.09278253465890884
21, cosmetics,0.08528893440961838,0.0,0.9461571574211121,0.21923787891864777
