target_pos,target_token,norm_suff,random_suff,norm_comp,random_comp
13, They,0.014601191505789757,0.0,0.2155272215604782,0.36869749426841736
15, used,0.0,0.0,0.15073563158512115,0.2577519714832306
17, many,0.041496921330690384,0.0,0.2546549141407013,0.15855546295642853
19,",",0.0,0.0,0.10602046549320221,0.10825859755277634
21, cosmetics,0.0,0.0,1.0,0.25848138332366943
