norm_suff_mean,random_suff_mean,norm_comp_mean,random_comp_mean,final suff,final comp,target_tokens
0.026331782341003418,0.0006102866609580815,0.3997066915035248,0.20996737480163574,43.14657974243164,7.97391414642334," They$ used$ many$,$ cosmetics"
