target_pos,target_token,norm_suff,random_suff,norm_comp,random_comp
21, to,0.0,0.0,0.2808472514152527,0.2914326786994934
23, establishment,0.018044793978333473,0.008393757976591587,0.33126452565193176,0.17528516054153442
25, the,0.0,0.0,0.13331253826618195,0.06984502822160721
27, of,0.0,0.0008867810247465968,0.05270630866289139,0.05602235347032547
29, in,0.0,0.008398888632655144,0.08391346782445908,0.12318544834852219
