target_pos,target_token,norm_suff,random_suff,norm_comp,random_comp
21, to,0.0,0.0,0.1824849396944046,0.2353980988264084
23, establishment,0.02113758772611618,0.007659564726054668,0.2176869660615921,0.18115167319774628
25, the,0.0,0.0,0.08908110111951828,0.08725068718194962
27, of,0.0,0.0016015241853892803,0.023608656600117683,0.022365661337971687
29, in,0.0,0.0,0.41533657908439636,0.03533346951007843
