norm_suff_mean,random_suff_mean,norm_comp_mean,random_comp_mean,final suff,final comp,target_tokens
0.0042275176383554935,0.0018522177124395967,0.1856396496295929,0.11229991912841797,2.2824087142944336,26.56403350830078, to$ establishment$ the$ of$ in
