norm_suff_mean,random_suff_mean,norm_comp_mean,random_comp_mean,final suff,final comp,target_tokens
0.0036089587956666946,0.0035358858294785023,0.1764088124036789,0.14315412938594818,1.0206661224365234,39.666324615478516, to$ establishment$ the$ of$ in
