target_pos,target_token,norm_suff,random_suff,norm_comp,random_comp
16, who,0.0,0.0,0.9683964848518372,0.25338923931121826
18, appeared,0.0015314413467422128,0.0,0.517800509929657,0.03770636394619942
20, over,0.03652433678507805,0.0,0.8989073038101196,0.0684383437037468
22, films,0.0002925503358710557,0.0,0.18458640575408936,0.07423239201307297
24, television,0.0,0.0,0.15453645586967468,0.09242019802331924
