target_pos,target_token,norm_suff,random_suff,norm_comp,random_comp
16, who,0.0,0.0,0.8120217323303223,0.2582354247570038
18, appeared,0.0041563850827515125,0.0,0.49995484948158264,0.07367327064275742
20, over,0.05932319164276123,0.0,0.9457577466964722,0.08723793923854828
22, films,0.00421388354152441,0.0,0.7313252687454224,0.04438523203134537
24, television,0.0,0.0,0.17680776119232178,0.06929746270179749
