target_pos,target_token,norm_suff,random_suff,norm_comp,random_comp
16, ,0.0,0.0,0.3707064688205719,0.39432770013809204
18, ,0.0,0.0015391927445307374,0.24313269555568695,0.1181212067604065
20, ,0.009734832681715488,0.017805546522140503,0.34694844484329224,0.1204688549041748
22, ,0.016146590933203697,0.0,0.17905893921852112,0.15010643005371094
24, ,0.0,0.0,0.1030174046754837,0.12810592353343964
