target_pos,target_token,norm_suff,random_suff,norm_comp,random_comp
16, ,0.0,0.021417785435914993,0.4272245764732361,0.5278267860412598
18, ,0.0,0.07425002753734589,0.2592002749443054,0.1856982558965683
20, ,0.03036932647228241,0.0,0.2785314619541168,0.09894244372844696
22, ,0.0,0.0844903290271759,0.12565606832504272,0.28817129135131836
24, ,0.040468376129865646,0.0,0.21192249655723572,0.0726429671049118
