norm_suff_mean,random_suff_mean,norm_comp_mean,random_comp_mean,final suff,final comp,target_tokens
0.0141675416380167,0.036031629890203476,0.2605069577693939,0.23465636372566223,0.39319735765457153,16.562955856323242, $ $ $ $ 
