norm_suff_mean,random_suff_mean,norm_comp_mean,random_comp_mean,final suff,final comp,target_tokens
0.005176284816116095,0.00386894796974957,0.24857281148433685,0.1822260320186615,1.3379050493240356,35.20402145385742, $ $ $ $ 
