target_pos,target_token,norm_suff,random_suff,norm_comp,random_comp
25, of,0.0,0.0,0.6488766074180603,0.21786724030971527
27,ra,0.003403486218303442,0.000978398253209889,0.9806279540061951,0.01875435747206211
29, and,0.0,0.0,0.46895208954811096,0.3706505596637726
31, in,0.0,0.005736303981393576,0.21027936041355133,0.10837070643901825
33,48,0.0006351518677547574,0.0015647925902158022,0.08340658992528915,0.03148093447089195
