target_pos,target_token,norm_suff,random_suff,norm_comp,random_comp
25, of,0.0,0.0,0.7398920059204102,0.07262180000543594
27,ra,0.01313786581158638,0.0013907368993386626,0.9900509715080261,0.09193576127290726
29, and,0.0,0.006882318761199713,0.2780096232891083,0.5252987146377563
31, in,0.019251519814133644,0.0,0.07274295389652252,0.13574326038360596
33,48,0.002833768492564559,0.0017088681925088167,0.07010586559772491,0.06370917707681656
