norm_suff_mean,random_suff_mean,norm_comp_mean,random_comp_mean,final suff,final comp,target_tokens
0.007044631522148848,0.0019963847007602453,0.4301602840423584,0.17786173522472382,3.5286943912506104,25.247840881347656, of$ra$ and$ in$48
