norm_suff_mean,random_suff_mean,norm_comp_mean,random_comp_mean,final suff,final comp,target_tokens
0.0008077276288531721,0.0016558989882469177,0.47842851281166077,0.14942476153373718,0.48778799176216125,184.99400329589844, of$ra$ and$ in$48
