target_pos,target_token,norm_suff,random_suff,norm_comp,random_comp
12, ,0.0,0.0,0.23865360021591187,0.25483453273773193
14, ,0.0,0.07441283762454987,0.17551933228969574,0.20538637042045593
16, ,0.0,0.0,0.3418543338775635,0.25062617659568787
18, ,0.0,0.02392868511378765,0.12443233281373978,0.14878912270069122
20, ,0.016394246369600296,0.008858955465257168,0.14109967648983002,0.07046768814325333
