target_pos,target_token,norm_suff,random_suff,norm_comp,random_comp
12, ,0.0,0.06599552929401398,0.3651244640350342,0.5384661555290222
14, ,0.0,0.03119589015841484,0.22988013923168182,0.23242869973182678
16, ,0.0803782045841217,0.0,0.2307775318622589,0.24685202538967133
18, ,0.03473890572786331,0.09325071424245834,0.2389003336429596,0.3563311994075775
20, ,0.0,0.09051289409399033,0.3387923836708069,0.13013926148414612
