norm_suff_mean,random_suff_mean,norm_comp_mean,random_comp_mean,final suff,final comp,target_tokens
0.023023422807455063,0.05619100481271744,0.28069496154785156,0.3008434772491455,0.4097350239753723,13.06684398651123, $ $ $ $ 
