norm_suff_mean,random_suff_mean,norm_comp_mean,random_comp_mean,final suff,final comp,target_tokens
0.0032788494136184454,0.02144009619951248,0.20431184768676758,0.18602077662944794,0.15293072164058685,56.733551025390625, $ $ $ $ 
