target_pos,target_token,norm_suff,random_suff,norm_comp,random_comp
21, ,0.0,0.0,0.3004581332206726,0.31782788038253784
23, ,0.020360829308629036,0.0,0.2723015248775482,0.2719395160675049
25, ,0.018754035234451294,0.08168181777000427,0.2631407082080841,0.1407902091741562
27, ,0.049118462949991226,0.0,0.20379100739955902,0.1850375235080719
29, ,0.0007154239574447274,0.07126940786838531,0.08807525038719177,0.07613053172826767
