target_pos,target_token,norm_suff,random_suff,norm_comp,random_comp
21, ,0.0,0.0,0.726438045501709,0.27609020471572876
23, ,0.0,0.0,0.20768481492996216,0.09948084503412247
25, ,0.0,0.016661930829286575,0.11554984748363495,0.2957659363746643
27, ,0.0,0.005654660519212484,0.22539913654327393,0.08673916757106781
29, ,0.021550621837377548,0.0,0.06910238415002823,0.09495888650417328
