norm_suff_mean,random_suff_mean,norm_comp_mean,random_comp_mean,final suff,final comp,target_tokens
0.004310124553740025,0.004463318269699812,0.2688348889350891,0.17060701549053192,0.9656771421432495,39.58285140991211, $ $ $ $ 
