norm_suff_mean,random_suff_mean,norm_comp_mean,random_comp_mean,final suff,final comp,target_tokens
0.017789749428629875,0.030590245500206947,0.22555331885814667,0.1983451396226883,0.5815497636795044,11.149406433105469, $ $ $ $ 
