target_pos,target_token,norm_suff,random_suff,norm_comp,random_comp
23, (,0.0,0.0,0.7436308264732361,0.2813938856124878
25,92,0.0005240756436251104,0.007866169326007366,0.14851875603199005,0.07776380330324173
27,"
",0.0,0.0,0.09379639476537704,0.09295599907636642
29,The,0.0013257366372272372,0.0,0.1591693013906479,0.12337028235197067
31, is,0.0,0.0,0.0700148195028305,0.05652603879570961
