target_pos,target_token,norm_suff,random_suff,norm_comp,random_comp
23, (,0.0,0.0,1.3926734924316406,0.25646650791168213
25,92,0.006859623361378908,0.0,0.08825371414422989,0.046802081167697906
27,"
",0.0,0.0,0.11631994694471359,0.102938212454319
29,The,0.0,0.0,0.09756840020418167,0.11523854732513428
31, is,0.0,0.0029228683561086655,0.06537866592407227,0.09324289113283157
