norm_suff_mean,random_suff_mean,norm_comp_mean,random_comp_mean,final suff,final comp,target_tokens
0.00036996245034970343,0.0015732338652014732,0.2430260181427002,0.12640200555324554,0.23516049981117249,341.6617126464844," ($92$
$The$ is"
