norm_suff_mean,random_suff_mean,norm_comp_mean,random_comp_mean,final suff,final comp,target_tokens
0.0013719246489927173,0.0005845736595802009,0.3520388603210449,0.1229376420378685,2.3468806743621826,89.609619140625," ($92$
$The$ is"
