target_pos,target_token,norm_suff,random_suff,norm_comp,random_comp
22, for,0.0,0.0,0.4635253846645355,0.23563605546951294
24, Los,0.0,0.0,0.818709135055542,0.0817226767539978
26, Dodgers,0.0064933281391859055,0.0,0.7292357087135315,0.04781925678253174
28, Major,0.0573805570602417,0.0,0.9857118129730225,0.08935098350048065
30, Baseball,0.0017254367703571916,0.0,0.9343370199203491,0.015847759321331978
