target_pos,target_token,norm_suff,random_suff,norm_comp,random_comp
22, for,0.0,0.029698338359594345,0.7331722378730774,0.4123295247554779
24, Los,0.0,0.0,1.0,0.10159597545862198
26, Dodgers,0.015357532538473606,0.0005830043810419738,0.5439528822898865,0.14991717040538788
28, Major,0.09854310750961304,0.0,0.9322502613067627,0.024334276095032692
30, Baseball,0.005552387796342373,0.00017623011081013829,0.8633678555488586,0.028425367549061775
