norm_suff_mean,random_suff_mean,norm_comp_mean,random_comp_mean,final suff,final comp,target_tokens
0.023890605196356773,0.006091514602303505,0.814548671245575,0.1433204710483551,3.921948194503784,5.999030590057373, for$ Los$ Dodgers$ Major$ Baseball
