target_pos,target_token,norm_suff,random_suff,norm_comp,random_comp
26, ,0.0,0.0,0.19459213316440582,0.255870521068573
28, ,0.0,0.0,0.159847691655159,0.11450722813606262
30, ,0.05787552893161774,0.02420937269926071,0.10781513899564743,0.07397312670946121
32, ,0.0,0.0,0.055010076612234116,0.08042172342538834
34, ,0.0,0.0,0.05317850783467293,0.034702152013778687
