target_pos,target_token,norm_suff,random_suff,norm_comp,random_comp
26, ,0.0,0.0,0.3779048025608063,0.17669016122817993
28, ,0.0,0.0,0.25380146503448486,0.10253342986106873
30, ,0.004731017630547285,0.0,0.22635680437088013,0.06867635250091553
32, ,0.0,0.11848194897174835,0.06520242989063263,0.0729287639260292
34, ,0.019675670191645622,0.0,0.09404370188713074,0.06437630951404572
