norm_suff_mean,random_suff_mean,norm_comp_mean,random_comp_mean,final suff,final comp,target_tokens
0.004881337750703096,0.02369639091193676,0.20346184074878693,0.09704100340604782,0.20599499344825745,19.880001068115234, $ $ $ $ 
