norm_suff_mean,random_suff_mean,norm_comp_mean,random_comp_mean,final suff,final comp,target_tokens
0.011575105600059032,0.004841874819248915,0.11408871412277222,0.11189495772123337,2.390624761581421,9.666862487792969, $ $ $ $ 
