suff,comp,random_suff,random_comp
0.026987204135141774,0.5891729797013175,0.008665202611970126,0.16931703256507655
