suff,comp,random_suff,random_comp
0.11451118559956656,0.9992100036800818,0.05255298011908845,0.9553068053543917
