suff,comp,random_suff,random_comp
0.030300348702946688,0.7751038324709577,0.010443110108924545,0.3362699838306295
