suff,comp,random_suff,random_comp
0.030300348702946688,0.7751038324709577,0.007474541224971806,0.44843317740735594
