suff,comp,random_suff,random_comp
0.06588247861465459,0.953042662458135,0.01653378013372481,0.6444067871027848
