suff,comp,random_suff,random_comp
0.0807793615535734,0.9567249261207263,0.0323644633111698,0.8740071647644718
