suff,comp,random_suff,random_comp
0.006413574361833118,0.012618943364760347,0.001379072183518356,0.009377991781097784
