suff,comp,random_suff,random_comp
0.005488273468005871,0.014105155389764062,0.0021446290602908694,0.009337362630095155
