suff,comp,random_suff,random_comp
0.026987204135141774,0.5891729797013175,0.010132532664245124,0.26468917491208016
