suff,comp,random_suff,random_comp
0.009974389700083623,0.0002825101489456113,0.005376622890872882,0.00011980106882730074
