suff,comp,random_suff,random_comp
0.0807793615535734,0.9567249261207263,0.023787454003946315,0.8572339067866753
