suff,comp,random_suff,random_comp
0.05274827762318269,0.8760599586950444,0.005856195354323746,0.4908917362447141
