suff,comp,random_suff,random_comp
0.06588247861465459,0.953042662458135,0.014028685355345977,0.6577225788407712
