suff,comp,random_suff,random_comp
0.097778345752475,0.983794676320024,0.04679112463797309,0.8946668420161539
