suff,comp,random_suff,random_comp
0.03254778874808157,0.8871868163196681,0.037671864623132566,0.9096679240293979
