suff,comp,random_suff,random_comp
0.0007286510053469193,0.027923107088806867,0.0011465555728762844,0.0283828154885424
