suff,comp,random_suff,random_comp
0.026385174092001352,0.8120811324925912,0.006246800034532159,0.5962131950709222
