suff,comp,random_suff,random_comp
0.03006486685379581,0.8962744441211626,0.019963485743569428,0.8456879592117046
