norm_suff_mean,random_suff_mean,norm_comp_mean,random_comp_mean,final suff,final comp,target_tokens
0.043446388095617294,0.02626468800008297,0.009588353335857391,0.008229827508330345,1.6541749238967896,0.18942490220069885, Because$ was$.$I$ sorry
