norm_suff_mean,random_suff_mean,norm_comp_mean,random_comp_mean,final suff,final comp,target_tokens
0.022591158747673035,0.05498763546347618,0.009357734583318233,0.0068603865802288055,0.4108406901359558,0.30367574095726013, She$'t$.$ was$ thirsty
