target_pos,target_token,norm_suff,random_suff,norm_comp,random_comp
48, She,0.09969988465309143,0.0,0.03458657115697861,0.00662017660215497
50,'t,0.006727857980877161,0.0,0.005398869980126619,0.0015684469835832715
52,.,0.0,0.2174864262342453,0.012630454264581203,0.008224000222980976
54, walked,0.007000820245593786,0.004731006920337677,0.008839021436870098,0.00561396311968565
56, to,0.032800715416669846,0.0,0.0116432411596179,0.004104659892618656
