norm_suff_mean,random_suff_mean,norm_comp_mean,random_comp_mean,final suff,final comp,target_tokens
0.029245857149362564,0.044443488121032715,0.014619632624089718,0.00522624934092164,0.6580459475517273,0.1787005066871643, She$'t$.$ walked$ to
