target_pos,target_token,norm_suff,random_suff,norm_comp,random_comp
58, I,0.07047015428543091,0.0,0.013784162700176239,0.003997450228780508
60,'t,0.0011489172466099262,0.0,0.0034631816670298576,0.0005655145505443215
62,.,0.0,0.0,0.013429990969598293,0.010209744796156883
64, just,0.009584013372659683,0.006711828056722879,0.008526865392923355,0.007376605179160833
66, to,0.009607003070414066,0.05291472002863884,0.009606434032320976,0.005543503910303116
