norm_suff_mean,random_suff_mean,norm_comp_mean,random_comp_mean,final suff,final comp,target_tokens
0.018162017688155174,0.011925309896469116,0.009762126952409744,0.005538564175367355,1.522980809211731,0.30495312809944153, I$'t$.$ just$ to
