norm_suff_mean,random_suff_mean,norm_comp_mean,random_comp_mean,final suff,final comp,target_tokens
0.009687385521829128,0.0327053964138031,0.009194301441311836,0.007112836930900812,0.2962014377117157,0.734237015247345, She$ hungry$ She$ not$ since
