norm_suff_mean,random_suff_mean,norm_comp_mean,random_comp_mean,final suff,final comp,target_tokens
0.0475153774023056,0.004496772773563862,0.024091340601444244,0.010581834241747856,10.566550254821777,0.22270336747169495, Because$ was$ black$ with$ friend
