norm_suff_mean,random_suff_mean,norm_comp_mean,random_comp_mean,final suff,final comp,target_tokens
0.04142514616250992,0.0943533256649971,0.017265645787119865,0.012867934070527554,0.4390427768230438,0.3106309771537781, She$'t$.$ just$.
