norm_suff_mean,random_suff_mean,norm_comp_mean,random_comp_mean,final suff,final comp,target_tokens
0.018553612753748894,0.029486505314707756,0.012167965061962605,0.010860655456781387,0.6292238831520081,0.5853660702705383, She$'t$.$ just$.
