norm_suff_mean,random_suff_mean,norm_comp_mean,random_comp_mean,final suff,final comp,target_tokens
0.05784099921584129,0.030113792046904564,0.007832222618162632,0.006685750093311071,1.9207477569580078,0.11558842658996582, She$ going$ the$ to$ married
