target_pos,target_token,norm_suff,random_suff,norm_comp,random_comp
57, I,0.06863776594400406,0.09727083146572113,0.011472271755337715,0.009465544484555721
59,'t,0.0,0.0,0.004269835539162159,0.012882299721240997
61,.,0.11830399930477142,0.36970824003219604,0.007310751359909773,0.002453708788380027
63, just,0.0035880631767213345,0.0008135451935231686,0.007168625947088003,0.006356166210025549
65, them,0.0,0.0,0.011242532171308994,0.005276267416775227
