norm_suff_mean,random_suff_mean,norm_comp_mean,random_comp_mean,final suff,final comp,target_tokens
0.03810596466064453,0.09355852752923965,0.008292803540825844,0.007286797743290663,0.40729546546936035,0.1912245899438858, I$'t$.$ just$ them
