norm_suff_mean,random_suff_mean,norm_comp_mean,random_comp_mean,final suff,final comp,target_tokens
0.016416793689131737,0.000522013520821929,0.008354752324521542,0.006776550319045782,31.44898223876953,0.41278159618377686, Chris$ happy$ he$ learning$.
