target_pos,target_token,norm_suff,random_suff,norm_comp,random_comp
45,"
",0.09857748448848724,0.061998382210731506,0.01566581428050995,0.009082145057618618
47,The,0.0,0.0889948308467865,0.013232583180069923,0.013119189999997616
49, asked,0.0,0.019058069214224815,0.015372583642601967,0.006430177018046379
51, kid,0.0016486633103340864,0.0025108212139457464,0.008632882498204708,0.004868267569690943
53," """,0.00828862190246582,0.0,0.008164972066879272,0.003538930555805564
