target_pos,target_token,norm_suff,random_suff,norm_comp,random_comp
45,"
",0.23302486538887024,0.0,0.017486708238720894,0.009595817886292934
47,The,0.0,0.061545468866825104,0.017611397430300713,0.008053150027990341
49, asked,0.002444293349981308,0.0,0.00883831549435854,0.010528008453547955
51, kid,0.0,0.0008194837719202042,0.012962418608367443,0.00804163794964552
53," """,0.03296180069446564,0.0,0.008154990151524544,0.004864043090492487
