norm_suff_mean,random_suff_mean,norm_comp_mean,random_comp_mean,final suff,final comp,target_tokens
0.021702954545617104,0.03451242297887802,0.01221376657485962,0.007407742086797953,0.628844678401947,0.341324120759964,"
$The$ asked$ kid$ """
