norm_suff_mean,random_suff_mean,norm_comp_mean,random_comp_mean,final suff,final comp,target_tokens
0.053686197847127914,0.012472989968955517,0.013010765425860882,0.008216531947255135,4.304196357727051,0.1530473828315735,"
$The$ asked$ kid$ """
