target_pos,target_token,norm_suff,random_suff,norm_comp,random_comp
50, Because,0.07627397030591965,0.0,0.004730850458145142,0.006693885196000338
52, was,0.004337025340646505,0.001481889747083187,0.008030567318201065,0.0036102752201259136
54,.,0.0,0.0,0.006619507912546396,0.008801855146884918
56,I,0.0,0.0,0.012039312161505222,0.006635877303779125
58, sorry,0.028565410524606705,0.05122188478708267,0.004474472254514694,0.00449342979118228
