target_pos,target_token,norm_suff,random_suff,norm_comp,random_comp
50, Because,0.09069843590259552,0.0,0.008063433691859245,0.007630673702806234
52, was,0.0,0.0,0.008284412324428558,0.004743111785501242
54,.,0.0,0.0,0.00811815820634365,0.006419436074793339
56,I,0.0,0.0,0.012860824353992939,0.008033465594053268
58, sorry,0.0552227683365345,0.0,0.008575048297643661,0.008448787033557892
