norm_suff_mean,random_suff_mean,norm_comp_mean,random_comp_mean,final suff,final comp,target_tokens
0.02183528244495392,0.010540755465626717,0.007178942207247019,0.006047064904123545,2.0715103149414062,0.27694007754325867, Because$ was$.$I$ sorry
