target_pos,target_token,norm_suff,random_suff,norm_comp,random_comp
76,"
",0.0,0.0,0.007549695670604706,0.007850673981010914
78,I,0.0,0.0,0.009326974861323833,0.0087984474375844
80, shopping,0.0,0.0,0.008136393502354622,0.006314845290035009
82, an,0.020095841959118843,0.0009304560953751206,0.00650233868509531,0.002534888219088316
84, mall,0.0,0.0,0.00029437587363645434,0.0005543894949369133
