target_pos,target_token,norm_suff,random_suff,norm_comp,random_comp
76,"
",0.0,0.0,0.02451705001294613,0.012357798404991627
78,I,0.019635895267128944,0.03347843885421753,0.005036365240812302,0.011478329077363014
80, shopping,0.0,0.0,0.01021939143538475,0.0029196341056376696
82, an,0.0,0.0,0.0017538745887577534,0.002562891226261854
84, mall,0.0,0.0,0.0002709116379264742,0.0003665359690785408
