norm_suff_mean,random_suff_mean,norm_comp_mean,random_comp_mean,final suff,final comp,target_tokens
0.004019168671220541,0.00018609121616464108,0.006361956242471933,0.0052106487564742565,21.597841262817383,1.2964494228363037,"
$I$ shopping$ an$ mall"
