norm_suff_mean,random_suff_mean,norm_comp_mean,random_comp_mean,final suff,final comp,target_tokens
0.003927179146558046,0.006695687770843506,0.008359518833458424,0.0059370375238358974,0.5865236520767212,1.5117816925048828,"
$I$ shopping$ an$ mall"
