target_pos,target_token,norm_suff,random_suff,norm_comp,random_comp
52, She,0.0,0.0,0.014350717887282372,0.011002449318766594
54,'t,0.0,0.0,0.004700614605098963,0.002526420634239912
56,.,0.0,0.0,0.006217664573341608,0.003462156979367137
58, was,0.0,0.013197977095842361,0.006327378563582897,0.005838341079652309
60, thirsty,0.0,0.0,0.00930090993642807,0.009115532971918583
