target_pos,target_token,norm_suff,random_suff,norm_comp,random_comp
52, She,0.0,0.0,0.0122098783031106,0.012281917035579681
54,'t,0.0,0.0001733110984787345,0.007492195814847946,0.00277139525860548
56,.,0.0,0.1096782386302948,0.008756021037697792,0.004486474674195051
58, was,0.011082032695412636,0.0,0.005826436914503574,0.007125403266400099
60, thirsty,0.0,0.0,0.010733891278505325,0.010582727380096912
