norm_suff_mean,random_suff_mean,norm_comp_mean,random_comp_mean,final suff,final comp,target_tokens
0.0022164066322147846,0.02197030931711197,0.009003684855997562,0.007449583616107702,0.1008819043636322,3.3611087799072266, She$'t$.$ was$ thirsty
