target_pos,target_token,norm_suff,random_suff,norm_comp,random_comp
48, She,0.0,0.0,0.013362331315875053,0.009391875006258488
50,'t,0.011631244793534279,0.010362652130424976,0.007369438651949167,0.003876066068187356
52,.,0.0,0.004309692420065403,0.009558038786053658,0.0044420198537409306
54, walked,0.0,0.0043551684357225895,0.010980462655425072,0.005270191468298435
56, to,0.0,0.0669572651386261,0.007696477696299553,0.008343348279595375
