target_pos,target_token,norm_suff,random_suff,norm_comp,random_comp
48, She,0.1132793053984642,0.0,0.010035837069153786,0.0141685139387846
50,'t,0.0284287016838789,0.0,0.00354726891964674,0.0012751891044899821
52,.,0.0,0.0,0.009297947399318218,0.00617323350161314
54, walked,0.0,0.012431034818291664,0.007039761170744896,0.0075784241780638695
56, to,0.0025629198644310236,0.05386833846569061,0.0036038821563124657,0.009958441369235516
