norm_suff_mean,random_suff_mean,norm_comp_mean,random_comp_mean,final suff,final comp,target_tokens
0.028854185715317726,0.013259874656796455,0.006704939063638449,0.007830760441720486,2.1760525703430176,0.27139079570770264, She$'t$.$ walked$ to
