norm_suff_mean,random_suff_mean,norm_comp_mean,random_comp_mean,final suff,final comp,target_tokens
0.002326248912140727,0.017196957021951675,0.009793350473046303,0.006264700088649988,0.13527096807956696,2.6930480003356934, She$'t$.$ walked$ to
