target_pos,target_token,norm_suff,random_suff,norm_comp,random_comp
47, Because,0.0,0.08482827991247177,0.02046891674399376,0.02356632798910141
49, was,0.0,0.014317023567855358,0.008537971414625645,0.012130729854106903
51, of,0.0,0.0,0.022219175472855568,0.007952232845127583
53, a,0.04017365351319313,0.02856871858239174,0.019031163305044174,0.010601067915558815
55, bum,0.0,0.0,0.016274504363536835,0.010225954465568066
