target_pos,target_token,norm_suff,random_suff,norm_comp,random_comp
47, Because,0.0,0.0,0.01984499767422676,0.012302475981414318
49, was,0.0,0.0,0.013178464956581593,0.008475340902805328
51, of,0.0,0.0,0.009940847754478455,0.019178837537765503
53, a,0.03956950455904007,0.0,0.0166250579059124,0.017471088096499443
55, bum,0.0,0.003902470925822854,0.017505569383502007,0.007319428026676178
