norm_suff_mean,random_suff_mean,norm_comp_mean,random_comp_mean,final suff,final comp,target_tokens
0.007913901470601559,0.0007804941851645708,0.015418986789882183,0.012949434109032154,10.139603614807129,1.6362894773483276, Because$ was$ of$ a$ bum
