norm_suff_mean,random_suff_mean,norm_comp_mean,random_comp_mean,final suff,final comp,target_tokens
0.008034731261432171,0.02554280497133732,0.01730634644627571,0.01289526280015707,0.3145594596862793,1.6049401760101318, Because$ was$ of$ a$ bum
