target_pos,target_token,norm_suff,random_suff,norm_comp,random_comp
58, I,0.005658142268657684,0.08648273348808289,0.003644524607807398,0.00915564689785242
60,'t,0.001339007867500186,0.0013707095058634877,0.002225515665486455,0.0005679403548128903
62,.,0.0,0.0,0.009329287335276604,0.005920021329075098
64, just,0.03870925307273865,0.01673656702041626,0.00635521998628974,0.006506356410682201
66, to,0.059376008808612823,0.04183925688266754,0.004113330971449614,0.005384426563978195
