target_pos,target_token,norm_suff,random_suff,norm_comp,random_comp
58, I,0.0,0.0,0.007613067515194416,0.010324789211153984
60,'t,0.0,0.003887465223670006,0.0004845459770876914,0.0007058778428472579
62,.,0.0,0.0,0.008984104730188847,0.007713679224252701
64, just,0.01152013149112463,0.006567725446075201,0.006646863184869289,0.005689762532711029
66, to,0.0,0.0,0.0020211704540997744,0.0031406658235937357
