norm_suff_mean,random_suff_mean,norm_comp_mean,random_comp_mean,final suff,final comp,target_tokens
0.0023040263913571835,0.0020910382736474276,0.00514995027333498,0.005514954682439566,1.1018575429916382,2.393616199493408, I$'t$.$ just$ to
