norm_suff_mean,random_suff_mean,norm_comp_mean,random_comp_mean,final suff,final comp,target_tokens
0.02101648412644863,0.029285853728652,0.005133576225489378,0.0055068782530725,0.7176326513290405,0.2620266079902649, I$'t$.$ just$ to
