target_pos,target_token,norm_suff,random_suff,norm_comp,random_comp
52, Because,0.13654932379722595,0.04758003354072571,0.01755007915198803,0.018594592809677124
54, loved,0.0,0.0,0.021668333560228348,0.012865366414189339
56,.,0.0,0.011983388103544712,0.00861692801117897,0.0077666896395385265
58,"
",0.0,0.01940336637198925,0.005889527034014463,0.002893878845497966
60, loved,0.0,0.029487015679478645,0.010799851268529892,0.00572029547765851
