target_pos,target_token,norm_suff,random_suff,norm_comp,random_comp
52, Because,0.0,0.025759801268577576,0.016852818429470062,0.00793143268674612
54, loved,0.0,0.0,0.010572094470262527,0.015356696210801601
56,.,0.13295522332191467,0.019041594117879868,0.01799996942281723,0.0071663339622318745
58,"
",0.0,0.0,0.0030823906417936087,0.012999847531318665
60, loved,0.023483073338866234,0.0,0.013933462090790272,0.010527211241424084
