target_pos,target_token,norm_suff,random_suff,norm_comp,random_comp
69, She,0.06371885538101196,0.0,0.014591391198337078,0.00802704133093357
71, hungry,0.0,0.0,0.01219666376709938,0.012932274490594864
73, She,0.06886765360832214,0.0,0.013001332990825176,0.00662135099992156
75, not,0.022586742416024208,0.0,0.0071199811063706875,0.005695983301848173
77, since,0.014740017242729664,0.05270788446068764,0.007610999047756195,0.006287092808634043
