target_pos,target_token,norm_suff,random_suff,norm_comp,random_comp
69, She,0.0,0.05006176233291626,0.013647986575961113,0.016265500336885452
71, hungry,0.0,0.05585145577788353,0.020151162520051003,0.02077028714120388
73, She,0.10303545743227005,0.03522206097841263,0.007436600048094988,0.007063213270157576
75, not,0.05273360386490822,0.030182700604200363,0.010603430680930614,0.007188860327005386
77, since,0.0,0.0,0.005741897504776716,0.00916300155222416
