norm_suff_mean,random_suff_mean,norm_comp_mean,random_comp_mean,final suff,final comp,target_tokens
0.03398265317082405,0.010541576892137527,0.010904073715209961,0.007912748493254185,3.2236783504486084,0.2328466922044754, She$ hungry$ She$ not$ since
