norm_suff_mean,random_suff_mean,norm_comp_mean,random_comp_mean,final suff,final comp,target_tokens
0.031153813004493713,0.034263595938682556,0.011516216211020947,0.012090172618627548,0.9092394709587097,0.38808003067970276, She$ hungry$ She$ not$ since
