target_pos,target_token,norm_suff,random_suff,norm_comp,random_comp
63,"
",0.0,0.0025237160734832287,0.014464626088738441,0.010081612505018711
65,S,0.01048286259174347,0.028444405645132065,0.01573614403605461,0.009663129225373268
67,tha,0.0,0.0,0.001958184875547886,0.0007216744706965983
69, to,0.04204588383436203,0.06079979985952377,0.001528873690403998,0.0007130428566597402
71, out,0.0,0.0,0.001975941937416792,0.0018498203717172146
