target_pos,target_token,norm_suff,random_suff,norm_comp,random_comp
63,"
",0.0,0.0,0.009370090439915657,0.00904160924255848
65,S,0.0,0.0,0.016070900484919548,0.009902901947498322
67,tha,0.0,0.0,0.0018739314982667565,0.0007653218344785273
69, to,0.011753581464290619,0.019498689100146294,0.0010969003196805716,0.0010467666434124112
71, out,0.0,0.006381216924637556,0.0015587162924930453,0.0008378085913136601
