norm_suff_mean,random_suff_mean,norm_comp_mean,random_comp_mean,final suff,final comp,target_tokens
0.0023507163859903812,0.00517598120495677,0.005994108039885759,0.004318881779909134,0.45415860414505005,1.8372619152069092,"
$S$tha$ to$ out"
