norm_suff_mean,random_suff_mean,norm_comp_mean,random_comp_mean,final suff,final comp,target_tokens
0.010505749844014645,0.01835358515381813,0.0071327537298202515,0.004605855792760849,0.5724086165428162,0.4384128451347351,"
$S$tha$ to$ out"
