target_pos,target_token,norm_suff,random_suff,norm_comp,random_comp
56, Because,0.0,0.03067343682050705,0.008969821035861969,0.0054152049124240875
58, wanted,0.0,0.0,0.004734172020107508,0.004566843155771494
60, to,0.0,0.0,0.0009431028738617897,0.0016931332647800446
62, ahead,0.0,0.0,0.01063983142375946,0.007694122847169638
64,"
",0.0,0.0,0.006446013692766428,0.0088398028165102
