target_pos,target_token,norm_suff,random_suff,norm_comp,random_comp
56, Because,0.0,0.05135452747344971,0.004834912717342377,0.004095076117664576
58, wanted,0.0,0.0,0.0061285425908863544,0.004949941765516996
60, to,0.04257433861494064,0.017900019884109497,0.0010745478793978691,0.0011412904132157564
62, ahead,0.0,0.0,0.019041646271944046,0.0016425549983978271
64,"
",0.04952826723456383,0.0,0.006593023892492056,0.006037353537976742
