norm_suff_mean,random_suff_mean,norm_comp_mean,random_comp_mean,final suff,final comp,target_tokens
0.018420521169900894,0.013850909657776356,0.007534535136073828,0.0035732437390834093,1.3299142122268677,0.19398169219493866," Because$ wanted$ to$ ahead$
"
