target_pos,target_token,norm_suff,random_suff,norm_comp,random_comp
54, Because,0.058891791850328445,0.002124837599694729,0.026476813480257988,0.007869713939726353
56, was,0.0,0.007754042278975248,0.010250316001474857,0.007570310961455107
58, black,0.05059131607413292,0.0,0.009026655927300453,0.006759812589734793
60, with,0.0,0.03357245400547981,0.01201079972088337,0.01623707264661789
62, friend,0.0,0.026591839268803596,0.012929840013384819,0.012187942862510681
