target_pos,target_token,norm_suff,random_suff,norm_comp,random_comp
54, Because,0.0,0.026647288352251053,0.01407146267592907,0.00527668371796608
56, was,0.0,0.0,0.006861025467514992,0.012757391668856144
58, black,0.015697861090302467,0.0355474129319191,0.006446032784879208,0.00649257330223918
60, with,0.0,0.01683550514280796,0.021554941311478615,0.012819403782486916
62, friend,0.027854211628437042,0.0,0.014004308730363846,0.013557340949773788
