norm_suff_mean,random_suff_mean,norm_comp_mean,random_comp_mean,final suff,final comp,target_tokens
0.021896621212363243,0.01400863565504551,0.014138884842395782,0.01012497115880251,1.5630801916122437,0.46239879727363586, Because$ was$ black$ with$ friend
