norm_suff_mean,random_suff_mean,norm_comp_mean,random_comp_mean,final suff,final comp,target_tokens
0.008710414171218872,0.015806039795279503,0.012587553821504116,0.010180679149925709,0.5510813593864441,1.1687939167022705, Because$ was$ black$ with$ friend
