target_pos,target_token,norm_suff,random_suff,norm_comp,random_comp
68, Mary,0.017583761364221573,0.04866841435432434,0.015074103139340878,0.005939306225627661
70, about,0.0,0.09203524142503738,0.00863966066390276,0.008450782857835293
72, for,0.01126104686409235,0.0,0.006917981896549463,0.006671932525932789
74, long,0.0,0.0027233948931097984,0.004890878219157457,0.010562583804130554
76,.,0.0,0.0,0.00316624715924263,0.008378117345273495
