target_pos,target_token,norm_suff,random_suff,norm_comp,random_comp
68, Mary,0.07102574408054352,0.021585771813988686,0.016894543543457985,0.011276072822511196
70, about,0.0,0.02230660989880562,0.007774066179990768,0.006061892490833998
72, for,0.0,0.006271297577768564,0.0046559954062104225,0.0045463647693395615
74, long,0.0,0.0,0.00798791367560625,0.003583268029615283
76,.,0.0,0.0,0.003251961898058653,0.003278343705460429
