norm_suff_mean,random_suff_mean,norm_comp_mean,random_comp_mean,final suff,final comp,target_tokens
0.005768961738795042,0.02868540957570076,0.0077377744019031525,0.008000544272363186,0.20111136138439178,1.386825680732727, Mary$ about$ for$ long$.
