norm_suff_mean,random_suff_mean,norm_comp_mean,random_comp_mean,final suff,final comp,target_tokens
0.014205149374902248,0.01003273669630289,0.008112896233797073,0.0057491883635520935,1.4158798456192017,0.4047256410121918, Mary$ about$ for$ long$.
