target_pos,target_token,norm_suff,random_suff,norm_comp,random_comp
57,"
",0.0,0.009680662304162979,0.015385269187390804,0.012047766707837582
59,Matt,0.0,0.11571446806192398,0.010599784553050995,0.016013512387871742
61, Sarah,0.00012667823466472328,0.0,0.0027163063641637564,0.0010999146616086364
63, to,0.0,0.0,0.009993218816816807,0.007616903632879257
65, their,0.0,0.006461701821535826,0.013112162239849567,0.010416001081466675
