target_pos,target_token,norm_suff,random_suff,norm_comp,random_comp
57,"
",0.0,0.0,0.024977941066026688,0.0063497163355350494
59,Matt,0.0,0.0,0.018042588606476784,0.01955903321504593
61, Sarah,0.0,0.0,0.0009742968250066042,0.0012544287601485848
63, to,0.01193977054208517,0.0,0.003428766969591379,0.009837951511144638
65, their,0.0,0.0,0.01264217309653759,0.017784226685762405
