norm_suff_mean,random_suff_mean,norm_comp_mean,random_comp_mean,final suff,final comp,target_tokens
2.5335646569146775e-05,0.026371365413069725,0.010361348278820515,0.009438819251954556,0.0009607256506569684,372.55096435546875,"
$Matt$ Sarah$ to$ their"
