target_pos,target_token,norm_suff,random_suff,norm_comp,random_comp
55,	,0.023880403488874435,0.05174049362540245,0.018512539565563202,0.02073739655315876
57, she,0.0,0.0,0.011344426311552525,0.010563916526734829
59, to,0.0,0.0040768813341856,0.0021547439973801374,0.0035246792249381542
61,"
",0.07875943183898926,0.09401650726795197,0.010927284136414528,0.01032920554280281
63,What,0.00830603763461113,0.013233611360192299,0.0187961608171463,0.01669507846236229
