target_pos,target_token,norm_suff,random_suff,norm_comp,random_comp
55,	,0.0597146637737751,0.0,0.022863510996103287,0.009309054352343082
57, she,0.007922141812741756,0.0,0.006284271366894245,0.013132470659911633
59, to,0.0,0.0,0.0028658618684858084,0.003596032503992319
61,"
",0.0013182242400944233,0.06350965052843094,0.008637184277176857,0.009251692332327366
63,What,0.0,0.024845631793141365,0.013651602901518345,0.023931391537189484
