norm_suff_mean,random_suff_mean,norm_comp_mean,random_comp_mean,final suff,final comp,target_tokens
0.022189175710082054,0.032613497227430344,0.012347030453383923,0.012370056472718716,0.6803678870201111,0.557481586933136,"	$ she$ to$
$What"
