norm_suff_mean,random_suff_mean,norm_comp_mean,random_comp_mean,final suff,final comp,target_tokens
0.013791005127131939,0.01767105609178543,0.010860486887395382,0.011844128370285034,0.7804290056228638,0.8588299751281738,"	$ she$ to$
$What"
