target_pos,target_token,norm_suff,random_suff,norm_comp,random_comp
44, She,0.012499048374593258,0.08747154474258423,0.026510469615459442,0.00949539989233017
46,'t,0.0,0.00285344198346138,0.026915406808257103,0.008695569820702076
48,.,0.0,0.0,0.015516805462539196,0.013663457706570625
50, just,0.0,0.002447749488055706,0.012871802784502506,0.005035686772316694
52,.,0.011057688854634762,0.0,0.002869309624657035,0.0041410247795283794
