target_pos,target_token,norm_suff,random_suff,norm_comp,random_comp
44, She,0.0,0.07730254530906677,0.013237624429166317,0.02099885232746601
46,'t,0.0,0.004323693457990885,0.024934453889727592,0.016434650868177414
48,.,0.0,0.0,0.01124380063265562,0.012183950282633305
50, just,0.0,0.0020540186669677496,0.007953315041959286,0.007930268533527851
52,.,0.1037709042429924,0.012880690395832062,0.003290168708190322,0.0056669991463422775
