norm_suff_mean,random_suff_mean,norm_comp_mean,random_comp_mean,final suff,final comp,target_tokens
0.02075418084859848,0.019312189891934395,0.012131872586905956,0.012642944231629372,1.0746674537658691,0.6091758012771606, She$'t$.$ just$.
