norm_suff_mean,random_suff_mean,norm_comp_mean,random_comp_mean,final suff,final comp,target_tokens
0.004711347632110119,0.01855454593896866,0.016936758533120155,0.008206227794289589,0.25391876697540283,1.7418005466461182, She$'t$.$ just$.
