target_pos,target_token,norm_suff,random_suff,norm_comp,random_comp
57,"
",0.0,0.019730733707547188,0.013973620720207691,0.01283182855695486
59,Michael,0.02164965122938156,0.0,0.020942389965057373,0.02052823081612587
61, playing,0.0,0.0019891737028956413,0.015801293775439262,0.0204866211861372
63, with,0.0,0.009909519925713539,0.0020794346928596497,0.002390399808064103
65, friends,0.0,0.000194276130059734,0.0008689961396157742,0.0007709947531111538
