target_pos,target_token,norm_suff,random_suff,norm_comp,random_comp
57,"
",0.0,0.127113938331604,0.013084661215543747,0.026064792647957802
59,Michael,0.0,0.0,0.026199746876955032,0.017039578408002853
61, playing,0.0,0.0,0.025123324245214462,0.020360799506306648
63, with,0.004791843704879284,0.0,0.004233361687511206,0.00602866942062974
65, friends,0.0,0.00014554205699823797,0.0011660284362733364,0.0014062047703191638
