norm_suff_mean,random_suff_mean,norm_comp_mean,random_comp_mean,final suff,final comp,target_tokens
0.004329930525273085,0.006364740431308746,0.010733147151768208,0.011401615105569363,0.6802996397018433,2.633209705352783,"
$Michael$ playing$ with$ friends"
