norm_suff_mean,random_suff_mean,norm_comp_mean,random_comp_mean,final suff,final comp,target_tokens
0.0009583687642589211,0.025451896712183952,0.013961425982415676,0.014180007390677929,0.03765412047505379,14.795982360839844,"
$Michael$ playing$ with$ friends"
