target_pos,target_token,norm_suff,random_suff,norm_comp,random_comp
51, Because,0.09012421220541,0.0007669511251151562,0.006610592361539602,0.007166077382862568
53, wanted,0.0,0.0,0.012655970640480518,0.00665482459589839
55, paint,0.0,0.00015499416622333229,0.012600221671164036,0.006947577930986881
57, bedroom,0.0,0.005576934199780226,0.014936179853975773,0.005155638791620731
59,.,0.0,0.0,0.010290333069860935,0.0067364005371928215
