target_pos,target_token,norm_suff,random_suff,norm_comp,random_comp
51, Because,0.0,0.11015388369560242,0.008205201476812363,0.005737755447626114
53, wanted,0.0,0.0,0.005781223066151142,0.00494521576911211
55, paint,0.002007740316912532,0.0008047872106544673,0.005536744371056557,0.0067537869326770306
57, bedroom,0.0015722267562523484,0.00014524493599310517,0.027864033356308937,0.012843667529523373
59,.,0.0,0.0,0.012350629083812237,0.009528325870633125
