norm_suff_mean,random_suff_mean,norm_comp_mean,random_comp_mean,final suff,final comp,target_tokens
0.0007159934611991048,0.022220782935619354,0.011947566643357277,0.007961750030517578,0.03222179412841797,11.119864463806152, Because$ wanted$ paint$ bedroom$.
