norm_suff_mean,random_suff_mean,norm_comp_mean,random_comp_mean,final suff,final comp,target_tokens
0.01802484318614006,0.001299775904044509,0.011418660171329975,0.006532104220241308,13.867654800415039,0.3623945116996765, Because$ wanted$ paint$ bedroom$.
