target_pos,target_token,norm_suff,random_suff,norm_comp,random_comp
64, She,0.0,0.136800616979599,0.013578646816313267,0.010319873690605164
66,'t,0.016178691759705544,0.005615724716335535,0.0011841574450954795,0.005045974627137184
68,.,0.02466915361583233,0.01848861202597618,0.013130128383636475,0.013321713544428349
70, just,0.020644791424274445,0.023266078904271126,0.008550355210900307,0.005159120075404644
72,.,0.11270147562026978,0.06602681428194046,0.0049241529777646065,0.0022677811793982983
