target_pos,target_token,norm_suff,random_suff,norm_comp,random_comp
64, She,0.0,0.0,0.01240528840571642,0.006534090265631676
66,'t,0.0,9.101953764911741e-06,0.004042196553200483,0.006672507151961327
68,.,0.018027039244771004,0.03872139751911163,0.014906935393810272,0.00870110560208559
70, just,0.032218869775533676,0.025715526193380356,0.0048215799033641815,0.005182586144655943
72,.,0.0,0.029483415186405182,0.0069837686605751514,0.007713605184108019
