norm_suff_mean,random_suff_mean,norm_comp_mean,random_comp_mean,final suff,final comp,target_tokens
0.03483882546424866,0.050039567053318024,0.008273488841950893,0.007222892250865698,0.6962255835533142,0.2073230743408203, She$'t$.$ just$.
