norm_suff_mean,random_suff_mean,norm_comp_mean,random_comp_mean,final suff,final comp,target_tokens
0.010049181990325451,0.018785890191793442,0.008631953969597816,0.006960778962820768,0.5349324345588684,0.6926711797714233, She$'t$.$ just$.
