target_pos,target_token,norm_suff,random_suff,norm_comp,random_comp
52, She,0.07310989499092102,0.0,0.009622705169022083,0.007868771441280842
54, going,0.0181489959359169,0.0,0.012391229160130024,0.005728130228817463
56, the,0.0,0.030340660363435745,0.009370772168040276,0.007627684623003006
58, to,0.023663613945245743,0.0,0.008252442814409733,0.005502356216311455
60, married,0.0,0.0,0.013256851583719254,0.007186276838183403
