target_pos,target_token,norm_suff,random_suff,norm_comp,random_comp
52, She,0.0,0.15055687725543976,0.013823537155985832,0.011117671616375446
54, going,0.0295561570674181,0.0,0.008112131617963314,0.011493174359202385
56, the,0.04952847212553024,0.0,0.011721362359821796,0.00765186408534646
58, to,0.0798226147890091,0.08169956505298615,0.004869576543569565,0.008309679105877876
60, married,0.0,0.0,0.008353015407919884,0.007690151687711477
