norm_suff_mean,random_suff_mean,norm_comp_mean,random_comp_mean,final suff,final comp,target_tokens
0.022984502837061882,0.006068132352083921,0.010578799992799759,0.006782643496990204,3.7877392768859863,0.29509636759757996, She$ going$ the$ to$ married
