norm_suff_mean,random_suff_mean,norm_comp_mean,random_comp_mean,final suff,final comp,target_tokens
0.03178144618868828,0.04645128920674324,0.009375925175845623,0.009252508170902729,0.6841886639595032,0.2911292314529419, She$ going$ the$ to$ married
