target_pos,target_token,norm_suff,random_suff,norm_comp,random_comp
57, I,0.0,0.12447426468133926,0.02149462327361107,0.004253052175045013
59,'t,0.006290624383836985,0.002305062720552087,0.0008775075548328459,0.005644192453473806
61,.,0.1635376363992691,0.11812442541122437,0.004171519540250301,0.004349526949226856
63, just,0.010033036582171917,0.0,0.011237943544983864,0.005381969269365072
65, them,0.0,0.0,0.006564593408256769,0.0062715900130569935
