target_pos,target_token,norm_suff,random_suff,norm_comp,random_comp
57, I,0.09336919337511063,0.153636172413826,0.015351193025708199,0.010777837596833706
59,'t,0.0016472982242703438,0.002880426123738289,0.004587198607623577,0.019986674189567566
61,.,0.26353228092193604,0.011873147450387478,0.004950413946062326,0.004023078363388777
63, just,0.0,0.0,0.013564905151724815,0.0040105483494699
65, them,0.0,0.0,0.00407903827726841,0.008316480554640293
