norm_suff_mean,random_suff_mean,norm_comp_mean,random_comp_mean,final suff,final comp,target_tokens
0.07170975208282471,0.03367794677615166,0.008506550453603268,0.009422923438251019,2.129279136657715,0.13140365481376648, I$'t$.$ just$ them
