norm_suff_mean,random_suff_mean,norm_comp_mean,random_comp_mean,final suff,final comp,target_tokens
0.03597226366400719,0.04898075386881828,0.008869237266480923,0.005180065985769033,0.7344163060188293,0.14400166273117065, I$'t$.$ just$ them
