target_pos,target_token,norm_suff,random_suff,norm_comp,random_comp
49, Chris,0.0,0.0015856137033551931,0.012011171318590641,0.010297412052750587
51, happy,0.0,0.0,0.008683441206812859,0.009230956435203552
53, he,0.0,0.0,0.008374388329684734,0.008616392500698566
55, learning,0.0,0.0,0.005413730163127184,0.005176900420337915
57,.,0.0,0.0,0.008139720186591148,0.009336310438811779
