target_pos,target_token,norm_suff,random_suff,norm_comp,random_comp
49, Chris,0.08027143776416779,0.11354963481426239,0.010350008495151997,0.013687808066606522
51, happy,0.0,0.0070523349568247795,0.0144591573625803,0.009048626758158207
53, he,0.0,0.0,0.0071553331799805164,0.01085114199668169
55, learning,0.0,0.0,0.005863841623067856,0.009968888945877552
57,.,0.0,0.0,0.015078604221343994,0.008923780173063278
