norm_suff_mean,random_suff_mean,norm_comp_mean,random_comp_mean,final suff,final comp,target_tokens
0.016054287552833557,0.02412039414048195,0.01058138906955719,0.01049604918807745,0.6655897498130798,0.6537848114967346, Chris$ happy$ he$ learning$.
