target_pos,target_token,norm_suff,random_suff,norm_comp,random_comp
60, Because,0.044906456023454666,0.006399011705070734,0.012187832035124302,0.007329802960157394
62, was,0.0013105308171361685,0.0021745956037193537,0.006328791379928589,0.005201143212616444
64, ge,0.00094663753407076,0.029411690309643745,0.01903860829770565,0.015334280207753181
66,.,0.0,0.0,0.009570778347551823,0.007183200214058161
68,"
",0.0,0.0,0.031328167766332626,0.002413352718576789
