target_pos,target_token,norm_suff,random_suff,norm_comp,random_comp
60, Because,0.10446774214506149,0.07698376476764679,0.009017910808324814,0.007022724486887455
62, was,0.0014098992105573416,0.020671771839261055,0.006465432699769735,0.00411230931058526
64, ge,0.029282663017511368,0.0,0.0089876102283597,0.00903210137039423
66,.,0.0,0.07658744603395462,0.004674039781093597,0.0061637479811906815
68,"
",0.0,0.0,0.016960347071290016,0.0035877355840057135
