norm_suff_mean,random_suff_mean,norm_comp_mean,random_comp_mean,final suff,final comp,target_tokens
0.009432724677026272,0.007597059942781925,0.015690837055444717,0.00749235600233078,1.2416282892227173,0.7942939400672913," Because$ was$ ge$.$
"
