norm_suff_mean,random_suff_mean,norm_comp_mean,random_comp_mean,final suff,final comp,target_tokens
0.02703206054866314,0.03484859690070152,0.00922106858342886,0.005983723793178797,0.7757000923156738,0.2213565558195114," Because$ was$ ge$.$
"
