target_pos,target_token,norm_suff,random_suff,norm_comp,random_comp
54,"
",0.0,0.12193825840950012,0.011417701840400696,0.004549441393464804
56,Tim,0.0,0.0,0.008682021871209145,0.0072472901083528996
58, Stan,0.0,0.0,0.0019117722986266017,0.004351263865828514
60, in,0.010559026151895523,0.005299958400428295,0.0017626499757170677,0.0016300576971843839
62, ice,9.017572301672772e-05,0.0,0.0008292110869660974,0.0006898920983076096
