target_pos,target_token,norm_suff,random_suff,norm_comp,random_comp
54,"
",0.15796492993831635,0.0,0.012864436954259872,0.012355772778391838
56,Tim,0.0,0.0,0.017836876213550568,0.015363140031695366
58, Stan,0.0036258979234844446,0.0022818255238234997,0.0024093720130622387,0.0028606827836483717
60, in,0.0,0.0,0.0016926276730373502,0.0014282935298979282
62, ice,0.0,0.0009542296174913645,0.0005964204319752753,0.0004261599387973547
