norm_suff_mean,random_suff_mean,norm_comp_mean,random_comp_mean,final suff,final comp,target_tokens
0.03231816738843918,0.000647211039904505,0.0070799472741782665,0.006486810278147459,49.934513092041016,0.20071715116500854,"
$Tim$ Stan$ in$ ice"
