norm_suff_mean,random_suff_mean,norm_comp_mean,random_comp_mean,final suff,final comp,target_tokens
0.0021298404317349195,0.02544764243066311,0.0049206712283194065,0.003693588776513934,0.08369500190019608,1.7342091798782349,"
$Tim$ Stan$ in$ ice"
