target_pos,target_token,norm_suff,random_suff,norm_comp,random_comp
65, Because,0.0,0.050049565732479095,0.012687120586633682,0.01468030083924532
67, were,0.0,0.0,0.005249996669590473,0.008279220201075077
69, of,0.0,0.0,0.008827520534396172,0.004999361000955105
71, foreigners,0.0,0.0061284624971449375,0.010594197548925877,0.014550602063536644
73,"
",0.0,0.0,0.014877617359161377,0.004545430652797222
