target_pos,target_token,norm_suff,random_suff,norm_comp,random_comp
65, Because,0.06514441967010498,0.11380414664745331,0.006271974183619022,0.014095661230385303
67, were,0.0,0.0,0.008942044340074062,0.005773971322923899
69, of,0.019714202731847763,0.10506489127874374,0.006736402399837971,0.007387758698314428
71, foreigners,0.0112996157258749,0.0,0.007352279964834452,0.013087304309010506
73,"
",0.0,0.14262384176254272,0.015168233774602413,0.01102394238114357
