norm_suff_mean,random_suff_mean,norm_comp_mean,random_comp_mean,final suff,final comp,target_tokens
0.0192316472530365,0.0722985789179802,0.008894187398254871,0.010273727588355541,0.2660031020641327,0.5342094302177429," Because$ were$ of$ foreigners$
"
