suff,comp,random_suff,random_comp
0.07330788012361868,0.9626658323007249,0.0291224567761422,0.8857856731786768
