{
    "$schema": "../docs/rationalization.schema.json",
    "id": 8,
    "input-text": [
        "</s>",
        "As",
        " soon",
        " as",
        " I",
        " arrived",
        " in",
        " Georgia",
        ",",
        " I",
        " checked",
        " into",
        " my",
        " hotel",
        " and",
        " watched",
        " a",
        " movie",
        " before",
        " falling",
        " asleep",
        ".",
        " (",
        "I",
        " had",
        " a",
        " great",
        " call",
        " with",
        " my",
        " husband",
        ",",
        " although",
        " I",
        " wish",
        " it",
        " were",
        " longer",
        ").",
        " I",
        " was",
        " staying",
        " in",
        " my",
        " favorite",
        " city",
        ","
    ],
    "input-tokens": [
        2,
        1620,
        1010,
        25,
        38,
        2035,
        11,
        3090,
        6,
        38,
        7869,
        88,
        127,
        2303,
        8,
        3996,
        10,
        1569,
        137,
        3064,
        15028,
        4,
        36,
        100,
        56,
        10,
        372,
        486,
        19,
        127,
        1623,
        6,
        1712,
        38,
        2813,
        24,
        58,
        1181,
        322,
        38,
        21,
        4959,
        11,
        127,
        2674,
        343,
        6
    ],
    "target-text": " Atlanta",
    "target-token": 3317,
    "rational-size": 8,
    "rational-positions": [
        5,
        6,
        7,
        29,
        38,
        42,
        44,
        45
    ],
    "rational-text": [
        " arrived",
        " in",
        " Georgia",
        " my",
        ").",
        " in",
        " favorite",
        " city"
    ],
    "rational-tokens": [
        2035,
        11,
        3090,
        127,
        322,
        11,
        2674,
        343
    ],
    "importance-scores": [
        7.212599939521169e-07,
        3.6581562312676397e-07,
        2.009410081882379e-06,
        1.2335502788118902e-06,
        9.525466566628893e-07,
        0.00027310848236083984,
        0.00043827894842252135,
        0.7312905192375183,
        3.246791946409644e-09,
        1.2065287080531562e-07,
        2.0134162696194835e-05,
        2.1253352855410412e-08,
        4.114652256248519e-05,
        7.18979151770327e-08,
        9.202507200711807e-09,
        8.574996712695793e-09,
        6.503157834458761e-08,
        2.3674026294884243e-07,
        1.821923433453776e-05,
        1.2572811556310626e-06,
        1.3866153494745959e-05,
        8.715750965393454e-08,
        1.1183537935721688e-06,
        1.6242228184637497e-07,
        1.6395350854736535e-08,
        4.0697230474506796e-08,
        2.346443579881452e-05,
        7.056308959363378e-07,
        2.3368320611893978e-09,
        2.395482806605287e-05,
        3.32688330217934e-07,
        7.397269655484706e-05,
        2.2412383259506896e-05,
        9.789950183858309e-08,
        5.46111200705468e-09,
        7.308858016585873e-07,
        4.136765596740588e-08,
        3.991356607002672e-06,
        0.004948616959154606,
        3.3594619708310347e-06,
        1.499148538641748e-06,
        7.389454367512371e-06,
        7.621234544785693e-05,
        3.2189959711104166e-06,
        0.19954340159893036,
        0.06315191090106964,
        1.0927682524197735e-05
    ],
    "comments": {
        "created-by": "run_analogies.py",
        "args": {
            "model": "facebook/opt-350m",
            "cache_dir": "cache/",
            "tokenizer": "facebook/opt-350m",
            "data_dir": "data/analogies/OPT350M",
            "importance_results_dir": "rationalization_results/analogies/OPT350M_ours/top3_replace0.1_max5000_batch5",
            "device": "cuda",
            "rationalization_config": "config//top3_replace0.1_max5000_batch5.json",
            "input_num_ratio": 1.0,
            "logfolder": "logs/analogies/OPT350M_ours/top3_replace0.1_max5000_batch5",
            "loglevel": 20
        },
        "time_elapsed": 25.610830783843994,
        "separate_rational": [
            [
                " Georgia",
                " arrived",
                " favorite",
                " my",
                "</s>",
                " in",
                " before",
                " city"
            ],
            [
                " favorite",
                " Georgia",
                " arrived",
                " city",
                " in",
                " although",
                " my",
                " staying"
            ],
            [
                " Georgia",
                " city",
                " my",
                " arrived",
                " was",
                " asleep",
                " favorite",
                " call"
            ],
            [
                " Georgia",
                ").",
                " arrived",
                " city",
                " I",
                " in",
                " my",
                " favorite"
            ],
            [
                " Georgia",
                " city",
                ").",
                " favorite",
                " in",
                ",",
                " in",
                " arrived"
            ]
        ]
    }
}