{
    "$schema": "../docs/rationalization.schema.json",
    "id": 19,
    "input-text": [
        "</s>",
        "I",
        " had",
        " never",
        " been",
        " friends",
        " with",
        " any",
        " Australian",
        " people",
        " before",
        ".",
        " (",
        "The",
        " funn",
        "iest",
        " thing",
        " happened",
        " to",
        " me",
        " the",
        " other",
        " day",
        ",",
        " but",
        " that",
        "'s",
        " a",
        " story",
        " for",
        " another",
        " time",
        ").",
        " In",
        " fact",
        ",",
        " I",
        " had",
        " never",
        " even",
        " been",
        " to"
    ],
    "input-tokens": [
        2,
        100,
        56,
        393,
        57,
        964,
        19,
        143,
        2059,
        82,
        137,
        4,
        36,
        133,
        29310,
        7098,
        631,
        1102,
        7,
        162,
        5,
        97,
        183,
        6,
        53,
        14,
        18,
        10,
        527,
        13,
        277,
        86,
        322,
        96,
        754,
        6,
        38,
        56,
        393,
        190,
        57,
        7
    ],
    "target-text": " Australia",
    "target-token": 1221,
    "rational-size": 5,
    "rational-positions": [
        0,
        32,
        1,
        11,
        8
    ],
    "rational-text": [
        "</s>",
        ").",
        "I",
        ".",
        " Australian"
    ],
    "rational-tokens": [
        2,
        322,
        100,
        4,
        2059
    ],
    "importance-scores": [
        0.05789276584982872,
        0.02310841716825962,
        0.022996505722403526,
        0.022997941821813583,
        0.02298218011856079,
        0.022967983037233353,
        0.022957103326916695,
        0.022982219234108925,
        0.02301332727074623,
        0.022974297404289246,
        0.02297370694577694,
        0.023034702986478806,
        0.022972075268626213,
        0.02300022915005684,
        0.022949667647480965,
        0.022968150675296783,
        0.02296680584549904,
        0.022966032847762108,
        0.02296076901257038,
        0.022995183244347572,
        0.02296096831560135,
        0.022960441187024117,
        0.022954704239964485,
        0.022967608645558357,
        0.02295057289302349,
        0.022944830358028412,
        0.022940613329410553,
        0.022941621020436287,
        0.022942349314689636,
        0.022940872237086296,
        0.022942660376429558,
        0.02294132672250271,
        0.023142000660300255,
        0.022962108254432678,
        0.022991938516497612,
        0.022999323904514313,
        0.022990072146058083,
        0.02295204997062683,
        0.022972561419010162,
        0.02296915091574192,
        0.02296547405421734,
        0.023006746545433998
    ],
    "comments": {
        "created-by": "run_analogies.py",
        "args": {
            "model": "KoboldAI/OPT-6.7B-Erebus",
            "cache_dir": "cache/",
            "tokenizer": "KoboldAI/OPT-6.7B-Erebus",
            "data_dir": "data/analogies/OPT6B/",
            "importance_results_dir": "rationalization_results/analogies/OPT6B_last_attention",
            "device": "cuda",
            "rationalization_config": "config/eva_last_attention.json",
            "input_num_ratio": 1,
            "logfolder": "logs/analogies/OPT6B_last_attention",
            "loglevel": 20
        },
        "time_elapsed": 0.07724833488464355
    }
}