{
    "$schema": "../docs/rationalization.schema.json",
    "id": 25,
    "input-text": [
        "</s>",
        "I",
        " had",
        " never",
        " been",
        " friends",
        " with",
        " any",
        " Irish",
        " people",
        " before",
        ".",
        " (",
        "The",
        " funn",
        "iest",
        " thing",
        " happened",
        " to",
        " me",
        " the",
        " other",
        " day",
        ",",
        " but",
        " that",
        "'s",
        " a",
        " story",
        " for",
        " another",
        " time",
        ").",
        " In",
        " fact",
        ",",
        " I",
        " had",
        " never",
        " even",
        " been",
        " to"
    ],
    "input-tokens": [
        2,
        100,
        56,
        393,
        57,
        964,
        19,
        143,
        3445,
        82,
        137,
        4,
        36,
        133,
        29310,
        7098,
        631,
        1102,
        7,
        162,
        5,
        97,
        183,
        6,
        53,
        14,
        18,
        10,
        527,
        13,
        277,
        86,
        322,
        96,
        754,
        6,
        38,
        56,
        393,
        190,
        57,
        7
    ],
    "target-text": " Ireland",
    "target-token": 2487,
    "rational-size": 5,
    "rational-positions": [
        0,
        32,
        41,
        1,
        11
    ],
    "rational-text": [
        "</s>",
        ").",
        " to",
        "I",
        "."
    ],
    "rational-tokens": [
        2,
        322,
        7,
        100,
        4
    ],
    "importance-scores": [
        0.05736234039068222,
        0.02307744137942791,
        0.022992201149463654,
        0.022991813719272614,
        0.022986985743045807,
        0.022970253601670265,
        0.022967103868722916,
        0.02300128899514675,
        0.02305845357477665,
        0.023001711815595627,
        0.022998079657554626,
        0.023069141432642937,
        0.02298269234597683,
        0.023030152544379234,
        0.022956835106015205,
        0.022972412407398224,
        0.022968126460909843,
        0.02297406829893589,
        0.022965386509895325,
        0.022997619584202766,
        0.022965354844927788,
        0.022969629615545273,
        0.02296748198568821,
        0.022976664826273918,
        0.022962529212236404,
        0.022951796650886536,
        0.022949302569031715,
        0.022947844117879868,
        0.0229496993124485,
        0.02294861525297165,
        0.022949419915676117,
        0.02294868789613247,
        0.023140408098697662,
        0.02297993004322052,
        0.023030750453472137,
        0.023040924221277237,
        0.022998426109552383,
        0.022956984117627144,
        0.0229672659188509,
        0.022975461557507515,
        0.022991003468632698,
        0.023107727989554405
    ],
    "comments": {
        "created-by": "run_analogies.py",
        "args": {
            "model": "KoboldAI/OPT-6.7B-Erebus",
            "cache_dir": "./cache/",
            "tokenizer": "KoboldAI/OPT-6.7B-Erebus",
            "data_dir": "data/analogies/OPT6B/",
            "importance_results_dir": "rationalization_results/analogies/OPT6B_attention_last",
            "device": "cuda",
            "rationalization_config": "config/eva_attention_last.json",
            "input_num_ratio": 1,
            "logfolder": "logs/analogies/OPT6B_attention_last",
            "loglevel": 20
        },
        "time_elapsed": 0.0760641098022461
    }
}