{
    "$schema": "../docs/rationalization.schema.json",
    "id": 8,
    "input-text": [
        "</s>",
        "I",
        " initially",
        " invited",
        " my",
        " boy",
        ",",
        " who",
        " gladly",
        " accepted",
        " my",
        " invitation",
        ".",
        " (",
        "My",
        " favorite",
        " song",
        " just",
        " came",
        " on",
        ",",
        " so",
        " I",
        " was",
        " able",
        " to",
        " relax",
        ").",
        " When",
        " I",
        " learned",
        " that",
        " women",
        " were",
        " allowed",
        ",",
        " I",
        " went",
        " ahead",
        " and",
        " also",
        " invited",
        " my"
    ],
    "input-tokens": [
        2,
        100,
        3225,
        4036,
        127,
        2143,
        6,
        54,
        36811,
        3903,
        127,
        10021,
        4,
        36,
        2387,
        2674,
        2214,
        95,
        376,
        15,
        6,
        98,
        38,
        21,
        441,
        7,
        12327,
        322,
        520,
        38,
        2435,
        14,
        390,
        58,
        1220,
        6,
        38,
        439,
        789,
        8,
        67,
        4036,
        127
    ],
    "target-text": " girl",
    "target-token": 1816,
    "rational-size": 5,
    "rational-positions": [
        0,
        41,
        27,
        12,
        1
    ],
    "rational-text": [
        "</s>",
        " invited",
        ").",
        ".",
        "I"
    ],
    "rational-tokens": [
        2,
        4036,
        322,
        4,
        100
    ],
    "importance-scores": [
        0.05778877064585686,
        0.02247561141848564,
        0.022412018850445747,
        0.022469261661171913,
        0.022468941286206245,
        0.02242903970181942,
        0.022428186610341072,
        0.022433625534176826,
        0.02241860330104828,
        0.022419504821300507,
        0.022412950173020363,
        0.0224323533475399,
        0.022482385858893394,
        0.02245181053876877,
        0.022442271932959557,
        0.02244436927139759,
        0.022419437766075134,
        0.022409161552786827,
        0.02240722067654133,
        0.0224094670265913,
        0.02241208218038082,
        0.02241361327469349,
        0.022411467507481575,
        0.022408494725823402,
        0.02241191640496254,
        0.022410541772842407,
        0.02241186611354351,
        0.02249007858335972,
        0.02242506854236126,
        0.022418566048145294,
        0.022444039583206177,
        0.022467445582151413,
        0.022446326911449432,
        0.02242112345993519,
        0.022442234680056572,
        0.02244894951581955,
        0.022425061091780663,
        0.022420886904001236,
        0.022436605766415596,
        0.022417832165956497,
        0.02241802215576172,
        0.02249075472354889,
        0.022452032193541527
    ],
    "comments": {
        "created-by": "run_analogies.py",
        "args": {
            "model": "KoboldAI/OPT-6.7B-Erebus",
            "cache_dir": "./cache/",
            "tokenizer": "KoboldAI/OPT-6.7B-Erebus",
            "data_dir": "data/analogies/OPT6B/",
            "importance_results_dir": "rationalization_results/analogies/OPT6B_attention_last",
            "device": "cuda",
            "rationalization_config": "config/eva_attention_last.json",
            "input_num_ratio": 1,
            "logfolder": "logs/analogies/OPT6B_attention_last",
            "loglevel": 20
        },
        "time_elapsed": 0.07606172561645508
    }
}