{
    "$schema": "../docs/rationalization.schema.json",
    "id": 0,
    "input-text": [
        "When",
        " my",
        " flight",
        " landed",
        " in",
        " Greece",
        ",",
        " I",
        " converted",
        " my",
        " currency",
        " and",
        " slowly",
        " fell",
        " asleep",
        ".",
        " (",
        "I",
        " had",
        " a",
        " terrifying",
        " dream",
        " about",
        " my",
        " grandmother",
        ",",
        " but",
        " that",
        "'s",
        " a",
        " story",
        " for",
        " another",
        " time",
        ").",
        " I",
        " was",
        " staying",
        " in",
        " the",
        " capital",
        ","
    ],
    "input-tokens": [
        2215,
        616,
        5474,
        11406,
        287,
        10315,
        11,
        314,
        11513,
        616,
        7395,
        290,
        6364,
        3214,
        16039,
        13,
        357,
        40,
        550,
        257,
        17623,
        4320,
        546,
        616,
        18410,
        11,
        475,
        326,
        338,
        257,
        1621,
        329,
        1194,
        640,
        737,
        314,
        373,
        10589,
        287,
        262,
        3139,
        11
    ],
    "target-text": " Athens",
    "target-token": 21891,
    "rational-size": 12,
    "rational-positions": [
        4,
        5,
        6,
        7,
        9,
        12,
        13,
        18,
        34,
        38,
        39,
        40
    ],
    "rational-text": [
        " in",
        " Greece",
        ",",
        " I",
        " my",
        " slowly",
        " fell",
        " had",
        ").",
        " in",
        " the",
        " capital"
    ],
    "rational-tokens": [
        287,
        10315,
        11,
        314,
        616,
        6364,
        3214,
        550,
        737,
        287,
        262,
        3139
    ],
    "importance-scores": [
        4.1547350954594664e-13,
        4.223628391475387e-12,
        4.601755852458658e-14,
        1.1798617638447695e-11,
        8.270309437286016e-10,
        0.26599112153053284,
        2.345660055080856e-10,
        5.992326987325214e-05,
        1.2176281684317392e-11,
        0.12499266862869263,
        0.07660302519798279,
        0.0002744872763287276,
        1.7906440916704014e-06,
        4.279966958620207e-08,
        5.848462478752481e-06,
        4.135852407216589e-07,
        3.906488847682521e-14,
        2.139753652041776e-10,
        3.008950955063483e-08,
        7.166598721798992e-14,
        1.9492722713732036e-10,
        5.087253396318658e-10,
        6.443437450265321e-11,
        2.5484858667823573e-09,
        0.0483909472823143,
        4.224952887543765e-10,
        2.3900050775266246e-12,
        1.7902187510188128e-09,
        1.6222084439632134e-12,
        6.389262729999956e-11,
        2.2278220934701665e-12,
        7.043755800850704e-09,
        1.9535371584278316e-11,
        1.3440753399152072e-08,
        0.07537395507097244,
        0.12466488033533096,
        3.744268436967069e-11,
        0.10902021825313568,
        0.031358957290649414,
        0.12499959021806717,
        0.018254775553941727,
        7.308408385142684e-06
    ],
    "comments": {
        "created-by": "run_analogies.py",
        "args": {
            "model": "gpt2-medium",
            "cache_dir": "cache/",
            "tokenizer": "gpt2-medium",
            "data_dir": "data/analogies/gpt2/",
            "importance_results_dir": "rationalization_results/analogies/gpt2_ours/top5_replace0.3_max5000_batch8",
            "device": "cuda",
            "rationalization_config": "config/gpt2/top5_replace0.3_max5000_batch8.json",
            "input_num_ratio": 1.0,
            "logfolder": "logs/analogies/gpt2_ours/top5_replace0.3_max5000_batch8",
            "loglevel": 20
        },
        "time_elapsed": 131.3057472705841,
        "separate_rational": [
            [
                " currency",
                " grandmother",
                " Greece",
                " in",
                " the",
                " capital",
                " in",
                " had"
            ],
            [
                " my",
                ",",
                " had",
                " my",
                ").",
                " capital",
                ",",
                " Greece"
            ],
            [
                ").",
                " in",
                " capital",
                " I",
                " Greece",
                " asleep",
                " slowly",
                " fell"
            ],
            [
                " staying",
                " Greece",
                ").",
                " I",
                " time",
                " slowly",
                " capital",
                " fell"
            ],
            [
                " I",
                " and",
                " capital",
                " Greece",
                " for",
                " dream",
                "I",
                " in"
            ],
            [
                " Greece",
                " capital",
                " slowly",
                " a",
                " I",
                " in",
                ",",
                " the"
            ],
            [
                " Greece",
                " story",
                " but",
                " I",
                " in",
                " my",
                " capital",
                " slowly"
            ],
            [
                " the",
                ".",
                " that",
                " my",
                " I",
                " capital",
                ",",
                " Greece"
            ]
        ]
    }
}