{
    "$schema": "../docs/rationalization.schema.json",
    "id": 100,
    "input-text": [
        "I",
        " thought",
        " it",
        " would",
        " be",
        " the",
        " darkest",
        " thing",
        " I",
        "'d",
        " ever",
        " encounter",
        ".",
        " (",
        "I",
        " tried",
        " to",
        " ignore",
        " my",
        " phone",
        " vibr",
        "ating",
        " in",
        " my",
        " pocket",
        ").",
        " But",
        " when",
        " I",
        " did",
        " end",
        " up",
        " encountering",
        " it",
        ",",
        " it",
        " turned",
        " out",
        " it",
        " wasn",
        "'t",
        " so"
    ],
    "input-tokens": [
        40,
        1807,
        340,
        561,
        307,
        262,
        35995,
        1517,
        314,
        1549,
        1683,
        8791,
        13,
        357,
        40,
        3088,
        284,
        8856,
        616,
        3072,
        12611,
        803,
        287,
        616,
        10000,
        737,
        887,
        618,
        314,
        750,
        886,
        510,
        42398,
        340,
        11,
        340,
        2900,
        503,
        340,
        2492,
        470,
        523
    ],
    "target-text": " dark",
    "target-token": 3223,
    "rational-size": 17,
    "rational-positions": [
        0,
        2,
        3,
        5,
        6,
        10,
        11,
        12,
        14,
        20,
        25,
        27,
        29,
        30,
        36,
        40,
        41
    ],
    "rational-text": [
        "I",
        " it",
        " would",
        " the",
        " darkest",
        " ever",
        " encounter",
        ".",
        "I",
        " vibr",
        ").",
        " when",
        " did",
        " end",
        " turned",
        "'t",
        " so"
    ],
    "rational-tokens": [
        40,
        340,
        561,
        262,
        35995,
        1683,
        8791,
        13,
        40,
        12611,
        737,
        618,
        750,
        886,
        2900,
        470,
        523
    ],
    "importance-scores": [
        8.936947415350005e-05,
        4.3206350142099836e-07,
        1.0291543617313437e-08,
        7.721648103142797e-07,
        2.5307269169161373e-08,
        3.0297642297227867e-06,
        0.024622691795229912,
        2.8845830613022372e-08,
        7.855410544266306e-09,
        2.1525072952499613e-05,
        0.09497376531362534,
        0.0036124701146036386,
        0.0011065088910982013,
        2.393301201664144e-07,
        0.0018742880783975124,
        0.00017201078298967332,
        1.1485006723432889e-08,
        6.445256985898595e-06,
        1.47296330688107e-09,
        7.090748113114387e-07,
        0.002844561357051134,
        1.6287833304318156e-08,
        1.3630071293846413e-07,
        0.0005774361779913306,
        0.07846727967262268,
        0.0449259988963604,
        7.55514975026017e-08,
        0.07491622865200043,
        1.3168809346097987e-05,
        0.03312745690345764,
        0.0012796847149729729,
        4.356348313194758e-07,
        0.09186100214719772,
        0.1231243684887886,
        4.0019399420998525e-06,
        4.954030519144226e-10,
        0.000195088709006086,
        0.12499529868364334,
        0.0004003420763183385,
        0.0002454817295074463,
        0.24975407123565674,
        0.04678351804614067
    ],
    "comments": {
        "created-by": "run_analogies.py",
        "args": {
            "model": "gpt2-medium",
            "cache_dir": "cache/",
            "tokenizer": "gpt2-medium",
            "data_dir": "data/analogies/gpt2/",
            "importance_results_dir": "rationalization_results/analogies/gpt2_ours/top5_replace0.3_max5000_batch8",
            "device": "cuda",
            "rationalization_config": "config/gpt2/top5_replace0.3_max5000_batch8.json",
            "input_num_ratio": 1.0,
            "logfolder": "logs/analogies/gpt2_ours/top5_replace0.3_max5000_batch8",
            "loglevel": 20
        },
        "time_elapsed": 137.13291263580322,
        "separate_rational": [
            [
                " encountering",
                " did",
                " darkest",
                " so",
                " encounter",
                " the",
                "I",
                " vibr"
            ],
            [
                " it",
                "I",
                " darkest",
                " in",
                " thing",
                " it",
                " so",
                "I"
            ],
            [
                " out",
                " so",
                " would",
                "'t",
                " darkest",
                " vibr",
                "ating",
                " when"
            ],
            [
                " pocket",
                " so",
                " I",
                " ever",
                ",",
                " turned",
                "I",
                " darkest"
            ],
            [
                " ever",
                " darkest",
                " encounter",
                " end",
                " my",
                "'t",
                ".",
                " did"
            ],
            [
                "'t",
                " it",
                " tried",
                " turned",
                " the",
                " so",
                " end",
                " darkest"
            ],
            [
                " when",
                ").",
                " vibr",
                ".",
                " darkest",
                " so",
                " wasn",
                "'t"
            ],
            [
                "'t",
                ").",
                " so",
                " thought",
                " darkest",
                "I",
                " it",
                " would"
            ]
        ]
    }
}