{
    "$schema": "../docs/rationalization.schema.json",
    "id": 129,
    "input-text": [
        "I",
        " had",
        " never",
        " been",
        " friends",
        " with",
        " any",
        " Greek",
        " people",
        " before",
        ".",
        " (",
        "The",
        " funn",
        "iest",
        " thing",
        " happened",
        " to",
        " me",
        " the",
        " other",
        " day",
        ",",
        " but",
        " that",
        "'s",
        " a",
        " story",
        " for",
        " another",
        " time",
        ").",
        " In",
        " fact",
        ",",
        " I",
        " had",
        " never",
        " even",
        " been",
        " to"
    ],
    "input-tokens": [
        40,
        550,
        1239,
        587,
        2460,
        351,
        597,
        8312,
        661,
        878,
        13,
        357,
        464,
        36090,
        6386,
        1517,
        3022,
        284,
        502,
        262,
        584,
        1110,
        11,
        475,
        326,
        338,
        257,
        1621,
        329,
        1194,
        640,
        737,
        554,
        1109,
        11,
        314,
        550,
        1239,
        772,
        587,
        284
    ],
    "target-text": " Greece",
    "target-token": 10315,
    "rational-size": 16,
    "rational-positions": [
        1,
        2,
        3,
        4,
        5,
        6,
        7,
        8,
        16,
        23,
        33,
        36,
        37,
        38,
        39,
        40
    ],
    "rational-text": [
        " had",
        " never",
        " been",
        " friends",
        " with",
        " any",
        " Greek",
        " people",
        " happened",
        " but",
        " fact",
        " had",
        " never",
        " even",
        " been",
        " to"
    ],
    "rational-tokens": [
        550,
        1239,
        587,
        2460,
        351,
        597,
        8312,
        661,
        3022,
        475,
        1109,
        550,
        1239,
        772,
        587,
        284
    ],
    "importance-scores": [
        8.20750642560597e-07,
        0.012755881063640118,
        0.0022149914875626564,
        0.08394420146942139,
        0.005788000766187906,
        0.00035011779982596636,
        0.0010734394891187549,
        0.3676643669605255,
        0.1250588297843933,
        5.71253003727179e-05,
        1.1660644076982862e-06,
        0.00013882950588595122,
        0.00022873544367030263,
        1.003984289127402e-05,
        7.116892084013671e-05,
        6.016878614900634e-06,
        0.0001945892727235332,
        0.0005766797112300992,
        3.734287020051852e-06,
        0.012449385598301888,
        3.6613502629734285e-07,
        0.12287066131830215,
        0.00061256461776793,
        1.617747693671845e-05,
        1.3838680388289504e-06,
        2.0696350588877976e-07,
        0.0008252335828728974,
        0.001679820823483169,
        9.215071372636885e-08,
        0.00017218146240338683,
        2.730948551743495e-07,
        1.7810718418331817e-05,
        0.00017957124509848654,
        0.0038981144316494465,
        0.0013322479790076613,
        0.0001343800249742344,
        0.002243340713903308,
        0.2509983479976654,
        0.0005334955058060586,
        0.0018943159375339746,
        1.3005659411646775e-06
    ],
    "comments": {
        "created-by": "run_analogies.py",
        "args": {
            "model": "gpt2-medium",
            "cache_dir": "cache/",
            "tokenizer": "gpt2-medium",
            "data_dir": "data/analogies/gpt2/",
            "importance_results_dir": "rationalization_results/analogies/gpt2_ours/top5_replace0.3_max5000_batch8",
            "device": "cuda",
            "rationalization_config": "config/gpt2/top5_replace0.3_max5000_batch8.json",
            "input_num_ratio": 1.0,
            "logfolder": "logs/analogies/gpt2_ours/top5_replace0.3_max5000_batch8",
            "loglevel": 20
        },
        "time_elapsed": 39.6029417514801,
        "separate_rational": [
            [
                " never",
                " any",
                ").",
                " but",
                " In",
                " Greek",
                " to",
                " even"
            ],
            [
                " never",
                " happened",
                " friends",
                " Greek",
                " to",
                " been",
                " funn",
                "."
            ],
            [
                " been",
                " had",
                " the",
                " fact",
                " had",
                " never",
                " been",
                " Greek"
            ],
            [
                " Greek",
                " friends",
                " story",
                ",",
                " been",
                "iest",
                " fact",
                " happened"
            ],
            [
                " Greek",
                " to",
                " fact",
                " had",
                " had",
                " been",
                "I",
                " been"
            ],
            [
                " Greek",
                " with",
                " people",
                " fact",
                " had",
                " never",
                " even",
                " been"
            ],
            [
                " day",
                " never",
                " been",
                " to",
                " with",
                ",",
                " Greek",
                " a"
            ],
            [
                " people",
                " any",
                " Greek",
                " had",
                " another",
                " before",
                " but",
                " been"
            ]
        ]
    }
}