{
    "$schema": "../docs/rationalization.schema.json",
    "id": 130,
    "input-text": [
        "I",
        " had",
        " never",
        " been",
        " friends",
        " with",
        " any",
        " Icelandic",
        " people",
        " before",
        ".",
        " (",
        "The",
        " funn",
        "iest",
        " thing",
        " happened",
        " to",
        " me",
        " the",
        " other",
        " day",
        ",",
        " but",
        " that",
        "'s",
        " a",
        " story",
        " for",
        " another",
        " time",
        ").",
        " In",
        " fact",
        ",",
        " I",
        " had",
        " never",
        " even",
        " been",
        " to"
    ],
    "input-tokens": [
        40,
        550,
        1239,
        587,
        2460,
        351,
        597,
        41959,
        661,
        878,
        13,
        357,
        464,
        36090,
        6386,
        1517,
        3022,
        284,
        502,
        262,
        584,
        1110,
        11,
        475,
        326,
        338,
        257,
        1621,
        329,
        1194,
        640,
        737,
        554,
        1109,
        11,
        314,
        550,
        1239,
        772,
        587,
        284
    ],
    "target-text": " Iceland",
    "target-token": 17333,
    "rational-size": 18,
    "rational-positions": [
        0,
        4,
        6,
        7,
        8,
        13,
        14,
        15,
        19,
        22,
        24,
        26,
        27,
        29,
        31,
        34,
        39,
        40
    ],
    "rational-text": [
        "I",
        " friends",
        " any",
        " Icelandic",
        " people",
        " funn",
        "iest",
        " thing",
        " the",
        ",",
        " that",
        " a",
        " story",
        " another",
        ").",
        ",",
        " been",
        " to"
    ],
    "rational-tokens": [
        40,
        2460,
        597,
        41959,
        661,
        36090,
        6386,
        1517,
        262,
        11,
        326,
        257,
        1621,
        1194,
        737,
        11,
        587,
        284
    ],
    "importance-scores": [
        0.019895752891898155,
        0.00014696097059641033,
        1.005666149467288e-06,
        0.03833251819014549,
        0.00017122361168731004,
        1.3771779094895464e-06,
        0.020265258848667145,
        0.15834194421768188,
        0.010467047803103924,
        0.00021244560775812715,
        0.000131072461954318,
        8.309685313179216e-07,
        9.94677066046279e-07,
        0.1088925302028656,
        0.05681578069925308,
        0.05490575358271599,
        8.606677874922752e-05,
        2.1025648493377957e-06,
        9.188972853735322e-07,
        0.0003893241810146719,
        0.00010368329094490036,
        0.014474121853709221,
        0.010727865621447563,
        0.0038394040893763304,
        0.08230270445346832,
        1.3750338894169545e-06,
        0.12505534291267395,
        0.012695207260549068,
        7.389497477561235e-05,
        0.00016956092440523207,
        0.0007433991995640099,
        0.06574389338493347,
        0.0001750256633386016,
        0.0001466634130338207,
        0.013139297254383564,
        7.418541645165533e-05,
        0.0004586820141412318,
        1.1930718528674333e-06,
        0.01767701655626297,
        0.183294415473938,
        4.2153500544372946e-05
    ],
    "comments": {
        "created-by": "run_analogies.py",
        "args": {
            "model": "gpt2-medium",
            "cache_dir": "cache/",
            "tokenizer": "gpt2-medium",
            "data_dir": "data/analogies/gpt2/",
            "importance_results_dir": "rationalization_results/analogies/gpt2_ours/top5_replace0.3_max5000_batch8",
            "device": "cuda",
            "rationalization_config": "config/gpt2/top5_replace0.3_max5000_batch8.json",
            "input_num_ratio": 1.0,
            "logfolder": "logs/analogies/gpt2_ours/top5_replace0.3_max5000_batch8",
            "loglevel": 20
        },
        "time_elapsed": 5.114859342575073,
        "separate_rational": [
            [
                " Icelandic",
                " that",
                " to",
                " to",
                " me",
                ",",
                " any",
                " been"
            ],
            [
                " funn",
                " Icelandic",
                " any",
                " a",
                " friends",
                " thing",
                " (",
                " been"
            ],
            [
                " a",
                ").",
                " been",
                " people",
                "iest",
                " Icelandic",
                "I",
                " another"
            ],
            [
                ").",
                " been",
                ",",
                " story",
                " friends",
                " Icelandic",
                " the",
                " In"
            ],
            [
                " been",
                " Icelandic",
                " the",
                " with",
                " story",
                " never",
                "I",
                " to"
            ],
            [
                " that",
                " been",
                " but",
                " the",
                " another",
                " Icelandic",
                " been",
                " funn"
            ],
            [
                "iest",
                " thing",
                ",",
                " time",
                " been",
                " had",
                " Icelandic",
                " before"
            ],
            [
                " any",
                "I",
                " even",
                " Icelandic",
                " day",
                " story",
                ",",
                " people"
            ]
        ]
    }
}