{
    "$schema": "../docs/rationalization.schema.json",
    "id": 131,
    "input-text": [
        "I",
        " had",
        " never",
        " been",
        " friends",
        " with",
        " any",
        " Indian",
        " people",
        " before",
        ".",
        " (",
        "The",
        " funn",
        "iest",
        " thing",
        " happened",
        " to",
        " me",
        " the",
        " other",
        " day",
        ",",
        " but",
        " that",
        "'s",
        " a",
        " story",
        " for",
        " another",
        " time",
        ").",
        " In",
        " fact",
        ",",
        " I",
        " had",
        " never",
        " even",
        " been",
        " to"
    ],
    "input-tokens": [
        40,
        550,
        1239,
        587,
        2460,
        351,
        597,
        3942,
        661,
        878,
        13,
        357,
        464,
        36090,
        6386,
        1517,
        3022,
        284,
        502,
        262,
        584,
        1110,
        11,
        475,
        326,
        338,
        257,
        1621,
        329,
        1194,
        640,
        737,
        554,
        1109,
        11,
        314,
        550,
        1239,
        772,
        587,
        284
    ],
    "target-text": " India",
    "target-token": 3794,
    "rational-size": 14,
    "rational-positions": [
        5,
        7,
        9,
        13,
        14,
        22,
        27,
        28,
        31,
        32,
        33,
        37,
        39,
        40
    ],
    "rational-text": [
        " with",
        " Indian",
        " before",
        " funn",
        "iest",
        ",",
        " story",
        " for",
        ").",
        " In",
        " fact",
        " never",
        " been",
        " to"
    ],
    "rational-tokens": [
        351,
        3942,
        878,
        36090,
        6386,
        11,
        1621,
        329,
        737,
        554,
        1109,
        1239,
        587,
        284
    ],
    "importance-scores": [
        0.12484711408615112,
        0.0003441710723564029,
        1.939904541359283e-05,
        0.0002710440894588828,
        0.0017282230546697974,
        0.1215238869190216,
        1.5042526683828328e-05,
        0.2424968034029007,
        0.007150700781494379,
        0.0006514453561976552,
        1.6728889022488147e-05,
        0.00830437894910574,
        0.00041040158248506486,
        0.01844709925353527,
        0.0005155263934284449,
        9.804444744077045e-06,
        2.5691193513921462e-05,
        4.6017448767088354e-05,
        0.010766237042844296,
        0.0011067616287618876,
        0.00824898574501276,
        0.0014491761103272438,
        0.00029737374279648066,
        0.0018233463633805513,
        0.0005059231771156192,
        0.0004715773684438318,
        1.453522691008402e-05,
        1.163782235380495e-05,
        0.012811772525310516,
        0.0006091478280723095,
        0.00034210894955322146,
        0.0002530312049202621,
        0.009785489179193974,
        0.0004946145345456898,
        1.6078109183581546e-05,
        1.6123545719892718e-05,
        0.007438080385327339,
        0.008055704645812511,
        1.0802080396388192e-05,
        0.26741671562194824,
        0.14123129844665527
    ],
    "comments": {
        "created-by": "run_analogies.py",
        "args": {
            "model": "gpt2-medium",
            "cache_dir": "cache/",
            "tokenizer": "gpt2-medium",
            "data_dir": "data/analogies/gpt2/",
            "importance_results_dir": "rationalization_results/analogies/gpt2_ours/top5_replace0.3_max5000_batch8",
            "device": "cuda",
            "rationalization_config": "config/gpt2/top5_replace0.3_max5000_batch8.json",
            "input_num_ratio": 1.0,
            "logfolder": "logs/analogies/gpt2_ours/top5_replace0.3_max5000_batch8",
            "loglevel": 20
        },
        "time_elapsed": 21.941216945648193,
        "separate_rational": [
            [
                " to",
                " been",
                " me",
                " funn",
                " Indian",
                " In",
                " (",
                " never"
            ],
            [
                " been",
                ").",
                ",",
                "iest",
                " fact",
                " never",
                " to",
                " I"
            ],
            [
                " Indian",
                " for",
                " funn",
                ",",
                " been",
                " story",
                " before",
                "."
            ],
            [
                " been",
                " In",
                " for",
                " story",
                "iest",
                " Indian",
                " been",
                " with"
            ],
            [
                " to",
                " been",
                " had",
                " never",
                " story",
                " had",
                " the",
                " Indian"
            ],
            [
                " with",
                " Indian",
                " been",
                " for",
                " before",
                " In",
                " a",
                " time"
            ],
            [
                " Indian",
                " other",
                " even",
                " but",
                " to",
                " never",
                " never",
                " any"
            ],
            [
                "I",
                " fact",
                " to",
                ").",
                " been",
                " to",
                " with",
                " Indian"
            ]
        ]
    }
}