{
    "$schema": "../docs/rationalization.schema.json",
    "id": 138,
    "input-text": [
        "I",
        " had",
        " never",
        " been",
        " friends",
        " with",
        " any",
        " Norwegian",
        " people",
        " before",
        ".",
        " (",
        "The",
        " funn",
        "iest",
        " thing",
        " happened",
        " to",
        " me",
        " the",
        " other",
        " day",
        ",",
        " but",
        " that",
        "'s",
        " a",
        " story",
        " for",
        " another",
        " time",
        ").",
        " In",
        " fact",
        ",",
        " I",
        " had",
        " never",
        " even",
        " been",
        " to"
    ],
    "input-tokens": [
        40,
        550,
        1239,
        587,
        2460,
        351,
        597,
        22158,
        661,
        878,
        13,
        357,
        464,
        36090,
        6386,
        1517,
        3022,
        284,
        502,
        262,
        584,
        1110,
        11,
        475,
        326,
        338,
        257,
        1621,
        329,
        1194,
        640,
        737,
        554,
        1109,
        11,
        314,
        550,
        1239,
        772,
        587,
        284
    ],
    "target-text": " Norway",
    "target-token": 15238,
    "rational-size": 16,
    "rational-positions": [
        0,
        2,
        5,
        6,
        7,
        15,
        16,
        18,
        19,
        20,
        24,
        25,
        30,
        37,
        39,
        40
    ],
    "rational-text": [
        "I",
        " never",
        " with",
        " any",
        " Norwegian",
        " thing",
        " happened",
        " me",
        " the",
        " other",
        " that",
        "'s",
        " time",
        " never",
        " been",
        " to"
    ],
    "rational-tokens": [
        40,
        1239,
        351,
        597,
        22158,
        1517,
        3022,
        502,
        262,
        584,
        326,
        338,
        640,
        1239,
        587,
        284
    ],
    "importance-scores": [
        0.014331046491861343,
        2.6703744879341684e-05,
        0.0036484349984675646,
        0.00039781106170266867,
        3.286106675659539e-06,
        9.760798320712638e-07,
        0.00016859867901075631,
        0.07302702218294144,
        5.241090912022628e-05,
        0.015110950917005539,
        0.009318512864410877,
        5.424892037808604e-07,
        0.10220998525619507,
        1.0176004252571147e-06,
        0.0004556481435429305,
        0.12381820380687714,
        5.911314019613201e-06,
        7.892514986451715e-06,
        0.023466521874070168,
        0.07775116711854935,
        0.08023400604724884,
        1.2466400221455842e-05,
        0.0001679955457802862,
        0.00017317708989139646,
        0.12637348473072052,
        2.5357217054988723e-06,
        0.00039978360291570425,
        5.432248144643381e-05,
        5.359199803933734e-06,
        8.158457058016211e-05,
        0.045619528740644455,
        0.0002457553055137396,
        4.272669684723951e-06,
        0.11590182781219482,
        0.00231366278603673,
        3.414997308937018e-06,
        0.0062662228010594845,
        0.059114936739206314,
        6.048179557183175e-07,
        0.1156805232167244,
        0.0035418812185525894
    ],
    "comments": {
        "created-by": "run_analogies.py",
        "args": {
            "model": "gpt2-medium",
            "cache_dir": "cache/",
            "tokenizer": "gpt2-medium",
            "data_dir": "data/analogies/gpt2/",
            "importance_results_dir": "rationalization_results/analogies/gpt2_ours/top5_replace0.3_max5000_batch8",
            "device": "cuda",
            "rationalization_config": "config/gpt2/top5_replace0.3_max5000_batch8.json",
            "input_num_ratio": 1.0,
            "logfolder": "logs/analogies/gpt2_ours/top5_replace0.3_max5000_batch8",
            "loglevel": 20
        },
        "time_elapsed": 16.614909410476685,
        "separate_rational": [
            [
                " been",
                " me",
                " happened",
                "'s",
                " Norwegian",
                " with",
                " friends",
                " even"
            ],
            [
                " Norwegian",
                " never",
                " other",
                " never",
                " been",
                " a",
                " happened",
                " to"
            ],
            [
                "The",
                " before",
                " never",
                ",",
                " that",
                " Norwegian",
                " been",
                " happened"
            ],
            [
                " thing",
                " never",
                " to",
                "I",
                " any",
                " Norwegian",
                " other",
                ","
            ],
            [
                " other",
                "I",
                ".",
                " Norwegian",
                " had",
                " been",
                " to",
                " never"
            ],
            [
                " the",
                " time",
                " been",
                " Norwegian",
                " thing",
                " me",
                "I",
                " never"
            ],
            [
                " fact",
                " been",
                " the",
                ").",
                "'s",
                " never",
                " Norwegian",
                " that"
            ],
            [
                " that",
                " never",
                " Norwegian",
                " with",
                " time",
                " any",
                " been",
                " for"
            ]
        ]
    }
}