{
    "$schema": "../docs/rationalization.schema.json",
    "id": 144,
    "input-text": [
        "I",
        " had",
        " never",
        " been",
        " friends",
        " with",
        " any",
        " Swiss",
        " people",
        " before",
        ".",
        " (",
        "The",
        " funn",
        "iest",
        " thing",
        " happened",
        " to",
        " me",
        " the",
        " other",
        " day",
        ",",
        " but",
        " that",
        "'s",
        " a",
        " story",
        " for",
        " another",
        " time",
        ").",
        " In",
        " fact",
        ",",
        " I",
        " had",
        " never",
        " even",
        " been",
        " to"
    ],
    "input-tokens": [
        40,
        550,
        1239,
        587,
        2460,
        351,
        597,
        14780,
        661,
        878,
        13,
        357,
        464,
        36090,
        6386,
        1517,
        3022,
        284,
        502,
        262,
        584,
        1110,
        11,
        475,
        326,
        338,
        257,
        1621,
        329,
        1194,
        640,
        737,
        554,
        1109,
        11,
        314,
        550,
        1239,
        772,
        587,
        284
    ],
    "target-text": " Switzerland",
    "target-token": 14679,
    "rational-size": 13,
    "rational-positions": [
        0,
        4,
        7,
        8,
        12,
        17,
        22,
        33,
        35,
        36,
        37,
        39,
        40
    ],
    "rational-text": [
        "I",
        " friends",
        " Swiss",
        " people",
        "The",
        " to",
        ",",
        " fact",
        " I",
        " had",
        " never",
        " been",
        " to"
    ],
    "rational-tokens": [
        40,
        2460,
        14780,
        661,
        464,
        284,
        11,
        1109,
        314,
        550,
        1239,
        587,
        284
    ],
    "importance-scores": [
        1.1418507739335837e-07,
        6.391838555837304e-13,
        6.791825673917173e-13,
        8.504425725043541e-16,
        0.00013605905405711383,
        2.0172330550849438e-05,
        1.50830875676165e-17,
        0.4997802674770355,
        0.1248127669095993,
        9.160525116236329e-11,
        3.5533299393153417e-12,
        1.9827645384926096e-14,
        0.0009614235023036599,
        1.9473158641147847e-09,
        1.993275856870813e-11,
        1.1120489489258034e-06,
        3.9392898665280285e-11,
        0.125,
        9.174717328095175e-14,
        1.8565149417781868e-08,
        6.379297090575164e-11,
        0.125,
        3.722936403605104e-09,
        3.628871425576108e-09,
        3.1164518077275716e-06,
        7.198644458306092e-11,
        8.796397638066722e-11,
        2.1195550739885882e-13,
        1.0058743931101038e-13,
        8.710711839332586e-12,
        3.1888137133417134e-15,
        4.647382034761449e-09,
        6.492979764960438e-11,
        1.2034619967238314e-09,
        8.490635929400568e-18,
        3.361353151376534e-07,
        0.0003473475226201117,
        0.12354922294616699,
        0.0001898919726954773,
        0.00019810651428997517,
        4.1880962697860014e-08
    ],
    "comments": {
        "created-by": "run_analogies.py",
        "args": {
            "model": "gpt2-medium",
            "cache_dir": "cache/",
            "tokenizer": "gpt2-medium",
            "data_dir": "data/analogies/gpt2/",
            "importance_results_dir": "rationalization_results/analogies/gpt2_ours/top5_replace0.3_max5000_batch8",
            "device": "cuda",
            "rationalization_config": "config/gpt2/top5_replace0.3_max5000_batch8.json",
            "input_num_ratio": 1.0,
            "logfolder": "logs/analogies/gpt2_ours/top5_replace0.3_max5000_batch8",
            "loglevel": 20
        },
        "time_elapsed": 16.70325231552124,
        "separate_rational": [
            [
                " Swiss",
                ".",
                " fact",
                " for",
                " people",
                " me",
                " been",
                " had"
            ],
            [
                " day",
                " fact",
                " to",
                " been",
                " had",
                "The",
                " Swiss",
                " people"
            ],
            [
                " to",
                " been",
                "The",
                " Swiss",
                " never",
                " (",
                " to",
                " never"
            ],
            [
                " Swiss",
                " to",
                "I",
                ",",
                ").",
                " but",
                " I",
                " been"
            ],
            [
                " people",
                " been",
                " I",
                " Swiss",
                " In",
                " to",
                "I",
                " other"
            ],
            [
                " Swiss",
                " even",
                " with",
                " been",
                "I",
                " the",
                " to",
                " friends"
            ],
            [
                " Swiss",
                ",",
                " had",
                " to",
                " before",
                " friends",
                " never",
                " been"
            ],
            [
                " never",
                "The",
                " had",
                " friends",
                " that",
                " Swiss",
                " thing",
                " been"
            ]
        ]
    }
}