{
    "$schema": "../docs/rationalization.schema.json",
    "id": 156,
    "input-text": [
        "I",
        " can",
        " usually",
        " sing",
        " by",
        " myself",
        ".",
        " (",
        "I",
        " was",
        " so",
        " behind",
        " on",
        " work",
        " but",
        " I",
        " tried",
        " to",
        " distract",
        " myself",
        ").",
        " Although",
        " it",
        "'s",
        " so",
        " much",
        " better",
        " when",
        " someone",
        " else",
        " also"
    ],
    "input-tokens": [
        40,
        460,
        3221,
        1702,
        416,
        3589,
        13,
        357,
        40,
        373,
        523,
        2157,
        319,
        670,
        475,
        314,
        3088,
        284,
        11786,
        3589,
        737,
        4900,
        340,
        338,
        523,
        881,
        1365,
        618,
        2130,
        2073,
        635
    ],
    "target-text": " sings",
    "target-token": 33041,
    "rational-size": 15,
    "rational-positions": [
        1,
        3,
        6,
        8,
        9,
        13,
        15,
        18,
        19,
        21,
        24,
        27,
        28,
        29,
        30
    ],
    "rational-text": [
        " can",
        " sing",
        ".",
        "I",
        " was",
        " work",
        " I",
        " distract",
        " myself",
        " Although",
        " so",
        " when",
        " someone",
        " else",
        " also"
    ],
    "rational-tokens": [
        460,
        1702,
        13,
        40,
        373,
        670,
        314,
        11786,
        3589,
        4900,
        523,
        618,
        2130,
        2073,
        635
    ],
    "importance-scores": [
        0.009248791262507439,
        0.027604376897215843,
        0.0055603161454200745,
        0.286824107170105,
        0.020465878769755363,
        0.006209981627762318,
        0.040885504335165024,
        0.008098343387246132,
        0.009655804373323917,
        0.022308479994535446,
        0.003663823939859867,
        0.004831639118492603,
        0.00539422919973731,
        0.05810866877436638,
        0.019463619217276573,
        0.009922191500663757,
        0.010567789897322655,
        0.008896693587303162,
        0.0659373551607132,
        0.023325158283114433,
        0.009396721608936787,
        0.04769854620099068,
        0.020155033096671104,
        0.012384655885398388,
        0.019729992374777794,
        0.017433786764740944,
        0.012097656726837158,
        0.07624893635511398,
        0.042004458606243134,
        0.0231535192579031,
        0.07272391021251678
    ],
    "comments": {
        "created-by": "run_analogies.py",
        "args": {
            "model": "gpt2-medium",
            "cache_dir": "cache/",
            "tokenizer": "gpt2-medium",
            "data_dir": "data/analogies/gpt2/",
            "importance_results_dir": "rationalization_results/analogies/gpt2_ours/top5_replace0.3_max5000_batch8",
            "device": "cuda",
            "rationalization_config": "config/gpt2/top5_replace0.3_max5000_batch8.json",
            "input_num_ratio": 1.0,
            "logfolder": "logs/analogies/gpt2_ours/top5_replace0.3_max5000_batch8",
            "loglevel": 20
        },
        "time_elapsed": 10.255406379699707,
        "separate_rational": [
            [
                " when",
                ".",
                " sing",
                " else",
                " also",
                " so",
                "I",
                " Although"
            ],
            [
                " sing",
                " distract",
                " but",
                " by",
                " was",
                " better",
                " someone",
                " when"
            ],
            [
                " sing",
                " on",
                " I",
                " when",
                " was",
                "I",
                " behind",
                " else"
            ],
            [
                " work",
                " distract",
                " someone",
                " else",
                " to",
                " myself",
                " sing",
                ")."
            ],
            [
                " also",
                " myself",
                " it",
                " tried",
                " someone",
                " can",
                " myself",
                " sing"
            ],
            [
                " Although",
                " can",
                " sing",
                " also",
                ".",
                " so",
                " distract",
                " someone"
            ],
            [
                " sing",
                ".",
                " I",
                " so",
                " someone",
                " also",
                "I",
                " Although"
            ],
            [
                " sing",
                " much",
                "'s",
                " work",
                " someone",
                " else",
                " also",
                "I"
            ]
        ]
    }
}