{
    "$schema": "../docs/rationalization.schema.json",
    "id": 16,
    "input-text": [
        "When",
        " my",
        " flight",
        " landed",
        " in",
        " Italy",
        ",",
        " I",
        " converted",
        " my",
        " currency",
        " and",
        " slowly",
        " fell",
        " asleep",
        ".",
        " (",
        "I",
        " had",
        " a",
        " terrifying",
        " dream",
        " about",
        " my",
        " grandmother",
        ",",
        " but",
        " that",
        "'s",
        " a",
        " story",
        " for",
        " another",
        " time",
        ").",
        " I",
        " was",
        " staying",
        " in",
        " the",
        " capital",
        ","
    ],
    "input-tokens": [
        2215,
        616,
        5474,
        11406,
        287,
        8031,
        11,
        314,
        11513,
        616,
        7395,
        290,
        6364,
        3214,
        16039,
        13,
        357,
        40,
        550,
        257,
        17623,
        4320,
        546,
        616,
        18410,
        11,
        475,
        326,
        338,
        257,
        1621,
        329,
        1194,
        640,
        737,
        314,
        373,
        10589,
        287,
        262,
        3139,
        11
    ],
    "target-text": " Rome",
    "target-token": 10598,
    "rational-size": 16,
    "rational-positions": [
        0,
        1,
        2,
        3,
        4,
        5,
        7,
        16,
        21,
        34,
        35,
        37,
        38,
        39,
        40,
        41
    ],
    "rational-text": [
        "When",
        " my",
        " flight",
        " landed",
        " in",
        " Italy",
        " I",
        " (",
        " dream",
        ").",
        " I",
        " staying",
        " in",
        " the",
        " capital",
        ","
    ],
    "rational-tokens": [
        2215,
        616,
        5474,
        11406,
        287,
        8031,
        314,
        357,
        4320,
        737,
        314,
        10589,
        287,
        262,
        3139,
        11
    ],
    "importance-scores": [
        0.0,
        0.0,
        1.3623423670165872e-41,
        7.911434636298509e-07,
        5.845239688811684e-23,
        1.208142468547477e-15,
        1.0208209184510453e-24,
        9.76904472415413e-17,
        4.983182356046208e-37,
        1.6989724615801893e-28,
        2.582794833457238e-29,
        1.0577051103007162e-34,
        0.0,
        3.4082533000290954e-32,
        9.410909049524864e-35,
        0.0,
        1.2891945888762786e-19,
        3.550327668515055e-25,
        4.8023059342250716e-23,
        3.408070409324287e-25,
        2.6631355596070354e-26,
        1.2501437385292746e-10,
        0.0,
        3.165915221373496e-33,
        2.079954875000567e-08,
        3.5204975462063455e-39,
        1.5974802493302915e-43,
        6.248197836892301e-27,
        3.1797325598033808e-21,
        9.35386789377544e-25,
        8.745388688304921e-34,
        0.3333331346511841,
        1.9825785390292225e-25,
        4.39746912437573e-25,
        2.9146752944457998e-30,
        1.464202835158256e-29,
        3.216381271632397e-35,
        0.3333333432674408,
        0.0,
        0.33333253860473633,
        1.9191224964743014e-07,
        1.326391220812169e-19
    ],
    "comments": {
        "created-by": "run_analogies.py",
        "args": {
            "model": "gpt2-medium",
            "cache_dir": "cache/",
            "tokenizer": "gpt2-medium",
            "data_dir": "data/analogies/gpt2/",
            "importance_results_dir": "rationalization_results/analogies/gpt2_ours/top5_replace0.3_max5000_batch8",
            "device": "cuda",
            "rationalization_config": "config/gpt2/top5_replace0.3_max5000_batch8.json",
            "input_num_ratio": 1.0,
            "logfolder": "logs/analogies/gpt2_ours/top5_replace0.3_max5000_batch8",
            "loglevel": 20
        },
        "time_elapsed": 329.2341432571411,
        "separate_rational": [
            [
                " Italy",
                " I",
                " the",
                " dream",
                " in",
                "When",
                " my",
                " flight"
            ],
            [
                " in",
                "When",
                " staying",
                " the",
                " and",
                " fell",
                " I",
                ","
            ],
            [
                " the",
                " landed",
                " Italy",
                " I",
                " (",
                " in",
                " capital",
                " terrifying"
            ],
            [
                " flight",
                " was",
                " I",
                " in",
                " capital",
                " my",
                ",",
                ","
            ],
            [
                " for",
                " capital",
                " grandmother",
                " dream",
                " the",
                " Italy",
                ",",
                "'s"
            ],
            [
                " the",
                " capital",
                ").",
                " in",
                " (",
                "When",
                " my",
                " flight"
            ],
            [
                " staying",
                " flight",
                " capital",
                "When",
                " my",
                " landed",
                " in",
                " Italy"
            ],
            [
                " capital",
                ").",
                " my",
                " asleep",
                " currency",
                " but",
                "When",
                " my"
            ]
        ]
    }
}