{
    "$schema": "../docs/rationalization.schema.json",
    "id": 34,
    "input-text": [
        "When",
        " my",
        " flight",
        " landed",
        " in",
        " Cuba",
        ",",
        " I",
        " converted",
        " my",
        " currency",
        " and",
        " slowly",
        " fell",
        " asleep",
        ".",
        " (",
        "I",
        " was",
        " behind",
        " on",
        " a",
        " couple",
        " of",
        " assignments",
        ",",
        " but",
        " I",
        " tried",
        " not",
        " to",
        " think",
        " about",
        " them",
        ").",
        " I",
        " was",
        " staying",
        " in",
        " the",
        " capital",
        ","
    ],
    "input-tokens": [
        2215,
        616,
        5474,
        11406,
        287,
        14159,
        11,
        314,
        11513,
        616,
        7395,
        290,
        6364,
        3214,
        16039,
        13,
        357,
        40,
        373,
        2157,
        319,
        257,
        3155,
        286,
        25815,
        11,
        475,
        314,
        3088,
        407,
        284,
        892,
        546,
        606,
        737,
        314,
        373,
        10589,
        287,
        262,
        3139,
        11
    ],
    "target-text": " Havana",
    "target-token": 40274,
    "rational-size": 15,
    "rational-positions": [
        0,
        1,
        2,
        3,
        4,
        5,
        7,
        9,
        17,
        19,
        27,
        34,
        37,
        39,
        40
    ],
    "rational-text": [
        "When",
        " my",
        " flight",
        " landed",
        " in",
        " Cuba",
        " I",
        " my",
        "I",
        " behind",
        " I",
        ").",
        " staying",
        " the",
        " capital"
    ],
    "rational-tokens": [
        2215,
        616,
        5474,
        11406,
        287,
        14159,
        314,
        616,
        40,
        2157,
        314,
        737,
        10589,
        262,
        3139
    ],
    "importance-scores": [
        2.4157639505046525e-33,
        1.2550983330747267e-38,
        3.2327185105913243e-19,
        2.4225094314997462e-17,
        5.201243833216954e-34,
        0.28571468591690063,
        1.8389374849546325e-32,
        1.6978837769337368e-13,
        0.0,
        7.050626358792722e-13,
        8.716076448100362e-43,
        9.584835721726633e-35,
        3.889246373655611e-24,
        9.80908925027372e-43,
        1.1030444380716996e-21,
        1.3082983171544592e-30,
        3.722339175709228e-40,
        2.7846456873703573e-07,
        0.0,
        0.1428571492433548,
        3.0980923122064796e-12,
        4.868432412763468e-08,
        5.571702824001905e-40,
        0.1416252702474594,
        3.237482439251427e-13,
        0.0,
        1.2390796501599612e-28,
        3.953230971742716e-12,
        0.0,
        0.0,
        0.0,
        2.3306996626957506e-17,
        0.0,
        1.3406366134334336e-31,
        6.133460200530465e-17,
        0.0,
        0.1428571492433548,
        1.2600688270580918e-09,
        2.7652391207947136e-26,
        0.0012315968051552773,
        0.2857138216495514,
        0.0
    ],
    "comments": {
        "created-by": "run_analogies.py",
        "args": {
            "model": "gpt2-medium",
            "cache_dir": "cache/",
            "tokenizer": "gpt2-medium",
            "data_dir": "data/analogies/gpt2/",
            "importance_results_dir": "rationalization_results/analogies/gpt2_ours/top5_replace0.3_max5000_batch8",
            "device": "cuda",
            "rationalization_config": "config/gpt2/top5_replace0.3_max5000_batch8.json",
            "input_num_ratio": 1.0,
            "logfolder": "logs/analogies/gpt2_ours/top5_replace0.3_max5000_batch8",
            "loglevel": 20
        },
        "time_elapsed": 324.30155420303345,
        "separate_rational": [
            [
                " capital",
                " Cuba",
                " on",
                " my",
                " assignments",
                "When",
                " I",
                " couple"
            ],
            [
                " Cuba",
                " a",
                " staying",
                " I",
                " I",
                " the",
                " capital",
                " think"
            ],
            [
                " capital",
                ").",
                "When",
                " my",
                " flight",
                " landed",
                " in",
                " Cuba"
            ],
            [
                " of",
                " the",
                "I",
                " capital",
                " Cuba",
                " behind",
                "When",
                " my"
            ],
            [
                " behind",
                " asleep",
                "I",
                " I",
                " my",
                " the",
                " capital",
                " Cuba"
            ],
            [
                " Cuba",
                "When",
                " my",
                " flight",
                " landed",
                " in",
                ",",
                " I"
            ],
            [
                " was",
                " capital",
                ").",
                "I",
                " landed",
                " Cuba",
                " staying",
                " and"
            ],
            [
                " Cuba",
                " staying",
                " I",
                " capital",
                "When",
                " my",
                " flight",
                " landed"
            ]
        ]
    }
}