{
    "$schema": "../docs/rationalization.schema.json",
    "id": 35,
    "input-text": [
        "When",
        " my",
        " flight",
        " landed",
        " in",
        " Finland",
        ",",
        " I",
        " converted",
        " my",
        " currency",
        " and",
        " slowly",
        " fell",
        " asleep",
        ".",
        " (",
        "I",
        " was",
        " behind",
        " on",
        " a",
        " couple",
        " of",
        " assignments",
        ",",
        " but",
        " I",
        " tried",
        " not",
        " to",
        " think",
        " about",
        " them",
        ").",
        " I",
        " was",
        " staying",
        " in",
        " the",
        " capital",
        ","
    ],
    "input-tokens": [
        2215,
        616,
        5474,
        11406,
        287,
        17837,
        11,
        314,
        11513,
        616,
        7395,
        290,
        6364,
        3214,
        16039,
        13,
        357,
        40,
        373,
        2157,
        319,
        257,
        3155,
        286,
        25815,
        11,
        475,
        314,
        3088,
        407,
        284,
        892,
        546,
        606,
        737,
        314,
        373,
        10589,
        287,
        262,
        3139,
        11
    ],
    "target-text": " Helsinki",
    "target-token": 47688,
    "rational-size": 18,
    "rational-positions": [
        0,
        1,
        2,
        4,
        5,
        6,
        10,
        16,
        20,
        22,
        33,
        34,
        35,
        36,
        37,
        38,
        39,
        40
    ],
    "rational-text": [
        "When",
        " my",
        " flight",
        " in",
        " Finland",
        ",",
        " currency",
        " (",
        " on",
        " couple",
        " them",
        ").",
        " I",
        " was",
        " staying",
        " in",
        " the",
        " capital"
    ],
    "rational-tokens": [
        2215,
        616,
        5474,
        287,
        17837,
        11,
        7395,
        357,
        319,
        3155,
        606,
        737,
        314,
        373,
        10589,
        287,
        262,
        3139
    ],
    "importance-scores": [
        3.9529215462184793e-33,
        0.3333333432674408,
        1.739011394227098e-42,
        0.0,
        2.119468922267523e-15,
        3.4255790524184704e-06,
        1.205401192824657e-19,
        3.537518358333512e-31,
        2.862712438247294e-26,
        0.0,
        1.9590582462329772e-15,
        0.0,
        2.0430931609855833e-42,
        0.0,
        1.141497729038996e-41,
        4.119269595564967e-12,
        0.0,
        4.6268602613717175e-27,
        3.4152404770254057e-26,
        6.858579358093366e-22,
        1.4836666120438736e-18,
        2.0879347118439774e-43,
        1.6394310997256134e-20,
        6.969797920037276e-39,
        7.961118003500364e-27,
        7.940135079956439e-24,
        2.7931918774483375e-22,
        8.482495952165042e-32,
        1.745045100283729e-20,
        1.938400176207934e-31,
        0.0,
        0.0,
        0.0,
        0.00010436136653879657,
        5.545137988917795e-24,
        4.547181812819873e-18,
        3.167319531649504e-11,
        4.505639472629497e-10,
        1.8760874915855583e-34,
        0.33332207798957825,
        0.33323678374290466,
        2.802596928649634e-45
    ],
    "comments": {
        "created-by": "run_analogies.py",
        "args": {
            "model": "gpt2-medium",
            "cache_dir": "cache/",
            "tokenizer": "gpt2-medium",
            "data_dir": "data/analogies/gpt2/",
            "importance_results_dir": "rationalization_results/analogies/gpt2_ours/top5_replace0.3_max5000_batch8",
            "device": "cuda",
            "rationalization_config": "config/gpt2/top5_replace0.3_max5000_batch8.json",
            "input_num_ratio": 1.0,
            "logfolder": "logs/analogies/gpt2_ours/top5_replace0.3_max5000_batch8",
            "loglevel": 20
        },
        "time_elapsed": 327.68328523635864,
        "separate_rational": [
            [
                " but",
                " the",
                " Finland",
                " in",
                " and",
                " was",
                "When",
                " my"
            ],
            [
                " the",
                " capital",
                " Finland",
                " staying",
                " was",
                ".",
                " in",
                " on"
            ],
            [
                " I",
                " capital",
                " in",
                " fell",
                " the",
                ").",
                " think",
                ","
            ],
            [
                " capital",
                " them",
                " Finland",
                " I",
                ",",
                " the",
                " tried",
                " behind"
            ],
            [
                " my",
                " Finland",
                " currency",
                " capital",
                " I",
                " staying",
                " couple",
                " the"
            ],
            [
                " Finland",
                " my",
                " currency",
                ").",
                " couple",
                "When",
                " my",
                " flight"
            ],
            [
                " Finland",
                " staying",
                "I",
                " on",
                ",",
                " (",
                " converted",
                " in"
            ],
            [
                " capital",
                ").",
                " staying",
                " them",
                " (",
                "When",
                " my",
                " flight"
            ]
        ]
    }
}