{
    "$schema": "../docs/rationalization.schema.json",
    "id": 66,
    "input-text": [
        "As",
        " soon",
        " as",
        " I",
        " arrived",
        " in",
        " Tennessee",
        ",",
        " I",
        " checked",
        " into",
        " my",
        " hotel",
        " and",
        " watched",
        " a",
        " movie",
        " before",
        " falling",
        " asleep",
        ".",
        " (",
        "I",
        " had",
        " a",
        " great",
        " call",
        " with",
        " my",
        " husband",
        ",",
        " although",
        " I",
        " wish",
        " it",
        " were",
        " longer",
        ").",
        " I",
        " was",
        " staying",
        " in",
        " my",
        " favorite",
        " city",
        ","
    ],
    "input-tokens": [
        1722,
        2582,
        355,
        314,
        5284,
        287,
        11287,
        11,
        314,
        10667,
        656,
        616,
        7541,
        290,
        7342,
        257,
        3807,
        878,
        7463,
        16039,
        13,
        357,
        40,
        550,
        257,
        1049,
        869,
        351,
        616,
        5229,
        11,
        3584,
        314,
        4601,
        340,
        547,
        2392,
        737,
        314,
        373,
        10589,
        287,
        616,
        4004,
        1748,
        11
    ],
    "target-text": " Nashville",
    "target-token": 19250,
    "rational-size": 18,
    "rational-positions": [
        0,
        4,
        5,
        6,
        8,
        11,
        16,
        33,
        34,
        35,
        36,
        37,
        38,
        39,
        41,
        43,
        44,
        45
    ],
    "rational-text": [
        "As",
        " arrived",
        " in",
        " Tennessee",
        " I",
        " my",
        " movie",
        " wish",
        " it",
        " were",
        " longer",
        ").",
        " I",
        " was",
        " in",
        " favorite",
        " city",
        ","
    ],
    "rational-tokens": [
        1722,
        5284,
        287,
        11287,
        314,
        616,
        3807,
        4601,
        340,
        547,
        2392,
        737,
        314,
        373,
        287,
        4004,
        1748,
        11
    ],
    "importance-scores": [
        0.24990245699882507,
        1.640068153984861e-13,
        3.4701589890249e-17,
        3.1806083374691374e-12,
        0.25,
        1.0184077095751538e-18,
        0.24996525049209595,
        5.824656799097987e-26,
        2.189551196352113e-06,
        5.561588657577003e-23,
        1.3637717267587356e-21,
        9.342233653342191e-10,
        8.511499905990993e-17,
        2.4109662914876912e-17,
        1.733749400045781e-06,
        6.325787633882924e-17,
        9.12341426354693e-33,
        4.9360248690049485e-14,
        3.9621324007513465e-16,
        6.69041943580814e-16,
        1.4492582481318017e-11,
        5.392687479317432e-22,
        2.0612542228626296e-10,
        3.4491569214471773e-13,
        0.000237440355704166,
        1.2435934226839862e-10,
        9.042755218146213e-22,
        3.196885256517845e-10,
        5.744144299256449e-26,
        7.755760634609032e-06,
        6.099517340402719e-17,
        2.429012990745605e-09,
        5.072996788136252e-15,
        5.263056092249091e-17,
        4.258454699979097e-11,
        4.5109844136990984e-13,
        4.9606009217901565e-21,
        2.0584864923733903e-09,
        7.027628256552782e-20,
        7.828590605640784e-05,
        7.012274094719828e-10,
        1.2896565551703777e-25,
        3.591567927124003e-17,
        2.5910017242836147e-08,
        0.24974974989891052,
        5.511524068424478e-05
    ],
    "comments": {
        "created-by": "run_analogies.py",
        "args": {
            "model": "gpt2-medium",
            "cache_dir": "cache/",
            "tokenizer": "gpt2-medium",
            "data_dir": "data/analogies/gpt2/",
            "importance_results_dir": "rationalization_results/analogies/gpt2_ours/top5_replace0.3_max5000_batch8",
            "device": "cuda",
            "rationalization_config": "config/gpt2/top5_replace0.3_max5000_batch8.json",
            "input_num_ratio": 1.0,
            "logfolder": "logs/analogies/gpt2_ours/top5_replace0.3_max5000_batch8",
            "loglevel": 20
        },
        "time_elapsed": 354.27051162719727,
        "separate_rational": [
            [
                " city",
                " a",
                " was",
                " Tennessee",
                " I",
                ").",
                " favorite",
                " it"
            ],
            [
                " city",
                " arrived",
                " wish",
                " I",
                " movie",
                " my",
                " longer",
                " were"
            ],
            [
                " in",
                " were",
                " call",
                ").",
                " Tennessee",
                " I",
                " it",
                " movie"
            ],
            [
                " arrived",
                " city",
                ").",
                " Tennessee",
                " before",
                " in",
                " longer",
                " favorite"
            ],
            [
                " my",
                " city",
                " arrived",
                " I",
                " longer",
                " was",
                " in",
                " my"
            ],
            [
                " favorite",
                " in",
                " I",
                "As",
                " checked",
                " Tennessee",
                " wish",
                " in"
            ],
            [
                "As",
                " was",
                ",",
                " Tennessee",
                " I",
                " watched",
                " city",
                " favorite"
            ],
            [
                " Tennessee",
                ",",
                "As",
                " husband",
                " city",
                " my",
                " favorite",
                " staying"
            ]
        ]
    }
}