,FAs,5% Comp,10% Comp,20% Comp,30% Comp,Mean Comp,Soft Comp
0,Input X Gradient,0.3444693490739821,0.3027777656250216,0.36877595040721567,0.14378987769083384,0.28995323569926335,0.03014488174502479
1,Integrated Gradients,0.552993000391106,0.5584258761205203,0.4039480587148485,0.25118651986841045,0.44163836377372134,0.031887548495988
2,Gradient Shap,0.3996822974579608,0.43529204277887235,0.38366491517607915,0.3594090800912272,0.39451208387603487,0.030033924145402388
3,Attention Rollout,-0.03306120244301092,-0.15594142843910896,-0.3134045654333273,-0.1504171927874346,-0.16320609727572044,-0.006371220900432503
4,Attention Last,0.42089841228956704,0.6522398001611182,0.4229975221712896,0.4048513509387385,0.47524677139017835,-0.0167639260754682
5,Attention,0.05531468980894991,0.5017220745309958,0.3423170442016604,0.33051804925398465,0.3074679644488977,0.0181947009346023
6,Ours,0.6629344908124032,0.5013011962079421,0.39881870852250756,0.2332091715580582,0.4490658917752278,0.4858732278615781
