,FAs,Soft Suff
0,Input X Gradient,0.00033588060425769996
1,Integrated Gradients,-0.00015107073985860006
2,Gradient Shap,0.0009503157890923999
3,Attention Rollout,0.00035453393567909993
4,Attention Last,-0.0003709489468363
5,Attention,-0.0006755779739166
6,Ours,0.004647752368703
