,FAs,5% Suff,10% Suff,20% Suff,30% Suff,Mean Suff,Soft Suff
0,Input X Gradient,0.0085254603286876,0.014634445914040402,0.1470351413987957,0.2972294860874611,0.1168561334322462,-0.0006423495493234998
1,Integrated Gradients,0.0244520195678391,0.0494543579132871,0.2047459004533064,0.3174711235096923,0.14903085036103125,-0.0005063700036872001
2,Gradient Shap,0.0224185390282128,0.0390901662263924,0.1952452311584924,0.3378407798642638,0.14864867906934034,-0.0007065895365123
3,Attention Rollout,-0.005844676459965226,0.018531259598254503,-0.010142569616824401,-0.0494269638581937,-0.011720737584182206,-0.0023720840273408
4,Attention Last,0.0033678748739924,0.007582347634368499,0.1362291474399627,0.3590256604830639,0.12655125760784686,0.00043194663997279996
5,Attention,0.0110332589122423,0.0305650080349951,0.3624046819121794,0.5272259030017107,0.2328072129652819,-0.00044167551208669996
6,Ours,0.0097063568683897,0.06994384031082371,0.2103281177814477,0.29450496400381476,0.14612081974111898,0.0031500102775046
