target_pos,target_token,norm_suff,random_suff,norm_comp,random_comp
33, in,0.0,0.0,0.08262445777654648,0.026500551030039787
35, in,0.09352706372737885,0.05453178659081459,0.18583199381828308,0.02701941877603531
37, United,0.0,0.0,0.0029661802109330893,0.005651404149830341
39,.,0.059450890868902206,0.0,0.009437140077352524,0.02401144430041313
41, is,0.0,0.0,0.03536449745297432,0.028377942740917206
