target_pos,target_token,norm_suff,random_suff,norm_comp,random_comp
33, in,0.02772645652294159,0.06935703754425049,0.07071638107299805,0.047322772443294525
35, in,0.08036522567272186,0.04277840256690979,0.20956838130950928,0.009863303042948246
37, United,0.0,0.0,0.001681652618572116,0.0019443030469119549
39,.,0.03640441223978996,0.0,0.008801116608083248,0.03702244907617569
41, is,0.0,0.05089149251580238,0.03274359554052353,0.03518153354525566
