norm_suff_mean,random_suff_mean,norm_comp_mean,random_comp_mean,final suff,final comp,target_tokens
0.028899220749735832,0.03260538727045059,0.06470222771167755,0.026266872882843018,0.8863326907157898,0.9089128375053406, in$ in$ United$.$ is
