norm_suff_mean,random_suff_mean,norm_comp_mean,random_comp_mean,final suff,final comp,target_tokens
0.03059559129178524,0.010906357318162918,0.06324485689401627,0.02231215313076973,2.8052988052368164,0.7292603850364685, in$ in$ United$.$ is
