target_pos,target_token,norm_suff,random_suff,norm_comp,random_comp
17, in,0.0533701591193676,0.0,0.03570670634508133,0.027548547834157944
19,75,0.0,0.0,0.15463881194591522,0.0804462730884552
21, and,0.0,0.01974456198513508,0.023133980110287666,0.025815056636929512
23, located,0.023391403257846832,0.025593174621462822,0.04215332120656967,0.022840555757284164
25, Ottawa,0.0016797264106571674,0.0,0.026079175993800163,0.013878860510885715
