target_pos,target_token,norm_suff,random_suff,norm_comp,random_comp
17, in,0.0012303174007683992,0.02890300750732422,0.07643600553274155,0.04417141526937485
19,75,0.0,0.0,0.09375902265310287,0.09483791887760162
21, and,0.03700608015060425,0.01979827508330345,0.04116033762693405,0.027596518397331238
23, located,0.02188265137374401,6.827388278907165e-05,0.07263337075710297,0.021860433742403984
25, Ottawa,0.0,0.01651507057249546,0.025521140545606613,0.029808098450303078
