norm_suff_mean,random_suff_mean,norm_comp_mean,random_comp_mean,final suff,final comp,target_tokens
0.015688259154558182,0.009067547507584095,0.05634240061044693,0.03410585969686508,1.7301546335220337,2.173973560333252, in$75$ and$ located$ Ottawa
