norm_suff_mean,random_suff_mean,norm_comp_mean,random_comp_mean,final suff,final comp,target_tokens
0.012023810297250748,0.013056925497949123,0.06190197542309761,0.043654877692461014,0.9208760857582092,3.630702495574951, in$75$ and$ located$ Ottawa
