target_pos,target_token,norm_suff,random_suff,norm_comp,random_comp
18,"
",0.3596116602420807,0.009037335403263569,0.9099801182746887,0.06900570541620255
20,The,0.0,0.0006055421545170248,0.20843788981437683,0.06068921089172363
22, of,0.0,0.04742194339632988,0.0405992828309536,0.02148585021495819
24, moons,0.0451972670853138,0.00431244308128953,0.11172939091920853,0.035413455218076706
26, Miranda,0.0,0.031166013330221176,0.6875683069229126,0.06469976156949997
