target_pos,target_token,norm_suff,random_suff,norm_comp,random_comp
18,"
",0.30810579657554626,0.0,0.8750590682029724,0.059281881898641586
20,The,0.04714888706803322,0.008052573539316654,0.15673699975013733,0.07819561660289764
22, of,0.09360706061124802,0.0062226117588579655,0.04946797713637352,0.07726696878671646
24, moons,0.0,0.0,0.0991763174533844,0.05402521789073944
26, Miranda,0.0,0.02334633469581604,0.6863800287246704,0.11351149529218674
