norm_suff_mean,random_suff_mean,norm_comp_mean,random_comp_mean,final suff,final comp,target_tokens
0.08096178621053696,0.018508655950427055,0.3916630446910858,0.05025879666209221,4.374266147613525,0.6207718253135681,"
$The$ of$ moons$ Miranda"
