norm_suff_mean,random_suff_mean,norm_comp_mean,random_comp_mean,final suff,final comp,target_tokens
0.08977235108613968,0.007524304091930389,0.37336406111717224,0.07645624130964279,11.930983543395996,0.8516680002212524,"
$The$ of$ moons$ Miranda"
