target_pos,target_token,norm_suff,random_suff,norm_comp,random_comp
15, or,0.08924411982297897,0.10399020463228226,0.05159258842468262,0.04695677012205124
17,com,0.0,0.08609326928853989,0.2548488676548004,0.12624186277389526
19,.,0.0,0.11209405958652496,0.06348229199647903,0.043401770293712616
21, genus,0.0,0.0,0.13471458852291107,0.061637427657842636
23,ill,0.009051949717104435,0.008297031745314598,0.0030697069596499205,0.004170274827629328
