target_pos,target_token,norm_suff,random_suff,norm_comp,random_comp
15, or,0.019969338551163673,0.1107257604598999,0.1263333410024643,0.06311146914958954
17,com,0.0,0.05807413160800934,0.25481709837913513,0.16556093096733093
19,.,0.09897731244564056,0.016094595193862915,0.03874852508306503,0.06053886190056801
21, genus,0.0,0.040349703282117844,0.16331109404563904,0.04498543217778206
23,ill,0.006375666242092848,0.0082332082092762,0.004057307727634907,0.0039876606315374374
