norm_suff_mean,random_suff_mean,norm_comp_mean,random_comp_mean,final suff,final comp,target_tokens
0.025064462795853615,0.04669548198580742,0.11745347827672958,0.0676368698477745,0.5367642045021057,2.698516607284546, or$com$.$ genus$ill
