norm_suff_mean,random_suff_mean,norm_comp_mean,random_comp_mean,final suff,final comp,target_tokens
0.019659213721752167,0.06209491565823555,0.10154161602258682,0.05648162588477135,0.31659939885139465,2.8730359077453613, or$com$.$ genus$ill
