target_pos,target_token,norm_suff,random_suff,norm_comp,random_comp
24, or,0.15458396077156067,0.0,0.1215081512928009,0.10882005840539932
26,.,0.03921153023838997,0.0,0.039790332317352295,0.01543859951198101
28,"
",0.0,0.15902279317378998,0.028707558289170265,0.029628252610564232
30,ign,0.0,0.01902695931494236,0.0006164229707792401,0.0004404136270750314
32, tumors,0.003315048525109887,0.001958406763151288,0.023073358461260796,0.012269151397049427
