target_pos,target_token,norm_suff,random_suff,norm_comp,random_comp
24, or,0.16780704259872437,0.09288761764764786,0.11356288194656372,0.04738461971282959
26,.,0.019285568967461586,0.0,0.03681860864162445,0.01737295836210251
28,"
",0.1985279619693756,0.0,0.01758185401558876,0.04098474234342575
30,ign,0.0,0.0004321889136917889,0.0009792069904506207,0.0007819931488484144
32, tumors,0.008069817908108234,0.0032731143292039633,0.0060738204047083855,0.03769734874367714
