norm_suff_mean,random_suff_mean,norm_comp_mean,random_comp_mean,final suff,final comp,target_tokens
0.03942210599780083,0.03600163385272026,0.04273916408419609,0.033319294452667236,1.0950088500976562,0.8451931476593018," or$.$
$ign$ tumors"
