norm_suff_mean,random_suff_mean,norm_comp_mean,random_comp_mean,final suff,final comp,target_tokens
0.07873808592557907,0.019318584352731705,0.03500327467918396,0.028844332322478294,4.075768947601318,0.36633265018463135," or$.$
$ign$ tumors"
