target_pos,target_token,norm_suff,random_suff,norm_comp,random_comp
20, and,0.0,0.14167465269565582,0.11223754286766052,0.10394993424415588
22, pr,0.0,0.01557897962629795,0.5048723220825195,0.06847404688596725
24, of,0.09082221984863281,0.01908380724489689,0.08524040877819061,0.023041702806949615
26, Ecc,0.013754035346210003,0.002163042314350605,0.27505382895469666,0.03861813247203827
28, Province,0.01877758651971817,0.0,0.2671046555042267,0.006255260203033686
