target_pos,target_token,norm_suff,random_suff,norm_comp,random_comp
20, and,0.0,0.0,0.13510161638259888,0.03744907304644585
22, pr,0.0,0.0,0.39634260535240173,0.12768413126468658
24, of,0.08265459537506104,0.08356776833534241,0.03383433446288109,0.03111451491713524
26, Ecc,0.0026784196961671114,0.0008441697573289275,0.35453930497169495,0.04335092380642891
28, Province,0.02417553961277008,0.0,0.18618859350681305,0.015261927619576454
