norm_suff_mean,random_suff_mean,norm_comp_mean,random_comp_mean,final suff,final comp,target_tokens
0.024670768529176712,0.03570009768009186,0.24890175461769104,0.048067815601825714,0.6910560727119446,1.948371171951294, and$ pr$ of$ Ecc$ Province
