norm_suff_mean,random_suff_mean,norm_comp_mean,random_comp_mean,final suff,final comp,target_tokens
0.021901709958910942,0.016882387921214104,0.22120128571987152,0.050972115248441696,1.2973111867904663,2.3273122310638428, and$ pr$ of$ Ecc$ Province
