target_pos,target_token,norm_suff,random_suff,norm_comp,random_comp
21, (,0.062771737575531,0.03081747330725193,0.037197522819042206,0.056672632694244385
23,",",0.08935663849115372,0.0,0.007053971756249666,0.0045791310258209705
25, km,0.0022503267973661423,0.0028521388303488493,0.06338368356227875,0.06307753920555115
27, west,0.0,0.009336029179394245,0.07178440690040588,0.022549351677298546
29, the,0.0017016975907608867,0.0,0.035446975380182266,0.060205765068531036
