target_pos,target_token,norm_suff,random_suff,norm_comp,random_comp
21, (,0.04791936278343201,0.04309063404798508,0.20596420764923096,0.032079245895147324
23,",",0.015658913180232048,0.053286563605070114,0.0042146178893744946,0.009086334146559238
25, km,0.0,0.0032958155497908592,0.02441910281777382,0.022344648838043213
27, west,0.021308431401848793,0.00996633991599083,0.0353534035384655,0.06102687120437622
29, the,0.0,0.0036690032575279474,0.04818784445524216,0.03512897714972496
