norm_suff_mean,random_suff_mean,norm_comp_mean,random_comp_mean,final suff,final comp,target_tokens
0.031216083094477654,0.008601128123700619,0.042973313480615616,0.04141688346862793,3.629301071166992,1.3267803192138672," ($,$ km$ west$ the"
