norm_suff_mean,random_suff_mean,norm_comp_mean,random_comp_mean,final suff,final comp,target_tokens
0.0169773418456316,0.022661671042442322,0.06362783908843994,0.03193321451544762,0.7491654753684998,1.8809313774108887," ($,$ km$ west$ the"
