target_pos,target_token,norm_suff,random_suff,norm_comp,random_comp
25, by,0.01613559201359749,0.0,0.19265121221542358,0.01781081221997738
27, B,0.06168230623006821,0.052302733063697815,0.8754199743270874,0.13713394105434418
29,en,0.02531031146645546,0.04846879839897156,0.6723508238792419,0.5528582334518433
31, Mel,0.0031305307056754827,0.005762099754065275,0.05418253690004349,0.0347985215485096
33, Wall,0.01794973388314247,0.0,0.5577884316444397,0.0471377968788147
