target_pos,target_token,norm_suff,random_suff,norm_comp,random_comp
25, by,0.02149105630815029,0.032849375158548355,0.17886698246002197,0.02690068632364273
27, B,0.027934672310948372,0.03218871355056763,0.7650372982025146,0.2057403177022934
29,en,0.0316157266497612,0.0,0.004668182693421841,0.004466594662517309
31, Mel,0.010305291973054409,0.0,0.1084291860461235,0.02578410506248474
33, Wall,0.006753536872565746,0.007395721971988678,0.8225709199905396,0.055549848824739456
