norm_suff_mean,random_suff_mean,norm_comp_mean,random_comp_mean,final suff,final comp,target_tokens
0.019620057195425034,0.014486762695014477,0.3759145438671112,0.06368830800056458,1.3543437719345093,3.246081590652466, by$ B$en$ Mel$ Wall
