norm_suff_mean,random_suff_mean,norm_comp_mean,random_comp_mean,final suff,final comp,target_tokens
0.02484169416129589,0.021306727081537247,0.4704785943031311,0.1579478532075882,1.1659084558486938,6.358175754547119, by$ B$en$ Mel$ Wall
