target_pos,target_token,norm_suff,random_suff,norm_comp,random_comp
21, by,0.0,0.023848917335271835,0.06871548295021057,0.05049680173397064
23, American,0.0,0.0049653430469334126,0.607979416847229,0.03615855053067207
25, industry,0.05702845752239227,0.0,0.2511713206768036,0.12297188490629196
27, It,0.0,0.0002238515007775277,0.02630508691072464,0.029655031859874725
29, given,0.0,0.0,0.2511933743953705,0.05407053232192993
