target_pos,target_token,norm_suff,random_suff,norm_comp,random_comp
21, by,0.038882218301296234,0.02141393907368183,0.04323871061205864,0.01649690605700016
23, American,0.0,0.0,0.7101422548294067,0.10423698276281357
25, industry,0.06986391544342041,0.018354171887040138,0.2938668131828308,0.11830155551433563
27, It,0.008183366619050503,0.0012874794192612171,0.019887978211045265,0.023458240553736687
29, given,0.0,0.0016652509802952409,0.260675847530365,0.13308000564575195
