norm_suff_mean,random_suff_mean,norm_comp_mean,random_comp_mean,final suff,final comp,target_tokens
0.011405691504478455,0.0058076223358511925,0.24107293784618378,0.05867055803537369,1.96391761302948,5.143971920013428, by$ American$ industry$ It$ given
