norm_suff_mean,random_suff_mean,norm_comp_mean,random_comp_mean,final suff,final comp,target_tokens
0.023385901004076004,0.008544168435037136,0.2655623257160187,0.07911473512649536,2.7370598316192627,3.383009910583496, by$ American$ industry$ It$ given
