target_pos,target_token,norm_suff,random_suff,norm_comp,random_comp
27, The,0.006666767876595259,0.022783206775784492,0.040523044764995575,0.02014695107936859
29,eng,0.0,0.0,0.04239927604794502,0.057810228317976
31, period,0.03193653002381325,0.0,0.3656933605670929,0.12901651859283447
33, a,0.0,0.0,0.05015133321285248,0.014936855062842369
35, of,0.01783786341547966,0.03171783685684204,0.00910876877605915,0.02887861430644989
