target_pos,target_token,norm_suff,random_suff,norm_comp,random_comp
27, The,0.0,0.005952436476945877,0.026186760514974594,0.042638059705495834
29,eng,0.0,0.005228729918599129,0.013568376190960407,0.027740562334656715
31, period,0.025223586708307266,0.0293570589274168,0.25308823585510254,0.10703796148300171
33, a,0.0,0.019357645884156227,0.05377744138240814,0.011262359097599983
35, of,0.0,0.021765749901533127,0.020032435655593872,0.018659314140677452
