norm_suff_mean,random_suff_mean,norm_comp_mean,random_comp_mean,final suff,final comp,target_tokens
0.011288232170045376,0.010900208726525307,0.10157515853643417,0.050157833844423294,1.035597801208496,4.443373680114746, The$eng$ period$ a$ of
