norm_suff_mean,random_suff_mean,norm_comp_mean,random_comp_mean,final suff,final comp,target_tokens
0.005044717341661453,0.016332324594259262,0.07333065569400787,0.04146764799952507,0.3088793158531189,8.220014572143555, The$eng$ period$ a$ of
