target_pos,target_token,norm_suff,random_suff,norm_comp,random_comp
17, at,0.026188155636191368,0.007691784296184778,0.03753555193543434,0.043332360684871674
19, top,0.0,0.0,0.044268179684877396,0.02363346889615059
21, the,0.028677064925432205,0.008638819679617882,0.03701621666550636,0.03560660779476166
23, social,0.0,0.0,0.30712398886680603,0.06675528734922409
25,.,0.062189970165491104,0.15032540261745453,0.009560003876686096,0.018269728869199753
