target_pos,target_token,norm_suff,random_suff,norm_comp,random_comp
17, at,0.0823809877038002,0.03357657045125961,0.04757895693182945,0.0815054252743721
19, top,0.0,0.003913690336048603,0.02624727040529251,0.049016498029232025
21, the,0.0,0.006830133963376284,0.450703889131546,0.02770199440419674
23, social,0.0046718791127204895,0.019717304036021233,0.07426116615533829,0.03237907215952873
25,.,0.10005409270524979,0.14926190674304962,0.011212002485990524,0.008558597415685654
