norm_suff_mean,random_suff_mean,norm_comp_mean,random_comp_mean,final suff,final comp,target_tokens
0.023411039263010025,0.03333120048046112,0.0871007889509201,0.03751949220895767,0.702376127243042,1.602640986442566, at$ top$ the$ social$.
