norm_suff_mean,random_suff_mean,norm_comp_mean,random_comp_mean,final suff,final comp,target_tokens
0.037421394139528275,0.04265991970896721,0.12200065702199936,0.03983232006430626,0.8772026300430298,1.0644264221191406, at$ top$ the$ social$.
