target_pos,target_token,norm_suff,random_suff,norm_comp,random_comp
16, is,0.0,0.13248507678508759,0.0946955606341362,0.15074358880519867
18, species,0.005235819611698389,0.0,0.0594579316675663,0.03663104772567749
20, lobster,0.014063321985304356,0.012309121899306774,0.1351921409368515,0.05251770839095116
22, the,0.011393866501748562,0.002635776996612549,0.006157218012958765,0.002992528723552823
24, Neph,0.0,0.003987083677202463,0.30228206515312195,0.05255816876888275
