target_pos,target_token,norm_suff,random_suff,norm_comp,random_comp
16, is,0.0,0.04925449565052986,0.12638728320598602,0.08076556026935577
18, species,0.009530940093100071,0.006831112317740917,0.04402542859315872,0.022828463464975357
20, lobster,0.0,0.0,0.1722894310951233,0.07238182425498962
22, the,0.005635149776935577,0.0,0.003110639052465558,0.00558962719514966
24, Neph,0.0,0.007143367547541857,0.212595134973526,0.08117569237947464
