norm_suff_mean,random_suff_mean,norm_comp_mean,random_comp_mean,final suff,final comp,target_tokens
0.006138601806014776,0.030283411964774132,0.1195569857954979,0.05908861383795738,0.20270508527755737,9.625744819641113, is$ species$ lobster$ the$ Neph
