norm_suff_mean,random_suff_mean,norm_comp_mean,random_comp_mean,final suff,final comp,target_tokens
0.0030332179740071297,0.01264579501003027,0.11168158054351807,0.05254823714494705,0.23985980451107025,17.32425308227539, is$ species$ lobster$ the$ Neph
