target_pos,target_token,norm_suff,random_suff,norm_comp,random_comp
12, They,0.0,0.035044532269239426,0.04883470758795738,0.07709991186857224
14, used,0.0,0.02542322874069214,0.1582227349281311,0.06485339254140854
16, cooking,0.0,0.012342783622443676,0.28675010800361633,0.03714778274297714
18, as,0.0,0.07385116070508957,0.09478893876075745,0.060010187327861786
20, lubric,0.0,0.0,0.4992526173591614,0.16113732755184174
