target_pos,target_token,norm_suff,random_suff,norm_comp,random_comp
12, They,0.0,0.0,0.06407120823860168,0.0730348452925682
14, used,0.0,0.0044167484156787395,0.24834159016609192,0.06799571961164474
16, cooking,0.0,0.0,0.26259830594062805,0.07083040475845337
18, as,0.0,0.059585582464933395,0.06451980769634247,0.061410482972860336
20, lubric,0.0,0.02793438360095024,0.47536659240722656,0.0726601779460907
