target_pos,target_token,norm_suff,random_suff,norm_comp,random_comp
20, until,0.05656122788786888,0.06481245160102844,0.10272451490163803,0.014304894022643566
22, French,0.0,0.009491576813161373,0.11560965329408646,0.038566771894693375
24, in,0.08411122858524323,0.05573258176445961,0.27061542868614197,0.024346398189663887
26,89,0.0,8.679544407641515e-05,0.07023943215608597,0.04237093776464462
28, The,0.008272871375083923,0.045733869075775146,0.046337779611349106,0.021650919690728188
