target_pos,target_token,norm_suff,random_suff,norm_comp,random_comp
20, until,0.0,0.03340696915984154,0.03303661197423935,0.010700544342398643
22, French,0.0,0.0,0.0410768985748291,0.029475506395101547
24, in,0.01862051710486412,0.13593441247940063,0.2060188204050064,0.03592171147465706
26,89,0.0018576976144686341,0.0017356695607304573,0.03370152413845062,0.024810146540403366
28, The,0.01552740391343832,0.016228552907705307,0.06384405493736267,0.010890676639974117
