norm_suff_mean,random_suff_mean,norm_comp_mean,random_comp_mean,final suff,final comp,target_tokens
0.029789065942168236,0.03517145663499832,0.1211053654551506,0.028247982263565063,0.8469671010971069,0.9482668042182922, until$ French$ in$89$ The
