norm_suff_mean,random_suff_mean,norm_comp_mean,random_comp_mean,final suff,final comp,target_tokens
0.007201123982667923,0.03746112063527107,0.07553558796644211,0.02235971763730049,0.1922292709350586,3.105031728744507, until$ French$ in$89$ The
