target_pos,target_token,norm_suff,random_suff,norm_comp,random_comp
15, who,0.02347118966281414,0.0,0.25581976771354675,0.06197341904044151
17, appeared,0.0,0.0,0.027920575812458992,0.030308805406093597
19, many,0.016384752467274666,0.0,0.03547289967536926,0.03329361602663994
21, television,0.03514911234378815,0.029599079862236977,0.030558889731764793,0.022953525185585022
23, and,0.135012686252594,0.15761451423168182,0.06663975864648819,0.02556021325290203
