target_pos,target_token,norm_suff,random_suff,norm_comp,random_comp
15, who,0.0,0.04088346287608147,0.1443793922662735,0.06962303072214127
17, appeared,0.021433303132653236,0.024619510397315025,0.01953180506825447,0.029677949845790863
19, many,0.0,0.02501342073082924,0.03886614367365837,0.03649522364139557
21, television,0.05601709336042404,0.03219166770577431,0.04549352452158928,0.06344950199127197
23, and,0.0,0.09285697340965271,0.05260124430060387,0.04387824609875679
