norm_suff_mean,random_suff_mean,norm_comp_mean,random_comp_mean,final suff,final comp,target_tokens
0.015490079298615456,0.04311300441622734,0.060174424201250076,0.04862479493021965,0.3592901825904846,3.1390926837921143, who$ appeared$ many$ television$ and
