norm_suff_mean,random_suff_mean,norm_comp_mean,random_comp_mean,final suff,final comp,target_tokens
0.04200354963541031,0.03744272142648697,0.08328237384557724,0.03481791540980339,1.1218081712722778,0.8289279341697693, who$ appeared$ many$ television$ and
