target_pos,target_token,norm_suff,random_suff,norm_comp,random_comp
15, developed,0.08067630231380463,0.0,0.06107037886977196,0.05647435411810875
17, published,0.00715904263779521,0.0069432733580470085,0.02225295826792717,0.018620936200022697
19, Nintendo,0.002531743375584483,0.0,0.11791260540485382,0.07340016961097717
21, the,0.0,0.0,0.013619720935821533,0.019974103197455406
23, Boy,0.0009421532740816474,0.0,0.012413772754371166,0.016151709482073784
