target_pos,target_token,norm_suff,random_suff,norm_comp,random_comp
15, developed,0.0,0.056084759533405304,0.05936545133590698,0.04279166832566261
17, published,0.0,0.004397312179207802,0.006667701061815023,0.01565563678741455
19, Nintendo,0.004285769537091255,0.0011419020593166351,0.07760385423898697,0.04609006270766258
21, the,0.0022396319545805454,0.0,0.006266701966524124,0.011521738022565842
23, Boy,0.012695123441517353,0.004076695069670677,0.015861669555306435,0.009665737859904766
