norm_suff_mean,random_suff_mean,norm_comp_mean,random_comp_mean,final suff,final comp,target_tokens
0.0038441051729023457,0.013140133582055569,0.033153075724840164,0.025144970044493675,0.2925468981266022,6.5411763191223145, developed$ published$ Nintendo$ the$ Boy
