norm_suff_mean,random_suff_mean,norm_comp_mean,random_comp_mean,final suff,final comp,target_tokens
0.018261848017573357,0.001388654694892466,0.045453887432813644,0.03692425414919853,13.150748252868652,2.0219340324401855, developed$ published$ Nintendo$ the$ Boy
