target_pos,target_token,norm_suff,random_suff,norm_comp,random_comp
24, of,0.02690744958817959,0.036968838423490524,0.09862826019525528,0.02113644778728485
26, Mint,0.002943312516435981,0.0,0.026051053777337074,0.006404399406164885
28, 18,0.009679673239588737,0.004805702716112137,0.038708120584487915,0.03490246832370758
30, to,0.029136868193745613,0.0,0.016920899972319603,0.015248529613018036
32,.,0.05209803208708763,0.0338921919465065,0.016162347048521042,0.022956326603889465
