target_pos,target_token,norm_suff,random_suff,norm_comp,random_comp
24, of,0.017013119533658028,0.05143245682120323,0.05453001335263252,0.03128226846456528
26, Mint,0.004673582501709461,0.002620022278279066,0.03953378647565842,0.015271649695932865
28, 18,0.031676776707172394,0.0010645997244864702,0.045682717114686966,0.06897689402103424
30, to,0.0,0.021532448008656502,0.022299205884337425,0.007337227463722229
32,.,0.15676996111869812,0.14212551712989807,0.04112313687801361,0.016402332112193108
