norm_suff_mean,random_suff_mean,norm_comp_mean,random_comp_mean,final suff,final comp,target_tokens
0.02415306679904461,0.015133345499634743,0.03929413482546806,0.02012963406741619,1.59601628780365,0.8334193825721741, of$ Mint$ 18$ to$.
