norm_suff_mean,random_suff_mean,norm_comp_mean,random_comp_mean,final suff,final comp,target_tokens
0.042026687413454056,0.04375500977039337,0.04063377529382706,0.027854073792696,0.9605000019073486,0.6627711057662964, of$ Mint$ 18$ to$.
