target_pos,target_token,norm_suff,random_suff,norm_comp,random_comp
11, and,0.0,0.0,0.02322356030344963,0.044043589383363724
13, the,0.0,0.043546635657548904,0.11231224983930588,0.0337555818259716
15, program,0.0,0.0,0.27703753113746643,0.06791073828935623
17, scientific,0.0,0.038658808916807175,0.3945361375808716,0.14620600640773773
19,.,0.1723116785287857,0.22705721855163574,0.058122120797634125,0.10778497159481049
