target_pos,target_token,norm_suff,random_suff,norm_comp,random_comp
11, and,0.07944141328334808,0.05997150018811226,0.07343025505542755,0.06094862148165703
13, the,0.0,0.10610409080982208,0.14274299144744873,0.07403911650180817
15, program,0.0,0.0,0.29630348086357117,0.056624092161655426
17, scientific,0.0,0.04736670106649399,0.3810385763645172,0.06075975298881531
19,.,0.1990753710269928,0.02632368728518486,0.07575603574514389,0.06710564345121384
