norm_suff_mean,random_suff_mean,norm_comp_mean,random_comp_mean,final suff,final comp,target_tokens
0.05570335313677788,0.04795319586992264,0.19385425746440887,0.06389544904232025,1.1616191864013672,1.1470664739608765, and$ the$ program$ scientific$.
