norm_suff_mean,random_suff_mean,norm_comp_mean,random_comp_mean,final suff,final comp,target_tokens
0.0344623364508152,0.061852533370256424,0.1730463206768036,0.07994017750024796,0.5571693778038025,2.319638967514038, and$ the$ program$ scientific$.
