target_pos,target_token,norm_suff,random_suff,norm_comp,random_comp
20, thick,0.06472263485193253,0.023469751700758934,0.9098692536354065,0.10118642449378967
22, The,0.0,0.004259743727743626,0.0343065969645977,0.06198451668024063
24, is,0.07296595722436905,0.0,0.04009118676185608,0.024692632257938385
26, to,0.08626805990934372,0.039496466517448425,0.09281094372272491,0.02601044811308384
28, a,0.05552941560745239,0.0,0.03389906510710716,0.021997977048158646
