target_pos,target_token,norm_suff,random_suff,norm_comp,random_comp
20, thick,0.06815993785858154,0.08005652576684952,0.8856786489486694,0.17944908142089844
22, The,0.0,0.05755940452218056,0.04102787747979164,0.015188885852694511
24, is,0.06749682873487473,0.0,0.04356476664543152,0.06485137343406677
26, to,0.0435526967048645,0.01272861659526825,0.026497986167669296,0.022377680987119675
28, a,0.0372193306684494,0.0,0.0444776825606823,0.068669892847538
