norm_suff_mean,random_suff_mean,norm_comp_mean,random_comp_mean,final suff,final comp,target_tokens
0.05589721351861954,0.013445192947983742,0.22219541668891907,0.047174401581287384,4.157412528991699,0.8439490795135498, thick$ The$ is$ to$ a
