norm_suff_mean,random_suff_mean,norm_comp_mean,random_comp_mean,final suff,final comp,target_tokens
0.043285757303237915,0.030068909749388695,0.20824940502643585,0.07010737806558609,1.4395519495010376,1.619640827178955, thick$ The$ is$ to$ a
