target_pos,target_token,norm_suff,random_suff,norm_comp,random_comp
22, and,0.08481748402118683,0.05270116403698921,0.13627859950065613,0.06351371854543686
24, written,0.0,0.016054529696702957,0.07003213465213776,0.021715793758630753
26, 1942,0.0,0.015605727210640907,0.3623795211315155,0.0814555361866951
28, It,0.0,0.0,0.03620835393667221,0.04709126427769661
30, a,0.0,0.06035830080509186,0.05815593898296356,0.03643358126282692
