target_pos,target_token,norm_suff,random_suff,norm_comp,random_comp
22, and,0.0,0.06108779087662697,0.1886436939239502,0.0729246437549591
24, written,0.0,0.0,0.04918910190463066,0.02628733403980732
26, 1942,0.0,0.0,0.35387131571769714,0.14745444059371948
28, It,0.004424142651259899,0.0,0.09267687797546387,0.08939515799283981
30, a,0.05816473811864853,0.0054407259449362755,0.08536626398563385,0.022553788498044014
