norm_suff_mean,random_suff_mean,norm_comp_mean,random_comp_mean,final suff,final comp,target_tokens
0.012517775408923626,0.013305703178048134,0.15394945442676544,0.071723073720932,0.9407827258110046,5.729698181152344, and$ written$ 1942$ It$ a
