norm_suff_mean,random_suff_mean,norm_comp_mean,random_comp_mean,final suff,final comp,target_tokens
0.016963496804237366,0.028943944722414017,0.13261091709136963,0.05004198104143143,0.5860810279846191,2.9499802589416504, and$ written$ 1942$ It$ a
