target_pos,target_token,norm_suff,random_suff,norm_comp,random_comp
21, for,0.0,0.040678441524505615,0.1272783726453781,0.05413734167814255
23, Los,0.0,0.0,0.24395065009593964,0.04759260639548302
25, Dodgers,0.00762405339628458,0.002559036947786808,0.06925667822360992,0.02964971773326397
27, Major,0.0,0.0,0.018870415166020393,0.02105768956243992
29, Baseball,0.000744304561521858,0.0,0.0026857212651520967,0.0012501259334385395
