target_pos,target_token,norm_suff,random_suff,norm_comp,random_comp
21, for,0.04425520449876785,0.047746121883392334,0.07729896157979965,0.05556134134531021
23, Los,0.0,0.0038717216812074184,0.2291797548532486,0.028854714706540108
25, Dodgers,0.0,0.0032942036632448435,0.1732763797044754,0.0200198981910944
27, Major,0.0,0.0,0.005833390634506941,0.008218257687985897
29, Baseball,0.00036248716060072184,0.0007760229054838419,0.0021459227427840233,0.003683402668684721
