norm_suff_mean,random_suff_mean,norm_comp_mean,random_comp_mean,final suff,final comp,target_tokens
0.0016736716497689486,0.008647495880723,0.09240837395191193,0.03073749504983425,0.19354407489299774,18.36530876159668, for$ Los$ Dodgers$ Major$ Baseball
