norm_suff_mean,random_suff_mean,norm_comp_mean,random_comp_mean,final suff,final comp,target_tokens
0.008923538029193878,0.011137614026665688,0.09754687547683716,0.02326752245426178,0.8012073040008545,2.6074323654174805, for$ Los$ Dodgers$ Major$ Baseball
