target_pos,target_token,norm_suff,random_suff,norm_comp,random_comp
25,"
",0.0,0.0,0.580752968788147,0.08015129715204239
27,Nut,0.0,0.0,0.23474983870983124,0.19854912161827087
29,"
",0.07245053350925446,0.0,0.8857592344284058,0.0737127959728241
31,A,0.0,0.0,0.05586426332592964,0.05861060693860054
33, is,0.07023704051971436,0.1239861249923706,0.02131410874426365,0.027146870270371437
