target_pos,target_token,norm_suff,random_suff,norm_comp,random_comp
25,"
",0.35651111602783203,0.16541337966918945,0.18013358116149902,0.021810580044984818
27,Nut,0.0,0.0,0.2761071026325226,0.04747037589550018
29,"
",0.13315756618976593,0.0,0.8395601511001587,0.14513924717903137
31,A,0.000981703051365912,0.0,0.12261491268873215,0.06507152318954468
33, is,0.0024419401306658983,0.06686969846487045,0.039345789700746536,0.023882176727056503
