norm_suff_mean,random_suff_mean,norm_comp_mean,random_comp_mean,final suff,final comp,target_tokens
0.09861847013235092,0.04645661637187004,0.2915523052215576,0.06067478284239769,2.122807741165161,0.6152476668357849,"
$Nut$
$A$ is"
