norm_suff_mean,random_suff_mean,norm_comp_mean,random_comp_mean,final suff,final comp,target_tokens
0.028537515550851822,0.02479722537100315,0.35568809509277344,0.0876341387629509,1.1508350372314453,3.0708398818969727,"
$Nut$
$A$ is"
