{
    "$schema": "../docs/rationalization.schema.json",
    "id": 101,
    "input-text": [
        "I",
        " thought",
        " it",
        " would",
        " be",
        " the",
        " easiest",
        " thing",
        " I",
        "'d",
        " ever",
        " encounter",
        ".",
        " (",
        "I",
        " tried",
        " to",
        " ignore",
        " my",
        " phone",
        " vibr",
        "ating",
        " in",
        " my",
        " pocket",
        ").",
        " But",
        " when",
        " I",
        " did",
        " end",
        " up",
        " encountering",
        " it",
        ",",
        " it",
        " turned",
        " out",
        " it",
        " wasn",
        "'t",
        " so"
    ],
    "input-tokens": [
        40,
        1807,
        340,
        561,
        307,
        262,
        16638,
        1517,
        314,
        1549,
        1683,
        8791,
        13,
        357,
        40,
        3088,
        284,
        8856,
        616,
        3072,
        12611,
        803,
        287,
        616,
        10000,
        737,
        887,
        618,
        314,
        750,
        886,
        510,
        42398,
        340,
        11,
        340,
        2900,
        503,
        340,
        2492,
        470,
        523
    ],
    "target-text": " easy",
    "target-token": 2562,
    "rational-size": 9,
    "rational-positions": [
        4,
        6,
        14,
        17,
        24,
        25,
        37,
        40,
        41
    ],
    "rational-text": [
        " be",
        " easiest",
        "I",
        " ignore",
        " pocket",
        ").",
        " out",
        "'t",
        " so"
    ],
    "rational-tokens": [
        307,
        16638,
        40,
        8856,
        10000,
        737,
        503,
        470,
        523
    ],
    "importance-scores": [
        0.0009127405355684459,
        0.000971726723946631,
        0.0010105273686349392,
        0.0005198028520680964,
        0.02647523023188114,
        0.014211380854249,
        0.2549920380115509,
        0.0009446401963941753,
        0.0018019716953858733,
        0.0009168416145257652,
        0.00599363399669528,
        0.0007351652020588517,
        0.0008194058900699019,
        0.0007937649497762322,
        0.004925954155623913,
        0.004017578437924385,
        0.0005854904884472489,
        0.015485288575291634,
        0.005443706642836332,
        0.00042449645115993917,
        0.029999202117323875,
        0.0006436320836655796,
        0.0006830485654063523,
        0.004781719762831926,
        0.000620530336163938,
        0.0012401982676237822,
        0.0010137425269931555,
        0.007920385338366032,
        0.015649568289518356,
        0.0010326830670237541,
        0.0007470639538951218,
        0.16528329253196716,
        0.0008252238039858639,
        0.000919095880817622,
        0.0009263097308576107,
        0.0010906163370236754,
        0.0006924631888978183,
        0.00792117603123188,
        0.0006231770967133343,
        0.0004478132468648255,
        0.19168604910373688,
        0.22327163815498352
    ],
    "comments": {
        "created-by": "run_analogies.py",
        "args": {
            "model": "gpt2-medium",
            "cache_dir": "cache/",
            "tokenizer": "gpt2-medium",
            "data_dir": "data/analogies/gpt2/",
            "importance_results_dir": "rationalization_results/analogies/gpt2_ours/top3_replace0.1_max5000_batch5",
            "device": "cuda",
            "rationalization_config": "config/gpt2/top3_replace0.1_max5000_batch5.json",
            "input_num_ratio": 1.0,
            "logfolder": "logs/analogies/gpt2_ours/top3_replace0.1_max5000_batch5",
            "loglevel": 20
        },
        "time_elapsed": 3.1189706325531006,
        "separate_rational": [
            [
                " so",
                "I",
                " easiest",
                " I",
                " my",
                " be",
                ").",
                " thought"
            ],
            [
                " up",
                "'t",
                " I",
                " so",
                ").",
                " out",
                " it",
                " ("
            ],
            [
                "'t",
                " easiest",
                " out",
                " turned",
                "ating",
                " pocket",
                " But",
                "I"
            ],
            [
                " easiest",
                " tried",
                " encounter",
                " pocket",
                " encountering",
                " so",
                " ignore",
                "'t"
            ],
            [
                " so",
                " vibr",
                " be",
                "'t",
                " ignore",
                " the",
                " easiest",
                " when"
            ]
        ]
    }
}