{
    "$schema": "../docs/rationalization.schema.json",
    "id": 12,
    "input-text": [
        "When",
        " my",
        " flight",
        " landed",
        " in",
        " Spain",
        ",",
        " I",
        " converted",
        " my",
        " currency",
        " and",
        " slowly",
        " fell",
        " asleep",
        ".",
        " (",
        "I",
        " had",
        " a",
        " terrifying",
        " dream",
        " about",
        " my",
        " grandmother",
        ",",
        " but",
        " that",
        "'s",
        " a",
        " story",
        " for",
        " another",
        " time",
        ").",
        " I",
        " was",
        " staying",
        " in",
        " the",
        " capital",
        ","
    ],
    "input-tokens": [
        2215,
        616,
        5474,
        11406,
        287,
        8602,
        11,
        314,
        11513,
        616,
        7395,
        290,
        6364,
        3214,
        16039,
        13,
        357,
        40,
        550,
        257,
        17623,
        4320,
        546,
        616,
        18410,
        11,
        475,
        326,
        338,
        257,
        1621,
        329,
        1194,
        640,
        737,
        314,
        373,
        10589,
        287,
        262,
        3139,
        11
    ],
    "target-text": " Madrid",
    "target-token": 14708,
    "rational-size": 9,
    "rational-positions": [
        0,
        4,
        5,
        7,
        26,
        36,
        39,
        40,
        41
    ],
    "rational-text": [
        "When",
        " in",
        " Spain",
        " I",
        " but",
        " was",
        " the",
        " capital",
        ","
    ],
    "rational-tokens": [
        2215,
        287,
        8602,
        314,
        475,
        373,
        262,
        3139,
        11
    ],
    "importance-scores": [
        8.769322334956087e-08,
        1.6117388312864023e-08,
        4.834939670850247e-10,
        1.720573572505657e-09,
        1.2036376801916049e-06,
        0.7993143200874329,
        1.2625126828424982e-06,
        6.274876795941964e-06,
        9.828349245566415e-10,
        2.7494068490341306e-05,
        1.2069809596226833e-09,
        3.57575247189601e-10,
        3.1393052046801984e-10,
        1.050370641159093e-11,
        3.5266829456759297e-08,
        2.407624230191252e-12,
        5.243467740001506e-07,
        1.9564313902264985e-07,
        4.268103093174602e-10,
        1.3361473039097405e-10,
        5.077859799307305e-10,
        3.0366098968670485e-08,
        9.362519631395116e-05,
        1.7694443243954083e-08,
        9.175304613306956e-12,
        4.065897485361347e-08,
        2.428820607747184e-06,
        4.244802859904029e-12,
        3.2441233727142915e-11,
        8.392306938276306e-08,
        2.752687500162665e-08,
        3.1115940379855545e-10,
        1.5604012304493153e-08,
        4.890047833328026e-08,
        9.137924861235547e-10,
        1.1172962999239644e-08,
        7.266447141773824e-07,
        1.1806857401097659e-05,
        4.199725900377871e-09,
        0.20013780891895294,
        0.00040119054028764367,
        7.546267966063169e-07
    ],
    "comments": {
        "created-by": "run_analogies.py",
        "args": {
            "model": "gpt2-medium",
            "cache_dir": "cache/",
            "tokenizer": "gpt2-medium",
            "data_dir": "data/analogies/gpt2/",
            "importance_results_dir": "rationalization_results/analogies/gpt2_ours/top3_replace0.1_max5000_batch5",
            "device": "cuda",
            "rationalization_config": "config/gpt2/top3_replace0.1_max5000_batch5.json",
            "input_num_ratio": 1.0,
            "logfolder": "logs/analogies/gpt2_ours/top3_replace0.1_max5000_batch5",
            "loglevel": 20
        },
        "time_elapsed": 26.49236559867859,
        "separate_rational": [
            [
                " the",
                " in",
                ").",
                " capital",
                ",",
                " Spain",
                " was",
                " flight"
            ],
            [
                " Spain",
                " capital",
                " my",
                " staying",
                " I",
                " but",
                ",",
                " in"
            ],
            [
                " Spain",
                " capital",
                " asleep",
                " my",
                " the",
                " in",
                "When",
                " was"
            ],
            [
                " Spain",
                " capital",
                " the",
                " I",
                " in",
                " I",
                " that",
                " but"
            ],
            [
                " Spain",
                " capital",
                " the",
                " about",
                " was",
                ",",
                " I",
                "When"
            ]
        ]
    }
}