{
    "$schema": "../docs/rationalization.schema.json",
    "id": 133,
    "input-text": [
        "I",
        " had",
        " never",
        " been",
        " friends",
        " with",
        " any",
        " Israeli",
        " people",
        " before",
        ".",
        " (",
        "The",
        " funn",
        "iest",
        " thing",
        " happened",
        " to",
        " me",
        " the",
        " other",
        " day",
        ",",
        " but",
        " that",
        "'s",
        " a",
        " story",
        " for",
        " another",
        " time",
        ").",
        " In",
        " fact",
        ",",
        " I",
        " had",
        " never",
        " even",
        " been",
        " to"
    ],
    "input-tokens": [
        40,
        550,
        1239,
        587,
        2460,
        351,
        597,
        6085,
        661,
        878,
        13,
        357,
        464,
        36090,
        6386,
        1517,
        3022,
        284,
        502,
        262,
        584,
        1110,
        11,
        475,
        326,
        338,
        257,
        1621,
        329,
        1194,
        640,
        737,
        554,
        1109,
        11,
        314,
        550,
        1239,
        772,
        587,
        284
    ],
    "target-text": " Israel",
    "target-token": 2692,
    "rational-size": 10,
    "rational-positions": [
        5,
        7,
        17,
        19,
        22,
        27,
        33,
        37,
        39,
        40
    ],
    "rational-text": [
        " with",
        " Israeli",
        " to",
        " the",
        ",",
        " story",
        " fact",
        " never",
        " been",
        " to"
    ],
    "rational-tokens": [
        351,
        6085,
        284,
        262,
        11,
        1621,
        1109,
        1239,
        587,
        284
    ],
    "importance-scores": [
        0.00020150255295448005,
        0.000367821630788967,
        0.0006439940771088004,
        0.0009876708500087261,
        0.0006843655137345195,
        0.017157338559627533,
        0.00014821051445323974,
        0.44047313928604126,
        0.0002765613025985658,
        2.04407588171307e-05,
        8.811720908852294e-05,
        0.00027651566779240966,
        0.0005467381561174989,
        5.2475312259048223e-05,
        0.000600478786509484,
        0.03866807371377945,
        0.0038788181263953447,
        0.10702340304851532,
        9.116432011069264e-06,
        0.002172109205275774,
        0.00019825439085252583,
        0.0029243386816233397,
        0.004391113296151161,
        0.0038237993139773607,
        0.0001251166977453977,
        0.00014659322914667428,
        8.877798245521262e-05,
        0.038544364273548126,
        0.00287664239294827,
        0.0003421543806325644,
        0.0003624898090492934,
        0.0014380028005689383,
        0.025558460503816605,
        0.007115187589079142,
        0.0011231516255065799,
        4.648741742130369e-05,
        1.0262229807267431e-05,
        0.061224110424518585,
        0.0012238548370078206,
        0.19543728232383728,
        0.038722679018974304
    ],
    "comments": {
        "created-by": "run_analogies.py",
        "args": {
            "model": "gpt2-medium",
            "cache_dir": "cache/",
            "tokenizer": "gpt2-medium",
            "data_dir": "data/analogies/gpt2/",
            "importance_results_dir": "rationalization_results/analogies/gpt2_ours/top3_replace0.1_max5000_batch5",
            "device": "cuda",
            "rationalization_config": "config/gpt2/top3_replace0.1_max5000_batch5.json",
            "input_num_ratio": 1.0,
            "logfolder": "logs/analogies/gpt2_ours/top3_replace0.1_max5000_batch5",
            "loglevel": 20
        },
        "time_elapsed": 5.757919549942017,
        "separate_rational": [
            [
                " never",
                " to",
                " thing",
                " In",
                " been",
                " fact",
                " for",
                " Israeli"
            ],
            [
                " Israeli",
                " story",
                " to",
                " with",
                " happened",
                " but",
                " been",
                " even"
            ],
            [
                " Israeli",
                " to",
                " been",
                " the",
                " that",
                ",",
                " fact",
                " had"
            ],
            [
                " Israeli",
                " day",
                " never",
                " time",
                "I",
                " been",
                " other",
                " any"
            ],
            [
                " been",
                " Israeli",
                " to",
                ",",
                " story",
                " with",
                " the",
                " fact"
            ]
        ]
    }
}