{
    "$schema": "../docs/rationalization.schema.json",
    "id": 139,
    "input-text": [
        "I",
        " had",
        " never",
        " been",
        " friends",
        " with",
        " any",
        " Polish",
        " people",
        " before",
        ".",
        " (",
        "The",
        " funn",
        "iest",
        " thing",
        " happened",
        " to",
        " me",
        " the",
        " other",
        " day",
        ",",
        " but",
        " that",
        "'s",
        " a",
        " story",
        " for",
        " another",
        " time",
        ").",
        " In",
        " fact",
        ",",
        " I",
        " had",
        " never",
        " even",
        " been",
        " to"
    ],
    "input-tokens": [
        40,
        550,
        1239,
        587,
        2460,
        351,
        597,
        15945,
        661,
        878,
        13,
        357,
        464,
        36090,
        6386,
        1517,
        3022,
        284,
        502,
        262,
        584,
        1110,
        11,
        475,
        326,
        338,
        257,
        1621,
        329,
        1194,
        640,
        737,
        554,
        1109,
        11,
        314,
        550,
        1239,
        772,
        587,
        284
    ],
    "target-text": " Poland",
    "target-token": 12873,
    "rational-size": 12,
    "rational-positions": [
        4,
        6,
        7,
        16,
        17,
        27,
        29,
        33,
        37,
        38,
        39,
        40
    ],
    "rational-text": [
        " friends",
        " any",
        " Polish",
        " happened",
        " to",
        " story",
        " another",
        " fact",
        " never",
        " even",
        " been",
        " to"
    ],
    "rational-tokens": [
        2460,
        597,
        15945,
        3022,
        284,
        1621,
        1194,
        1109,
        1239,
        772,
        587,
        284
    ],
    "importance-scores": [
        8.410420559812337e-05,
        3.4030301321763545e-05,
        0.00037339312257245183,
        0.004732943139970303,
        0.001332978019490838,
        0.0008002807153388858,
        0.0008944576838985085,
        0.6472262144088745,
        8.130747301038355e-05,
        7.667605677852407e-05,
        0.0015381689881905913,
        7.043316145427525e-05,
        0.002247398952022195,
        0.00031991262221708894,
        0.0028472156263887882,
        0.0003572278656065464,
        0.0006910899537615478,
        0.00021971340174786747,
        0.002065204782411456,
        0.0001291314110858366,
        0.002222511451691389,
        5.9315574617357925e-05,
        0.00019606799469329417,
        0.00013000867329537868,
        0.00011221895692870021,
        0.00010608489537844434,
        0.00010605205170577392,
        0.0052471342496573925,
        0.0006272654281929135,
        0.0027021048590540886,
        0.06369724869728088,
        0.003903272794559598,
        0.00046487810323014855,
        0.0004555141495075077,
        0.00023863543174229562,
        0.0003720280365087092,
        0.00013613396731670946,
        0.00010565049160504714,
        0.004065018612891436,
        0.2470145970582962,
        0.0019164414843544364
    ],
    "comments": {
        "created-by": "run_analogies.py",
        "args": {
            "model": "gpt2-medium",
            "cache_dir": "cache/",
            "tokenizer": "gpt2-medium",
            "data_dir": "data/analogies/gpt2/",
            "importance_results_dir": "rationalization_results/analogies/gpt2_ours/top3_replace0.1_max5000_batch5",
            "device": "cuda",
            "rationalization_config": "config/gpt2/top3_replace0.1_max5000_batch5.json",
            "input_num_ratio": 1.0,
            "logfolder": "logs/analogies/gpt2_ours/top3_replace0.1_max5000_batch5",
            "loglevel": 20
        },
        "time_elapsed": 9.696645736694336,
        "separate_rational": [
            [
                " Polish",
                " another",
                " story",
                " been",
                " fact",
                " but",
                " to",
                " never"
            ],
            [
                " Polish",
                " to",
                " never",
                " happened",
                " any",
                " friends",
                " been",
                " I"
            ],
            [
                " been",
                " any",
                " to",
                " fact",
                " even",
                " Polish",
                " to",
                " another"
            ],
            [
                " Polish",
                " friends",
                " with",
                " In",
                " been",
                " happened",
                " never",
                " to"
            ],
            [
                " time",
                " Polish",
                " been",
                " been",
                " even",
                ").",
                " story",
                "iest"
            ]
        ]
    }
}