{
    "$schema": "../docs/rationalization.schema.json",
    "id": 143,
    "input-text": [
        "I",
        " had",
        " never",
        " been",
        " friends",
        " with",
        " any",
        " Swedish",
        " people",
        " before",
        ".",
        " (",
        "The",
        " funn",
        "iest",
        " thing",
        " happened",
        " to",
        " me",
        " the",
        " other",
        " day",
        ",",
        " but",
        " that",
        "'s",
        " a",
        " story",
        " for",
        " another",
        " time",
        ").",
        " In",
        " fact",
        ",",
        " I",
        " had",
        " never",
        " even",
        " been",
        " to"
    ],
    "input-tokens": [
        40,
        550,
        1239,
        587,
        2460,
        351,
        597,
        14023,
        661,
        878,
        13,
        357,
        464,
        36090,
        6386,
        1517,
        3022,
        284,
        502,
        262,
        584,
        1110,
        11,
        475,
        326,
        338,
        257,
        1621,
        329,
        1194,
        640,
        737,
        554,
        1109,
        11,
        314,
        550,
        1239,
        772,
        587,
        284
    ],
    "target-text": " Sweden",
    "target-token": 10710,
    "rational-size": 10,
    "rational-positions": [
        7,
        10,
        12,
        24,
        29,
        32,
        35,
        37,
        39,
        40
    ],
    "rational-text": [
        " Swedish",
        ".",
        "The",
        " that",
        " another",
        " In",
        " I",
        " never",
        " been",
        " to"
    ],
    "rational-tokens": [
        14023,
        13,
        464,
        326,
        1194,
        554,
        314,
        1239,
        587,
        284
    ],
    "importance-scores": [
        0.001718121930025518,
        0.0008911851909942925,
        0.0014049452729523182,
        0.0016212097834795713,
        3.649404243333265e-05,
        0.0009925186168402433,
        7.358586299233139e-05,
        0.5230287909507751,
        5.193870674702339e-05,
        0.001881952746771276,
        0.1597544401884079,
        3.9091471990104765e-05,
        0.004201026167720556,
        0.0008632219396531582,
        2.9402432119240984e-05,
        2.9811664717271924e-05,
        0.0005217466386966407,
        0.00020141643472015858,
        0.0006244219839572906,
        3.1278981623472646e-05,
        0.0030600479803979397,
        0.00013595633208751678,
        0.0006349071627482772,
        0.002731273416429758,
        0.03568591549992561,
        1.6863841665326618e-05,
        3.891873711836524e-05,
        0.0002738448674790561,
        0.08791162073612213,
        0.0031308173201978207,
        0.0020551178604364395,
        3.998574538854882e-05,
        2.142515040759463e-05,
        0.002334869932383299,
        9.066511120181531e-05,
        0.0029067036230117083,
        7.728576747467741e-05,
        0.016308534890413284,
        3.406355972401798e-05,
        0.12719646096229553,
        0.017318150028586388
    ],
    "comments": {
        "created-by": "run_analogies.py",
        "args": {
            "model": "gpt2-medium",
            "cache_dir": "cache/",
            "tokenizer": "gpt2-medium",
            "data_dir": "data/analogies/gpt2/",
            "importance_results_dir": "rationalization_results/analogies/gpt2_ours/top3_replace0.1_max5000_batch5",
            "device": "cuda",
            "rationalization_config": "config/gpt2/top3_replace0.1_max5000_batch5.json",
            "input_num_ratio": 1.0,
            "logfolder": "logs/analogies/gpt2_ours/top3_replace0.1_max5000_batch5",
            "loglevel": 20
        },
        "time_elapsed": 5.172919273376465,
        "separate_rational": [
            [
                " Swedish",
                " never",
                "The",
                " (",
                " been",
                " with",
                " time",
                " day"
            ],
            [
                " been",
                " Swedish",
                " to",
                " In",
                " funn",
                " been",
                ".",
                " story"
            ],
            [
                ".",
                " to",
                " never",
                " that",
                " Swedish",
                "The",
                " been",
                " other"
            ],
            [
                " for",
                " that",
                " been",
                ".",
                " Swedish",
                " another",
                " I",
                " but"
            ],
            [
                " Swedish",
                " that",
                " I",
                "iest",
                " been",
                " any",
                " In",
                " another"
            ]
        ]
    }
}