{
    "$schema": "../docs/rationalization.schema.json",
    "id": 153,
    "input-text": [
        "I",
        " really",
        " wanted",
        " to",
        " buy",
        " the",
        " horse",
        ",",
        " more",
        " than",
        " I",
        " ever",
        " wanted",
        " to",
        " buy",
        " anything",
        " before",
        ".",
        " (",
        "I",
        " was",
        " also",
        " behind",
        " on",
        " my",
        " homework",
        ",",
        " but",
        " that",
        "'s",
        " another",
        " story",
        ").",
        " So",
        " I",
        " went",
        " to",
        " the",
        " store",
        " and",
        " asked",
        " if",
        " they",
        " had",
        " any"
    ],
    "input-tokens": [
        40,
        1107,
        2227,
        284,
        2822,
        262,
        8223,
        11,
        517,
        621,
        314,
        1683,
        2227,
        284,
        2822,
        1997,
        878,
        13,
        357,
        40,
        373,
        635,
        2157,
        319,
        616,
        26131,
        11,
        475,
        326,
        338,
        1194,
        1621,
        737,
        1406,
        314,
        1816,
        284,
        262,
        3650,
        290,
        1965,
        611,
        484,
        550,
        597
    ],
    "target-text": " horses",
    "target-token": 14260,
    "rational-size": 10,
    "rational-positions": [
        4,
        6,
        8,
        14,
        25,
        35,
        40,
        41,
        42,
        44
    ],
    "rational-text": [
        " buy",
        " horse",
        " more",
        " buy",
        " homework",
        " went",
        " asked",
        " if",
        " they",
        " any"
    ],
    "rational-tokens": [
        2822,
        8223,
        517,
        2822,
        26131,
        1816,
        1965,
        611,
        484,
        597
    ],
    "importance-scores": [
        0.006228541489690542,
        0.008847970515489578,
        0.010911228135228157,
        0.007515150122344494,
        0.03344017639756203,
        0.013211485929787159,
        0.29765594005584717,
        0.009457645937800407,
        0.020446456968784332,
        0.00925876758992672,
        0.004340618848800659,
        0.004162207245826721,
        0.0118195666000247,
        0.005799790378659964,
        0.017196636646986008,
        0.009088902734220028,
        0.0051649222150444984,
        0.006960034370422363,
        0.013761607930064201,
        0.03899558633565903,
        0.00587325869128108,
        0.004645767156034708,
        0.005967301316559315,
        0.009738104417920113,
        0.012637737207114697,
        0.059552013874053955,
        0.003556063398718834,
        0.012390545569360256,
        0.011660725809633732,
        0.005145457573235035,
        0.014783753082156181,
        0.006160965654999018,
        0.010901108384132385,
        0.010436826385557652,
        0.005269775167107582,
        0.013578394427895546,
        0.00494066346436739,
        0.005822470411658287,
        0.009565800428390503,
        0.0042783706448972225,
        0.02218993566930294,
        0.017404962331056595,
        0.018633393570780754,
        0.02084696665406227,
        0.16975635290145874
    ],
    "comments": {
        "created-by": "run_analogies.py",
        "args": {
            "model": "gpt2-medium",
            "cache_dir": "cache/",
            "tokenizer": "gpt2-medium",
            "data_dir": "data/analogies/gpt2/",
            "importance_results_dir": "rationalization_results/analogies/gpt2_ours/top3_replace0.1_max5000_batch5",
            "device": "cuda",
            "rationalization_config": "config/gpt2/top3_replace0.1_max5000_batch5.json",
            "input_num_ratio": 1.0,
            "logfolder": "logs/analogies/gpt2_ours/top3_replace0.1_max5000_batch5",
            "loglevel": 20
        },
        "time_elapsed": 10.548105239868164,
        "separate_rational": [
            [
                " horse",
                " had",
                " store",
                " any",
                " went",
                " before",
                ",",
                "'s"
            ],
            [
                " any",
                " horse",
                " homework",
                " So",
                " if",
                " buy",
                " really",
                " asked"
            ],
            [
                " buy",
                " (",
                " more",
                " buy",
                " went",
                " they",
                ").",
                " horse"
            ],
            [
                " horse",
                " homework",
                " any",
                " asked",
                " my",
                " buy",
                " if",
                " wanted"
            ],
            [
                "I",
                " horse",
                " another",
                " but",
                " they",
                " more",
                " if",
                " buy"
            ]
        ]
    }
}