{
    "$schema": "../docs/rationalization.schema.json",
    "id": 16,
    "input-text": [
        "When",
        " my",
        " flight",
        " landed",
        " in",
        " Italy",
        ",",
        " I",
        " converted",
        " my",
        " currency",
        " and",
        " slowly",
        " fell",
        " asleep",
        ".",
        " (",
        "I",
        " had",
        " a",
        " terrifying",
        " dream",
        " about",
        " my",
        " grandmother",
        ",",
        " but",
        " that",
        "'s",
        " a",
        " story",
        " for",
        " another",
        " time",
        ").",
        " I",
        " was",
        " staying",
        " in",
        " the",
        " capital",
        ","
    ],
    "input-tokens": [
        2215,
        616,
        5474,
        11406,
        287,
        8031,
        11,
        314,
        11513,
        616,
        7395,
        290,
        6364,
        3214,
        16039,
        13,
        357,
        40,
        550,
        257,
        17623,
        4320,
        546,
        616,
        18410,
        11,
        475,
        326,
        338,
        257,
        1621,
        329,
        1194,
        640,
        737,
        314,
        373,
        10589,
        287,
        262,
        3139,
        11
    ],
    "target-text": " Rome",
    "target-token": 10598,
    "rational-size": 9,
    "rational-positions": [
        4,
        5,
        16,
        34,
        35,
        36,
        37,
        39,
        40
    ],
    "rational-text": [
        " in",
        " Italy",
        " (",
        ").",
        " I",
        " was",
        " staying",
        " the",
        " capital"
    ],
    "rational-tokens": [
        287,
        8031,
        357,
        737,
        314,
        373,
        10589,
        262,
        3139
    ],
    "importance-scores": [
        5.728351007514704e-14,
        1.8444697158503942e-11,
        1.0188103819245252e-14,
        2.773516876233839e-12,
        4.4032341975253075e-05,
        0.015259641222655773,
        6.345528266114278e-15,
        3.96868371499437e-11,
        4.0201352582156305e-14,
        1.3349303834990001e-15,
        9.488095725762591e-11,
        3.985086427515938e-10,
        4.367671860034533e-14,
        9.568321341409808e-16,
        1.1391140479065798e-14,
        3.820930117443e-12,
        7.957836646588223e-12,
        3.5441271364075946e-14,
        8.1655317815503e-14,
        1.0858548354095512e-13,
        6.414493773383018e-14,
        2.2232470178002936e-14,
        7.578306038258376e-12,
        5.495342028649652e-12,
        1.1725757864677888e-10,
        6.597141097162062e-15,
        2.5217719468173527e-08,
        6.338025807309244e-13,
        1.0874083500311826e-07,
        3.105619534866759e-14,
        3.280244409431532e-10,
        5.758439565976955e-15,
        1.3003730037208783e-11,
        5.239362832476502e-10,
        6.720707460772246e-05,
        4.6271166594681184e-17,
        7.640702648359365e-08,
        2.148734878915093e-08,
        4.869658279046951e-13,
        0.5846918225288391,
        0.39993706345558167,
        1.1364500451804815e-09
    ],
    "comments": {
        "created-by": "run_analogies.py",
        "args": {
            "model": "gpt2-medium",
            "cache_dir": "cache/",
            "tokenizer": "gpt2-medium",
            "data_dir": "data/analogies/gpt2/",
            "importance_results_dir": "rationalization_results/analogies/gpt2_ours/top3_replace0.1_max5000_batch5",
            "device": "cuda",
            "rationalization_config": "config/gpt2/top3_replace0.1_max5000_batch5.json",
            "input_num_ratio": 1.0,
            "logfolder": "logs/analogies/gpt2_ours/top3_replace0.1_max5000_batch5",
            "loglevel": 20
        },
        "time_elapsed": 41.050719261169434,
        "separate_rational": [
            [
                " the",
                " Italy",
                " I",
                " capital",
                ").",
                " staying",
                " another",
                " in"
            ],
            [
                " the",
                " Italy",
                "'s",
                " capital",
                " but",
                " staying",
                ").",
                ","
            ],
            [
                " the",
                " Italy",
                " in",
                " capital",
                " was",
                " time",
                " grandmother",
                " ("
            ],
            [
                " capital",
                " Italy",
                " in",
                " the",
                ").",
                " for",
                " my",
                " I"
            ],
            [
                " capital",
                ").",
                " the",
                " Italy",
                " (",
                " staying",
                " I",
                " was"
            ]
        ]
    }
}