{
    "$schema": "../docs/rationalization.schema.json",
    "id": 19,
    "input-text": [
        "When",
        " my",
        " flight",
        " landed",
        " in",
        " Japan",
        ",",
        " I",
        " converted",
        " my",
        " currency",
        " and",
        " slowly",
        " fell",
        " asleep",
        ".",
        " (",
        "I",
        " had",
        " a",
        " terrifying",
        " dream",
        " about",
        " my",
        " grandmother",
        ",",
        " but",
        " that",
        "'s",
        " a",
        " story",
        " for",
        " another",
        " time",
        ").",
        " I",
        " was",
        " staying",
        " in",
        " the",
        " capital",
        ","
    ],
    "input-tokens": [
        2215,
        616,
        5474,
        11406,
        287,
        2869,
        11,
        314,
        11513,
        616,
        7395,
        290,
        6364,
        3214,
        16039,
        13,
        357,
        40,
        550,
        257,
        17623,
        4320,
        546,
        616,
        18410,
        11,
        475,
        326,
        338,
        257,
        1621,
        329,
        1194,
        640,
        737,
        314,
        373,
        10589,
        287,
        262,
        3139,
        11
    ],
    "target-text": " Tokyo",
    "target-token": 11790,
    "rational-size": 10,
    "rational-positions": [
        2,
        5,
        22,
        27,
        31,
        34,
        35,
        38,
        39,
        40
    ],
    "rational-text": [
        " flight",
        " Japan",
        " about",
        " that",
        " for",
        ").",
        " I",
        " in",
        " the",
        " capital"
    ],
    "rational-tokens": [
        5474,
        2869,
        546,
        326,
        329,
        737,
        314,
        287,
        262,
        3139
    ],
    "importance-scores": [
        0.005541663151234388,
        0.0005033478373661637,
        0.00741772074252367,
        0.00037683622213080525,
        0.02206377498805523,
        0.25790736079216003,
        0.0006387809407897294,
        0.0004922045627608895,
        0.012952019460499287,
        0.022898053750395775,
        0.00014578008267562836,
        0.01294654794037342,
        4.664466905524023e-05,
        0.0042637609876692295,
        0.0005051475600339472,
        0.0004064020176883787,
        4.3433672544779256e-05,
        0.001399363623932004,
        0.0006723582628183067,
        0.00013287735055200756,
        0.006683375686407089,
        0.0002632218529470265,
        0.0026518406812101603,
        0.004891602788120508,
        0.0024753459729254246,
        0.0002800761430989951,
        0.011064952239394188,
        0.020150240510702133,
        0.00034247973235324025,
        0.002804160350933671,
        0.0012427916517481208,
        0.011799298226833344,
        0.0010267931502312422,
        0.00021073073730804026,
        0.0033663983922451735,
        0.003989880438894033,
        0.000308148970361799,
        0.0003854738606605679,
        0.003128535347059369,
        0.1878282129764557,
        0.3827345371246338,
        0.0010177784133702517
    ],
    "comments": {
        "created-by": "run_analogies.py",
        "args": {
            "model": "gpt2-medium",
            "cache_dir": "cache/",
            "tokenizer": "gpt2-medium",
            "data_dir": "data/analogies/gpt2/",
            "importance_results_dir": "rationalization_results/analogies/gpt2_ours/top3_replace0.1_max5000_batch5",
            "device": "cuda",
            "rationalization_config": "config/gpt2/top3_replace0.1_max5000_batch5.json",
            "input_num_ratio": 1.0,
            "logfolder": "logs/analogies/gpt2_ours/top3_replace0.1_max5000_batch5",
            "loglevel": 20
        },
        "time_elapsed": 13.494250297546387,
        "separate_rational": [
            [
                " Japan",
                " my",
                " converted",
                " capital",
                " terrifying",
                " for",
                " about",
                " the"
            ],
            [
                " capital",
                " Japan",
                " in",
                " that",
                " and",
                " but",
                " flight",
                "When"
            ],
            [
                " capital",
                " Japan",
                " in",
                " staying",
                " asleep",
                " I",
                " that",
                " I"
            ],
            [
                " the",
                " for",
                " Japan",
                "I",
                " story",
                " in",
                " capital",
                ")."
            ],
            [
                " capital",
                " I",
                ").",
                " about",
                " (",
                " flight",
                " the",
                " Japan"
            ]
        ]
    }
}