{
    "$schema": "../docs/rationalization.schema.json",
    "id": 26,
    "input-text": [
        "When",
        " my",
        " flight",
        " landed",
        " in",
        " Germany",
        ",",
        " I",
        " converted",
        " my",
        " currency",
        " and",
        " slowly",
        " fell",
        " asleep",
        ".",
        " (",
        "I",
        " was",
        " behind",
        " on",
        " a",
        " couple",
        " of",
        " assignments",
        ",",
        " but",
        " I",
        " tried",
        " not",
        " to",
        " think",
        " about",
        " them",
        ").",
        " I",
        " was",
        " staying",
        " in",
        " the",
        " capital",
        ","
    ],
    "input-tokens": [
        2215,
        616,
        5474,
        11406,
        287,
        4486,
        11,
        314,
        11513,
        616,
        7395,
        290,
        6364,
        3214,
        16039,
        13,
        357,
        40,
        373,
        2157,
        319,
        257,
        3155,
        286,
        25815,
        11,
        475,
        314,
        3088,
        407,
        284,
        892,
        546,
        606,
        737,
        314,
        373,
        10589,
        287,
        262,
        3139,
        11
    ],
    "target-text": " Berlin",
    "target-token": 11307,
    "rational-size": 7,
    "rational-positions": [
        2,
        4,
        5,
        13,
        14,
        39,
        40
    ],
    "rational-text": [
        " flight",
        " in",
        " Germany",
        " fell",
        " asleep",
        " the",
        " capital"
    ],
    "rational-tokens": [
        5474,
        287,
        4486,
        3214,
        16039,
        262,
        3139
    ],
    "importance-scores": [
        2.8704566830128897e-06,
        1.9147561033605598e-05,
        0.0001497177581768483,
        2.434182306387811e-06,
        0.0034395121037960052,
        0.20833270251750946,
        7.731468940619379e-07,
        0.008532113395631313,
        1.6023950593080372e-06,
        5.1112892833771184e-05,
        9.134961874224246e-05,
        3.568009674381756e-07,
        0.0002986083854921162,
        5.899821553612128e-05,
        0.0021935899276286364,
        5.584089279864202e-08,
        7.059086783556268e-05,
        1.7631318769417703e-06,
        6.557950109709054e-05,
        0.00042591229430399835,
        0.001965209376066923,
        6.749094154656632e-07,
        0.00015973238623701036,
        4.7224611421370355e-07,
        2.7216859166401264e-07,
        7.726365765847731e-06,
        3.6946644286217634e-06,
        4.80585299555969e-07,
        0.03022477589547634,
        2.881432692447561e-06,
        9.57281190494541e-06,
        3.050221550893184e-07,
        0.00031221593962982297,
        7.821511216477006e-10,
        0.0019108352717012167,
        0.0001418121246388182,
        0.0001045486205839552,
        0.00015091858222149312,
        0.00012142679042881355,
        0.6231571435928345,
        0.11798591911792755,
        6.030072654539254e-07
    ],
    "comments": {
        "created-by": "run_analogies.py",
        "args": {
            "model": "gpt2-medium",
            "cache_dir": "cache/",
            "tokenizer": "gpt2-medium",
            "data_dir": "data/analogies/gpt2/",
            "importance_results_dir": "rationalization_results/analogies/gpt2_ours/top3_replace0.1_max5000_batch5",
            "device": "cuda",
            "rationalization_config": "config/gpt2/top3_replace0.1_max5000_batch5.json",
            "input_num_ratio": 1.0,
            "logfolder": "logs/analogies/gpt2_ours/top3_replace0.1_max5000_batch5",
            "loglevel": 20
        },
        "time_elapsed": 16.975056171417236,
        "separate_rational": [
            [
                " Germany",
                " I",
                " the",
                " flight",
                " was",
                " in",
                " capital",
                " I"
            ],
            [
                " the",
                " in",
                " Germany",
                " fell",
                " asleep",
                " capital",
                " flight",
                ","
            ],
            [
                " the",
                " Germany",
                " asleep",
                " capital",
                " landed",
                "When",
                " slowly",
                " fell"
            ],
            [
                " the",
                " capital",
                " currency",
                " my",
                " couple",
                " my",
                " Germany",
                " was"
            ],
            [
                " capital",
                " tried",
                " Germany",
                " the",
                " in",
                " asleep",
                " on",
                ")."
            ]
        ]
    }
}