{
    "$schema": "../docs/rationalization.schema.json",
    "id": 29,
    "input-text": [
        "When",
        " my",
        " flight",
        " landed",
        " in",
        " Egypt",
        ",",
        " I",
        " converted",
        " my",
        " currency",
        " and",
        " slowly",
        " fell",
        " asleep",
        ".",
        " (",
        "I",
        " was",
        " behind",
        " on",
        " a",
        " couple",
        " of",
        " assignments",
        ",",
        " but",
        " I",
        " tried",
        " not",
        " to",
        " think",
        " about",
        " them",
        ").",
        " I",
        " was",
        " staying",
        " in",
        " the",
        " capital",
        ","
    ],
    "input-tokens": [
        2215,
        616,
        5474,
        11406,
        287,
        6365,
        11,
        314,
        11513,
        616,
        7395,
        290,
        6364,
        3214,
        16039,
        13,
        357,
        40,
        373,
        2157,
        319,
        257,
        3155,
        286,
        25815,
        11,
        475,
        314,
        3088,
        407,
        284,
        892,
        546,
        606,
        737,
        314,
        373,
        10589,
        287,
        262,
        3139,
        11
    ],
    "target-text": " Cairo",
    "target-token": 23732,
    "rational-size": 7,
    "rational-positions": [
        5,
        7,
        18,
        34,
        35,
        39,
        40
    ],
    "rational-text": [
        " Egypt",
        " I",
        " was",
        ").",
        " I",
        " the",
        " capital"
    ],
    "rational-tokens": [
        6365,
        314,
        373,
        737,
        314,
        262,
        3139
    ],
    "importance-scores": [
        3.256934064665984e-07,
        8.019404049264267e-06,
        2.5121746602962958e-06,
        2.4979541990433063e-07,
        4.0266331780003384e-07,
        0.3886706233024597,
        4.691318267191491e-08,
        1.4165378161123954e-05,
        5.889459862373769e-05,
        2.2964361505728448e-06,
        1.6252364730462432e-05,
        1.1025066442016396e-06,
        1.2031448477500817e-06,
        3.748948756765458e-06,
        9.31640897761099e-06,
        2.0840703029989527e-07,
        1.0660183761501685e-05,
        2.630265498737572e-07,
        0.008038662374019623,
        5.2304953896964435e-06,
        3.9734722179218807e-08,
        4.1252604887631605e-07,
        3.7855330447200686e-05,
        4.895232905255398e-06,
        2.5942390493582934e-06,
        1.3482391523211845e-06,
        6.025715038049384e-07,
        2.3456978226477077e-07,
        1.0163000752072548e-06,
        1.1663221499702559e-07,
        5.307110768626444e-07,
        1.0433982424729038e-05,
        7.941996955196373e-06,
        1.348044179394492e-06,
        0.015427349135279655,
        5.033427078160457e-05,
        4.2115534171216495e-08,
        0.006418347358703613,
        9.499469229012902e-07,
        0.22386574745178223,
        0.357323557138443,
        1.4569948803000443e-07
    ],
    "comments": {
        "created-by": "run_analogies.py",
        "args": {
            "model": "gpt2-medium",
            "cache_dir": "cache/",
            "tokenizer": "gpt2-medium",
            "data_dir": "data/analogies/gpt2/",
            "importance_results_dir": "rationalization_results/analogies/gpt2_ours/top3_replace0.1_max5000_batch5",
            "device": "cuda",
            "rationalization_config": "config/gpt2/top3_replace0.1_max5000_batch5.json",
            "input_num_ratio": 1.0,
            "logfolder": "logs/analogies/gpt2_ours/top3_replace0.1_max5000_batch5",
            "loglevel": 20
        },
        "time_elapsed": 17.64287757873535,
        "separate_rational": [
            [
                " the",
                " capital",
                " Egypt",
                " tried",
                " currency",
                ",",
                " of",
                " in"
            ],
            [
                " Egypt",
                " the",
                " I",
                " capital",
                ").",
                " was",
                " I",
                " flight"
            ],
            [
                " Egypt",
                " was",
                " capital",
                ").",
                " the",
                " converted",
                " I",
                " couple"
            ],
            [
                " capital",
                " Egypt",
                ").",
                " my",
                " the",
                " I",
                " fell",
                " but"
            ],
            [
                " capital",
                " the",
                ").",
                " staying",
                " asleep",
                " Egypt",
                " I",
                " assignments"
            ]
        ]
    }
}