{
    "$schema": "../docs/rationalization.schema.json",
    "id": 38,
    "input-text": [
        "When",
        " my",
        " flight",
        " landed",
        " in",
        " Afghanistan",
        ",",
        " I",
        " converted",
        " my",
        " currency",
        " and",
        " slowly",
        " fell",
        " asleep",
        ".",
        " (",
        "I",
        " was",
        " behind",
        " on",
        " a",
        " couple",
        " of",
        " assignments",
        ",",
        " but",
        " I",
        " tried",
        " not",
        " to",
        " think",
        " about",
        " them",
        ").",
        " I",
        " was",
        " staying",
        " in",
        " the",
        " capital",
        ","
    ],
    "input-tokens": [
        2215,
        616,
        5474,
        11406,
        287,
        8037,
        11,
        314,
        11513,
        616,
        7395,
        290,
        6364,
        3214,
        16039,
        13,
        357,
        40,
        373,
        2157,
        319,
        257,
        3155,
        286,
        25815,
        11,
        475,
        314,
        3088,
        407,
        284,
        892,
        546,
        606,
        737,
        314,
        373,
        10589,
        287,
        262,
        3139,
        11
    ],
    "target-text": " Kabul",
    "target-token": 34753,
    "rational-size": 8,
    "rational-positions": [
        5,
        7,
        12,
        20,
        22,
        34,
        39,
        40
    ],
    "rational-text": [
        " Afghanistan",
        " I",
        " slowly",
        " on",
        " couple",
        ").",
        " the",
        " capital"
    ],
    "rational-tokens": [
        8037,
        314,
        6364,
        319,
        3155,
        737,
        262,
        3139
    ],
    "importance-scores": [
        3.9084772744668594e-13,
        3.487194939176552e-17,
        4.758066770443881e-12,
        4.300164350577902e-15,
        2.552788203047385e-07,
        0.20216675102710724,
        2.660760774408292e-16,
        1.0000712931390598e-11,
        4.138610921218392e-16,
        2.882813432414366e-11,
        1.2367920874389328e-15,
        4.589049807678428e-16,
        2.273060406565719e-09,
        1.6535376973230874e-15,
        5.782937452877444e-17,
        2.055628684307677e-15,
        1.7983812206881673e-14,
        1.5213440181021873e-15,
        6.757496038428679e-12,
        4.769866989719988e-16,
        5.951144999016833e-08,
        2.8978227970321094e-17,
        1.0035203191430947e-13,
        2.3891258592034203e-19,
        8.111979321548546e-19,
        7.732242002226225e-18,
        5.325397507786915e-20,
        1.0936742000922095e-06,
        1.3611636965653962e-19,
        1.7062381238788782e-12,
        3.859314028454837e-19,
        1.7833605313246226e-15,
        4.076431038544563e-20,
        2.0217446559120736e-14,
        8.473102428019352e-12,
        8.015110143886901e-17,
        4.5583550822847485e-10,
        1.2938573853097247e-16,
        3.148178578246609e-15,
        0.20004041492938995,
        0.5977913737297058,
        4.9867153863267927e-14
    ],
    "comments": {
        "created-by": "run_analogies.py",
        "args": {
            "model": "gpt2-medium",
            "cache_dir": "cache/",
            "tokenizer": "gpt2-medium",
            "data_dir": "data/analogies/gpt2/",
            "importance_results_dir": "rationalization_results/analogies/gpt2_ours/top3_replace0.1_max5000_batch5",
            "device": "cuda",
            "rationalization_config": "config/gpt2/top3_replace0.1_max5000_batch5.json",
            "input_num_ratio": 1.0,
            "logfolder": "logs/analogies/gpt2_ours/top3_replace0.1_max5000_batch5",
            "loglevel": 20
        },
        "time_elapsed": 16.77622103691101,
        "separate_rational": [
            [
                " the",
                " I",
                " on",
                " Afghanistan",
                " capital",
                " I",
                " couple",
                ","
            ],
            [
                " capital",
                " Afghanistan",
                " the",
                " slowly",
                " was",
                " on",
                " I",
                " fell"
            ],
            [
                " capital",
                " my",
                ").",
                " currency",
                " Afghanistan",
                "I",
                " the",
                " and"
            ],
            [
                " Afghanistan",
                " in",
                " slowly",
                " capital",
                ").",
                " was",
                " flight",
                " the"
            ],
            [
                " capital",
                " the",
                " Afghanistan",
                " to",
                " staying",
                " couple",
                " but",
                " I"
            ]
        ]
    }
}