{
    "$schema": "../docs/rationalization.schema.json",
    "id": 58,
    "input-text": [
        "As",
        " soon",
        " as",
        " I",
        " arrived",
        " in",
        " Europe",
        ",",
        " I",
        " checked",
        " into",
        " my",
        " hotel",
        " and",
        " took",
        " a",
        " long",
        " nap",
        ".",
        " (",
        "I",
        " had",
        " finally",
        " finished",
        " the",
        " book",
        " I",
        " was",
        " reading",
        " and",
        " it",
        " was",
        " amazing",
        ").",
        " I",
        " had",
        " to",
        " figure",
        " out",
        " the",
        " exchange",
        " rate",
        " to",
        " the",
        " local",
        " currency",
        ",",
        " which",
        " is",
        " apparently",
        " called",
        " the"
    ],
    "input-tokens": [
        1722,
        2582,
        355,
        314,
        5284,
        287,
        2031,
        11,
        314,
        10667,
        656,
        616,
        7541,
        290,
        1718,
        257,
        890,
        25422,
        13,
        357,
        40,
        550,
        3443,
        5201,
        262,
        1492,
        314,
        373,
        3555,
        290,
        340,
        373,
        4998,
        737,
        314,
        550,
        284,
        3785,
        503,
        262,
        5163,
        2494,
        284,
        262,
        1957,
        7395,
        11,
        543,
        318,
        5729,
        1444,
        262
    ],
    "target-text": " Euro",
    "target-token": 1898,
    "rational-size": 9,
    "rational-positions": [
        3,
        4,
        5,
        6,
        33,
        45,
        47,
        50,
        51
    ],
    "rational-text": [
        " I",
        " arrived",
        " in",
        " Europe",
        ").",
        " currency",
        " which",
        " called",
        " the"
    ],
    "rational-tokens": [
        314,
        5284,
        287,
        2031,
        737,
        7395,
        543,
        1444,
        262
    ],
    "importance-scores": [
        5.703045098925941e-05,
        3.938323970942292e-06,
        1.0637428204063326e-05,
        0.0023616263642907143,
        4.225481461617164e-05,
        2.9397666367003694e-05,
        0.2011595517396927,
        3.1989095816697954e-08,
        3.4187989513156936e-05,
        1.2402781521814177e-06,
        2.053678599622799e-06,
        2.720892098295735e-07,
        2.5702600396471098e-05,
        0.00014396209735423326,
        5.725564911074343e-09,
        1.0188622582063545e-05,
        8.126247848849744e-06,
        2.523075863791746e-07,
        9.450480433770281e-07,
        4.3387473851908e-05,
        2.4922451657971578e-08,
        0.18588432669639587,
        1.5090250826688134e-06,
        6.049868534319103e-05,
        6.255434836788254e-09,
        2.9408736281766323e-06,
        6.219949864316732e-05,
        7.878058205790239e-10,
        1.6305187955367728e-06,
        4.357517866537819e-07,
        2.492076419002842e-06,
        3.2306761568179354e-06,
        2.0347883037175052e-05,
        0.002684162463992834,
        1.4708544767927378e-05,
        8.250971461620793e-08,
        1.5213431652227882e-06,
        3.0390824576898012e-06,
        6.185600796015933e-05,
        1.4840793483017478e-08,
        1.4450379239860922e-05,
        5.564755838349811e-07,
        5.270444969340815e-09,
        1.162979174296197e-06,
        6.422102160286158e-06,
        0.20178565382957458,
        1.1803477946159546e-06,
        0.0006115102441981435,
        6.317123961707694e-07,
        2.175156623707153e-06,
        0.20117709040641785,
        0.203659325838089
    ],
    "comments": {
        "created-by": "run_analogies.py",
        "args": {
            "model": "gpt2-medium",
            "cache_dir": "cache/",
            "tokenizer": "gpt2-medium",
            "data_dir": "data/analogies/gpt2/",
            "importance_results_dir": "rationalization_results/analogies/gpt2_ours/top3_replace0.1_max5000_batch5",
            "device": "cuda",
            "rationalization_config": "config/gpt2/top3_replace0.1_max5000_batch5.json",
            "input_num_ratio": 1.0,
            "logfolder": "logs/analogies/gpt2_ours/top3_replace0.1_max5000_batch5",
            "loglevel": 20
        },
        "time_elapsed": 53.707491397857666,
        "separate_rational": [
            [
                " had",
                " the",
                ").",
                " I",
                " Europe",
                " called",
                " currency",
                " which"
            ],
            [
                " Europe",
                " currency",
                " the",
                " arrived",
                ").",
                " I",
                " finally",
                " called"
            ],
            [
                " called",
                " the",
                " Europe",
                " in",
                " exchange",
                " currency",
                " arrived",
                " which"
            ],
            [
                " currency",
                " the",
                " called",
                " my",
                " Europe",
                " is",
                " a",
                " had"
            ],
            [
                " the",
                " called",
                " Europe",
                " currency",
                "I",
                " I",
                " rate",
                " in"
            ]
        ]
    }
}