{
    "$schema": "../docs/rationalization.schema.json",
    "id": 79,
    "input-text": [
        "I",
        " initially",
        " invited",
        " my",
        " son",
        ",",
        " who",
        " gladly",
        " accepted",
        " my",
        " invitation",
        ".",
        " (",
        "My",
        " favorite",
        " song",
        " just",
        " came",
        " on",
        ",",
        " so",
        " I",
        " was",
        " able",
        " to",
        " relax",
        ").",
        " When",
        " I",
        " learned",
        " that",
        " women",
        " were",
        " allowed",
        ",",
        " I",
        " went",
        " ahead",
        " and",
        " also",
        " invited",
        " my"
    ],
    "input-tokens": [
        40,
        7317,
        9392,
        616,
        3367,
        11,
        508,
        35092,
        6292,
        616,
        17023,
        13,
        357,
        3666,
        4004,
        3496,
        655,
        1625,
        319,
        11,
        523,
        314,
        373,
        1498,
        284,
        8960,
        737,
        1649,
        314,
        4499,
        326,
        1466,
        547,
        3142,
        11,
        314,
        1816,
        4058,
        290,
        635,
        9392,
        616
    ],
    "target-text": " daughter",
    "target-token": 4957,
    "rational-size": 10,
    "rational-positions": [
        2,
        3,
        4,
        7,
        24,
        25,
        26,
        30,
        40,
        41
    ],
    "rational-text": [
        " invited",
        " my",
        " son",
        " gladly",
        " to",
        " relax",
        ").",
        " that",
        " invited",
        " my"
    ],
    "rational-tokens": [
        9392,
        616,
        3367,
        35092,
        284,
        8960,
        737,
        326,
        9392,
        616
    ],
    "importance-scores": [
        0.045221708714962006,
        0.009794100187718868,
        0.012858549132943153,
        0.10859598964452744,
        0.12067617475986481,
        0.011235645040869713,
        0.007832563482224941,
        0.021056417375802994,
        0.011695871129631996,
        0.0030142860487103462,
        0.007714803330600262,
        0.0045131416991353035,
        0.0033949476201087236,
        0.0056801107712090015,
        0.006823916919529438,
        0.02257687970995903,
        0.0026045977137982845,
        0.0054797581396996975,
        0.008005286566913128,
        0.0069719962775707245,
        0.006406474858522415,
        0.0034369651693850756,
        0.0018235512543469667,
        0.00353182852268219,
        0.0806480273604393,
        0.01614554412662983,
        0.05030957981944084,
        0.006206331308931112,
        0.0043838475830852985,
        0.00923044141381979,
        0.02400914393365383,
        0.0031489827670156956,
        0.02487003803253174,
        0.003416355000808835,
        0.015605966560542583,
        0.0071959784254431725,
        0.004408629145473242,
        0.011275975033640862,
        0.008525185286998749,
        0.03078615292906761,
        0.24241459369659424,
        0.016473645344376564
    ],
    "comments": {
        "created-by": "run_analogies.py",
        "args": {
            "model": "gpt2-medium",
            "cache_dir": "cache/",
            "tokenizer": "gpt2-medium",
            "data_dir": "data/analogies/gpt2/",
            "importance_results_dir": "rationalization_results/analogies/gpt2_ours/top3_replace0.1_max5000_batch5",
            "device": "cuda",
            "rationalization_config": "config/gpt2/top3_replace0.1_max5000_batch5.json",
            "input_num_ratio": 1.0,
            "logfolder": "logs/analogies/gpt2_ours/top3_replace0.1_max5000_batch5",
            "loglevel": 20
        },
        "time_elapsed": 4.398938179016113,
        "separate_rational": [
            [
                "I",
                " also",
                " song",
                ",",
                " my",
                " gladly",
                " son",
                " learned"
            ],
            [
                " invited",
                ").",
                "My",
                " relax",
                " invited",
                " so",
                " and",
                " son"
            ],
            [
                " son",
                " that",
                " gladly",
                " relax",
                " accepted",
                " my",
                " my",
                ")."
            ],
            [
                " invited",
                " to",
                " son",
                ").",
                ",",
                " initially",
                " ahead",
                " invitation"
            ],
            [
                " my",
                " to",
                " were",
                ").",
                " invited",
                " that",
                " my",
                " son"
            ]
        ]
    }
}