{
    "$schema": "../docs/rationalization.schema.json",
    "id": 84,
    "input-text": [
        "I",
        " knew",
        " it",
        " was",
        " fast",
        ",",
        " but",
        " that",
        "'s",
        " before",
        " I",
        " saw",
        " it",
        " in",
        " person",
        ".",
        " (",
        "Just",
        " then",
        " I",
        " thought",
        " about",
        " my",
        " ex",
        "-",
        "wife",
        ",",
        " but",
        " I",
        " had",
        " to",
        " stop",
        " thinking",
        " about",
        " her",
        ").",
        " When",
        " I",
        " did",
        " end",
        " up",
        " seeing",
        " it",
        " in",
        " person",
        ",",
        " it",
        " was",
        " even"
    ],
    "input-tokens": [
        40,
        2993,
        340,
        373,
        3049,
        11,
        475,
        326,
        338,
        878,
        314,
        2497,
        340,
        287,
        1048,
        13,
        357,
        5703,
        788,
        314,
        1807,
        546,
        616,
        409,
        12,
        22095,
        11,
        475,
        314,
        550,
        284,
        2245,
        3612,
        546,
        607,
        737,
        1649,
        314,
        750,
        886,
        510,
        4379,
        340,
        287,
        1048,
        11,
        340,
        373,
        772
    ],
    "target-text": " faster",
    "target-token": 5443,
    "rational-size": 9,
    "rational-positions": [
        1,
        2,
        4,
        24,
        28,
        36,
        46,
        47,
        48
    ],
    "rational-text": [
        " knew",
        " it",
        " fast",
        "-",
        " I",
        " When",
        " it",
        " was",
        " even"
    ],
    "rational-tokens": [
        2993,
        340,
        3049,
        12,
        314,
        1649,
        340,
        373,
        772
    ],
    "importance-scores": [
        0.023323021829128265,
        0.008530671708285809,
        0.17763791978359222,
        0.009535147808492184,
        0.07005519419908524,
        0.004240366630256176,
        0.0031022089533507824,
        0.0075797103345394135,
        0.001863778568804264,
        0.0008178654825314879,
        0.00027243763906881213,
        0.001126002287492156,
        0.013463884592056274,
        0.0037212546449154615,
        0.00019403881742618978,
        0.0013625191058963537,
        0.0034228432923555374,
        0.00016842062177602202,
        0.0028901253826916218,
        0.02017609402537346,
        0.0013019280740991235,
        0.0004897044273093343,
        0.005412102211266756,
        0.006173792760819197,
        0.02392958663403988,
        0.0037540611810982227,
        0.0014390095602720976,
        0.00016046353266574442,
        0.033011700958013535,
        0.00015238743799272925,
        0.001299960189498961,
        0.00033943442394956946,
        0.021411001682281494,
        0.004355098120868206,
        0.0003177919425070286,
        0.005585367791354656,
        0.019160710275173187,
        0.003657966386526823,
        0.000543707050383091,
        3.1477662560064346e-05,
        0.0007998748915269971,
        9.572337876306847e-05,
        0.0002832460158970207,
        4.8650043027009815e-05,
        0.0011433204635977745,
        6.634946475969627e-05,
        0.017994102090597153,
        0.21655359864234924,
        0.2770043611526489
    ],
    "comments": {
        "created-by": "run_analogies.py",
        "args": {
            "model": "gpt2-medium",
            "cache_dir": "cache/",
            "tokenizer": "gpt2-medium",
            "data_dir": "data/analogies/gpt2/",
            "importance_results_dir": "rationalization_results/analogies/gpt2_ours/top3_replace0.1_max5000_batch5",
            "device": "cuda",
            "rationalization_config": "config/gpt2/top3_replace0.1_max5000_batch5.json",
            "input_num_ratio": 1.0,
            "logfolder": "logs/analogies/gpt2_ours/top3_replace0.1_max5000_batch5",
            "loglevel": 20
        },
        "time_elapsed": 7.559324502944946,
        "separate_rational": [
            [
                " even",
                " When",
                " was",
                " knew",
                " it",
                " it",
                " did",
                " saw"
            ],
            [
                " even",
                " was",
                "I",
                " ex",
                " knew",
                " I",
                "-",
                " fast"
            ],
            [
                " fast",
                " I",
                " thinking",
                " I",
                " it",
                " even",
                " that",
                " my"
            ],
            [
                " it",
                "-",
                " it",
                " thought",
                " person",
                " even",
                "wife",
                " about"
            ],
            [
                " was",
                " it",
                " even",
                " fast",
                "Just",
                " I",
                " When",
                " to"
            ]
        ]
    }
}