{
    "$schema": "../docs/rationalization.schema.json",
    "id": 97,
    "input-text": [
        "I",
        " thought",
        " it",
        " would",
        " be",
        " the",
        " worst",
        " thing",
        " I",
        "'d",
        " ever",
        " encounter",
        ".",
        " (",
        "I",
        " tried",
        " to",
        " ignore",
        " my",
        " phone",
        " vibr",
        "ating",
        " in",
        " my",
        " pocket",
        ").",
        " But",
        " when",
        " I",
        " did",
        " end",
        " up",
        " encountering",
        " it",
        ",",
        " it",
        " turned",
        " out",
        " it",
        " wasn",
        "'t",
        " so"
    ],
    "input-tokens": [
        40,
        1807,
        340,
        561,
        307,
        262,
        5290,
        1517,
        314,
        1549,
        1683,
        8791,
        13,
        357,
        40,
        3088,
        284,
        8856,
        616,
        3072,
        12611,
        803,
        287,
        616,
        10000,
        737,
        887,
        618,
        314,
        750,
        886,
        510,
        42398,
        340,
        11,
        340,
        2900,
        503,
        340,
        2492,
        470,
        523
    ],
    "target-text": " bad",
    "target-token": 2089,
    "rational-size": 9,
    "rational-positions": [
        3,
        6,
        9,
        12,
        36,
        38,
        39,
        40,
        41
    ],
    "rational-text": [
        " would",
        " worst",
        "'d",
        ".",
        " turned",
        " it",
        " wasn",
        "'t",
        " so"
    ],
    "rational-tokens": [
        561,
        5290,
        1549,
        13,
        2900,
        340,
        2492,
        470,
        523
    ],
    "importance-scores": [
        1.0359427506045904e-05,
        1.2094558243802567e-08,
        0.06533662229776382,
        0.00012545331264846027,
        3.5710298107005656e-05,
        6.5409957450413e-09,
        0.20697660744190216,
        1.0598298558761599e-06,
        3.246988740102097e-07,
        0.19801713526248932,
        1.2390515280458203e-07,
        4.275465926184552e-06,
        1.3819710709128685e-08,
        5.157041904624293e-09,
        1.1802980225184001e-05,
        1.4419699212453452e-08,
        3.470797338422926e-08,
        5.236611855252704e-07,
        2.513784011171083e-06,
        1.026073270793404e-08,
        1.7066223989559148e-08,
        8.431723585999862e-07,
        0.0006378330872394145,
        2.905536712205503e-05,
        1.2983382369213814e-08,
        2.158416201325508e-08,
        3.681670204969123e-05,
        5.779137609351892e-06,
        6.671059082918873e-08,
        7.350111991399899e-05,
        1.467999254600727e-06,
        4.569466000248212e-06,
        0.0003524844069033861,
        1.5200080838440044e-07,
        7.979136285030108e-08,
        3.690541916512302e-07,
        0.0026265110354870558,
        0.00010304024908691645,
        0.0032239831052720547,
        0.32081738114356995,
        0.20034022629261017,
        0.001223196042701602
    ],
    "comments": {
        "created-by": "run_analogies.py",
        "args": {
            "model": "gpt2-medium",
            "cache_dir": "cache/",
            "tokenizer": "gpt2-medium",
            "data_dir": "data/analogies/gpt2/",
            "importance_results_dir": "rationalization_results/analogies/gpt2_ours/top3_replace0.1_max5000_batch5",
            "device": "cuda",
            "rationalization_config": "config/gpt2/top3_replace0.1_max5000_batch5.json",
            "input_num_ratio": 1.0,
            "logfolder": "logs/analogies/gpt2_ours/top3_replace0.1_max5000_batch5",
            "loglevel": 20
        },
        "time_elapsed": 6.011317491531372,
        "separate_rational": [
            [
                "'d",
                " turned",
                " so",
                " encountering",
                "'t",
                " out",
                " would",
                " worst"
            ],
            [
                " worst",
                "'d",
                " it",
                " in",
                " did",
                " so",
                " would",
                " my"
            ],
            [
                " wasn",
                " worst",
                " thing",
                "'t",
                " ignore",
                " I",
                " I",
                "."
            ],
            [
                "'t",
                " worst",
                " wasn",
                ".",
                " it",
                " turned",
                " so",
                " ("
            ],
            [
                " wasn",
                " it",
                " it",
                " so",
                " But",
                " worst",
                "I",
                " encounter"
            ]
        ]
    }
}