{
    "$schema": "../docs/rationalization.schema.json",
    "id": 10,
    "input-text": [
        "When",
        " my",
        " flight",
        " landed",
        " in",
        " Afghanistan",
        ",",
        " I",
        " converted",
        " my",
        " currency",
        " and",
        " slowly",
        " fell",
        " asleep",
        ".",
        " (",
        "I",
        " had",
        " a",
        " terrifying",
        " dream",
        " about",
        " my",
        " grandmother",
        ",",
        " but",
        " that",
        "'s",
        " a",
        " story",
        " for",
        " another",
        " time",
        ").",
        " I",
        " was",
        " staying",
        " in",
        " the",
        " capital",
        ","
    ],
    "input-tokens": [
        2215,
        616,
        5474,
        11406,
        287,
        8037,
        11,
        314,
        11513,
        616,
        7395,
        290,
        6364,
        3214,
        16039,
        13,
        357,
        40,
        550,
        257,
        17623,
        4320,
        546,
        616,
        18410,
        11,
        475,
        326,
        338,
        257,
        1621,
        329,
        1194,
        640,
        737,
        314,
        373,
        10589,
        287,
        262,
        3139,
        11
    ],
    "target-text": " Kabul",
    "target-token": 34753,
    "rational-size": 5,
    "rational-positions": [
        0,
        1,
        2,
        4,
        3
    ],
    "rational-text": [
        "When",
        " my",
        " flight",
        " in",
        " landed"
    ],
    "rational-tokens": [
        2215,
        616,
        5474,
        287,
        11406
    ],
    "importance-scores": [
        0.062171805649995804,
        0.022874118760228157,
        0.022874007001519203,
        0.022873956710100174,
        0.022873980924487114,
        0.022873923182487488,
        0.022873947396874428,
        0.0228738896548748,
        0.022873878479003906,
        0.022873863577842712,
        0.022873861715197563,
        0.022873876616358757,
        0.02287384495139122,
        0.02287384867668152,
        0.02287384867668152,
        0.022873874753713608,
        0.02287384867668152,
        0.022873835638165474,
        0.022873833775520325,
        0.022873830050230026,
        0.022873828187584877,
        0.02287382446229458,
        0.022873826324939728,
        0.02287382073700428,
        0.02287382446229458,
        0.022873826324939728,
        0.02287382446229458,
        0.02287382446229458,
        0.02287382073700428,
        0.02287382073700428,
        0.02287382073700428,
        0.02287382259964943,
        0.02287382073700428,
        0.02287381887435913,
        0.022873850539326668,
        0.022873828187584877,
        0.02287382446229458,
        0.02287382446229458,
        0.02287381887435913,
        0.02287381701171398,
        0.02287381701171398,
        0.022873813286423683
    ],
    "comments": {
        "created-by": "run_analogies.py",
        "args": {
            "model": "gpt2-medium",
            "cache_dir": null,
            "tokenizer": "gpt2-medium",
            "data_dir": "data/analogies/gpt2/",
            "importance_results_dir": "rationalization_results/analogies/gpt2-medium_rollout_attention",
            "device": "cuda",
            "rationalization_config": "config/gpt2-medium_rollout_attention.json",
            "input_num_ratio": 1,
            "logfile": "logs/analogies/gpt2-medium_rollout_attention_extracting.log",
            "loglevel": 20
        },
        "time_elapsed": 0.014112472534179688
    }
}