{
    "$schema": "../docs/rationalization.schema.json",
    "id": 147,
    "input-text": [
        "Although",
        " I",
        " danced",
        " yesterday",
        ",",
        " I",
        " had",
        " a",
        " million",
        " things",
        " to",
        " do",
        " today",
        ".",
        " (",
        "I",
        " suddenly",
        " felt",
        " a",
        " pin",
        "ched",
        " nerve",
        ",",
        " so",
        " I",
        " made",
        " a",
        " mental",
        " note",
        " to",
        " get",
        " that",
        " checked",
        " out",
        ").",
        " So",
        " today",
        " I",
        " wouldn",
        "'t",
        " have",
        " time",
        " to",
        " do",
        " any",
        " more"
    ],
    "input-tokens": [
        7003,
        314,
        39480,
        7415,
        11,
        314,
        550,
        257,
        1510,
        1243,
        284,
        466,
        1909,
        13,
        357,
        40,
        6451,
        2936,
        257,
        6757,
        1740,
        16384,
        11,
        523,
        314,
        925,
        257,
        5110,
        3465,
        284,
        651,
        326,
        10667,
        503,
        737,
        1406,
        1909,
        314,
        3636,
        470,
        423,
        640,
        284,
        466,
        597,
        517
    ],
    "target-text": " dancing",
    "target-token": 15360,
    "rational-size": 5,
    "rational-positions": [
        0,
        1,
        2,
        4,
        3
    ],
    "rational-text": [
        "Although",
        " I",
        " danced",
        ",",
        " yesterday"
    ],
    "rational-tokens": [
        7003,
        314,
        39480,
        11,
        7415
    ],
    "importance-scores": [
        0.056957751512527466,
        0.020956886932253838,
        0.020956724882125854,
        0.020956648513674736,
        0.020956678315997124,
        0.02095656841993332,
        0.02095656469464302,
        0.02095654234290123,
        0.020956525579094887,
        0.020956505089998245,
        0.02095651440322399,
        0.020956484600901604,
        0.020956501364707947,
        0.02095653861761093,
        0.020956499502062798,
        0.020956475287675858,
        0.02095646783709526,
        0.02095646783709526,
        0.020956464111804962,
        0.020956456661224365,
        0.020956452935934067,
        0.020956456661224365,
        0.02095646783709526,
        0.020956456661224365,
        0.020956454798579216,
        0.020956456661224365,
        0.020956452935934067,
        0.020956451073288918,
        0.020956451073288918,
        0.020956452935934067,
        0.02095644921064377,
        0.020956452935934067,
        0.020956451073288918,
        0.02095644548535347,
        0.020956482738256454,
        0.020956458523869514,
        0.020956454798579216,
        0.02095644734799862,
        0.02095644176006317,
        0.020956439897418022,
        0.02095644176006317,
        0.02095644176006317,
        0.020956439897418022,
        0.020956438034772873,
        0.020956434309482574,
        0.020956434309482574
    ],
    "comments": {
        "created-by": "run_analogies.py",
        "args": {
            "model": "gpt2-medium",
            "cache_dir": null,
            "tokenizer": "gpt2-medium",
            "data_dir": "data/analogies/gpt2/",
            "importance_results_dir": "rationalization_results/analogies/gpt2-medium_rollout_attention",
            "device": "cuda",
            "rationalization_config": "config/gpt2-medium_rollout_attention.json",
            "input_num_ratio": 1,
            "logfile": "logs/analogies/gpt2-medium_rollout_attention_extracting.log",
            "loglevel": 20
        },
        "time_elapsed": 0.014443397521972656
    }
}