{
    "$schema": "../docs/rationalization.schema.json",
    "id": 151,
    "input-text": [
        "I",
        " really",
        " wanted",
        " to",
        " buy",
        " the",
        " computer",
        ",",
        " more",
        " than",
        " I",
        " ever",
        " wanted",
        " to",
        " buy",
        " anything",
        " before",
        ".",
        " (",
        "I",
        " was",
        " also",
        " behind",
        " on",
        " my",
        " homework",
        ",",
        " but",
        " that",
        "'s",
        " another",
        " story",
        ").",
        " So",
        " I",
        " went",
        " to",
        " the",
        " store",
        " and",
        " asked",
        " if",
        " they",
        " had",
        " any"
    ],
    "input-tokens": [
        40,
        1107,
        2227,
        284,
        2822,
        262,
        3644,
        11,
        517,
        621,
        314,
        1683,
        2227,
        284,
        2822,
        1997,
        878,
        13,
        357,
        40,
        373,
        635,
        2157,
        319,
        616,
        26131,
        11,
        475,
        326,
        338,
        1194,
        1621,
        737,
        1406,
        314,
        1816,
        284,
        262,
        3650,
        290,
        1965,
        611,
        484,
        550,
        597
    ],
    "target-text": " computers",
    "target-token": 9061,
    "rational-size": 5,
    "rational-positions": [
        0,
        1,
        2,
        3,
        4
    ],
    "rational-text": [
        "I",
        " really",
        " wanted",
        " to",
        " buy"
    ],
    "rational-tokens": [
        40,
        1107,
        2227,
        284,
        2822
    ],
    "importance-scores": [
        0.05817873030900955,
        0.021405236795544624,
        0.021405182778835297,
        0.02140517346560955,
        0.02140512503683567,
        0.021405110135674477,
        0.021405072882771492,
        0.021405085921287537,
        0.021405039355158806,
        0.021405035629868507,
        0.02140503190457821,
        0.021405020728707314,
        0.021405022591352463,
        0.021405024453997612,
        0.021405018866062164,
        0.021405013278126717,
        0.021405017003417015,
        0.02140505611896515,
        0.02140502631664276,
        0.021405011415481567,
        0.021405009552836418,
        0.02140500396490097,
        0.02140500210225582,
        0.021405000239610672,
        0.021404996514320374,
        0.02140500396490097,
        0.02140500396490097,
        0.021405000239610672,
        0.021404998376965523,
        0.021404996514320374,
        0.021404996514320374,
        0.021404998376965523,
        0.02140502631664276,
        0.02140500582754612,
        0.021405000239610672,
        0.021405000239610672,
        0.021404996514320374,
        0.021404992789030075,
        0.021404990926384926,
        0.021404990926384926,
        0.021404990926384926,
        0.021404987201094627,
        0.021404985338449478,
        0.02140498347580433,
        0.02140498347580433
    ],
    "comments": {
        "created-by": "run_analogies.py",
        "args": {
            "model": "gpt2-medium",
            "cache_dir": null,
            "tokenizer": "gpt2-medium",
            "data_dir": "data/analogies/gpt2/",
            "importance_results_dir": "rationalization_results/analogies/gpt2-medium_rollout_attention",
            "device": "cuda",
            "rationalization_config": "config/gpt2-medium_rollout_attention.json",
            "input_num_ratio": 1,
            "logfile": "logs/analogies/gpt2-medium_rollout_attention_extracting.log",
            "loglevel": 20
        },
        "time_elapsed": 0.014366626739501953
    }
}