suff,comp,random_suff,random_comp
0.005176058929298294,0.008044011864200448,0.005039125835801015,0.008057026687500309
