suff,comp,random_suff,random_comp
0.46343828107539164,0.9365003689310359,0.12381668491173856,0.8692048741201067
