suff,comp,random_suff,random_comp
0.21447617399421473,0.9206759847083703,0.05741873534571707,0.6829257791681321
