suff,comp,random_suff,random_comp
0.050556063051982174,0.7870644540391949,0.024582413713675772,0.31173263344477825
