suff,comp,random_suff,random_comp
0.005243917068518688,0.007624184009753704,0.004590465243043823,0.007729484558548034
