suff,comp,random_suff,random_comp
0.17449749087878083,0.9010849723577111,0.037904750176180266,0.4418316470744941
