suff,comp,random_suff,random_comp
0.009347472635380528,8.685209527767842e-05,0.009668511465082734,8.292864847093724e-05
