suff,comp,random_suff,random_comp
0.21447617399421473,0.9206759847083703,0.05465598826159233,0.7005137308540389
