suff,comp,random_suff,random_comp
0.050556063051982174,0.7870644540391949,0.01655515026455927,0.29593412059150603
