suff,comp,random_suff,random_comp
0.25619013806591295,0.9343531018952385,0.07393863075698086,0.781526720946872
