suff,comp,random_suff,random_comp
0.395770778650246,0.9284024650113707,0.09789616372584828,0.8332205506444171
