suff,comp,random_suff,random_comp
0.25619013806591295,0.9343531018952385,0.07478126861164176,0.7824766715991238
