suff,comp,random_suff,random_comp
0.17449749087878083,0.9010849723577111,0.03379539134419794,0.4659007177424122
