,Method,5% Suff,10% Suff,20% Suff,30% Suff,Mean Suff,FlexLen Suff,Soft Suff
0,Norm,1.40379029521149,1.8173666108812183,2.1484629788796257,1.8958373099159849,1.9330345389554733,1.500222906804249,0.9990589704095547
1,Signed,1.9590558257353219,1.75127206571322,1.1470663644141759,1.3140924486450625,1.3600909351807042,1.0067715578687668,1.0783016872355422
2,Integrated,1.6702362989455362,1.586250814068317,1.2668212176367433,1.0116960677329565,1.2267487581529528,1.3598340000031917,0.0
3,Rollout Attention,4.223790412074174,1.2212935666001865,1.0392156973042936,0.8639813578034428,1.2284995209561465,1.5059928531509201,0.6355130292716971
4,Last Attention,5.1844994199246,5.072426239674366,2.517228566501784,2.669904555804864,3.0912532263316894,3.266091847726232,0.9487932486927109
5,All Attention,2.5437783988641747,4.124807608467193,2.817464292087903,2.301755368547233,2.760554073334685,2.4289769878941376,1.0090250267233498
6,Ours,1.935091744020629,1.8056093745695532,1.3057373488280741,1.653706460963233,1.5662521362452304,1.4525478070902245,3.6245428707011653
