,Method,5% Suff,10% Suff,20% Suff,30% Suff,Mean Suff,FlexLen Suff,Soft Suff
0,Norm,1.40379029521149,1.8173666108812183,2.1484629788796257,1.8958373099159849,1.9330345389554733,1.500222906804249,0.9990589704095547
1,Inseq Ig,1.0243810098330541,1.597681649585785,1.9488330474568618,1.9128890631120763,1.8158569397114936,1.8487533551546775,1.2647680769574128
2,Integrated,1.6702362989455362,1.586250814068317,1.2668212176367433,1.0116960677329565,1.2267487581529528,1.3598340000031917,0.0
3,Rollout Attention,4.223790412074174,1.2212935666001865,1.0392156973042936,0.8639813578034428,1.2284995209561465,1.5059928531509201,0.6355130292716971
4,Last Attention,5.1844994199246,5.072426239674366,2.517228566501784,2.669904555804864,3.0912532263316894,3.266091847726232,0.9487932486927109
5,All Attention,2.5437783988641747,4.124807608467193,2.817464292087903,2.301755368547233,2.760554073334685,2.4289769878941376,1.0090250267233498
6,Ours,1.5327529844469396,1.332275161619374,1.4217264439560704,1.42844187702878,1.4160728424390627,1.6363097060117837,5.108860846855408
