{
    "$schema": "../docs/rationalization.schema.json",
    "id": 12,
    "input-text": [
        "</s>",
        "I",
        " knew",
        " it",
        " was",
        " high",
        ",",
        " but",
        " that",
        "'s",
        " before",
        " I",
        " saw",
        " it",
        " in",
        " person",
        ".",
        " (",
        "Just",
        " then",
        " I",
        " thought",
        " about",
        " my",
        " ex",
        "-",
        "wife",
        ",",
        " but",
        " I",
        " had",
        " to",
        " stop",
        " thinking",
        " about",
        " her",
        ").",
        " When",
        " I",
        " did",
        " end",
        " up",
        " seeing",
        " it",
        " in",
        " person",
        ",",
        " it",
        " was",
        " even"
    ],
    "input-tokens": [
        2,
        100,
        1467,
        24,
        21,
        239,
        6,
        53,
        14,
        18,
        137,
        38,
        794,
        24,
        11,
        621,
        4,
        36,
        6785,
        172,
        38,
        802,
        59,
        127,
        1931,
        12,
        12295,
        6,
        53,
        38,
        56,
        7,
        912,
        2053,
        59,
        69,
        322,
        520,
        38,
        222,
        253,
        62,
        1782,
        24,
        11,
        621,
        6,
        24,
        21,
        190
    ],
    "target-text": " higher",
    "target-token": 723,
    "rational-size": 13,
    "rational-positions": [
        0,
        2,
        4,
        5,
        15,
        18,
        25,
        36,
        37,
        43,
        46,
        47,
        49
    ],
    "rational-text": [
        "</s>",
        " knew",
        " was",
        " high",
        " person",
        "Just",
        "-",
        ").",
        " When",
        " it",
        ",",
        " it",
        " even"
    ],
    "rational-tokens": [
        2,
        1467,
        21,
        239,
        621,
        6785,
        12,
        322,
        520,
        24,
        6,
        24,
        190
    ],
    "importance-scores": [
        0.1249995306134224,
        4.0845844750947435e-07,
        5.662966984232298e-09,
        7.039815952403217e-10,
        0.12475616484880447,
        0.017907865345478058,
        6.811822572672099e-07,
        7.666829948682619e-10,
        5.610110633824661e-07,
        4.82593479067539e-11,
        3.439207363342689e-09,
        3.030230800504796e-06,
        6.565766170751886e-07,
        0.00025181160890497267,
        2.8865881176898256e-05,
        0.24842190742492676,
        6.855443501763148e-08,
        7.873537377633966e-09,
        0.007755547296255827,
        4.8136265806686396e-11,
        0.06872612237930298,
        3.495488343219222e-08,
        3.3953817535348207e-09,
        4.503576178649382e-07,
        2.5664612657294583e-09,
        2.3057580165186664e-06,
        3.3200749385287054e-06,
        4.1634313674876466e-05,
        6.570596269739326e-06,
        1.0484084668860305e-05,
        0.000982725527137518,
        3.1277863854484167e-06,
        5.057329222069029e-09,
        8.44571967917318e-09,
        4.644948785426095e-05,
        3.6287990951677784e-05,
        5.921283374732411e-08,
        3.225197531264712e-07,
        1.9366575010337783e-09,
        3.0346466246555792e-06,
        1.8417205538412418e-08,
        0.002106276573613286,
        1.6972042660157172e-09,
        1.0019755858348134e-10,
        0.0033385225106030703,
        2.150070395146031e-05,
        0.14830930531024933,
        1.842008532548789e-05,
        6.092777766752988e-07,
        0.25221529603004456
    ],
    "comments": {
        "created-by": "run_analogies.py",
        "args": {
            "model": "KoboldAI/OPT-6.7B-Erebus",
            "cache_dir": "cache/",
            "tokenizer": "KoboldAI/OPT-6.7B-Erebus",
            "data_dir": "data/analogies/OPT6B/",
            "importance_results_dir": "rationalization_results/analogies/OPT6B_ours/top5_replace0.3_max5000_batch8",
            "device": "cuda",
            "rationalization_config": "config/OPT6B/top5_replace0.3_max5000_batch8.json",
            "input_num_ratio": 1.0,
            "logfolder": "logs/analogies/OPT6B_ours/top5_replace0.3_max5000_batch8",
            "loglevel": 20
        },
        "time_elapsed": 1565.4369282722473,
        "separate_rational": [
            [
                " I",
                ",",
                " high",
                " person",
                " even",
                ").",
                " When",
                " her"
            ],
            [
                " even",
                ").",
                " was",
                " in",
                " to",
                " my",
                " it",
                "</s>"
            ],
            [
                ",",
                "Just",
                " in",
                " up",
                " had",
                " even",
                " high",
                " it"
            ],
            [
                "</s>",
                " saw",
                " even",
                " person",
                " knew",
                "I",
                " thought",
                " When"
            ],
            [
                " person",
                " even",
                " end",
                " that",
                "-",
                " I",
                " before",
                " it"
            ],
            [
                " even",
                ").",
                " When",
                " it",
                " it",
                "</s>",
                " high",
                " but"
            ],
            [
                " person",
                " it",
                " even",
                " it",
                "-",
                " did",
                " was",
                " knew"
            ],
            [
                " was",
                " even",
                " about",
                " high",
                " I",
                " was",
                "Just",
                " When"
            ]
        ]
    }
}