target_pos,target_token,norm_suff,random_suff,norm_comp,random_comp
34, southeast,0.0,0.0,0.3580932319164276,0.5705574750900269
36, Philadelphia,0.0,0.0,0.18280547857284546,0.12682296335697174
38, It,0.0,0.0,0.04912492632865906,0.045147474855184555
40, a,0.004632787778973579,0.0,0.05839277058839798,0.08782269060611725
42,ribut,0.0,0.0,0.0009641839424148202,0.0013624345883727074
