target_pos,target_token,norm_suff,random_suff,norm_comp,random_comp
18, in,0.0,0.0,0.18189899623394012,0.24605518579483032
20,67,0.0,0.001130024902522564,0.07294955104589462,0.03710560500621796
22,"
",0.0,0.008751271292567253,0.15655292570590973,0.07976344227790833
24, know,0.0,0.0,0.08050420880317688,0.0574638806283474
26, I,0.0,0.0,0.0967782735824585,0.060464248061180115
