target_pos,target_token,norm_suff,random_suff,norm_comp,random_comp
19,"
",0.017158014699816704,0.0,0.19272860884666443,0.5530382394790649
21,'m,0.006305269431322813,0.0,0.20842769742012024,0.033066485077142715
23, sure,0.0,0.0,0.10001397132873535,0.1331513673067093
25, this,0.0,0.0,0.1607324481010437,0.14263984560966492
27, a,0.0,0.0,0.133151113986969,0.18260666728019714
