target_pos,target_token,norm_suff,random_suff,norm_comp,random_comp
16, ,0.0,0.0,0.7489601373672485,0.2521269619464874
18, ,0.01789875514805317,0.0,0.17315050959587097,0.1938992589712143
20, ,0.0,0.0,0.2064073383808136,0.19297170639038086
22, ,0.0,0.0,0.36044085025787354,0.20894291996955872
24, ,0.0,0.0,0.22832442820072174,0.08249621093273163
