target_pos,target_token,norm_suff,random_suff,norm_comp,random_comp
25, ,0.0,0.0,0.5280095934867859,0.21263109147548676
27, ,0.0,0.026900792494416237,0.13134288787841797,0.12741094827651978
29, ,0.026358282193541527,0.06426676362752914,0.29574859142303467,0.13137145340442657
31, ,0.0,0.0,0.11811915785074234,0.1268697828054428
33, ,0.013124699704349041,0.0,0.1885291337966919,0.05828821659088135
