norm_suff_mean,random_suff_mean,norm_comp_mean,random_comp_mean,final suff,final comp,target_tokens
0.007896596565842628,0.018233511596918106,0.2523498833179474,0.13131430745124817,0.4330815076828003,16.629228591918945, $ $ $ $ 
