target_pos,target_token,norm_suff,random_suff,norm_comp,random_comp
21, ,0.0,0.0,0.17795245349407196,0.08626309782266617
23, ,0.023453321307897568,0.0,0.14830543100833893,0.15461984276771545
25, ,0.037733759731054306,0.0,0.1095987930893898,0.19411903619766235
27, ,0.0,0.0,0.3677152395248413,0.08717966079711914
29, ,0.0,0.0,0.13661444187164307,0.07592853158712387
