target_pos,target_token,norm_suff,random_suff,norm_comp,random_comp
22, (,0.0,0.0,0.21601037681102753,0.1666307896375656
24,",",0.0,0.0,0.016870226711034775,0.006846943870186806
26, kilometers,0.0,0.0038464870303869247,0.11579983681440353,0.12906934320926666
28, east,0.0,0.0,0.11638130247592926,0.07114335149526596
30, Hawaii,0.0,0.0,0.0951719656586647,0.170461043715477
