target_pos,target_token,norm_suff,random_suff,norm_comp,random_comp
26, by,0.0,0.0,0.2642670273780823,0.2818605899810791
28,-,0.010241085663437843,0.0,0.08412452787160873,0.06976611167192459
30, Vall,0.0,0.0,0.28003066778182983,0.06908280402421951
32, and,0.0,0.0,0.13755309581756592,0.07369255274534225
34, S,0.0,0.0,0.15034036338329315,0.1664004772901535
