target_pos,target_token,norm_suff,random_suff,norm_comp,random_comp
22, to,0.0,0.0,0.12765814363956451,0.1500043421983719
24, best,0.0,0.0,0.08722444623708725,0.06242255121469498
26, actor,0.0,0.0,0.10103604197502136,0.10527532547712326
28, a,0.0,0.0,0.07524637132883072,0.038395922631025314
30, series,0.0,0.013541309162974358,0.031050628051161766,0.06701759994029999
