target_pos,target_token,norm_suff,random_suff,norm_comp,random_comp
28, The,0.03367343544960022,0.0,0.05506780371069908,0.07813560217618942
30, Empire,0.0,0.0,0.1192391887307167,0.0902956947684288
32, a,0.009024253115057945,0.0,0.18832053244113922,0.15869548916816711
34, power,0.009557286277413368,0.0002622480387799442,0.20316356420516968,0.09551989287137985
36, the,0.001350658480077982,0.0,0.05421638861298561,0.11366332322359085
