norm_suff_mean,random_suff_mean,norm_comp_mean,random_comp_mean,final suff,final comp,target_tokens
0.01072112750262022,5.244960993877612e-05,0.12400149554014206,0.1072620078921318,204.40814208984375,10.004732131958008, The$ Empire$ a$ power$ the
