target_pos,target_token,norm_suff,random_suff,norm_comp,random_comp
17, ,0.008784542791545391,0.0,0.5081271529197693,0.2221589982509613
19, ,0.10757830739021301,0.0,0.1585933417081833,0.21713019907474518
21, ,0.0,0.0,0.22794784605503082,0.2349570095539093
23, ,0.0,0.0,0.18462230265140533,0.16245920956134796
25, ,0.0,0.0,0.14991597831249237,0.1514664739370346
