target_pos,target_token,norm_suff,random_suff,norm_comp,random_comp
13, They,0.0,0.02606618031859398,0.40157222747802734,0.26241207122802734
15, used,0.0,0.0,0.11061146855354309,0.23572009801864624
17, many,0.0,0.0,0.16401317715644836,0.2162359356880188
19,",",0.0,0.0,0.07986880093812943,0.1040767952799797
21, cosmetics,0.0,0.0042053996585309505,0.1109265610575676,0.2613127827644348
