target_pos,target_token,norm_suff,random_suff,norm_comp,random_comp
21, to,0.008700654841959476,0.08343808352947235,0.12935608625411987,0.42247381806373596
23, establishment,0.0,0.010726943612098694,0.22898684442043304,0.125275120139122
25, the,0.002178956987336278,0.0,0.12674885988235474,0.05617598071694374
27, of,0.0,0.007176259998232126,0.013168524019420147,0.021279124543070793
29, in,0.0,0.023912986740469933,0.09717890620231628,0.07584374397993088
