norm_suff_mean,random_suff_mean,norm_comp_mean,random_comp_mean,final suff,final comp,target_tokens
0.0021759222727268934,0.025050854310393333,0.1190878376364708,0.14020955562591553,0.08686020225286484,64.43684387207031, to$ establishment$ the$ of$ in
