target_pos,target_token,norm_suff,random_suff,norm_comp,random_comp
16, who,0.0,0.0,0.18862929940223694,0.2242136150598526
18, appeared,0.0,0.0,0.09317761659622192,0.13589055836200714
20, over,0.0,0.0059455810114741325,0.0721086785197258,0.151540607213974
22, films,0.00043680964154191315,0.0,0.0600208044052124,0.06329461187124252
24, television,0.0,0.0,0.17249393463134766,0.08813345432281494
