norm_suff_mean,random_suff_mean,norm_comp_mean,random_comp_mean,final suff,final comp,target_tokens
8.736192830838263e-05,0.0011891162721440196,0.1172860637307167,0.13261456787586212,0.07346794754266739,1517.9903564453125, who$ appeared$ over$ films$ television
