target_pos,target_token,norm_suff,random_suff,norm_comp,random_comp
16, ,0.0,0.0,0.3789234757423401,0.28528621792793274
18, ,0.0,0.007133777253329754,0.17316007614135742,0.17236743867397308
20, ,0.0,0.0,0.25776565074920654,0.263509601354599
22, ,0.0,0.0,0.25084996223449707,0.2563401162624359
24, ,0.0,0.004441610537469387,0.090476393699646,0.1690109521150589
