target_pos,target_token,norm_suff,random_suff,norm_comp,random_comp
25, of,0.03820202127099037,0.0,0.39773011207580566,0.2664881944656372
27,ra,0.0011734548024833202,8.458842785330489e-05,0.26081186532974243,0.10774599015712738
29, and,0.0,0.0,0.6024031043052673,0.39339780807495117
31, in,0.0,0.0,0.14691461622714996,0.10747818648815155
33,48,0.001301871263422072,0.0,0.10110051929950714,0.07217774540185928
