norm_suff_mean,random_suff_mean,norm_comp_mean,random_comp_mean,final suff,final comp,target_tokens
0.008135469630360603,1.691768557066098e-05,0.30179205536842346,0.18945758044719696,480.885498046875,23.2878475189209, of$ra$ and$ in$48
