target_pos,target_token,norm_suff,random_suff,norm_comp,random_comp
12, ,0.0,0.0,0.16960424184799194,0.23291435837745667
14, ,0.0,0.0,0.17340543866157532,0.18439018726348877
16, ,0.0,0.0,0.2817392945289612,0.25876548886299133
18, ,0.0,0.04016914591193199,0.23247559368610382,0.1308143138885498
20, ,0.0,0.0,0.08653908967971802,0.15690505504608154
