target_pos,target_token,norm_suff,random_suff,norm_comp,random_comp
21, ,0.0,0.0,0.1809459924697876,0.18969739973545074
23, ,0.0,0.0,0.19345007836818695,0.2283504605293274
25, ,0.0729345977306366,0.02534741908311844,0.14358791708946228,0.19277149438858032
27, ,0.0,0.0,0.3203400671482086,0.07626999169588089
29, ,0.0,0.0,0.09728183597326279,0.11827458441257477
