norm_suff_mean,random_suff_mean,norm_comp_mean,random_comp_mean,final suff,final comp,target_tokens
0.01458691991865635,0.005069484002888203,0.18712118268013,0.16107279062271118,2.877397298812866,11.042275428771973, $ $ $ $ 
