target_pos,target_token,norm_suff,random_suff,norm_comp,random_comp
22, for,0.0,0.0,0.42221611738204956,0.3072412610054016
24, Los,0.0,0.0,0.11054227501153946,0.09537280350923538
26, Dodgers,0.006704214960336685,0.0028340101707726717,0.3618263602256775,0.13439318537712097
28, Major,0.0,0.0,0.038567960262298584,0.13446636497974396
30, Baseball,0.0013714180095121264,0.0005346246180124581,0.11001274734735489,0.01905142329633236
