norm_suff_mean,random_suff_mean,norm_comp_mean,random_comp_mean,final suff,final comp,target_tokens
0.0016151266172528267,0.000673726957757026,0.20863309502601624,0.13810501992702484,2.397301435470581,85.50724029541016, for$ Los$ Dodgers$ Major$ Baseball
