target_pos,target_token,norm_suff,random_suff,norm_comp,random_comp
26, ,0.0,0.0,0.16073794662952423,0.1741892397403717
28, ,0.0,0.0,0.1609506458044052,0.11716204881668091
30, ,0.010229076258838177,0.054078955203294754,0.24038289487361908,0.09634380787611008
32, ,0.01611456833779812,0.00275042443536222,0.13401378691196442,0.14586448669433594
34, ,0.003993424121290445,0.0,0.05825533717870712,0.04516924172639847
