norm_suff_mean,random_suff_mean,norm_comp_mean,random_comp_mean,final suff,final comp,target_tokens
0.006067413371056318,0.011365875601768494,0.15086811780929565,0.11574576050043106,0.5338271856307983,19.076623916625977, $ $ $ $ 
