target_pos,target_token,norm_suff,random_suff,norm_comp,random_comp
45,"
",0.0,0.0,0.12215164303779602,0.06015465781092644
47, think,0.007247826084494591,0.0,0.22769172489643097,0.06550668925046921
49, was,0.003920190967619419,0.0,0.050326135009527206,0.028047295287251472
51, a,0.0,0.0,0.09123481810092926,0.05969283729791641
53, bit,0.0,0.013268474489450455,0.44025954604148865,0.04941398650407791
