target_pos,target_token,norm_suff,random_suff,norm_comp,random_comp
45,"
",0.012727934867143631,0.052267931401729584,0.11230969429016113,0.07089617103338242
47, think,0.003241457510739565,0.0,0.3007009029388428,0.03893352299928665
49, was,0.0,0.0,0.05597628280520439,0.0232786163687706
51, a,0.0,0.0,0.030015192925930023,0.03821118175983429
53, bit,0.00910961627960205,0.0,0.38668063282966614,0.05704132094979286
