norm_suff_mean,random_suff_mean,norm_comp_mean,random_comp_mean,final suff,final comp,target_tokens
0.0022336035035550594,0.0026536949444562197,0.18633277714252472,0.05256308987736702,0.8416956663131714,23.532865524291992,"
$ think$ was$ a$ bit"
