norm_suff_mean,random_suff_mean,norm_comp_mean,random_comp_mean,final suff,final comp,target_tokens
0.005015801638364792,0.010453586466610432,0.17713654041290283,0.045672159641981125,0.47981634736061096,9.1056547164917,"
$ think$ was$ a$ bit"
