target_pos,target_token,norm_suff,random_suff,norm_comp,random_comp
50, Because,0.03539687395095825,0.0,0.501921534538269,0.07606105506420135
52, was,0.0,0.0,0.0387495718896389,0.027789318934082985
54,.,0.0,0.03234196454286575,0.042863402515649796,0.04731006547808647
56,I,0.0,0.0,0.11130883544683456,0.0808824971318245
58, sorry,0.004658001475036144,0.0,0.31855201721191406,0.04664844274520874
