target_pos,target_token,norm_suff,random_suff,norm_comp,random_comp
50, Because,0.0,0.0014755722368136048,0.6915306448936462,0.039655182510614395
52, was,0.0,0.0,0.028688544407486916,0.0457911491394043
54,.,0.049321189522743225,0.0,0.06637762486934662,0.04921594262123108
56,I,0.0,0.0,0.035792335867881775,0.062159087508916855
58, sorry,0.007591820787638426,0.0,0.123912014067173,0.03250440955162048
