norm_suff_mean,random_suff_mean,norm_comp_mean,random_comp_mean,final suff,final comp,target_tokens
0.011382602155208588,0.0002951144415419549,0.18926024436950684,0.04586515575647354,38.57012939453125,4.0294084548950195, Because$ was$.$I$ sorry
