norm_suff_mean,random_suff_mean,norm_comp_mean,random_comp_mean,final suff,final comp,target_tokens
0.00801097508519888,0.006468392908573151,0.20267906785011292,0.05573827773332596,1.2384799718856812,6.957739353179932, Because$ was$.$I$ sorry
