target_pos,target_token,norm_suff,random_suff,norm_comp,random_comp
76,"
",0.02225956693291664,0.0,0.03934202715754509,0.030971204861998558
78,I,0.015019761398434639,0.0,0.47147995233535767,0.034193068742752075
80, shopping,0.0,0.0,0.771054208278656,0.02458222210407257
82, an,0.015335694886744022,0.0,0.863243818283081,0.016648629680275917
84, mall,0.0038607902824878693,0.002094734227284789,0.9930609464645386,0.0021596956066787243
