target_pos,target_token,norm_suff,random_suff,norm_comp,random_comp
76,"
",0.02049931138753891,0.0,0.053304530680179596,0.03212030231952667
78,I,0.0,0.0,0.06279736757278442,0.03421599417924881
80, shopping,0.005655813030898571,0.0,0.49906808137893677,0.06008828058838844
82, an,0.0016314684180542827,0.0,0.8847668766975403,0.006670709233731031
84, mall,0.0003017706039827317,0.0004327287897467613,0.8059464693069458,0.007685329299420118
