norm_suff_mean,random_suff_mean,norm_comp_mean,random_comp_mean,final suff,final comp,target_tokens
0.01129516214132309,0.0004189468454569578,0.627636194229126,0.021710963919758797,26.960847854614258,1.9221471548080444,"
$I$ shopping$ an$ mall"
