norm_suff_mean,random_suff_mean,norm_comp_mean,random_comp_mean,final suff,final comp,target_tokens
0.005617673043161631,8.654576231492683e-05,0.46117669343948364,0.02815612219274044,64.90985870361328,5.012061595916748,"
$I$ shopping$ an$ mall"
