target_pos,target_token,norm_suff,random_suff,norm_comp,random_comp
52, She,0.0,0.0,0.07143329083919525,0.06261949986219406
54,'t,0.0,0.0,0.008504724130034447,0.01197719108313322
56, to,0.02100239135324955,0.012208034284412861,0.03658374771475792,0.03490840643644333
58, it,0.03919336199760437,0.013334848918020725,0.7063776850700378,0.02587222494184971
60, She,0.0,0.0,0.099715955555439,0.07016163319349289
