target_pos,target_token,norm_suff,random_suff,norm_comp,random_comp
52, She,0.0,0.0,0.0663829818367958,0.08843307197093964
54,'t,0.0,0.0,0.01716436631977558,0.02359766513109207
56, to,0.005505058448761702,0.0,0.03469192981719971,0.060223136097192764
58, it,0.018416129052639008,0.0,0.16892459988594055,0.03880219906568527
60, She,0.001072729122824967,0.0,0.04144692048430443,0.10220609605312347
