norm_suff_mean,random_suff_mean,norm_comp_mean,random_comp_mean,final suff,final comp,target_tokens
0.01203915011137724,0.005108576733618975,0.1845230907201767,0.041107792407274246,2.356654405593872,3.4145095348358154, She$'t$ to$ it$ She
