target_pos,target_token,norm_suff,random_suff,norm_comp,random_comp
48, Because,0.0,0.0,0.570179283618927,0.0621497817337513
50, was,0.0,0.0,0.028249824419617653,0.04521160572767258
52,.,0.0,0.056704387068748474,0.0416872538626194,0.05920382961630821
54, was,0.0,0.0,0.07734808325767517,0.0356246642768383
56, of,0.056236632168293,0.05444883927702904,0.06916732341051102,0.08779977262020111
