target_pos,target_token,norm_suff,random_suff,norm_comp,random_comp
48, Because,0.0,0.0,0.20302604138851166,0.0750395655632019
50, was,0.0,0.0,0.028658004477620125,0.030582498759031296
52,.,0.029507195577025414,0.050283342599868774,0.045416876673698425,0.03933872655034065
54, was,0.0,0.0,0.045851223170757294,0.05647687986493111
56, of,0.008668212220072746,0.004383401945233345,0.20483379065990448,0.08225841075181961
