norm_suff_mean,random_suff_mean,norm_comp_mean,random_comp_mean,final suff,final comp,target_tokens
0.011247326619923115,0.022230645641684532,0.157326340675354,0.0579979307949543,0.505937933921814,5.156597137451172, Because$ was$.$ was$ of
