norm_suff_mean,random_suff_mean,norm_comp_mean,random_comp_mean,final suff,final comp,target_tokens
0.007635081652551889,0.010933348909020424,0.10555719584226608,0.05673921853303909,0.6983296275138855,7.43138313293457, Because$ was$.$ was$ of
