target_pos,target_token,norm_suff,random_suff,norm_comp,random_comp
47, He,0.0,0.0,0.0761340782046318,0.05731131508946419
49, playing,0.08050322532653809,0.0,0.7407618761062622,0.05829143896698952
51,.,0.050444573163986206,0.002307099523022771,0.036670487374067307,0.05906466022133827
53, got,0.0,0.0,0.1141996905207634,0.07450442016124725
55, spr,0.0008814174798317254,0.0,0.894340455532074,0.03481857106089592
