target_pos,target_token,norm_suff,random_suff,norm_comp,random_comp
47, He,0.0,0.016527529805898666,0.0674864798784256,0.08157182484865189
49, playing,0.05013100802898407,0.024676423519849777,0.1582518219947815,0.03686599060893059
51,.,0.04779144376516342,0.07791385054588318,0.05845563858747482,0.04207371920347214
53, got,0.0,0.0,0.3536558151245117,0.10216391086578369
55, spr,0.00022896536393091083,0.0,0.918134868144989,0.04931356757879257
