norm_suff_mean,random_suff_mean,norm_comp_mean,random_comp_mean,final suff,final comp,target_tokens
0.01963028311729431,0.023823561146855354,0.3111969530582428,0.062397804111242294,0.8239861130714417,3.178650140762329, He$ playing$.$ got$ spr
