norm_suff_mean,random_suff_mean,norm_comp_mean,random_comp_mean,final suff,final comp,target_tokens
0.026365844532847404,0.0004614198987837881,0.37242135405540466,0.05679807811975479,57.14067459106445,2.1542294025421143, He$ playing$.$ got$ spr
