target_pos,target_token,norm_suff,random_suff,norm_comp,random_comp
58, I,0.0,0.0,0.04368745535612106,0.05744075030088425
60, to,0.007535943295806646,0.0,0.03702346608042717,0.04187822714447975
62, it,0.0,0.011259250342845917,0.06434479355812073,0.08462782949209213
64,.,0.035875946283340454,0.020062191411852837,0.035921644419431686,0.03151411935687065
66, was,0.0,0.0,0.044303782284259796,0.041733842343091965
