target_pos,target_token,norm_suff,random_suff,norm_comp,random_comp
58, I,0.0,0.0,0.0451715849339962,0.05581148341298103
60, to,0.0,0.03757379204034805,0.08708706498146057,0.05345965176820755
62, it,0.00191171420738101,0.0,0.06689959019422531,0.14368271827697754
64,.,0.0,0.030517492443323135,0.05714548006653786,0.04101112484931946
66, was,0.0,0.0,0.03139535337686539,0.028148839250206947
