norm_suff_mean,random_suff_mean,norm_comp_mean,random_comp_mean,final suff,final comp,target_tokens
0.008682377636432648,0.0062642889097332954,0.04505623131990433,0.05143895372748375,1.3860117197036743,5.924523830413818, I$ to$ it$.$ was
