norm_suff_mean,random_suff_mean,norm_comp_mean,random_comp_mean,final suff,final comp,target_tokens
0.000382342841476202,0.013618257828056812,0.057539816945791245,0.06442276388406754,0.028075752779841423,168.4947509765625, I$ to$ it$.$ was
