target_pos,target_token,norm_suff,random_suff,norm_comp,random_comp
52, Because,0.0,0.0,0.6171779036521912,0.1004539504647255
54, loved,0.00805752631276846,0.0,0.5541849136352539,0.04394068941473961
56, play,0.019984453916549683,0.009991767816245556,0.24883580207824707,0.03838738799095154
58, his,0.0,0.009864863939583302,0.12728190422058105,0.1559828370809555
60,.,0.03562844917178154,0.0,0.018275264650583267,0.027838492766022682
