target_pos,target_token,norm_suff,random_suff,norm_comp,random_comp
52, Because,0.0,0.0,0.7552129626274109,0.044462673366069794
54, loved,0.007996209897100925,0.0,0.3430766761302948,0.052815426141023636
56, play,0.002360342536121607,0.008488613180816174,0.43438974022865295,0.02971368469297886
58, his,0.0,0.00851615983992815,0.12495524436235428,0.06295902281999588
60,.,0.03388984873890877,0.04228109121322632,0.03125295415520668,0.02636640891432762
