norm_suff_mean,random_suff_mean,norm_comp_mean,random_comp_mean,final suff,final comp,target_tokens
0.012734085321426392,0.003971326630562544,0.31315118074417114,0.07332067936658859,3.2065067291259766,5.757828712463379, Because$ loved$ play$ his$.
