norm_suff_mean,random_suff_mean,norm_comp_mean,random_comp_mean,final suff,final comp,target_tokens
0.008849280886352062,0.011857173405587673,0.3377775251865387,0.04326344281435013,0.7463229894638062,4.888921737670898, Because$ loved$ play$ his$.
