target_pos,target_token,norm_suff,random_suff,norm_comp,random_comp
69, She,0.003258061595261097,0.0,0.03626313433051109,0.038422826677560806
71, to,0.0,0.00915126409381628,0.027765659615397453,0.03694838285446167
73, a,0.012428462505340576,0.0,0.06166703999042511,0.088504858314991
75,-,0.0011160095455124974,0.0,0.18121612071990967,0.01246617455035448
77,ry,0.0067050219513475895,0.001286194659769535,0.1384541392326355,0.0035088714212179184
