target_pos,target_token,norm_suff,random_suff,norm_comp,random_comp
69, She,0.0,0.0,0.06120051443576813,0.03616645932197571
71, to,0.0,0.007164026144891977,0.031453900039196014,0.022201672196388245
73, a,0.0,0.0,0.11865375936031342,0.08524281531572342
75,-,0.0,0.0005634163971990347,0.579245388507843,0.02871766872704029
77,ry,0.007962982170283794,0.0011510507902130485,0.9965367913246155,0.00595016498118639
