norm_suff_mean,random_suff_mean,norm_comp_mean,random_comp_mean,final suff,final comp,target_tokens
0.0047015114687383175,0.002087491797283292,0.08907321840524673,0.03597022220492363,2.252229928970337,7.650778293609619, She$ to$ a$-$ry
