norm_suff_mean,random_suff_mean,norm_comp_mean,random_comp_mean,final suff,final comp,target_tokens
0.0015925964107736945,0.0017756987363100052,0.3574180603027344,0.035655755549669266,0.8968843817710876,22.388444900512695, She$ to$ a$-$ry
