target_pos,target_token,norm_suff,random_suff,norm_comp,random_comp
63,"
",0.0,0.0,0.06242590770125389,0.06426128000020981
65,S,0.006204009056091309,0.0,0.7795765995979309,0.0773114338517189
67,tha,7.915889727883041e-05,0.0004363581829238683,0.9958765506744385,0.002434395020827651
69, to,0.0037736159283667803,0.0017721448093652725,0.023577528074383736,0.011975177563726902
71, out,0.008810403756797314,0.004629458300769329,0.9492449164390564,0.020094554871320724
