target_pos,target_token,norm_suff,random_suff,norm_comp,random_comp
63,"
",0.0,0.0,0.08485135436058044,0.042127855122089386
65,S,0.01954016461968422,0.0,0.7121262550354004,0.03987591713666916
67,tha,0.006126850843429565,0.006751889828592539,0.8049140572547913,0.0016496124444529414
69, to,0.0,0.0,0.012635387480258942,0.006282439921051264
71, out,0.0009120521135628223,0.0,0.2537574768066406,0.008504969999194145
