norm_suff_mean,random_suff_mean,norm_comp_mean,random_comp_mean,final suff,final comp,target_tokens
0.005315813701599836,0.0013503780355677009,0.3736569285392761,0.019688159227371216,3.936537504196167,3.7036962509155273,"
$S$tha$ to$ out"
