norm_suff_mean,random_suff_mean,norm_comp_mean,random_comp_mean,final suff,final comp,target_tokens
0.0037734375800937414,0.0013675922527909279,0.5621402859687805,0.03521536663174629,2.759183168411255,9.332436561584473,"
$S$tha$ to$ out"
