target_pos,target_token,norm_suff,random_suff,norm_comp,random_comp
56,"
",0.0,0.0,0.056582093238830566,0.05110889673233032
58,M,0.005551982671022415,0.0,0.6921401023864746,0.05634983256459236
60,a,0.0500628799200058,0.0,0.4049869179725647,0.008279121480882168
62, her,0.0,0.0,0.031321946531534195,0.021057887002825737
64, to,0.004885564092546701,0.0,0.006760291755199432,0.005459510255604982
