target_pos,target_token,norm_suff,random_suff,norm_comp,random_comp
56,"
",0.0,0.0,0.04854733496904373,0.10315299779176712
58,M,0.008503150194883347,0.0,0.26921820640563965,0.04907665401697159
60,a,0.03167245164513588,0.00334562873467803,0.17227904498577118,0.006480928510427475
62, her,0.000200266731553711,0.005753031000494957,0.03570887818932533,0.022068757563829422
64, to,0.0,0.00664686132222414,0.007228626403957605,0.01085803285241127
