norm_suff_mean,random_suff_mean,norm_comp_mean,random_comp_mean,final suff,final comp,target_tokens
0.008075173944234848,0.0031491040717810392,0.10659642517566681,0.038327477872371674,2.564276695251465,4.746334552764893,"
$M$a$ her$ to"
