target_pos,target_token,norm_suff,random_suff,norm_comp,random_comp
54, Because,0.0,0.0,1.0851826667785645,0.04590310528874397
56, was,0.0009416574612259865,0.0,0.04995005950331688,0.04380599781870842
58, good,0.0,0.006431334186345339,0.054472293704748154,0.09264764934778214
60,.,0.0873027816414833,0.007678930182009935,0.018203675746917725,0.014080649241805077
62, was,0.0,0.0,0.04218946769833565,0.02695544622838497
