target_pos,target_token,norm_suff,random_suff,norm_comp,random_comp
54, Because,0.0,0.0,0.7045474052429199,0.04567210376262665
56, was,0.0013286186149343848,0.0012170035624876618,0.03039146214723587,0.04691923037171364
58, good,0.0007783229812048376,0.0,0.0716792643070221,0.061621349304914474
60,.,0.0,0.01334250159561634,0.0389786921441555,0.03460635617375374
62, was,0.0,0.0,0.06536975502967834,0.03694310039281845
