norm_suff_mean,random_suff_mean,norm_comp_mean,random_comp_mean,final suff,final comp,target_tokens
0.0004213883075863123,0.0029119011014699936,0.1821933090686798,0.04515242949128151,0.144712433218956,107.15159606933594, Because$ was$ good$.$ was
