norm_suff_mean,random_suff_mean,norm_comp_mean,random_comp_mean,final suff,final comp,target_tokens
0.017648888751864433,0.0028220529202371836,0.24999962747097015,0.044678568840026855,6.253918647766113,2.5315229892730713, Because$ was$ good$.$ was
