target_pos,target_token,norm_suff,random_suff,norm_comp,random_comp
68,"
",0.0,0.04661046341061592,0.039356399327516556,0.043246831744909286
70,Mary,0.0,0.0,0.8674265742301941,0.0382845439016819
72, a,0.0,0.0007729688659310341,0.06505030393600464,0.0760759711265564
74, student,0.004526227246969938,0.0,0.20773543417453766,0.08530855923891068
76, She,0.03772421553730965,0.0,0.060023508965969086,0.019544949755072594
