target_pos,target_token,norm_suff,random_suff,norm_comp,random_comp
68,"
",0.0,0.024908268824219704,0.043616361916065216,0.07879707217216492
70,Mary,0.0,0.0,0.9756284952163696,0.04771479219198227
72, a,0.0031939963810145855,0.0,0.07901330292224884,0.11566773056983948
74, student,0.0,0.00203139940276742,1.0,0.03997590020298958
76, She,0.0,0.0,0.12365753948688507,0.029420679435133934
