norm_suff_mean,random_suff_mean,norm_comp_mean,random_comp_mean,final suff,final comp,target_tokens
0.0006387992762029171,0.00538793345913291,0.4443831443786621,0.062315236777067184,0.11856108903884888,97.55057525634766,"
$Mary$ a$ student$ She"
