norm_suff_mean,random_suff_mean,norm_comp_mean,random_comp_mean,final suff,final comp,target_tokens
0.008450089022517204,0.009476686827838421,0.24791844189167023,0.0524921678006649,0.8916712403297424,6.2120256423950195,"
$Mary$ a$ student$ She"
