target_pos,target_token,norm_suff,random_suff,norm_comp,random_comp
57,"
",0.0,0.0021205334924161434,0.17322485148906708,0.08872102200984955
59,Matt,0.002478986978530884,0.0,0.8070275783538818,0.07941483706235886
61, Sarah,0.007041312288492918,0.0,0.7690767645835876,0.015210411511361599
63, to,0.0,0.010633421130478382,0.049262456595897675,0.0163041353225708
65, it,0.006913039367645979,0.0,0.38917461037635803,0.029631488025188446
