target_pos,target_token,norm_suff,random_suff,norm_comp,random_comp
57,"
",0.0,0.0,0.11751353740692139,0.07302331179380417
59,Matt,0.0,0.001934587024152279,0.13993819057941437,0.0838342234492302
61, Sarah,0.016339516267180443,0.015999095514416695,0.710841178894043,0.02376689203083515
63, to,0.0,0.0,0.01142748724669218,0.019227121025323868
65, it,0.0038683819584548473,0.0,0.5065507292747498,0.08025040477514267
