norm_suff_mean,random_suff_mean,norm_comp_mean,random_comp_mean,final suff,final comp,target_tokens
0.004041580017656088,0.003586736274883151,0.2972542345523834,0.05602039024233818,1.1268126964569092,13.86101245880127,"
$Matt$ Sarah$ to$ it"
