norm_suff_mean,random_suff_mean,norm_comp_mean,random_comp_mean,final suff,final comp,target_tokens
0.0032866678666323423,0.002550790784880519,0.4375532269477844,0.04585638269782066,1.288489818572998,13.952240943908691,"
$Matt$ Sarah$ to$ it"
