target_pos,target_token,norm_suff,random_suff,norm_comp,random_comp
55,	,0.0032168724574148655,0.007833698764443398,0.2288675457239151,0.09378610551357269
57, she,0.011648868210613728,0.011820768937468529,0.14619743824005127,0.06513579189777374
59, a,0.0,0.0,0.06881093978881836,0.06244621425867081
61,.,0.039940956979990005,0.029572656378149986,0.054769281297922134,0.0458204448223114
63,Why,0.011617504060268402,0.0,0.9188212156295776,0.048330895602703094
