target_pos,target_token,norm_suff,random_suff,norm_comp,random_comp
55,	,0.0,0.0,0.7343705296516418,0.053578928112983704
57, she,0.0,0.0,0.10305063426494598,0.054188139736652374
59, a,0.009184472262859344,0.018290594220161438,0.06794097274541855,0.08378428965806961
61,.,0.022466201335191727,0.04784088954329491,0.3102183938026428,0.07751712203025818
63,Why,0.0,0.0,0.9979677200317383,0.15275628864765167
