norm_suff_mean,random_suff_mean,norm_comp_mean,random_comp_mean,final suff,final comp,target_tokens
0.013284841552376747,0.009845425374805927,0.2834932804107666,0.06310389190912247,1.3493415117263794,4.750067234039307,	$ she$ a$.$Why
