norm_suff_mean,random_suff_mean,norm_comp_mean,random_comp_mean,final suff,final comp,target_tokens
0.006330134812742472,0.013226297684013844,0.44270965456962585,0.08436495065689087,0.47860217094421387,13.327512741088867,	$ she$ a$.$Why
