target_pos,target_token,norm_suff,random_suff,norm_comp,random_comp
44,	,0.0,0.0,0.4722296893596649,0.06932197511196136
46, she,0.0,0.0157435592263937,0.13138817250728607,0.05654127895832062
48, a,0.0,0.0,0.06142690032720566,0.07987231761217117
50,.,0.04882585629820824,0.0,0.09018360078334808,0.05226193740963936
52,She,0.0,0.0,0.4274006485939026,0.11181919276714325
