target_pos,target_token,norm_suff,random_suff,norm_comp,random_comp
44,	,0.0,0.0,0.34369957447052,0.20252706110477448
46, she,0.0,0.009644536301493645,0.4181329607963562,0.05419100448489189
48, a,0.0,0.014683950692415237,0.07397083938121796,0.10210604965686798
50,.,0.009770926088094711,0.023225978016853333,0.07084789127111435,0.04450664296746254
52,She,0.0024346408899873495,0.0,0.9719506502151489,0.12492479383945465
