norm_suff_mean,random_suff_mean,norm_comp_mean,random_comp_mean,final suff,final comp,target_tokens
0.009765171445906162,0.003148711984977126,0.23652580380439758,0.07396334409713745,3.101322650909424,7.574198246002197,	$ she$ a$.$She
