norm_suff_mean,random_suff_mean,norm_comp_mean,random_comp_mean,final suff,final comp,target_tokens
0.002441113581880927,0.009510892443358898,0.37572041153907776,0.10565110296010971,0.25666505098342896,43.27988052368164,	$ she$ a$.$She
