target_pos,target_token,norm_suff,random_suff,norm_comp,random_comp
57,	,0.0,0.0,0.14306429028511047,0.0735657811164856
59, was,0.007325002457946539,0.0,0.08574145287275314,0.07052069902420044
61, ball,0.06986647844314575,0.0,0.7289542555809021,0.09320718795061111
63, his,0.0,0.0007431235862895846,0.02089974656701088,0.008476873859763145
65,.,0.0885058119893074,0.0,0.007389627862721682,0.02103203348815441
