target_pos,target_token,norm_suff,random_suff,norm_comp,random_comp
57,	,0.019191615283489227,0.0,0.38576778769493103,0.10450829565525055
59, was,0.0,0.016699371859431267,0.11008906364440918,0.07769474387168884
61, ball,0.0,0.0062666358426213264,0.782080352306366,0.038919948041439056
63, his,0.0,0.0,0.18448087573051453,0.018794752657413483
65,.,0.07437123358249664,0.07850752025842667,0.018577154725790024,0.016311075538396835
