norm_suff_mean,random_suff_mean,norm_comp_mean,random_comp_mean,final suff,final comp,target_tokens
0.018712570890784264,0.020294707268476486,0.2961990535259247,0.051245760172605515,0.9220418930053711,2.7385740280151367,	$ was$ ball$ his$.
