norm_suff_mean,random_suff_mean,norm_comp_mean,random_comp_mean,final suff,final comp,target_tokens
0.033139459788799286,0.00014862472016829997,0.19720987975597382,0.05336051806807518,222.9740753173828,1.6101807355880737,	$ was$ ball$ his$.
