target_pos,target_token,norm_suff,random_suff,norm_comp,random_comp
51, Because,0.0,0.007447512820363045,0.7603773474693298,0.043487247079610825
53, wanted,0.027968401089310646,0.0,0.7704948782920837,0.025479700416326523
55, paint,0.006279536057263613,0.006208570674061775,0.14525410532951355,0.02613401971757412
57, bedroom,0.00018073229875881225,0.009799618273973465,0.25215160846710205,0.032533541321754456
59,.,0.06613591313362122,0.0746128186583519,0.022234981879591942,0.03356548398733139
