target_pos,target_token,norm_suff,random_suff,norm_comp,random_comp
51, Because,0.0,0.0,0.6533447504043579,0.03193966671824455
53, wanted,0.021327121183276176,0.0,0.8317461609840393,0.03321283683180809
55, paint,0.0,0.0024767867289483547,0.18883845210075378,0.020808033645153046
57, bedroom,0.003254466224461794,0.004084219690412283,0.16253551840782166,0.03827777877449989
59,.,0.05485038086771965,0.0698852613568306,0.03488532081246376,0.020470580086112022
