norm_suff_mean,random_suff_mean,norm_comp_mean,random_comp_mean,final suff,final comp,target_tokens
0.020112916827201843,0.019613703712821007,0.3901025950908661,0.03223999962210655,1.0254522562026978,1.6029499769210815, Because$ wanted$ paint$ bedroom$.
