norm_suff_mean,random_suff_mean,norm_comp_mean,random_comp_mean,final suff,final comp,target_tokens
0.015886394307017326,0.015289253555238247,0.3742700517177582,0.02894178032875061,1.0390561819076538,1.8217966556549072, Because$ wanted$ paint$ bedroom$.
