target_pos,target_token,norm_suff,random_suff,norm_comp,random_comp
64, She,0.0,0.0,0.1361588090658188,0.18769505620002747
66, hungry,0.0,0.0,1.0,0.040220990777015686
68,"
",0.0,0.0,0.07414573431015015,0.07172709703445435
70,Ann,0.045739151537418365,0.0,0.9506082534790039,0.053354620933532715
72, so,0.0,0.0,0.3652237057685852,0.05440248176455498
