target_pos,target_token,norm_suff,random_suff,norm_comp,random_comp
64, She,0.0,0.0,0.16523583233356476,0.04314039647579193
66, hungry,0.0,0.021726369857788086,1.0,0.09423736482858658
68,"
",0.0,0.0,0.08916443586349487,0.07434932887554169
70,Ann,0.011278235353529453,0.0,0.8130949139595032,0.10334812849760056
72, so,0.0,0.0,0.12910762429237366,0.10601279139518738
