norm_suff_mean,random_suff_mean,norm_comp_mean,random_comp_mean,final suff,final comp,target_tokens
0.002255647210404277,0.004345274064689875,0.43932056427001953,0.0842176005244255,0.5191035270690918,37.336334228515625," She$ hungry$
$Ann$ so"
