target_pos,target_token,norm_suff,random_suff,norm_comp,random_comp
52, She,0.0,0.0,0.10737338662147522,0.10618089139461517
54, at,0.013762176968157291,0.014903348870575428,0.07646359503269196,0.05876961722970009
56, beach,0.011712356470525265,0.0,0.9393771290779114,0.03436785936355591
58, her,0.0,0.0,0.08691806346178055,0.05150143802165985
60,.,0.0,0.06985481083393097,0.0622381716966629,0.026939863339066505
