target_pos,target_token,norm_suff,random_suff,norm_comp,random_comp
52, She,0.0,0.021954599767923355,0.0784769058227539,0.09201913326978683
54, at,0.007495349273085594,0.01066038478165865,0.05734338238835335,0.055114902555942535
56, beach,0.00875238236039877,0.0,0.9497957229614258,0.057845305651426315
58, her,0.0017971160123124719,0.0,0.036212097853422165,0.031450338661670685
60,.,0.03308466821908951,0.0005155928083695471,0.041950397193431854,0.09298580884933472
