norm_suff_mean,random_suff_mean,norm_comp_mean,random_comp_mean,final suff,final comp,target_tokens
0.005094906780868769,0.016951633617281914,0.25447407364845276,0.055551934987306595,0.3005554974079132,10.903425216674805, She$ at$ beach$ her$.
