norm_suff_mean,random_suff_mean,norm_comp_mean,random_comp_mean,final suff,final comp,target_tokens
0.010225904174149036,0.006626115646213293,0.23275570571422577,0.0658831000328064,1.543272852897644,6.442765235900879, She$ at$ beach$ her$.
