target_pos,target_token,norm_suff,random_suff,norm_comp,random_comp
57, Because,0.0,0.0,1.1398576498031616,0.021959993988275528
59, was,0.0,0.0,0.05041724443435669,0.051660772413015366
61, kid,0.0,0.0,0.14131003618240356,0.049942757934331894
63,"
",0.0,0.0,0.021736769005656242,0.022770388051867485
65,'m,0.0,0.0,0.02879657782614231,0.024440916255116463
