target_pos,target_token,norm_suff,random_suff,norm_comp,random_comp
57, Because,0.0,0.0,0.6074613928794861,0.06066601723432541
59, was,0.0,0.0,0.04633782431483269,0.03388193994760513
61, kid,0.001033760025165975,0.004194482229650021,0.11441992223262787,0.0373370461165905
63,"
",0.0,0.0,0.029070410877466202,0.0696486160159111
65,'m,0.0,0.0,0.03263326734304428,0.023860923945903778
