target_pos,target_token,norm_suff,random_suff,norm_comp,random_comp
49, Chris,0.0,0.0,0.033043332397937775,0.05153803527355194
51, struggling,0.0,0.0,0.21931052207946777,0.05190610885620117
53, English,0.005350451450794935,0.0013324953615665436,0.23323988914489746,0.036569297313690186
55,.,0.050283946096897125,0.05470234900712967,0.015150402672588825,0.03067055717110634
57, decided,0.0006242936942726374,0.00023595070524606854,0.6316707730293274,0.009456883184611797
