target_pos,target_token,norm_suff,random_suff,norm_comp,random_comp
49, Chris,0.0,0.0,0.060380466282367706,0.05853484943509102
51, struggling,0.07363549619913101,0.01581752672791481,0.3649670481681824,0.08219274878501892
53, English,0.008976629003882408,0.0,0.18624712526798248,0.02824806608259678
55,.,0.0015451065264642239,0.04965386167168617,0.011593671515583992,0.02013038657605648
57, decided,0.0008097861427813768,0.0002717443276196718,0.5761873722076416,0.007360026706010103
