norm_suff_mean,random_suff_mean,norm_comp_mean,random_comp_mean,final suff,final comp,target_tokens
0.011251739226281643,0.011254159733653069,0.22648298740386963,0.0360281765460968,0.9997849464416504,3.202009439468384, Chris$ struggling$ English$.$ decided
