norm_suff_mean,random_suff_mean,norm_comp_mean,random_comp_mean,final suff,final comp,target_tokens
0.016993403434753418,0.013148627243936062,0.23987515270709991,0.03929321467876434,1.2924089431762695,2.312262773513794, Chris$ struggling$ English$.$ decided
