target_pos,target_token,norm_suff,random_suff,norm_comp,random_comp
60,"
",0.0,0.0,0.05925402790307999,0.07844015955924988
62,Tim,0.037689387798309326,0.0015887678600847721,0.14186109602451324,0.06026269868016243
64, a,0.0,0.008959997445344925,0.06734760105609894,0.04639244079589844
66, good,0.0,0.0,0.045587293803691864,0.0515497662127018
68,.,0.055188555270433426,0.01913651078939438,0.04407055675983429,0.036341432482004166
