target_pos,target_token,norm_suff,random_suff,norm_comp,random_comp
60,"
",0.0,0.0,0.07243385910987854,0.10631820559501648
62,Tim,0.0022204595152288675,0.0,0.3313564658164978,0.09179887175559998
64, a,0.0,0.0,0.11148705333471298,0.06206830218434334
66, good,0.007767439819872379,0.0,0.06496322900056839,0.03794817626476288
68,.,0.005611784290522337,0.0,0.023972902446985245,0.02871576137840748
