norm_suff_mean,random_suff_mean,norm_comp_mean,random_comp_mean,final suff,final comp,target_tokens
0.01857558824121952,0.005937055218964815,0.07162411510944366,0.05459729582071304,3.1287546157836914,2.9391961097717285,"
$Tim$ a$ good$."
