target_pos,target_token,norm_suff,random_suff,norm_comp,random_comp
54,"
",0.0,0.0,0.06817416101694107,0.05675956979393959
56,Tim,0.020711582154035568,0.0026022563688457012,0.6584711074829102,0.05845225229859352
58, Stan,0.0,0.002467705402523279,0.6064001321792603,0.021118193864822388
60, in,0.017850272357463837,0.006793047301471233,0.07032700628042221,0.022157154977321625
62, ice,0.0032154303044080734,0.0,0.0880095586180687,0.007671406026929617
