target_pos,target_token,norm_suff,random_suff,norm_comp,random_comp
54,"
",0.0,0.0,0.0471244715154171,0.052074551582336426
56,Tim,0.08595564216375351,0.0,0.969931423664093,0.06214815005660057
58, Stan,0.00904291495680809,0.0,0.6460514068603516,0.030646681785583496
60, in,0.0,0.0,0.04857249930500984,0.033117517828941345
62, ice,0.0072011216543614864,0.0,0.5290326476097107,0.00700506241992116
