norm_suff_mean,random_suff_mean,norm_comp_mean,random_comp_mean,final suff,final comp,target_tokens
0.008355456404387951,0.0023726020008325577,0.2982763946056366,0.033231716603040695,3.5216426849365234,3.9772472381591797,"
$Tim$ Stan$ in$ ice"
