target_pos,target_token,norm_suff,random_suff,norm_comp,random_comp
65, Because,0.009611441753804684,0.0,0.45804303884506226,0.06734747439622879
67, were,0.0,4.6044915507081896e-05,0.039085112512111664,0.05182362347841263
69, of,0.004395400173962116,0.003644753945991397,0.10810284316539764,0.0396353155374527
71, foreigners,0.0,0.0,0.7816590666770935,0.09706205129623413
73,"
",0.0,0.0,0.038179364055395126,0.04945341870188713
