target_pos,target_token,norm_suff,random_suff,norm_comp,random_comp
65, Because,0.0,0.0,0.6247654557228088,0.0715922862291336
67, were,0.0,0.0,0.0676061138510704,0.027974147349596024
69, of,0.0,0.0,0.06464742124080658,0.07247602939605713
71, foreigners,0.0009910602821037173,0.0,0.31562796235084534,0.14534497261047363
73,"
",0.0,0.0,0.026064300909638405,0.04990183189511299
