norm_suff_mean,random_suff_mean,norm_comp_mean,random_comp_mean,final suff,final comp,target_tokens
0.0028013684786856174,0.000738159753382206,0.285013884305954,0.06106437370181084,3.7950706481933594,21.798051834106445," Because$ were$ of$ foreigners$
"
