suff,comp,random_suff,random_comp
0.020028887548332687,0.8704268671335096,0.011436765275060606,0.7722919088174703
