suff,comp,random_suff,random_comp
0.010257051721099903,0.7843044678364111,0.005235711808901642,0.6432087473969296
