target_pos,target_token,norm_suff,random_suff,norm_comp,random_comp
44, Because,0.008139454759657383,0.001969625474885106,0.012865242548286915,0.009930563159286976
46, was,0.0,0.003465977730229497,0.00809803418815136,0.005645697936415672
48, good,0.001304926467128098,0.009605246596038342,0.01529865525662899,0.012039458379149437
50,.,0.0,0.0001667134347371757,0.005153493024408817,0.00443381629884243
52, was,0.005479052197188139,0.0,0.004865530412644148,0.005549026187509298
