target_pos,target_token,norm_suff,random_suff,norm_comp,random_comp
51, She,0.0,0.0035463536623865366,0.006399580743163824,0.008951460011303425
53,'t,0.002248185221105814,0.0005462879780679941,0.0015646651154384017,0.00024545815540477633
55,.,0.003756769699975848,0.0,0.006858373526483774,0.004730892833322287
57, just,0.0,0.0,0.008332937955856323,0.005085798446089029
59, that,0.0008803869714029133,0.0,0.011926040053367615,0.004189965780824423
