norm_suff_mean,random_suff_mean,norm_comp_mean,random_comp_mean,final suff,final comp,target_tokens
0.003867901163175702,0.0028103545773774385,0.008637996390461922,0.0054039559327065945,1.3763036727905273,1.397128701210022, Because$ was$.$ was$ of
