norm_suff_mean,random_suff_mean,norm_comp_mean,random_comp_mean,final suff,final comp,target_tokens
0.0020703363697975874,0.0020291039254516363,0.011423865333199501,0.005179618950933218,1.0203205347061157,2.5018248558044434, She$ to$ out$ cheer$.
