target_pos,target_token,norm_suff,random_suff,norm_comp,random_comp
55, Because,0.0019578749779611826,0.0015726787969470024,0.004484437871724367,0.003247885499149561
57, wanted,0.0,0.0010821600444614887,0.003550855675712228,0.0038289290387183428
59, to,0.0,0.0,0.0016440858598798513,0.0017381366342306137
61, successful,0.0,0.002262514317408204,0.00628683902323246,0.00561332143843174
63, She,0.0,0.0,0.004149474669247866,0.003260205266997218
