norm_suff_mean,random_suff_mean,norm_comp_mean,random_comp_mean,final suff,final comp,target_tokens
0.0003915750130545348,0.0009834707016125321,0.0040231384336948395,0.003537695622071624,0.3981562554836273,9.034528732299805, Because$ wanted$ to$ successful$ She
