target_pos,target_token,norm_suff,random_suff,norm_comp,random_comp
63, She,0.011510860174894333,0.0,0.041254445910453796,0.022177543491125107
65, hungry,0.0028332448564469814,0.015257277525961399,0.03332152217626572,0.005665206350386143
67, She,0.02793777920305729,0.005462996661663055,0.03710082918405533,0.014036671258509159
69, hungry,0.00827067531645298,0.006280907895416021,0.05922778323292732,0.012391353026032448
71, she,0.013717997819185257,0.0013928681146353483,0.009880520403385162,0.004889077972620726
