norm_suff_mean,random_suff_mean,norm_comp_mean,random_comp_mean,final suff,final comp,target_tokens
0.01285411138087511,0.005678810179233551,0.036157023161649704,0.011831970885396004,2.263521909713745,0.9204814434051514, She$ hungry$ She$ hungry$ she
