target_pos,target_token,norm_suff,random_suff,norm_comp,random_comp
51, She,0.0,0.003578407922759652,0.017981067299842834,0.006609129253774881
53, at,0.0,0.00042650479008443654,0.017095617949962616,0.007155466824769974
55, beach,0.003813526127487421,0.011947836726903915,0.012511961162090302,0.01552337221801281
57, get,0.0024357279762625694,0.0,0.00880872830748558,0.007526548113673925
59, from,0.014035080559551716,0.004980121739208698,0.009248879738152027,0.0037591825239360332
