norm_suff_mean,random_suff_mean,norm_comp_mean,random_comp_mean,final suff,final comp,target_tokens
0.004056866746395826,0.004186574369668961,0.013129251077771187,0.008114740252494812,0.9690182209014893,2.0002481937408447, She$ at$ beach$ get$ from
