{
    "$schema": "../docs/rationalization.schema.json",
    "id": 24,
    "input-text": [
        "</s>",
        "I",
        " had",
        " never",
        " been",
        " friends",
        " with",
        " any",
        " Japanese",
        " people",
        " before",
        ".",
        " (",
        "The",
        " funn",
        "iest",
        " thing",
        " happened",
        " to",
        " me",
        " the",
        " other",
        " day",
        ",",
        " but",
        " that",
        "'s",
        " a",
        " story",
        " for",
        " another",
        " time",
        ").",
        " In",
        " fact",
        ",",
        " I",
        " had",
        " never",
        " even",
        " been",
        " to"
    ],
    "input-tokens": [
        2,
        100,
        56,
        393,
        57,
        964,
        19,
        143,
        2898,
        82,
        137,
        4,
        36,
        133,
        29310,
        7098,
        631,
        1102,
        7,
        162,
        5,
        97,
        183,
        6,
        53,
        14,
        18,
        10,
        527,
        13,
        277,
        86,
        322,
        96,
        754,
        6,
        38,
        56,
        393,
        190,
        57,
        7
    ],
    "target-text": " Japan",
    "target-token": 1429,
    "rational-size": 5,
    "rational-positions": [
        9,
        41,
        39,
        35,
        40
    ],
    "rational-text": [
        " people",
        " to",
        " even",
        ",",
        " been"
    ],
    "rational-tokens": [
        82,
        7,
        190,
        6,
        57
    ],
    "importance-scores": [
        0.0,
        0.0,
        0.0175763089209795,
        0.01920406147837639,
        0.020719537511467934,
        0.020541643723845482,
        0.03762943670153618,
        0.01889454759657383,
        0.020344555377960205,
        0.1106414794921875,
        0.03438705950975418,
        0.011628849431872368,
        0.0131052415817976,
        0.010000573471188545,
        0.00565070565789938,
        0.011260053142905235,
        0.00837167352437973,
        0.006340389139950275,
        0.011540188454091549,
        0.009112621657550335,
        0.006681330502033234,
        0.011828445829451084,
        0.007399540860205889,
        0.011038503609597683,
        0.01049107126891613,
        0.00867290236055851,
        0.006719687953591347,
        0.007331023458391428,
        0.008385787717998028,
        0.013652962632477283,
        0.009399707429111004,
        0.011009571142494678,
        0.014547075144946575,
        0.022916819900274277,
        0.023148439824581146,
        0.05797760933637619,
        0.02593647874891758,
        0.0264755692332983,
        0.0411551333963871,
        0.06010002642869949,
        0.05313060060143471,
        0.07562121003866196
    ],
    "comments": {
        "created-by": "run_analogies.py",
        "args": {
            "model": "facebook/opt-350m",
            "cache_dir": "./cache/",
            "tokenizer": "facebook/opt-350m",
            "data_dir": "data/analogies/OPT350M/",
            "importance_results_dir": "rationalization_results/analogies/OPT350M_integrated_gradients",
            "device": "cuda",
            "rationalization_config": "config/eva_integrated_gradients.json",
            "input_num_ratio": 1,
            "logfolder": "logs/analogies/OPT350M_integrated_gradients",
            "loglevel": 20
        },
        "time_elapsed": 0.2259373664855957
    }
}