target_pos,target_token,norm_suff,random_suff,norm_comp,random_comp
33, ,0.005664037540555,0.0035737522412091494,0.009879948571324348,0.007083239033818245
35,see,0.08674109727144241,0.02528168074786663,0.01662074215710163,0.013147260993719101
37, below,0.060986004769802094,0.0,0.008750484324991703,0.04848654195666313
39, It,0.04846804961562157,0.0,0.02398289553821087,0.024425992742180824
41, a,0.002187162870541215,0.0,0.021577933803200722,0.060219306498765945
