target_pos,target_token,norm_suff,random_suff,norm_comp,random_comp
33, ,0.008055287413299084,0.004332259763032198,0.06139938533306122,0.009732253849506378
35,see,0.06593959778547287,0.030308108776807785,0.022994257509708405,0.023822778835892677
37, below,0.041804809123277664,0.0023512663319706917,0.062005944550037384,0.019433917477726936
39, It,0.01638692244887352,0.07336656749248505,0.022948382422327995,0.013739129528403282
41, a,0.004010178614407778,0.0,0.012570753693580627,0.01650557853281498
