target_pos,target_token,norm_suff,random_suff,norm_comp,random_comp
33, ,0.009596136398613453,0.004749797750264406,0.010243602097034454,0.013547796756029129
35,see,0.0394466295838356,0.03863289952278137,0.03811538219451904,0.0155539121478796
37, below,0.04247596859931946,0.056137192994356155,0.00865813996642828,0.03476940467953682
39, It,0.032186951488256454,0.06107911095023155,0.018031110987067223,0.026546122506260872
41, a,0.0012424386804923415,0.0,0.03545372188091278,0.037909917533397675
