norm_suff_mean,random_suff_mean,norm_comp_mean,random_comp_mean,final suff,final comp,target_tokens
0.0408092699944973,0.0057710870169103146,0.01616240106523037,0.0306724663823843,7.07133150100708,0.7516053915023804, $see$ below$ It$ a
