norm_suff_mean,random_suff_mean,norm_comp_mean,random_comp_mean,final suff,final comp,target_tokens
0.024989625439047813,0.03211979940533638,0.02210039272904396,0.02566543221473694,0.7780131101608276,1.0270434617996216, $see$ below$ It$ a
