norm_suff_mean,random_suff_mean,norm_comp_mean,random_comp_mean,final suff,final comp,target_tokens
0.02723935805261135,0.02207164280116558,0.036383744329214096,0.01664673164486885,1.2341337203979492,0.6111279129981995, $see$ below$ It$ a
