target_pos,target_token,norm_suff,random_suff,norm_comp,random_comp
17, ,0.0016396479913964868,0.0010350232478231192,0.06361324340105057,0.060754548758268356
19, 18,0.0,0.0002152907836716622,0.04185856878757477,0.025238804519176483
21,.,0.07742425799369812,0.07929602265357971,0.07016468793153763,0.02844623476266861
23, is,0.00044727770728059113,0.0,0.018865086138248444,0.08602036535739899
25, highest,0.0,0.0,0.020899154245853424,0.019223885610699654
