target_pos,target_token,norm_suff,random_suff,norm_comp,random_comp
17, ,0.0011789149139076471,0.0010908899130299687,0.03711436688899994,0.017735179513692856
19, 18,0.0,0.0,0.0485428050160408,0.05056585744023323
21,.,0.052334852516651154,0.02583285979926586,0.04566110298037529,0.07895722985267639
23, is,0.0004381270264275372,0.0010107505368068814,0.03559982031583786,0.02978109009563923
25, highest,0.0,0.0,0.024345044046640396,0.022036317735910416
