target_pos,target_token,norm_suff,random_suff,norm_comp,random_comp
17, ,0.001309250365011394,0.0005970259080640972,0.04641077294945717,0.010432473383843899
19, 18,0.0008353331359103322,0.0,0.0814131647348404,0.01890023611485958
21,.,0.024590464308857918,0.014340439811348915,0.049967698752880096,0.014793537557125092
23, is,0.0,0.00014616517000831664,0.013137182220816612,0.04781181365251541
25, highest,0.0,0.0,0.014863126911222935,0.046617910265922546
