norm_suff_mean,random_suff_mean,norm_comp_mean,random_comp_mean,final suff,final comp,target_tokens
0.010790379717946053,0.005586900282651186,0.03825262933969498,0.039815135300159454,1.9313714504241943,3.689873456954956, $ 18$.$ is$ highest
