norm_suff_mean,random_suff_mean,norm_comp_mean,random_comp_mean,final suff,final comp,target_tokens
0.005347009748220444,0.0030167263466864824,0.041158389300107956,0.02771119587123394,1.7724543809890747,5.182559490203857, $ 18$.$ is$ highest
