norm_suff_mean,random_suff_mean,norm_comp_mean,random_comp_mean,final suff,final comp,target_tokens
0.015902237966656685,0.016109267249703407,0.04308014735579491,0.04393677040934563,0.9871484637260437,2.762929916381836, $ 18$.$ is$ highest
