target_pos,target_token,norm_suff,random_suff,norm_comp,random_comp
18, ,0.0013776911655440927,0.0,0.04686718061566353,0.024034829810261726
20,including,0.0008984107407741249,0.0063366154208779335,0.055187299847602844,0.0455898642539978
22, largest,0.0,0.0014543882571160793,0.031576141715049744,0.02415945753455162
24, Titan,0.0030392706394195557,0.0009505499619990587,0.14292071759700775,0.03938448801636696
26, and,0.0,0.0,0.045042235404253006,0.05520833656191826
