target_pos,target_token,norm_suff,random_suff,norm_comp,random_comp
18, ,0.0005995625397190452,0.0007857632590457797,0.05131613835692406,0.038556843996047974
20,including,0.015361244790256023,0.0,0.0823894664645195,0.03711387887597084
22, largest,0.0017878067446872592,0.0018892685184255242,0.046295154839754105,0.03224799036979675
24, Titan,0.0,0.0,0.06732379645109177,0.041957709938287735
26, and,0.0,0.0,0.08291678875684738,0.016666097566485405
