target_pos,target_token,norm_suff,random_suff,norm_comp,random_comp
18, ,0.0009637233451940119,9.361537377117202e-05,0.06058220937848091,0.019856082275509834
20,including,0.0,0.0,0.19204840064048767,0.023270994424819946
22, largest,0.0,0.002536110347136855,0.0681246817111969,0.02658061683177948
24, Titan,0.0,0.0026667180936783552,0.03889649361371994,0.049121975898742676
26, and,0.0,0.0,0.29649263620376587,0.024742724373936653
