norm_suff_mean,random_suff_mean,norm_comp_mean,random_comp_mean,final suff,final comp,target_tokens
0.0010630745673552155,0.0017483107512816787,0.0643187165260315,0.0376753956079483,0.6080581545829773,35.44002914428711, $including$ largest$ Titan$ and
