norm_suff_mean,random_suff_mean,norm_comp_mean,random_comp_mean,final suff,final comp,target_tokens
0.003549722721800208,0.0005350063438527286,0.066048264503479,0.03330850228667259,6.634917259216309,9.38340950012207, $including$ largest$ Titan$ and
