norm_suff_mean,random_suff_mean,norm_comp_mean,random_comp_mean,final suff,final comp,target_tokens
0.00019274467194918543,0.0010592887410894036,0.13122889399528503,0.028714478015899658,0.1819566935300827,148.9767608642578, $including$ largest$ Titan$ and
