target_pos,target_token,norm_suff,random_suff,norm_comp,random_comp
15, ,0.0,0.0007043927907943726,0.0736788883805275,0.04074038937687874
17,also,0.007050785236060619,0.0,0.08661888539791107,0.04489339143037796
19, as,0.010057994164526463,0.006661136168986559,0.03516944870352745,0.019141757860779762
21,h,0.0,0.0,0.04430367052555084,0.100331149995327
23, bees,0.0,0.004264180548489094,0.13632987439632416,0.17985166609287262
