target_pos,target_token,norm_suff,random_suff,norm_comp,random_comp
15, ,0.0077524795196950436,0.00012758212687913328,0.10009942948818207,0.040082044899463654
17,also,0.0,0.0,0.07427043467760086,0.06430885940790176
19, as,0.003682162845507264,0.002222738927230239,0.0065130796283483505,0.02509583905339241
21,h,0.0,0.0,0.08805271238088608,0.10662895441055298
23, bees,0.0016527555417269468,0.0071929581463336945,0.1352967768907547,0.08032836019992828
