target_pos,target_token,norm_suff,random_suff,norm_comp,random_comp
15, ,0.0018002779688686132,0.0012835887027904391,0.07185450196266174,0.08368318527936935
17,also,0.0,0.0,0.03282192721962929,0.04788992553949356
19, as,0.00204144767485559,0.002769969403743744,0.02593390643596649,0.010227766819298267
21,h,0.0,0.0,0.08247920870780945,0.03432666137814522
23, bees,0.00032929598819464445,0.0028798554558306932,0.16433587670326233,0.07439660280942917
