norm_suff_mean,random_suff_mean,norm_comp_mean,random_comp_mean,final suff,final comp,target_tokens
0.002617479534819722,0.0019086558604612947,0.08084648847579956,0.06328880786895752,1.371373176574707,24.17929458618164, $also$ as$h$ bees
