norm_suff_mean,random_suff_mean,norm_comp_mean,random_comp_mean,final suff,final comp,target_tokens
0.003421755973249674,0.0023259420413523912,0.07522016018629074,0.07699166983366013,1.471126914024353,22.50063133239746, $also$ as$h$ bees
