norm_suff_mean,random_suff_mean,norm_comp_mean,random_comp_mean,final suff,final comp,target_tokens
0.0008342042565345764,0.0013866827357560396,0.07548508793115616,0.050104834139347076,0.6015826463699341,60.06303024291992, $also$ as$h$ bees
