target_pos,target_token,norm_suff,random_suff,norm_comp,random_comp
24, ,0.0,0.0,0.02833719179034233,0.023855851963162422
26, benign,0.0,0.0,0.019982600584626198,0.014051653444766998
28, It,0.0010875394800677896,0.0014667613431811333,0.04125102981925011,0.02372891642153263
30, usually,0.0,0.0,0.019411155954003334,0.02388148568570614
32, by,0.0071611120365560055,0.006121864076703787,0.008401251398026943,0.005422843620181084
