target_pos,target_token,norm_suff,random_suff,norm_comp,random_comp
24, ,0.0,0.0,0.09007652848958969,0.057459596544504166
26, benign,0.0,0.0,0.05229490250349045,0.032478008419275284
28, It,0.0010617835214361548,0.0009192132856696844,0.013425194658339024,0.018718821927905083
30, usually,0.0,0.0,0.01958639733493328,0.014046654105186462
32, by,0.0,0.004344130866229534,0.004704529419541359,0.005640856456011534
