target_pos,target_token,norm_suff,random_suff,norm_comp,random_comp
24, ,0.0,3.338799797347747e-05,0.1752990037202835,0.022883765399456024
26, benign,0.0,0.0,0.018809720873832703,0.008697902783751488
28, It,0.002981507917866111,0.0012977424776181579,0.0199043620377779,0.03945810720324516
30, usually,0.0,0.0,0.030253564938902855,0.018401455134153366
32, by,0.0,0.0,0.00328007061034441,0.006680936086922884
