norm_suff_mean,random_suff_mean,norm_comp_mean,random_comp_mean,final suff,final comp,target_tokens
0.0016497302567586303,0.0015177250606939197,0.023476647213101387,0.018188150599598885,1.0869756937026978,11.024924278259277, $ benign$ It$ usually$ by
