norm_suff_mean,random_suff_mean,norm_comp_mean,random_comp_mean,final suff,final comp,target_tokens
0.00021235671010799706,0.0010526689002290368,0.03601750731468201,0.025668788701295853,0.20173172652721405,120.87580871582031, $ benign$ It$ usually$ by
