norm_suff_mean,random_suff_mean,norm_comp_mean,random_comp_mean,final suff,final comp,target_tokens
0.00059630157193169,0.00026622609584592283,0.04950934648513794,0.019224433228373528,2.2398314476013184,32.23944854736328, $ benign$ It$ usually$ by
