target_pos,target_token,norm_suff,random_suff,norm_comp,random_comp
20, ,0.0006188766565173864,0.0005125557072460651,0.05376400798559189,0.04116394743323326
22, is,0.004538803827017546,0.0050402069464325905,0.04117864370346069,0.015637151896953583
24, head,8.559156412957236e-05,0.0,0.0255971010774374,0.020244142040610313
26, the,0.0,0.0,0.0211025420576334,0.017483847215771675
28,di,0.0017228524666279554,0.0014407901326194406,0.004473451990634203,0.00601921183988452
