target_pos,target_token,norm_suff,random_suff,norm_comp,random_comp
20, ,0.001867706305347383,0.0008271366823464632,0.02961784414947033,0.030185865238308907
22, is,0.00251383357681334,0.0035614625085145235,0.07001326233148575,0.014988920651376247
24, head,0.0005666307988576591,0.0013613221235573292,0.02919388748705387,0.014835872687399387
26, the,0.0,0.0,0.03237020969390869,0.010964355431497097
28,di,0.001602801727131009,0.0019206928554922342,0.0033450666815042496,0.004276087041944265
