target_pos,target_token,norm_suff,random_suff,norm_comp,random_comp
20, ,0.001015130546875298,0.0009200685890391469,0.03867343068122864,0.025000769644975662
22, is,0.0,0.007988307625055313,0.015595893375575542,0.03667832165956497
24, head,0.0007925484678708017,0.0007882627542130649,0.017353367060422897,0.028427112847566605
26, the,0.0,0.0,0.009174409322440624,0.14788684248924255
28,di,0.001447703456506133,0.0019319345010444522,0.002741732867434621,0.004381740000098944
