norm_suff_mean,random_suff_mean,norm_comp_mean,random_comp_mean,final suff,final comp,target_tokens
0.0006510765524581075,0.002325714798644185,0.01670776680111885,0.048474956303834915,0.27994686365127563,74.45354461669922, $ is$ head$ the$di
