norm_suff_mean,random_suff_mean,norm_comp_mean,random_comp_mean,final suff,final comp,target_tokens
0.0013932249275967479,0.0013987105339765549,0.02922314964234829,0.020109660923480988,0.9960780739784241,14.433894157409668, $ is$ head$ the$di
