norm_suff_mean,random_suff_mean,norm_comp_mean,random_comp_mean,final suff,final comp,target_tokens
0.0013101944932714105,0.0015341228572651744,0.03290805220603943,0.015050220303237438,0.8540349006652832,11.487011909484863, $ is$ head$ the$di
