target_pos,target_token,norm_suff,random_suff,norm_comp,random_comp
21, north,0.013320405036211014,0.012917343527078629,0.08873005211353302,0.04051811620593071
23, Hawaii,0.000402645644498989,0.0,0.01562771014869213,0.056563910096883774
25, It,0.0017348005203530192,0.0,0.046043816953897476,0.026897763833403587
27, the,0.0,0.0,0.09966295957565308,0.018668312579393387
29, largest,0.01969567872583866,0.02562726102769375,0.021722592413425446,0.019831715151667595
