target_pos,target_token,norm_suff,random_suff,norm_comp,random_comp
21, north,0.008021495305001736,0.001119161956012249,0.0713590532541275,0.08300569653511047
23, Hawaii,0.0,0.0,0.03464629873633385,0.05522337183356285
25, It,6.277177453739569e-05,0.0014239870943129063,0.16639138758182526,0.021246066316962242
27, the,0.0,0.0,0.018455643206834793,0.01492094062268734
29, largest,0.022235102951526642,0.024457279592752457,0.023681584745645523,0.07980791479349136
