target_pos,target_token,norm_suff,random_suff,norm_comp,random_comp
21, north,0.011603251099586487,0.005824772175401449,0.02843267098069191,0.16208374500274658
23, Hawaii,0.0,0.0,0.03583495691418648,0.021554522216320038
25, It,0.0,0.0011279652826488018,0.08673972636461258,0.06157156452536583
27, the,0.0,0.0,0.22438944876194,0.019076032564044
29, largest,0.02376706898212433,0.02308422140777111,0.012445937842130661,0.06664197891950607
