norm_suff_mean,random_suff_mean,norm_comp_mean,random_comp_mean,final suff,final comp,target_tokens
0.007030706387013197,0.007708920631557703,0.05435742065310478,0.03249596431851387,0.9120221734046936,4.622005462646484, north$ Hawaii$ It$ the$ largest
