norm_suff_mean,random_suff_mean,norm_comp_mean,random_comp_mean,final suff,final comp,target_tokens
0.0070740641094744205,0.006007391959428787,0.07756855338811874,0.06618557125329971,1.1775599718093872,9.356088638305664, north$ Hawaii$ It$ the$ largest
