norm_suff_mean,random_suff_mean,norm_comp_mean,random_comp_mean,final suff,final comp,target_tokens
0.0060638743452727795,0.00540008582174778,0.06290679425001144,0.050840795040130615,1.1229218244552612,8.384209632873535, north$ Hawaii$ It$ the$ largest
