target_pos,target_token,norm_suff,random_suff,norm_comp,random_comp
25, ,0.0,0.0,0.05603187531232834,0.017040392383933067
27, David,0.0,0.0,0.07718682289123535,0.033045344054698944
29,inc,0.0,0.0,0.015305607579648495,0.009775923565030098
31, and,0.0,0.0,0.04106777161359787,0.031007252633571625
33, Matthew,0.0,0.0,0.03160124644637108,0.034305982291698456
