target_pos,target_token,norm_suff,random_suff,norm_comp,random_comp
25, ,0.0,0.001034377608448267,0.0320209376513958,0.03444511070847511
27, David,0.0,0.00010590694000711665,0.04696544632315636,0.07914333790540695
29,inc,0.0,0.0,0.007334697060286999,0.01910896971821785
31, and,0.0,0.0,0.037288960069417953,0.02550799399614334
33, Matthew,0.0,0.0,0.032952163368463516,0.03820270299911499
