target_pos,target_token,norm_suff,random_suff,norm_comp,random_comp
25, ,0.0,0.0,0.0286665391176939,0.011880516074597836
27, David,0.0,0.0,0.04289127141237259,0.038476862013339996
29,inc,0.0,0.0,0.01848435215651989,0.015414701774716377
31, and,0.0,0.0,0.025942493230104446,0.05361831188201904
33, Matthew,0.010605141520500183,0.0,0.02017531543970108,0.022196540609002113
