target_pos,target_token,norm_suff,random_suff,norm_comp,random_comp
21, ,0.0,0.0,0.04953248053789139,0.014455832540988922
23, the,0.0,0.00034786632750183344,0.022844187915325165,0.017213959246873856
25, who,0.0,0.0,0.01561721134930849,0.05726398527622223
27, exempl,0.0,0.0,0.018532942980527878,0.010807189159095287
29, the,0.0,0.0,0.03620387986302376,0.02458897978067398
