target_pos,target_token,norm_suff,random_suff,norm_comp,random_comp
21, ,0.0,0.0,0.05220768600702286,0.030749298632144928
23, the,0.000696543836966157,0.0,0.02541400119662285,0.02984965778887272
25, who,0.0,0.0,0.05403709411621094,0.017513319849967957
27, exempl,0.0,0.0,0.011121860705316067,0.01090445090085268
29, the,0.0,0.0,0.036963969469070435,0.01225993875414133
