target_pos,target_token,norm_suff,random_suff,norm_comp,random_comp
21, ,0.0003476717392913997,0.0,0.017134442925453186,0.020657064393162727
23, the,0.0,0.0008807413978502154,0.015041382052004337,0.014258436858654022
25, who,0.0,0.0,0.02003241330385208,0.01654968410730362
27, exempl,0.0,0.0,0.02646036446094513,0.014579159207642078
29, the,0.0,0.0,0.03707089275121689,0.016440480947494507
