norm_suff_mean,random_suff_mean,norm_comp_mean,random_comp_mean,final suff,final comp,target_tokens
6.953434785827994e-05,0.00017614828539080918,0.02314789965748787,0.016496965661644936,0.3947489261627197,237.24916076660156, $ the$ who$ exempl$ the
