target_pos,target_token,norm_suff,random_suff,norm_comp,random_comp
27, The,0.0014529406325891614,0.0002644464548211545,0.10220073163509369,0.011057822033762932
29, were,0.0,0.0,0.02651120349764824,0.04471394419670105
31, first,0.0,0.0,0.03354957699775696,0.012164817191660404
33, use,0.007563158869743347,0.009965827688574791,0.06748998910188675,0.012046105228364468
35, sword,0.06257859617471695,0.0,0.0694134384393692,0.04008122533559799
