target_pos,target_token,norm_suff,random_suff,norm_comp,random_comp
27, The,0.0015676351031288505,0.00026741428882814944,0.07563021779060364,0.06924634426832199
29, were,0.0,0.0,0.030135344713926315,0.04226985573768616
31, first,0.0,0.0,0.033010464161634445,0.0129177151247859
33, use,0.007370923180133104,0.006121059879660606,0.01578938402235508,0.011015331372618675
35, sword,0.02148444578051567,0.011753625236451626,0.03889370709657669,0.05420544743537903
