target_pos,target_token,norm_suff,random_suff,norm_comp,random_comp
27, The,0.0,0.0008946785237640142,0.06006046012043953,0.01971038430929184
29, were,0.0,0.0,0.018237922340631485,0.01701931655406952
31, first,0.0,0.0,0.036911576986312866,0.013838695362210274
33, use,0.008283176459372044,0.003966348711401224,0.021434903144836426,0.021314796060323715
35, sword,0.01942010223865509,0.026978155598044395,0.0521777905523777,0.020194999873638153
