norm_suff_mean,random_suff_mean,norm_comp_mean,random_comp_mean,final suff,final comp,target_tokens
0.014318938367068768,0.0020460549276322126,0.059832990169525146,0.02401278354227543,6.998315811157227,1.6769946813583374, The$ were$ first$ use$ sword
