norm_suff_mean,random_suff_mean,norm_comp_mean,random_comp_mean,final suff,final comp,target_tokens
0.005540655460208654,0.006367837078869343,0.0377645306289196,0.01841563917696476,0.8701000809669495,3.3237292766571045, The$ were$ first$ use$ sword
