norm_suff_mean,random_suff_mean,norm_comp_mean,random_comp_mean,final suff,final comp,target_tokens
0.006084600929170847,0.003628420177847147,0.03869182616472244,0.037930943071842194,1.6769284009933472,6.233924388885498, The$ were$ first$ use$ sword
