target_pos,target_token,norm_suff,random_suff,norm_comp,random_comp
17, in,0.06366018205881119,0.049411483108997345,0.052368346601724625,0.04413061589002609
19, middle,0.00040809542406350374,0.0012110961833968759,0.028950698673725128,0.04367333650588989
21, the,0.003349479753524065,0.001104450668208301,0.03544696047902107,0.04883003607392311
23,.,0.0,0.06650017201900482,0.017913514748215675,0.07607395946979523
25, was,0.0,0.0,0.02181074768304825,0.051664113998413086
