target_pos,target_token,norm_suff,random_suff,norm_comp,random_comp
17, in,0.05516469478607178,0.008931507356464863,0.06479078531265259,0.07924055308103561
19, middle,0.0007658844697289169,0.0,0.028254002332687378,0.03482908383011818
21, the,0.0008478812524117529,0.007345584221184254,0.1410903036594391,0.15457500517368317
23,.,0.13096296787261963,0.11630365252494812,0.01702219620347023,0.0677458792924881
25, was,0.0,0.0,0.019487757235765457,0.02439841628074646
