target_pos,target_token,norm_suff,random_suff,norm_comp,random_comp
17, in,0.04160180687904358,0.005607981700450182,0.0920894667506218,0.051105234771966934
19, middle,0.0,0.0,0.053525157272815704,0.04238220304250717
21, the,0.0040565249510109425,0.0005788540001958609,0.028957901522517204,0.17976003885269165
23,.,0.04554158076643944,0.12313731014728546,0.06266919523477554,0.028157444670796394
25, was,0.0,0.0,0.028139028698205948,0.0695757195353508
