norm_suff_mean,random_suff_mean,norm_comp_mean,random_comp_mean,final suff,final comp,target_tokens
0.037548284977674484,0.026516148820519447,0.05412900447845459,0.07215779274702072,1.4160535335540771,1.9217333793640137, in$ middle$ the$.$ was
