norm_suff_mean,random_suff_mean,norm_comp_mean,random_comp_mean,final suff,final comp,target_tokens
0.013483553193509579,0.023645440116524696,0.03129805251955986,0.05287441238760948,0.5702390670776367,3.921400547027588, in$ middle$ the$.$ was
