norm_suff_mean,random_suff_mean,norm_comp_mean,random_comp_mean,final suff,final comp,target_tokens
0.018239982426166534,0.025864828377962112,0.05307614803314209,0.07419613003730774,0.7052040696144104,4.067774295806885, in$ middle$ the$.$ was
