target_pos,target_token,norm_suff,random_suff,norm_comp,random_comp
16, ,0.0,5.153091115062125e-05,0.5839719176292419,0.08119846880435944
18, ,0.0,0.0,0.053857602179050446,0.052379049360752106
20,L,0.0,0.0,0.0608414001762867,0.04703454673290253
22,ster,0.0002857009822037071,0.0,0.04795007035136223,0.025292007252573967
24, ,0.00016446973313577473,0.00024900800781324506,0.007823118008673191,0.004582686815410852
