target_pos,target_token,norm_suff,random_suff,norm_comp,random_comp
16, ,0.0,0.0,0.4080405533313751,0.08284908533096313
18, ,0.0,0.0,0.1771979182958603,0.0464635044336319
20,L,0.0,0.0,0.05676610767841339,0.08060010522603989
22,ster,0.0,0.0,0.05804890766739845,0.08320982754230499
24, ,6.150414264993742e-05,0.0002348883863305673,0.004303624853491783,0.002601425163447857
