target_pos,target_token,norm_suff,random_suff,norm_comp,random_comp
16, ,0.0,0.0009736434440128505,0.5771672129631042,0.2504465579986572
18, ,0.0,0.0,0.053495779633522034,0.04319584369659424
20,L,0.0,0.0,0.07905835658311844,0.09606943279504776
22,ster,0.0,0.0,0.024743344634771347,0.060367245227098465
24, ,2.0102521375520155e-05,8.31622164696455e-05,0.0016754005337134004,0.004288365598767996
