norm_suff_mean,random_suff_mean,norm_comp_mean,random_comp_mean,final suff,final comp,target_tokens
1.2300828529987484e-05,4.697767872130498e-05,0.14087142050266266,0.05914479121565819,0.26184409856796265,4808.19580078125, $ $L$ster$ 
