norm_suff_mean,random_suff_mean,norm_comp_mean,random_comp_mean,final suff,final comp,target_tokens
4.0205045479524415e-06,0.00021136114082764834,0.14722803235054016,0.09087349474430084,0.01902196742594242,22602.509765625, $ $L$ster$ 
