norm_suff_mean,random_suff_mean,norm_comp_mean,random_comp_mean,final suff,final comp,target_tokens
9.003414743347093e-05,6.010778815834783e-05,0.1508888304233551,0.04209735244512558,1.4978781938552856,467.5709533691406, $ $L$ster$ 
