target_pos,target_token,norm_suff,random_suff,norm_comp,random_comp
12, They,0.0,0.004097423050552607,0.16631196439266205,0.08137494325637817
14, used,0.0,0.0,0.06063519045710564,0.035253945738077164
16, cooking,0.0,0.0,0.03971146419644356,0.031131183728575706
18, baking,0.0,0.008396950550377369,0.1344321072101593,0.03303592652082443
20, and,0.004797919653356075,0.0033407718874514103,0.22585652768611908,0.13550308346748352
