target_pos,target_token,norm_suff,random_suff,norm_comp,random_comp
12, They,0.0,0.0,0.06648743152618408,0.05325688421726227
14, used,0.0,0.0,0.18497519195079803,0.07629486173391342
16, cooking,0.0,0.0,0.10078968107700348,0.06817757338285446
18, baking,0.0,0.0031652983743697405,0.0922025591135025,0.17626969516277313
20, and,0.0039392923936247826,0.006178865674883127,0.12314292043447495,0.04442319646477699
