target_pos,target_token,norm_suff,random_suff,norm_comp,random_comp
12, They,0.0,0.0012633195146918297,0.05434457212686539,0.03912312164902687
14, used,0.0,0.0023282552137970924,0.049183472990989685,0.10048816353082657
16, cooking,0.0,0.0,0.10562092065811157,0.11802267283201218
18, baking,0.0,0.0012426625471562147,0.0864114761352539,0.11147966235876083
20, and,0.0,0.0016883044736459851,0.057305581867694855,0.09818249940872192
