norm_suff_mean,random_suff_mean,norm_comp_mean,random_comp_mean,final suff,final comp,target_tokens
0.0009595839655958116,0.0031670292373746634,0.1253894418478012,0.06325981765985489,0.3029918372631073,65.92420959472656, They$ used$ cooking$ baking$ and
