norm_suff_mean,random_suff_mean,norm_comp_mean,random_comp_mean,final suff,final comp,target_tokens
0.0007878585020080209,0.0018688328564167023,0.11351954936981201,0.08368443697690964,0.4215778410434723,106.21759796142578, They$ used$ cooking$ baking$ and
