target_pos,target_token,norm_suff,random_suff,norm_comp,random_comp
20,.,0.0,0.0,0.11463896185159683,0.0452202633023262
22, French,0.0007226212183013558,0.0,0.026246406137943268,0.030375966802239418
24, was,0.009852303192019463,0.009336111135780811,0.0750141590833664,0.018334131687879562
26, by,0.0,0.0,0.04008683189749718,0.046618424355983734
28, XIV,0.008297525346279144,0.0,0.2808082699775696,0.039641160517930984
