target_pos,target_token,norm_suff,random_suff,norm_comp,random_comp
20,.,0.12862278521060944,0.032946228981018066,0.14200757443904877,0.10452855378389359
22, French,0.0,0.0,0.021634772419929504,0.05009681358933449
24, was,0.006520397961139679,0.007679312955588102,0.08852095156908035,0.029730144888162613
26, by,0.0,0.0,0.047839704900979996,0.037436798214912415
28, XIV,0.0,0.0,0.37996986508369446,0.07112934440374374
