target_pos,target_token,norm_suff,random_suff,norm_comp,random_comp
20,.,0.04546844959259033,0.0,0.06530958414077759,0.1310325413942337
22, French,0.00027201889315620065,0.0008983192383311689,0.0672459527850151,0.026904640719294548
24, was,0.0006140281911939383,0.0024156018625944853,0.07301618903875351,0.040635447949171066
26, by,0.0,0.0,0.021091174334287643,0.014746958389878273
28, XIV,0.009971626102924347,0.0,0.23384250700473785,0.027112701907753944
