norm_suff_mean,random_suff_mean,norm_comp_mean,random_comp_mean,final suff,final comp,target_tokens
0.027028638869524002,0.008125108666718006,0.1359945684671402,0.05858433246612549,3.326557159423828,2.1674909591674805,.$ French$ was$ by$ XIV
