norm_suff_mean,random_suff_mean,norm_comp_mean,random_comp_mean,final suff,final comp,target_tokens
0.011265224777162075,0.0006627842667512596,0.0921010822057724,0.048086460679769516,16.9968204498291,4.268575191497803,.$ French$ was$ by$ XIV
