norm_suff_mean,random_suff_mean,norm_comp_mean,random_comp_mean,final suff,final comp,target_tokens
0.0037744902074337006,0.0018672222504392266,0.10735892504453659,0.03603798896074295,2.021446704864502,9.547776222229004,.$ French$ was$ by$ XIV
