target_pos,target_token,norm_suff,random_suff,norm_comp,random_comp
15, ,0.002956228330731392,0.0009043622412718832,0.016144104301929474,0.011577803641557693
17, has,0.0,0.00027782184770330787,0.022646551951766014,0.021369153633713722
19, in,0.00849989615380764,0.0029783230274915695,0.008719188161194324,0.014345566742122173
21, such,0.0005068159662187099,0.004620454739779234,0.0374092273414135,0.023100530728697777
23, The,0.0031336562242358923,0.0009461490553803742,0.0109719168394804,0.04431335628032684
