target_pos,target_token,norm_suff,random_suff,norm_comp,random_comp
15, ,2.3996648451429792e-05,0.0001499637874076143,0.021497322246432304,0.014915375038981438
17, has,0.0033341743983328342,0.0,0.05866185948252678,0.026056412607431412
19, in,0.013280516490340233,0.00020487916481215507,0.017650561407208443,0.044785887002944946
21, such,0.006627324502915144,0.0050508081912994385,0.04492247849702835,0.018540676683187485
23, The,0.0076729911379516125,0.0062375799752771854,0.014568162150681019,0.018529746681451797
