target_pos,target_token,norm_suff,random_suff,norm_comp,random_comp
15, ,0.0008576512336730957,0.0,0.035422183573246,0.012621918693184853
17, has,0.0010221994016319513,0.0,0.06403976678848267,0.015491679310798645
19, in,0.0019319370621815324,0.003648575162515044,0.02483728528022766,0.02892562374472618
21, such,0.00010948209092020988,0.0025985001120716333,0.0229010209441185,0.01292448677122593
23, The,0.006596152205020189,0.008452375419437885,0.07565387338399887,0.017503516748547554
