norm_suff_mean,random_suff_mean,norm_comp_mean,random_comp_mean,final suff,final comp,target_tokens
0.006187800783663988,0.0023286461364477873,0.031460076570510864,0.024565620347857475,2.657252550125122,3.970008373260498, $ has$ in$ such$ The
