norm_suff_mean,random_suff_mean,norm_comp_mean,random_comp_mean,final suff,final comp,target_tokens
0.002103484468534589,0.0029398901388049126,0.04457082971930504,0.017493445426225662,0.7154976725578308,8.316412925720215, $ has$ in$ such$ The
