norm_suff_mean,random_suff_mean,norm_comp_mean,random_comp_mean,final suff,final comp,target_tokens
0.0030193196143954992,0.001945422263815999,0.019178196787834167,0.022941282019019127,1.5520124435424805,7.598162651062012, $ has$ in$ such$ The
