target_pos,target_token,norm_suff,random_suff,norm_comp,random_comp
15, ,0.0,0.0005572025547735393,0.03834494948387146,0.07224397361278534
17, by,0.0042675575241446495,0.0,0.008391985669732094,0.05908557027578354
19, and,0.1602732241153717,0.0,0.038479775190353394,0.027491169050335884
21, by,0.0012024549068883061,0.0006871083751320839,0.0038222000002861023,0.007989662699401379
23,.,0.13548648357391357,0.022287825122475624,0.07938138395547867,0.04097070172429085
