target_pos,target_token,norm_suff,random_suff,norm_comp,random_comp
15, ,0.0,0.0,0.043650344014167786,0.12423495203256607
17, by,0.008604363538324833,0.007418660447001457,0.013306028209626675,0.012434663251042366
19, and,0.1280854493379593,0.04084938392043114,0.025346282869577408,0.09310715645551682
21, by,0.0,0.0010689100017771125,0.018869217485189438,0.003752639051526785
23,.,0.15811322629451752,0.04129263013601303,0.04102111607789993,0.03351953253149986
