target_pos,target_token,norm_suff,random_suff,norm_comp,random_comp
15, ,0.0,0.0,0.06096232309937477,0.025979897007346153
17, by,0.01276788953691721,0.02894585393369198,0.014655079692602158,0.017614910379052162
19, and,0.19725123047828674,0.040944237262010574,0.02322208508849144,0.04128734767436981
21, by,0.0010118598584085703,0.0,0.008081392385065556,0.0035670839715749025
23,.,0.17883668839931488,0.056970447301864624,0.038025084882974625,0.02680651843547821
