norm_suff_mean,random_suff_mean,norm_comp_mean,random_comp_mean,final suff,final comp,target_tokens
0.058960605412721634,0.01812591776251793,0.028438597917556763,0.053409792482852936,3.2528343200683594,0.9058555364608765, $ by$ and$ by$.
