norm_suff_mean,random_suff_mean,norm_comp_mean,random_comp_mean,final suff,final comp,target_tokens
0.06024594232439995,0.004706427454948425,0.033684056252241135,0.041556216776371,12.800780296325684,0.6897761821746826, $ by$ and$ by$.
