norm_suff_mean,random_suff_mean,norm_comp_mean,random_comp_mean,final suff,final comp,target_tokens
0.07797353714704514,0.025372108444571495,0.028989193961024284,0.023051152005791664,3.0731990337371826,0.2956278920173645, $ by$ and$ by$.
