target_pos,target_token,norm_suff,random_suff,norm_comp,random_comp
24,ern,0.0,0.0017386287217959762,0.25874748826026917,0.06994976103305817
26, in,0.0,0.0,0.03026912361383438,0.03552165627479553
28,48,0.024992430582642555,0.037526387721300125,0.02877391315996647,0.02316305786371231
30, It,0.0,0.0,0.013402984477579594,0.048955388367176056
32, the,0.0,0.0,0.015325970016419888,0.013279104605317116
