target_pos,target_token,norm_suff,random_suff,norm_comp,random_comp
24,ern,0.0,0.0,0.2660043239593506,0.06860233843326569
26, in,0.0,0.0,0.03564506024122238,0.03187733143568039
28,48,0.02495626173913479,0.028583982959389687,0.03230414539575577,0.018927525728940964
30, It,0.0,0.0,0.008092881180346012,0.04811512306332588
32, the,0.0,0.0,0.04498511552810669,0.061483342200517654
