target_pos,target_token,norm_suff,random_suff,norm_comp,random_comp
24,ern,0.0,0.000914206204470247,0.1333780139684677,0.04637899249792099
26, in,0.0,0.0,0.08500181138515472,0.09959187358617783
28,48,0.03390100598335266,0.027770448476076126,0.015607388690114021,0.012343048118054867
30, It,0.0,0.0,0.028077417984604836,0.015466473065316677
32, the,0.0,0.0,0.013108322396874428,0.021484250202775
