norm_suff_mean,random_suff_mean,norm_comp_mean,random_comp_mean,final suff,final comp,target_tokens
0.004998486023396254,0.007853004150092602,0.06930389255285263,0.038173794746398926,0.636506199836731,7.63707160949707,ern$ in$48$ It$ the
