norm_suff_mean,random_suff_mean,norm_comp_mean,random_comp_mean,final suff,final comp,target_tokens
0.006780201103538275,0.005736931227147579,0.055034589022397995,0.03905292600393295,1.1818515062332153,5.759847640991211,ern$ in$48$ It$ the
