norm_suff_mean,random_suff_mean,norm_comp_mean,random_comp_mean,final suff,final comp,target_tokens
0.004991252440959215,0.00571679649874568,0.07740630954504013,0.045801132917404175,0.8730855584144592,9.176280975341797,ern$ in$48$ It$ the
