target_pos,target_token,norm_suff,random_suff,norm_comp,random_comp
11, ,0.0005261095939204097,0.00023485736164730042,0.016448678448796272,0.020048076286911964
13, was,0.0,0.0,0.024892274290323257,0.06807564944028854
15, first,0.000974413298536092,0.002281301422044635,0.06671823561191559,0.05083589255809784
17, radio,0.0,0.0023808451369404793,0.21361027657985687,0.06141125038266182
19, to,0.08546454459428787,0.045397818088531494,0.1566535234451294,0.038499120622873306
