target_pos,target_token,norm_suff,random_suff,norm_comp,random_comp
11, ,0.00011946010636165738,5.7365105021744967e-05,0.06489836424589157,0.05017352104187012
13, was,0.0,0.0,0.03715961426496506,0.16857260465621948
15, first,0.0004395758151076734,0.0,0.020604223012924194,0.0705021470785141
17, radio,0.008090303279459476,0.0018079361179843545,0.15149860084056854,0.05798584222793579
19, to,0.06489679217338562,0.028732936829328537,0.04503219574689865,0.020742593333125114
