target_pos,target_token,norm_suff,random_suff,norm_comp,random_comp
11, ,0.0,0.0004068313864991069,0.012334099970757961,0.02481803484261036
13, was,0.0,0.0,0.0576968640089035,0.12955287098884583
15, first,0.00012416194658726454,0.0013978389324620366,0.04484900087118149,0.02502434141933918
17, radio,0.0,0.0007826730725355446,0.19712570309638977,0.08924096822738647
19, to,0.07558871060609818,0.040483422577381134,0.023554936051368713,0.023848092183470726
