norm_suff_mean,random_suff_mean,norm_comp_mean,random_comp_mean,final suff,final comp,target_tokens
0.017393013462424278,0.010058964602649212,0.0956645980477333,0.047773998230695724,1.7291057109832764,2.746734857559204, $ was$ first$ radio$ to
