norm_suff_mean,random_suff_mean,norm_comp_mean,random_comp_mean,final suff,final comp,target_tokens
0.015142574906349182,0.00861415360122919,0.06711212545633316,0.058496858924627304,1.7578715085983276,3.863072156906128, $ was$ first$ radio$ to
