norm_suff_mean,random_suff_mean,norm_comp_mean,random_comp_mean,final suff,final comp,target_tokens
0.014709226787090302,0.006119647528976202,0.06383860111236572,0.07359534502029419,2.40360689163208,5.003345489501953, $ was$ first$ radio$ to
