target_pos,target_token,norm_suff,random_suff,norm_comp,random_comp
20, ,0.0,0.001168081071227789,0.032682888209819794,0.02513897977769375
22, can,0.0,0.0,0.039163585752248764,0.02632186934351921
24, a,0.0045720539055764675,0.001385459559969604,0.2693291902542114,0.048349879682064056
26, hit,0.0,0.0,0.021653741598129272,0.022803399711847305
28, a,0.0,0.0,0.016714945435523987,0.019503308460116386
