target_pos,target_token,norm_suff,random_suff,norm_comp,random_comp
20, ,0.0007072531152516603,0.0,0.02898276224732399,0.02966643124818802
22, can,0.007968674413859844,0.011043260805308819,0.029771097004413605,0.02644702047109604
24, a,0.006557140499353409,0.0004683940205723047,0.031816840171813965,0.1508495807647705
26, hit,0.0,0.0,0.03883356600999832,0.01857672445476055
28, a,0.0,0.0,0.020026417449116707,0.01719532534480095
