target_pos,target_token,norm_suff,random_suff,norm_comp,random_comp
20, ,0.0,0.0009940436575561762,0.029329875484108925,0.033752404153347015
22, can,0.005349499173462391,0.007350411266088486,0.04383811727166176,0.02407270111143589
24, a,0.003073330968618393,4.9588030378799886e-05,0.11311206966638565,0.12912027537822723
26, hit,0.0,0.0,0.012653786689043045,0.021835312247276306
28, a,0.0,0.0,0.017788227647542953,0.039426855742931366
