norm_suff_mean,random_suff_mean,norm_comp_mean,random_comp_mean,final suff,final comp,target_tokens
0.0016845660284161568,0.0016788085922598839,0.043344419449567795,0.04964150860905647,1.0034295320510864,29.468425750732422, $ can$ a$ hit$ a
