norm_suff_mean,random_suff_mean,norm_comp_mean,random_comp_mean,final suff,final comp,target_tokens
0.0030466136522591114,0.002302330918610096,0.029886139556765556,0.04854701831936836,1.3232735395431519,15.934746742248535, $ can$ a$ hit$ a
