norm_suff_mean,random_suff_mean,norm_comp_mean,random_comp_mean,final suff,final comp,target_tokens
0.0009144108043983579,0.0005107081378810108,0.07590886950492859,0.0284234881401062,1.7904763221740723,31.08393669128418, $ can$ a$ hit$ a
