target_pos,target_token,norm_suff,random_suff,norm_comp,random_comp
22, ,0.0041231014765799046,0.006310862023383379,0.02452556975185871,0.03736716881394386
24,18,0.025891130790114403,0.0,0.09163518249988556,0.06335533410310745
26,-,0.0,0.0,0.012599567882716656,0.00817353930324316
28,40,0.03345894068479538,0.056995369493961334,0.012685175985097885,0.014560850337147713
30, It,0.0,0.0,0.023148009553551674,0.016766805201768875
