target_pos,target_token,norm_suff,random_suff,norm_comp,random_comp
22, ,0.00041328073712065816,0.002333228010684252,0.03189513459801674,0.0663602203130722
24,18,0.007932836189866066,0.0,0.056372202932834625,0.04558059573173523
26,-,0.0,0.0,0.07221758365631104,0.016268881037831306
28,40,0.0402093343436718,0.02551398240029812,0.04722978547215462,0.007027074228972197
30, It,0.0,0.0,0.02191653475165367,0.024387679994106293
