target_pos,target_token,norm_suff,random_suff,norm_comp,random_comp
22, ,0.0017373246373608708,0.0012603672221302986,0.04997102543711662,0.011368576437234879
24,18,0.009369072504341602,0.0,0.16622351109981537,0.04561351239681244
26,-,0.0,0.0,0.06892941147089005,0.11261298507452011
28,40,0.051567502319812775,0.015936022624373436,0.017433052882552147,0.013205958530306816
30, It,0.0,0.0,0.03896896168589592,0.020340129733085632
