norm_suff_mean,random_suff_mean,norm_comp_mean,random_comp_mean,final suff,final comp,target_tokens
0.01269463449716568,0.01266124751418829,0.03291870281100273,0.028044739738106728,1.0026369094848633,2.2091805934906006, $18$-$40$ It
