norm_suff_mean,random_suff_mean,norm_comp_mean,random_comp_mean,final suff,final comp,target_tokens
0.012534779496490955,0.003439278108999133,0.06830519437789917,0.040628232061862946,3.6445960998535156,3.2412402629852295, $18$-$40$ It
