norm_suff_mean,random_suff_mean,norm_comp_mean,random_comp_mean,final suff,final comp,target_tokens
0.009711090475320816,0.0055694421753287315,0.04592625051736832,0.031924888491630554,1.7436379194259644,3.2874670028686523, $18$-$40$ It
