target_pos,target_token,norm_suff,random_suff,norm_comp,random_comp
21, ,0.0005495519726537168,0.00013924643280915916,0.022141551598906517,0.02143857441842556
23, is,0.0018567743245512247,0.0019018265884369612,0.01407941896468401,0.014539808966219425
25, playing,0.0,0.0,0.03739965707063675,0.02423759549856186
27, the,0.0,0.0,0.004298769868910313,0.009576491080224514
29, Angeles,0.0,0.0,0.002250813180580735,0.0011641680030152202
