target_pos,target_token,norm_suff,random_suff,norm_comp,random_comp
21, ,0.0008326380630023777,0.0016039932379499078,0.03888562694191933,0.017093699425458908
23, is,0.0033031071070581675,0.00213877041824162,0.014375392347574234,0.02116689272224903
25, playing,0.0,0.0,0.02093338780105114,0.02131573297083378
27, the,0.0,0.0,0.07817387580871582,0.012680662795901299
29, Angeles,0.0,0.0,0.0020374064333736897,0.0011601494625210762
