target_pos,target_token,norm_suff,random_suff,norm_comp,random_comp
21, ,0.0007873708964325488,0.0003635274770203978,0.052168551832437515,0.022101769223809242
23, is,0.0028514659497886896,0.0008108163019642234,0.016547804698348045,0.011128375306725502
25, playing,0.0,0.0,0.2435547411441803,0.016837239265441895
27, the,0.0,0.0,0.009803214110434055,0.005429586861282587
29, Angeles,0.0,0.0,0.0016346722841262817,0.0021739336661994457
