norm_suff_mean,random_suff_mean,norm_comp_mean,random_comp_mean,final suff,final comp,target_tokens
0.0007277673576027155,0.00023486875579692423,0.06474179774522781,0.011534181423485279,3.0986130237579346,15.84872055053711, $ is$ playing$ the$ Angeles
