norm_suff_mean,random_suff_mean,norm_comp_mean,random_comp_mean,final suff,final comp,target_tokens
0.0008271490223705769,0.0007485527894459665,0.030881136655807495,0.014683427289128304,1.1049976348876953,17.75185203552246, $ is$ playing$ the$ Angeles
