norm_suff_mean,random_suff_mean,norm_comp_mean,random_comp_mean,final suff,final comp,target_tokens
0.0004812652769032866,0.00040821460424922407,0.016034042462706566,0.014191328547894955,1.178951621055603,29.487539291381836, $ is$ playing$ the$ Angeles
