target_pos,target_token,norm_suff,random_suff,norm_comp,random_comp
25, ,0.0,0.0,0.018212735652923584,0.043393492698669434
27,usually,0.06693554669618607,0.06622916460037231,0.050883691757917404,0.020055461674928665
29, 30,0.0,0.0,0.018590500578284264,0.01794169843196869
31, fat,0.0,0.0,0.03113492764532566,0.06141993775963783
33, ,0.0,0.0,0.036038778722286224,0.02291257493197918
