target_pos,target_token,norm_suff,random_suff,norm_comp,random_comp
25, ,0.001060736016370356,0.0019173851469531655,0.029395967721939087,0.04473574459552765
27,usually,0.05959498509764671,0.05917483940720558,0.016660230234265327,0.027843257412314415
29, 30,0.0,0.0,0.010349851101636887,0.00822506844997406
31, fat,0.0,0.0,0.024344291538000107,0.0418471023440361
33, ,0.0,0.0,0.021838877350091934,0.033735863864421844
