target_pos,target_token,norm_suff,random_suff,norm_comp,random_comp
25, ,0.0,1.0505377758818213e-05,0.018014123663306236,0.016566533595323563
27,usually,0.06837759166955948,0.06601862609386444,0.024071073159575462,0.023471971973776817
29, 30,0.0,0.0,0.019828418269753456,0.0159187950193882
31, fat,0.0,0.0,0.024621454998850822,0.018880518153309822
33, ,0.0,0.0,0.04772258549928665,0.01701899990439415
