norm_suff_mean,random_suff_mean,norm_comp_mean,random_comp_mean,final suff,final comp,target_tokens
0.013387109152972698,0.013245833106338978,0.030972126871347427,0.03314463421702385,1.0106656551361084,2.4758620262145996, $usually$ 30$ fat$ 
