norm_suff_mean,random_suff_mean,norm_comp_mean,random_comp_mean,final suff,final comp,target_tokens
0.012131144292652607,0.012218444608151913,0.020517844706773758,0.031277406960725784,0.9928550124168396,2.5782735347747803, $usually$ 30$ fat$ 
