norm_suff_mean,random_suff_mean,norm_comp_mean,random_comp_mean,final suff,final comp,target_tokens
0.013675518333911896,0.01320582628250122,0.026851532980799675,0.01837136410176754,1.035567045211792,1.3433760404586792, $usually$ 30$ fat$ 
