target_pos,target_token,norm_suff,random_suff,norm_comp,random_comp
44,"
",0.0,0.0,0.0509793758392334,0.03337599337100983
46,I,0.0,0.0,0.024345271289348602,0.012518762610852718
48, it,0.16222485899925232,0.0,0.020686114206910133,0.043257370591163635
50, because,0.034246012568473816,0.0,0.03371128439903259,0.012957511469721794
52, was,0.008929489180445671,0.0,0.014845658093690872,0.008535311557352543
