target_pos,target_token,norm_suff,random_suff,norm_comp,random_comp
49, I,0.0,0.0,0.012305621057748795,0.04951150342822075
51,'t,0.010473690927028656,0.005486015696078539,0.006996380165219307,0.02025829255580902
53,.,0.12844830751419067,0.0,0.01317744143307209,0.012140462175011635
55, just,0.0,0.014560726471245289,0.02108948305249214,0.010825518518686295
57,.,0.0023083114065229893,0.0,0.005957368295639753,0.014362018555402756
