norm_suff_mean,random_suff_mean,norm_comp_mean,random_comp_mean,final suff,final comp,target_tokens
0.028246063739061356,0.004009348805993795,0.01190525945276022,0.02141956053674221,7.045050144195557,0.7583202123641968, I$'t$.$ just$.
