target_pos,target_token,norm_suff,random_suff,norm_comp,random_comp
75,"
",0.07875970005989075,0.0,0.12143357843160629,0.0495985746383667
77,I,0.05289304628968239,0.0,0.05121934041380882,0.027256544679403305
79, shopping,0.001068028504960239,0.0,0.004155369009822607,0.01398038025945425
81, an,0.0,0.0,0.023188289254903793,0.008904984220862389
83, mall,0.0,0.0023231306113302708,0.0006362877320498228,0.03176969289779663
