norm_suff_mean,random_suff_mean,norm_comp_mean,random_comp_mean,final suff,final comp,target_tokens
0.026544153690338135,0.00046462612226605415,0.04012657329440117,0.02630203776061535,57.13013458251953,0.9908787608146667,"
$I$ shopping$ an$ mall"
