target_pos,target_token,norm_suff,random_suff,norm_comp,random_comp
51, She,0.029151154682040215,0.028451399877667427,0.019161101430654526,0.017949897795915604
53, drinking,0.0,0.0,0.026632724329829216,0.014046667143702507
55,.,0.0,0.0,0.243855819106102,0.025890866294503212
57, was,0.0,0.006095795426517725,0.017324648797512054,0.00992782972753048
59, it,0.0041867210529744625,0.013050687499344349,0.0188454557210207,0.02158290706574917
