norm_suff_mean,random_suff_mean,norm_comp_mean,random_comp_mean,final suff,final comp,target_tokens
0.00666757533326745,0.009519577026367188,0.06516394764184952,0.017879633232951164,0.7004066705703735,2.68157958984375, She$ drinking$.$ was$ it
