target_pos,target_token,norm_suff,random_suff,norm_comp,random_comp
47,"
",0.0,0.0,0.057452697306871414,0.03139588236808777
49,A,0.0,0.012393401935696602,0.08124376833438873,0.03526093065738678
51,"
",0.0,0.0,0.6073046326637268,0.03217817470431328
53,The,0.0,0.00281276716850698,0.10055311769247055,0.019570108503103256
55, is,0.014322195202112198,0.035940270870923996,0.041738905012607574,0.012387772090733051
