norm_suff_mean,random_suff_mean,norm_comp_mean,random_comp_mean,final suff,final comp,target_tokens
0.0028644390404224396,0.010229288600385189,0.17765861749649048,0.026158571243286133,0.2800232768058777,9.132179260253906,"
$A$
$The$ is"
