target_pos,target_token,norm_suff,random_suff,norm_comp,random_comp
46,"
",0.04175907373428345,0.0,0.02436918392777443,0.01375020481646061
48,A,0.0,0.0,0.0323665551841259,0.029534222558140755
50,"
",0.08960157632827759,0.0,0.4673326909542084,0.017528751865029335
52,The,0.0,0.0,0.03728000819683075,0.014231222681701183
54, is,0.10253101587295532,0.09708996117115021,0.03894269838929176,0.039634495973587036
