norm_suff_mean,random_suff_mean,norm_comp_mean,random_comp_mean,final suff,final comp,target_tokens
0.04677833244204521,0.01941799186170101,0.12005823105573654,0.02293577790260315,2.409020185470581,0.4903077185153961,"
$A$
$The$ is"
