target_pos,target_token,norm_suff,random_suff,norm_comp,random_comp
57, I,0.00019258247630205005,0.0,0.01929166167974472,0.01262860931456089
59, no,0.0,0.0,0.027996685355901718,0.021468695253133774
61,.,0.03394303843379021,0.0,0.17384536564350128,0.018847500905394554
63, had,0.0,0.0,0.022099213674664497,0.05517890676856041
65, idea,0.0,0.0,0.039253365248441696,0.021698014810681343
