target_pos,target_token,norm_suff,random_suff,norm_comp,random_comp
51,"
",0.0,0.009922295808792114,0.04706605523824692,0.019275838509202003
53,He,0.012602623552083969,0.016143914312124252,0.09003777801990509,0.013088447973132133
55, it,0.0,0.0,0.031095832586288452,0.05369313806295395
57, the,0.0,0.0,0.04409821704030037,0.0353051982820034
59, because,0.0794740542769432,0.16399410367012024,0.01832650974392891,0.028098784387111664
