norm_suff_mean,random_suff_mean,norm_comp_mean,random_comp_mean,final suff,final comp,target_tokens
0.018415335565805435,0.0380120649933815,0.04612487927079201,0.02989228069782257,0.4844602644443512,1.623227596282959,"
$He$ it$ the$ because"
