target_pos,target_token,norm_suff,random_suff,norm_comp,random_comp
68,"
",0.0,0.0,0.02701641246676445,0.020652348175644875
70,Ash,0.0,0.0,0.24744699895381927,0.01820925436913967
72, had,0.21929705142974854,0.0,0.12041608989238739,0.013311433605849743
74, bought,0.0,0.0,0.01918797753751278,0.008835680782794952
76, w,0.0,0.0,0.006877180188894272,0.007847055792808533
