target_pos,target_token,norm_suff,random_suff,norm_comp,random_comp
62,"
",0.0,0.0,0.026441063731908798,0.018924657255411148
64,S,0.010908440686762333,0.0674094557762146,0.09179338812828064,0.02109224535524845
66,tha,0.0006972264964133501,0.0,0.003212413750588894,0.0007699144771322608
68, to,0.05395440757274628,0.008140357211232185,0.004310929216444492,0.0024759466759860516
70, out,0.01105414517223835,0.015648487955331802,0.0007867242093198001,0.0013908660039305687
