norm_suff_mean,random_suff_mean,norm_comp_mean,random_comp_mean,final suff,final comp,target_tokens
0.015322843566536903,0.018239660188555717,0.02530890516936779,0.008930726908147335,0.8400838375091553,0.5828374624252319,"
$S$tha$ to$ out"
