target_pos,target_token,norm_suff,random_suff,norm_comp,random_comp
55, Why,0.0372796468436718,0.0,0.05034562200307846,0.0311266016215086
57, M,0.0,0.005014732014387846,0.0092922393232584,0.006741458550095558
59,a,0.0,0.0,0.0003636971232481301,0.00017278941231779754
61, her,0.0008185112965293229,0.0,0.002600154373794794,0.004411678295582533
63, in,0.0,0.0,0.007348718587309122,0.0019178279908373952
