norm_suff_mean,random_suff_mean,norm_comp_mean,random_comp_mean,final suff,final comp,target_tokens
0.007619631476700306,0.0010029464028775692,0.013990086503326893,0.008874072693288326,7.597247123718262,1.164632797241211, Why$ M$a$ her$ in
