target_pos,target_token,norm_suff,random_suff,norm_comp,random_comp
53,"
",0.022113211452960968,0.0,0.07454501837491989,0.015585077926516533
55,A,0.0,0.005760648287832737,0.11519931256771088,0.010846305638551712
57,"
",0.0,0.0,0.5561932921409607,0.1078515499830246
59,The,0.0,0.008078283630311489,0.12631168961524963,0.018063843250274658
61, is,0.09670920670032501,0.008805344812572002,0.024767784401774406,0.02730710804462433
