norm_suff_mean,random_suff_mean,norm_comp_mean,random_comp_mean,final suff,final comp,target_tokens
0.023764483630657196,0.004528855439275503,0.1794034242630005,0.035930778831243515,5.247348785400391,1.5119528770446777,"
$A$
$The$ is"
