target_pos,target_token,norm_suff,random_suff,norm_comp,random_comp
67,"
",0.01227919477969408,0.033808592706918716,0.05535873770713806,0.10450209677219391
69,Mary,0.0,0.0,0.06055368110537529,0.036391135305166245
71, a,0.00472785159945488,0.0,0.020366258919239044,0.009486548602581024
73, good,0.0,0.0,0.01844176836311817,0.03387482091784477
75,ler,0.0030116732232272625,0.005267040338367224,0.00022019888274371624,0.00038277782732620835
