norm_suff_mean,random_suff_mean,norm_comp_mean,random_comp_mean,final suff,final comp,target_tokens
0.0040037441067397594,0.007815126329660416,0.03098812699317932,0.0369274765253067,0.5123070478439331,9.223236083984375,"
$Mary$ a$ good$ler"
