target_pos,target_token,norm_suff,random_suff,norm_comp,random_comp
56,"
",0.02183426544070244,0.01772494427859783,0.03438820317387581,0.015658598393201828
58,They,0.0,0.0,0.12398669123649597,0.012756414711475372
60, to,0.024029724299907684,0.0,0.02297203801572323,0.00563519261777401
62, it,0.008308779448270798,0.015780169516801834,0.0357220321893692,0.018499717116355896
64, a,0.0,0.016407204791903496,0.002764220582321286,0.004291422199457884
