norm_suff_mean,random_suff_mean,norm_comp_mean,random_comp_mean,final suff,final comp,target_tokens
0.010834554210305214,0.009982463903725147,0.043966639786958694,0.011368269100785255,1.085358738899231,1.0492604970932007,"
$They$ to$ it$ a"
