target_pos,target_token,norm_suff,random_suff,norm_comp,random_comp
54,"
",0.0,0.0,0.037704888731241226,0.02002701535820961
56,Mar,0.0,0.0,0.31720152497291565,0.04571312293410301
58,'s,0.11415569484233856,0.0,0.07657737284898758,0.009688233956694603
60, was,0.05631714686751366,0.05012616887688637,0.020042723044753075,0.026114819571375847
62, into,0.0,0.0,0.0072214119136333466,0.004262177273631096
