norm_suff_mean,random_suff_mean,norm_comp_mean,random_comp_mean,final suff,final comp,target_tokens
0.034094568341970444,0.010025233961641788,0.09174958616495132,0.021161073818802834,3.4008750915527344,0.6206582188606262,"
$Mar$'s$ was$ into"
