target_pos,target_token,norm_suff,random_suff,norm_comp,random_comp
43,	,0.0,0.0,0.08302060514688492,0.017171092331409454
45,	,0.019191311672329903,0.0,0.25527164340019226,0.05356631428003311
47,	,0.0,0.0536307767033577,0.062147971242666245,0.03272876888513565
49,	,0.0,0.0,0.02847621962428093,0.016888467594981194
51,	,0.029867863282561302,0.0,0.016530008986592293,0.015840118750929832
