norm_suff_mean,random_suff_mean,norm_comp_mean,random_comp_mean,final suff,final comp,target_tokens
0.00981183536350727,0.01072615571320057,0.0890892893075943,0.027238953858613968,0.9147578477859497,2.776132345199585,	$	$	$	$	
