target_pos,target_token,norm_suff,random_suff,norm_comp,random_comp
56,"
",0.0,0.0,0.08672979474067688,0.015566453337669373
58,A,0.0,0.0,0.15538890659809113,0.01272597350180149
60,	,0.0,0.02133958972990513,0.3885333240032196,0.09539559483528137
62, he,0.0,0.01199821475893259,0.025878187268972397,0.045070718973875046
64, to,0.036550603806972504,0.007216412574052811,0.011102274991571903,0.006095894146710634
