norm_suff_mean,random_suff_mean,norm_comp_mean,random_comp_mean,final suff,final comp,target_tokens
0.007310120854526758,0.00811084359884262,0.1335264891386032,0.034970927983522415,0.901277482509613,4.783905506134033,"
$A$	$ he$ to"
