target_pos,target_token,norm_suff,random_suff,norm_comp,random_comp
50,"
",0.0,0.0,0.06272890418767929,0.024548647925257683
52,A,0.009492456912994385,0.0,0.037447016686201096,0.021825429052114487
54,"
",0.0,0.0,0.5435290932655334,0.022612277418375015
56,The,0.0,0.0,0.11668185144662857,0.014331725426018238
58, is,0.005871314089745283,0.0,0.03204427659511566,0.01635868474841118
