target_pos,target_token,norm_suff,random_suff,norm_comp,random_comp
63,"
",0.0,0.0,0.040844567120075226,0.03749586269259453
65,	,0.11381223797798157,0.030888650566339493,0.4027738571166992,0.06539908796548843
67,	,0.0,0.0,0.036685556173324585,0.03164779022336006
69,	,0.007971294224262238,0.0011807463597506285,0.026528513059020042,0.010319904424250126
71,	,0.016695348545908928,0.0,0.01722262240946293,0.017581960186362267
