norm_suff_mean,random_suff_mean,norm_comp_mean,random_comp_mean,final suff,final comp,target_tokens
0.027695775032043457,0.0064138793386518955,0.10481102764606476,0.03248892351984978,4.318100452423096,1.1730642318725586,"
$	$	$	$	"
