target_pos,target_token,norm_suff,random_suff,norm_comp,random_comp
51,"
",0.03167816251516342,0.03218564763665199,0.03568153828382492,0.019464915618300438
53,Jul,0.0,0.0,0.1949293166399002,0.016857586801052094
55, was,0.06846484541893005,0.023492898792028427,0.07793217152357101,0.017283154651522636
57, the,0.0,0.0,0.0024214829318225384,0.013738606125116348
59, with,0.035823602229356766,0.0,0.01634136773645878,0.010636531747877598
