norm_suff_mean,random_suff_mean,norm_comp_mean,random_comp_mean,final suff,final comp,target_tokens
0.027193322777748108,0.011135709472000599,0.0654611811041832,0.015596158802509308,2.44199275970459,0.5735290050506592,"
$Jul$ was$ the$ with"
