target_pos,target_token,norm_suff,random_suff,norm_comp,random_comp
56, I,0.0006169801927171648,0.014542440883815289,0.016359873116016388,0.011993137188255787
58, to,0.0,0.007731172721832991,0.013842133805155754,0.031894925981760025
60, a,0.025782518088817596,0.0,0.021672222763299942,0.034082550555467606
62,man,0.10092878341674805,0.007693061139434576,0.03323514387011528,0.05469704791903496
64, I,0.009523444809019566,0.012754641473293304,0.04050285741686821,0.019233791157603264
