norm_suff_mean,random_suff_mean,norm_comp_mean,random_comp_mean,final suff,final comp,target_tokens
0.02737034671008587,0.008544263429939747,0.025122446939349174,0.030380291864275932,3.203359365463257,1.109971046447754, I$ to$ a$man$ I
