target_pos,target_token,norm_suff,random_suff,norm_comp,random_comp
48,"
",0.02114025130867958,0.0,0.05932556465268135,0.057876527309417725
50,Chris,0.0,0.0,0.05299349129199982,0.027801569551229477
52, struggling,0.0,0.0244579017162323,0.05348268896341324,0.04596666246652603
54, English,0.0,0.0,0.015036211349070072,0.016728311777114868
56,.,0.0,0.0,0.005232489667832851,0.0023126425221562386
