norm_suff_mean,random_suff_mean,norm_comp_mean,random_comp_mean,final suff,final comp,target_tokens
0.004228050354868174,0.004891580436378717,0.037214089184999466,0.030137142166495323,0.8643526434898376,7.127905368804932,"
$Chris$ struggling$ English$."
