target_pos,target_token,norm_suff,random_suff,norm_comp,random_comp
59,"
",0.02948812209069729,0.021635577082633972,0.02680518664419651,0.0218777135014534
61,Tim,0.04935935139656067,0.027953900396823883,0.21046604216098785,0.017412470653653145
63, a,0.0,0.0,0.022410959005355835,0.028004847466945648
65,ologist,0.012504826299846172,0.0,0.21049533784389496,0.010222981683909893
67, He,0.007119020447134972,0.007083508186042309,0.015102032572031021,0.01556897722184658
