norm_suff_mean,random_suff_mean,norm_comp_mean,random_comp_mean,final suff,final comp,target_tokens
0.019694264978170395,0.011334597133100033,0.09705591201782227,0.01861739717423916,1.7375354766845703,0.945320725440979,"
$Tim$ a$ologist$ He"
