target_pos,target_token,norm_suff,random_suff,norm_comp,random_comp
53,"
",0.0,0.035026125609874725,0.08160039782524109,0.028428079560399055
55,A,0.0,0.04946460574865341,0.03958725184202194,0.013727662153542042
57,"
",0.0,0.024667372927069664,0.41053643822669983,0.10804510861635208
59,The,0.01790557987987995,0.0,0.035081569105386734,0.034355320036411285
61, was,0.0366186685860157,0.022108690813183784,0.01439777109771967,0.017525089904665947
