norm_suff_mean,random_suff_mean,norm_comp_mean,random_comp_mean,final suff,final comp,target_tokens
0.01090485043823719,0.026253357529640198,0.11624069511890411,0.04041625186800957,0.41536974906921387,3.706263780593872,"
$A$
$The$ was"
