target_pos,target_token,norm_suff,random_suff,norm_comp,random_comp
64,"
",0.0,0.0,0.014256863854825497,0.016835840418934822
66,The,0.0,0.0,0.038907554000616074,0.06642409414052963
68,arian,0.0059483908116817474,0.0,0.002762425923720002,0.0012724254047498107
70, walking,0.0,0.0205532219260931,0.3248751759529114,0.10584669560194016
72, the,0.0,0.0,0.00368332932703197,0.014595520682632923
