norm_suff_mean,random_suff_mean,norm_comp_mean,random_comp_mean,final suff,final comp,target_tokens
0.0011896782089024782,0.004110644571483135,0.07689707726240158,0.04099491611123085,0.28941401839256287,34.45882797241211,"
$The$arian$ walking$ the"
