suff,comp,random_suff,random_comp
0.004588227062752417,0.2751640592008359,0.0016227065245687721,0.004176102090580393
