suff,comp,random_suff,random_comp
0.10979247212726066,0.8205896807534423,0.047053772827262995,0.4527388926803068
