suff,comp,random_suff,random_comp
0.10979247212726066,0.8205896807534423,0.03992884732115509,0.3991659794828227
