suff,comp,random_suff,random_comp
0.10979247212726066,0.8205896807534423,0.039330408961264884,0.3839190604094785
