target_pos,target_token,norm_suff,random_suff,norm_comp,random_comp
33, ,0.013622238300740719,0.009257507510483265,0.0073771048337221146,0.013057258911430836
35, Pennsylvania,0.0,0.0006008996278978884,0.006774236913770437,0.005453245714306831
37, It,0.0005749508854933083,0.008779389783740044,0.005370375234633684,0.003802576335147023
39, the,0.011284003965556622,0.005683754105120897,0.00512423412874341,0.006132626440376043
41, longest,0.00034743748256005347,0.0,0.009083420038223267,0.005961626302450895
