target_pos,target_token,norm_suff,random_suff,norm_comp,random_comp
33, ,0.0,0.007232415024191141,0.009747826494276524,0.015251223929226398
35, Pennsylvania,0.002091960981488228,0.00039360002847388387,0.00536969443783164,0.011192535050213337
37, It,0.015875618904829025,0.008242450654506683,0.006066952832043171,0.006877499632537365
39, the,0.0004181285039521754,0.003484161105006933,0.006224012468010187,0.0036512825172394514
41, longest,0.0005569553468376398,0.0010270813945680857,0.004041002131998539,0.00467016501352191
