norm_suff_mean,random_suff_mean,norm_comp_mean,random_comp_mean,final suff,final comp,target_tokens
0.005165725946426392,0.004864310380071402,0.0067458744160830975,0.00688146660104394,1.061964750289917,1.332139253616333, $ Pennsylvania$ It$ the$ longest
