norm_suff_mean,random_suff_mean,norm_comp_mean,random_comp_mean,final suff,final comp,target_tokens
0.0037885326892137527,0.004075942095369101,0.0062898979522287846,0.008328541181981564,0.9294863939285278,2.1983554363250732, $ Pennsylvania$ It$ the$ longest
