target_pos,target_token,norm_suff,random_suff,norm_comp,random_comp
17, ,0.0,0.0,0.011788186617195606,0.00986492820084095
19, 18,0.0,0.0,0.006652122363448143,0.017335418611764908
21, and,0.0,0.0,0.0057424395345151424,0.0035759133752435446
23, the,0.0,0.0,0.007360731717199087,0.0073221647180616856
25, court,0.0,0.0002950921771116555,0.0038781894836574793,0.009567630477249622
