target_pos,target_token,norm_suff,random_suff,norm_comp,random_comp
17, ,0.0,0.0,0.008332700468599796,0.010220197960734367
19, 18,0.0,0.0,0.006821292452514172,0.004401083569973707
21, and,0.0,0.0,0.004213385749608278,0.004282668698579073
23, the,0.0,0.0,0.008323002606630325,0.008327444083988667
25, court,5.5314703786280006e-05,0.0,0.007709478493779898,0.006447808817028999
