target_pos,target_token,norm_suff,random_suff,norm_comp,random_comp
18, ,0.0,0.0,0.024363191798329353,0.011755336076021194
20, is,0.0,0.0,0.016263235360383987,0.020183278247714043
22, largest,0.0,0.0,0.006622750777751207,0.019360139966011047
24, in,0.0,0.0,0.011258957907557487,0.010908008553087711
26, Solar,0.0007308545173145831,0.0,0.003980623558163643,0.003911127801984549
