target_pos,target_token,norm_suff,random_suff,norm_comp,random_comp
18, ,0.0,0.0031991256400942802,0.02017611637711525,0.014634331688284874
20, is,0.0,0.0,0.012558745220303535,0.014891654253005981
22, largest,0.0,0.0,0.012983456254005432,0.009689081460237503
24, in,0.0,0.0,0.006188929080963135,0.0105140944942832
26, Solar,0.0,0.0006998166791163385,0.006987081374973059,0.00407622754573822
