target_pos,target_token,norm_suff,random_suff,norm_comp,random_comp
15, ,0.0,0.00043309375178068876,0.019442403689026833,0.009549439884722233
17, is,0.0,0.0,0.017156265676021576,0.018568702042102814
19, in,0.0019713067449629307,0.0,0.006421523168683052,0.010369169525802135
21, temper,0.0,0.0,0.01958681270480156,0.03569215536117554
23, regions,0.0,0.0,0.014838851988315582,0.013697512447834015
