target_pos,target_token,norm_suff,random_suff,norm_comp,random_comp
15, ,0.008866866119205952,0.021622464060783386,0.02306913025677204,0.012915054336190224
17, is,0.0295297522097826,0.0371309332549572,0.02270832099020481,0.018066562712192535
19, in,0.011860322207212448,0.0,0.007211109157651663,0.005794266704469919
21, temper,0.0,0.0,0.0184151753783226,0.014314421452581882
23, regions,0.0,0.0,0.011949682608246803,0.01229324284940958
