norm_suff_mean,random_suff_mean,norm_comp_mean,random_comp_mean,final suff,final comp,target_tokens
0.010051388293504715,0.011750679463148117,0.01667068526148796,0.01267671026289463,0.8553878664970398,1.2611899375915527, $ is$ in$ temper$ regions
