norm_suff_mean,random_suff_mean,norm_comp_mean,random_comp_mean,final suff,final comp,target_tokens
0.00039426135481335223,8.661875472171232e-05,0.015489171259105206,0.017575396224856377,4.551685810089111,44.578033447265625, $ is$ in$ temper$ regions
