target_pos,target_token,norm_suff,random_suff,norm_comp,random_comp
24, ,0.0,0.0,0.023740526288747787,0.02456977777183056
26, benign,0.0,0.0007897532777860761,0.00773070240393281,0.003653374034911394
28, ,0.0,0.0,0.009998593479394913,0.008465655148029327
30,Brain,0.0013918197946622968,0.001657088752835989,0.009604611434042454,0.010350039228796959
32, are,0.015196048654615879,0.0027594310231506824,0.004600088112056255,0.008826260454952717
