target_pos,target_token,norm_suff,random_suff,norm_comp,random_comp
24, ,0.0,0.0,0.021938130259513855,0.022096574306488037
26, benign,0.0,0.0,0.0033275499008595943,0.0027737943455576897
28, ,0.0,0.0,0.0069983946159482,0.007958305068314075
30,Brain,0.0009664746467024088,0.012504713609814644,0.008623304776847363,0.012774267233908176
32, are,9.783726454770658e-06,0.0,0.008271467871963978,0.012796103022992611
