norm_suff_mean,random_suff_mean,norm_comp_mean,random_comp_mean,final suff,final comp,target_tokens
0.00019525167590472847,0.0025009426753968,0.00983176939189434,0.011679808609187603,0.078071229159832,59.81924819946289, $ benign$ $Brain$ are
