norm_suff_mean,random_suff_mean,norm_comp_mean,random_comp_mean,final suff,final comp,target_tokens
0.003317573806270957,0.0010412546107545495,0.011134904809296131,0.011173021979629993,3.186131238937378,3.3678293228149414, $ benign$ $Brain$ are
