target_pos,target_token,norm_suff,random_suff,norm_comp,random_comp
20, ,0.0,0.0,0.0051526837050914764,0.004192325286567211
22, is,0.0,0.0,0.00793166272342205,0.008894810453057289
24, highest,0.0,0.0,0.011009696871042252,0.015065355226397514
26, Catholic,0.0,0.0,0.009406665340065956,0.008667183108627796
28, the,0.009701449424028397,0.004720098339021206,0.0036809893790632486,0.006078655365854502
