target_pos,target_token,norm_suff,random_suff,norm_comp,random_comp
20, ,0.0,0.0,0.0048354086466133595,0.005617552902549505
22, is,0.0,0.0,0.015718257054686546,0.008380007930099964
24, highest,0.0,0.0,0.010151649825274944,0.009723782539367676
26, Catholic,0.0,0.0,0.01742764562368393,0.009613718837499619
28, the,0.0,0.0,0.004543676506727934,0.002247651107609272
