norm_suff_mean,random_suff_mean,norm_comp_mean,random_comp_mean,final suff,final comp,target_tokens
0.001940289861522615,0.0009440197027288377,0.007436339743435383,0.00857966672629118,2.0553488731384277,4.421847820281982, $ is$ highest$ Catholic$ the
