target_pos,target_token,norm_suff,random_suff,norm_comp,random_comp
21, east,0.006919696927070618,0.0019716022070497274,0.008975688368082047,0.01084773987531662
23, Hawaii,0.0,0.0,0.014166528359055519,0.01809963397681713
25, The,0.0,0.0,0.00742616830393672,0.008853817358613014
27, is,0.001932614017277956,0.0009965492645278573,0.008457943797111511,0.004661077633500099
29,ordered,3.954500061809085e-05,0.0,0.0002688576641958207,0.0005974149680696428
