target_pos,target_token,norm_suff,random_suff,norm_comp,random_comp
21, east,0.0,0.0,0.008888752199709415,0.009028698317706585
23, Hawaii,0.0,0.0,0.010317075997591019,0.012030426412820816
25, The,0.0,0.0,0.005571886897087097,0.006179154850542545
27, is,0.0008503381395712495,0.0016067565884441137,0.0054152123630046844,0.009585137479007244
29,ordered,7.646559970453382e-05,0.0002898773818742484,0.0002638737205415964,0.00014933131751604378
