norm_suff_mean,random_suff_mean,norm_comp_mean,random_comp_mean,final suff,final comp,target_tokens
0.0017783712828531861,0.0005936303059570491,0.007859038189053535,0.008611937053501606,2.995755434036255,4.842597961425781, east$ Hawaii$ The$ is$ordered
