norm_suff_mean,random_suff_mean,norm_comp_mean,random_comp_mean,final suff,final comp,target_tokens
0.00018536075367592275,0.0003793268115259707,0.006091360002756119,0.007394549436867237,0.488657146692276,39.89274597167969, east$ Hawaii$ The$ is$ordered
