target_pos,target_token,norm_suff,random_suff,norm_comp,random_comp
25, ,0.0,0.0,0.008192713372409344,0.0047905333340168
27, David,0.0,0.008827446959912777,0.03870232775807381,0.020742647349834442
29,enzie,0.0024625295773148537,0.0,0.003105813404545188,0.003940685652196407
31, The,0.006986604072153568,0.01638416014611721,0.007701104041188955,0.007143688853830099
33, is,0.004737376235425472,0.003840396413579583,0.007968457415699959,0.010191386565566063
