target_pos,target_token,norm_suff,random_suff,norm_comp,random_comp
25, ,0.0,0.0,0.00811512116342783,0.00821674708276987
27, David,0.0015966030769050121,0.0007568086730316281,0.029079856351017952,0.04702787473797798
29,enzie,0.0,0.0,0.02028377167880535,0.006358868442475796
31, The,0.0,0.008887140080332756,0.010325330309569836,0.006651910021901131
33, is,0.0021468407940119505,0.004861157387495041,0.011298028752207756,0.006022286601364613
