norm_suff_mean,random_suff_mean,norm_comp_mean,random_comp_mean,final suff,final comp,target_tokens
0.0007486887625418603,0.002901021158322692,0.015820421278476715,0.014855536632239819,0.2580776512622833,19.842071533203125, $ David$enzie$ The$ is
