norm_suff_mean,random_suff_mean,norm_comp_mean,random_comp_mean,final suff,final comp,target_tokens
0.00283730193041265,0.005810400936752558,0.013134083710610867,0.00936178769916296,0.48831430077552795,3.2995388507843018, $ David$enzie$ The$ is
