target_pos,target_token,norm_suff,random_suff,norm_comp,random_comp
21, ,0.0,0.0,0.010315056890249252,0.011784722097218037
23, an,0.0,0.0,0.011040718294680119,0.010256537236273289
25, who,0.0,0.0,0.01061980053782463,0.008534842170774937
27, played,0.003648617537692189,0.0006342748529277742,0.007235544268041849,0.011494029313325882
29, significant,0.005009842105209827,0.003765461966395378,0.00921481940895319,0.010926797986030579
