target_pos,target_token,norm_suff,random_suff,norm_comp,random_comp
21, ,0.0,0.0,0.010899623855948448,0.0122146625071764
23, an,0.0,0.0,0.00639866990968585,0.007069884799420834
25, who,0.0,0.0,0.009704080410301685,0.00773939723148942
27, played,0.0024648227263242006,0.0035829716362059116,0.014281238429248333,0.008810360915958881
29, significant,0.0038091561291366816,0.0010405747452750802,0.008310450240969658,0.007838677614927292
