norm_suff_mean,random_suff_mean,norm_comp_mean,random_comp_mean,final suff,final comp,target_tokens
0.0017316918820142746,0.0008799473871476948,0.009685187600553036,0.010599385015666485,1.967949390411377,6.120826244354248, $ an$ who$ played$ significant
