norm_suff_mean,random_suff_mean,norm_comp_mean,random_comp_mean,final suff,final comp,target_tokens
0.0012547958176583052,0.000924709253013134,0.009918812662363052,0.008734596893191338,1.3569625616073608,6.960970878601074, $ an$ who$ played$ significant
