target_pos,target_token,norm_suff,random_suff,norm_comp,random_comp
27, The,0.0,0.029807936400175095,0.006133290007710457,0.00679357023909688
29,eng,0.0,0.004034347366541624,0.005096543580293655,0.001879913848824799
31, period,0.00826334673911333,0.012128723785281181,0.03857771307229996,0.02103411592543125
33, marked,0.005026959348469973,0.005227886140346527,0.005339239723980427,0.006183228921145201
35, the,0.008800600655376911,0.014339989982545376,0.0058124554343521595,0.00644918717443943
