target_pos,target_token,norm_suff,random_suff,norm_comp,random_comp
27, The,0.041692059487104416,0.038239724934101105,0.006618001498281956,0.006311224773526192
29,eng,0.0019170365994796157,0.0,0.004008891526609659,0.0015338482335209846
31, period,0.013336541131138802,0.0038085170090198517,0.020034534856677055,0.029229557141661644
33, marked,0.013859306462109089,0.0,0.00618768110871315,0.004487995523959398
35, the,0.00757621368393302,0.004670067224651575,0.007091574836522341,0.007519247010350227
