norm_suff_mean,random_suff_mean,norm_comp_mean,random_comp_mean,final suff,final comp,target_tokens
0.004418181721121073,0.013107776641845703,0.012191848829388618,0.008468003943562508,0.3370656967163086,1.9166264533996582, The$eng$ period$ marked$ the
