norm_suff_mean,random_suff_mean,norm_comp_mean,random_comp_mean,final suff,final comp,target_tokens
0.015676232054829597,0.009343662299215794,0.008788137696683407,0.009816374629735947,1.6777396202087402,0.6261947751045227, The$eng$ period$ marked$ the
