target_pos,target_token,norm_suff,random_suff,norm_comp,random_comp
17, in,0.0,0.03201044350862503,0.02102263644337654,0.01549564115703106
19, upper,0.0,0.0,0.031567350029945374,0.0373835451900959
21,.,0.0,0.0,0.01107182726264,0.007015465293079615
23, was,0.0,0.0,0.005917010363191366,0.007827411405742168
25, in,0.0,0.0,0.0072565944865345955,0.008014737628400326
