target_pos,target_token,norm_suff,random_suff,norm_comp,random_comp
17, in,0.02246149815618992,0.019028570502996445,0.016686871647834778,0.01809176430106163
19, upper,0.0,0.0,0.03991137072443962,0.03249158337712288
21,.,0.0,0.0,0.016391124576330185,0.0067862290889024734
23, was,0.0,0.0,0.007009986322373152,0.013040090911090374
25, in,0.003662605071440339,0.0,0.012502338737249374,0.008398380130529404
