norm_suff_mean,random_suff_mean,norm_comp_mean,random_comp_mean,final suff,final comp,target_tokens
0.00522482069209218,0.0038057141937315464,0.01850033923983574,0.015761610120534897,1.3728883266448975,3.016679525375366, in$ upper$.$ was$ in
