target_pos,target_token,norm_suff,random_suff,norm_comp,random_comp
16, ,0.0,0.0,0.02480516955256462,0.026976780965924263
18, the,0.0,0.0,0.018907232210040092,0.025629110634326935
20, States,0.0,0.0,0.0035326743964105844,0.013354209251701832
22, is,0.0,0.0,0.014368983916938305,0.012757545337080956
24, large,0.0,0.0,0.02815701626241207,0.01646023988723755
