target_pos,target_token,norm_suff,random_suff,norm_comp,random_comp
16, ,0.0,0.0,0.04552352800965309,0.08266168087720871
18, the,0.0,0.0,0.012834426946938038,0.01811099424958229
20, States,0.0,0.0,0.0019216795917600393,0.001175654586404562
22, is,0.0,0.0,0.014545291662216187,0.010902107693254948
24, large,0.0010687881149351597,0.0,0.01860835775732994,0.018733546137809753
