target_pos,target_token,norm_suff,random_suff,norm_comp,random_comp
12, They,0.0,0.02918172813951969,0.02265382744371891,0.02353823371231556
14, used,0.014150254428386688,0.007090505678206682,0.029578177258372307,0.019139423966407776
16, many,0.03697171062231064,0.008832011371850967,0.018702035769820213,0.02052350901067257
18,",",0.0,0.0,0.008830403909087181,0.012962869368493557
20, cooking,0.0,0.0,0.022558337077498436,0.022033147513866425
