target_pos,target_token,norm_suff,random_suff,norm_comp,random_comp
12, They,0.0,0.022756407037377357,0.02338297665119171,0.012944548390805721
14, used,0.0,0.00377195724286139,0.020852169021964073,0.025928162038326263
16, many,0.02308558113873005,0.011462226510047913,0.022294044494628906,0.024789907038211823
18,",",0.0846627876162529,0.03266945853829384,0.015331891365349293,0.0232543908059597
20, cooking,0.0,0.0,0.03272169083356857,0.011301246471703053
