norm_suff_mean,random_suff_mean,norm_comp_mean,random_comp_mean,final suff,final comp,target_tokens
0.01022439356893301,0.009020849131047726,0.02046455815434456,0.019639436155557632,1.133418083190918,1.9208412170410156," They$ used$ many$,$ cooking"
