norm_suff_mean,random_suff_mean,norm_comp_mean,random_comp_mean,final suff,final comp,target_tokens
0.02154967375099659,0.014132009819149971,0.022916555404663086,0.019643651321530342,1.5248838663101196,0.9115521311759949," They$ used$ many$,$ cooking"
