target_pos,target_token,norm_suff,random_suff,norm_comp,random_comp
20, until,0.0,0.0,0.013199184089899063,0.017969856038689613
22, French,0.0,0.0,0.009055742993950844,0.00784449651837349
24, in,0.0,0.0,0.009640910662710667,0.008460820652544498
26,89,0.0,0.0,0.0066256457939744,0.003686456708237529
28, The,0.0,0.0015820491826161742,0.007880892604589462,0.008510376326739788
