target_pos,target_token,norm_suff,random_suff,norm_comp,random_comp
20, until,0.0,0.0,0.021435577422380447,0.009138014167547226
22, French,0.0,0.0,0.010109446942806244,0.010235254652798176
24, in,0.0,0.0,0.014751528389751911,0.0088377445936203
26,89,0.0,0.0003831839421764016,0.005699608009308577,0.005562761798501015
28, The,0.0,0.019787171855568886,0.008917140774428844,0.007846122607588768
