target_pos,target_token,norm_suff,random_suff,norm_comp,random_comp
15, ,0.005290344823151827,0.04152712598443031,0.01194162666797638,0.010286756791174412
17, has,0.0004654798249248415,0.0,0.009498408995568752,0.013629560358822346
19, in,0.004305793438106775,0.0,0.004705342929810286,0.0039017153903841972
21, number,0.0,0.0,0.008173324167728424,0.010656561702489853
23, films,0.0,0.0,0.00782483909279108,0.006068284157663584
