target_pos,target_token,norm_suff,random_suff,norm_comp,random_comp
15, ,0.0062102023512125015,0.024771172553300858,0.010137631557881832,0.007632020860910416
17, has,0.0,0.004371457267552614,0.00842277705669403,0.013098916038870811
19, in,0.003818790428340435,0.0,0.004778371658176184,0.00511389784514904
21, number,0.0,0.007062199525535107,0.006026695482432842,0.008972108364105225
23, films,0.0,0.0,0.008711853995919228,0.00816239882260561
