norm_suff_mean,random_suff_mean,norm_comp_mean,random_comp_mean,final suff,final comp,target_tokens
0.0020123235881328583,0.008305425755679607,0.008428708650171757,0.00890857633203268,0.24229024350643158,4.4270100593566895, $ has$ in$ number$ films
