norm_suff_mean,random_suff_mean,norm_comp_mean,random_comp_mean,final suff,final comp,target_tokens
0.0020057985093444586,0.007240965962409973,0.007615465670824051,0.00859586801379919,0.2770070433616638,4.28550910949707, $ has$ in$ number$ films
