target_pos,target_token,norm_suff,random_suff,norm_comp,random_comp
15, ,0.0,0.0010350309312343597,0.011582422070205212,0.010431990027427673
17, by,0.0,0.005865825805813074,0.0029987229499965906,0.01617182046175003
19, for,0.0,0.0,0.011064223945140839,0.014355895109474659
21, Nintendo,0.0,0.0,0.01736677810549736,0.023208359256386757
23, System,0.0,0.0,0.0015620802296325564,0.0019381060265004635
