target_pos,target_token,norm_suff,random_suff,norm_comp,random_comp
15, ,0.011701530776917934,0.0,0.013746744953095913,0.020767370238900185
17, by,0.0,0.0,0.010989218018949032,0.013115279376506805
19, for,0.003916159272193909,0.0,0.009381023235619068,0.010183820500969887
21, Nintendo,0.0,0.0,0.013919155113399029,0.019094193354249
23, System,0.0,0.0,0.0011846186826005578,0.002784418873488903
