target_pos,target_token,norm_suff,random_suff,norm_comp,random_comp
24, ,0.0,0.0,0.029726412147283554,0.03910919651389122
26, Eng,0.0,0.0,0.0050924839451909065,0.004812492057681084
28,ving,0.00023267371580004692,0.0,0.00472242571413517,0.0018642445793375373
30, Printing,0.0,0.00011754772276617587,0.004356496501713991,0.003295621369034052
32, the,0.009897887706756592,0.0007470092386938632,0.008876649662852287,0.014586465433239937
