target_pos,target_token,norm_suff,random_suff,norm_comp,random_comp
24, ,0.0,0.0,0.021608632057905197,0.022302517667412758
26, Eng,0.0,0.0,0.008104315958917141,0.0050682672299444675
28,ving,0.00016183404659386724,0.0,0.003336952766403556,0.003475768491625786
30, Printing,0.0006831007776781917,0.0014510672772303224,0.007507955189794302,0.008375521749258041
32, the,0.0009219687199220061,0.004299364052712917,0.011873931623995304,0.012563801370561123
