norm_suff_mean,random_suff_mean,norm_comp_mean,random_comp_mean,final suff,final comp,target_tokens
0.00035338071756996214,0.0011500862892717123,0.010486357845366001,0.010357175953686237,0.3072645366191864,29.3088321685791, $ Eng$ving$ Printing$ the
