norm_suff_mean,random_suff_mean,norm_comp_mean,random_comp_mean,final suff,final comp,target_tokens
0.0020261125173419714,0.00017291140102315694,0.010554893873631954,0.012733605690300465,11.717634201049805,6.28474760055542, $ Eng$ving$ Printing$ the
