target_pos,target_token,norm_suff,random_suff,norm_comp,random_comp
11, ,0.0,0.0,0.00965087115764618,0.010427463799715042
13, was,0.0,0.0,0.026428278535604477,0.029372870922088623
15, first,0.0093004759401083,0.004400806967169046,0.009844742715358734,0.008013846352696419
17,mable,0.00012242322554811835,0.0,0.001189307775348425,0.0013102765660732985
19, to,0.0,0.0,0.015437142923474312,0.01582016423344612
