target_pos,target_token,norm_suff,random_suff,norm_comp,random_comp
11, ,0.0,0.0,0.009671499952673912,0.007891948334872723
13, was,0.0,0.0,0.012750149704515934,0.01663031429052353
15, first,0.006410205736756325,0.0,0.0097483666613698,0.008991063572466373
17,mable,0.0,0.0,0.0009810073534026742,0.001348148100078106
19, to,0.0,0.0,0.015367466025054455,0.014190697111189365
