norm_suff_mean,random_suff_mean,norm_comp_mean,random_comp_mean,final suff,final comp,target_tokens
0.0018845798913389444,0.0008801614167168736,0.012510068714618683,0.012988924980163574,2.1411752700805664,6.892212390899658, $ was$ first$mable$ to
