target_pos,target_token,norm_suff,random_suff,norm_comp,random_comp
20, ,0.0,0.0,0.016567759215831757,0.013826089911162853
22, are,0.0,0.0,0.013889745809137821,0.014983205124735832
24, to,0.0,0.0,0.004996194504201412,0.007264388259500265
26, the,0.00014900545647833496,0.0,0.016881437972187996,0.02006443217396736
28, of,0.0001835232542362064,0.0,0.0037623962853103876,0.005071716383099556
