target_pos,target_token,norm_suff,random_suff,norm_comp,random_comp
20, ,0.0,0.0,0.011288282461464405,0.02748831734061241
22, are,0.0,0.0,0.021494925022125244,0.01525531243532896
24, to,0.0,0.0,0.004488248378038406,0.0043778070248663425
26, the,0.0,0.0,0.012351669371128082,0.011807497590780258
28, of,0.0015377714298665524,0.003441690467298031,0.006044889334589243,0.00527055561542511
