norm_suff_mean,random_suff_mean,norm_comp_mean,random_comp_mean,final suff,final comp,target_tokens
0.00030755429179407656,0.0006883381283842027,0.011133602820336819,0.012839898467063904,0.44680699706077576,41.74839782714844, $ are$ to$ the$ of
