target_pos,target_token,norm_suff,random_suff,norm_comp,random_comp
22, ,0.0,0.0,0.006781361997127533,0.01668517477810383
24, the,0.0,0.0,0.006568020209670067,0.007470632903277874
26, of,0.024693449959158897,0.0,0.024167384952306747,0.023041101172566414
28," """,0.0060165137983858585,0.0,0.013582838699221611,0.017722565680742264
30, Waste,0.0,0.0010045296512544155,0.019009796902537346,0.024514196440577507
