target_pos,target_token,norm_suff,random_suff,norm_comp,random_comp
22, ,0.0,0.0,0.005082924384623766,0.014526177197694778
24, the,0.0,0.0,0.008629911579191685,0.00613208906725049
26, of,0.001498847035691142,0.0,0.014558068476617336,0.011030543595552444
28," """,0.0,0.0,0.01282540149986744,0.014985362067818642
30, Waste,0.02493877336382866,0.0006383932777680457,0.023287804797291756,0.021183647215366364
