norm_suff_mean,random_suff_mean,norm_comp_mean,random_comp_mean,final suff,final comp,target_tokens
0.005287523847073317,0.00012767866428475827,0.012876822613179684,0.013571563176810741,41.412742614746094,2.566714286804199," $ the$ of$ ""$ Waste"
