norm_suff_mean,random_suff_mean,norm_comp_mean,random_comp_mean,final suff,final comp,target_tokens
0.006141992751508951,0.00020090593898203224,0.014021879993379116,0.017886733636260033,30.571483612060547,2.912203550338745," $ the$ of$ ""$ Waste"
