target_pos,target_token,norm_suff,random_suff,norm_comp,random_comp
21, ,0.0,0.0,0.004736659582704306,0.005726927891373634
23, played,0.0,0.0,0.01035972312092781,0.011542227119207382
25, the,0.0,0.0,0.004468188621103764,0.0075626373291015625
27, Angeles,0.0,0.0012682259548455477,0.0011871324386447668,0.001004410907626152
29, from,0.005042754579335451,0.0019404642516747117,0.011780495755374432,0.010260496288537979
