target_pos,target_token,norm_suff,random_suff,norm_comp,random_comp
21, ,0.0,0.0,0.008566904813051224,0.004722392652183771
23, played,0.0,0.0,0.01450395304709673,0.009664515033364296
25, the,0.0,0.0,0.004693282302469015,0.004928349982947111
27, Angeles,0.0001550531160319224,0.0008858729270286858,0.0008289486868306994,0.0008166048210114241
29, from,0.0,0.0,0.015012446790933609,0.011898226104676723
