norm_suff_mean,random_suff_mean,norm_comp_mean,random_comp_mean,final suff,final comp,target_tokens
3.101062247878872e-05,0.0001771745883161202,0.008721107617020607,0.006406018044799566,0.17502860724925995,206.574951171875, $ played$ the$ Angeles$ from
