norm_suff_mean,random_suff_mean,norm_comp_mean,random_comp_mean,final suff,final comp,target_tokens
0.0010085509857162833,0.0006417380645871162,0.006506440229713917,0.007219340186566114,1.571592926979065,7.158131122589111, $ played$ the$ Angeles$ from
