target_pos,target_token,norm_suff,random_suff,norm_comp,random_comp
25, ,0.0,0.0,0.007255102973431349,0.0118331927806139
27,usually,0.0,0.0,0.008438130840659142,0.008276602253317833
29, 10,0.0,0.0,0.006362123880535364,0.004948388319462538
31,20,0.004417740739881992,0.0007162644760683179,0.0023721521720290184,0.005951873958110809
33, ,0.0,0.0,0.010581182315945625,0.010699968785047531
