target_pos,target_token,norm_suff,random_suff,norm_comp,random_comp
25, ,0.0,0.0,0.017099464312195778,0.011108911596238613
27,usually,0.00176411890424788,0.0,0.010192234069108963,0.012034809216856956
29, 10,0.0,0.0,0.00331364874728024,0.011067250743508339
31,20,0.0005377958295866847,0.0034069165121763945,0.007347387261688709,0.005461099091917276
33, ,0.0,0.0,0.008790677413344383,0.008372431620955467
