norm_suff_mean,random_suff_mean,norm_comp_mean,random_comp_mean,final suff,final comp,target_tokens
0.0008835481712594628,0.00014325289521366358,0.007001738529652357,0.00834200531244278,6.167750835418701,9.441483497619629, $usually$ 10$20$ 
