norm_suff_mean,random_suff_mean,norm_comp_mean,random_comp_mean,final suff,final comp,target_tokens
0.00046038292930461466,0.0006813833024352789,0.009348682127892971,0.009608900174498558,0.6756592392921448,20.871538162231445, $usually$ 10$20$ 
