target_pos,target_token,norm_suff,random_suff,norm_comp,random_comp
45, Because,0.008446269668638706,0.0,0.006068324204534292,0.009743882343173027
47, was,0.0,0.0017125727608799934,0.0032533067278563976,0.003537870245054364
49, out,0.0012466738699004054,0.0,0.002378185046836734,0.002757214242592454
51,"
",0.004818730987608433,0.0,0.0026617415715008974,0.0031805250328034163
53,'m,0.006119815167039633,0.0007696073153056204,0.0022332004737108946,0.0022755444515496492
