norm_suff_mean,random_suff_mean,norm_comp_mean,random_comp_mean,final suff,final comp,target_tokens
0.004126297775655985,0.000496436026878655,0.0033189516980201006,0.00429900735616684,8.31184196472168,1.041855812072754," Because$ was$ out$
$'m"
