target_pos,target_token,norm_suff,random_suff,norm_comp,random_comp
50,"
",0.01796014979481697,0.023731635883450508,0.0020172027871012688,0.002561628120020032
52, she,0.002528936369344592,0.0,0.002522965194657445,0.0014528168831020594
54, you,0.0,0.0,0.0011467896401882172,0.0011201149318367243
56, present,0.000696119386702776,0.0021011868957430124,0.0016919284826144576,0.002134748501703143
58,"
",0.059048715978860855,0.0,0.0018839194672182202,0.002163485623896122
