norm_suff_mean,random_suff_mean,norm_comp_mean,random_comp_mean,final suff,final comp,target_tokens
0.016046784818172455,0.005166564602404833,0.0018525611376389861,0.0018865587189793587,3.1058907508850098,0.11756615340709686,"
$ she$ you$ present$
"
