norm_suff_mean,random_suff_mean,norm_comp_mean,random_comp_mean,final suff,final comp,target_tokens
0.0008854581392370164,0.05498763546347618,0.007629248779267073,0.0068603865802288055,0.016102859750390053,7.747838497161865, She$'t$.$ was$ thirsty
