norm_suff_mean,random_suff_mean,norm_comp_mean,random_comp_mean,final suff,final comp,target_tokens
0.010413735173642635,0.07602406293153763,0.014739918522536755,0.011455710045993328,0.13697946071624756,1.1000577211380005, Because$ was$ of$ a$ bum
