target_pos,target_token,norm_suff,random_suff,norm_comp,random_comp
58, I,0.0,0.0,0.015051611699163914,0.003997450228780508
60,'t,0.0021177928429096937,0.0,0.0014493775088340044,0.0005655145505443215
62,.,0.0,0.0,0.018064413219690323,0.010209744796156883
64, just,0.0,0.006711828056722879,0.005162040237337351,0.007376605179160833
66, to,0.016555730253458023,0.05291472002863884,0.006673898082226515,0.005543503910303116
