target_pos,target_token,norm_suff,random_suff,norm_comp,random_comp
69, She,0.03444354981184006,0.0,0.015293972566723824,0.008531421422958374
71, hungry,0.0,0.0,0.01415217760950327,0.009700811468064785
73, She,0.018160341307520866,0.013336967676877975,0.008040974847972393,0.0058611659333109856
75, not,0.04778735339641571,0.08771944791078568,0.007426388096064329,0.004152728710323572
77, since,0.0,0.06247057765722275,0.006782899145036936,0.0073180594481527805
