target_pos,target_token,norm_suff,random_suff,norm_comp,random_comp
69, Because,0.014327614568173885,0.0,0.003901541233062744,0.005883808713406324
71, wanted,0.0,0.0,0.0026191368233412504,0.002288742223754525
73, make,0.0,0.0,0.0023098415695130825,0.006129759829491377
75, stir,0.0,0.00031156244222074747,0.0055362205021083355,0.0039873551577329636
77,f,0.0,0.0,0.0006081865285523236,0.0009860636200755835
