norm_suff_mean,random_suff_mean,norm_comp_mean,random_comp_mean,final suff,final comp,target_tokens
0.0028655228670686483,6.231248698895797e-05,0.002994985319674015,0.0038551457691937685,45.98633575439453,1.3453550338745117, Because$ wanted$ make$ stir$f
