norm_suff_mean,random_suff_mean,norm_comp_mean,random_comp_mean,final suff,final comp,target_tokens
0.012046865187585354,0.004496772773563862,0.01625554822385311,0.010581834241747856,2.679002523422241,0.8783890604972839, Because$ was$ black$ with$ friend
