target_pos,target_token,norm_suff,random_suff,norm_comp,random_comp
68, Mary,0.0,0.0,0.01089785248041153,0.012381047010421753
70, about,0.06782647222280502,0.024939069524407387,0.009616122581064701,0.01009785383939743
72, for,0.0320480540394783,0.006097239907830954,0.005271810106933117,0.003146597184240818
74, long,0.0,0.003602162702009082,0.005330269690603018,0.006727270781993866
76,.,0.0,0.014099237509071827,0.004983102902770042,0.0024600194301456213
