norm_suff_mean,random_suff_mean,norm_comp_mean,random_comp_mean,final suff,final comp,target_tokens
0.019974905997514725,0.009747542440891266,0.007219831924885511,0.006962557788938284,2.049224853515625,0.3485652208328247, Mary$ about$ for$ long$.
