target_pos,target_token,norm_suff,random_suff,norm_comp,random_comp
44, She,0.0,0.11677367985248566,0.020095931366086006,0.013776625506579876
46,'t,0.0007447623065672815,0.0036044875159859657,0.031165730208158493,0.024774333462119102
48,.,0.0,0.2264760434627533,0.008828140795230865,0.011077940464019775
50, just,0.001959596062079072,0.0038842163048684597,0.009336376562714577,0.00850578024983406
52,.,0.0,0.12102819234132767,0.0048441761173307896,0.006204982288181782
