target_pos,target_token,norm_suff,random_suff,norm_comp,random_comp
44, Because,0.0,0.0,0.009614214301109314,0.009650343097746372
46, was,0.008919359184801579,0.0004568976873997599,0.0031909297686070204,0.00494231516495347
48, to,0.004018457140773535,0.0,0.0031974725425243378,0.005879705771803856
50, a,0.0,0.0,0.008874804712831974,0.010692637413740158
52,.,0.0,0.0,0.005973422434180975,0.0041076852940022945
