norm_suff_mean,random_suff_mean,norm_comp_mean,random_comp_mean,final suff,final comp,target_tokens
0.0005408716970123351,0.0943533256649971,0.014854070730507374,0.012867934070527554,0.0057324073277413845,23.79110336303711, She$'t$.$ just$.
