norm_suff_mean,random_suff_mean,norm_comp_mean,random_comp_mean,final suff,final comp,target_tokens
0.0025875631254166365,9.137953747995198e-05,0.006170168519020081,0.007054537534713745,28.31665802001953,2.7263247966766357, Because$ was$ to$ a$.
