target_pos,target_token,norm_suff,random_suff,norm_comp,random_comp
51, Because,1.357611472485587e-05,0.0,0.0040584346279501915,0.007574618794023991
53, wanted,0.015833811834454536,0.0,0.009643083438277245,0.008370640687644482
55, paint,0.0003961315378546715,0.004353123717010021,0.006395819131284952,0.013207003474235535
57, bedroom,0.0,0.0049587138928473,0.015785938128829002,0.01223365031182766
59,.,0.0,0.0,0.021022139117121696,0.02062707394361496
