target_pos,target_token,norm_suff,random_suff,norm_comp,random_comp
52, She,0.037311576306819916,0.042533859610557556,0.007032245397567749,0.00526442052796483
54, going,0.0,0.028313541784882545,0.011903309263288975,0.005591042805463076
56, the,0.06521634757518768,0.0,0.009697827510535717,0.007911442779004574
58, to,0.05796962231397629,0.07972156256437302,0.009344172663986683,0.005175214260816574
60, married,0.014166132546961308,0.0,0.009115558117628098,0.00948663242161274
