target_pos,target_token,norm_suff,random_suff,norm_comp,random_comp
57, I,0.0,0.025800947099924088,0.004659891594201326,0.004067420493811369
59, a,0.0,0.0,0.004157938063144684,0.009619953110814095
61,.,0.0,0.0,0.003895953530445695,0.002458174480125308
63, didn,0.0,0.0,0.004905077628791332,0.002667674794793129
65, know,0.0,0.0,0.0018530425149947405,0.001758788712322712
