norm_suff_mean,random_suff_mean,norm_comp_mean,random_comp_mean,final suff,final comp,target_tokens
0.008819925598800182,0.000522013520821929,0.00974101573228836,0.006776550319045782,16.895971298217773,0.7683228254318237, Chris$ happy$ he$ learning$.
