suff,comp,random_suff,random_comp
0.03736293903549514,0.914051728566939,0.025404061452598714,0.8608915177606195
