suff,comp,random_suff,random_comp
0.0051116198302031185,0.145320368316276,0.0006650400328133565,0.028209614088491056
