suff,comp,random_suff,random_comp
0.03736293903549514,0.914051728566939,0.02201022353567096,0.8349018369955314
