suff,comp,random_suff,random_comp
0.03736293903549514,0.914051728566939,0.021131389108729658,0.8597249595401736
