suff,comp,random_suff,random_comp
0.03736293903549514,0.914051728566939,0.02421774549316463,0.843277910666571
