suff,comp,random_suff,random_comp
0.03736293903549514,0.914051728566939,0.023161443458579675,0.8541797654264464
