{
    "$schema": "../docs/rationalization.schema.json",
    "id": 1,
    "input-text": [
        "</s>",
        "When",
        " my",
        " flight",
        " landed",
        " in",
        " Russia",
        ",",
        " I",
        " converted",
        " my",
        " currency",
        " and",
        " slowly",
        " fell",
        " asleep",
        ".",
        " (",
        "I",
        " had",
        " a",
        " terrifying",
        " dream",
        " about",
        " my",
        " grandmother",
        ",",
        " but",
        " that",
        "'s",
        " a",
        " story",
        " for",
        " another",
        " time",
        ").",
        " I",
        " was",
        " staying",
        " in",
        " the",
        " capital",
        ","
    ],
    "input-tokens": [
        2,
        1779,
        127,
        2524,
        5932,
        11,
        798,
        6,
        38,
        8417,
        127,
        2593,
        8,
        5764,
        1064,
        15028,
        4,
        36,
        100,
        56,
        10,
        15567,
        3366,
        59,
        127,
        8853,
        6,
        53,
        14,
        18,
        10,
        527,
        13,
        277,
        86,
        322,
        38,
        21,
        4959,
        11,
        5,
        812,
        6
    ],
    "target-text": " Moscow",
    "target-token": 3467,
    "rational-size": 8,
    "rational-positions": [
        5,
        6,
        27,
        35,
        37,
        39,
        40,
        41
    ],
    "rational-text": [
        " in",
        " Russia",
        " but",
        ").",
        " was",
        " in",
        " the",
        " capital"
    ],
    "rational-tokens": [
        11,
        798,
        53,
        322,
        21,
        11,
        5,
        812
    ],
    "importance-scores": [
        1.9233553985587015e-11,
        1.8343073406867916e-06,
        4.526134578242136e-09,
        3.113834523560399e-08,
        9.240850862290984e-10,
        1.3222299457993358e-05,
        0.3103514015674591,
        2.871732851517095e-10,
        3.2588650356046855e-06,
        5.36335753587025e-10,
        4.8322426664526574e-06,
        2.5428159577955967e-09,
        5.8485989384848835e-09,
        4.909137985009693e-08,
        2.3959151462804584e-07,
        3.42349082416149e-08,
        1.376602831726359e-08,
        2.398994058960824e-10,
        4.388390983933732e-09,
        1.3165305290385731e-08,
        6.403415575562121e-10,
        2.907420366682345e-07,
        3.3124608611601047e-10,
        4.871669290196223e-08,
        1.5402042663481552e-07,
        1.5382610740743985e-07,
        1.814285042200936e-07,
        3.4411037631798536e-05,
        8.965194697729828e-10,
        5.596512586691915e-09,
        1.1173806768738359e-08,
        5.4806275073815414e-08,
        4.325941063143546e-07,
        2.8479743008347214e-08,
        7.998649493856647e-07,
        9.746255818754435e-05,
        2.04278656212864e-08,
        5.185015470487997e-05,
        1.234010596817825e-05,
        0.12171913683414459,
        0.18503257632255554,
        0.38267379999160767,
        1.333451450591383e-06
    ],
    "comments": {
        "created-by": "run_analogies.py",
        "args": {
            "model": "facebook/opt-350m",
            "cache_dir": "cache/",
            "tokenizer": "facebook/opt-350m",
            "data_dir": "data/analogies/OPT350M",
            "importance_results_dir": "rationalization_results/analogies/OPT350M_ours/top3_replace0.1_max5000_batch5",
            "device": "cuda",
            "rationalization_config": "config//top3_replace0.1_max5000_batch5.json",
            "input_num_ratio": 1.0,
            "logfolder": "logs/analogies/OPT350M_ours/top3_replace0.1_max5000_batch5",
            "loglevel": 20
        },
        "time_elapsed": 29.473045349121094,
        "separate_rational": [
            [
                " in",
                " capital",
                " Russia",
                " the",
                ").",
                " was",
                " but",
                " in"
            ],
            [
                " capital",
                " the",
                " in",
                " but",
                " Russia",
                ").",
                " staying",
                " currency"
            ],
            [
                " Russia",
                " capital",
                " the",
                " in",
                ").",
                " was",
                ",",
                " asleep"
            ],
            [
                " Russia",
                " the",
                " capital",
                " in",
                " was",
                ").",
                " my",
                " in"
            ],
            [
                " the",
                " capital",
                " Russia",
                ").",
                "When",
                " time",
                " in",
                " my"
            ]
        ]
    }
}