{
    "$schema": "../docs/rationalization.schema.json",
    "id": 16,
    "input-text": [
        "</s>",
        "I",
        " had",
        " never",
        " been",
        " friends",
        " with",
        " any",
        " Chinese",
        " people",
        " before",
        ".",
        " (",
        "The",
        " funn",
        "iest",
        " thing",
        " happened",
        " to",
        " me",
        " the",
        " other",
        " day",
        ",",
        " but",
        " that",
        "'s",
        " a",
        " story",
        " for",
        " another",
        " time",
        ").",
        " In",
        " fact",
        ",",
        " I",
        " had",
        " never",
        " even",
        " been",
        " to"
    ],
    "input-tokens": [
        2,
        100,
        56,
        393,
        57,
        964,
        19,
        143,
        1111,
        82,
        137,
        4,
        36,
        133,
        29310,
        7098,
        631,
        1102,
        7,
        162,
        5,
        97,
        183,
        6,
        53,
        14,
        18,
        10,
        527,
        13,
        277,
        86,
        322,
        96,
        754,
        6,
        38,
        56,
        393,
        190,
        57,
        7
    ],
    "target-text": " China",
    "target-token": 436,
    "rational-size": 8,
    "rational-positions": [
        6,
        8,
        14,
        34,
        38,
        39,
        40,
        41
    ],
    "rational-text": [
        " with",
        " Chinese",
        " funn",
        " fact",
        " never",
        " even",
        " been",
        " to"
    ],
    "rational-tokens": [
        19,
        1111,
        29310,
        754,
        393,
        190,
        57,
        7
    ],
    "importance-scores": [
        9.127366240591073e-08,
        1.3394870620686561e-05,
        1.1567690307856537e-05,
        2.1309206204023212e-06,
        7.224162800412159e-06,
        3.4952304304169957e-06,
        2.5312581783509813e-05,
        1.2361224435153417e-06,
        0.8177556991577148,
        0.0005036251968704164,
        6.516675625789503e-07,
        1.2290423910599202e-05,
        6.814866355853155e-05,
        4.307067229092354e-06,
        0.002324930392205715,
        0.0003040089795831591,
        5.536106073122937e-06,
        3.955509600928053e-05,
        3.643974559963681e-05,
        2.0650979422498494e-05,
        5.727575285163766e-07,
        0.00015328131848946214,
        3.507849760353565e-05,
        1.645806696615182e-05,
        6.383717845892534e-05,
        1.2551690815598704e-06,
        1.101339762499265e-06,
        4.6825798563077115e-06,
        1.3646357501784223e-06,
        1.0680941159080248e-05,
        1.9796789274550974e-05,
        4.244876890879823e-06,
        0.0012731293682008982,
        1.3965490325063001e-05,
        0.00045320470235310495,
        9.456857696932275e-07,
        6.314543270491413e-07,
        0.00010124442633241415,
        0.00013408662925940007,
        0.017032606527209282,
        0.1404205858707428,
        0.019117044284939766
    ],
    "comments": {
        "created-by": "run_analogies.py",
        "args": {
            "model": "facebook/opt-350m",
            "cache_dir": "cache/",
            "tokenizer": "facebook/opt-350m",
            "data_dir": "data/analogies/OPT350M",
            "importance_results_dir": "rationalization_results/analogies/OPT350M_ours/top3_replace0.1_max5000_batch5",
            "device": "cuda",
            "rationalization_config": "config//top3_replace0.1_max5000_batch5.json",
            "input_num_ratio": 1.0,
            "logfolder": "logs/analogies/OPT350M_ours/top3_replace0.1_max5000_batch5",
            "loglevel": 20
        },
        "time_elapsed": 11.365920782089233,
        "separate_rational": [
            [
                " been",
                " Chinese",
                " even",
                " to",
                " funn",
                ").",
                " people",
                " fact"
            ],
            [
                " Chinese",
                " to",
                " been",
                " even",
                ".",
                " never",
                " any",
                " with"
            ],
            [
                " Chinese",
                " to",
                " been",
                " before",
                " funn",
                " fact",
                " never",
                " the"
            ],
            [
                " Chinese",
                " been",
                " for",
                " to",
                " never",
                " with",
                " never",
                " funn"
            ],
            [
                " Chinese",
                " been",
                " friends",
                " to",
                " another",
                " to",
                " other",
                " never"
            ]
        ]
    }
}