,FAs,Soft Suff,Soft Comp
0,Grad norms,0.00035414382800810426,0.009763159870635724
1,GradxEmb,0.0008280693742562905,0.014922814862802627
2,Integrated Grad,9.527910733595698e-05,0.010336799034848815
3,Gradient Shap,0.001152412016199382,0.014010608149692405
4,Attention Rollout,-0.0005817699962790454,-0.0005351658794097797
5,Attention Last,-9.59390687057915e-05,0.0004828564939088981
6,Attention,0.001810902953729962,0.003133601485751568
7,Ours,0.02304912587278521,0.18648874416248878
