,FAs,Soft Suff,Soft Comp
0,GradxEmb,0.2212126723319674,1.053048059894389
1,Integrated Grad,3.3193460632974277,3.048061253854481
2,Gradient Shap,0.3363530049638563,1.0676871065238929
3,Attention Rollout,0.19598747778699457,0.029416449165758397
4,Attention Last,0.08733400729019344,-0.0279872318101091
5,Attention,0.43272431507843995,0.3306804746781843
6,Ours,1.9649239709092994,3.063215577972213
