,FAs,Soft Suff,Soft Comp
0,Grad norms,0.005463514280108947,0.01630875840783117
1,GradxEmb,0.008243169998786458,0.02390888668596745
2,Integrated Grad,0.011376737028513145,0.01243282519280911
3,Gradient Shap,0.009947890642615654,0.011548910150304442
4,Attention Rollout,0.0027439794130259655,0.0007550752256065635
5,Attention Last,0.0007885516276473811,0.0017879360355436912
6,Attention,-0.004289320187490388,0.008027603384107357
7,Ours,0.007703669142210827,0.051106594456359754
