,FAs,Soft Suff,Soft Comp
0,Grad norms,8.785069367150052e-05,0.009670851647388203
1,GradxEmb,-0.001871033871429989,0.020474807685241115
2,Integrated Grad,-0.002019136372837245,0.012630907399579889
3,Gradient Shap,0.005452219356629938,0.015335149597376562
4,Attention Rollout,0.002592248004475553,0.0016640017041936572
5,Attention Last,-0.002903530678941038,-0.006252254103310412
6,Attention,-0.0026644582307199043,0.01184469533618539
7,Ours,0.010820555074315058,0.171042786363978
