,FAs,Soft Suff,Soft Comp
0,GradxEmb,0.5651060873273482,0.6484041742316029
1,Integrated Grad,1.7851219665758824,2.9464300523174396
2,Gradient Shap,0.7021899369151252,0.3514654202619098
3,Attention Rollout,0.32742335693907104,0.032446758272798436
4,Attention Last,0.09325800488434208,0.07094916890646627
5,Attention,-0.5029807376283348,0.2672559252998141
6,Ours,0.4865754118926555,1.0922386236886739
