,FAs,Soft Suff,Soft Comp
0,GradxEmb,0.03749863093355969,1.0545767996313922
1,Integrated Grad,1.6689357370352385,2.4512947357148462
2,Gradient Shap,1.2964084706702201,0.9278563084172127
3,Attention Rollout,-0.27916165966406237,0.1199331156371681
4,Attention Last,-0.06795379449186584,-0.11811525067177461
5,Attention,-1.58580640626636,1.5598715011643023
6,Ours,1.2099570334710434,1.9527041390591202
