,FAs,Soft Suff,Soft Comp
0,Grad norms,0.01153125585988163,0.06497636903077367
1,GradxEmb,-0.000970731873530889,0.009831943246535966
2,Integrated Grad,0.0,0.0
3,Gradient Shap,0.00773672201030422,0.014126427378505477
4,Attention Rollout,-0.0069129321374930275,0.0009637200273573509
5,Attention Last,-0.004782411841006251,-0.0014192633563652524
6,Attention,-0.005889833746186914,0.027255642437376094
7,Ours,0.024432032213371705,0.08942431509494786
