,FAs,Soft Suff,Soft Comp
0,Grad norms,0.0,0.0
1,GradxEmb,-0.0047400047653354815,0.00209797837305815
2,Integrated Grad,-0.01597880756016822,0.0017149714985862402
3,Gradient Shap,0.007290828679106198,0.0009852052899077459
4,Attention Rollout,-0.0015945776744047458,0.0020867036771960515
5,Attention Last,-0.004908564905053955,0.0016257621347904399
6,Attention,-0.01428826388437301,0.05668774703517556
7,Ours,0.0137266910285689,0.23577181908767675
