,FAs,Soft Suff,Soft Comp
0,GradxEmb,-0.20543085006884737,0.3023624997717575
1,Integrated Grad,-0.9835440943031617,0.2535552129555206
2,Gradient Shap,0.5044878344328242,0.15130474243677267
3,Attention Rollout,-0.17037631434099898,0.2283027758677396
4,Attention Last,0.4048435264232914,0.09382609988003585
5,Attention,-0.8204912955459538,2.3551317391194377
6,Ours,0.4205769742980583,3.1374472962172666
