,FAs,Soft Suff,Soft Comp
0,GradxEmb,-0.3566141339100824,0.32679799647814745
1,Integrated Grad,-0.9450991923482791,0.3060255672873825
2,Gradient Shap,0.7124808743854597,0.4364959335349054
3,Attention Rollout,0.41714275965023057,0.04441633128952323
4,Attention Last,0.17655524836527367,0.051535455002150427
5,Attention,0.4723005058676399,0.7887063113891462
6,Ours,0.13455103222407794,1.7251825140409225
