,FAs,Soft Suff,Soft Comp
0,Grad norms,0.0,0.0
1,GradxEmb,-0.0022638966634985886,0.016281438898295187
2,Integrated Grad,-0.0046141665836330545,0.015080750640481722
3,Gradient Shap,0.0037447653521667248,0.02014065105468036
4,Attention Rollout,0.003076731436340197,0.0028166559524834267
5,Attention Last,0.0013598095545603415,0.003342097066342842
6,Attention,0.004556204454274851,0.05057067135348917
7,Ours,0.0012999302452953762,0.2995723933912814
