,FAs,Soft Suff,Soft Comp
0,GradxEmb,0.050017981050714304,0.3880140983960317
1,Integrated Grad,-0.6205013838632872,0.1630196516129671
2,Gradient Shap,0.5727037779217506,0.08935029483873795
3,Attention Rollout,0.18761810814497437,0.37836564607304035
4,Attention Last,-0.2769231346614907,0.24924509713470677
5,Attention,-0.027448012558529442,2.7687280533756287
6,Ours,0.6963478928144125,3.292844558969349
