,FAs,Soft Suff,Soft Comp
0,Grad norms,0.0,0.0
1,GradxEmb,0.0007041767454211284,0.0024783483589999452
2,Integrated Grad,-0.006347410136004336,0.00092567322426476
3,Gradient Shap,0.0062079188348434485,0.0004998918739147456
4,Attention Rollout,0.0011395190489565798,0.0028486808587331325
5,Attention Last,-0.00161532347710818,0.0016955735278315815
6,Attention,-0.0003717177165526636,0.07809806350851432
7,Ours,0.01943776975458606,0.24843478193506602
