{
    "$schema": "../docs/rationalization.schema.json",
    "id": 100,
    "input-text": [
        "I",
        " knew",
        " it",
        " was",
        " loud",
        ",",
        " but",
        " that",
        "'s",
        " before",
        " I",
        " saw",
        " it",
        " in",
        " person",
        ".",
        " (",
        "Just",
        " then",
        " I",
        " thought",
        " about",
        " my",
        " ex",
        "-",
        "wife",
        ",",
        " but",
        " I",
        " had",
        " to",
        " stop",
        " thinking",
        " about",
        " her",
        ").",
        " When",
        " I",
        " did",
        " end",
        " up",
        " seeing",
        " it",
        " in",
        " person",
        ",",
        " it",
        " was",
        " even"
    ],
    "input-tokens": [
        40,
        2993,
        340,
        373,
        7812,
        11,
        475,
        326,
        338,
        878,
        314,
        2497,
        340,
        287,
        1048,
        13,
        357,
        5703,
        788,
        314,
        1807,
        546,
        616,
        409,
        12,
        22095,
        11,
        475,
        314,
        550,
        284,
        2245,
        3612,
        546,
        607,
        737,
        1649,
        314,
        750,
        886,
        510,
        4379,
        340,
        287,
        1048,
        11,
        340,
        373,
        772
    ],
    "target-text": " louder",
    "target-token": 27089,
    "rational-size": 5,
    "rational-positions": [
        4,
        48,
        36,
        32,
        44
    ],
    "rational-text": [
        " loud",
        " even",
        " When",
        " thinking",
        " person"
    ],
    "rational-tokens": [
        7812,
        772,
        1649,
        3612,
        1048
    ],
    "importance-scores": [
        0.023881174623966217,
        0.025516275316476822,
        0.015833955258131027,
        0.020535560324788094,
        0.09605861455202103,
        0.00652203569188714,
        0.011658471077680588,
        0.006199860014021397,
        0.006863384507596493,
        0.013178623281419277,
        0.0061154053546488285,
        0.011495447717607021,
        0.006391497794538736,
        0.005572131834924221,
        0.019269833341240883,
        0.009878785349428654,
        0.011362243443727493,
        0.02485651709139347,
        0.01582213304936886,
        0.007178004831075668,
        0.01848491095006466,
        0.014315675012767315,
        0.008337571285665035,
        0.01612584851682186,
        0.008919667452573776,
        0.02300426736474037,
        0.006503936368972063,
        0.00828731432557106,
        0.007771988864988089,
        0.01182850357145071,
        0.007989255711436272,
        0.013820981606841087,
        0.07385436445474625,
        0.0126283448189497,
        0.01316781435161829,
        0.06321239471435547,
        0.07802832871675491,
        0.009315251372754574,
        0.01179855689406395,
        0.014408537186682224,
        0.011891204863786697,
        0.02500399760901928,
        0.01016110461205244,
        0.006102246232330799,
        0.07151218503713608,
        0.00512202363461256,
        0.00789667759090662,
        0.010424070991575718,
        0.08589302003383636
    ],
    "comments": {
        "created-by": "run_analogies.py",
        "args": {
            "model": "gpt2-xl",
            "cache_dir": "./cache/",
            "tokenizer": "gpt2-xl",
            "data_dir": "data/analogies/gpt2_xl/",
            "importance_results_dir": "rationalization_results/analogies/gpt2_xl_integrated_gradients",
            "device": "cuda",
            "rationalization_config": "config/eva_integrated_gradients.json",
            "input_num_ratio": 1,
            "logfolder": "logs/analogies/gpt2_xl_integrated_gradients",
            "loglevel": 20
        },
        "time_elapsed": 1.1452131271362305
    }
}