{
    "$schema": "../docs/rationalization.schema.json",
    "id": 108,
    "input-text": [
        "I",
        " knew",
        " it",
        " was",
        " tight",
        ",",
        " but",
        " that",
        "'s",
        " before",
        " I",
        " saw",
        " it",
        " in",
        " person",
        ".",
        " (",
        "Just",
        " then",
        " I",
        " thought",
        " about",
        " my",
        " ex",
        "-",
        "wife",
        ",",
        " but",
        " I",
        " had",
        " to",
        " stop",
        " thinking",
        " about",
        " her",
        ").",
        " When",
        " I",
        " did",
        " end",
        " up",
        " seeing",
        " it",
        " in",
        " person",
        ",",
        " it",
        " was",
        " even"
    ],
    "input-tokens": [
        40,
        2993,
        340,
        373,
        5381,
        11,
        475,
        326,
        338,
        878,
        314,
        2497,
        340,
        287,
        1048,
        13,
        357,
        5703,
        788,
        314,
        1807,
        546,
        616,
        409,
        12,
        22095,
        11,
        475,
        314,
        550,
        284,
        2245,
        3612,
        546,
        607,
        737,
        1649,
        314,
        750,
        886,
        510,
        4379,
        340,
        287,
        1048,
        11,
        340,
        373,
        772
    ],
    "target-text": " tighter",
    "target-token": 28619,
    "rational-size": 5,
    "rational-positions": [
        4,
        1,
        48,
        0,
        3
    ],
    "rational-text": [
        " tight",
        " knew",
        " even",
        "I",
        " was"
    ],
    "rational-tokens": [
        5381,
        2993,
        772,
        40,
        373
    ],
    "importance-scores": [
        0.055299244821071625,
        0.07258761674165726,
        0.03225148841738701,
        0.04182255640625954,
        0.15572720766067505,
        0.012096120975911617,
        0.011654039844870567,
        0.009378691203892231,
        0.010133775882422924,
        0.01653268001973629,
        0.00998588278889656,
        0.019226880744099617,
        0.009332649409770966,
        0.0064329425804317,
        0.023732779547572136,
        0.011503996327519417,
        0.015193142928183079,
        0.020315466448664665,
        0.00965742114931345,
        0.007334868423640728,
        0.013853630051016808,
        0.007945767603814602,
        0.006700207944959402,
        0.016464687883853912,
        0.007369697093963623,
        0.023031022399663925,
        0.005396673455834389,
        0.009031769819557667,
        0.007182156201452017,
        0.00920620746910572,
        0.006649860180914402,
        0.01072404719889164,
        0.02267472818493843,
        0.00890040211379528,
        0.00971042551100254,
        0.04075898975133896,
        0.04085604101419449,
        0.010418090038001537,
        0.012154041789472103,
        0.012047349475324154,
        0.010311035439372063,
        0.0343092605471611,
        0.01029747910797596,
        0.004635914694517851,
        0.022314472123980522,
        0.005409288685768843,
        0.007395903579890728,
        0.009382514283061028,
        0.0646689161658287
    ],
    "comments": {
        "created-by": "run_analogies.py",
        "args": {
            "model": "gpt2-xl",
            "cache_dir": "cache/",
            "tokenizer": "gpt2-xl",
            "data_dir": "data/analogies/gpt2_xl/",
            "importance_results_dir": "rationalization_results/analogies/gpt2_xl_integrated_gradients",
            "device": "cuda",
            "rationalization_config": "config/eva_integrated_gradients.json",
            "input_num_ratio": 1,
            "logfolder": "logs/analogies/gpt2_xl_integrated_gradients",
            "loglevel": 20
        },
        "time_elapsed": 1.1877632141113281
    }
}