{
    "$schema": "../docs/rationalization.schema.json",
    "id": 122,
    "input-text": [
        "I",
        " thought",
        " it",
        " would",
        " be",
        " the",
        " simplest",
        " thing",
        " I",
        "'d",
        " ever",
        " encounter",
        ".",
        " (",
        "I",
        " tried",
        " to",
        " ignore",
        " my",
        " phone",
        " vibr",
        "ating",
        " in",
        " my",
        " pocket",
        ").",
        " But",
        " when",
        " I",
        " did",
        " end",
        " up",
        " encountering",
        " it",
        ",",
        " it",
        " turned",
        " out",
        " it",
        " wasn",
        "'t",
        " so"
    ],
    "input-tokens": [
        40,
        1807,
        340,
        561,
        307,
        262,
        24043,
        1517,
        314,
        1549,
        1683,
        8791,
        13,
        357,
        40,
        3088,
        284,
        8856,
        616,
        3072,
        12611,
        803,
        287,
        616,
        10000,
        737,
        887,
        618,
        314,
        750,
        886,
        510,
        42398,
        340,
        11,
        340,
        2900,
        503,
        340,
        2492,
        470,
        523
    ],
    "target-text": " simple",
    "target-token": 2829,
    "rational-size": 5,
    "rational-positions": [
        40,
        37,
        6,
        26,
        39
    ],
    "rational-text": [
        "'t",
        " out",
        " simplest",
        " But",
        " wasn"
    ],
    "rational-tokens": [
        470,
        503,
        24043,
        887,
        2492
    ],
    "importance-scores": [
        0.01802789233624935,
        0.017534824088215828,
        0.010705545544624329,
        0.012224244885146618,
        0.009417151100933552,
        0.0119769973680377,
        0.07193456590175629,
        0.010684316046535969,
        0.006490196567028761,
        0.009756499901413918,
        0.00899442657828331,
        0.013020731508731842,
        0.006904473528265953,
        0.00829863641411066,
        0.007380251307040453,
        0.012092195451259613,
        0.0061101666651666164,
        0.01410872582346201,
        0.008974291384220123,
        0.014153293333947659,
        0.01594325713813305,
        0.01365799643099308,
        0.008271005004644394,
        0.010778835043311119,
        0.014701119624078274,
        0.038783442229032516,
        0.06312017142772675,
        0.01553532388061285,
        0.00811299029737711,
        0.011630863882601261,
        0.013598053716123104,
        0.010671480558812618,
        0.024517403915524483,
        0.009661220014095306,
        0.010720359161496162,
        0.011159097775816917,
        0.020881062373518944,
        0.08181502670049667,
        0.016546037048101425,
        0.04826478287577629,
        0.2249508649110794,
        0.04789024591445923
    ],
    "comments": {
        "created-by": "run_analogies.py",
        "args": {
            "model": "gpt2-xl",
            "cache_dir": "./cache/",
            "tokenizer": "gpt2-xl",
            "data_dir": "data/analogies/gpt2_xl/",
            "importance_results_dir": "rationalization_results/analogies/gpt2_xl_integrated_gradients",
            "device": "cuda",
            "rationalization_config": "config/eva_integrated_gradients.json",
            "input_num_ratio": 1,
            "logfolder": "logs/analogies/gpt2_xl_integrated_gradients",
            "loglevel": 20
        },
        "time_elapsed": 0.9875810146331787
    }
}