{
    "$schema": "../docs/rationalization.schema.json",
    "id": 151,
    "input-text": [
        "I",
        " had",
        " never",
        " been",
        " friends",
        " with",
        " any",
        " French",
        " people",
        " before",
        ".",
        " (",
        "The",
        " funn",
        "iest",
        " thing",
        " happened",
        " to",
        " me",
        " the",
        " other",
        " day",
        ",",
        " but",
        " that",
        "'s",
        " a",
        " story",
        " for",
        " another",
        " time",
        ").",
        " In",
        " fact",
        ",",
        " I",
        " had",
        " never",
        " even",
        " been",
        " to"
    ],
    "input-tokens": [
        40,
        550,
        1239,
        587,
        2460,
        351,
        597,
        4141,
        661,
        878,
        13,
        357,
        464,
        36090,
        6386,
        1517,
        3022,
        284,
        502,
        262,
        584,
        1110,
        11,
        475,
        326,
        338,
        257,
        1621,
        329,
        1194,
        640,
        737,
        554,
        1109,
        11,
        314,
        550,
        1239,
        772,
        587,
        284
    ],
    "target-text": " France",
    "target-token": 4881,
    "rational-size": 5,
    "rational-positions": [
        15,
        13,
        14,
        7,
        8
    ],
    "rational-text": [
        " thing",
        " funn",
        "iest",
        " French",
        " people"
    ],
    "rational-tokens": [
        1517,
        36090,
        6386,
        4141,
        661
    ],
    "importance-scores": [
        0.024670660495758057,
        0.02364100143313408,
        0.02637377753853798,
        0.019223257899284363,
        0.040328484028577805,
        0.01654713787138462,
        0.020365184172987938,
        0.04897765442728996,
        0.04045284911990166,
        0.025914613157510757,
        0.024460794404149055,
        0.027818823233246803,
        0.03359876200556755,
        0.0679599791765213,
        0.05372706428170204,
        0.4952605664730072,
        0.00044090033043175936,
        0.00010573761392151937,
        0.0002521503483876586,
        0.00013154203770682216,
        0.00045280338963493705,
        0.0002623553737066686,
        0.00013074280286673456,
        0.00019914329459425062,
        0.0002238318120362237,
        0.0002673988929018378,
        0.00017333627329207957,
        0.0003112080448772758,
        0.00018479769641999155,
        0.001129870768636465,
        0.00019256128871347755,
        0.0017994167283177376,
        0.0003362233401276171,
        0.0009120726026594639,
        9.154344297712669e-05,
        0.00013905316882301122,
        0.00017573533114045858,
        0.00025541349896229804,
        0.0012783762067556381,
        0.0010449540568515658,
        0.00018822235870175064
    ],
    "comments": {
        "created-by": "run_analogies.py",
        "args": {
            "model": "gpt2-xl",
            "cache_dir": "./cache/",
            "tokenizer": "gpt2-xl",
            "data_dir": "data/analogies/gpt2_xl/",
            "importance_results_dir": "rationalization_results/analogies/gpt2_xl_integrated_gradients",
            "device": "cuda",
            "rationalization_config": "config/eva_integrated_gradients.json",
            "input_num_ratio": 1,
            "logfolder": "logs/analogies/gpt2_xl_integrated_gradients",
            "loglevel": 20
        },
        "time_elapsed": 0.9821422100067139
    }
}