{
    "$schema": "../docs/rationalization.schema.json",
    "id": 164,
    "input-text": [
        "I",
        " had",
        " never",
        " been",
        " friends",
        " with",
        " any",
        " Portuguese",
        " people",
        " before",
        ".",
        " (",
        "The",
        " funn",
        "iest",
        " thing",
        " happened",
        " to",
        " me",
        " the",
        " other",
        " day",
        ",",
        " but",
        " that",
        "'s",
        " a",
        " story",
        " for",
        " another",
        " time",
        ").",
        " In",
        " fact",
        ",",
        " I",
        " had",
        " never",
        " even",
        " been",
        " to"
    ],
    "input-tokens": [
        40,
        550,
        1239,
        587,
        2460,
        351,
        597,
        21813,
        661,
        878,
        13,
        357,
        464,
        36090,
        6386,
        1517,
        3022,
        284,
        502,
        262,
        584,
        1110,
        11,
        475,
        326,
        338,
        257,
        1621,
        329,
        1194,
        640,
        737,
        554,
        1109,
        11,
        314,
        550,
        1239,
        772,
        587,
        284
    ],
    "target-text": " Portugal",
    "target-token": 19101,
    "rational-size": 5,
    "rational-positions": [
        7,
        31,
        6,
        29,
        39
    ],
    "rational-text": [
        " Portuguese",
        ").",
        " any",
        " another",
        " been"
    ],
    "rational-tokens": [
        21813,
        737,
        597,
        1194,
        587
    ],
    "importance-scores": [
        0.02822072058916092,
        0.022590884938836098,
        0.02571309730410576,
        0.021532917395234108,
        0.03692867234349251,
        0.020673753693699837,
        0.05495695024728775,
        0.1842036247253418,
        0.0212345402687788,
        0.008856592699885368,
        0.009511278010904789,
        0.010643857531249523,
        0.013583649881184101,
        0.02350560948252678,
        0.012740546837449074,
        0.029864605516195297,
        0.017873769626021385,
        0.004322727210819721,
        0.010023560374975204,
        0.005221688188612461,
        0.012778635136783123,
        0.010148909874260426,
        0.005919414572417736,
        0.008200065232813358,
        0.009817332029342651,
        0.01137477532029152,
        0.008382270112633705,
        0.01363476924598217,
        0.008709262125194073,
        0.05484834685921669,
        0.010250524617731571,
        0.09905584901571274,
        0.015780562534928322,
        0.028178716078400612,
        0.004322289954870939,
        0.00763113796710968,
        0.009444114752113819,
        0.013953362591564655,
        0.04361962154507637,
        0.04977147653698921,
        0.011975424364209175
    ],
    "comments": {
        "created-by": "run_analogies.py",
        "args": {
            "model": "gpt2-xl",
            "cache_dir": "./cache/",
            "tokenizer": "gpt2-xl",
            "data_dir": "data/analogies/gpt2_xl/",
            "importance_results_dir": "rationalization_results/analogies/gpt2_xl_integrated_gradients",
            "device": "cuda",
            "rationalization_config": "config/eva_integrated_gradients.json",
            "input_num_ratio": 1,
            "logfolder": "logs/analogies/gpt2_xl_integrated_gradients",
            "loglevel": 20
        },
        "time_elapsed": 1.0338990688323975
    }
}