{
    "$schema": "../docs/rationalization.schema.json",
    "id": 32,
    "input-text": [
        "When",
        " my",
        " flight",
        " landed",
        " in",
        " Egypt",
        ",",
        " I",
        " converted",
        " my",
        " currency",
        " and",
        " slowly",
        " fell",
        " asleep",
        ".",
        " (",
        "I",
        " was",
        " behind",
        " on",
        " a",
        " couple",
        " of",
        " assignments",
        ",",
        " but",
        " I",
        " tried",
        " not",
        " to",
        " think",
        " about",
        " them",
        ").",
        " I",
        " was",
        " staying",
        " in",
        " the",
        " capital",
        ","
    ],
    "input-tokens": [
        2215,
        616,
        5474,
        11406,
        287,
        6365,
        11,
        314,
        11513,
        616,
        7395,
        290,
        6364,
        3214,
        16039,
        13,
        357,
        40,
        373,
        2157,
        319,
        257,
        3155,
        286,
        25815,
        11,
        475,
        314,
        3088,
        407,
        284,
        892,
        546,
        606,
        737,
        314,
        373,
        10589,
        287,
        262,
        3139,
        11
    ],
    "target-text": " Cairo",
    "target-token": 23732,
    "rational-size": 5,
    "rational-positions": [
        40,
        5,
        37,
        2,
        3
    ],
    "rational-text": [
        " capital",
        " Egypt",
        " staying",
        " flight",
        " landed"
    ],
    "rational-tokens": [
        3139,
        6365,
        10589,
        5474,
        11406
    ],
    "importance-scores": [
        0.02980975992977619,
        0.02380364015698433,
        0.04251013323664665,
        0.036455392837524414,
        0.016140727326273918,
        0.12178230285644531,
        0.008560377173125744,
        0.008464010432362556,
        0.025629423558712006,
        0.010020585730671883,
        0.02886759676039219,
        0.008128231391310692,
        0.017277739942073822,
        0.013337597250938416,
        0.025624454021453857,
        0.009128935635089874,
        0.01156911812722683,
        0.007412228267639875,
        0.007271656300872564,
        0.009930417872965336,
        0.005307110492140055,
        0.0045718783512711525,
        0.01764899492263794,
        0.008872125297784805,
        0.03571435064077377,
        0.0065706814639270306,
        0.00898588728159666,
        0.00638859486207366,
        0.016373882070183754,
        0.00767039880156517,
        0.0048085907474160194,
        0.013444223441183567,
        0.010799896903336048,
        0.013530422002077103,
        0.025911841541528702,
        0.013804574497044086,
        0.013296116143465042,
        0.051739003509283066,
        0.01191866584122181,
        0.011610141955316067,
        0.232772096991539,
        0.016536233946681023
    ],
    "comments": {
        "created-by": "run_analogies.py",
        "args": {
            "model": "gpt2-xl",
            "cache_dir": "./cache/",
            "tokenizer": "gpt2-xl",
            "data_dir": "data/analogies/gpt2_xl/",
            "importance_results_dir": "rationalization_results/analogies/gpt2_xl_integrated_gradients",
            "device": "cuda",
            "rationalization_config": "config/eva_integrated_gradients.json",
            "input_num_ratio": 1,
            "logfolder": "logs/analogies/gpt2_xl_integrated_gradients",
            "loglevel": 20
        },
        "time_elapsed": 1.0262458324432373
    }
}