{
    "$schema": "../docs/rationalization.schema.json",
    "id": 34,
    "input-text": [
        "When",
        " my",
        " flight",
        " landed",
        " in",
        " Denmark",
        ",",
        " I",
        " converted",
        " my",
        " currency",
        " and",
        " slowly",
        " fell",
        " asleep",
        ".",
        " (",
        "I",
        " was",
        " behind",
        " on",
        " a",
        " couple",
        " of",
        " assignments",
        ",",
        " but",
        " I",
        " tried",
        " not",
        " to",
        " think",
        " about",
        " them",
        ").",
        " I",
        " was",
        " staying",
        " in",
        " the",
        " capital",
        ","
    ],
    "input-tokens": [
        2215,
        616,
        5474,
        11406,
        287,
        16490,
        11,
        314,
        11513,
        616,
        7395,
        290,
        6364,
        3214,
        16039,
        13,
        357,
        40,
        373,
        2157,
        319,
        257,
        3155,
        286,
        25815,
        11,
        475,
        314,
        3088,
        407,
        284,
        892,
        546,
        606,
        737,
        314,
        373,
        10589,
        287,
        262,
        3139,
        11
    ],
    "target-text": " Copenhagen",
    "target-token": 31104,
    "rational-size": 5,
    "rational-positions": [
        40,
        5,
        37,
        2,
        24
    ],
    "rational-text": [
        " capital",
        " Denmark",
        " staying",
        " flight",
        " assignments"
    ],
    "rational-tokens": [
        3139,
        16490,
        10589,
        5474,
        25815
    ],
    "importance-scores": [
        0.02742387354373932,
        0.018111547455191612,
        0.035393375903367996,
        0.03433633968234062,
        0.01478986069560051,
        0.11039095371961594,
        0.009227538481354713,
        0.008096026256680489,
        0.024534206837415695,
        0.009773864410817623,
        0.023725179955363274,
        0.009185675531625748,
        0.017972897738218307,
        0.015369703061878681,
        0.026466455310583115,
        0.010368740186095238,
        0.010386931709945202,
        0.007954510860145092,
        0.007898897863924503,
        0.010397873818874359,
        0.005502494052052498,
        0.005057177506387234,
        0.01726679317653179,
        0.009810036048293114,
        0.03489889204502106,
        0.006693620700389147,
        0.009223571978509426,
        0.007238331716507673,
        0.016563991084694862,
        0.007882502861320972,
        0.0050881365314126015,
        0.014339296147227287,
        0.010647807270288467,
        0.014392545446753502,
        0.024317778646945953,
        0.014082057401537895,
        0.013652597554028034,
        0.04798921197652817,
        0.011376883834600449,
        0.011811118572950363,
        0.26955369114875793,
        0.010807033628225327
    ],
    "comments": {
        "created-by": "run_analogies.py",
        "args": {
            "model": "gpt2-xl",
            "cache_dir": "./cache/",
            "tokenizer": "gpt2-xl",
            "data_dir": "data/analogies/gpt2_xl/",
            "importance_results_dir": "rationalization_results/analogies/gpt2_xl_integrated_gradients",
            "device": "cuda",
            "rationalization_config": "config/eva_integrated_gradients.json",
            "input_num_ratio": 1,
            "logfolder": "logs/analogies/gpt2_xl_integrated_gradients",
            "loglevel": 20
        },
        "time_elapsed": 0.9815895557403564
    }
}