{
    "$schema": "../docs/rationalization.schema.json",
    "id": 42,
    "input-text": [
        "When",
        " my",
        " flight",
        " landed",
        " in",
        " Ukraine",
        ",",
        " I",
        " converted",
        " my",
        " currency",
        " and",
        " slowly",
        " fell",
        " asleep",
        ".",
        " (",
        "I",
        " was",
        " behind",
        " on",
        " a",
        " couple",
        " of",
        " assignments",
        ",",
        " but",
        " I",
        " tried",
        " not",
        " to",
        " think",
        " about",
        " them",
        ").",
        " I",
        " was",
        " staying",
        " in",
        " the",
        " capital",
        ","
    ],
    "input-tokens": [
        2215,
        616,
        5474,
        11406,
        287,
        7049,
        11,
        314,
        11513,
        616,
        7395,
        290,
        6364,
        3214,
        16039,
        13,
        357,
        40,
        373,
        2157,
        319,
        257,
        3155,
        286,
        25815,
        11,
        475,
        314,
        3088,
        407,
        284,
        892,
        546,
        606,
        737,
        314,
        373,
        10589,
        287,
        262,
        3139,
        11
    ],
    "target-text": " Kiev",
    "target-token": 22761,
    "rational-size": 5,
    "rational-positions": [
        40,
        5,
        2,
        37,
        3
    ],
    "rational-text": [
        " capital",
        " Ukraine",
        " flight",
        " staying",
        " landed"
    ],
    "rational-tokens": [
        3139,
        7049,
        5474,
        10589,
        11406
    ],
    "importance-scores": [
        0.02909313701093197,
        0.022209543734788895,
        0.042390644550323486,
        0.037311360239982605,
        0.014616427011787891,
        0.08756003528833389,
        0.009142505936324596,
        0.008058544248342514,
        0.0260149072855711,
        0.009702006354928017,
        0.02336815930902958,
        0.008737372234463692,
        0.018855657428503036,
        0.015558218583464622,
        0.024059515446424484,
        0.010647803544998169,
        0.011812963522970676,
        0.008528122678399086,
        0.008190546184778214,
        0.010536720976233482,
        0.005903307814151049,
        0.005499230232089758,
        0.01833258382976055,
        0.010578975081443787,
        0.03391987830400467,
        0.00711671682074666,
        0.010584433563053608,
        0.007555017713457346,
        0.017080184072256088,
        0.00827916618436575,
        0.005503032356500626,
        0.016129419207572937,
        0.010996293276548386,
        0.015219037421047688,
        0.023607032373547554,
        0.013459565117955208,
        0.013049627654254436,
        0.041706401854753494,
        0.011148135177791119,
        0.012176861055195332,
        0.27202340960502625,
        0.013737545348703861
    ],
    "comments": {
        "created-by": "run_analogies.py",
        "args": {
            "model": "gpt2-xl",
            "cache_dir": "./cache/",
            "tokenizer": "gpt2-xl",
            "data_dir": "data/analogies/gpt2_xl/",
            "importance_results_dir": "rationalization_results/analogies/gpt2_xl_integrated_gradients",
            "device": "cuda",
            "rationalization_config": "config/eva_integrated_gradients.json",
            "input_num_ratio": 1,
            "logfolder": "logs/analogies/gpt2_xl_integrated_gradients",
            "loglevel": 20
        },
        "time_elapsed": 0.9828648567199707
    }
}