{
    "$schema": "../docs/rationalization.schema.json",
    "id": 64,
    "input-text": [
        "As",
        " soon",
        " as",
        " I",
        " arrived",
        " in",
        " Europe",
        ",",
        " I",
        " checked",
        " into",
        " my",
        " hotel",
        " and",
        " took",
        " a",
        " long",
        " nap",
        ".",
        " (",
        "I",
        " had",
        " finally",
        " finished",
        " the",
        " book",
        " I",
        " was",
        " reading",
        " and",
        " it",
        " was",
        " amazing",
        ").",
        " I",
        " had",
        " to",
        " figure",
        " out",
        " the",
        " exchange",
        " rate",
        " to",
        " the",
        " local",
        " currency",
        ",",
        " which",
        " is",
        " apparently",
        " called",
        " the"
    ],
    "input-tokens": [
        1722,
        2582,
        355,
        314,
        5284,
        287,
        2031,
        11,
        314,
        10667,
        656,
        616,
        7541,
        290,
        1718,
        257,
        890,
        25422,
        13,
        357,
        40,
        550,
        3443,
        5201,
        262,
        1492,
        314,
        373,
        3555,
        290,
        340,
        373,
        4998,
        737,
        314,
        550,
        284,
        3785,
        503,
        262,
        5163,
        2494,
        284,
        262,
        1957,
        7395,
        11,
        543,
        318,
        5729,
        1444,
        262
    ],
    "target-text": " Euro",
    "target-token": 1898,
    "rational-size": 5,
    "rational-positions": [
        32,
        45,
        44,
        40,
        6
    ],
    "rational-text": [
        " amazing",
        " currency",
        " local",
        " exchange",
        " Europe"
    ],
    "rational-tokens": [
        4998,
        7395,
        1957,
        5163,
        2031
    ],
    "importance-scores": [
        0.026860322803258896,
        0.018886474892497063,
        0.008904380723834038,
        0.010574380867183208,
        0.01733582466840744,
        0.00810935441404581,
        0.03137503191828728,
        0.006735729984939098,
        0.005481009371578693,
        0.011972117237746716,
        0.006324595771729946,
        0.007311842404305935,
        0.0175034087151289,
        0.00433129258453846,
        0.008496574126183987,
        0.004434969741851091,
        0.007987732999026775,
        0.02236388623714447,
        0.007796360645443201,
        0.00884097721427679,
        0.007319124881178141,
        0.009131585247814655,
        0.013003528118133545,
        0.012964827008545399,
        0.007263888139277697,
        0.02271391451358795,
        0.007929125800728798,
        0.009858396835625172,
        0.017817877233028412,
        0.008784222416579723,
        0.010373949073255062,
        0.014806399121880531,
        0.17989884316921234,
        0.016813648864626884,
        0.00596320116892457,
        0.008040562272071838,
        0.004649305250495672,
        0.022046325728297234,
        0.008364951238036156,
        0.008357493206858635,
        0.03497988358139992,
        0.029287705197930336,
        0.0060172006487846375,
        0.01156267523765564,
        0.10537463426589966,
        0.11037834733724594,
        0.004995283205062151,
        0.0057637058198452,
        0.0038310333620756865,
        0.025541329756379128,
        0.017512423917651176,
        0.007028257939964533
    ],
    "comments": {
        "created-by": "run_analogies.py",
        "args": {
            "model": "gpt2-xl",
            "cache_dir": "./cache/",
            "tokenizer": "gpt2-xl",
            "data_dir": "data/analogies/gpt2_xl/",
            "importance_results_dir": "rationalization_results/analogies/gpt2_xl_integrated_gradients",
            "device": "cuda",
            "rationalization_config": "config/eva_integrated_gradients.json",
            "input_num_ratio": 1,
            "logfolder": "logs/analogies/gpt2_xl_integrated_gradients",
            "loglevel": 20
        },
        "time_elapsed": 1.178844690322876
    }
}