{
    "$schema": "../docs/rationalization.schema.json",
    "id": 83,
    "input-text": [
        "I",
        " initially",
        " invited",
        " my",
        " king",
        ",",
        " who",
        " gladly",
        " accepted",
        " my",
        " invitation",
        ".",
        " (",
        "My",
        " favorite",
        " song",
        " just",
        " came",
        " on",
        ",",
        " so",
        " I",
        " was",
        " able",
        " to",
        " relax",
        ").",
        " When",
        " I",
        " learned",
        " that",
        " women",
        " were",
        " allowed",
        ",",
        " I",
        " went",
        " ahead",
        " and",
        " also",
        " invited",
        " my"
    ],
    "input-tokens": [
        40,
        7317,
        9392,
        616,
        5822,
        11,
        508,
        35092,
        6292,
        616,
        17023,
        13,
        357,
        3666,
        4004,
        3496,
        655,
        1625,
        319,
        11,
        523,
        314,
        373,
        1498,
        284,
        8960,
        737,
        1649,
        314,
        4499,
        326,
        1466,
        547,
        3142,
        11,
        314,
        1816,
        4058,
        290,
        635,
        9392,
        616
    ],
    "target-text": " queen",
    "target-token": 16599,
    "rational-size": 5,
    "rational-positions": [
        4,
        2,
        1,
        3,
        0
    ],
    "rational-text": [
        " king",
        " invited",
        " initially",
        " my",
        "I"
    ],
    "rational-tokens": [
        5822,
        9392,
        7317,
        616,
        40
    ],
    "importance-scores": [
        0.051860369741916656,
        0.06913945078849792,
        0.07801039516925812,
        0.053663644939661026,
        0.17367790639400482,
        0.012431767769157887,
        0.0166670810431242,
        0.03782151639461517,
        0.016674131155014038,
        0.011014272458851337,
        0.025935323908925056,
        0.012568457052111626,
        0.014953487552702427,
        0.010491346009075642,
        0.020368944853544235,
        0.021702075377106667,
        0.008241276256740093,
        0.009647642262279987,
        0.006252559833228588,
        0.005722950678318739,
        0.007613091263920069,
        0.006121926009654999,
        0.008305744268000126,
        0.037735145539045334,
        0.005145066883414984,
        0.02064434252679348,
        0.02193908393383026,
        0.015202638693153858,
        0.00796196237206459,
        0.022613227367401123,
        0.00804941263049841,
        0.03387032449245453,
        0.007247367408126593,
        0.02672380581498146,
        0.003916834481060505,
        0.009350896812975407,
        0.009074489586055279,
        0.012899507768452168,
        0.005448434501886368,
        0.013251871801912785,
        0.041038744151592255,
        0.01900150626897812
    ],
    "comments": {
        "created-by": "run_analogies.py",
        "args": {
            "model": "gpt2-xl",
            "cache_dir": "./cache/",
            "tokenizer": "gpt2-xl",
            "data_dir": "data/analogies/gpt2_xl/",
            "importance_results_dir": "rationalization_results/analogies/gpt2_xl_integrated_gradients",
            "device": "cuda",
            "rationalization_config": "config/eva_integrated_gradients.json",
            "input_num_ratio": 1,
            "logfolder": "logs/analogies/gpt2_xl_integrated_gradients",
            "loglevel": 20
        },
        "time_elapsed": 0.9804360866546631
    }
}