{
    "$schema": "../docs/rationalization.schema.json",
    "id": 99,
    "input-text": [
        "I",
        " knew",
        " it",
        " was",
        " long",
        ",",
        " but",
        " that",
        "'s",
        " before",
        " I",
        " saw",
        " it",
        " in",
        " person",
        ".",
        " (",
        "Just",
        " then",
        " I",
        " thought",
        " about",
        " my",
        " ex",
        "-",
        "wife",
        ",",
        " but",
        " I",
        " had",
        " to",
        " stop",
        " thinking",
        " about",
        " her",
        ").",
        " When",
        " I",
        " did",
        " end",
        " up",
        " seeing",
        " it",
        " in",
        " person",
        ",",
        " it",
        " was",
        " even"
    ],
    "input-tokens": [
        40,
        2993,
        340,
        373,
        890,
        11,
        475,
        326,
        338,
        878,
        314,
        2497,
        340,
        287,
        1048,
        13,
        357,
        5703,
        788,
        314,
        1807,
        546,
        616,
        409,
        12,
        22095,
        11,
        475,
        314,
        550,
        284,
        2245,
        3612,
        546,
        607,
        737,
        1649,
        314,
        750,
        886,
        510,
        4379,
        340,
        287,
        1048,
        11,
        340,
        373,
        772
    ],
    "target-text": " longer",
    "target-token": 2392,
    "rational-size": 5,
    "rational-positions": [
        48,
        36,
        4,
        35,
        1
    ],
    "rational-text": [
        " even",
        " When",
        " long",
        ").",
        " knew"
    ],
    "rational-tokens": [
        772,
        1649,
        890,
        737,
        2993
    ],
    "importance-scores": [
        0.04835892468690872,
        0.05058008432388306,
        0.01755768246948719,
        0.020579317584633827,
        0.05881161615252495,
        0.01021556556224823,
        0.014601033180952072,
        0.0094443429261446,
        0.009187363088130951,
        0.021871643140912056,
        0.007852084003388882,
        0.016050033271312714,
        0.007992399856448174,
        0.006342860870063305,
        0.029608730226755142,
        0.01165346335619688,
        0.013992872089147568,
        0.03245050832629204,
        0.013891726732254028,
        0.006402282044291496,
        0.020362073555588722,
        0.01387472078204155,
        0.007481444161385298,
        0.02030743844807148,
        0.006360217463225126,
        0.02747168578207493,
        0.00615032808855176,
        0.00792785920202732,
        0.006896173115819693,
        0.008761283941566944,
        0.006883807480335236,
        0.014603734016418457,
        0.03317802771925926,
        0.01260471809655428,
        0.013388970866799355,
        0.05626595765352249,
        0.074005626142025,
        0.01385538000613451,
        0.015184705145657063,
        0.014071650803089142,
        0.011905000545084476,
        0.02337900921702385,
        0.01057369727641344,
        0.006404932122677565,
        0.02583661489188671,
        0.008446529507637024,
        0.00950621161609888,
        0.011622773483395576,
        0.10524488985538483
    ],
    "comments": {
        "created-by": "run_analogies.py",
        "args": {
            "model": "gpt2-xl",
            "cache_dir": "./cache/",
            "tokenizer": "gpt2-xl",
            "data_dir": "data/analogies/gpt2_xl/",
            "importance_results_dir": "rationalization_results/analogies/gpt2_xl_integrated_gradients",
            "device": "cuda",
            "rationalization_config": "config/eva_integrated_gradients.json",
            "input_num_ratio": 1,
            "logfolder": "logs/analogies/gpt2_xl_integrated_gradients",
            "loglevel": 20
        },
        "time_elapsed": 1.1875598430633545
    }
}