suff,comp,random_suff,random_comp
0.24140573059137344,0.7667668019695212,0.14389894951842236,0.5994996346511188
