suff,comp,random_suff,random_comp
0.1947676202969479,0.6560725421290532,0.11990214217375354,0.4469336327840777
