suff,comp,random_suff,random_comp
0.12247428089885803,0.4921348105894264,0.08719318919018701,0.3258468467124415
