suff,comp,random_suff,random_comp
0.11396222870311712,0.2700377472036635,0.06259545748784459,0.1910125546096706
