suff,comp,random_suff,random_comp
0.22212542225805817,0.702837905432874,0.1162212394873074,0.46756612109769813
