suff,comp,random_suff,random_comp
0.021683585234897346,0.0002564417320919138,0.021663346761957546,0.00029499888005313663
