{
    "$schema": "../docs/rationalization.schema.json",
    "id": 116,
    "input-text": [
        "I",
        " had",
        " never",
        " been",
        " friends",
        " with",
        " any",
        " Australian",
        " people",
        " before",
        ".",
        " (",
        "The",
        " funn",
        "iest",
        " thing",
        " happened",
        " to",
        " me",
        " the",
        " other",
        " day",
        ",",
        " but",
        " that",
        "'s",
        " a",
        " story",
        " for",
        " another",
        " time",
        ").",
        " In",
        " fact",
        ",",
        " I",
        " had",
        " never",
        " even",
        " been",
        " to"
    ],
    "input-tokens": [
        40,
        550,
        1239,
        587,
        2460,
        351,
        597,
        6638,
        661,
        878,
        13,
        357,
        464,
        36090,
        6386,
        1517,
        3022,
        284,
        502,
        262,
        584,
        1110,
        11,
        475,
        326,
        338,
        257,
        1621,
        329,
        1194,
        640,
        737,
        554,
        1109,
        11,
        314,
        550,
        1239,
        772,
        587,
        284
    ],
    "target-text": " Australia",
    "target-token": 4505,
    "rational-size": 17,
    "rational-positions": [
        6,
        7,
        8,
        16,
        17,
        23,
        24,
        30,
        32,
        33,
        34,
        35,
        36,
        37,
        38,
        39,
        40
    ],
    "rational-text": [
        " any",
        " Australian",
        " people",
        " happened",
        " to",
        " but",
        " that",
        " time",
        " In",
        " fact",
        ",",
        " I",
        " had",
        " never",
        " even",
        " been",
        " to"
    ],
    "rational-tokens": [
        597,
        6638,
        661,
        3022,
        284,
        475,
        326,
        640,
        554,
        1109,
        11,
        314,
        550,
        1239,
        772,
        587,
        284
    ],
    "importance-scores": [
        4.934468961437233e-05,
        2.932595862148446e-06,
        3.3607109799049795e-05,
        0.00010528720304137096,
        2.2012172848917544e-05,
        7.326174090849236e-05,
        0.007262990809977055,
        0.2730780243873596,
        0.0024910173378884792,
        2.850665168807609e-06,
        3.6206595268595265e-06,
        0.00010395414574304596,
        6.0790298448409885e-05,
        0.00025942109641619027,
        1.7003309267238365e-06,
        1.8996001017512754e-05,
        0.0004001504275947809,
        0.001013465691357851,
        4.3651139094436076e-06,
        8.252055704360828e-05,
        0.003914981614798307,
        0.00022298030671663582,
        0.08951367437839508,
        4.0834529499989e-05,
        1.5764235286042094e-05,
        0.007187390234321356,
        0.0005376511835493147,
        7.730504148639739e-05,
        2.4518249119864777e-05,
        1.1893816008523572e-05,
        0.03602132201194763,
        2.959007724712137e-05,
        0.0020894515328109264,
        0.0020945952273905277,
        0.003684085328131914,
        4.0918235754361376e-05,
        0.014204686507582664,
        6.40230646240525e-05,
        0.0004858586471527815,
        0.39574185013771057,
        0.15892627835273743
    ],
    "comments": {
        "created-by": "run_analogies.py",
        "args": {
            "model": "gpt2-medium",
            "cache_dir": "cache/",
            "tokenizer": "gpt2-medium",
            "data_dir": "data/analogies/gpt2/",
            "importance_results_dir": "rationalization_results/analogies/gpt2_ours/top3_replace0.2_max5000_batch10",
            "device": "cuda",
            "rationalization_config": "config/gpt2/top3_replace0.2_max5000_batch10.json",
            "input_num_ratio": 1.0,
            "logfolder": "logs/analogies/gpt2_ours/top3_replace0.2_max5000_batch10",
            "loglevel": 20
        },
        "time_elapsed": 11.112963914871216,
        "separate_rational": [
            [
                ",",
                " been",
                " fact",
                " time",
                " any",
                " even",
                " Australian",
                " had"
            ],
            [
                " Australian",
                " had",
                ",",
                " to",
                " been",
                " In",
                " I",
                " any"
            ],
            [
                " Australian",
                " any",
                " a",
                " to",
                " been",
                " funn",
                " day",
                " ("
            ],
            [
                " to",
                " time",
                "'s",
                " other",
                " been",
                " Australian",
                " that",
                " been"
            ],
            [
                " Australian",
                " to",
                " been",
                " In",
                "The",
                " to",
                " but",
                ","
            ],
            [
                " to",
                " been",
                " time",
                " with",
                " never",
                " fact",
                " but",
                " Australian"
            ],
            [
                " been",
                " In",
                " never",
                " time",
                " to",
                " had",
                " Australian",
                " for"
            ],
            [
                " been",
                " had",
                " the",
                " I",
                " even",
                " people",
                " fact",
                " Australian"
            ],
            [
                " been",
                " to",
                " people",
                " to",
                " happened",
                " In",
                " Australian",
                " that"
            ],
            [
                " been",
                " In",
                " Australian",
                " friends",
                " any",
                " thing",
                " happened",
                " never"
            ]
        ]
    }
}