{
    "$schema": "../docs/rationalization.schema.json",
    "id": 128,
    "input-text": [
        "I",
        " had",
        " never",
        " been",
        " friends",
        " with",
        " any",
        " German",
        " people",
        " before",
        ".",
        " (",
        "The",
        " funn",
        "iest",
        " thing",
        " happened",
        " to",
        " me",
        " the",
        " other",
        " day",
        ",",
        " but",
        " that",
        "'s",
        " a",
        " story",
        " for",
        " another",
        " time",
        ").",
        " In",
        " fact",
        ",",
        " I",
        " had",
        " never",
        " even",
        " been",
        " to"
    ],
    "input-tokens": [
        40,
        550,
        1239,
        587,
        2460,
        351,
        597,
        2679,
        661,
        878,
        13,
        357,
        464,
        36090,
        6386,
        1517,
        3022,
        284,
        502,
        262,
        584,
        1110,
        11,
        475,
        326,
        338,
        257,
        1621,
        329,
        1194,
        640,
        737,
        554,
        1109,
        11,
        314,
        550,
        1239,
        772,
        587,
        284
    ],
    "target-text": " Germany",
    "target-token": 4486,
    "rational-size": 16,
    "rational-positions": [
        3,
        5,
        7,
        9,
        12,
        13,
        23,
        30,
        31,
        32,
        33,
        35,
        36,
        37,
        39,
        40
    ],
    "rational-text": [
        " been",
        " with",
        " German",
        " before",
        "The",
        " funn",
        " but",
        " time",
        ").",
        " In",
        " fact",
        " I",
        " had",
        " never",
        " been",
        " to"
    ],
    "rational-tokens": [
        587,
        351,
        2679,
        878,
        464,
        36090,
        475,
        640,
        737,
        554,
        1109,
        314,
        550,
        1239,
        587,
        284
    ],
    "importance-scores": [
        3.972534727836319e-07,
        0.0002572388912085444,
        8.058590537984855e-06,
        0.0014837761409580708,
        6.8056224336032756e-06,
        0.0001314291002927348,
        0.003736682701855898,
        0.21324892342090607,
        0.00012780827819369733,
        0.12511862814426422,
        4.1895342292264104e-05,
        5.358250746212434e-06,
        2.2079953851061873e-05,
        2.5640192689024843e-05,
        6.624747584282886e-06,
        1.3087350453133695e-05,
        0.00013646090519614518,
        6.932075393706327e-06,
        4.442887438926846e-05,
        0.00018113615806214511,
        3.116099946964823e-07,
        5.333395165507682e-05,
        2.4184319613596017e-07,
        0.00013980554649606347,
        0.0001789217203622684,
        0.0037417938001453876,
        2.1595363364212972e-07,
        8.732973583391868e-06,
        6.887329618621152e-06,
        0.09177505224943161,
        6.879260763525963e-05,
        1.9200670067220926e-05,
        0.0001221893762703985,
        0.00012444630556274205,
        3.0449433552348637e-07,
        0.00010321913578081876,
        0.055562824010849,
        0.1002039685845375,
        0.00010923752415692434,
        0.20304939150810242,
        0.2001277506351471
    ],
    "comments": {
        "created-by": "run_analogies.py",
        "args": {
            "model": "gpt2-medium",
            "cache_dir": "cache/",
            "tokenizer": "gpt2-medium",
            "data_dir": "data/analogies/gpt2/",
            "importance_results_dir": "rationalization_results/analogies/gpt2_ours/top3_replace0.2_max5000_batch10",
            "device": "cuda",
            "rationalization_config": "config/gpt2/top3_replace0.2_max5000_batch10.json",
            "input_num_ratio": 1.0,
            "logfolder": "logs/analogies/gpt2_ours/top3_replace0.2_max5000_batch10",
            "loglevel": 20
        },
        "time_elapsed": 13.674947500228882,
        "separate_rational": [
            [
                " to",
                " German",
                " but",
                " with",
                " been",
                " thing",
                " before",
                " had"
            ],
            [
                " been",
                " to",
                " people",
                " (",
                " happened",
                " never",
                " German",
                " never"
            ],
            [
                " German",
                " but",
                " to",
                " In",
                " I",
                "The",
                " been",
                " had"
            ],
            [
                " German",
                " even",
                " had",
                " time",
                " that",
                " been",
                " but",
                ")."
            ],
            [
                " to",
                " been",
                " German",
                " I",
                " funn",
                " never",
                " other",
                " fact"
            ],
            [
                " never",
                " funn",
                " German",
                " friends",
                " to",
                " been",
                " me",
                " day"
            ],
            [
                " been",
                " never",
                " German",
                "iest",
                " for",
                ").",
                " In",
                " time"
            ],
            [
                " before",
                "'s",
                " been",
                " German",
                " with",
                " story",
                "I",
                " I"
            ],
            [
                " another",
                " German",
                " to",
                " been",
                " been",
                "The",
                ").",
                " fact"
            ],
            [
                " had",
                " before",
                " German",
                " any",
                " to",
                " had",
                " been",
                " never"
            ]
        ]
    }
}