{
    "$schema": "../docs/rationalization.schema.json",
    "id": 14,
    "input-text": [
        "When",
        " my",
        " flight",
        " landed",
        " in",
        " Norway",
        ",",
        " I",
        " converted",
        " my",
        " currency",
        " and",
        " slowly",
        " fell",
        " asleep",
        ".",
        " (",
        "I",
        " had",
        " a",
        " terrifying",
        " dream",
        " about",
        " my",
        " grandmother",
        ",",
        " but",
        " that",
        "'s",
        " a",
        " story",
        " for",
        " another",
        " time",
        ").",
        " I",
        " was",
        " staying",
        " in",
        " the",
        " capital",
        ","
    ],
    "input-tokens": [
        2215,
        616,
        5474,
        11406,
        287,
        15238,
        11,
        314,
        11513,
        616,
        7395,
        290,
        6364,
        3214,
        16039,
        13,
        357,
        40,
        550,
        257,
        17623,
        4320,
        546,
        616,
        18410,
        11,
        475,
        326,
        338,
        257,
        1621,
        329,
        1194,
        640,
        737,
        314,
        373,
        10589,
        287,
        262,
        3139,
        11
    ],
    "target-text": " Oslo",
    "target-token": 39636,
    "rational-size": 18,
    "rational-positions": [
        0,
        2,
        4,
        5,
        8,
        11,
        14,
        17,
        23,
        26,
        28,
        34,
        35,
        36,
        37,
        38,
        39,
        40
    ],
    "rational-text": [
        "When",
        " flight",
        " in",
        " Norway",
        " converted",
        " and",
        " asleep",
        "I",
        " my",
        " but",
        "'s",
        ").",
        " I",
        " was",
        " staying",
        " in",
        " the",
        " capital"
    ],
    "rational-tokens": [
        2215,
        5474,
        287,
        15238,
        11513,
        290,
        16039,
        40,
        616,
        475,
        338,
        737,
        314,
        373,
        10589,
        287,
        262,
        3139
    ],
    "importance-scores": [
        2.6891771653936303e-07,
        2.8228781074821074e-13,
        0.0009238800266757607,
        4.709202862732131e-13,
        2.57119655427962e-11,
        0.23130576312541962,
        1.029713495900701e-15,
        8.217133570798119e-13,
        0.02004220522940159,
        1.5244890853166604e-12,
        1.8225259168502816e-07,
        0.01845240220427513,
        2.998442827362169e-09,
        6.003797459186444e-11,
        1.8595854023306657e-11,
        1.7657487694222596e-09,
        1.5628706553742766e-13,
        1.0732296829019106e-08,
        1.996092076823403e-18,
        5.106125591791688e-11,
        1.3126376071162515e-13,
        9.869104231757797e-13,
        1.977570551758845e-09,
        1.204550608235877e-05,
        3.246527395875387e-13,
        1.2817878702886532e-11,
        3.5709928347671394e-09,
        1.2560464962887828e-16,
        1.6996289358556238e-13,
        4.815448164663394e-07,
        4.0872288192828066e-11,
        7.64277443415784e-12,
        2.458910387857869e-14,
        1.4709032603033023e-12,
        1.6483647414133884e-05,
        0.09999974071979523,
        0.012972580268979073,
        4.318305782402554e-11,
        1.3367824749366264e-06,
        0.2985766530036926,
        0.3156331777572632,
        0.0020627696067094803
    ],
    "comments": {
        "created-by": "run_analogies.py",
        "args": {
            "model": "gpt2-medium",
            "cache_dir": "cache/",
            "tokenizer": "gpt2-medium",
            "data_dir": "data/analogies/gpt2/",
            "importance_results_dir": "rationalization_results/analogies/gpt2_ours/top3_replace0.2_max5000_batch10",
            "device": "cuda",
            "rationalization_config": "config/gpt2/top3_replace0.2_max5000_batch10.json",
            "input_num_ratio": 1.0,
            "logfolder": "logs/analogies/gpt2_ours/top3_replace0.2_max5000_batch10",
            "loglevel": 20
        },
        "time_elapsed": 51.20626616477966,
        "separate_rational": [
            [
                " the",
                " converted",
                " capital",
                " in",
                " a",
                " Norway",
                ").",
                " asleep"
            ],
            [
                " capital",
                " the",
                " but",
                " asleep",
                " Norway",
                ",",
                "I",
                " I"
            ],
            [
                " the",
                " Norway",
                "I",
                " converted",
                " flight",
                " I",
                " capital",
                " my"
            ],
            [
                " capital",
                " Norway",
                "When",
                " the",
                "I",
                " but",
                " slowly",
                "."
            ],
            [
                " Norway",
                " in",
                ").",
                " the",
                " staying",
                " capital",
                " my",
                " was"
            ],
            [
                " capital",
                " was",
                " Norway",
                " the",
                " in",
                "'s",
                " (",
                "When"
            ],
            [
                " the",
                " capital",
                " my",
                " converted",
                " currency",
                " Norway",
                " staying",
                " and"
            ],
            [
                " Norway",
                " and",
                " capital",
                "'s",
                ").",
                " I",
                " in",
                " in"
            ],
            [
                " Norway",
                " capital",
                " converted",
                ",",
                " flight",
                ").",
                " I",
                " the"
            ],
            [
                " I",
                " the",
                " was",
                " capital",
                " that",
                " in",
                " Norway",
                " dream"
            ]
        ]
    }
}