{
    "$schema": "../docs/rationalization.schema.json",
    "id": 32,
    "input-text": [
        "When",
        " my",
        " flight",
        " landed",
        " in",
        " Syria",
        ",",
        " I",
        " converted",
        " my",
        " currency",
        " and",
        " slowly",
        " fell",
        " asleep",
        ".",
        " (",
        "I",
        " was",
        " behind",
        " on",
        " a",
        " couple",
        " of",
        " assignments",
        ",",
        " but",
        " I",
        " tried",
        " not",
        " to",
        " think",
        " about",
        " them",
        ").",
        " I",
        " was",
        " staying",
        " in",
        " the",
        " capital",
        ","
    ],
    "input-tokens": [
        2215,
        616,
        5474,
        11406,
        287,
        4392,
        11,
        314,
        11513,
        616,
        7395,
        290,
        6364,
        3214,
        16039,
        13,
        357,
        40,
        373,
        2157,
        319,
        257,
        3155,
        286,
        25815,
        11,
        475,
        314,
        3088,
        407,
        284,
        892,
        546,
        606,
        737,
        314,
        373,
        10589,
        287,
        262,
        3139,
        11
    ],
    "target-text": " Damascus",
    "target-token": 21028,
    "rational-size": 17,
    "rational-positions": [
        0,
        2,
        4,
        5,
        7,
        8,
        9,
        20,
        32,
        34,
        35,
        36,
        37,
        38,
        39,
        40,
        41
    ],
    "rational-text": [
        "When",
        " flight",
        " in",
        " Syria",
        " I",
        " converted",
        " my",
        " on",
        " about",
        ").",
        " I",
        " was",
        " staying",
        " in",
        " the",
        " capital",
        ","
    ],
    "rational-tokens": [
        2215,
        5474,
        287,
        4392,
        314,
        11513,
        616,
        319,
        546,
        737,
        314,
        373,
        10589,
        287,
        262,
        3139,
        11
    ],
    "importance-scores": [
        0.0002599931030999869,
        0.09994637221097946,
        1.6907381050756953e-10,
        9.66813332163409e-17,
        0.10000016540288925,
        0.1966710388660431,
        1.3344045920321568e-13,
        2.3986123778740875e-05,
        1.019989648298747e-10,
        3.007336269117769e-15,
        8.652741609153913e-13,
        6.333299227938294e-14,
        3.846397789305459e-17,
        9.927453616488852e-19,
        5.58681323425958e-10,
        5.882374054522188e-08,
        4.942627128912136e-06,
        3.3486414110920955e-19,
        3.6842585731354516e-13,
        2.2832115972176714e-13,
        1.0050386087603891e-13,
        4.6118772185519893e-14,
        3.792641548039377e-11,
        6.41214198111101e-18,
        3.3197094839775357e-14,
        7.714671533496127e-24,
        2.74496603225316e-09,
        3.6614786949940026e-05,
        5.138243303060008e-11,
        4.97179117401594e-15,
        3.280355643149087e-23,
        7.695196747609795e-14,
        1.3764733353127667e-08,
        3.309927706141025e-06,
        0.20002233982086182,
        1.8277053481785543e-10,
        3.305159152009601e-14,
        6.0062670982630184e-12,
        2.1905619679296606e-11,
        0.07407952845096588,
        0.3289509415626526,
        6.817850817242288e-07
    ],
    "comments": {
        "created-by": "run_analogies.py",
        "args": {
            "model": "gpt2-medium",
            "cache_dir": "cache/",
            "tokenizer": "gpt2-medium",
            "data_dir": "data/analogies/gpt2/",
            "importance_results_dir": "rationalization_results/analogies/gpt2_ours/top3_replace0.2_max5000_batch10",
            "device": "cuda",
            "rationalization_config": "config/gpt2/top3_replace0.2_max5000_batch10.json",
            "input_num_ratio": 1.0,
            "logfolder": "logs/analogies/gpt2_ours/top3_replace0.2_max5000_batch10",
            "loglevel": 20
        },
        "time_elapsed": 126.95842862129211,
        "separate_rational": [
            [
                " capital",
                " on",
                " Syria",
                " the",
                " in",
                " I",
                " not",
                " I"
            ],
            [
                " in",
                " capital",
                ").",
                " the",
                " converted",
                ",",
                " about",
                " Syria"
            ],
            [
                " capital",
                " Syria",
                " on",
                " in",
                " flight",
                ").",
                " my",
                " in"
            ],
            [
                " capital",
                "When",
                ").",
                " the",
                " them",
                " in",
                ".",
                " Syria"
            ],
            [
                " the",
                " capital",
                " I",
                ",",
                " Syria",
                " staying",
                ").",
                " on"
            ],
            [
                " Syria",
                " capital",
                " about",
                " staying",
                " flight",
                " my",
                " in",
                " converted"
            ],
            [
                ").",
                " I",
                " (",
                " Syria",
                "When",
                " but",
                " flight",
                " capital"
            ],
            [
                " Syria",
                " capital",
                " converted",
                " the",
                " staying",
                " asleep",
                " behind",
                " was"
            ],
            [
                " my",
                " Syria",
                " the",
                " about",
                " capital",
                " I",
                " tried",
                " I"
            ],
            [
                ").",
                " capital",
                " was",
                " the",
                " flight",
                " in",
                " landed",
                " my"
            ]
        ]
    }
}