{
    "$schema": "../docs/rationalization.schema.json",
    "id": 52,
    "input-text": [
        "When",
        " my",
        " flight",
        " landed",
        " in",
        " Iran",
        ",",
        " I",
        " converted",
        " my",
        " currency",
        " and",
        " slowly",
        " fell",
        " asleep",
        ".",
        " (",
        "I",
        " was",
        " behind",
        " on",
        " a",
        " couple",
        " of",
        " assignments",
        ",",
        " but",
        " I",
        " tried",
        " not",
        " to",
        " think",
        " about",
        " them",
        ").",
        " I",
        " was",
        " staying",
        " in",
        " the",
        " capital",
        ","
    ],
    "input-tokens": [
        2215,
        616,
        5474,
        11406,
        287,
        4068,
        11,
        314,
        11513,
        616,
        7395,
        290,
        6364,
        3214,
        16039,
        13,
        357,
        40,
        373,
        2157,
        319,
        257,
        3155,
        286,
        25815,
        11,
        475,
        314,
        3088,
        407,
        284,
        892,
        546,
        606,
        737,
        314,
        373,
        10589,
        287,
        262,
        3139,
        11
    ],
    "target-text": " Tehran",
    "target-token": 20882,
    "rational-size": 16,
    "rational-positions": [
        2,
        4,
        5,
        9,
        11,
        23,
        25,
        30,
        31,
        34,
        36,
        37,
        38,
        39,
        40,
        41
    ],
    "rational-text": [
        " flight",
        " in",
        " Iran",
        " my",
        " and",
        " of",
        ",",
        " to",
        " think",
        ").",
        " was",
        " staying",
        " in",
        " the",
        " capital",
        ","
    ],
    "rational-tokens": [
        5474,
        287,
        4068,
        616,
        290,
        286,
        11,
        284,
        892,
        737,
        373,
        10589,
        287,
        262,
        3139,
        11
    ],
    "importance-scores": [
        0.09158225357532501,
        5.084541044197977e-06,
        2.123916056007147e-05,
        5.738499385188334e-05,
        0.07898630201816559,
        0.0044838800095021725,
        6.716339129297921e-08,
        0.004737767856568098,
        6.079841477912851e-05,
        4.6966619265731424e-05,
        8.00012185209198e-06,
        0.08917268365621567,
        0.0037160690408200026,
        4.453971541806823e-06,
        4.129943135922076e-06,
        1.1342717698425986e-05,
        1.5481322179766721e-06,
        5.498185601027217e-06,
        5.270945280244632e-07,
        8.399791227020614e-07,
        2.885694811993744e-07,
        1.2239645002409816e-05,
        1.263750164071098e-05,
        8.100823470158502e-05,
        9.392995707457885e-06,
        0.0897979810833931,
        9.118125490203965e-07,
        0.00024319972726516426,
        1.2193861493869917e-06,
        4.831768092117272e-05,
        0.0011180146830156446,
        0.0007038877811282873,
        4.798073405254399e-07,
        1.3872595161501522e-07,
        0.0036949366331100464,
        6.151447564661794e-07,
        0.10037775337696075,
        0.007687161210924387,
        0.00017123090219683945,
        0.10486187040805817,
        0.32039856910705566,
        0.0978713184595108
    ],
    "comments": {
        "created-by": "run_analogies.py",
        "args": {
            "model": "gpt2-medium",
            "cache_dir": "cache/",
            "tokenizer": "gpt2-medium",
            "data_dir": "data/analogies/gpt2/",
            "importance_results_dir": "rationalization_results/analogies/gpt2_ours/top3_replace0.2_max5000_batch10",
            "device": "cuda",
            "rationalization_config": "config/gpt2/top3_replace0.2_max5000_batch10.json",
            "input_num_ratio": 1.0,
            "logfolder": "logs/analogies/gpt2_ours/top3_replace0.2_max5000_batch10",
            "loglevel": 20
        },
        "time_elapsed": 165.86167788505554,
        "separate_rational": [
            [
                " capital",
                " couple",
                " I",
                " think",
                " but",
                ",",
                " Iran",
                " the"
            ],
            [
                "When",
                " in",
                " Iran",
                " capital",
                " of",
                " currency",
                " the",
                " and"
            ],
            [
                " capital",
                " my",
                " Iran",
                ",",
                " to",
                " of",
                ").",
                " on"
            ],
            [
                " and",
                " capital",
                " I",
                " Iran",
                " in",
                " tried",
                ",",
                " my"
            ],
            [
                ",",
                " staying",
                ").",
                " and",
                " Iran",
                " converted",
                " flight",
                " capital"
            ],
            [
                ",",
                ").",
                " capital",
                " Iran",
                " landed",
                " staying",
                " flight",
                " fell"
            ],
            [
                " capital",
                " staying",
                " flight",
                " the",
                " was",
                " of",
                ").",
                " Iran"
            ],
            [
                " in",
                " capital",
                " the",
                " slowly",
                " Iran",
                " to",
                " was",
                " think"
            ],
            [
                " the",
                " Iran",
                " in",
                " in",
                " my",
                " not",
                " to",
                " capital"
            ],
            [
                " was",
                " Iran",
                ").",
                ".",
                " and",
                " capital",
                " in",
                " staying"
            ]
        ]
    }
}