{
    "$schema": "../docs/rationalization.schema.json",
    "id": 63,
    "input-text": [
        "As",
        " soon",
        " as",
        " I",
        " arrived",
        " in",
        " Texas",
        ",",
        " I",
        " checked",
        " into",
        " my",
        " hotel",
        " and",
        " watched",
        " a",
        " movie",
        " before",
        " falling",
        " asleep",
        ".",
        " (",
        "I",
        " had",
        " a",
        " great",
        " call",
        " with",
        " my",
        " husband",
        ",",
        " although",
        " I",
        " wish",
        " it",
        " were",
        " longer",
        ").",
        " I",
        " was",
        " staying",
        " in",
        " my",
        " favorite",
        " city",
        ","
    ],
    "input-tokens": [
        1722,
        2582,
        355,
        314,
        5284,
        287,
        3936,
        11,
        314,
        10667,
        656,
        616,
        7541,
        290,
        7342,
        257,
        3807,
        878,
        7463,
        16039,
        13,
        357,
        40,
        550,
        257,
        1049,
        869,
        351,
        616,
        5229,
        11,
        3584,
        314,
        4601,
        340,
        547,
        2392,
        737,
        314,
        373,
        10589,
        287,
        616,
        4004,
        1748,
        11
    ],
    "target-text": " Austin",
    "target-token": 9533,
    "rational-size": 12,
    "rational-positions": [
        2,
        5,
        6,
        13,
        20,
        37,
        39,
        40,
        41,
        42,
        43,
        44
    ],
    "rational-text": [
        " as",
        " in",
        " Texas",
        " and",
        ".",
        ").",
        " was",
        " staying",
        " in",
        " my",
        " favorite",
        " city"
    ],
    "rational-tokens": [
        355,
        287,
        3936,
        290,
        13,
        737,
        373,
        10589,
        287,
        616,
        4004,
        1748
    ],
    "importance-scores": [
        3.1094543172932587e-12,
        4.2745935409397606e-18,
        0.10061885416507721,
        6.032453425675044e-10,
        2.836793517105307e-12,
        0.11111167073249817,
        0.1114351749420166,
        1.2223094927321654e-06,
        2.1391473324840328e-23,
        5.102682015719014e-22,
        1.0365234332735535e-13,
        2.0592582543679794e-13,
        3.694598473729174e-14,
        0.11057300865650177,
        2.066528516031182e-15,
        5.087656802938323e-23,
        2.7103873759967375e-16,
        1.77795343890045e-21,
        2.191679346251873e-18,
        4.374161497077596e-28,
        1.7674837149428413e-09,
        1.5215923139522136e-12,
        7.896059361911512e-10,
        7.741564162293575e-17,
        3.7224874570339957e-16,
        3.4301589346696915e-11,
        2.036265219965868e-17,
        5.2161772678971374e-09,
        5.123481010583793e-16,
        1.4695097519021524e-19,
        1.7580414906495238e-18,
        8.039956498818401e-18,
        0.009836096316576004,
        9.50213333987841e-15,
        1.1831932655859134e-10,
        9.847141331509324e-12,
        1.970494878378304e-08,
        0.10575951635837555,
        1.628962902891556e-20,
        0.00019516552856657654,
        0.11111070215702057,
        7.845700907458081e-16,
        1.7748659786320786e-07,
        0.22288616001605988,
        0.11647183448076248,
        4.263625328349008e-07
    ],
    "comments": {
        "created-by": "run_analogies.py",
        "args": {
            "model": "gpt2-medium",
            "cache_dir": "cache/",
            "tokenizer": "gpt2-medium",
            "data_dir": "data/analogies/gpt2/",
            "importance_results_dir": "rationalization_results/analogies/gpt2_ours/top3_replace0.2_max5000_batch10",
            "device": "cuda",
            "rationalization_config": "config/gpt2/top3_replace0.2_max5000_batch10.json",
            "input_num_ratio": 1.0,
            "logfolder": "logs/analogies/gpt2_ours/top3_replace0.2_max5000_batch10",
            "loglevel": 20
        },
        "time_elapsed": 440.9764811992645,
        "separate_rational": [
            [
                " in",
                " Texas",
                " in",
                ").",
                " favorite",
                " staying",
                " was",
                " city"
            ],
            [
                " city",
                " Texas",
                " and",
                " favorite",
                " asleep",
                " staying",
                ").",
                " checked"
            ],
            [
                " as",
                " I",
                " favorite",
                " Texas",
                " city",
                " my",
                " longer",
                " with"
            ],
            [
                " Texas",
                " my",
                ".",
                " favorite",
                " husband",
                " city",
                " in",
                " my"
            ],
            [
                " favorite",
                " was",
                " Texas",
                " I",
                "I",
                ".",
                " staying",
                " city"
            ],
            [
                " staying",
                " was",
                ").",
                " city",
                " Texas",
                " in",
                " although",
                " favorite"
            ],
            [
                " favorite",
                " Texas",
                " were",
                ".",
                ").",
                " a",
                " in",
                " city"
            ],
            [
                " and",
                " Texas",
                " was",
                " favorite",
                " city",
                ",",
                " in",
                ","
            ],
            [
                ").",
                " city",
                " arrived",
                " Texas",
                " my",
                " staying",
                " into",
                " favorite"
            ],
            [
                " Texas",
                " in",
                ").",
                " staying",
                " city",
                "As",
                " soon",
                " as"
            ]
        ]
    }
}