{
    "$schema": "../docs/rationalization.schema.json",
    "id": 95,
    "input-text": [
        "I",
        " knew",
        " it",
        " was",
        " tall",
        ",",
        " but",
        " that",
        "'s",
        " before",
        " I",
        " saw",
        " it",
        " in",
        " person",
        ".",
        " (",
        "Just",
        " then",
        " I",
        " thought",
        " about",
        " my",
        " ex",
        "-",
        "wife",
        ",",
        " but",
        " I",
        " had",
        " to",
        " stop",
        " thinking",
        " about",
        " her",
        ").",
        " When",
        " I",
        " did",
        " end",
        " up",
        " seeing",
        " it",
        " in",
        " person",
        ",",
        " it",
        " was",
        " even"
    ],
    "input-tokens": [
        40,
        2993,
        340,
        373,
        7331,
        11,
        475,
        326,
        338,
        878,
        314,
        2497,
        340,
        287,
        1048,
        13,
        357,
        5703,
        788,
        314,
        1807,
        546,
        616,
        409,
        12,
        22095,
        11,
        475,
        314,
        550,
        284,
        2245,
        3612,
        546,
        607,
        737,
        1649,
        314,
        750,
        886,
        510,
        4379,
        340,
        287,
        1048,
        11,
        340,
        373,
        772
    ],
    "target-text": " taller",
    "target-token": 25242,
    "rational-size": 15,
    "rational-positions": [
        2,
        3,
        4,
        17,
        20,
        22,
        28,
        35,
        36,
        41,
        42,
        44,
        45,
        47,
        48
    ],
    "rational-text": [
        " it",
        " was",
        " tall",
        "Just",
        " thought",
        " my",
        " I",
        ").",
        " When",
        " seeing",
        " it",
        " person",
        ",",
        " was",
        " even"
    ],
    "rational-tokens": [
        340,
        373,
        7331,
        5703,
        1807,
        616,
        314,
        737,
        1649,
        4379,
        340,
        1048,
        11,
        373,
        772
    ],
    "importance-scores": [
        0.0006359428516589105,
        0.00023159061674959958,
        0.0004053697921335697,
        0.05536720156669617,
        0.1744033694267273,
        0.0021087091881781816,
        2.5875820028886665e-06,
        4.390057802083902e-05,
        8.861608876031823e-06,
        1.5466415788978338e-05,
        0.00018227327382192016,
        0.0002518158871680498,
        0.007653629872947931,
        0.00022421525500249118,
        0.00028911244589835405,
        1.8367854863754474e-05,
        7.192635530373082e-05,
        2.687092091946397e-05,
        0.00014783941151108593,
        4.946778972225729e-06,
        0.016651106998324394,
        2.5216306312358938e-05,
        0.02753860130906105,
        0.0011115513043478131,
        0.006857844535261393,
        0.00021373685740400106,
        2.7786139980889857e-05,
        4.9866532208397985e-05,
        0.10176537930965424,
        2.3128218344936613e-06,
        4.598560917656869e-05,
        8.60501459101215e-05,
        4.5465800212696195e-05,
        3.69058943761047e-05,
        0.04316353052854538,
        0.00024754845071583986,
        0.0004404280334711075,
        0.00013173039769753814,
        3.3794494811445475e-05,
        0.00033326371340081096,
        0.0002745933015830815,
        0.0008938588434830308,
        0.022092681378126144,
        0.005571384448558092,
        4.5815850171493366e-05,
        0.0003540419857017696,
        5.785070243291557e-05,
        0.01894768327474594,
        0.510860025882721
    ],
    "comments": {
        "created-by": "run_analogies.py",
        "args": {
            "model": "gpt2-medium",
            "cache_dir": "cache/",
            "tokenizer": "gpt2-medium",
            "data_dir": "data/analogies/gpt2/",
            "importance_results_dir": "rationalization_results/analogies/gpt2_ours/top3_replace0.2_max5000_batch10",
            "device": "cuda",
            "rationalization_config": "config/gpt2/top3_replace0.2_max5000_batch10.json",
            "input_num_ratio": 1.0,
            "logfolder": "logs/analogies/gpt2_ours/top3_replace0.2_max5000_batch10",
            "loglevel": 20
        },
        "time_elapsed": 73.98140788078308,
        "separate_rational": [
            [
                " tall",
                " was",
                "-",
                " in",
                " I",
                " was",
                " it",
                " When"
            ],
            [
                " her",
                " even",
                " it",
                " was",
                " was",
                " it",
                " (",
                " tall"
            ],
            [
                " was",
                " thought",
                " even",
                " it",
                " tall",
                "I",
                " seeing",
                " person"
            ],
            [
                " even",
                " was",
                " was",
                " seeing",
                " it",
                " about",
                " tall",
                " I"
            ],
            [
                " tall",
                " person",
                " thought",
                " was",
                " it",
                "Just",
                " even",
                " saw"
            ],
            [
                " even",
                " tall",
                " but",
                " stop",
                ",",
                ".",
                " about",
                ")."
            ],
            [
                " even",
                " my",
                ",",
                " tall",
                ",",
                " in",
                " I",
                " it"
            ],
            [
                " I",
                " ex",
                "Just",
                " tall",
                " my",
                " was",
                " even",
                " was"
            ],
            [
                " even",
                " was",
                ").",
                " When",
                " my",
                " was",
                " tall",
                " it"
            ],
            [
                " even",
                " it",
                " my",
                " was",
                " tall",
                " was",
                " person",
                " thought"
            ]
        ]
    }
}