{
    "$schema": "../docs/rationalization.schema.json",
    "id": 13,
    "input-text": [
        "</s>",
        "I",
        " knew",
        " it",
        " was",
        " low",
        ",",
        " but",
        " that",
        "'s",
        " before",
        " I",
        " saw",
        " it",
        " in",
        " person",
        ".",
        " (",
        "Just",
        " then",
        " I",
        " thought",
        " about",
        " my",
        " ex",
        "-",
        "wife",
        ",",
        " but",
        " I",
        " had",
        " to",
        " stop",
        " thinking",
        " about",
        " her",
        ").",
        " When",
        " I",
        " did",
        " end",
        " up",
        " seeing",
        " it",
        " in",
        " person",
        ",",
        " it",
        " was",
        " even"
    ],
    "input-tokens": [
        2,
        100,
        1467,
        24,
        21,
        614,
        6,
        53,
        14,
        18,
        137,
        38,
        794,
        24,
        11,
        621,
        4,
        36,
        6785,
        172,
        38,
        802,
        59,
        127,
        1931,
        12,
        12295,
        6,
        53,
        38,
        56,
        7,
        912,
        2053,
        59,
        69,
        322,
        520,
        38,
        222,
        253,
        62,
        1782,
        24,
        11,
        621,
        6,
        24,
        21,
        190
    ],
    "target-text": " lower",
    "target-token": 795,
    "rational-size": 8,
    "rational-positions": [
        0,
        1,
        2,
        4,
        5,
        37,
        47,
        49
    ],
    "rational-text": [
        "</s>",
        "I",
        " knew",
        " was",
        " low",
        " When",
        " it",
        " even"
    ],
    "rational-tokens": [
        2,
        100,
        1467,
        21,
        614,
        520,
        24,
        190
    ],
    "importance-scores": [
        0.16647104918956757,
        1.9252416632474305e-24,
        7.3118934178954445e-22,
        6.314827212951825e-28,
        6.594904168282699e-32,
        0.5001316666603088,
        4.825177674272984e-25,
        3.223757182102458e-40,
        1.9359696947709052e-20,
        2.451254540479319e-28,
        4.1477585255300653e-10,
        1.2203230130774887e-23,
        5.787249835538933e-30,
        3.734615200077727e-23,
        0.0,
        2.9191021837261585e-18,
        7.886846441125015e-25,
        1.2164138969215867e-31,
        0.0,
        7.824127457034535e-10,
        1.3523121652696434e-21,
        7.673878091359737e-36,
        4.5441390184031094e-29,
        4.831412988257413e-37,
        6.132941471177905e-31,
        1.8263543275084638e-39,
        1.0362459512394517e-32,
        1.1559772507736004e-32,
        7.88263096566274e-25,
        1.2342503808244103e-28,
        2.3219329181166464e-38,
        9.802580947582132e-37,
        1.4680922327216492e-24,
        8.342476229724501e-24,
        6.441844710618258e-39,
        2.9602907700299532e-33,
        5.187028690235055e-32,
        6.921029232519132e-20,
        1.4350182343731089e-36,
        1.0890898834634068e-16,
        1.4471153022090934e-14,
        1.9764268307098597e-31,
        1.7084305404108087e-24,
        2.0432662119727207e-16,
        1.2480941241538861e-26,
        2.899536281376701e-29,
        3.058518869786204e-39,
        0.1666666716337204,
        5.6683041012470236e-30,
        0.1667305827140808
    ],
    "comments": {
        "created-by": "run_analogies.py",
        "args": {
            "model": "KoboldAI/OPT-6.7B-Erebus",
            "cache_dir": "cache/",
            "tokenizer": "KoboldAI/OPT-6.7B-Erebus",
            "data_dir": "data/analogies/OPT6B",
            "importance_results_dir": "rationalization_results/analogies/OPT6B_ours/top3_replace0.3_max3000_batch10",
            "device": "cuda",
            "rationalization_config": "config//top3_replace0.3_max3000_batch10.json",
            "input_num_ratio": 1.0,
            "logfolder": "logs/analogies/OPT6B_ours/top3_replace0.3_max3000_batch10",
            "loglevel": 20
        },
        "time_elapsed": 2653.740754842758,
        "separate_rational": [
            [
                " was",
                "</s>",
                " in",
                " low",
                ")."
            ],
            [
                " even",
                " low",
                " had",
                " When",
                " was"
            ],
            [
                " it",
                " low",
                " end",
                " even",
                " it"
            ],
            [
                " even",
                " low",
                "</s>",
                "I",
                " knew"
            ],
            [
                " low",
                " even",
                " it",
                " person",
                " When"
            ],
            [
                " low",
                " before",
                " it",
                " did",
                " even"
            ],
            [
                " low",
                " even",
                "</s>",
                "I",
                " knew"
            ],
            [
                " low",
                "</s>",
                "I",
                " knew",
                " it"
            ],
            [
                " even",
                " low",
                "</s>",
                "I",
                " knew"
            ],
            [
                "</s>",
                " low",
                " then",
                " even",
                " When"
            ]
        ]
    }
}