{
    "$schema": "../docs/rationalization.schema.json",
    "id": 20,
    "input-text": [
        "</s>",
        "I",
        " had",
        " never",
        " been",
        " friends",
        " with",
        " any",
        " Chinese",
        " people",
        " before",
        ".",
        " (",
        "The",
        " funn",
        "iest",
        " thing",
        " happened",
        " to",
        " me",
        " the",
        " other",
        " day",
        ",",
        " but",
        " that",
        "'s",
        " a",
        " story",
        " for",
        " another",
        " time",
        ").",
        " In",
        " fact",
        ",",
        " I",
        " had",
        " never",
        " even",
        " been",
        " to"
    ],
    "input-tokens": [
        2,
        100,
        56,
        393,
        57,
        964,
        19,
        143,
        1111,
        82,
        137,
        4,
        36,
        133,
        29310,
        7098,
        631,
        1102,
        7,
        162,
        5,
        97,
        183,
        6,
        53,
        14,
        18,
        10,
        527,
        13,
        277,
        86,
        322,
        96,
        754,
        6,
        38,
        56,
        393,
        190,
        57,
        7
    ],
    "target-text": " China",
    "target-token": 436,
    "rational-size": 7,
    "rational-positions": [
        0,
        1,
        2,
        3,
        8,
        38,
        40
    ],
    "rational-text": [
        "</s>",
        "I",
        " had",
        " never",
        " Chinese",
        " never",
        " been"
    ],
    "rational-tokens": [
        2,
        100,
        56,
        393,
        1111,
        393,
        57
    ],
    "importance-scores": [
        1.1612186005631014e-21,
        2.779447478018988e-40,
        5.870767942258108e-40,
        3.233301727039032e-26,
        1.3033090034101216e-36,
        2.09275287004647e-32,
        2.442995490839368e-29,
        1.0071473458618166e-26,
        0.568925678730011,
        0.0,
        2.7797421845833425e-33,
        3.340413017240174e-30,
        7.524946541485947e-24,
        0.0,
        2.2876033478182313e-38,
        6.660759760610474e-39,
        2.2631728738520116e-35,
        1.1245785706592634e-34,
        2.851905090684382e-23,
        1.961817850054744e-44,
        1.6890530557982684e-22,
        5.605193857299268e-45,
        1.7752266966109124e-27,
        7.107037123155997e-35,
        8.635382225170447e-27,
        1.7734985825767803e-37,
        6.608509544771194e-38,
        7.451723635268896e-34,
        6.400571178894024e-29,
        5.433757901506549e-33,
        3.2785024322364454e-16,
        2.5431421459286856e-37,
        1.9138278820991926e-28,
        1.3408562839402435e-33,
        2.1685031936284997e-25,
        1.5333248934442349e-30,
        0.431074321269989,
        3.4215574668342275e-39,
        3.1220585467379217e-19,
        1.0677894298155106e-42,
        2.5168506624913684e-18,
        1.6580657396540598e-29
    ],
    "comments": {
        "created-by": "run_analogies.py",
        "args": {
            "model": "KoboldAI/OPT-6.7B-Erebus",
            "cache_dir": "cache/",
            "tokenizer": "KoboldAI/OPT-6.7B-Erebus",
            "data_dir": "data/analogies/OPT6B",
            "importance_results_dir": "rationalization_results/analogies/OPT6B_ours/top3_replace0.3_max3000_batch10",
            "device": "cuda",
            "rationalization_config": "config//top3_replace0.3_max3000_batch10.json",
            "input_num_ratio": 1.0,
            "logfolder": "logs/analogies/OPT6B_ours/top3_replace0.3_max3000_batch10",
            "loglevel": 20
        },
        "time_elapsed": 2516.2785062789917,
        "separate_rational": [
            [
                " I",
                " Chinese",
                " another",
                " been",
                " never"
            ],
            [
                " been",
                " Chinese",
                "</s>",
                "I",
                " had"
            ],
            [
                " Chinese",
                " to",
                " been",
                " fact",
                " never"
            ],
            [
                " been",
                " Chinese",
                "</s>",
                "I",
                " had"
            ],
            [
                " Chinese",
                " been",
                " been",
                " people",
                "</s>"
            ],
            [
                " Chinese",
                "</s>",
                "I",
                " had",
                " never"
            ],
            [
                " been",
                " Chinese",
                "</s>",
                "I",
                " had"
            ],
            [
                " been",
                " Chinese",
                "</s>",
                "I",
                " had"
            ],
            [
                " been",
                "</s>",
                "I",
                " had",
                " never"
            ],
            [
                " been",
                "</s>",
                "I",
                " had",
                " never"
            ]
        ]
    }
}