{
    "$schema": "../docs/rationalization.schema.json",
    "id": 30,
    "input-text": [
        "</s>",
        "I",
        " had",
        " never",
        " been",
        " friends",
        " with",
        " any",
        " Spanish",
        " people",
        " before",
        ".",
        " (",
        "The",
        " funn",
        "iest",
        " thing",
        " happened",
        " to",
        " me",
        " the",
        " other",
        " day",
        ",",
        " but",
        " that",
        "'s",
        " a",
        " story",
        " for",
        " another",
        " time",
        ").",
        " In",
        " fact",
        ",",
        " I",
        " had",
        " never",
        " even",
        " been",
        " to"
    ],
    "input-tokens": [
        2,
        100,
        56,
        393,
        57,
        964,
        19,
        143,
        3453,
        82,
        137,
        4,
        36,
        133,
        29310,
        7098,
        631,
        1102,
        7,
        162,
        5,
        97,
        183,
        6,
        53,
        14,
        18,
        10,
        527,
        13,
        277,
        86,
        322,
        96,
        754,
        6,
        38,
        56,
        393,
        190,
        57,
        7
    ],
    "target-text": " Spain",
    "target-token": 2809,
    "rational-size": 8,
    "rational-positions": [
        0,
        1,
        2,
        3,
        8,
        38,
        39,
        40
    ],
    "rational-text": [
        "</s>",
        "I",
        " had",
        " never",
        " Spanish",
        " never",
        " even",
        " been"
    ],
    "rational-tokens": [
        2,
        100,
        56,
        393,
        3453,
        393,
        190,
        57
    ],
    "importance-scores": [
        0.0,
        0.0,
        0.0,
        0.0,
        0.0,
        0.0,
        0.0,
        0.0,
        1.0,
        0.0,
        0.0,
        0.0,
        0.0,
        0.0,
        0.0,
        0.0,
        0.0,
        0.0,
        0.0,
        0.0,
        0.0,
        0.0,
        0.0,
        0.0,
        0.0,
        0.0,
        0.0,
        0.0,
        0.0,
        0.0,
        0.0,
        0.0,
        0.0,
        0.0,
        0.0,
        0.0,
        0.0,
        0.0,
        1.454463868191147e-38,
        6.107017791000702e-34,
        3.3487552279332703e-28,
        0.0
    ],
    "comments": {
        "created-by": "run_analogies.py",
        "args": {
            "model": "KoboldAI/OPT-6.7B-Erebus",
            "cache_dir": "cache/",
            "tokenizer": "KoboldAI/OPT-6.7B-Erebus",
            "data_dir": "data/analogies/OPT6B",
            "importance_results_dir": "rationalization_results/analogies/OPT6B_ours/top3_replace0.3_max3000_batch10",
            "device": "cuda",
            "rationalization_config": "config//top3_replace0.3_max3000_batch10.json",
            "input_num_ratio": 1.0,
            "logfolder": "logs/analogies/OPT6B_ours/top3_replace0.3_max3000_batch10",
            "loglevel": 20
        },
        "time_elapsed": 2514.8472423553467,
        "separate_rational": [
            [
                " Spanish",
                " even",
                "</s>",
                "I",
                " had"
            ],
            [
                " Spanish",
                "</s>",
                "I",
                " had",
                " never"
            ],
            [
                " been",
                "</s>",
                "I",
                " had",
                " never"
            ],
            [
                " been",
                " Spanish",
                "</s>",
                "I",
                " had"
            ],
            [
                " Spanish",
                "</s>",
                "I",
                " had",
                " never"
            ],
            [
                " been",
                "</s>",
                "I",
                " had",
                " never"
            ],
            [
                " Spanish",
                " been",
                " never",
                " had",
                "."
            ],
            [
                " Spanish",
                " been",
                " even",
                " never",
                "</s>"
            ],
            [
                " Spanish",
                " been",
                " before",
                "</s>",
                "I"
            ],
            [
                " Spanish",
                " been",
                "</s>",
                "I",
                " had"
            ]
        ]
    }
}