{
    "$schema": "../docs/rationalization.schema.json",
    "id": 32,
    "input-text": [
        "</s>",
        "Although",
        " I",
        " wrote",
        " yesterday",
        ",",
        " I",
        " had",
        " a",
        " million",
        " things",
        " to",
        " do",
        " today",
        ".",
        " (",
        "I",
        " suddenly",
        " felt",
        " a",
        " pin",
        "ched",
        " nerve",
        ",",
        " so",
        " I",
        " made",
        " a",
        " mental",
        " note",
        " to",
        " get",
        " that",
        " checked",
        " out",
        ").",
        " So",
        " today",
        " I",
        " wouldn",
        "'t",
        " have",
        " time",
        " to",
        " do",
        " any",
        " more"
    ],
    "input-tokens": [
        2,
        13863,
        38,
        875,
        2350,
        6,
        38,
        56,
        10,
        153,
        383,
        7,
        109,
        452,
        4,
        36,
        100,
        6017,
        1299,
        10,
        7756,
        3804,
        10387,
        6,
        98,
        38,
        156,
        10,
        2536,
        1591,
        7,
        120,
        14,
        7869,
        66,
        322,
        407,
        452,
        38,
        1979,
        75,
        33,
        86,
        7,
        109,
        143,
        55
    ],
    "target-text": " writing",
    "target-token": 2410,
    "rational-size": 5,
    "rational-positions": [
        4,
        46,
        2,
        5,
        3
    ],
    "rational-text": [
        " yesterday",
        " more",
        " I",
        ",",
        " wrote"
    ],
    "rational-tokens": [
        2350,
        55,
        38,
        6,
        875
    ],
    "importance-scores": [
        0.0,
        0.0,
        0.06608150899410248,
        0.057434603571891785,
        0.0856105163693428,
        0.0642567127943039,
        0.043502915650606155,
        0.011896716430783272,
        0.012034201994538307,
        0.0115598039701581,
        0.013399703428149223,
        0.011064034886658192,
        0.011272378265857697,
        0.013842521235346794,
        0.01485655177384615,
        0.01265382394194603,
        0.009081392548978329,
        0.007933703251183033,
        0.009173041209578514,
        0.008379743434488773,
        0.008681921288371086,
        0.011892803944647312,
        0.010873368941247463,
        0.012931364588439465,
        0.009137945249676704,
        0.00790802575647831,
        0.007008061278611422,
        0.00781533494591713,
        0.009411994367837906,
        0.014063253067433834,
        0.010372635908424854,
        0.008940847590565681,
        0.009863649494946003,
        0.009578696452081203,
        0.012229185551404953,
        0.013119556941092014,
        0.024041423574090004,
        0.02528243511915207,
        0.025973161682486534,
        0.017754361033439636,
        0.025363074615597725,
        0.03239895775914192,
        0.025385426357388496,
        0.023115767166018486,
        0.020417939871549606,
        0.026103250682353973,
        0.06690160930156708
    ],
    "comments": {
        "created-by": "run_analogies.py",
        "args": {
            "model": "KoboldAI/OPT-6.7B-Erebus",
            "cache_dir": "cache/",
            "tokenizer": "KoboldAI/OPT-6.7B-Erebus",
            "data_dir": "data/analogies/OPT6B/",
            "importance_results_dir": "rationalization_results/analogies/OPT6B_inseq_gradient_shap",
            "device": "cuda",
            "rationalization_config": "config/inseq_gradient_shap.json",
            "input_num_ratio": 1.0,
            "logfolder": "logs/analogies/OPT6B_inseq_gradient_shap",
            "loglevel": 20
        },
        "time_elapsed": 0.47532176971435547
    }
}