target_pos,target_token,norm_suff,random_suff,norm_comp,random_comp
44, Because,0.009979362599551678,0.022390497848391533,0.4190552234649658,0.01463914755731821
46, was,0.004563257098197937,0.0028082800563424826,0.004525978118181229,0.008699238300323486
48, good,0.00703427055850625,0.012231436558067799,0.014195715077221394,0.0108803641051054
50,.,0.0077245524153113365,0.00965966284275055,0.0037225952837616205,0.007749035954475403
52, was,0.0,0.003495077835395932,0.006019504740834236,0.0038480968214571476
