target_pos,target_token,norm_suff,random_suff,norm_comp,random_comp
44, He,0.005453967489302158,0.0,0.018611593171954155,0.016876013949513435
46, a,0.0,0.0,0.016479186713695526,0.013711389154195786
48, kid,0.0,0.0,0.7725183963775635,0.04118073731660843
50, He,0.0,0.0,0.006718204356729984,0.024501662701368332
52, a,0.0,0.0,0.016422081738710403,0.024349123239517212
