target_pos,target_token,norm_suff,random_suff,norm_comp,random_comp
44, He,0.0,0.12108687311410904,0.02742604725062847,0.012144869193434715
46, a,0.0005298516480252147,0.0,0.025531059131026268,0.017212022095918655
48, kid,0.0,0.0,0.02405426651239395,0.03565843403339386
50, He,0.0024579642340540886,0.0,0.041955914348363876,0.008507910184562206
52, a,0.0,0.0,0.019866948947310448,0.008681679144501686
