norm_suff_mean,random_suff_mean,norm_comp_mean,random_comp_mean,final suff,final comp,target_tokens
0.005860288627445698,0.010116991586983204,0.08950380980968475,0.009163177572190762,0.5792521238327026,1.5636051893234253, Because$ was$ good$.$ was
