norm_suff_mean,random_suff_mean,norm_comp_mean,random_comp_mean,final suff,final comp,target_tokens
0.0005975632229819894,0.024217374622821808,0.027766847983002663,0.0164409838616848,0.024674979969859123,27.51338005065918, He$ a$ kid$ He$ a
