target_pos,target_token,norm_suff,random_suff,norm_comp,random_comp
49, I,0.0,0.0077017066068947315,0.013223294168710709,0.018874915316700935
51, so,0.0,0.0,0.012894154526293278,0.08802271634340286
53,.,0.0,0.0,0.016521736979484558,0.01503806747496128
55, was,0.0005571084329858422,0.0,0.014344535768032074,0.017658885568380356
57, happy,0.009072262793779373,0.0007342634489759803,0.031836990267038345,0.005263429135084152
