target_pos,target_token,norm_suff,random_suff,norm_comp,random_comp
49, I,0.0,0.00013652999768964946,0.014008251950144768,0.059504296630620956
51, so,0.0,0.0,0.015725402161478996,0.011615308001637459
53,.,0.0,0.0,0.011355380527675152,0.026326142251491547
55, was,0.0,0.0,0.012656780891120434,0.017962507903575897
57, happy,0.006628732662647963,0.0005589540232904255,0.02644299529492855,0.015763189643621445
