target_pos,target_token,norm_suff,random_suff,norm_comp,random_comp
49, I,0.005043915472924709,0.007859881035983562,0.002844467293471098,0.0065689426846802235
51,'t,0.005521785467863083,0.0,0.002085829386487603,0.0001983465626835823
53,.,0.002404004568234086,0.015387061052024364,0.006058531813323498,0.013146618381142616
55, was,0.00408492935821414,0.006216544192284346,0.006021764129400253,0.00582892494276166
57, happy,0.02252919226884842,0.0,0.02082204818725586,0.009115228429436684
