norm_suff_mean,random_suff_mean,norm_comp_mean,random_comp_mean,final suff,final comp,target_tokens
0.0019258743850514293,0.0016871941043063998,0.017764141783118248,0.028971603140234947,1.1414657831192017,15.043350219726562, I$ so$.$ was$ happy
