norm_suff_mean,random_suff_mean,norm_comp_mean,random_comp_mean,final suff,final comp,target_tokens
0.0013257465325295925,0.00013909679546486586,0.01603776216506958,0.02623428776860237,9.531107902526855,19.788312911987305, I$ so$.$ was$ happy
