norm_suff_mean,random_suff_mean,norm_comp_mean,random_comp_mean,final suff,final comp,target_tokens
0.007916766218841076,0.0058926972560584545,0.007566527929157019,0.006971612572669983,1.3434877395629883,0.8806136846542358, I$'t$.$ was$ happy
