target_pos,target_token,norm_suff,random_suff,norm_comp,random_comp
75, I,0.004700514953583479,0.01469802763313055,0.009148036129772663,0.05451609194278717
77, not,0.0,0.0,0.053039051592350006,0.013720165006816387
79,.,0.029284680262207985,0.028741730377078056,0.010275476612150669,0.029259352013468742
81,'m,0.0,2.7773057809099555e-05,0.003847450250759721,0.0063875881023705006
83, sure,0.0,0.0,0.029959505423903465,0.04710669070482254
