target_pos,target_token,norm_suff,random_suff,norm_comp,random_comp
75, I,0.0,0.008896660059690475,0.005551332142204046,0.0036205456126481295
77, I,0.008601436391472816,0.0006601068889722228,0.002670695073902607,0.0024681042414158583
79, don,0.0,0.0015876104589551687,0.006443145219236612,0.002829704899340868
81, know,0.0,0.0012229146668687463,0.0042668492533266544,0.003246140666306019
83, to,0.0,0.0,0.008714116178452969,0.002821265021339059
