target_pos,target_token,norm_suff,random_suff,norm_comp,random_comp
75, I,0.023478705435991287,0.02855217456817627,0.0052107409574091434,0.008570521138608456
77, not,0.0,0.0,0.05205101519823074,0.007469966541975737
79,.,0.0,0.008100433275103569,0.028816083446145058,0.00920902844518423
81,'m,0.0,0.000580223451834172,0.005430147983133793,0.006034198682755232
83, sure,0.0,0.0,0.03500595688819885,0.025120077654719353
