norm_suff_mean,random_suff_mean,norm_comp_mean,random_comp_mean,final suff,final comp,target_tokens
0.004695740994066,0.007446566130965948,0.025302788242697716,0.011280759237706661,0.6305914521217346,2.4023385047912598, I$ not$.$'m$ sure
