norm_suff_mean,random_suff_mean,norm_comp_mean,random_comp_mean,final suff,final comp,target_tokens
0.001720287255011499,0.0024734584148973227,0.005529227200895548,0.0029971522744745016,0.6954987645149231,1.7422394752502441, I$ I$ don$ know$ to
