norm_suff_mean,random_suff_mean,norm_comp_mean,random_comp_mean,final suff,final comp,target_tokens
0.006797038950026035,0.008693506941199303,0.021253904327750206,0.030197978019714355,0.7818523645401001,4.442813873291016, I$ not$.$'m$ sure
