target_pos,target_token,norm_suff,random_suff,norm_comp,random_comp
51, She,0.0,0.012508606538176537,0.012792952358722687,0.008929840289056301
53,.,0.0,0.0,0.007859868928790092,0.015688443556427956
55, went,0.001660234876908362,0.0005413346225395799,0.008239557966589928,0.007470345124602318
57, to,0.0057611726224422455,0.0,0.010315941646695137,0.01138241495937109
59, cup,0.0,0.0,0.019706619903445244,0.018013808876276016
