target_pos,target_token,norm_suff,random_suff,norm_comp,random_comp
51, She,0.0,0.0,0.011220460757613182,0.011754362843930721
53,.,0.0,0.0,0.03393755480647087,0.013854330405592918
55, went,0.0002992259105667472,0.0008954855729825795,0.008940308354794979,0.006529670208692551
57, to,0.0,0.003887391649186611,0.03028929978609085,0.0130357900634408
59, cup,0.004522941540926695,0.0,0.05417391657829285,0.01727900095283985
