target_pos,target_token,norm_suff,random_suff,norm_comp,random_comp
51, She,0.0,0.0030611904803663492,0.00463209580630064,0.004083699081093073
53,'t,0.001624617143534124,0.0,0.002378464676439762,0.00048187593347392976
55,.,0.0015542511828243732,0.0,0.006872951984405518,0.0040061636827886105
57, just,0.010612819343805313,0.0,0.05723975598812103,0.0035382630303502083
59, that,0.0,0.0028109445702284575,0.009378133341670036,0.003830369794741273
