norm_suff_mean,random_suff_mean,norm_comp_mean,random_comp_mean,final suff,final comp,target_tokens
0.0009644335368648171,0.000956575502641499,0.02771230973303318,0.012490631081163883,1.0082147121429443,12.951261520385742, She$.$ went$ to$ cup
