norm_suff_mean,random_suff_mean,norm_comp_mean,random_comp_mean,final suff,final comp,target_tokens
0.0014842814998701215,0.0026099884416908026,0.011782988905906677,0.012296970933675766,0.5686927437782288,8.284796714782715, She$.$ went$ to$ cup
