norm_suff_mean,random_suff_mean,norm_comp_mean,random_comp_mean,final suff,final comp,target_tokens
0.0027583374176174402,0.001174426986835897,0.016100279986858368,0.0031880743335932493,2.3486666679382324,1.1557955741882324, She$'t$.$ just$ that
