target_pos,target_token,norm_suff,random_suff,norm_comp,random_comp
47, She,0.0,0.007893395610153675,0.014923031441867352,0.031717654317617416
49,'t,0.0016544514801353216,0.0,0.0014471927424892783,0.0002974436210934073
51,.,0.0044206976890563965,0.0,0.0374491885304451,0.08796124905347824
53, didn,0.012117156758904457,0.0,0.04181668907403946,0.01726653426885605
55, know,0.023646609857678413,0.0,0.013848557136952877,0.006829381920397282
