target_pos,target_token,norm_suff,random_suff,norm_comp,random_comp
47, She,0.0034271124750375748,0.01333171222358942,0.005997770000249147,0.0059957485646009445
49, going,0.0,0.007592373061925173,1.0,0.008294817991554737
51, the,0.0059665790759027,0.008089129813015461,0.00395698519423604,0.005686154123395681
53, to,0.01970517821609974,0.006734754890203476,0.006748579908162355,0.008421223610639572
55, her,0.0,0.0,0.007679579313844442,0.008286737836897373
