target_pos,target_token,norm_suff,random_suff,norm_comp,random_comp
47, She,0.0,0.008258042857050896,0.04043714702129364,0.01729155145585537
49,'t,0.001698667649179697,0.0,0.0011123979929834604,0.0004291383665986359
51,.,0.0,0.0,0.04521307349205017,0.0738009661436081
53, didn,0.0,0.0,0.00885707139968872,0.036194317042827606
55, know,0.023164862766861916,0.0,0.033166319131851196,0.007316300645470619
