norm_suff_mean,random_suff_mean,norm_comp_mean,random_comp_mean,final suff,final comp,target_tokens
0.005819774232804775,0.007149594370275736,0.2048765867948532,0.007336936891078949,0.8140006065368652,1.2606909275054932, She$ going$ the$ to$ her
