norm_suff_mean,random_suff_mean,norm_comp_mean,random_comp_mean,final suff,final comp,target_tokens
0.0049727060832083225,0.0016516086179763079,0.0257572028785944,0.027006452903151512,3.0108258724212646,5.430936813354492, She$'t$.$ didn$ know
