norm_suff_mean,random_suff_mean,norm_comp_mean,random_comp_mean,final suff,final comp,target_tokens
0.008367783389985561,0.0015786791918799281,0.021896932274103165,0.02881445363163948,5.300496578216553,3.4434990882873535, She$'t$.$ didn$ know
