target_pos,target_token,norm_suff,random_suff,norm_comp,random_comp
46, Because,0.02305804379284382,0.025404443964362144,0.05993683636188507,0.012238324619829655
48, was,0.0,0.00033495586831122637,0.027297379449009895,0.0078821312636137
50,.,0.0,0.0,0.02108186110854149,0.04578515514731407
52, was,0.0007705437601543963,0.0007041814387775958,0.012954304926097393,0.009528568014502525
54, of,0.0,0.0,0.029822124168276787,0.025579795241355896
