target_pos,target_token,norm_suff,random_suff,norm_comp,random_comp
46, Because,0.0052528781816363335,0.0064782388508319855,0.5856723785400391,0.004669693298637867
48, was,0.003912588115781546,0.0011942554265260696,0.00530420895665884,0.003365820739418268
50,.,0.0,0.010326343588531017,0.007836829870939255,0.007288428954780102
52, was,0.0032069385051727295,0.0,0.005866208113729954,0.00426613399758935
54, of,0.008623150177299976,0.010066736489534378,0.0069019426591694355,0.0038451082073152065
