target_pos,target_token,norm_suff,random_suff,norm_comp,random_comp
46, Because,0.0028759725391864777,0.005826679058372974,0.024088319391012192,0.07465637475252151
48, was,0.00017143506556749344,0.0004154987109359354,0.009398261085152626,0.008756979368627071
50,.,0.0,0.0,0.015347691252827644,0.010835683904588223
52, was,0.0,0.0005036372458562255,0.008238408714532852,0.01961776800453663
54, of,0.0,0.0,0.04539896547794342,0.025859322398900986
