norm_suff_mean,random_suff_mean,norm_comp_mean,random_comp_mean,final suff,final comp,target_tokens
0.0006094815325923264,0.001349163125269115,0.020494330674409866,0.027945226058363914,0.4517478346824646,45.8508186340332, Because$ was$.$ was$ of
