norm_suff_mean,random_suff_mean,norm_comp_mean,random_comp_mean,final suff,final comp,target_tokens
0.004765717778354883,0.005288716405630112,0.030218500643968582,0.020202795043587685,0.9011104702949524,4.239192485809326, Because$ was$.$ was$ of
