norm_suff_mean,random_suff_mean,norm_comp_mean,random_comp_mean,final suff,final comp,target_tokens
0.004199111368507147,0.005613114684820175,0.12231631577014923,0.004687036853283644,0.7480893731117249,1.1161973476409912, Because$ was$.$ was$ of
