target_pos,target_token,norm_suff,random_suff,norm_comp,random_comp
57, I,0.0,0.0,0.007529227063059807,0.007297758013010025
59, so,0.0012064508628100157,0.0,0.008300116285681725,0.007035462185740471
61, to,0.0,0.0,0.018817612901329994,0.015305829234421253
63, it,0.08911624550819397,0.002770395250990987,0.02773669920861721,0.009574387222528458
65,.,0.0,0.0,0.01877669058740139,0.01112361066043377
