target_pos,target_token,norm_suff,random_suff,norm_comp,random_comp
57, I,0.002252135192975402,0.0,0.0034698417875915766,0.004618893843144178
59, to,0.0018106380011886358,0.0,0.003194315591827035,0.0028059398755431175
61, a,0.0,0.004979236051440239,0.02073099836707115,0.005462540313601494
63,.,0.005770083051174879,0.0008983496227301657,0.0025562632363289595,0.0039922758005559444
65, sat,0.0,0.0,0.9243672490119934,0.0013056755997240543
