target_pos,target_token,norm_suff,random_suff,norm_comp,random_comp
57, I,0.0,0.002061875769868493,0.008208941668272018,0.02895658276975155
59, so,0.0,0.0,0.0133163807913661,0.019265271723270416
61, to,0.0,0.0,0.009709780104458332,0.04143410176038742
63, it,0.0,0.0,0.014300904236733913,0.01755971647799015
65,.,0.0,0.0,0.010073100216686726,0.010881584137678146
