norm_suff_mean,random_suff_mean,norm_comp_mean,random_comp_mean,final suff,final comp,target_tokens
0.0019665712025016546,0.0011755170999094844,0.1908637285232544,0.0036370649468153715,1.6729413270950317,1.84944486618042, I$ to$ a$.$ sat
