norm_suff_mean,random_suff_mean,norm_comp_mean,random_comp_mean,final suff,final comp,target_tokens
0.01806453987956047,0.0005540790734812617,0.016232069581747055,0.010067409835755825,32.60281753540039,0.5573022961616516, I$ so$ to$ it$.
