target_pos,target_token,norm_suff,random_suff,norm_comp,random_comp
51, Because,0.05421815440058708,0.0,0.06747005879878998,0.014940965920686722
53, wanted,0.005881605204194784,0.0,0.0545937716960907,0.010570159181952477
55, show,0.0,0.0,0.04546511545777321,0.038692258298397064
57, to,0.0,0.0,0.0212505254894495,0.060042381286621094
59, dog,0.00018925830954685807,0.0,0.02554982528090477,0.020529411733150482
