target_pos,target_token,norm_suff,random_suff,norm_comp,random_comp
51, Because,0.0047896914184093475,0.0,0.036387067288160324,0.04927416145801544
53, wanted,0.012391160242259502,0.0,0.016825001686811447,0.01801353134214878
55, show,0.0,0.0,0.02153288573026657,0.06287962943315506
57, to,0.0,0.0,0.020754875615239143,0.01236153207719326
59, dog,0.0,0.0,0.032612476497888565,0.019470468163490295
