target_pos,target_token,norm_suff,random_suff,norm_comp,random_comp
51, Because,0.007959767244756222,0.0028893735725432634,0.5278029441833496,0.0056192269548773766
53, loved,0.021403180435299873,0.003765349043533206,0.053065136075019836,0.005948090460151434
55, dog,0.02757076919078827,3.0172482183843385e-06,0.011057097464799881,0.011311270296573639
57,"
",0.00045822159154340625,0.002553632715716958,0.004569666460156441,0.0066185807809233665
59,The,0.0,0.0,0.008209801279008389,0.0046567246317863464
