norm_suff_mean,random_suff_mean,norm_comp_mean,random_comp_mean,final suff,final comp,target_tokens
0.011478387750685215,0.0018422745633870363,0.12094093859195709,0.006830778904259205,6.2305521965026855,0.595099151134491," Because$ loved$ dog$
$The"
