target_pos,target_token,norm_suff,random_suff,norm_comp,random_comp
68, She,0.0,0.0011767803225666285,0.007338893599808216,0.005473105702549219
70, to,0.0006671639275737107,0.0020874047186225653,0.0037569752894341946,0.0035337021108716726
72, a,0.007512612268328667,0.008343866094946861,0.006552165374159813,0.007612668443471193
74, meal,0.07630042731761932,0.005916512571275234,0.019137075170874596,0.007642336189746857
76, her,0.00021392290364019573,0.0,0.010549025610089302,0.003875380614772439
