target_pos,target_token,norm_suff,random_suff,norm_comp,random_comp
68, She,0.0,0.07954314351081848,0.01072767749428749,0.00950432475656271
70, to,0.013754813000559807,0.10395816713571548,0.01333504170179367,0.0568317286670208
72, Asian,0.0,0.0,0.1523848921060562,0.03388124704360962
74,ard,0.006329537369310856,0.0001046505494741723,0.006114521995186806,0.0024036350660026073
76, her,0.0,0.0,0.004221674986183643,0.010241834446787834
