target_pos,target_token,norm_suff,random_suff,norm_comp,random_comp
68, She,0.0,0.0,0.03527974709868431,0.008648413233458996
70, to,0.10258940607309341,0.09358257800340652,0.006440687924623489,0.008635756559669971
72, Asian,0.0,0.0,0.21080143749713898,0.030990824103355408
74,ard,0.0,0.00037711209733970463,0.0069807544350624084,0.0016920679481700063
76, her,0.0,0.0,0.0067799286916852,0.004348995164036751
