norm_suff_mean,random_suff_mean,norm_comp_mean,random_comp_mean,final suff,final comp,target_tokens
0.00401687016710639,0.03672119230031967,0.03735676407814026,0.022572552785277367,0.1093883365392685,5.619438171386719, She$ to$ Asian$ard$ her
