norm_suff_mean,random_suff_mean,norm_comp_mean,random_comp_mean,final suff,final comp,target_tokens
0.020517881959676743,0.018791938200592995,0.05325651168823242,0.010863211937248707,1.091844916343689,0.5294509530067444, She$ to$ Asian$ard$ her
