norm_suff_mean,random_suff_mean,norm_comp_mean,random_comp_mean,final suff,final comp,target_tokens
0.0169388260692358,0.0035049126017838717,0.009466826915740967,0.005627438426017761,4.832880973815918,0.33222126960754395, She$ to$ a$ meal$ her
