target_pos,target_token,norm_suff,random_suff,norm_comp,random_comp
62, She,0.0,0.0,0.008032456040382385,0.007852817885577679
64, to,0.0,4.8909467295743525e-05,0.0023739661555737257,0.0035795520525425673
66, out,0.0,0.0,0.006725925020873547,0.005079480819404125
68, cheer,0.01863945461809635,0.001365832518786192,0.014853575266897678,0.0023212903179228306
70,.,0.009463786147534847,0.011330257169902325,0.006095740478485823,0.00504969572648406
