target_pos,target_token,norm_suff,random_suff,norm_comp,random_comp
62, She,0.0,0.004835145547986031,0.04654989019036293,0.025425467640161514
64, to,0.0,0.0,0.0030833801720291376,0.0024050844367593527
66, out,0.027077529579401016,0.006418328266590834,0.0416482649743557,0.028712542727589607
68, cheer,0.016645582392811775,0.0,0.10930006206035614,0.04100203141570091
70, at,0.2433779388666153,0.3376874029636383,0.030535494908690453,0.020330827683210373
