target_pos,target_token,norm_suff,random_suff,norm_comp,random_comp
62, She,0.0,0.0,0.01565859466791153,0.010412538424134254
64, to,0.09642382711172104,0.0,0.004458686336874962,0.002794081810861826
66, out,0.06428273022174835,0.0,0.17170162498950958,0.004788301419466734
68, cheer,0.041308242827653885,0.004870478995144367,0.14445635676383972,0.015296251513063908
70, at,0.0729973316192627,0.13255129754543304,0.09355024248361588,0.005399513989686966
