norm_suff_mean,random_suff_mean,norm_comp_mean,random_comp_mean,final suff,final comp,target_tokens
0.05500242859125137,0.027484355494379997,0.0859651044011116,0.007738137152045965,2.0012269020080566,0.14068719744682312, She$ to$ out$ cheer$ at
