norm_suff_mean,random_suff_mean,norm_comp_mean,random_comp_mean,final suff,final comp,target_tokens
0.057420212775468826,0.06978818029165268,0.04622342064976692,0.0235751923173666,0.8227784633636475,0.4105730652809143, She$ to$ out$ cheer$ at
