norm_suff_mean,random_suff_mean,norm_comp_mean,random_comp_mean,final suff,final comp,target_tokens
0.00562064815312624,0.0025489998515695333,0.007616332266479731,0.004776567220687866,2.205040693283081,0.8498249650001526, She$ to$ out$ cheer$.
