target_pos,target_token,norm_suff,random_suff,norm_comp,random_comp
55, Because,0.0,0.0005010746535845101,1.0,0.0028738053515553474
57, wanted,0.02355034649372101,0.001404186012223363,0.02382737211883068,0.0035457713529467583
59, to,0.0,0.0,0.0012691146694123745,0.001948787015862763
61, successful,0.0,0.006605691276490688,1.0,0.005769629962742329
63, She,0.0,0.00030445997253991663,0.004462588578462601,0.0030717835761606693
