target_pos,target_token,norm_suff,random_suff,norm_comp,random_comp
55, Because,0.0781686082482338,0.0,1.0034821033477783,0.0166613906621933
57, wanted,0.008142923936247826,0.0,0.06811601668596268,0.008029576390981674
59, to,0.0,0.00035368898534215987,0.0052328105084598064,0.0034646294079720974
61, French,0.0,0.0,1.0,0.01834181137382984
63, She,0.11796637624502182,0.0,0.006573621183633804,0.007942735217511654
