target_pos,target_token,norm_suff,random_suff,norm_comp,random_comp
55, Because,0.0,0.01166547555476427,0.47532784938812256,0.0042874617502093315
57, wanted,0.017809903249144554,0.0,0.013485254719853401,0.007163381204009056
59, to,0.0,0.0,0.0032030795700848103,0.0023368753027170897
61, French,0.0,0.0,0.2895924746990204,0.030536852777004242
63, She,0.0,0.0,0.0061355410143733025,0.007597348652780056
