norm_suff_mean,random_suff_mean,norm_comp_mean,random_comp_mean,final suff,final comp,target_tokens
0.04085558280348778,7.07377985236235e-05,0.4166809022426605,0.010888028889894485,577.5636596679688,0.2665003836154938, Because$ wanted$ to$ French$ She
