norm_suff_mean,random_suff_mean,norm_comp_mean,random_comp_mean,final suff,final comp,target_tokens
0.004710069391876459,0.001763082342222333,0.4059118330478668,0.0034419551957398653,2.671497106552124,0.7307652831077576, Because$ wanted$ to$ successful$ She
