norm_suff_mean,random_suff_mean,norm_comp_mean,random_comp_mean,final suff,final comp,target_tokens
0.003561980789527297,0.0023330950643867254,0.15754884481430054,0.010384383611381054,1.526719093322754,2.915339469909668, Because$ wanted$ to$ French$ She
