target_pos,target_token,norm_suff,random_suff,norm_comp,random_comp
53, Because,0.003983713686466217,0.0,0.6054242849349976,0.006087807007133961
55, was,0.009072106331586838,0.0,0.005709047894924879,0.0043100351467728615
57, black,0.36779603362083435,0.005071915220469236,0.8701465129852295,0.008258352987468243
59,.,2.447876613587141e-05,0.0,0.0071502565406262875,0.0053290496580302715
61, was,0.00319663155823946,0.0010372520191594958,0.004709423985332251,0.005899371579289436
