target_pos,target_token,norm_suff,random_suff,norm_comp,random_comp
53, Because,0.028001397848129272,0.0,0.3216681182384491,0.012787275947630405
55, was,0.0,0.0,0.011159395799040794,0.019001677632331848
57, black,0.0034410206135362387,3.538309101713821e-05,0.009947271086275578,0.009235840290784836
59, player,0.0,0.00036879180697724223,0.11101236194372177,0.02120058611035347
61, He,0.0,0.056756313890218735,0.006553350482136011,0.007459254935383797
