target_pos,target_token,norm_suff,random_suff,norm_comp,random_comp
53, Because,0.008939665742218494,0.0,0.023370198905467987,0.007907186634838581
55, was,0.0010052876314148307,0.0,0.013660239055752754,0.008225547149777412
57, black,0.003013328416272998,0.0006770126638002694,0.008300823159515858,0.016795847564935684
59, player,0.004853707272559404,0.0,0.09017103910446167,0.039188217371702194
61, He,0.0,0.01569114625453949,0.02057582512497902,0.030491873621940613
