norm_suff_mean,random_suff_mean,norm_comp_mean,random_comp_mean,final suff,final comp,target_tokens
0.0035623975563794374,0.003273631678894162,0.031215626746416092,0.0205217357724905,1.088209629058838,5.760653018951416, Because$ was$ black$ player$ He
