norm_suff_mean,random_suff_mean,norm_comp_mean,random_comp_mean,final suff,final comp,target_tokens
0.006288483738899231,0.011432098224759102,0.09206809848546982,0.01393692847341299,0.5500725507736206,2.216262102127075, Because$ was$ black$ player$ He
