norm_suff_mean,random_suff_mean,norm_comp_mean,random_comp_mean,final suff,final comp,target_tokens
0.07681459188461304,0.0012218335177749395,0.29862791299819946,0.0059769232757389545,62.8682975769043,0.07780973613262177, Because$ was$ black$.$ was
