target_pos,target_token,norm_suff,random_suff,norm_comp,random_comp
67, Mary,0.0,0.0,0.01410437561571598,0.0053399708122015
69, so,0.031086277216672897,0.05150289833545685,0.020185744389891624,0.010093734599649906
71, that,0.2621484696865082,0.12094426900148392,0.028458822518587112,0.00706414645537734
73, didn,0.006614556070417166,0.003966690041124821,0.02876153029501438,0.010989394970238209
75, want,0.0032000942155718803,0.00019138811330776662,0.0401533842086792,0.016967810690402985
