target_pos,target_token,norm_suff,random_suff,norm_comp,random_comp
67, Mary,0.0,0.0,0.00993915181607008,0.0066776517778635025
69, a,0.0,0.001956620719283819,0.008126197382807732,0.006465401034802198
71, bow,0.0,0.004309850744903088,1.0,0.010606999509036541
73,",",0.0019798704888671637,0.004820693284273148,0.005085470620542765,0.0039533288218081
75, Steve,0.0,0.0007352522807195783,1.0,0.006779262330383062
