target_pos,target_token,norm_suff,random_suff,norm_comp,random_comp
67, Mary,0.009371421299874783,0.03699468821287155,0.0224776491522789,0.027496960014104843
69, so,0.034944918006658554,0.0,0.06965448707342148,0.012943141162395477
71, that,0.24780544638633728,0.016827132552862167,0.02620752900838852,0.009212863631546497
73, didn,0.002850752556696534,0.000394522154238075,0.07167886197566986,0.02269618585705757
75, want,0.00418942840769887,0.0008899092208594084,0.02073344774544239,0.013352859765291214
