norm_suff_mean,random_suff_mean,norm_comp_mean,random_comp_mean,final suff,final comp,target_tokens
0.000395974115235731,0.002364483429118991,0.404630184173584,0.006896528881043196,0.16746748983860016,17.416614532470703," Mary$ a$ bow$,$ Steve"
