norm_suff_mean,random_suff_mean,norm_comp_mean,random_comp_mean,final suff,final comp,target_tokens
0.05983239412307739,0.011021250858902931,0.04215039685368538,0.017140401527285576,5.428820610046387,0.2864736020565033, Mary$ so$ that$ didn$ want
