norm_suff_mean,random_suff_mean,norm_comp_mean,random_comp_mean,final suff,final comp,target_tokens
0.060609884560108185,0.03532104939222336,0.02633277140557766,0.01009101141244173,1.7159706354141235,0.16649118065834045, Mary$ so$ that$ didn$ want
