target_pos,target_token,norm_suff,random_suff,norm_comp,random_comp
56, Because,0.0,0.0,0.6273165345191956,0.015750719234347343
58, wanted,0.016368485987186432,0.0,0.020858323201537132,0.007294847629964352
60, show,0.0,0.0,0.3995772898197174,0.01298306044191122
62, they,0.0,0.0,0.04232782870531082,0.014575008302927017
64, not,0.0006031951052136719,0.06409268826246262,0.06925512850284576,0.013495503924787045
