target_pos,target_token,norm_suff,random_suff,norm_comp,random_comp
56, They,0.004968184046447277,0.0,0.014809079468250275,0.03483516722917557
58, to,0.0010437056189402938,0.0,0.01603979989886284,0.0249725803732872
60, it,0.0,0.00780481705442071,0.005162796005606651,0.005322677083313465
62, a,0.0008276343578472733,0.004292628262192011,0.004321429878473282,0.017956707626581192
64, way,0.0424562469124794,0.0016170928720384836,0.9723951816558838,0.007753884885460138
