target_pos,target_token,norm_suff,random_suff,norm_comp,random_comp
56, Because,0.0,0.0,0.6132623553276062,0.03383535146713257
58, wanted,0.017531827092170715,0.0,0.017552819103002548,0.006558294408023357
60, show,0.0,0.0,0.024900484830141068,0.030179189518094063
62, they,0.0,0.0,0.017262052744627,0.01200782135128975
64, not,0.08071517944335938,0.0,0.009910759516060352,0.040602970868349075
