norm_suff_mean,random_suff_mean,norm_comp_mean,random_comp_mean,final suff,final comp,target_tokens
0.009859154932200909,0.0027429077308624983,0.2025456428527832,0.01816820353269577,3.5944173336029053,1.8427749872207642, They$ to$ it$ a$ way
