norm_suff_mean,random_suff_mean,norm_comp_mean,random_comp_mean,final suff,final comp,target_tokens
0.0033943362068384886,0.012818537652492523,0.23186703026294708,0.01281982846558094,0.264799028635025,3.776829242706299, Because$ wanted$ show$ they$ not
