target_pos,target_token,norm_suff,random_suff,norm_comp,random_comp
54, Martha,0.0016633848426863551,0.0,0.13889586925506592,0.05917385220527649
56, boyfriend,0.0,0.0,0.013324037194252014,0.012532273307442665
58, really,0.002552154241129756,0.0,0.059678155928850174,0.010541579686105251
60, Dungeons,0.004411873873323202,0.0,0.5694969892501831,0.005610963795334101
62, Dragons,0.0,0.0,0.024548005312681198,0.0015886003384366632
