target_pos,target_token,norm_suff,random_suff,norm_comp,random_comp
54, Martha,0.0,0.011275061406195164,0.31192633509635925,0.035861723124980927
56, boyfriend,0.0,0.0,0.07617540657520294,0.01870395801961422
58, really,0.021081998944282532,0.0,0.049710094928741455,0.01323841605335474
60, Dungeons,0.004695100709795952,0.00020598311675712466,0.22256679832935333,0.005483183078467846
62, Dragons,0.0007467310642823577,0.0,0.03558014705777168,0.002324707107618451
