target_pos,target_token,norm_suff,random_suff,norm_comp,random_comp
54, She,0.00870826281607151,0.0,0.024561062455177307,0.01993100345134735
56, a,0.0,0.015493597835302353,0.009244319051504135,0.02416970767080784
58, bit,0.00774149177595973,0.0,0.019039001315832138,0.00677134795114398
60, a,0.0,0.0018192578572779894,0.005591375287622213,0.0034053504932671785
62,oy,0.05025430768728256,6.369087350321934e-05,0.9958808422088623,0.0005574998795054853
