norm_suff_mean,random_suff_mean,norm_comp_mean,random_comp_mean,final suff,final comp,target_tokens
0.0053047663532197475,0.002296209102496505,0.13919176161289215,0.015122398734092712,2.310227870941162,2.8507192134857178, Martha$ boyfriend$ really$ Dungeons$ Dragons
