norm_suff_mean,random_suff_mean,norm_comp_mean,random_comp_mean,final suff,final comp,target_tokens
0.013340811245143414,0.003475309582427144,0.21086333692073822,0.010966981761157513,3.838740348815918,0.822062611579895, She$ a$ bit$ a$oy
