target_pos,target_token,norm_suff,random_suff,norm_comp,random_comp
43, Because,0.013706717640161514,0.0038868084084242582,0.10177735239267349,0.03644237294793129
45, was,0.002722772303968668,0.003094614716246724,0.011439460329711437,0.004851446021348238
47, to,0.0,0.00930689461529255,0.004927711095660925,0.007213180884718895
49, a,0.0,0.017346810549497604,0.02467207983136177,0.020979905501008034
51,.,0.010581866838037968,0.011431741528213024,0.012728547677397728,0.00858295988291502
