target_pos,target_token,norm_suff,random_suff,norm_comp,random_comp
43, She,0.023825813084840775,0.019461775198578835,0.05345176160335541,0.034422602504491806
45, learning,0.020357858389616013,0.0,0.14625099301338196,0.02755930833518505
47, draw,0.00013436896551866084,0.0,0.004816933069378138,0.001390990917570889
49, face,0.0,0.0,0.011180130764842033,0.001972386846318841
51, She,0.0,0.0022005820646882057,0.008116481825709343,0.015860844403505325
