target_pos,target_token,norm_suff,random_suff,norm_comp,random_comp
43, She,0.0,0.0038607397582381964,0.057794854044914246,0.04724641516804695
45, learning,0.024866746738553047,0.0,0.1568986028432846,0.014749898575246334
47, draw,0.0001410664845025167,0.0,0.005512679927051067,0.010191379114985466
49, face,0.0001716270053293556,0.0,0.32194119691848755,0.0021037196274846792
51, She,0.0,0.0004492299922276288,0.03939756751060486,0.02178586646914482
