norm_suff_mean,random_suff_mean,norm_comp_mean,random_comp_mean,final suff,final comp,target_tokens
0.005402271170169115,0.009013374336063862,0.031109029427170753,0.015613973140716553,0.5993616580963135,2.890260934829712, Because$ was$ to$ a$.
