norm_suff_mean,random_suff_mean,norm_comp_mean,random_comp_mean,final suff,final comp,target_tokens
0.008863608352839947,0.004332471638917923,0.04476326331496239,0.016241228207945824,2.0458548069000244,1.8323495388031006, She$ learning$ draw$ face$ She
