norm_suff_mean,random_suff_mean,norm_comp_mean,random_comp_mean,final suff,final comp,target_tokens
0.005035887937992811,0.0008619939908385277,0.11630897969007492,0.019215455278754234,5.842138290405273,3.8157033920288086, She$ learning$ draw$ face$ She
