target_pos,target_token,norm_suff,random_suff,norm_comp,random_comp
56, Because,0.0,0.001596451154910028,0.4814970791339874,0.031116943806409836
58, was,0.0,0.00026177390827797353,0.011108598671853542,0.012979021295905113
60, of,0.005097026936709881,0.0,0.011099043302237988,0.020129770040512085
62,.,0.0,0.01891215704381466,0.009688938967883587,0.016048770397901535
64, was,0.0,0.0,0.0073263258673250675,0.026800498366355896
