target_pos,target_token,norm_suff,random_suff,norm_comp,random_comp
56, He,0.015965813770890236,0.009014538489282131,0.018309151753783226,0.024677034467458725
58, playing,0.300887793302536,0.002506079152226448,0.17045988142490387,0.01009763590991497
60, his,0.0026444431859999895,0.007884956896305084,0.0071166823618113995,0.004753956571221352
62,.,0.005514997988939285,0.0035247025080025196,0.017463240772485733,0.012510672211647034
64, friend,0.00016959276399575174,0.000725247897207737,0.008300011977553368,0.0015509446384385228
