target_pos,target_token,norm_suff,random_suff,norm_comp,random_comp
56, Because,0.04799089580774307,0.015935935080051422,0.5882468819618225,0.02670249715447426
58, was,0.0,0.0,0.01296534575521946,0.011668788269162178
60, of,0.0,0.0,0.017571860924363136,0.02629196271300316
62,.,0.023983387276530266,0.0,0.049970436841249466,0.02137894183397293
64, was,0.0,0.0029966747388243675,0.007942027412354946,0.019145475700497627
