norm_suff_mean,random_suff_mean,norm_comp_mean,random_comp_mean,final suff,final comp,target_tokens
0.001019405433908105,0.004154076334089041,0.10414399951696396,0.021415000781416893,0.24539881944656372,21.007343292236328, Because$ was$ of$.$ was
