norm_suff_mean,random_suff_mean,norm_comp_mean,random_comp_mean,final suff,final comp,target_tokens
0.06503652781248093,0.004731105174869299,0.044329795986413956,0.010718049481511116,13.746582984924316,0.16480045020580292, He$ playing$ his$.$ friend
