norm_suff_mean,random_suff_mean,norm_comp_mean,random_comp_mean,final suff,final comp,target_tokens
0.014394856989383698,0.0037865221966058016,0.13533930480480194,0.02103753387928009,3.8016037940979004,1.4614617824554443, Because$ was$ of$.$ was
