target_pos,target_token,norm_suff,random_suff,norm_comp,random_comp
50, Because,0.002555134939029813,0.0007176509825512767,0.6240154504776001,0.005781261716037989
52, wanted,0.0006891097291372716,0.004219170194119215,0.018597301095724106,0.004033938515931368
54, paint,0.0,0.0,0.022036809474229813,0.006845997180789709
56, bedroom,0.0,0.0,0.052690811455249786,0.00747715262696147
58,.,0.0,0.0,0.004116608761250973,0.004174417816102505
