target_pos,target_token,norm_suff,random_suff,norm_comp,random_comp
50, She,0.0,0.005986474454402924,0.01623530313372612,0.009139131754636765
52, to,0.00017508069868199527,0.0,0.00908428244292736,0.02483067288994789
54, her,0.10469567030668259,0.0,0.01772962510585785,0.01138328853994608
56, walls,0.0,0.0,0.18509554862976074,0.026093613356351852
58, She,0.0,0.0,0.007070561405271292,0.011317305266857147
