target_pos,target_token,norm_suff,random_suff,norm_comp,random_comp
50, She,0.0052463891915977,0.0,0.00818917341530323,0.011519896797835827
52, to,0.0,0.0,0.03766174986958504,0.012969202362000942
54, her,0.0,8.29935452202335e-05,0.021323904395103455,0.01026369072496891
56, walls,0.0609663724899292,0.0,0.1378353089094162,0.0223636943846941
58, She,0.0,0.009062166325747967,0.01928352564573288,0.047273315489292145
