norm_suff_mean,random_suff_mean,norm_comp_mean,random_comp_mean,final suff,final comp,target_tokens
0.013242552056908607,0.0018290320876985788,0.04485873505473137,0.020877961069345474,7.240196704864502,1.576581358909607, She$ to$ her$ walls$ She
