norm_suff_mean,random_suff_mean,norm_comp_mean,random_comp_mean,final suff,final comp,target_tokens
0.02097414992749691,0.001197294914163649,0.04704306647181511,0.01655280403792858,17.517948150634766,0.7892002463340759, She$ to$ her$ walls$ She
