norm_suff_mean,random_suff_mean,norm_comp_mean,random_comp_mean,final suff,final comp,target_tokens
0.0006488489452749491,0.0009873643284663558,0.14429140090942383,0.005662553943693638,0.657152533531189,8.727075576782227, Because$ wanted$ paint$ bedroom$.
