target_pos,target_token,norm_suff,random_suff,norm_comp,random_comp
63, She,0.0,0.0,0.015168458223342896,0.012180796824395657
65, hungry,0.0,0.0,1.0,0.010238062590360641
67, She,0.0016093652229756117,0.0072156204842031,0.009781518019735813,0.007917962968349457
69, hungry,0.043599434196949005,0.008290291763842106,0.10054340958595276,0.009856353513896465
71, she,0.0,0.017804540693759918,0.006631285417824984,0.0049840654246509075
