target_pos,target_token,norm_suff,random_suff,norm_comp,random_comp
63, Because,0.028460146859288216,0.0021316702477633953,0.464813768863678,0.02487066574394703
65, was,0.0,0.0,0.030224313959479332,0.011713915504515171
67,!,0.0,0.0,0.0165790393948555,0.016856394708156586
69, was,0.0,0.010431547649204731,0.014035722240805626,0.02988326922059059
71, hungry,0.0107036754488945,0.0051661101169884205,0.08298515528440475,0.00517160864546895
