target_pos,target_token,norm_suff,random_suff,norm_comp,random_comp
63, Because,0.003389474470168352,0.0,0.827714741230011,0.09992577135562897
65, was,0.0,0.0,0.016002563759684563,0.005431704223155975
67,!,0.0,0.0,0.03563116863369942,0.10645171999931335
69, was,0.0,0.0,0.009557011537253857,0.01890507899224758
71, hungry,0.011697045527398586,0.0,0.30487629771232605,0.06191243976354599
