norm_suff_mean,random_suff_mean,norm_comp_mean,random_comp_mean,final suff,final comp,target_tokens
0.009041760116815567,0.0066620903089642525,0.2264249622821808,0.009035448543727398,1.3571956157684326,0.9993019700050354, She$ hungry$ She$ hungry$ she
