norm_suff_mean,random_suff_mean,norm_comp_mean,random_comp_mean,final suff,final comp,target_tokens
0.007832764647901058,0.0035458654165267944,0.1217276006937027,0.017699170857667923,2.2089853286743164,2.2596325874328613, Because$ was$!$ was$ hungry
