target_pos,target_token,norm_suff,random_suff,norm_comp,random_comp
51, She,0.0,0.0,0.012045667506754398,0.016505323350429535
53, in,0.0,0.0,0.020670147612690926,0.030343111604452133
55, relationship,0.0,0.0,0.025403577834367752,0.009832659736275673
57, a,0.0,0.0,0.08361601084470749,0.009107529185712337
59,.,0.03022436797618866,0.0,0.03373561054468155,0.011977839283645153
