target_pos,target_token,norm_suff,random_suff,norm_comp,random_comp
51, She,0.0018971400568261743,0.0,0.010332898236811161,0.007371943444013596
53, at,0.044792093336582184,0.009309576824307442,0.015588411130011082,0.006640169769525528
55, beach,0.02575572393834591,0.005018013063818216,0.7111378908157349,0.02234923094511032
57, get,0.005933596286922693,0.0011402752716094255,0.009325838647782803,0.014773134142160416
59, from,0.0012965635396540165,0.0,0.00465901056304574,0.0036928639747202396
