target_pos,target_token,norm_suff,random_suff,norm_comp,random_comp
51, She,0.0017356715397909284,0.0,0.018755897879600525,0.012635864317417145
53, in,0.0,0.0009242094238288701,0.012451796792447567,0.031263258308172226
55, relationship,0.0003648610145319253,0.0,0.023505868390202522,0.007160134147852659
57, a,0.0,0.0,0.0087141627445817,0.0384691096842289
59,.,0.0,0.0,0.032686907798051834,0.010137557983398438
