norm_suff_mean,random_suff_mean,norm_comp_mean,random_comp_mean,final suff,final comp,target_tokens
0.015935024246573448,0.0030935730319470167,0.15020881593227386,0.010965468361973763,5.151009559631348,0.6881362795829773, She$ at$ beach$ get$ from
