norm_suff_mean,random_suff_mean,norm_comp_mean,random_comp_mean,final suff,final comp,target_tokens
0.0004201065457891673,0.0001848418905865401,0.01922292821109295,0.0199331846088171,2.2727885246276855,47.44792556762695, She$ in$ relationship$ a$.
