target_pos,target_token,norm_suff,random_suff,norm_comp,random_comp
56, I,0.0,0.0020876259077340364,0.02599019557237625,0.008537491783499718
58,'t,0.0012188913533464074,0.0,0.0032008409034460783,0.0003349959442857653
60,.,0.0,0.0,0.028175313025712967,0.019233152270317078
62, was,0.0,0.00014345899398904294,0.005670101381838322,0.004860877525061369
64, like,0.0,0.0,0.02276572398841381,0.01509827934205532
