target_pos,target_token,norm_suff,random_suff,norm_comp,random_comp
56, I,6.067499271011911e-05,0.0012184910010546446,0.002695835893973708,0.002921449486166239
58, a,0.004270703997462988,0.004262358415871859,0.0038364226929843426,0.0047202459536492825
60,.,0.0017141030402854085,0.0,0.004102038219571114,0.004809806123375893
62, didn,0.015188012272119522,0.0,0.012372062541544437,0.002649781061336398
64, know,0.0006752804620191455,0.0030466727912425995,0.007316745817661285,0.004267523065209389
