target_pos,target_token,norm_suff,random_suff,norm_comp,random_comp
56, I,0.0,0.004016846884042025,0.05983194708824158,0.011447859928011894
58,'t,0.0008001388632692397,0.0,0.00561092235147953,0.00017590266361366957
60,.,0.0,0.0,0.013869401067495346,0.05514600872993469
62, was,0.0,0.0,0.03241540864109993,0.006659956648945808
64, like,0.0,0.0,0.011036554351449013,0.032126784324645996
