norm_suff_mean,random_suff_mean,norm_comp_mean,random_comp_mean,final suff,final comp,target_tokens
0.0043817549012601376,0.001705504604615271,0.006064621265977621,0.0038737610448151827,2.569183826446533,0.884066104888916, I$ a$.$ didn$ know
