norm_suff_mean,random_suff_mean,norm_comp_mean,random_comp_mean,final suff,final comp,target_tokens
0.00024377826775889844,0.000446216989075765,0.017160436138510704,0.009612959809601307,0.546322226524353,39.43321228027344, I$'t$.$ was$ like
