norm_suff_mean,random_suff_mean,norm_comp_mean,random_comp_mean,final suff,final comp,target_tokens
0.00016002777556423098,0.0008033693884499371,0.02455284632742405,0.021111303940415382,0.1991957575082779,131.92274475097656, I$'t$.$ was$ like
