target_pos,target_token,norm_suff,random_suff,norm_comp,random_comp
48, Because,0.0,0.014193471521139145,1.0,0.006661569233983755
50, tutor,0.0,0.004251997917890549,0.02935325726866722,0.01352300401777029
52, a,0.004458845127373934,0.0,0.00585834588855505,0.00866012740880251
54, person,0.0074520474299788475,0.004062938038259745,0.05754173919558525,0.006691647693514824
56,"
",0.005731345620006323,0.002130389679223299,0.0038737512659281492,0.0065724896267056465
