target_pos,target_token,norm_suff,random_suff,norm_comp,random_comp
48, Because,0.011723630130290985,0.0,0.06062089279294014,0.013780396431684494
50, was,0.0,0.00016729594790376723,0.009113157168030739,0.008300771936774254
52, working,0.04275728762149811,0.0,0.09767015278339386,0.0444367378950119
54, his,0.0,0.0,0.0364878848195076,0.03302137553691864
56,.,0.01965450495481491,0.0,0.021407147869467735,0.020991574972867966
