target_pos,target_token,norm_suff,random_suff,norm_comp,random_comp
48, Because,0.013358917087316513,0.0,0.29895928502082825,0.014932895079255104
50, was,0.0017268965020775795,0.0,0.032496146857738495,0.007978173904120922
52, working,0.07788219302892685,0.0,0.06282808631658554,0.01885284297168255
54, his,0.0,9.471626981394365e-05,0.017713036388158798,0.01094601396471262
56,.,0.0,0.0,0.10224433243274689,0.02087448164820671
