norm_suff_mean,random_suff_mean,norm_comp_mean,random_comp_mean,final suff,final comp,target_tokens
0.018593601882457733,1.894325396278873e-05,0.10284818708896637,0.014716881327331066,981.5421142578125,0.7915024161338806, Because$ was$ working$ his$.
