norm_suff_mean,random_suff_mean,norm_comp_mean,random_comp_mean,final suff,final comp,target_tokens
0.014827084727585316,3.3459189580753446e-05,0.045059848576784134,0.02410617284476757,443.1393737792969,1.6258201599121094, Because$ was$ working$ his$.
