norm_suff_mean,random_suff_mean,norm_comp_mean,random_comp_mean,final suff,final comp,target_tokens
0.0035284478217363358,0.004927759524434805,0.21932540833950043,0.008421767503023148,0.7160348892211914,2.386819362640381," Because$ tutor$ a$ person$
"
