target_pos,target_token,norm_suff,random_suff,norm_comp,random_comp
59, Because,0.008427082560956478,0.001629995065741241,0.032403621822595596,0.01763838157057762
61, was,0.0,0.0,0.004914799239486456,0.019123176112771034
63, ge,0.011676832102239132,0.00022927623649593443,0.046429719775915146,0.01560786459594965
65,.,0.22750665247440338,0.0,0.015265798196196556,0.018165847286581993
67, was,0.0,0.0012429797789081931,0.011550872586667538,0.006765295285731554
