target_pos,target_token,norm_suff,random_suff,norm_comp,random_comp
59, Well,0.0,0.0015309345908463001,1.0,0.006114274729043245
61, he,0.01094614528119564,0.0001516285410616547,0.0057081859558820724,0.006265602074563503
63, a,0.0024471082724630833,0.0,0.0060514057986438274,0.005236909259110689
65,ologist,0.0,0.0,0.056365083903074265,0.005596884060651064
67, He,0.004039143677800894,4.3500134779606014e-05,0.004087948240339756,0.004940579645335674
