target_pos,target_token,norm_suff,random_suff,norm_comp,random_comp
59, Because,0.010035311803221703,0.0010927024995908141,0.1268015205860138,0.01984446309506893
61, was,0.0001045884273480624,0.0,0.02315692976117134,0.024814333766698837
63, ge,0.00652905460447073,0.0,0.023442644625902176,0.0125290397554636
65,.,0.0,0.0,0.006603618618100882,0.10999929904937744
67, was,0.0,0.0,0.006592177785933018,0.0077001661993563175
