norm_suff_mean,random_suff_mean,norm_comp_mean,random_comp_mean,final suff,final comp,target_tokens
0.003486479399725795,0.00034521264024078846,0.21444252133369446,0.005630850326269865,10.099512100219727,1.615053415298462, Well$ he$ a$ologist$ He
