norm_suff_mean,random_suff_mean,norm_comp_mean,random_comp_mean,final suff,final comp,target_tokens
0.0033337909262627363,0.00021854050282854587,0.037319380789995193,0.03497746214270592,15.254796981811523,10.491798400878906, Because$ was$ ge$.$ was
