norm_suff_mean,random_suff_mean,norm_comp_mean,random_comp_mean,final suff,final comp,target_tokens
0.04952211305499077,0.0006204502424225211,0.02211296372115612,0.015460113063454628,79.81641387939453,0.312186062335968, Because$ was$ ge$.$ was
