target_pos,target_token,norm_suff,random_suff,norm_comp,random_comp
53, Because,0.015129532665014267,0.003354550339281559,0.09345211833715439,0.024137359112501144
55, was,0.0,0.004160900134593248,0.019072163850069046,0.023264121264219284
57, only,0.008619175292551517,0.0,0.010191153734922409,0.01618546061217785
59, who,0.0014231452951207757,0.0,0.007498496677726507,0.008822787553071976
61, sit,0.004857475403696299,0.0,0.032559722661972046,0.01702519692480564
