target_pos,target_token,norm_suff,random_suff,norm_comp,random_comp
53, Because,0.021613119170069695,0.0031929505057632923,0.07229015976190567,0.022265179082751274
55, was,0.0,0.0,0.012665262445807457,0.010552531108260155
57, only,0.0,0.000597347563598305,0.01342175155878067,0.010767931118607521
59, who,0.06328979134559631,0.0,0.03433481976389885,0.010936836712062359
61, sit,0.006807827390730381,0.0,0.02443341538310051,0.011837387457489967
