target_pos,target_token,norm_suff,random_suff,norm_comp,random_comp
53, Stan,0.0002569093485362828,0.002766828518360853,0.02413034997880459,0.01080598309636116
55,'t,0.005552477203309536,0.0011905942810699344,0.0015832516364753246,0.00023229964426718652
57,.,0.02751188911497593,0.013383675366640091,0.005106254015117884,0.004668325651437044
59,"
",0.0030400182586163282,0.0,0.01141024474054575,0.0029247042257338762
61, was,0.07432739436626434,0.0005938833928667009,0.7687734365463257,0.010385729372501373
