norm_suff_mean,random_suff_mean,norm_comp_mean,random_comp_mean,final suff,final comp,target_tokens
0.00600586598739028,0.0015030901413410902,0.03255473077297211,0.01788698509335518,3.9956791400909424,2.978252410888672, Because$ was$ only$ who$ sit
