norm_suff_mean,random_suff_mean,norm_comp_mean,random_comp_mean,final suff,final comp,target_tokens
0.022137736901640892,0.0035869963467121124,0.1622007191181183,0.005803408566862345,6.171664237976074,0.2621500492095947," Stan$'t$.$
$ was"
