norm_suff_mean,random_suff_mean,norm_comp_mean,random_comp_mean,final suff,final comp,target_tokens
0.018342148512601852,0.0007580596138723195,0.03142908215522766,0.01327197253704071,24.196182250976562,0.7235778570175171, Because$ was$ only$ who$ sit
