target_pos,target_token,norm_suff,random_suff,norm_comp,random_comp
64, Because,0.027664994820952415,0.002672882517799735,0.4708251655101776,0.006765702739357948
66, were,0.0004105859261471778,0.003146378556266427,0.003330721752718091,0.003839318873360753
68, of,0.0024755026679486036,0.0,0.006047722417861223,0.006451170425862074
70, foreigners,0.008165765553712845,0.001399676431901753,0.05431231111288071,0.010794869624078274
72,"
",0.0,0.0038717377465218306,0.005012858659029007,0.004224328324198723
