target_pos,target_token,norm_suff,random_suff,norm_comp,random_comp
64, Because,0.005912478081882,0.004497535992413759,0.022572169080376625,0.019137000665068626
66, were,0.0025866511277854443,0.0,0.022956764325499535,0.008477719500660896
68, of,0.09335321187973022,0.0,0.03808653727173805,0.013430898077785969
70, barb,0.01625675894320011,0.0003736554062925279,0.05703653395175934,0.017424071207642555
72,.,0.28551262617111206,0.16805364191532135,0.005511804483830929,0.03817463293671608
