target_pos,target_token,norm_suff,random_suff,norm_comp,random_comp
64, Because,0.0003484587650746107,0.0,0.3471251428127289,0.020486682653427124
66, were,0.0,0.0,0.006525540258735418,0.011451520957052708
68, of,0.10435158759355545,0.054097842425107956,0.007728525437414646,0.01589999347925186
70, barb,0.022952323779463768,0.017350779846310616,0.04379764944314957,0.034820087254047394
72,.,0.3048875331878662,0.19550839066505432,0.006929466966539621,0.00928474310785532
