norm_suff_mean,random_suff_mean,norm_comp_mean,random_comp_mean,final suff,final comp,target_tokens
0.007743369787931442,0.002218135166913271,0.10790576040744781,0.006415077950805426,3.490936756134033,0.8284607529640198," Because$ were$ of$ foreigners$
"
