norm_suff_mean,random_suff_mean,norm_comp_mean,random_comp_mean,final suff,final comp,target_tokens
0.08072435110807419,0.03458496928215027,0.02923276089131832,0.01932886429131031,2.334087610244751,0.23944279551506042, Because$ were$ of$ barb$.
