norm_suff_mean,random_suff_mean,norm_comp_mean,random_comp_mean,final suff,final comp,target_tokens
0.08650797605514526,0.05339140444993973,0.08242126554250717,0.01838860474526882,1.6202603578567505,0.21256542205810547, Because$ were$ of$ barb$.
