suff,comp,random_suff,random_comp
0.021886899428715873,0.8574376420910766,0.012043194420801618,0.7950393554678757
