suff,comp,random_suff,random_comp
0.05742106037516841,0.9651569313097805,0.03028796831607513,0.912195844707285
