suff,comp,random_suff,random_comp
0.0377357945631641,0.9231378090866043,0.025153458457415782,0.8482303142452207
