suff,comp,random_suff,random_comp
0.0006633460901116655,0.046454556025356836,0.0006639709063817247,0.0281802222850044
