suff,comp,random_suff,random_comp
0.05183082970754777,0.947836835698627,0.024124609182037862,0.8856893922398971
