suff,comp,random_suff,random_comp
0.007101882395126234,0.7963357706350116,0.005059076429970888,0.6183104982892463
