target_pos,target_token,norm_suff,random_suff,norm_comp,random_comp
33, ,0.0031508440151810646,0.005949858110398054,0.05086522921919823,0.020350633189082146
35,see,0.01264696754515171,0.13046781718730927,0.01595524325966835,0.047149907797575
37, below,0.04693027585744858,0.033294349908828735,0.018307428807020187,0.02456238493323326
39, It,0.034606680274009705,0.0,0.9866006374359131,0.023236583918333054
41, a,0.0,0.0,0.045258499681949615,0.010640027932822704
