target_pos,target_token,norm_suff,random_suff,norm_comp,random_comp
33, ,0.00275285542011261,0.008401687256991863,0.03070022538304329,0.009644115343689919
35,see,0.029114222154021263,0.009792289696633816,0.03513454273343086,0.017332345247268677
37, below,0.03239329159259796,0.025150161236524582,0.02534191496670246,0.011861772276461124
39, It,0.00762659776955843,0.08156689256429672,0.097532719373703,0.022396599873900414
41, a,0.0,0.002822340466082096,0.014658791944384575,0.032801784574985504
