norm_suff_mean,random_suff_mean,norm_comp_mean,random_comp_mean,final suff,final comp,target_tokens
0.019466955214738846,0.03394240513443947,0.2233974039554596,0.025187909603118896,0.573529064655304,1.2938803434371948, $see$ below$ It$ a
