norm_suff_mean,random_suff_mean,norm_comp_mean,random_comp_mean,final suff,final comp,target_tokens
0.014377394691109657,0.02554667368531227,0.0406736396253109,0.018807323649525642,0.5627893209457397,1.3081176280975342, $see$ below$ It$ a
