target_pos,target_token,norm_suff,random_suff,norm_comp,random_comp
17, ,0.000734412984456867,0.0009725303389132023,0.06134893000125885,0.01800827868282795
19, 18,0.0,0.0002258908498333767,0.02963516116142273,0.28606557846069336
21,.,0.0,0.01276156771928072,0.02635955810546875,0.022737625986337662
23, is,0.000623167201410979,0.0008634799742139876,0.011678655631840229,0.031122716143727303
25, highest,0.0,0.0,0.04027325287461281,0.04385077580809593
