target_pos,target_token,norm_suff,random_suff,norm_comp,random_comp
17, ,0.0005054750363342464,0.0008426813292317092,0.02142173796892166,0.01917327381670475
19, 18,0.0,0.0002539748966228217,0.07462999224662781,0.08142811805009842
21,.,0.1135159283876419,0.02814030461013317,0.024682827293872833,0.01826217584311962
23, is,0.000737519992981106,0.0006724211852997541,0.009121625684201717,0.010932671837508678
25, highest,0.0,0.0,0.04109608754515648,0.017569130286574364
