norm_suff_mean,random_suff_mean,norm_comp_mean,random_comp_mean,final suff,final comp,target_tokens
0.0002715160371735692,0.002964693820104003,0.03385911136865616,0.08035700023174286,0.09158316254615784,295.95672607421875, $ 18$.$ is$ highest
