norm_suff_mean,random_suff_mean,norm_comp_mean,random_comp_mean,final suff,final comp,target_tokens
0.02295178547501564,0.005981876514852047,0.034190453588962555,0.029473071917891502,3.8368871212005615,1.2841298580169678, $ 18$.$ is$ highest
