target_pos,target_token,norm_suff,random_suff,norm_comp,random_comp
18, ,0.0,0.00048249788233079016,0.05512307211756706,0.03555097430944443
20,including,0.0033304302487522364,0.0,0.041318170726299286,0.028807014226913452
22, largest,0.02629629708826542,0.0018037162953987718,0.06865059584379196,0.027666594833135605
24, Titan,0.0,0.00017611347720958292,1.0,0.032969266176223755
26, and,0.0,0.0,0.035311803221702576,0.019313082098960876
