target_pos,target_token,norm_suff,random_suff,norm_comp,random_comp
18, ,0.0,0.0007017820607870817,0.08732402324676514,0.024221932515501976
20,including,0.0,0.0,0.04333295673131943,0.024987611919641495
22, largest,0.0,0.0008982366998679936,0.05064897611737251,0.08159387856721878
24, Titan,0.0,0.0005561708239838481,1.0,0.042162708938121796
26, and,0.0,0.0,0.015196393243968487,0.014088080264627934
