norm_suff_mean,random_suff_mean,norm_comp_mean,random_comp_mean,final suff,final comp,target_tokens
0.005925345700234175,0.0004924655659124255,0.24008074402809143,0.028861386701464653,12.031999588012695,4.870835781097412, $including$ largest$ Titan$ and
