target_pos,target_token,norm_suff,random_suff,norm_comp,random_comp
15, ,0.0,0.0004960168153047562,0.08242838084697723,0.06623604148626328
17,also,0.008261339738965034,0.0,0.041201286017894745,0.023273281753063202
19, as,0.002474104752764106,0.0015785755822435021,0.02756737545132637,0.013986612670123577
21,h,0.0,0.0023393784649670124,0.056146323680877686,0.029917044565081596
23, bees,0.0,0.003695875173434615,0.2807307243347168,0.07392169535160065
