target_pos,target_token,norm_suff,random_suff,norm_comp,random_comp
15, ,0.005664438474923372,0.0,0.06801771372556686,0.03602685034275055
17,also,0.004945719614624977,0.0,0.0743633434176445,0.02871992625296116
19, as,0.023564549162983894,0.002717718482017517,0.01564330980181694,0.014337480068206787
21,h,0.0,0.0,0.10000091791152954,0.04888623207807541
23, bees,0.0,0.0031295265071094036,0.11650760471820831,0.07576165348291397
