norm_suff_mean,random_suff_mean,norm_comp_mean,random_comp_mean,final suff,final comp,target_tokens
0.0021470889914780855,0.0016219692770391703,0.0976148247718811,0.041466932743787766,1.3237544298171997,19.313095092773438, $also$ as$h$ bees
