norm_suff_mean,random_suff_mean,norm_comp_mean,random_comp_mean,final suff,final comp,target_tokens
0.006834941450506449,0.0011694490676745772,0.07490658015012741,0.040746428072452545,5.844582557678223,5.961489200592041, $also$ as$h$ bees
