target_pos,target_token,norm_suff,random_suff,norm_comp,random_comp
24, ,0.0,0.0002710714761633426,0.05959611386060715,0.06645805388689041
26, benign,0.0,0.0,1.0,0.024469025433063507
28, It,0.0012229308485984802,0.002137421164661646,0.026186402887105942,0.012562396936118603
30, usually,0.0,0.0,1.0,0.016171451658010483
32, by,0.0,0.0,0.005074578803032637,0.0048640016466379166
