target_pos,target_token,norm_suff,random_suff,norm_comp,random_comp
24, ,0.0,0.000554106489289552,0.09110204130411148,0.03434025123715401
26, benign,0.0,0.0,1.0,0.03935394808650017
28, It,0.000634765368886292,0.0,0.020743463188409805,0.01757844164967537
30, usually,0.0,0.0,1.0,0.05950133129954338
32, by,0.0,0.0,0.004162114579230547,0.010131239891052246
