norm_suff_mean,random_suff_mean,norm_comp_mean,random_comp_mean,final suff,final comp,target_tokens
0.00024458617554046214,0.0004816985165234655,0.41817140579223633,0.02490498684346676,0.5077577829360962,101.82499694824219, $ benign$ It$ usually$ by
