norm_suff_mean,random_suff_mean,norm_comp_mean,random_comp_mean,final suff,final comp,target_tokens
0.00012695307668764144,0.00011082129640271887,0.4232015609741211,0.032181043177843094,1.1455657482147217,253.48770141601562, $ benign$ It$ usually$ by
