target_pos,target_token,norm_suff,random_suff,norm_comp,random_comp
20, ,0.0,0.0007884911028668284,0.09069857001304626,0.032986097037792206
22, is,0.0009194646845571697,0.009734955616295338,0.03554331138730049,0.02529812976717949
24, head,0.000702365068718791,0.0002844480623025447,0.028524279594421387,0.023951830342411995
26, the,0.0,0.0,0.042423177510499954,0.010181466117501259
28,di,0.0008195557165890932,0.0015308433212339878,0.010035423561930656,0.005205709021538496
