target_pos,target_token,norm_suff,random_suff,norm_comp,random_comp
20, ,0.0,0.0005241798353381455,0.05421428754925728,0.01967231184244156
22, is,0.013940198346972466,0.005428558215498924,0.07525015622377396,0.050888825207948685
24, head,0.003173255128785968,0.0013990362640470266,0.0814797505736351,0.018840191885828972
26, the,0.0,0.0,0.010527036152780056,0.04247456416487694
28,di,0.00332541367970407,0.0019478050526231527,0.21007665991783142,0.002068453701213002
