norm_suff_mean,random_suff_mean,norm_comp_mean,random_comp_mean,final suff,final comp,target_tokens
0.004087773617357016,0.0018599160248413682,0.08630957454442978,0.026788869872689247,2.197826862335205,6.553413391113281, $ is$ head$ the$di
