norm_suff_mean,random_suff_mean,norm_comp_mean,random_comp_mean,final suff,final comp,target_tokens
0.00048827711725607514,0.002467747777700424,0.04144495353102684,0.019524646922945976,0.19786345958709717,39.98681640625, $ is$ head$ the$di
