target_pos,target_token,norm_suff,random_suff,norm_comp,random_comp
21, north,0.012562327086925507,0.00573712820187211,0.017313741147518158,0.020077314227819443
23, Hawaii,0.005614959169179201,0.0004156517970841378,0.9722629189491272,0.027918586507439613
25, It,7.010551053099334e-05,0.0008298304164782166,0.06729202717542648,0.018789414316415787
27, the,0.0,0.0,0.011023878119885921,0.04474250599741936
29, largest,0.0,0.02403424307703972,0.0663408488035202,0.009667688049376011
