target_pos,target_token,norm_suff,random_suff,norm_comp,random_comp
21, north,0.0,0.0,0.03237885981798172,0.12374486029148102
23, Hawaii,0.0018426361493766308,9.799969120649621e-06,0.04030454531311989,0.044900473207235336
25, It,0.0008521424024365842,0.00018371621263213456,0.02553194761276245,0.07000482827425003
27, the,0.0,0.0,0.09662510454654694,0.06919896602630615
29, largest,0.0,0.02471182495355606,0.12531594932079315,0.13066694140434265
