norm_suff_mean,random_suff_mean,norm_comp_mean,random_comp_mean,final suff,final comp,target_tokens
0.0005389557336457074,0.004981068428605795,0.06403128057718277,0.08770322054624557,0.10820082575082779,162.72805786132812, north$ Hawaii$ It$ the$ largest
