norm_suff_mean,random_suff_mean,norm_comp_mean,random_comp_mean,final suff,final comp,target_tokens
0.0036494785454124212,0.00620337063446641,0.22684668004512787,0.024239102378487587,0.5883057117462158,6.641798973083496, north$ Hawaii$ It$ the$ largest
