target_pos,target_token,norm_suff,random_suff,norm_comp,random_comp
25, ,0.0,0.0007357894210144877,0.050375740975141525,0.020234618335962296
27, David,0.0,0.0,0.14206278324127197,0.07273459434509277
29,inc,0.0,0.0,0.3177270293235779,0.006406702101230621
31, and,0.0,0.0,0.04297041520476341,0.056225601583719254
33, Matthew,0.0,0.006879578810185194,1.0,0.021882332861423492
