norm_suff_mean,random_suff_mean,norm_comp_mean,random_comp_mean,final suff,final comp,target_tokens
0.0033859764225780964,0.002145752077922225,0.24499855935573578,0.02319171093404293,1.5779905319213867,6.849342346191406, $ David$inc$ and$ Matthew
