target_pos,target_token,norm_suff,random_suff,norm_comp,random_comp
21, ,0.0,0.0006252739112824202,0.7132161855697632,0.02535979263484478
23, the,0.0,0.00029008620185777545,0.08645479381084442,0.011772788129746914
25, who,0.0229379590600729,0.0,0.04956561699509621,0.018106946721673012
27, exempl,0.0,0.0,0.02440248243510723,0.010322860442101955
29, the,0.0,0.0,0.019027365371584892,0.10476664453744888
