target_pos,target_token,norm_suff,random_suff,norm_comp,random_comp
21, ,0.0,0.000265437294729054,0.019286906346678734,0.019105466082692146
23, the,0.0010956384940072894,0.0052030193619430065,0.10105548799037933,0.019037051126360893
25, who,0.01908569037914276,0.0,0.03456101566553116,0.034218642860651016
27, exempl,0.003886768128722906,0.0,0.8264773488044739,0.006919762119650841
29, the,0.0,0.0,0.014424603432416916,0.015791786834597588
