norm_suff_mean,random_suff_mean,norm_comp_mean,random_comp_mean,final suff,final comp,target_tokens
0.004587592091411352,0.0001830720284488052,0.17853330075740814,0.03406580537557602,25.05894660949707,7.425639629364014, $ the$ who$ exempl$ the
