norm_suff_mean,random_suff_mean,norm_comp_mean,random_comp_mean,final suff,final comp,target_tokens
0.004813619423657656,0.001093691331334412,0.1991610825061798,0.019014542922377586,4.401259422302246,3.950155019760132, $ the$ who$ exempl$ the
