target_pos,target_token,norm_suff,random_suff,norm_comp,random_comp
27, The,0.0012851343490183353,0.0014604220632463694,0.00949887651950121,0.01661153882741928
29, were,0.0,0.0,0.027879737317562103,0.015738599002361298
31, first,0.0,0.0,0.03435160592198372,0.030017055571079254
33, use,0.008461815305054188,0.008831596001982689,0.020017625764012337,0.012231324799358845
35, sword,0.006431662943214178,0.029465150088071823,0.050929803401231766,0.04343712329864502
