target_pos,target_token,norm_suff,random_suff,norm_comp,random_comp
27, The,0.0,0.0008779226336628199,0.014628062956035137,0.011674783192574978
29, were,0.0,0.0,0.041914667934179306,0.05430629104375839
31, first,0.0,0.0,0.02538704313337803,0.026770083233714104
33, use,0.008115463890135288,0.011455878615379333,0.014709058217704296,0.02753300778567791
35, sword,0.006796449888497591,0.012015633285045624,0.37033316493034363,0.02949613146483898
