norm_suff_mean,random_suff_mean,norm_comp_mean,random_comp_mean,final suff,final comp,target_tokens
0.002982382895424962,0.004869887139648199,0.09339439868927002,0.029956061393022537,0.6124131679534912,10.04433822631836, The$ were$ first$ use$ sword
