norm_suff_mean,random_suff_mean,norm_comp_mean,random_comp_mean,final suff,final comp,target_tokens
0.0032357224263250828,0.007951433770358562,0.02853552997112274,0.023607129231095314,0.4069357216358185,7.295783042907715, The$ were$ first$ use$ sword
