target_pos,target_token,norm_suff,random_suff,norm_comp,random_comp
17, in,0.021708078682422638,0.052335646003484726,0.08959812670946121,0.22488915920257568
19, middle,0.0,0.0030128632206469774,0.03315674513578415,0.07329074293375015
21, the,0.0008734198636375368,0.0009755119099281728,0.026714930310845375,0.0498310811817646
23,.,0.3083036541938782,0.09972289949655533,0.014135059900581837,0.016984790563583374
25, was,0.0,0.0,0.05154290795326233,0.01794610731303692
