target_pos,target_token,norm_suff,random_suff,norm_comp,random_comp
17, in,0.008559008128941059,0.04370740428566933,0.11051712930202484,0.034278277307748795
19, middle,0.0,0.0,0.028272349387407303,0.0417049266397953
21, the,0.0,0.004175559617578983,0.1342593878507614,0.08462697267532349
23,.,0.0716853216290474,0.09660850465297699,0.060841821134090424,0.009636981412768364
25, was,0.0,0.0,0.019319279119372368,0.018313176929950714
