norm_suff_mean,random_suff_mean,norm_comp_mean,random_comp_mean,final suff,final comp,target_tokens
0.06617703288793564,0.03120938502252102,0.043029554188251495,0.07658838480710983,2.1204209327697754,1.1573257446289062, in$ middle$ the$.$ was
