norm_suff_mean,random_suff_mean,norm_comp_mean,random_comp_mean,final suff,final comp,target_tokens
0.016048867255449295,0.028898293152451515,0.07064199447631836,0.03771206736564636,0.5553569197654724,2.349827289581299, in$ middle$ the$.$ was
