target_pos,target_token,norm_suff,random_suff,norm_comp,random_comp
16, ,0.002567204413935542,0.0016529483254998922,0.0723092183470726,0.1535155475139618
18, ,0.0,0.0,0.05290528014302254,0.1897905468940735
20,L,0.0,0.0,0.05230085924267769,0.06582588702440262
22,ster,0.0,0.0,0.09657163172960281,0.12208858877420425
24, ,0.0,0.0,0.005780060775578022,0.003976584877818823
