target_pos,target_token,norm_suff,random_suff,norm_comp,random_comp
16, ,0.0,0.001738998107612133,0.061264071613550186,0.09447772055864334
18, ,0.0,0.0,0.06691335886716843,0.04888927936553955
20,L,0.0,0.0,0.10597986727952957,0.11343113332986832
22,ster,0.0,0.0,0.06622835993766785,0.028731608763337135
24, ,0.0017515518702566624,0.0,0.0035202912986278534,0.002845123177394271
