norm_suff_mean,random_suff_mean,norm_comp_mean,random_comp_mean,final suff,final comp,target_tokens
0.0005134408711455762,0.0003305896825622767,0.05597341060638428,0.1070394292473793,1.5531061887741089,208.47470092773438, $ $L$ster$ 
