norm_suff_mean,random_suff_mean,norm_comp_mean,random_comp_mean,final suff,final comp,target_tokens
0.00035031037987209857,0.0003477996215224266,0.06078118830919266,0.05767497420310974,1.0072189569473267,164.63963317871094, $ $L$ster$ 
