target_pos,target_token,norm_suff,random_suff,norm_comp,random_comp
12, They,0.0,0.0,0.0584498830139637,0.05077849328517914
14, used,0.0,0.0,0.1119796484708786,0.026271242648363113
16, cooking,0.0,0.0,0.04563145712018013,0.03211431950330734
18, baking,0.0,0.0009789608884602785,0.2784508764743805,0.038836318999528885
20, and,0.0,0.004747224505990744,0.07595562189817429,0.04671429097652435
