target_pos,target_token,norm_suff,random_suff,norm_comp,random_comp
12, They,0.0,0.0,0.15278518199920654,0.0356907993555069
14, used,0.002602603752166033,0.005110762547701597,0.0691700428724289,0.06611502915620804
16, cooking,0.0,0.0020079645328223705,0.037558604031801224,0.04774797707796097
18, baking,0.0,0.0,0.15149706602096558,0.09389496594667435
20, and,0.003868382889777422,0.005251241847872734,0.04942314699292183,0.0787535235285759
