norm_suff_mean,random_suff_mean,norm_comp_mean,random_comp_mean,final suff,final comp,target_tokens
0.001294197398237884,0.0024739939253777266,0.0920868068933487,0.06444045901298523,0.5231207013130188,49.791831970214844, They$ used$ cooking$ baking$ and
