target_pos,target_token,norm_suff,random_suff,norm_comp,random_comp
20,.,0.06486420333385468,0.018363237380981445,0.03854428976774216,0.10505178570747375
22, French,0.002907796762883663,0.0,0.029711082577705383,0.02106010913848877
24, was,0.0,0.0,0.05218932405114174,0.09055030345916748
26, by,0.0,0.0,0.01118365116417408,0.022421156987547874
28, XIV,0.0,0.0,0.05325198918581009,0.036422230303287506
