target_pos,target_token,norm_suff,random_suff,norm_comp,random_comp
20,.,0.030097171664237976,0.13087768852710724,0.11875613778829575,0.17339377105236053
22, French,0.0,0.0005455111968331039,0.03219910338521004,0.024372335523366928
24, was,0.008804533630609512,0.0028299312107264996,0.06455948948860168,0.027887487784028053
26, by,0.0,0.0,0.023929543793201447,0.03497936576604843
28, XIV,0.0,0.0,0.2837753891944885,0.02991645783185959
