norm_suff_mean,random_suff_mean,norm_comp_mean,random_comp_mean,final suff,final comp,target_tokens
0.00778034096583724,0.026850625872612,0.10464394092559814,0.05810987949371338,0.289763867855072,7.468808650970459,.$ French$ was$ by$ XIV
