norm_suff_mean,random_suff_mean,norm_comp_mean,random_comp_mean,final suff,final comp,target_tokens
0.013554400764405727,0.003672647522762418,0.03697606921195984,0.05510111525654793,3.6906347274780273,4.065182685852051,.$ French$ was$ by$ XIV
