target_pos,target_token,norm_suff,random_suff,norm_comp,random_comp
15, ,0.0,0.004893973004072905,0.04278086498379707,0.029648594558238983
17, has,0.0,0.006732572335749865,0.062292762100696564,0.018591390922665596
19, in,0.021944189444184303,0.019301215186715126,0.01865650713443756,0.014406224712729454
21, such,0.0,0.0012523429468274117,0.44925081729888916,0.053145844489336014
23, The,0.0,0.0,0.008906601928174496,0.026060106232762337
