target_pos,target_token,norm_suff,random_suff,norm_comp,random_comp
15, ,0.0,0.0020510111935436726,0.09391029924154282,0.01976890116930008
17, has,0.0026352154091000557,0.0,0.014956938102841377,0.016023121774196625
19, in,0.05196195840835571,0.008616559207439423,0.010213084518909454,0.05021370202302933
21, such,0.026296742260456085,0.002200777642428875,0.023806370794773102,0.05476408079266548
23, The,0.006539925001561642,0.005229984410107136,0.01986117474734783,0.022869691252708435
