norm_suff_mean,random_suff_mean,norm_comp_mean,random_comp_mean,final suff,final comp,target_tokens
0.004388838075101376,0.006436021067202091,0.11637751013040543,0.028370430693030357,0.6819179058074951,6.464223384857178, $ has$ in$ such$ The
