norm_suff_mean,random_suff_mean,norm_comp_mean,random_comp_mean,final suff,final comp,target_tokens
0.01748676970601082,0.0036196664441376925,0.032549574971199036,0.03272790089249611,4.831044673919678,1.871580719947815, $ has$ in$ such$ The
