target_pos,target_token,norm_suff,random_suff,norm_comp,random_comp
15, ,0.0,0.0,0.07582375407218933,0.05491873621940613
17, by,0.0,0.006915642414242029,0.05816764011979103,0.006242087576538324
19, and,0.0782395675778389,0.11272359639406204,0.042313914746046066,0.03997485339641571
21, by,0.02313140593469143,0.0025396777782589197,0.028844885528087616,0.021933527663350105
23,.,0.02224816009402275,0.009980248287320137,0.026730703189969063,0.040224626660346985
