target_pos,target_token,norm_suff,random_suff,norm_comp,random_comp
15, ,0.0,0.0,0.036073166877031326,0.01678161695599556
17, by,0.015109320171177387,0.009607680141925812,0.032133281230926514,0.0383145697414875
19, and,0.14995422959327698,0.16360370814800262,0.036630645394325256,0.031759198755025864
21, by,0.008091515861451626,0.002231558319181204,0.01692349649965763,0.0054780407808721066
23,.,0.0322263278067112,0.0,0.057523664087057114,0.039088256657123566
