norm_suff_mean,random_suff_mean,norm_comp_mean,random_comp_mean,final suff,final comp,target_tokens
0.024723827838897705,0.02643183432519436,0.04637617990374565,0.03265876695513725,0.9353806972503662,1.320942997932434, $ by$ and$ by$.
