norm_suff_mean,random_suff_mean,norm_comp_mean,random_comp_mean,final suff,final comp,target_tokens
0.04107628017663956,0.035088587552309036,0.03585685044527054,0.026284337043762207,1.170644998550415,0.6398908495903015, $ by$ and$ by$.
