target_pos,target_token,norm_suff,random_suff,norm_comp,random_comp
24,ern,0.0,0.0,0.07645472884178162,0.08169274777173996
26, in,0.0,0.0,0.1676928848028183,0.06504148244857788
28,48,0.016955556347966194,0.037524908781051636,0.015500222332775593,0.011872225441038609
30, It,0.0,0.0,0.15843425691127777,0.030046621337532997
32, the,0.0,0.0,0.036180105060338974,0.10700058937072754
