target_pos,target_token,norm_suff,random_suff,norm_comp,random_comp
24,ern,0.0,0.0019727800972759724,0.14696542918682098,0.08281942456960678
26, in,0.0,0.0,0.04994574189186096,0.025340905413031578
28,48,0.04575828090310097,0.024091152474284172,0.0593637190759182,0.015322910621762276
30, It,0.0,0.0,0.9743732213973999,0.01698855124413967
32, the,0.0,0.0,0.014200834557414055,0.016590306535363197
