norm_suff_mean,random_suff_mean,norm_comp_mean,random_comp_mean,final suff,final comp,target_tokens
0.009151656180620193,0.005212786607444286,0.24896979331970215,0.03141241893172264,1.7556169033050537,3.4324300289154053,ern$ in$48$ It$ the
