norm_suff_mean,random_suff_mean,norm_comp_mean,random_comp_mean,final suff,final comp,target_tokens
0.003391111269593239,0.007504981942474842,0.09085243940353394,0.05913073569536209,0.45184803009033203,17.436979293823242,ern$ in$48$ It$ the
