target_pos,target_token,norm_suff,random_suff,norm_comp,random_comp
11, ,0.0,0.0006613360019400716,0.01914460025727749,0.015172220766544342
13, was,0.0,0.008434999734163284,0.11150885373353958,0.02853522263467312
15, first,0.006465103942900896,0.0,0.05812852457165718,0.04274037107825279
17, radio,0.0034172432497143745,0.002027676673606038,0.0983453243970871,0.07200083881616592
19, to,0.0,0.01214513834565878,0.08160050958395004,0.10333849489688873
