target_pos,target_token,norm_suff,random_suff,norm_comp,random_comp
11, ,0.0,0.0,0.13599371910095215,0.01927882432937622
13, was,0.0009683790267445147,0.0,0.02590841054916382,0.030597081407904625
15, first,0.0033289974089711905,0.0,0.06005075201392174,0.08638127893209457
17, radio,0.0,0.008633347228169441,0.10388629138469696,0.08374693989753723
19, to,0.02420424483716488,0.09617044031620026,0.10371100902557373,0.13214866816997528
