norm_suff_mean,random_suff_mean,norm_comp_mean,random_comp_mean,final suff,final comp,target_tokens
0.005700324662029743,0.02096075750887394,0.08591003715991974,0.07043056190013885,0.27195221185684204,12.355535507202148, $ was$ first$ radio$ to
