norm_suff_mean,random_suff_mean,norm_comp_mean,random_comp_mean,final suff,final comp,target_tokens
0.0019764695316553116,0.004653830546885729,0.07374556362628937,0.05235743150115013,0.4246973693370819,26.490381240844727, $ was$ first$ radio$ to
