target_pos,target_token,norm_suff,random_suff,norm_comp,random_comp
20, ,0.0,0.0,0.11237246543169022,0.038217708468437195
22, can,0.0074814362451434135,0.0037289552856236696,0.07681109011173248,0.014316623099148273
24, a,0.0,0.0,0.037794530391693115,0.031260620802640915
26, hit,0.00011631934467004612,0.0,0.05828753113746643,0.03225379437208176
28, a,0.0,0.0,0.04448428377509117,0.053647734224796295
