target_pos,target_token,norm_suff,random_suff,norm_comp,random_comp
20, ,0.0,0.0,0.05381152033805847,0.09772181510925293
22, can,0.0071054077707231045,0.0073046814650297165,0.016852758824825287,0.022478921338915825
24, a,0.0018395156366750598,0.00015095548587851226,0.09750513732433319,0.07599905133247375
26, hit,0.0,0.0,0.05265359207987785,0.02463994361460209
28, a,0.0,0.0,0.1888059824705124,0.026673411950469017
