norm_suff_mean,random_suff_mean,norm_comp_mean,random_comp_mean,final suff,final comp,target_tokens
0.0017889846349135041,0.0014911274192854762,0.08192580193281174,0.04950262978672981,1.1997530460357666,27.67079734802246, $ can$ a$ hit$ a
