norm_suff_mean,random_suff_mean,norm_comp_mean,random_comp_mean,final suff,final comp,target_tokens
0.001519551151432097,0.0007457910687662661,0.06594997644424438,0.03393929824233055,2.0375025272369385,22.335081100463867, $ can$ a$ hit$ a
