target_pos,target_token,norm_suff,random_suff,norm_comp,random_comp
22, ,0.0,0.002510657301172614,0.06435482949018478,0.04613124579191208
24,18,0.0,0.0,0.049512188881635666,0.05575137585401535
26,-,0.0,0.0,0.007736678700894117,0.0383651964366436
28,40,0.026430584490299225,0.030007999390363693,0.02432119846343994,0.027013948187232018
30, It,0.0,0.0,0.10280680656433105,0.017656173557043076
