target_pos,target_token,norm_suff,random_suff,norm_comp,random_comp
22, ,0.0,0.001079908455722034,0.015147656202316284,0.03970747068524361
24,18,0.02730872854590416,0.0,0.36848434805870056,0.01902122236788273
26,-,0.0,0.0,0.021562857553362846,0.04490356147289276
28,40,0.04924925044178963,0.02886165678501129,0.018674606457352638,0.00752535555511713
30, It,0.007165898103266954,0.0,0.09183557331562042,0.023369748145341873
