norm_suff_mean,random_suff_mean,norm_comp_mean,random_comp_mean,final suff,final comp,target_tokens
0.01674477569758892,0.0059883128851652145,0.10314100980758667,0.026905471459031105,2.7962427139282227,1.6067979335784912, $18$-$40$ It
