norm_suff_mean,random_suff_mean,norm_comp_mean,random_comp_mean,final suff,final comp,target_tokens
0.00528611708432436,0.00650373101234436,0.04974634572863579,0.036983586847782135,0.8127822279930115,6.99636173248291, $18$-$40$ It
