target_pos,target_token,norm_suff,random_suff,norm_comp,random_comp
21, ,0.0020193150267004967,0.0004708632477559149,0.04548412188887596,0.02846047841012478
23, is,0.0014801996294409037,0.0036041182465851307,0.01933220401406288,0.01913684792816639
25, playing,0.0,0.0,0.020410573109984398,0.04018816351890564
27, the,0.0,0.0,0.006744612939655781,0.008745837025344372
29, Angeles,0.0,0.0,0.005529630929231644,0.0012036936823278666
