target_pos,target_token,norm_suff,random_suff,norm_comp,random_comp
21, ,0.0,0.0004867581301368773,0.029007451608777046,0.019122369587421417
23, is,0.00519561255350709,0.004689411725848913,0.017492549493908882,0.01370939239859581
25, playing,0.0,0.0,0.037361133843660355,0.0237475223839283
27, the,0.0,0.0,0.00923121813684702,0.00492478534579277
29, Angeles,3.561650009942241e-05,0.0,0.006299091503024101,0.0012721680104732513
