norm_suff_mean,random_suff_mean,norm_comp_mean,random_comp_mean,final suff,final comp,target_tokens
0.0010462458012625575,0.001035233959555626,0.019878288730978966,0.012555248104035854,1.0106370449066162,12.000285148620605, $ is$ playing$ the$ Angeles
