norm_suff_mean,random_suff_mean,norm_comp_mean,random_comp_mean,final suff,final comp,target_tokens
0.0006999029428698123,0.0008149963105097413,0.019500229507684708,0.019547004252672195,0.8587805032730103,27.928163528442383, $ is$ playing$ the$ Angeles
