target_pos,target_token,norm_suff,random_suff,norm_comp,random_comp
25, ,0.002659335033968091,0.0003630806168075651,0.06539930403232574,0.03290357440710068
27,usually,0.0,0.06510578095912933,1.0,0.07991418987512589
29, 30,0.0,0.0,0.08794811367988586,0.014448873698711395
31, fat,0.0,0.0,0.049322281032800674,0.015752891078591347
33, ,0.0,0.0,0.04267919063568115,0.02854054979979992
