target_pos,target_token,norm_suff,random_suff,norm_comp,random_comp
25, ,0.008544251322746277,0.000381326797651127,0.03181282803416252,0.03628963232040405
27,usually,0.06199587136507034,0.06345526874065399,0.8587979078292847,0.032132163643836975
29, 30,0.007716184016317129,0.0,0.03954767435789108,0.004332633223384619
31, fat,0.0,0.0,0.0660654678940773,0.013229001313447952
33, ,0.0,0.0,0.016181692481040955,0.01993018016219139
