norm_suff_mean,random_suff_mean,norm_comp_mean,random_comp_mean,final suff,final comp,target_tokens
0.015651261433959007,0.012767319567501545,0.20248110592365265,0.021182723343372345,1.2258846759796143,1.353419542312622, $usually$ 30$ fat$ 
