norm_suff_mean,random_suff_mean,norm_comp_mean,random_comp_mean,final suff,final comp,target_tokens
0.0005318670300766826,0.01309377234429121,0.24906979501247406,0.034312017261981964,0.04061984643340111,64.51239776611328, $usually$ 30$ fat$ 
