{
    "$schema": "../docs/rationalization.schema.json",
    "id": 1,
    "input-text": [
        "When",
        " my",
        " flight",
        " landed",
        " in",
        " Iraq",
        ",",
        " I",
        " converted",
        " my",
        " currency",
        " and",
        " slowly",
        " fell",
        " asleep",
        ".",
        " (",
        "I",
        " had",
        " a",
        " terrifying",
        " dream",
        " about",
        " my",
        " grandmother",
        ",",
        " but",
        " that",
        "'s",
        " a",
        " story",
        " for",
        " another",
        " time",
        ").",
        " I",
        " was",
        " staying",
        " in",
        " the",
        " capital",
        ","
    ],
    "input-tokens": [
        2215,
        616,
        5474,
        11406,
        287,
        3908,
        11,
        314,
        11513,
        616,
        7395,
        290,
        6364,
        3214,
        16039,
        13,
        357,
        40,
        550,
        257,
        17623,
        4320,
        546,
        616,
        18410,
        11,
        475,
        326,
        338,
        257,
        1621,
        329,
        1194,
        640,
        737,
        314,
        373,
        10589,
        287,
        262,
        3139,
        11
    ],
    "target-text": " Baghdad",
    "target-token": 19761,
    "rational-size": 5,
    "rational-positions": [
        40,
        5,
        10,
        37,
        4
    ],
    "rational-text": [
        " capital",
        " Iraq",
        " currency",
        " staying",
        " in"
    ],
    "rational-tokens": [
        3139,
        3908,
        7395,
        10589,
        287
    ],
    "importance-scores": [
        0.02515043504536152,
        0.023287663236260414,
        0.026574112474918365,
        0.02454354614019394,
        0.02661074325442314,
        0.040231574326753616,
        0.023685453459620476,
        0.02226337045431137,
        0.02346854656934738,
        0.021734751760959625,
        0.028744060546159744,
        0.021946385502815247,
        0.022053664550185204,
        0.02168159745633602,
        0.023396078497171402,
        0.023893140256404877,
        0.022263159975409508,
        0.02117975614964962,
        0.021281108260154724,
        0.021391423419117928,
        0.02300150692462921,
        0.0226923618465662,
        0.02118891105055809,
        0.021262122318148613,
        0.023221144452691078,
        0.021648401394486427,
        0.021165361627936363,
        0.02147919125854969,
        0.021426526829600334,
        0.021266227588057518,
        0.022324496880173683,
        0.02133353427052498,
        0.021105216816067696,
        0.021294277161359787,
        0.023898359388113022,
        0.021796822547912598,
        0.022245248779654503,
        0.02790471725165844,
        0.022222120314836502,
        0.021821005269885063,
        0.04696405306458473,
        0.02335776947438717
    ],
    "comments": {
        "created-by": "run_analogies.py",
        "args": {
            "model": "gpt2-medium",
            "cache_dir": "cache/",
            "tokenizer": "gpt2-medium",
            "data_dir": "data/analogies/gpt2/",
            "importance_results_dir": "rationalization_results/analogies/gpt2_norm",
            "device": "cuda",
            "rationalization_config": "config/eva_norm.json",
            "input_num_ratio": 1,
            "logfolder": "logs/analogies/gpt2_norm",
            "loglevel": 20
        },
        "time_elapsed": 0.03133511543273926
    }
}