{
    "$schema": "../docs/rationalization.schema.json",
    "id": 103,
    "input-text": [
        "I",
        " thought",
        " it",
        " would",
        " be",
        " the",
        " greatest",
        " thing",
        " I",
        "'d",
        " ever",
        " encounter",
        ".",
        " (",
        "I",
        " tried",
        " to",
        " ignore",
        " my",
        " phone",
        " vibr",
        "ating",
        " in",
        " my",
        " pocket",
        ").",
        " But",
        " when",
        " I",
        " did",
        " end",
        " up",
        " encountering",
        " it",
        ",",
        " it",
        " turned",
        " out",
        " it",
        " wasn",
        "'t",
        " so"
    ],
    "input-tokens": [
        40,
        1807,
        340,
        561,
        307,
        262,
        6000,
        1517,
        314,
        1549,
        1683,
        8791,
        13,
        357,
        40,
        3088,
        284,
        8856,
        616,
        3072,
        12611,
        803,
        287,
        616,
        10000,
        737,
        887,
        618,
        314,
        750,
        886,
        510,
        42398,
        340,
        11,
        340,
        2900,
        503,
        340,
        2492,
        470,
        523
    ],
    "target-text": " great",
    "target-token": 1049,
    "rational-size": 5,
    "rational-positions": [
        6,
        32,
        0,
        1,
        11
    ],
    "rational-text": [
        " greatest",
        " encountering",
        "I",
        " thought",
        " encounter"
    ],
    "rational-tokens": [
        6000,
        42398,
        40,
        1807,
        8791
    ],
    "importance-scores": [
        0.04267039895057678,
        0.034105341881513596,
        0.02693214826285839,
        0.028520597144961357,
        0.020177751779556274,
        0.024950239807367325,
        0.10032784938812256,
        0.01983592100441456,
        0.016509370878338814,
        0.017311055213212967,
        0.016461018472909927,
        0.03340338543057442,
        0.028527166694402695,
        0.02153787575662136,
        0.015761815011501312,
        0.01882488839328289,
        0.01656559854745865,
        0.026556558907032013,
        0.01570872589945793,
        0.02870803326368332,
        0.03088679164648056,
        0.014476626180112362,
        0.015693752095103264,
        0.014452340081334114,
        0.018046405166387558,
        0.024332551285624504,
        0.017245227470993996,
        0.01522152591496706,
        0.015025087632238865,
        0.015226425603032112,
        0.015915976837277412,
        0.015160929411649704,
        0.07364722341299057,
        0.017484590411186218,
        0.015299485996365547,
        0.014477566815912724,
        0.017868386581540108,
        0.016823234036564827,
        0.01519703771919012,
        0.026812369003891945,
        0.015703588724136353,
        0.021607154980301857
    ],
    "comments": {
        "created-by": "run_analogies.py",
        "args": {
            "model": "gpt2-medium",
            "cache_dir": "cache/",
            "tokenizer": "gpt2-medium",
            "data_dir": "data/analogies/gpt2/",
            "importance_results_dir": "rationalization_results/analogies/gpt2_norm",
            "device": "cuda",
            "rationalization_config": "config/eva_norm.json",
            "input_num_ratio": 1,
            "logfolder": "logs/analogies/gpt2_norm",
            "loglevel": 20
        },
        "time_elapsed": 0.032006263732910156
    }
}