{
    "$schema": "../docs/rationalization.schema.json",
    "id": 107,
    "input-text": [
        "I",
        " thought",
        " it",
        " would",
        " be",
        " the",
        " oldest",
        " thing",
        " I",
        "'d",
        " ever",
        " encounter",
        ".",
        " (",
        "I",
        " tried",
        " to",
        " ignore",
        " my",
        " phone",
        " vibr",
        "ating",
        " in",
        " my",
        " pocket",
        ").",
        " But",
        " when",
        " I",
        " did",
        " end",
        " up",
        " encountering",
        " it",
        ",",
        " it",
        " turned",
        " out",
        " it",
        " wasn",
        "'t",
        " so"
    ],
    "input-tokens": [
        40,
        1807,
        340,
        561,
        307,
        262,
        13325,
        1517,
        314,
        1549,
        1683,
        8791,
        13,
        357,
        40,
        3088,
        284,
        8856,
        616,
        3072,
        12611,
        803,
        287,
        616,
        10000,
        737,
        887,
        618,
        314,
        750,
        886,
        510,
        42398,
        340,
        11,
        340,
        2900,
        503,
        340,
        2492,
        470,
        523
    ],
    "target-text": " old",
    "target-token": 1468,
    "rational-size": 5,
    "rational-positions": [
        6,
        0,
        32,
        5,
        11
    ],
    "rational-text": [
        " oldest",
        "I",
        " encountering",
        " the",
        " encounter"
    ],
    "rational-tokens": [
        13325,
        40,
        42398,
        262,
        8791
    ],
    "importance-scores": [
        0.027359044179320335,
        0.025074098259210587,
        0.02411196380853653,
        0.024278616532683372,
        0.02371816523373127,
        0.02536473609507084,
        0.03543466702103615,
        0.023258715867996216,
        0.02307784929871559,
        0.02319016121327877,
        0.022898582741618156,
        0.025231394916772842,
        0.024085095152258873,
        0.024064695462584496,
        0.02275332808494568,
        0.02316111885011196,
        0.022751862183213234,
        0.02378760650753975,
        0.02265712432563305,
        0.023891281336545944,
        0.024025265127420425,
        0.02248883619904518,
        0.022662576287984848,
        0.022674212232232094,
        0.023022441193461418,
        0.02365690842270851,
        0.02291354537010193,
        0.022787101566791534,
        0.02260320633649826,
        0.02280137874186039,
        0.022885994985699654,
        0.022664302960038185,
        0.025896815583109856,
        0.02273367904126644,
        0.022676605731248856,
        0.022556103765964508,
        0.02317577786743641,
        0.02290196530520916,
        0.022852223366498947,
        0.023865411058068275,
        0.023093370720744133,
        0.02491225302219391
    ],
    "comments": {
        "created-by": "run_analogies.py",
        "args": {
            "model": "gpt2-medium",
            "cache_dir": "cache/",
            "tokenizer": "gpt2-medium",
            "data_dir": "data/analogies/gpt2/",
            "importance_results_dir": "rationalization_results/analogies/gpt2_norm",
            "device": "cuda",
            "rationalization_config": "config/eva_norm.json",
            "input_num_ratio": 1,
            "logfolder": "logs/analogies/gpt2_norm",
            "loglevel": 20
        },
        "time_elapsed": 0.03187417984008789
    }
}