{
    "$schema": "../docs/rationalization.schema.json",
    "id": 135,
    "input-text": [
        "I",
        " had",
        " never",
        " been",
        " friends",
        " with",
        " any",
        " Japanese",
        " people",
        " before",
        ".",
        " (",
        "The",
        " funn",
        "iest",
        " thing",
        " happened",
        " to",
        " me",
        " the",
        " other",
        " day",
        ",",
        " but",
        " that",
        "'s",
        " a",
        " story",
        " for",
        " another",
        " time",
        ").",
        " In",
        " fact",
        ",",
        " I",
        " had",
        " never",
        " even",
        " been",
        " to"
    ],
    "input-tokens": [
        40,
        550,
        1239,
        587,
        2460,
        351,
        597,
        4960,
        661,
        878,
        13,
        357,
        464,
        36090,
        6386,
        1517,
        3022,
        284,
        502,
        262,
        584,
        1110,
        11,
        475,
        326,
        338,
        257,
        1621,
        329,
        1194,
        640,
        737,
        554,
        1109,
        11,
        314,
        550,
        1239,
        772,
        587,
        284
    ],
    "target-text": " Japan",
    "target-token": 2869,
    "rational-size": 5,
    "rational-positions": [
        7,
        10,
        0,
        40,
        5
    ],
    "rational-text": [
        " Japanese",
        ".",
        "I",
        " to",
        " with"
    ],
    "rational-tokens": [
        4960,
        13,
        40,
        284,
        351
    ],
    "importance-scores": [
        0.025483906269073486,
        0.024675892665982246,
        0.024348419159650803,
        0.024314163252711296,
        0.02484864555299282,
        0.02509945258498192,
        0.02429022081196308,
        0.029739297926425934,
        0.0242460947483778,
        0.023973219096660614,
        0.02702883630990982,
        0.024298623204231262,
        0.023877885192632675,
        0.024394746869802475,
        0.02385067567229271,
        0.02376771718263626,
        0.023871934041380882,
        0.023760482668876648,
        0.023783311247825623,
        0.023893162608146667,
        0.023715609684586525,
        0.023799654096364975,
        0.024155259132385254,
        0.02378423511981964,
        0.023745525628328323,
        0.023769021034240723,
        0.023869117721915245,
        0.024019945412874222,
        0.023747680708765984,
        0.023810625076293945,
        0.02376590110361576,
        0.024528222158551216,
        0.02403603307902813,
        0.024594588205218315,
        0.02399478107690811,
        0.023940997198224068,
        0.02431473508477211,
        0.024288535118103027,
        0.02477836236357689,
        0.02446705661714077,
        0.02532736398279667
    ],
    "comments": {
        "created-by": "run_analogies.py",
        "args": {
            "model": "gpt2-medium",
            "cache_dir": "cache/",
            "tokenizer": "gpt2-medium",
            "data_dir": "data/analogies/gpt2/",
            "importance_results_dir": "rationalization_results/analogies/gpt2_norm",
            "device": "cuda",
            "rationalization_config": "config/eva_norm.json",
            "input_num_ratio": 1,
            "logfolder": "logs/analogies/gpt2_norm",
            "loglevel": 20
        },
        "time_elapsed": 0.03188896179199219
    }
}