{
    "$schema": "../docs/rationalization.schema.json",
    "id": 137,
    "input-text": [
        "I",
        " had",
        " never",
        " been",
        " friends",
        " with",
        " any",
        " Mexican",
        " people",
        " before",
        ".",
        " (",
        "The",
        " funn",
        "iest",
        " thing",
        " happened",
        " to",
        " me",
        " the",
        " other",
        " day",
        ",",
        " but",
        " that",
        "'s",
        " a",
        " story",
        " for",
        " another",
        " time",
        ").",
        " In",
        " fact",
        ",",
        " I",
        " had",
        " never",
        " even",
        " been",
        " to"
    ],
    "input-tokens": [
        40,
        550,
        1239,
        587,
        2460,
        351,
        597,
        10816,
        661,
        878,
        13,
        357,
        464,
        36090,
        6386,
        1517,
        3022,
        284,
        502,
        262,
        584,
        1110,
        11,
        475,
        326,
        338,
        257,
        1621,
        329,
        1194,
        640,
        737,
        554,
        1109,
        11,
        314,
        550,
        1239,
        772,
        587,
        284
    ],
    "target-text": " Mexico",
    "target-token": 5828,
    "rational-size": 5,
    "rational-positions": [
        10,
        7,
        0,
        5,
        4
    ],
    "rational-text": [
        ".",
        " Mexican",
        "I",
        " with",
        " friends"
    ],
    "rational-tokens": [
        13,
        10816,
        40,
        351,
        2460
    ],
    "importance-scores": [
        0.025708789005875587,
        0.02483573742210865,
        0.024233253672719002,
        0.024159716442227364,
        0.025237860158085823,
        0.025559239089488983,
        0.023895516991615295,
        0.03513984754681587,
        0.023592373356223106,
        0.02350621297955513,
        0.043276313692331314,
        0.025216175243258476,
        0.02307942695915699,
        0.023651834577322006,
        0.02302849292755127,
        0.02287907339632511,
        0.023025285452604294,
        0.02304115705192089,
        0.02295399084687233,
        0.023396452888846397,
        0.022816715762019157,
        0.02294091321527958,
        0.02416732721030712,
        0.022912925109267235,
        0.02294137515127659,
        0.02288036420941353,
        0.02324526011943817,
        0.02314874529838562,
        0.02292959950864315,
        0.022920986637473106,
        0.02287389524281025,
        0.02391248755156994,
        0.023157980293035507,
        0.02363603375852108,
        0.024076126515865326,
        0.02311100997030735,
        0.023538833484053612,
        0.023417549207806587,
        0.023720573633909225,
        0.02389652654528618,
        0.0243380106985569
    ],
    "comments": {
        "created-by": "run_analogies.py",
        "args": {
            "model": "gpt2-medium",
            "cache_dir": "cache/",
            "tokenizer": "gpt2-medium",
            "data_dir": "data/analogies/gpt2/",
            "importance_results_dir": "rationalization_results/analogies/gpt2_norm",
            "device": "cuda",
            "rationalization_config": "config/eva_norm.json",
            "input_num_ratio": 1,
            "logfolder": "logs/analogies/gpt2_norm",
            "loglevel": 20
        },
        "time_elapsed": 0.03151535987854004
    }
}