{
    "$schema": "../docs/rationalization.schema.json",
    "id": 19,
    "input-text": [
        "When",
        " my",
        " flight",
        " landed",
        " in",
        " Japan",
        ",",
        " I",
        " converted",
        " my",
        " currency",
        " and",
        " slowly",
        " fell",
        " asleep",
        ".",
        " (",
        "I",
        " had",
        " a",
        " terrifying",
        " dream",
        " about",
        " my",
        " grandmother",
        ",",
        " but",
        " that",
        "'s",
        " a",
        " story",
        " for",
        " another",
        " time",
        ").",
        " I",
        " was",
        " staying",
        " in",
        " the",
        " capital",
        ","
    ],
    "input-tokens": [
        2215,
        616,
        5474,
        11406,
        287,
        2869,
        11,
        314,
        11513,
        616,
        7395,
        290,
        6364,
        3214,
        16039,
        13,
        357,
        40,
        550,
        257,
        17623,
        4320,
        546,
        616,
        18410,
        11,
        475,
        326,
        338,
        257,
        1621,
        329,
        1194,
        640,
        737,
        314,
        373,
        10589,
        287,
        262,
        3139,
        11
    ],
    "target-text": " Tokyo",
    "target-token": 11790,
    "rational-size": 5,
    "rational-positions": [
        40,
        5,
        37,
        4,
        2
    ],
    "rational-text": [
        " capital",
        " Japan",
        " staying",
        " in",
        " flight"
    ],
    "rational-tokens": [
        3139,
        2869,
        10589,
        287,
        5474
    ],
    "importance-scores": [
        0.02833675593137741,
        0.024348942562937737,
        0.028735561296343803,
        0.02519519068300724,
        0.028745252639055252,
        0.048881419003009796,
        0.02239472232758999,
        0.021400686353445053,
        0.023004287853837013,
        0.020658740773797035,
        0.02784094773232937,
        0.02119571529328823,
        0.02197335660457611,
        0.020671740174293518,
        0.023589495569467545,
        0.023186512291431427,
        0.02151934988796711,
        0.01996559463441372,
        0.020176520571112633,
        0.020201753824949265,
        0.02308085560798645,
        0.021825820207595825,
        0.020417150110006332,
        0.020043233409523964,
        0.023588307201862335,
        0.020448997616767883,
        0.019870107993483543,
        0.020148688927292824,
        0.020024374127388,
        0.019890300929546356,
        0.021398652344942093,
        0.019989049062132835,
        0.01974456012248993,
        0.020105378702282906,
        0.024557922035455704,
        0.02079395391047001,
        0.021106990054249763,
        0.029804248362779617,
        0.020822953432798386,
        0.02047036588191986,
        0.05680432170629501,
        0.02304128184914589
    ],
    "comments": {
        "created-by": "run_analogies.py",
        "args": {
            "model": "gpt2-medium",
            "cache_dir": "cache/",
            "tokenizer": "gpt2-medium",
            "data_dir": "data/analogies/gpt2/",
            "importance_results_dir": "rationalization_results/analogies/gpt2_norm",
            "device": "cuda",
            "rationalization_config": "config/eva_norm.json",
            "input_num_ratio": 1,
            "logfolder": "logs/analogies/gpt2_norm",
            "loglevel": 20
        },
        "time_elapsed": 0.03249239921569824
    }
}