{
    "$schema": "../docs/rationalization.schema.json",
    "id": 50,
    "input-text": [
        "When",
        " my",
        " flight",
        " landed",
        " in",
        " Chile",
        ",",
        " I",
        " converted",
        " my",
        " currency",
        " and",
        " slowly",
        " fell",
        " asleep",
        ".",
        " (",
        "I",
        " was",
        " behind",
        " on",
        " a",
        " couple",
        " of",
        " assignments",
        ",",
        " but",
        " I",
        " tried",
        " not",
        " to",
        " think",
        " about",
        " them",
        ").",
        " I",
        " was",
        " staying",
        " in",
        " the",
        " capital",
        ","
    ],
    "input-tokens": [
        2215,
        616,
        5474,
        11406,
        287,
        17456,
        11,
        314,
        11513,
        616,
        7395,
        290,
        6364,
        3214,
        16039,
        13,
        357,
        40,
        373,
        2157,
        319,
        257,
        3155,
        286,
        25815,
        11,
        475,
        314,
        3088,
        407,
        284,
        892,
        546,
        606,
        737,
        314,
        373,
        10589,
        287,
        262,
        3139,
        11
    ],
    "target-text": " Santiago",
    "target-token": 34802,
    "rational-size": 5,
    "rational-positions": [
        5,
        40,
        4,
        2,
        10
    ],
    "rational-text": [
        " Chile",
        " capital",
        " in",
        " flight",
        " currency"
    ],
    "rational-tokens": [
        17456,
        3139,
        287,
        5474,
        7395
    ],
    "importance-scores": [
        0.025780770927667618,
        0.023854371160268784,
        0.02872304804623127,
        0.0240519717335701,
        0.032148558646440506,
        0.06026364117860794,
        0.0240748543292284,
        0.021632159128785133,
        0.02316414564847946,
        0.020995670929551125,
        0.026672199368476868,
        0.02134784683585167,
        0.02143888920545578,
        0.02101515792310238,
        0.022932102903723717,
        0.023879066109657288,
        0.021513786166906357,
        0.02049725130200386,
        0.020860612392425537,
        0.0203977283090353,
        0.020517274737358093,
        0.020779406651854515,
        0.02124045230448246,
        0.020696517080068588,
        0.02634907327592373,
        0.02112506330013275,
        0.020331567153334618,
        0.020362315699458122,
        0.020749786868691444,
        0.020401204004883766,
        0.02046545036137104,
        0.02096860110759735,
        0.020502090454101562,
        0.02038470283150673,
        0.02313942462205887,
        0.020827408879995346,
        0.021146371960639954,
        0.026515377685427666,
        0.021328220143914223,
        0.021233024075627327,
        0.040468428283929825,
        0.02522437274456024
    ],
    "comments": {
        "created-by": "run_analogies.py",
        "args": {
            "model": "gpt2-medium",
            "cache_dir": "cache/",
            "tokenizer": "gpt2-medium",
            "data_dir": "data/analogies/gpt2/",
            "importance_results_dir": "rationalization_results/analogies/gpt2_norm",
            "device": "cuda",
            "rationalization_config": "config/eva_norm.json",
            "input_num_ratio": 1,
            "logfolder": "logs/analogies/gpt2_norm",
            "loglevel": 20
        },
        "time_elapsed": 0.03281593322753906
    }
}