{
    "$schema": "../docs/rationalization.schema.json",
    "id": 56,
    "input-text": [
        "When",
        " my",
        " flight",
        " landed",
        " in",
        " Austria",
        ",",
        " I",
        " converted",
        " my",
        " currency",
        " and",
        " slowly",
        " fell",
        " asleep",
        ".",
        " (",
        "I",
        " was",
        " behind",
        " on",
        " a",
        " couple",
        " of",
        " assignments",
        ",",
        " but",
        " I",
        " tried",
        " not",
        " to",
        " think",
        " about",
        " them",
        ").",
        " I",
        " was",
        " staying",
        " in",
        " the",
        " capital",
        ","
    ],
    "input-tokens": [
        2215,
        616,
        5474,
        11406,
        287,
        17322,
        11,
        314,
        11513,
        616,
        7395,
        290,
        6364,
        3214,
        16039,
        13,
        357,
        40,
        373,
        2157,
        319,
        257,
        3155,
        286,
        25815,
        11,
        475,
        314,
        3088,
        407,
        284,
        892,
        546,
        606,
        737,
        314,
        373,
        10589,
        287,
        262,
        3139,
        11
    ],
    "target-text": " Vienna",
    "target-token": 23825,
    "rational-size": 5,
    "rational-positions": [
        5,
        4,
        40,
        2,
        0
    ],
    "rational-text": [
        " Austria",
        " in",
        " capital",
        " flight",
        "When"
    ],
    "rational-tokens": [
        17322,
        287,
        3139,
        5474,
        2215
    ],
    "importance-scores": [
        0.025151049718260765,
        0.024134330451488495,
        0.026731325313448906,
        0.024051979184150696,
        0.03209100291132927,
        0.05657767504453659,
        0.02375001460313797,
        0.022131359204649925,
        0.022991448640823364,
        0.02183646894991398,
        0.024467598646879196,
        0.022202275693416595,
        0.02210201881825924,
        0.021848617121577263,
        0.02321428433060646,
        0.02355046756565571,
        0.022021807730197906,
        0.021594269201159477,
        0.021823333576321602,
        0.021558145061135292,
        0.021663779392838478,
        0.02175242267549038,
        0.0224304236471653,
        0.02175123803317547,
        0.024471748620271683,
        0.021891023963689804,
        0.02149060182273388,
        0.021592404693365097,
        0.021694395691156387,
        0.021491514518857002,
        0.021599657833576202,
        0.021948380395770073,
        0.021658651530742645,
        0.021556610241532326,
        0.02292562648653984,
        0.021802742034196854,
        0.021908758208155632,
        0.024342264980077744,
        0.02204698510468006,
        0.02180180512368679,
        0.031709298491477966,
        0.02264021709561348
    ],
    "comments": {
        "created-by": "run_analogies.py",
        "args": {
            "model": "gpt2-medium",
            "cache_dir": "cache/",
            "tokenizer": "gpt2-medium",
            "data_dir": "data/analogies/gpt2/",
            "importance_results_dir": "rationalization_results/analogies/gpt2_norm",
            "device": "cuda",
            "rationalization_config": "config/eva_norm.json",
            "input_num_ratio": 1,
            "logfolder": "logs/analogies/gpt2_norm",
            "loglevel": 20
        },
        "time_elapsed": 0.032228708267211914
    }
}