{
    "$schema": "../docs/rationalization.schema.json",
    "id": 73,
    "input-text": [
        "As",
        " soon",
        " as",
        " I",
        " arrived",
        " in",
        " Wisconsin",
        ",",
        " I",
        " checked",
        " into",
        " my",
        " hotel",
        " and",
        " watched",
        " a",
        " movie",
        " before",
        " falling",
        " asleep",
        ".",
        " (",
        "I",
        " had",
        " a",
        " great",
        " call",
        " with",
        " my",
        " husband",
        ",",
        " although",
        " I",
        " wish",
        " it",
        " were",
        " longer",
        ").",
        " I",
        " was",
        " staying",
        " in",
        " my",
        " favorite",
        " city",
        ","
    ],
    "input-tokens": [
        1722,
        2582,
        355,
        314,
        5284,
        287,
        9279,
        11,
        314,
        10667,
        656,
        616,
        7541,
        290,
        7342,
        257,
        3807,
        878,
        7463,
        16039,
        13,
        357,
        40,
        550,
        257,
        1049,
        869,
        351,
        616,
        5229,
        11,
        3584,
        314,
        4601,
        340,
        547,
        2392,
        737,
        314,
        373,
        10589,
        287,
        616,
        4004,
        1748,
        11
    ],
    "target-text": " Madison",
    "target-token": 14909,
    "rational-size": 5,
    "rational-positions": [
        6,
        44,
        43,
        5,
        40
    ],
    "rational-text": [
        " Wisconsin",
        " city",
        " favorite",
        " in",
        " staying"
    ],
    "rational-tokens": [
        9279,
        1748,
        4004,
        287,
        10589
    ],
    "importance-scores": [
        0.024678755551576614,
        0.02096274122595787,
        0.022038523107767105,
        0.02086101844906807,
        0.02275816537439823,
        0.028205279260873795,
        0.09191954135894775,
        0.021418128162622452,
        0.017393523827195168,
        0.01809978485107422,
        0.016805697232484818,
        0.016944274306297302,
        0.021199999377131462,
        0.01811433769762516,
        0.018148452043533325,
        0.01841050758957863,
        0.01975112408399582,
        0.017194757238030434,
        0.01796587184071541,
        0.019702358171343803,
        0.022539347410202026,
        0.018674086779356003,
        0.016941701993346214,
        0.016900643706321716,
        0.017302632331848145,
        0.01741301827132702,
        0.017594028264284134,
        0.01691395975649357,
        0.016854185611009598,
        0.01865527406334877,
        0.018239647150039673,
        0.018261464312672615,
        0.016955288127064705,
        0.01729051023721695,
        0.01677289791405201,
        0.01732983998954296,
        0.01761190965771675,
        0.020181186497211456,
        0.01821192353963852,
        0.018149258568882942,
        0.026239760220050812,
        0.01843954436480999,
        0.020727097988128662,
        0.03150610998272896,
        0.047531601041555405,
        0.024190276861190796
    ],
    "comments": {
        "created-by": "run_analogies.py",
        "args": {
            "model": "gpt2-medium",
            "cache_dir": "cache/",
            "tokenizer": "gpt2-medium",
            "data_dir": "data/analogies/gpt2/",
            "importance_results_dir": "rationalization_results/analogies/gpt2_norm",
            "device": "cuda",
            "rationalization_config": "config/eva_norm.json",
            "input_num_ratio": 1,
            "logfolder": "logs/analogies/gpt2_norm",
            "loglevel": 20
        },
        "time_elapsed": 0.03217434883117676
    }
}