{
    "$schema": "../docs/rationalization.schema.json",
    "id": 84,
    "input-text": [
        "I",
        " knew",
        " it",
        " was",
        " fast",
        ",",
        " but",
        " that",
        "'s",
        " before",
        " I",
        " saw",
        " it",
        " in",
        " person",
        ".",
        " (",
        "Just",
        " then",
        " I",
        " thought",
        " about",
        " my",
        " ex",
        "-",
        "wife",
        ",",
        " but",
        " I",
        " had",
        " to",
        " stop",
        " thinking",
        " about",
        " her",
        ").",
        " When",
        " I",
        " did",
        " end",
        " up",
        " seeing",
        " it",
        " in",
        " person",
        ",",
        " it",
        " was",
        " even"
    ],
    "input-tokens": [
        40,
        2993,
        340,
        373,
        3049,
        11,
        475,
        326,
        338,
        878,
        314,
        2497,
        340,
        287,
        1048,
        13,
        357,
        5703,
        788,
        314,
        1807,
        546,
        616,
        409,
        12,
        22095,
        11,
        475,
        314,
        550,
        284,
        2245,
        3612,
        546,
        607,
        737,
        1649,
        314,
        750,
        886,
        510,
        4379,
        340,
        287,
        1048,
        11,
        340,
        373,
        772
    ],
    "target-text": " faster",
    "target-token": 5443,
    "rational-size": 5,
    "rational-positions": [
        4,
        5,
        1,
        0,
        3
    ],
    "rational-text": [
        " fast",
        ",",
        " knew",
        "I",
        " was"
    ],
    "rational-tokens": [
        3049,
        11,
        2993,
        40,
        373
    ],
    "importance-scores": [
        0.029368653893470764,
        0.03149291127920151,
        0.024209804832935333,
        0.026748960837721825,
        0.05854007229208946,
        0.03964267298579216,
        0.017646681517362595,
        0.017858494073152542,
        0.01772540993988514,
        0.018954895436763763,
        0.01772455684840679,
        0.01872199773788452,
        0.017863934859633446,
        0.018642665818333626,
        0.019489634782075882,
        0.02533828467130661,
        0.019057147204875946,
        0.019204461947083473,
        0.01776440441608429,
        0.01698998548090458,
        0.017605727538466454,
        0.017084255814552307,
        0.016888098791241646,
        0.01940981298685074,
        0.017525576055049896,
        0.01815050281584263,
        0.017701363191008568,
        0.01739891618490219,
        0.016829757019877434,
        0.017239432781934738,
        0.01687605492770672,
        0.017301926389336586,
        0.018296195194125175,
        0.01703166961669922,
        0.017139289528131485,
        0.02038109302520752,
        0.01862618699669838,
        0.017039069905877113,
        0.017813654616475105,
        0.018237382173538208,
        0.017624087631702423,
        0.020343057811260223,
        0.018298238515853882,
        0.017139000818133354,
        0.0185631662607193,
        0.01810917817056179,
        0.01776943914592266,
        0.01850646175444126,
        0.02608577534556389
    ],
    "comments": {
        "created-by": "run_analogies.py",
        "args": {
            "model": "gpt2-medium",
            "cache_dir": "cache/",
            "tokenizer": "gpt2-medium",
            "data_dir": "data/analogies/gpt2/",
            "importance_results_dir": "rationalization_results/analogies/gpt2_norm",
            "device": "cuda",
            "rationalization_config": "config/eva_norm.json",
            "input_num_ratio": 1,
            "logfolder": "logs/analogies/gpt2_norm",
            "loglevel": 20
        },
        "time_elapsed": 0.03229022026062012
    }
}