suff,comp,random_suff,random_comp
0.006633135787461512,0.7896408774688276,0.006475262352376627,0.6290271844453118
