suff,comp,random_suff,random_comp
0.00185402243664599,0.0067255850533347265,0.001421378846650348,0.0010821707372612312
