suff,comp,random_suff,random_comp
0.04843070798272458,0.9397646341107806,0.0247173709982644,0.8866183961001451
