suff,comp,random_suff,random_comp
0.06705527474182897,0.9726647399301405,0.04837248486936404,0.9352180573518729
