suff,comp,random_suff,random_comp
0.06096727713538939,0.9451119088679821,0.031283991830366835,0.8897301798442563
