suff,comp,random_suff,random_comp
0.0007334418833673432,0.059092280276545894,0.0009118972196903149,0.029572945324050012
