suff,comp,random_suff,random_comp
0.07035441330182941,0.9733128183084685,0.036779139291731835,0.9106439753764999
