suff,comp,random_suff,random_comp
0.006492225270420917,0.8188913714062874,0.0062611596166683115,0.6255437190547365
