suff,comp,random_suff,random_comp
0.014069655319601481,0.8834619203988748,0.01306430991896257,0.7739320858805272
