suff,comp,random_suff,random_comp
0.060231986173514294,0.9595835622227333,0.029994597630307738,0.9061203186860768
