suff,comp,random_suff,random_comp
0.07081304075377681,0.984246845879083,0.05028723916963614,0.9422272263586249
