suff,comp,random_suff,random_comp
0.019067195957456234,0.8634967151901204,0.011934289889603298,0.7975296014615596
