target_pos,target_token,norm_suff,random_suff,norm_comp,random_comp
33, ,0.010315646417438984,0.006286798510700464,0.017585057765245438,0.009932992048561573
35, Pennsylvania,0.001950889709405601,0.0027121847961097956,0.006436321884393692,0.005027020815759897
37, It,0.004877518862485886,0.004956681281328201,0.008482061326503754,0.006479780189692974
39, the,0.0021225258242338896,0.010120956227183342,0.01112382486462593,0.006492427550256252
41, longest,0.005347623024135828,0.0,0.004958310164511204,0.003662993898615241
