target_pos,target_token,norm_suff,random_suff,norm_comp,random_comp
33, ,0.002655771793797612,0.0023059328086674213,0.0148597601801157,0.024610910564661026
35,see,0.01838015578687191,0.03166428580880165,0.017334438860416412,0.017539246007800102
37, below,0.05489100515842438,0.0020741019397974014,0.00990866869688034,0.01817057840526104
39, It,0.014487377367913723,0.043432701379060745,0.01496406551450491,0.027484023943543434
41, a,0.0,0.006273325998336077,0.08628617972135544,0.01049325056374073
