norm_suff_mean,random_suff_mean,norm_comp_mean,random_comp_mean,final suff,final comp,target_tokens
0.004922840744256973,0.004815324675291777,0.009717115201056004,0.006319043226540089,1.0223278999328613,1.2836172580718994, $ Pennsylvania$ It$ the$ longest
