norm_suff_mean,random_suff_mean,norm_comp_mean,random_comp_mean,final suff,final comp,target_tokens
0.018082862719893456,0.017150070518255234,0.028670622035861015,0.019659603014588356,1.0543899536132812,1.0871952772140503, $see$ below$ It$ a
