target_pos,target_token,norm_suff,random_suff,norm_comp,random_comp
17, ,0.0,0.0004852179845329374,0.008899661712348461,0.006904651876538992
19, 18,0.0,0.0,0.00732451630756259,0.006774968467652798
21, and,0.0,0.0,0.007831797935068607,0.007664056960493326
23, the,0.0,0.0,0.0052794222719967365,0.013613920658826828
25, court,0.0,0.0,0.005937008652836084,0.01056336797773838
