target_pos,target_token,norm_suff,random_suff,norm_comp,random_comp
17, ,0.0018028103513643146,0.0016786148771643639,0.023559970781207085,0.012738028541207314
19, 18,7.438314787577838e-05,0.0003372523351572454,0.013397782109677792,0.08668115735054016
21,.,0.141541987657547,0.06855746358633041,0.030895283445715904,0.06791677325963974
23, is,0.0,0.0,0.04337086156010628,0.05404193699359894
25, highest,0.0,0.0,0.050694920122623444,0.013713863678276539
