norm_suff_mean,random_suff_mean,norm_comp_mean,random_comp_mean,final suff,final comp,target_tokens
0.02868383564054966,0.014114665798842907,0.032383766025304794,0.04701835289597511,2.032200813293457,1.6391934156417847, $ 18$.$ is$ highest
