target_pos,target_token,norm_suff,random_suff,norm_comp,random_comp
18, ,0.01303511206060648,0.0015786706935614347,0.01898055523633957,0.019283395260572433
20, is,0.0,0.003111641388386488,0.012522116303443909,0.009804018773138523
22, largest,0.0,0.0,0.010089241899549961,0.01483527198433876
24, in,0.0,0.0,0.007987231947481632,0.006809902377426624
26, Solar,0.0,0.0003596562601160258,0.011786113493144512,0.009006802923977375
