target_pos,target_token,norm_suff,random_suff,norm_comp,random_comp
18, ,0.000843083718791604,6.713646143907681e-05,0.022419609129428864,0.016894422471523285
20,including,0.0,0.0,0.19586589932441711,0.13501356542110443
22, largest,0.0,0.004131455440074205,0.23701614141464233,0.028859032317996025
24, Titan,0.0,0.0020120462868362665,0.056877877563238144,0.15847483277320862
26, and,0.0,0.0,0.030684327706694603,0.022204501554369926
