norm_suff_mean,random_suff_mean,norm_comp_mean,random_comp_mean,final suff,final comp,target_tokens
0.00016861675248946995,0.00124212761875242,0.10857277363538742,0.07228928059339523,0.13574832677841187,428.7194519042969, $including$ largest$ Titan$ and
