norm_suff_mean,random_suff_mean,norm_comp_mean,random_comp_mean,final suff,final comp,target_tokens
0.002607022412121296,0.0010099936043843627,0.012273052707314491,0.011947877705097198,2.5812265872955322,4.582959175109863, $ is$ largest$ in$ Solar
