target_pos,target_token,norm_suff,random_suff,norm_comp,random_comp
15, ,0.0,0.0,0.05211898311972618,0.030334897339344025
17,also,0.0,0.0,0.08730696886777878,0.12087611854076385
19, as,0.00242716446518898,0.0,0.006113311275839806,0.011594874784350395
21,h,0.0,0.0,0.06230916455388069,0.046974778175354004
23, bees,0.0,0.0008494891808368266,0.2008255124092102,0.08316444605588913
