target_pos,target_token,norm_suff,random_suff,norm_comp,random_comp
15, ,0.0,0.0,0.024188248440623283,0.015395189635455608
17, is,0.007927009835839272,0.009072551503777504,0.0297849178314209,0.01559409685432911
19, in,0.0,0.0,0.00811937265098095,0.007946859113872051
21, temper,0.0,0.0,0.02654903195798397,0.020348818972706795
23, regions,0.0,0.0,0.017636410892009735,0.008440560661256313
