norm_suff_mean,random_suff_mean,norm_comp_mean,random_comp_mean,final suff,final comp,target_tokens
0.00158540194388479,0.0018145103240385652,0.021255597472190857,0.01354510523378849,0.8737354278564453,8.543641090393066, $ is$ in$ temper$ regions
