norm_suff_mean,random_suff_mean,norm_comp_mean,random_comp_mean,final suff,final comp,target_tokens
0.00048543288721702993,0.00016989784489851445,0.0817347913980484,0.05858902260661125,2.8572044372558594,120.69438171386719, $also$ as$h$ bees
