target_pos,target_token,norm_suff,random_suff,norm_comp,random_comp
24, ,7.629799074493349e-05,2.185174344049301e-05,0.09880448877811432,0.05757433921098709
26, benign,0.0,0.0,0.06713805347681046,0.010284344665706158
28, It,0.001910530379973352,0.0,0.021121984347701073,0.03236231580376625
30, usually,0.0,0.0,0.12964273989200592,0.011997978202998638
32, by,0.006962460000067949,0.0,0.007529206108301878,0.004537775181233883
