target_pos,target_token,norm_suff,random_suff,norm_comp,random_comp
24, ,0.19022995233535767,0.0,0.20505394041538239,0.017970619723200798
26, benign,0.0,0.0,0.002895219251513481,0.0019025747897103429
28, ,0.0,0.0,0.014674616977572441,0.007468107622116804
30,Brain,0.0,0.006538688205182552,0.015408550389111042,0.0057206302881240845
32, are,0.0,0.0007854591822251678,0.0060104141011834145,0.008106608875095844
