norm_suff_mean,random_suff_mean,norm_comp_mean,random_comp_mean,final suff,final comp,target_tokens
0.03804599121212959,0.0014648295473307371,0.04880854859948158,0.008233708329498768,25.97298240661621,0.21641461551189423, $ benign$ $Brain$ are
