norm_suff_mean,random_suff_mean,norm_comp_mean,random_comp_mean,final suff,final comp,target_tokens
0.0017898576334118843,4.3703489609470125e-06,0.06484729051589966,0.02335135079920292,409.54571533203125,13.04648494720459, $ benign$ It$ usually$ by
