target_pos,target_token,norm_suff,random_suff,norm_comp,random_comp
20, ,9.281019447371364e-05,0.0006178420735523105,0.03968334570527077,0.020132672041654587
22, is,0.005108372773975134,0.001551990513689816,0.016875257715582848,0.0588163398206234
24, head,0.002000442473217845,0.0009516704012639821,0.023068079724907875,0.03282926604151726
26, the,0.0,0.0,0.057325005531311035,0.0653287023305893
28,di,0.001658408553339541,0.0017805033130571246,0.0029260728042572737,0.006009527016431093
