target_pos,target_token,norm_suff,random_suff,norm_comp,random_comp
20, ,0.0,0.0,0.008213065564632416,0.005198374390602112
22, is,0.0,0.0,0.007077894639223814,0.008121656253933907
24, highest,0.0,0.0,0.029073018580675125,0.011002179235219955
26, Catholic,0.0,0.0,0.017658434808254242,0.016226863488554955
28, the,0.007140876725316048,7.082574302330613e-05,0.007687452249228954,0.005794880446046591
