norm_suff_mean,random_suff_mean,norm_comp_mean,random_comp_mean,final suff,final comp,target_tokens
0.0017720068572089076,0.0009804012952372432,0.027975553646683693,0.03662330284714699,1.8074301481246948,20.66769790649414, $ is$ head$ the$di
