norm_suff_mean,random_suff_mean,norm_comp_mean,random_comp_mean,final suff,final comp,target_tokens
0.001428175368346274,1.4165148968459107e-05,0.013941973447799683,0.009268790483474731,100.82318115234375,6.489952564239502, $ is$ highest$ Catholic$ the
