target_pos,target_token,norm_suff,random_suff,norm_comp,random_comp
21, east,0.0,0.0,0.0056877476163208485,0.007585657294839621
23, Hawaii,0.0,0.0,0.026648033410310745,0.01866953633725643
25, The,0.0,0.0,0.009909053333103657,0.005367988720536232
27, is,0.002136839786544442,0.007083620876073837,0.008930647745728493,0.006249954923987389
29,ordered,8.982620056485757e-05,0.0005989010096527636,0.0003703133261296898,0.00043523070053197443
