target_pos,target_token,norm_suff,random_suff,norm_comp,random_comp
21, north,0.011725552380084991,0.0065498813055455685,0.02256873808801174,0.01497705839574337
23, Hawaii,0.00012643169611692429,0.0003910308878403157,0.043206144124269485,0.027354374527931213
25, It,0.002067988272756338,0.000672403781209141,0.04996742308139801,0.06985490024089813
27, the,0.0,0.0,0.14925074577331543,0.049707964062690735
29, largest,0.02152344211935997,0.02377944439649582,0.14450237154960632,0.12165497243404388
