norm_suff_mean,random_suff_mean,norm_comp_mean,random_comp_mean,final suff,final comp,target_tokens
0.00708868307992816,0.0062785521149635315,0.08189908415079117,0.05670985206961632,1.1290315389633179,8.000054359436035, north$ Hawaii$ It$ the$ largest
