norm_suff_mean,random_suff_mean,norm_comp_mean,random_comp_mean,final suff,final comp,target_tokens
0.00044533322216011584,0.001536504365503788,0.010309158824384212,0.007661673706024885,0.2898353040218353,17.204360961914062, east$ Hawaii$ The$ is$ordered
