target_pos,target_token,norm_suff,random_suff,norm_comp,random_comp
25, ,0.0,0.00034209713339805603,0.017537543550133705,0.015362302772700787
27, David,0.0,0.0,0.0452735610306263,0.08236108720302582
29,inc,0.0,0.0,0.015295072458684444,0.07197285443544388
31, and,0.0,0.0,0.02364405058324337,0.020641202107071877
33, Matthew,0.0,0.0,0.03476228937506676,0.02398337610065937
