target_pos,target_token,norm_suff,random_suff,norm_comp,random_comp
25, ,0.0,0.0,0.0068827178329229355,0.008571482263505459
27, David,0.0,0.0,0.1110091283917427,0.02198452316224575
29,enzie,0.0,0.0015019590500742197,0.007615069858729839,0.005427878815680742
31, The,0.011290999129414558,0.008225859142839909,0.009709102101624012,0.00975742470473051
33, is,0.0015058156568557024,0.0008938626269809902,0.007408589590340853,0.007475042250007391
