norm_suff_mean,random_suff_mean,norm_comp_mean,random_comp_mean,final suff,final comp,target_tokens
0.0025593629106879234,0.002124336315318942,0.02852492406964302,0.010643270798027515,1.2047823667526245,4.158562660217285, $ David$enzie$ The$ is
