target_pos,target_token,norm_suff,random_suff,norm_comp,random_comp
21, ,0.0,9.780548862181604e-05,0.019802238792181015,0.04762515798211098
23, the,0.0,0.0008023076807148755,0.09092209488153458,0.030796894803643227
25, who,0.0,0.0,0.020523177459836006,0.043833352625370026
27, exempl,0.0,0.0,0.009503859095275402,0.016011158004403114
29, the,0.0,0.0,0.016913363710045815,0.010628028772771358
