target_pos,target_token,norm_suff,random_suff,norm_comp,random_comp
21, ,0.0,0.0,0.027332600206136703,0.014742091298103333
23, an,0.0,0.0,0.015203704126179218,0.008795669302344322
25, who,0.0,0.0,0.010762629099190235,0.009330755099654198
27, played,0.0,0.0,0.01680978573858738,0.009246249683201313
29, significant,0.006334846839308739,0.0,0.01322227530181408,0.015059040859341621
