target_pos,target_token,norm_suff,random_suff,norm_comp,random_comp
27, The,0.007232781499624252,0.0,0.00584842823445797,0.006389825604856014
29,eng,0.0005624526529572904,0.0,0.0026298596058040857,0.0018884965684264898
31, period,0.03419382870197296,0.0,0.06414368003606796,0.012920983135700226
33, marked,0.004201101139187813,0.011757942847907543,0.005082758609205484,0.006986775901168585
35, the,0.008791069500148296,0.021054239943623543,0.005925033241510391,0.00623913761228323
