target_pos,target_token,norm_suff,random_suff,norm_comp,random_comp
27, The,0.0005976477405056357,0.00018283099052496254,0.0192421805113554,0.02467423491179943
29, were,0.0,0.0,0.05319160595536232,0.01619294285774231
31, first,0.0,0.004635484889149666,0.01767544262111187,0.014450037851929665
33, use,0.004180982243269682,0.0033122508320957422,0.05279627442359924,0.01738361455500126
35, sword,0.016278762370347977,0.015019403770565987,0.026528486981987953,0.03355858847498894
