norm_suff_mean,random_suff_mean,norm_comp_mean,random_comp_mean,final suff,final comp,target_tokens
0.004211478866636753,0.00462999427691102,0.033886801451444626,0.02125188522040844,0.9096077680587769,5.0461812019348145, The$ were$ first$ use$ sword
