norm_suff_mean,random_suff_mean,norm_comp_mean,random_comp_mean,final suff,final comp,target_tokens
0.010996246710419655,0.00656243646517396,0.016725951805710793,0.006885044276714325,1.675634741783142,0.626126766204834, The$eng$ period$ marked$ the
