target_pos,target_token,norm_suff,random_suff,norm_comp,random_comp
17, in,0.001372695667669177,0.011919721029698849,0.023821666836738586,0.01179714035242796
19, upper,0.0,0.0,0.026053017005324364,0.016992472112178802
21,.,0.0,0.0,0.005495506338775158,0.010318001732230186
23, was,0.0,0.0,0.016484536230564117,0.010988869704306126
25, in,0.0,0.0,0.01303077582269907,0.008498896844685078
