target_pos,target_token,norm_suff,random_suff,norm_comp,random_comp
17, in,0.008682495914399624,0.05028292536735535,0.05361410602927208,0.08239124715328217
19, middle,0.0,0.0005391375161707401,0.021658772602677345,0.040830545127391815
21, the,0.00371169182471931,0.000396595656638965,0.059860553592443466,0.022659800946712494
23,.,0.054568950086832047,0.09413665533065796,0.01659676805138588,0.014207987114787102
25, was,0.0,0.0,0.018704336136579514,0.01963796466588974
