norm_suff_mean,random_suff_mean,norm_comp_mean,random_comp_mean,final suff,final comp,target_tokens
0.0002745391393546015,0.002383944345638156,0.01697710156440735,0.01171907689422369,0.1151617243885994,42.68635940551758, in$ upper$.$ was$ in
