norm_suff_mean,random_suff_mean,norm_comp_mean,random_comp_mean,final suff,final comp,target_tokens
0.013392627239227295,0.029071062803268433,0.034086909145116806,0.03594551235437393,0.4606858491897583,2.6839776039123535, in$ middle$ the$.$ was
