target_pos,target_token,norm_suff,random_suff,norm_comp,random_comp
16, ,0.0,0.0007595396600663662,0.3646083474159241,0.06562407314777374
18, ,0.0,0.0,0.09598108381032944,0.06642381846904755
20,L,0.0,0.0,0.07584436237812042,0.05607396736741066
22,ster,0.0,0.0,0.039238229393959045,0.11795304715633392
24, ,0.00017571757780387998,0.0,0.004069675225764513,0.005745338276028633
