target_pos,target_token,norm_suff,random_suff,norm_comp,random_comp
16, ,0.017425935715436935,0.011210046708583832,0.04586658254265785,0.0353025384247303
18, the,0.0,0.0,0.017554696649312973,0.012218848802149296
20, States,0.0,0.0,0.0028415583074092865,0.006650129333138466
22, is,0.0,0.0,0.014403413981199265,0.010017737746238708
24, large,0.0,0.0,0.03698180615901947,0.01762605644762516
