norm_suff_mean,random_suff_mean,norm_comp_mean,random_comp_mean,final suff,final comp,target_tokens
0.003485187189653516,0.002242009388282895,0.02352961152791977,0.01636306196451187,1.554492712020874,4.69503116607666, $ the$ States$ is$ large
