norm_suff_mean,random_suff_mean,norm_comp_mean,random_comp_mean,final suff,final comp,target_tokens
3.5143515560775995e-05,0.00015190793783403933,0.11594834178686142,0.06236404925584793,0.23134745657444,1774.553466796875, $ $L$ster$ 
