target_pos,target_token,norm_suff,random_suff,norm_comp,random_comp
12, They,0.0,0.0,0.044724926352500916,0.04121467471122742
14, used,0.0,0.0,0.05176013708114624,0.04313062131404877
16, cooking,0.00015768094453960657,0.0018438060069456697,0.04956581071019173,0.025070875883102417
18, baking,0.0,0.0004306498740334064,0.05351423844695091,0.05681205913424492
20, and,0.0,0.0035312448162585497,0.08798857778310776,0.17685429751873016
