target_pos,target_token,norm_suff,random_suff,norm_comp,random_comp
12, They,0.0,0.0,0.03180275112390518,0.01979069970548153
14, used,0.0,0.0,0.054515291005373,0.023205233737826347
16, many,0.0018946767086163163,0.0,0.02634839527308941,0.014955918304622173
18,",",0.0,0.0,0.01386948674917221,0.01192842423915863
20, cooking,0.0,0.0,0.22876481711864471,0.02502814121544361
