norm_suff_mean,random_suff_mean,norm_comp_mean,random_comp_mean,final suff,final comp,target_tokens
3.153619036311284e-05,0.0011611402733251452,0.05751073360443115,0.06861650943756104,0.02715967409312725,2175.802001953125, They$ used$ cooking$ baking$ and
