target_pos,target_token,norm_suff,random_suff,norm_comp,random_comp
20,.,0.14464843273162842,0.0,0.06781988590955734,0.0806138888001442
22, French,0.0,0.0,0.034627728164196014,0.023845378309488297
24, was,0.011044262908399105,0.0,0.023086022585630417,0.04333876445889473
26, by,0.0,0.0,0.028739381581544876,0.02824869006872177
28, XIV,0.0,0.0,0.16117647290229797,0.06459122151136398
