target_pos,target_token,norm_suff,random_suff,norm_comp,random_comp
20, until,0.0,0.0,0.02332158200442791,0.00970118772238493
22, French,0.0,0.0,0.014148814603686333,0.00871272012591362
24, in,0.0,0.0,0.010874723084270954,0.010628500021994114
26,89,0.0,0.00048789463471621275,0.004132942762225866,0.004801551811397076
28, The,0.008006257005035877,0.0007880147895775735,0.00828724168241024,0.009451225399971008
