norm_suff_mean,random_suff_mean,norm_comp_mean,random_comp_mean,final suff,final comp,target_tokens
0.0016012514242902398,0.00025518189067952335,0.012153061106801033,0.00865903776139021,6.274941444396973,5.4076690673828125, until$ French$ in$89$ The
