target_pos,target_token,norm_suff,random_suff,norm_comp,random_comp
15, ,0.002587171271443367,0.011561298742890358,0.00777092669159174,0.009527923539280891
17, has,0.014711279422044754,0.009887469001114368,0.010103275999426842,0.008828969672322273
19, in,0.0,0.0,0.002796597545966506,0.005574669688940048
21, number,0.001144631882198155,0.0,0.008367951959371567,0.006840000860393047
23, films,0.0,0.0,0.008043954148888588,0.0062269908376038074
