target_pos,target_token,norm_suff,random_suff,norm_comp,random_comp
15, ,0.0005585784674622118,0.0,0.031866446137428284,0.020030245184898376
17, has,0.0,0.00034823003807105124,0.0770367830991745,0.02010042406618595
19, in,0.0,0.020493285730481148,0.050667136907577515,0.04765307158231735
21, such,0.011484029702842236,0.012078898027539253,0.016280561685562134,0.03548986092209816
23, The,0.0,0.007500543724745512,0.10364729911088943,0.016421254724264145
