norm_suff_mean,random_suff_mean,norm_comp_mean,random_comp_mean,final suff,final comp,target_tokens
0.0024085217155516148,0.00808419194072485,0.05589964613318443,0.027938975021243095,0.2979297935962677,11.600050926208496, $ has$ in$ such$ The
