norm_suff_mean,random_suff_mean,norm_comp_mean,random_comp_mean,final suff,final comp,target_tokens
0.0036886166781187057,0.00428975373506546,0.007416542153805494,0.007399711292237043,0.859866738319397,2.006093978881836, $ has$ in$ number$ films
