target_pos,target_token,norm_suff,random_suff,norm_comp,random_comp
15, ,0.002062334446236491,0.0005288301617838442,0.14382441341876984,0.047272857278585434
17, by,0.0,0.018260929733514786,0.009560461156070232,0.039712175726890564
19, and,0.18980494141578674,0.0,0.09462606906890869,0.01999487541615963
21, by,0.000947900174651295,0.0016092045698314905,0.005210150498896837,0.009395183064043522
23,.,0.1977752149105072,0.04363652691245079,0.09086539596319199,0.04044382646679878
