target_pos,target_token,norm_suff,random_suff,norm_comp,random_comp
15, ,0.0,0.0,0.0071745747700333595,0.009505500085651875
17, by,0.0,0.010803945362567902,0.006051055621355772,0.00941228587180376
19, for,0.0,0.00496795354411006,0.012372725643217564,0.00961931049823761
21, Nintendo,0.0,0.0,0.01569608971476555,0.01695546880364418
23, System,0.0,0.0,0.00214973627589643,0.0006696389173157513
