norm_suff_mean,random_suff_mean,norm_comp_mean,random_comp_mean,final suff,final comp,target_tokens
0.07811807841062546,0.012807098217308521,0.06881730258464813,0.03136378526687622,6.099592208862305,0.40149202942848206, $ by$ and$ by$.
