target_pos,target_token,norm_suff,random_suff,norm_comp,random_comp
24, ,0.12936405837535858,0.0,1.0301343202590942,0.016764219850301743
26, Eng,0.0,0.0,0.003688206896185875,0.013685207813978195
28,ving,0.0007079195929691195,0.0,0.00263857445679605,0.001244504819624126
30, Printing,0.0006483314209617674,0.0005441427929326892,0.00402795011177659,0.009647474624216557
32, the,0.0034206705167889595,0.0,0.019376147538423538,0.016574423760175705
