target_pos,target_token,norm_suff,random_suff,norm_comp,random_comp
24,ern,0.0,0.0,0.3026885688304901,0.1882532238960266
26, in,0.0,0.0,0.02261868491768837,0.02384091727435589
28,48,0.026213625445961952,0.022589538246393204,0.02690913714468479,0.02380954660475254
30, It,0.0,0.0,0.04780435562133789,0.043092407286167145
32, the,0.0,0.0,0.10541965812444687,0.0708894282579422
