norm_suff_mean,random_suff_mean,norm_comp_mean,random_comp_mean,final suff,final comp,target_tokens
0.02682819403707981,0.00010882855713134632,0.21197305619716644,0.01158316619694233,246.51795959472656,0.4317534863948822, $ Eng$ving$ Printing$ the
