norm_suff_mean,random_suff_mean,norm_comp_mean,random_comp_mean,final suff,final comp,target_tokens
0.005242725368589163,0.004517907742410898,0.10108808428049088,0.06997709721326828,1.1604321002960205,13.347465515136719,ern$ in$48$ It$ the
