target_pos,target_token,norm_suff,random_suff,norm_comp,random_comp
11, ,0.0008047487353906035,0.0,0.03745818883180618,0.03811902552843094
13, was,0.0,0.0,0.026003094390034676,0.036062952131032944
15, first,0.0,0.0,0.02635319158434868,0.03425993770360947
17, radio,0.0012642487417906523,0.003372123697772622,0.1833311915397644,0.07863343507051468
19, to,0.046213824301958084,0.011141457594931126,0.02685028314590454,0.08616656810045242
