target_pos,target_token,norm_suff,random_suff,norm_comp,random_comp
11, ,0.0,0.0,0.007105088792741299,0.007419327739626169
13, was,0.0,0.0,0.013954458758234978,0.009284943342208862
15, first,0.001846539555117488,0.0030681039206683636,0.006268894765526056,0.010102321393787861
17,mable,0.0,0.0,0.0009262860985472798,0.0005256356089375913
19, to,0.0,0.0,0.015428556129336357,0.015554341487586498
