norm_suff_mean,random_suff_mean,norm_comp_mean,random_comp_mean,final suff,final comp,target_tokens
0.009656564332544804,0.002902716165408492,0.059999193996191025,0.05464838817715645,3.3267338275909424,5.659195899963379, $ was$ first$ radio$ to
