norm_suff_mean,random_suff_mean,norm_comp_mean,random_comp_mean,final suff,final comp,target_tokens
0.0003693079052027315,0.0006136207957752049,0.008736656978726387,0.008577314205467701,0.6018503904342651,23.225374221801758, $ was$ first$mable$ to
