target_pos,target_token,norm_suff,random_suff,norm_comp,random_comp
20, ,0.0,0.0,0.022206319496035576,0.02444285899400711
22, can,0.004331556148827076,0.0016300419811159372,0.03638162463903427,0.043605949729681015
24, a,0.00401932280510664,0.002472576918080449,0.03342695161700249,0.05078987777233124
26, hit,0.0,0.0,0.00783110223710537,0.027092749252915382
28, a,0.0,0.0,0.052865948528051376,0.01605287380516529
