target_pos,target_token,norm_suff,random_suff,norm_comp,random_comp
20, ,0.0,0.0,0.027483122423291206,0.017734114080667496
22, are,0.0,0.0,0.03328847885131836,0.01920005865395069
24, to,0.0,0.0,0.0042466530576348305,0.003543503349646926
26, the,0.0,0.0,0.02988092228770256,0.013595287688076496
28, of,0.01305064931511879,0.0,0.008987301960587502,0.004980177152901888
