norm_suff_mean,random_suff_mean,norm_comp_mean,random_comp_mean,final suff,final comp,target_tokens
0.0016701758140698075,0.0008205237681977451,0.030542388558387756,0.03239686042070389,2.0354995727539062,19.397275924682617, $ can$ a$ hit$ a
