target_pos,target_token,norm_suff,random_suff,norm_comp,random_comp
22, ,0.0,0.0,0.007979683578014374,0.004664578940719366
24, the,0.0,0.0,0.007314588408917189,0.007706853095442057
26, of,0.0,0.0,0.010979456827044487,0.008858059532940388
28," """,0.0,0.0019008805975317955,0.024685321375727654,0.01815779134631157
30, Waste,0.010784726589918137,0.0,0.3548986315727234,0.023902224376797676
