target_pos,target_token,norm_suff,random_suff,norm_comp,random_comp
22, ,0.0039728120900690556,0.00025483069475740194,0.02396557666361332,0.014102903194725513
24,18,0.021074671298265457,0.014981341548264027,0.13313491642475128,0.06017259880900383
26,-,0.0,0.0,0.03342355415225029,0.02123354747891426
28,40,0.03444547951221466,0.026858599856495857,0.023862866684794426,0.017953118309378624
30, It,0.0,0.0,0.035237763077020645,0.01925196684896946
