norm_suff_mean,random_suff_mean,norm_comp_mean,random_comp_mean,final suff,final comp,target_tokens
0.0021569454111158848,0.0003801761195063591,0.08117153495550156,0.01265790220350027,5.673542499542236,5.868438720703125," $ the$ of$ ""$ Waste"
