norm_suff_mean,random_suff_mean,norm_comp_mean,random_comp_mean,final suff,final comp,target_tokens
0.011898592114448547,0.008418953977525234,0.04992493614554405,0.026542825624346733,1.4133100509643555,2.2307534217834473, $18$-$40$ It
