target_pos,target_token,norm_suff,random_suff,norm_comp,random_comp
21, ,0.002156446222215891,0.00011078068928327411,0.01868431083858013,0.009252850897610188
23, is,0.0,0.009916591458022594,0.02442021854221821,0.019906988367438316
25, playing,0.0,0.0,0.026931514963507652,0.019665446132421494
27, the,0.0,0.0,0.006077473517507315,0.007346802391111851
29, Angeles,0.0,0.0,0.0026418843772262335,0.0012833746150135994
