target_pos,target_token,norm_suff,random_suff,norm_comp,random_comp
21, ,0.0,0.0,0.011771379970014095,0.003943117801100016
23, played,0.0,0.0,0.011408904567360878,0.013347525149583817
25, the,0.0,0.0,0.004180433694273233,0.004864925052970648
27, Angeles,0.0,0.0,0.0005858475924469531,0.0011693991255015135
29, from,0.04870283603668213,0.01401433628052473,0.033998504281044006,0.008115718141198158
