norm_suff_mean,random_suff_mean,norm_comp_mean,random_comp_mean,final suff,final comp,target_tokens
0.00974056776612997,0.0028028672095388174,0.012389014475047588,0.006288136821240187,3.4752156734466553,0.6455616354942322, $ played$ the$ Angeles$ from
