norm_suff_mean,random_suff_mean,norm_comp_mean,random_comp_mean,final suff,final comp,target_tokens
0.00043128925608471036,0.0020054744090884924,0.015751082450151443,0.01149109285324812,0.21505597233772278,26.643587112426758, $ is$ playing$ the$ Angeles
