target_pos,target_token,norm_suff,random_suff,norm_comp,random_comp
25, ,0.00012520444579422474,0.0011995789827778935,0.08964870125055313,0.0146922767162323
27,usually,0.05806366726756096,0.03242873027920723,0.021833373233675957,0.02843080274760723
29, 30,0.0,0.0,0.00984098855406046,0.009389865212142467
31, fat,0.0,0.0,0.03852804750204086,0.03233052417635918
33, ,0.0,0.0,0.029021738097071648,0.024902747943997383
