target_pos,target_token,norm_suff,random_suff,norm_comp,random_comp
25, ,0.0,0.0,0.01113424077630043,0.006804089993238449
27,usually,0.003254428505897522,0.007924553006887436,0.006991933565586805,0.006058861967176199
29, 10,0.004708020482212305,0.0016757696866989136,0.004432908724993467,0.0049385614693164825
31,20,0.0015950447414070368,0.0035501932725310326,0.0033948777709156275,0.002796195913106203
33, ,0.022094234824180603,0.004632561933249235,0.014476734213531017,0.006679811514914036
