norm_suff_mean,random_suff_mean,norm_comp_mean,random_comp_mean,final suff,final comp,target_tokens
0.011637774296104908,0.006725662387907505,0.037774570286273956,0.021949244663119316,1.730353593826294,1.886034607887268, $usually$ 30$ fat$ 
