norm_suff_mean,random_suff_mean,norm_comp_mean,random_comp_mean,final suff,final comp,target_tokens
0.006330345757305622,0.0035566159058362246,0.00808613933622837,0.005455504171550274,1.7798789739608765,0.8618019223213196, $usually$ 10$20$ 
