{
    "$schema": "../docs/rationalization.schema.json",
    "id": 15,
    "input-text": [
        "When",
        " my",
        " flight",
        " landed",
        " in",
        " Oman",
        ",",
        " I",
        " converted",
        " my",
        " currency",
        " and",
        " slowly",
        " fell",
        " asleep",
        ".",
        " (",
        "I",
        " was",
        " behind",
        " on",
        " a",
        " couple",
        " of",
        " assignments",
        ",",
        " but",
        " I",
        " tried",
        " not",
        " to",
        " think",
        " about",
        " them",
        ").",
        " I",
        " was",
        " staying",
        " in",
        " the",
        " capital",
        ",",
        " Mus"
    ],
    "input-tokens": [
        2215,
        616,
        5474,
        11406,
        287,
        41782,
        11,
        314,
        11513,
        616,
        7395,
        290,
        6364,
        3214,
        16039,
        13,
        357,
        40,
        373,
        2157,
        319,
        257,
        3155,
        286,
        25815,
        11,
        475,
        314,
        3088,
        407,
        284,
        892,
        546,
        606,
        737,
        314,
        373,
        10589,
        287,
        262,
        3139,
        11,
        2629
    ],
    "target-text": "cat",
    "target-token": 9246,
    "rational-size": 5,
    "rational-positions": [
        0,
        42,
        41,
        40,
        5
    ],
    "rational-text": [
        "When",
        " Mus",
        ",",
        " capital",
        " Oman"
    ],
    "rational-tokens": [
        2215,
        2629,
        11,
        3139,
        41782
    ],
    "importance-scores": [
        0.04722188785672188,
        0.02261189930140972,
        0.022593433037400246,
        0.022590110078454018,
        0.022580131888389587,
        0.023168744519352913,
        0.0226800125092268,
        0.022612491622567177,
        0.022581424564123154,
        0.02258383296430111,
        0.022615982219576836,
        0.022607557475566864,
        0.022568102926015854,
        0.02256646379828453,
        0.0225897878408432,
        0.02276451513171196,
        0.02261417917907238,
        0.022585654631257057,
        0.022578710690140724,
        0.022564617916941643,
        0.02256111428141594,
        0.02257479727268219,
        0.022566601634025574,
        0.02257518097758293,
        0.022606361657381058,
        0.022616524249315262,
        0.0225735642015934,
        0.022577060386538506,
        0.022575750946998596,
        0.022565441206097603,
        0.022583862766623497,
        0.022571250796318054,
        0.022573385387659073,
        0.022581536322832108,
        0.022826794534921646,
        0.022672470659017563,
        0.022666767239570618,
        0.02266662009060383,
        0.022695768624544144,
        0.02285093441605568,
        0.023206721991300583,
        0.023365555331110954,
        0.023666497319936752
    ],
    "comments": {
        "created-by": "run_analogies.py",
        "args": {
            "model": "EleutherAI/gpt-j-6b",
            "cache_dir": "./cache/",
            "tokenizer": "EleutherAI/gpt-j-6b",
            "data_dir": "data/analogies/gpt6b/",
            "importance_results_dir": "rationalization_results/analogies/gpt6b_attention",
            "device": "cuda",
            "rationalization_config": "config/eva_attention.json",
            "input_num_ratio": 1,
            "logfolder": "logs/analogies/gpt6b_attention",
            "loglevel": 20
        },
        "time_elapsed": 0.08284258842468262
    }
}