{
    "$schema": "../docs/rationalization.schema.json",
    "id": 2,
    "input-text": [
        "When",
        " my",
        " flight",
        " landed",
        " in",
        " Sweden",
        ",",
        " I",
        " converted",
        " my",
        " currency",
        " and",
        " slowly",
        " fell",
        " asleep",
        ".",
        " (",
        "I",
        " had",
        " a",
        " terrifying",
        " dream",
        " about",
        " my",
        " grandmother",
        ",",
        " but",
        " that",
        "'s",
        " a",
        " story",
        " for",
        " another",
        " time",
        ").",
        " I",
        " was",
        " staying",
        " in",
        " the",
        " capital",
        ","
    ],
    "input-tokens": [
        2215,
        616,
        5474,
        11406,
        287,
        10710,
        11,
        314,
        11513,
        616,
        7395,
        290,
        6364,
        3214,
        16039,
        13,
        357,
        40,
        550,
        257,
        17623,
        4320,
        546,
        616,
        18410,
        11,
        475,
        326,
        338,
        257,
        1621,
        329,
        1194,
        640,
        737,
        314,
        373,
        10589,
        287,
        262,
        3139,
        11
    ],
    "target-text": " Stockholm",
    "target-token": 29679,
    "rational-size": 5,
    "rational-positions": [
        0,
        40,
        41,
        5,
        37
    ],
    "rational-text": [
        "When",
        " capital",
        ",",
        " Sweden",
        " staying"
    ],
    "rational-tokens": [
        2215,
        3139,
        11,
        10710,
        10589
    ],
    "importance-scores": [
        0.042940277606248856,
        0.023201366886496544,
        0.02322499081492424,
        0.02323714643716812,
        0.023204587399959564,
        0.023885346949100494,
        0.02332182228565216,
        0.023232072591781616,
        0.023198984563350677,
        0.023162810131907463,
        0.02321765385568142,
        0.02319873869419098,
        0.02317117340862751,
        0.02317032963037491,
        0.023212697356939316,
        0.023460349068045616,
        0.023232243955135345,
        0.023167341947555542,
        0.02315668761730194,
        0.02315489761531353,
        0.023165639489889145,
        0.023212125524878502,
        0.02317187748849392,
        0.023168504238128662,
        0.023196442052721977,
        0.023206936195492744,
        0.023198319599032402,
        0.02316964603960514,
        0.023186970502138138,
        0.02316836267709732,
        0.023172631859779358,
        0.023171691223978996,
        0.02316441759467125,
        0.02318691462278366,
        0.023686053231358528,
        0.023426968604326248,
        0.02350717969238758,
        0.023706035688519478,
        0.023581577464938164,
        0.02359747141599655,
        0.024874122813344002,
        0.02432856522500515
    ],
    "comments": {
        "created-by": "run_analogies.py",
        "args": {
            "model": "EleutherAI/gpt-j-6b",
            "cache_dir": "./cache/",
            "tokenizer": "EleutherAI/gpt-j-6b",
            "data_dir": "data/analogies/gpt6b/",
            "importance_results_dir": "rationalization_results/analogies/gpt6b_attention",
            "device": "cuda",
            "rationalization_config": "config/eva_attention.json",
            "input_num_ratio": 1,
            "logfolder": "logs/analogies/gpt6b_attention",
            "loglevel": 20
        },
        "time_elapsed": 0.08264517784118652
    }
}