{
    "$schema": "../docs/rationalization.schema.json",
    "id": 23,
    "input-text": [
        "When",
        " my",
        " flight",
        " landed",
        " in",
        " Austria",
        ",",
        " I",
        " converted",
        " my",
        " currency",
        " and",
        " slowly",
        " fell",
        " asleep",
        ".",
        " (",
        "I",
        " was",
        " behind",
        " on",
        " a",
        " couple",
        " of",
        " assignments",
        ",",
        " but",
        " I",
        " tried",
        " not",
        " to",
        " think",
        " about",
        " them",
        ").",
        " I",
        " was",
        " staying",
        " in",
        " the",
        " capital",
        ","
    ],
    "input-tokens": [
        2215,
        616,
        5474,
        11406,
        287,
        17322,
        11,
        314,
        11513,
        616,
        7395,
        290,
        6364,
        3214,
        16039,
        13,
        357,
        40,
        373,
        2157,
        319,
        257,
        3155,
        286,
        25815,
        11,
        475,
        314,
        3088,
        407,
        284,
        892,
        546,
        606,
        737,
        314,
        373,
        10589,
        287,
        262,
        3139,
        11
    ],
    "target-text": " Vienna",
    "target-token": 23825,
    "rational-size": 5,
    "rational-positions": [
        0,
        40,
        41,
        5,
        37
    ],
    "rational-text": [
        "When",
        " capital",
        ",",
        " Austria",
        " staying"
    ],
    "rational-tokens": [
        2215,
        3139,
        11,
        17322,
        10589
    ],
    "importance-scores": [
        0.042342476546764374,
        0.023203525692224503,
        0.023239679634571075,
        0.023249348625540733,
        0.023216916248202324,
        0.023988062515854836,
        0.023322518914937973,
        0.023234708234667778,
        0.02321142889559269,
        0.023171059787273407,
        0.023233618587255478,
        0.023209070786833763,
        0.023183036595582962,
        0.02318219281733036,
        0.023236388340592384,
        0.023459041491150856,
        0.023246824741363525,
        0.023178638890385628,
        0.023170504719018936,
        0.02316669188439846,
        0.023165535181760788,
        0.023168299347162247,
        0.023155387490987778,
        0.023167774081230164,
        0.02324828878045082,
        0.023236436769366264,
        0.023222431540489197,
        0.02318243309855461,
        0.023174569010734558,
        0.023162826895713806,
        0.023186350241303444,
        0.023183055222034454,
        0.023192550987005234,
        0.023206088691949844,
        0.023682590574026108,
        0.02342950366437435,
        0.02351921983063221,
        0.023767933249473572,
        0.023626746609807014,
        0.023619623854756355,
        0.02484753541648388,
        0.02440907619893551
    ],
    "comments": {
        "created-by": "run_analogies.py",
        "args": {
            "model": "EleutherAI/gpt-j-6b",
            "cache_dir": "./cache/",
            "tokenizer": "EleutherAI/gpt-j-6b",
            "data_dir": "data/analogies/gpt6b/",
            "importance_results_dir": "rationalization_results/analogies/gpt6b_attention",
            "device": "cuda",
            "rationalization_config": "config/eva_attention.json",
            "input_num_ratio": 1,
            "logfolder": "logs/analogies/gpt6b_attention",
            "loglevel": 20
        },
        "time_elapsed": 0.08165478706359863
    }
}