{
    "$schema": "../docs/rationalization.schema.json",
    "id": 26,
    "input-text": [
        "As",
        " soon",
        " as",
        " I",
        " arrived",
        " in",
        " Hungary",
        ",",
        " I",
        " checked",
        " into",
        " my",
        " hotel",
        " and",
        " took",
        " a",
        " long",
        " nap",
        ".",
        " (",
        "I",
        " had",
        " finally",
        " finished",
        " the",
        " book",
        " I",
        " was",
        " reading",
        " and",
        " it",
        " was",
        " amazing",
        ").",
        " I",
        " had",
        " to",
        " figure",
        " out",
        " the",
        " exchange",
        " rate",
        " to",
        " the",
        " local",
        " currency",
        ",",
        " which",
        " is",
        " apparently",
        " called",
        " the",
        " for"
    ],
    "input-tokens": [
        1722,
        2582,
        355,
        314,
        5284,
        287,
        19562,
        11,
        314,
        10667,
        656,
        616,
        7541,
        290,
        1718,
        257,
        890,
        25422,
        13,
        357,
        40,
        550,
        3443,
        5201,
        262,
        1492,
        314,
        373,
        3555,
        290,
        340,
        373,
        4998,
        737,
        314,
        550,
        284,
        3785,
        503,
        262,
        5163,
        2494,
        284,
        262,
        1957,
        7395,
        11,
        543,
        318,
        5729,
        1444,
        262,
        329
    ],
    "target-text": "int",
    "target-token": 600,
    "rational-size": 5,
    "rational-positions": [
        0,
        51,
        52,
        50,
        6
    ],
    "rational-text": [
        "As",
        " the",
        " for",
        " called",
        " Hungary"
    ],
    "rational-tokens": [
        1722,
        262,
        329,
        1444,
        19562
    ],
    "importance-scores": [
        0.037201229482889175,
        0.01845107041299343,
        0.018425898626446724,
        0.018429573625326157,
        0.018430914729833603,
        0.018424540758132935,
        0.01865527033805847,
        0.018467601388692856,
        0.01843535527586937,
        0.018431538715958595,
        0.018429379910230637,
        0.018429242074489594,
        0.018443550914525986,
        0.018431346863508224,
        0.018421093001961708,
        0.01842842437326908,
        0.018418515101075172,
        0.018434612080454826,
        0.01854051649570465,
        0.018453367054462433,
        0.018431786447763443,
        0.018423844128847122,
        0.01842587999999523,
        0.01842287927865982,
        0.018456876277923584,
        0.01844973862171173,
        0.018430909141898155,
        0.018429143354296684,
        0.018432699143886566,
        0.018435955047607422,
        0.018425337970256805,
        0.01842378079891205,
        0.018440725281834602,
        0.01854017563164234,
        0.01844813860952854,
        0.018433989956974983,
        0.01843595691025257,
        0.0184312891215086,
        0.018442397937178612,
        0.01851501688361168,
        0.01852034591138363,
        0.018566105514764786,
        0.01848132722079754,
        0.018548158928751945,
        0.018515918403863907,
        0.0186166949570179,
        0.0185466967523098,
        0.01851232722401619,
        0.018546508625149727,
        0.01858670450747013,
        0.0190250426530838,
        0.019550524652004242,
        0.01932409405708313
    ],
    "comments": {
        "created-by": "run_analogies.py",
        "args": {
            "model": "EleutherAI/gpt-j-6b",
            "cache_dir": "./cache/",
            "tokenizer": "EleutherAI/gpt-j-6b",
            "data_dir": "data/analogies/gpt6b/",
            "importance_results_dir": "rationalization_results/analogies/gpt6b_attention",
            "device": "cuda",
            "rationalization_config": "config/eva_attention.json",
            "input_num_ratio": 1,
            "logfolder": "logs/analogies/gpt6b_attention",
            "loglevel": 20
        },
        "time_elapsed": 0.08270907402038574
    }
}