{
    "$schema": "../docs/rationalization.schema.json",
    "id": 51,
    "input-text": [
        "I",
        " really",
        " wanted",
        " to",
        " buy",
        " the",
        " goat",
        ",",
        " more",
        " than",
        " I",
        " ever",
        " wanted",
        " to",
        " buy",
        " anything",
        " before",
        ".",
        " (",
        "I",
        " was",
        " also",
        " behind",
        " on",
        " my",
        " homework",
        ",",
        " but",
        " that",
        "'s",
        " another",
        " story",
        ").",
        " So",
        " I",
        " went",
        " to",
        " the",
        " store",
        " and",
        " asked",
        " if",
        " they",
        " had",
        " any"
    ],
    "input-tokens": [
        40,
        1107,
        2227,
        284,
        2822,
        262,
        26917,
        11,
        517,
        621,
        314,
        1683,
        2227,
        284,
        2822,
        1997,
        878,
        13,
        357,
        40,
        373,
        635,
        2157,
        319,
        616,
        26131,
        11,
        475,
        326,
        338,
        1194,
        1621,
        737,
        1406,
        314,
        1816,
        284,
        262,
        3650,
        290,
        1965,
        611,
        484,
        550,
        597
    ],
    "target-text": " goats",
    "target-token": 35199,
    "rational-size": 5,
    "rational-positions": [
        0,
        44,
        6,
        43,
        42
    ],
    "rational-text": [
        "I",
        " any",
        " goat",
        " had",
        " they"
    ],
    "rational-tokens": [
        40,
        597,
        26917,
        550,
        484
    ],
    "importance-scores": [
        0.03938968479633331,
        0.021676359698176384,
        0.02167624607682228,
        0.02166091464459896,
        0.021745556965470314,
        0.021823599934577942,
        0.022634737193584442,
        0.02198878675699234,
        0.02166576124727726,
        0.021663321182131767,
        0.021651683375239372,
        0.021663019433617592,
        0.021669890731573105,
        0.021660219877958298,
        0.021718434989452362,
        0.02170214056968689,
        0.021678833290934563,
        0.02193429134786129,
        0.02170000784099102,
        0.021665742620825768,
        0.021660201251506805,
        0.021663356572389603,
        0.02166988141834736,
        0.02167452871799469,
        0.021667292341589928,
        0.021743396297097206,
        0.02171606384217739,
        0.02167723886668682,
        0.021660875529050827,
        0.0216720812022686,
        0.021659865975379944,
        0.021682266145944595,
        0.02192528173327446,
        0.021744675934314728,
        0.021749617531895638,
        0.021734848618507385,
        0.021753471344709396,
        0.021860236302018166,
        0.02209882065653801,
        0.02188730426132679,
        0.022085901349782944,
        0.022158322855830193,
        0.022232607007026672,
        0.022625166922807693,
        0.02302747592329979
    ],
    "comments": {
        "created-by": "run_analogies.py",
        "args": {
            "model": "EleutherAI/gpt-j-6b",
            "cache_dir": "./cache/",
            "tokenizer": "EleutherAI/gpt-j-6b",
            "data_dir": "data/analogies/gpt6b/",
            "importance_results_dir": "rationalization_results/analogies/gpt6b_attention",
            "device": "cuda",
            "rationalization_config": "config/eva_attention.json",
            "input_num_ratio": 1,
            "logfolder": "logs/analogies/gpt6b_attention",
            "loglevel": 20
        },
        "time_elapsed": 0.08435463905334473
    }
}