{
    "$schema": "../docs/rationalization.schema.json",
    "id": 58,
    "input-text": [
        "I",
        " can",
        " usually",
        " vanish",
        " by",
        " myself",
        ".",
        " (",
        "I",
        " was",
        " so",
        " behind",
        " on",
        " work",
        " but",
        " I",
        " tried",
        " to",
        " distract",
        " myself",
        ").",
        " Although",
        " it",
        "'s",
        " so",
        " much",
        " better",
        " when",
        " someone",
        " else",
        " also",
        " van"
    ],
    "input-tokens": [
        40,
        460,
        3221,
        39572,
        416,
        3589,
        13,
        357,
        40,
        373,
        523,
        2157,
        319,
        670,
        475,
        314,
        3088,
        284,
        11786,
        3589,
        737,
        4900,
        340,
        338,
        523,
        881,
        1365,
        618,
        2130,
        2073,
        635,
        5719
    ],
    "target-text": "ishes",
    "target-token": 5614,
    "rational-size": 5,
    "rational-positions": [
        0,
        31,
        30,
        6,
        3
    ],
    "rational-text": [
        "I",
        " van",
        " also",
        ".",
        " vanish"
    ],
    "rational-tokens": [
        40,
        5719,
        635,
        13,
        39572
    ],
    "importance-scores": [
        0.06164630874991417,
        0.03009539656341076,
        0.03006124496459961,
        0.03059457242488861,
        0.03026890940964222,
        0.030232055112719536,
        0.030604960396885872,
        0.03017309308052063,
        0.03009316883981228,
        0.030091112479567528,
        0.0300415251404047,
        0.0300951786339283,
        0.030091920867562294,
        0.030162272974848747,
        0.030110599473118782,
        0.030085263773798943,
        0.030074631795287132,
        0.03008953668177128,
        0.030120590701699257,
        0.03011286072432995,
        0.0305660180747509,
        0.03016761690378189,
        0.030127014964818954,
        0.030235085636377335,
        0.030114589259028435,
        0.03009987063705921,
        0.030216721817851067,
        0.03037050925195217,
        0.03050318919122219,
        0.030497977510094643,
        0.031020231544971466,
        0.031235981732606888
    ],
    "comments": {
        "created-by": "run_analogies.py",
        "args": {
            "model": "EleutherAI/gpt-j-6b",
            "cache_dir": "./cache/",
            "tokenizer": "EleutherAI/gpt-j-6b",
            "data_dir": "data/analogies/gpt6b/",
            "importance_results_dir": "rationalization_results/analogies/gpt6b_attention",
            "device": "cuda",
            "rationalization_config": "config/eva_attention.json",
            "input_num_ratio": 1,
            "logfolder": "logs/analogies/gpt6b_attention",
            "loglevel": 20
        },
        "time_elapsed": 0.055796146392822266
    }
}