target_pos,target_token,norm_suff,random_suff,norm_comp,random_comp
45,"
",0.0,0.0,0.10140389204025269,0.13205280900001526
47, think,0.0,0.0,0.0738578662276268,0.04161607846617699
49, was,0.0,0.0,0.04542834311723709,0.042032044380903244
51, a,0.0,0.0,0.03058178350329399,0.03822149336338043
53, bit,0.0029681622982025146,0.0,0.06387830525636673,0.12195824831724167
