target_pos,target_token,norm_suff,random_suff,norm_comp,random_comp
50, Because,0.0351068340241909,0.0,0.09517085552215576,0.10138190537691116
52, was,0.0008353170705959201,0.0,0.03770887479186058,0.05230284109711647
54,.,0.018277928233146667,0.04203149676322937,0.10425816476345062,0.024448169395327568
56,I,0.0,0.0006679879152216017,0.059972312301397324,0.03850216418504715
58, sorry,0.00749816931784153,0.0,0.02472013048827648,0.02382945641875267
