norm_suff_mean,random_suff_mean,norm_comp_mean,random_comp_mean,final suff,final comp,target_tokens
0.012343650683760643,0.00853989738970995,0.06436606496572495,0.048092909157276154,1.4454097747802734,3.8961658477783203, Because$ was$.$I$ sorry
