target_pos,target_token,norm_suff,random_suff,norm_comp,random_comp
76,"
",0.0,0.0,0.04012558236718178,0.022336943075060844
78,I,0.0011732566636055708,0.0,0.040851011872291565,0.04120537266135216
80, shopping,0.0,0.0,0.05713298171758652,0.017752837389707565
82, an,0.0,0.0,0.0025307463947683573,0.004026441369205713
84, mall,0.0009486264316365123,0.0001896656322060153,0.003292971756309271,0.0019371857633814216
