norm_suff_mean,random_suff_mean,norm_comp_mean,random_comp_mean,final suff,final comp,target_tokens
0.00042437660158611834,3.793312862399034e-05,0.028786659240722656,0.017451755702495575,11.187492370605469,41.12327575683594,"
$I$ shopping$ an$ mall"
