target_pos,target_token,norm_suff,random_suff,norm_comp,random_comp
52, She,0.0,0.0,0.06462316960096359,0.10588134825229645
54,'t,0.0,0.0,0.028261322528123856,0.0030145058408379555
56, to,0.0,0.011057532392442226,0.02839447557926178,0.0408625453710556
58, it,0.01670491322875023,0.01818111166357994,0.04001723602414131,0.03149611875414848
60, She,0.0,0.0,0.06028026342391968,0.037683743983507156
