norm_suff_mean,random_suff_mean,norm_comp_mean,random_comp_mean,final suff,final comp,target_tokens
0.003340982599183917,0.005847729276865721,0.04431529343128204,0.04378765448927879,0.5713298916816711,13.106220245361328, She$'t$ to$ it$ She
