target_pos,target_token,norm_suff,random_suff,norm_comp,random_comp
48, Because,0.0,0.0,0.07276923954486847,0.050871558487415314
50, was,0.0,0.0,0.028721950948238373,0.03746206313371658
52,.,0.016027260571718216,0.0,0.05116628110408783,0.08860112726688385
54, was,0.0,0.001123615074902773,0.035750314593315125,0.07608633488416672
56, of,0.00895645935088396,0.005572841968387365,0.04135996475815773,0.08504050970077515
