norm_suff_mean,random_suff_mean,norm_comp_mean,random_comp_mean,final suff,final comp,target_tokens
0.004996743984520435,0.0013392914552241564,0.045953549444675446,0.06761231273412704,3.730886220932007,13.53127384185791, Because$ was$.$ was$ of
