target_pos,target_token,norm_suff,random_suff,norm_comp,random_comp
47, He,0.0,0.0,0.06538423150777817,0.0593821257352829
49, playing,0.0,0.0,0.05618446320295334,0.06164763495326042
51,.,0.009572329930961132,0.06901909410953522,0.04213618114590645,0.08372870832681656
53, got,0.0,0.00027378281811252236,0.04332433640956879,0.0706496611237526
55, spr,0.0,0.0,0.03219475969672203,0.058133091777563095
