norm_suff_mean,random_suff_mean,norm_comp_mean,random_comp_mean,final suff,final comp,target_tokens
0.0019144660327583551,0.01385857630521059,0.047844793647527695,0.06670824438333511,0.13814304769039154,34.84430694580078, He$ playing$.$ got$ spr
