target_pos,target_token,norm_suff,random_suff,norm_comp,random_comp
58, I,0.0,0.0,0.052673157304525375,0.02815697155892849
60, to,0.0,0.004825585056096315,0.047511424869298935,0.0317726731300354
62, it,0.0019323491724207997,0.0023578989785164595,0.04706346243619919,0.03983300179243088
64,.,0.05053937807679176,0.0,0.05135679990053177,0.058854445815086365
66, was,0.0,0.0,0.0410512238740921,0.03301175311207771
