norm_suff_mean,random_suff_mean,norm_comp_mean,random_comp_mean,final suff,final comp,target_tokens
0.010494345799088478,0.0014366967370733619,0.04793121665716171,0.03832576796412468,7.3044962882995605,3.6520397663116455, I$ to$ it$.$ was
