target_pos,target_token,norm_suff,random_suff,norm_comp,random_comp
52, Because,0.0,0.0,0.032787010073661804,0.042727019637823105
54, loved,0.0,0.0,0.0697043389081955,0.06815877556800842
56, play,0.004531749989837408,0.0007769239018671215,0.03150762990117073,0.027376754209399223
58, his,0.0,0.005267634056508541,0.08948215842247009,0.09244503825902939
60,.,0.04226329177618027,0.039056338369846344,0.027281472459435463,0.02272753417491913
