norm_suff_mean,random_suff_mean,norm_comp_mean,random_comp_mean,final suff,final comp,target_tokens
0.009359008632600307,0.009020179510116577,0.05015251785516739,0.050687026232481,1.037563443183899,5.415853977203369, Because$ loved$ play$ his$.
