target_pos,target_token,norm_suff,random_suff,norm_comp,random_comp
69, She,0.0,0.0,0.046127546578645706,0.07272897660732269
71, to,0.05887284129858017,0.008485927246510983,0.05913309380412102,0.021981460973620415
73, a,0.022099098190665245,0.0,0.07324498146772385,0.11939600855112076
75,-,0.0018674948951229453,0.002874359954148531,0.03781251609325409,0.01404242031276226
77,ry,0.004395578056573868,0.000744365737773478,0.004468952305614948,0.0036586648784577847
