norm_suff_mean,random_suff_mean,norm_comp_mean,random_comp_mean,final suff,final comp,target_tokens
0.017447004094719887,0.0024209306575357914,0.04415741562843323,0.04636150598526001,7.2067341804504395,2.657276153564453, She$ to$ a$-$ry
