target_pos,target_token,norm_suff,random_suff,norm_comp,random_comp
63,"
",0.006136087700724602,0.0,0.12495014816522598,0.04479310289025307
65,S,0.0,0.0,0.04883963614702225,0.06040160730481148
67,tha,0.0007966593839228153,0.0006324956775642931,0.0008810085710138083,0.002518335124477744
69, to,0.0,0.0014713418204337358,0.021921532228589058,0.014060110785067081
71, out,0.0004256687534507364,0.0,0.0073938919231295586,0.012381303124129772
