norm_suff_mean,random_suff_mean,norm_comp_mean,random_comp_mean,final suff,final comp,target_tokens
0.0014716832665726542,0.0004207674937788397,0.040797244757413864,0.026830894872546196,3.4976162910461426,18.231433868408203,"
$S$tha$ to$ out"
