target_pos,target_token,norm_suff,random_suff,norm_comp,random_comp
56,"
",0.0,0.0,0.08537685871124268,0.0840773805975914
58,M,0.00025207307771779597,0.002490157727152109,0.050653256475925446,0.05569034814834595
60,a,0.0012084220070391893,0.0014314838917925954,0.008015724830329418,0.009476477280259132
62, her,0.0,6.287809242166986e-07,0.021353986114263535,0.05177098512649536
64, to,0.01104758307337761,0.0,0.008914717473089695,0.010293624363839626
