norm_suff_mean,random_suff_mean,norm_comp_mean,random_comp_mean,final suff,final comp,target_tokens
0.0025016155559569597,0.0007844541105441749,0.034862909466028214,0.0422617606818676,3.1889889240264893,16.893787384033203,"
$M$a$ her$ to"
