target_pos,target_token,norm_suff,random_suff,norm_comp,random_comp
54, Because,0.0,0.026215439662337303,0.04635491967201233,0.029603376984596252
56, was,0.0,0.0,0.0628502145409584,0.04915681481361389
58, good,0.0,0.0,0.06747027486562729,0.0715116485953331
60,.,0.045089222490787506,0.043995801359415054,0.03921826183795929,0.023565499112010002
62, was,0.0,0.0,0.042346399277448654,0.03789302334189415
