norm_suff_mean,random_suff_mean,norm_comp_mean,random_comp_mean,final suff,final comp,target_tokens
0.009017844684422016,0.014042248018085957,0.05164801701903343,0.04234607145190239,0.6421937942504883,4.695808410644531, Because$ was$ good$.$ was
