target_pos,target_token,norm_suff,random_suff,norm_comp,random_comp
68,"
",0.0,0.0,0.0595463365316391,0.029624734073877335
70,Mary,0.0,0.0,0.06120165437459946,0.08708609640598297
72, a,0.0,0.0,0.07918659597635269,0.09990718960762024
74, student,0.0017616592813283205,0.0,0.08797700703144073,0.05032682791352272
76, She,0.018888436257839203,0.0,0.022107457742094994,0.031256239861249924
