target_pos,target_token,norm_suff,random_suff,norm_comp,random_comp
57,"
",0.03680640459060669,0.01942739263176918,0.06714524328708649,0.059672340750694275
59,Matt,0.0,0.0,0.06936830282211304,0.08267048746347427
61, Sarah,0.005259562749415636,0.0,0.017814334481954575,0.02726389840245247
63, to,0.0010785374324768782,0.000360116217052564,0.021877113729715347,0.021745873615145683
65, it,0.014055188745260239,0.0,0.093690425157547,0.06279446184635162
