norm_suff_mean,random_suff_mean,norm_comp_mean,random_comp_mean,final suff,final comp,target_tokens
0.01143993902951479,0.003957502078264952,0.05397908762097359,0.050829410552978516,2.8906970024108887,4.4431538581848145,"
$Matt$ Sarah$ to$ it"
