target_pos,target_token,norm_suff,random_suff,norm_comp,random_comp
55,	,0.010969039984047413,0.0,0.05688181146979332,0.09643149375915527
57, she,0.0,0.0022025746293365955,0.05822605639696121,0.04717503860592842
59, a,0.008724353276193142,0.0,0.0817883163690567,0.06959866732358932
61,.,0.07759259641170502,0.03402326628565788,0.034783169627189636,0.07396358996629715
63,Why,0.0,0.0,0.10846130549907684,0.11411762982606888
