norm_suff_mean,random_suff_mean,norm_comp_mean,random_comp_mean,final suff,final comp,target_tokens
0.019457198679447174,0.007245168089866638,0.06802813708782196,0.08025728911161423,2.6855413913726807,4.124812126159668,	$ she$ a$.$Why
