target_pos,target_token,norm_suff,random_suff,norm_comp,random_comp
44,	,0.0,0.0,0.06820749491453171,0.07374533265829086
46, she,0.002342471620067954,0.018195683136582375,0.05422123149037361,0.07824960350990295
48, a,0.006698723416775465,0.0,0.0787944570183754,0.09524482488632202
50,.,0.04030861333012581,0.0,0.04838060215115547,0.03482867404818535
52,She,0.0,0.0,0.0671904906630516,0.10547872632741928
