norm_suff_mean,random_suff_mean,norm_comp_mean,random_comp_mean,final suff,final comp,target_tokens
0.009869961999356747,0.0036391366738826036,0.0633588582277298,0.07750942558050156,2.7121713161468506,7.853062152862549,	$ she$ a$.$She
