target_pos,target_token,norm_suff,random_suff,norm_comp,random_comp
57,	,0.0,0.0,0.1693015843629837,0.07402200996875763
59, was,0.0,0.0,0.036270871758461,0.1006968691945076
61, ball,0.003109594341367483,0.005752417258918285,0.02796793356537819,0.03904877230525017
63, his,0.0005527314497157931,0.011013388633728027,0.019883351400494576,0.029199566692113876
65,.,0.04413972795009613,0.0018375550862401724,0.014895963482558727,0.015027427114546299
