norm_suff_mean,random_suff_mean,norm_comp_mean,random_comp_mean,final suff,final comp,target_tokens
0.009560410864651203,0.003720672568306327,0.053663939237594604,0.0515989325940609,2.5695383548736572,5.397145748138428,	$ was$ ball$ his$.
