target_pos,target_token,norm_suff,random_suff,norm_comp,random_comp
51, Because,0.0,0.0016385515918955207,0.05153694003820419,0.03639218583703041
53, wanted,0.0,0.0,0.04417601227760315,0.02628226764500141
55, paint,0.00026221617008559406,0.009317406453192234,0.039140813052654266,0.03484781086444855
57, bedroom,0.0,0.0014173474628478289,0.04296800121665001,0.039134759455919266
59,.,0.025696054100990295,0.06064559891819954,0.03436094895005226,0.035357072949409485
