norm_suff_mean,random_suff_mean,norm_comp_mean,random_comp_mean,final suff,final comp,target_tokens
0.0051916539669036865,0.014603780582547188,0.042436543852090836,0.034402817487716675,0.3555006682872772,6.626562118530273, Because$ wanted$ paint$ bedroom$.
