target_pos,target_token,norm_suff,random_suff,norm_comp,random_comp
64, She,0.0,0.0,0.11207373440265656,0.04418176785111427
66, hungry,0.009973506443202496,0.0,0.04940090700984001,0.038888875395059586
68,"
",0.0,0.0,0.12270373851060867,0.05345647782087326
70,Ann,0.0,0.0,0.05864151939749718,0.06534752249717712
72, so,0.0,0.0,0.0496646985411644,0.050746601074934006
