target_pos,target_token,norm_suff,random_suff,norm_comp,random_comp
52, She,0.0,0.0,0.08714795112609863,0.04958828538656235
54, at,0.0,0.02517649531364441,0.05690377578139305,0.05451243370771408
56, beach,0.0,0.0,0.04697709530591965,0.05163446068763733
58, her,0.0,0.0,0.05052824318408966,0.045440495014190674
60,.,0.03773728385567665,0.015611578710377216,0.06402890384197235,0.04040009155869484
