norm_suff_mean,random_suff_mean,norm_comp_mean,random_comp_mean,final suff,final comp,target_tokens
0.00754745677113533,0.00815761461853981,0.06111719831824303,0.04831515625119209,0.9252038598060608,6.401515007019043, She$ at$ beach$ her$.
