target_pos,target_token,norm_suff,random_suff,norm_comp,random_comp
57, Because,0.0,0.0,0.06516984850168228,0.03860711306333542
59, was,0.0,0.0,0.0340837724506855,0.049970123916864395
61, kid,0.0006775516667403281,0.0,0.04773150756955147,0.046812839806079865
63,"
",0.0,0.0,0.02802347205579281,0.03416897729039192
65,'m,0.0037666906137019396,0.0,0.02289418876171112,0.02337687835097313
