target_pos,target_token,norm_suff,random_suff,norm_comp,random_comp
49, Chris,0.0,0.0,0.05810226872563362,0.03496232256293297
51, struggling,0.0,0.007798995357006788,0.09754379093647003,0.08045065402984619
53, English,0.0008926301379688084,0.0029793702997267246,0.02080453932285309,0.02582933008670807
55,.,0.040482740849256516,0.0257024597376585,0.016532370820641518,0.01588451862335205
57, decided,0.000446043792180717,0.0,0.03447141498327255,0.012743566185235977
