norm_suff_mean,random_suff_mean,norm_comp_mean,random_comp_mean,final suff,final comp,target_tokens
0.008364283479750156,0.007296164985746145,0.04549087956547737,0.03397407755255699,1.1463944911956787,4.061803817749023, Chris$ struggling$ English$.$ decided
