target_pos,target_token,norm_suff,random_suff,norm_comp,random_comp
60,"
",0.04265771433711052,0.0,0.11618896573781967,0.06091170758008957
62,Tim,0.0018491005757823586,0.0,0.08695953339338303,0.08787886798381805
64, a,0.0,0.0,0.06658226251602173,0.06759323924779892
66, good,0.0,0.005271065514534712,0.04347231611609459,0.037163108587265015
68,.,0.04736563563346863,0.003561342367902398,0.016296738758683205,0.042954716831445694
