norm_suff_mean,random_suff_mean,norm_comp_mean,random_comp_mean,final suff,final comp,target_tokens
0.0183744914829731,0.0017664816696196795,0.06589996069669724,0.05930032953619957,10.401744842529297,3.227318048477173,"
$Tim$ a$ good$."
