target_pos,target_token,norm_suff,random_suff,norm_comp,random_comp
54,"
",0.0,0.0,0.06558065861463547,0.060773663222789764
56,Tim,0.0,0.0003476943529676646,0.054352305829524994,0.06541705876588821
58, Stan,0.002808402292430401,0.0,0.026516584679484367,0.030047060921788216
60, in,0.025400299578905106,0.021311689168214798,0.052776698023080826,0.033018600195646286
62, ice,0.0,0.0,0.021761449053883553,0.006051786709576845
