norm_suff_mean,random_suff_mean,norm_comp_mean,random_comp_mean,final suff,final comp,target_tokens
0.005641740746796131,0.004331876989454031,0.04419754073023796,0.03906163200736046,1.3023778200149536,6.923684120178223,"
$Tim$ Stan$ in$ ice"
