target_pos,target_token,norm_suff,random_suff,norm_comp,random_comp
65, Because,0.0,0.0,0.0956353098154068,0.04486658051609993
67, were,0.0,0.0,0.04632944613695145,0.027547156438231468
69, of,0.0013006756780669093,0.0014689452946186066,0.02016134187579155,0.05009844899177551
71, foreigners,0.0,0.0,0.07863073796033859,0.09002575278282166
73,"
",0.018942782655358315,0.030596159398555756,0.03210977837443352,0.04094509780406952
