norm_suff_mean,random_suff_mean,norm_comp_mean,random_comp_mean,final suff,final comp,target_tokens
0.004048691596835852,0.006413021124899387,0.05457332357764244,0.05069660767912865,0.6313235759735107,12.521726608276367," Because$ were$ of$ foreigners$
"
