{
    "$schema": "../docs/rationalization.schema.json",
    "id": 0,
    "input-text": [
        "</s>",
        "When",
        " my",
        " flight",
        " landed",
        " in",
        " Russia",
        ",",
        " I",
        " converted",
        " my",
        " currency",
        " and",
        " slowly",
        " fell",
        " asleep",
        ".",
        " (",
        "I",
        " had",
        " a",
        " terrifying",
        " dream",
        " about",
        " my",
        " grandmother",
        ",",
        " but",
        " that",
        "'s",
        " a",
        " story",
        " for",
        " another",
        " time",
        ").",
        " I",
        " was",
        " staying",
        " in",
        " the",
        " capital",
        ","
    ],
    "input-tokens": [
        2,
        1779,
        127,
        2524,
        5932,
        11,
        798,
        6,
        38,
        8417,
        127,
        2593,
        8,
        5764,
        1064,
        15028,
        4,
        36,
        100,
        56,
        10,
        15567,
        3366,
        59,
        127,
        8853,
        6,
        53,
        14,
        18,
        10,
        527,
        13,
        277,
        86,
        322,
        38,
        21,
        4959,
        11,
        5,
        812,
        6
    ],
    "target-text": " Moscow",
    "target-token": 3467,
    "rational-size": 16,
    "rational-positions": [
        0,
        1,
        2,
        3,
        4,
        5,
        6,
        8,
        22,
        34,
        35,
        36,
        37,
        38,
        40,
        41
    ],
    "rational-text": [
        "</s>",
        "When",
        " my",
        " flight",
        " landed",
        " in",
        " Russia",
        " I",
        " dream",
        " time",
        ").",
        " I",
        " was",
        " staying",
        " the",
        " capital"
    ],
    "rational-tokens": [
        2,
        1779,
        127,
        2524,
        5932,
        11,
        798,
        38,
        3366,
        86,
        322,
        38,
        21,
        4959,
        5,
        812
    ],
    "importance-scores": [
        9.400764671915751e-13,
        1.1822751666556996e-08,
        1.9733129969558874e-28,
        6.520185702564801e-40,
        2.4093701587846613e-39,
        3.770304381200962e-13,
        0.9493595361709595,
        0.0,
        0.04865725338459015,
        0.0,
        1.6814899980324757e-37,
        6.675180742608829e-26,
        2.5223372357846707e-44,
        6.484872864049121e-28,
        9.641907777026554e-31,
        8.298489505731567e-42,
        3.4103400726273073e-40,
        1.1961483691476639e-41,
        5.333661913894256e-27,
        7.839983527165715e-38,
        0.0,
        1.2878711806755504e-20,
        1.401298464324817e-45,
        1.421999484460038e-24,
        4.1952073424956373e-41,
        1.0672769125076074e-25,
        0.0,
        9.350963521243231e-31,
        1.9673826912210146e-13,
        2.0269150653940615e-30,
        3.7391766444420996e-35,
        0.0,
        2.7216398910636557e-15,
        0.0,
        4.050795610055502e-07,
        2.350484715717138e-13,
        1.2780142883642848e-13,
        2.037278787828199e-29,
        7.835254321625978e-26,
        5.963544729566762e-17,
        0.001982747344300151,
        4.824126520475147e-08,
        1.1935350299663418e-32
    ],
    "comments": {
        "created-by": "run_analogies.py",
        "args": {
            "model": "KoboldAI/OPT-6.7B-Erebus",
            "cache_dir": "cache/",
            "tokenizer": "KoboldAI/OPT-6.7B-Erebus",
            "data_dir": "data/analogies/OPT6B/",
            "importance_results_dir": "rationalization_results/analogies/OPT6B_ours/top3_replace0.3_max3000_batch8",
            "device": "cuda",
            "rationalization_config": "config/OPT6B/top3_replace0.3_max3000_batch8.json",
            "input_num_ratio": 1.0,
            "logfolder": "logs/analogies/OPT6B_ours/top3_replace0.3_max3000_batch8",
            "loglevel": 20
        },
        "time_elapsed": 1938.3042483329773,
        "separate_rational": [
            [
                " capital",
                " flight",
                " in",
                "When",
                " for",
                "</s>",
                " my",
                " landed"
            ],
            [
                " in",
                " Russia",
                " staying",
                " capital",
                " I",
                ").",
                " grandmother",
                " the"
            ],
            [
                " Russia",
                " I",
                " capital",
                " I",
                "I",
                " the",
                " staying",
                " was"
            ],
            [
                " capital",
                " asleep",
                " Russia",
                " but",
                " staying",
                " the",
                " converted",
                " dream"
            ],
            [
                " Russia",
                " I",
                " the",
                " time",
                " capital",
                "When",
                "</s>",
                " in"
            ],
            [
                " Russia",
                "</s>",
                "When",
                " my",
                " flight",
                " landed",
                " in",
                ","
            ],
            [
                " the",
                " Russia",
                " staying",
                " time",
                " terrifying",
                " capital",
                ").",
                " was"
            ],
            [
                " Russia",
                " dream",
                " my",
                " a",
                " in",
                ").",
                " the",
                " flight"
            ]
        ]
    }
}