{
    "$schema": "../docs/rationalization.schema.json",
    "id": 17,
    "input-text": [
        "</s>",
        "Every",
        " other",
        " day",
        ",",
        " it",
        " started",
        " seeing",
        " in",
        " the",
        " morning",
        ".",
        " (",
        "I",
        " tried",
        " to",
        " remember",
        " the",
        " name",
        " of",
        " the",
        " woman",
        " at",
        " the",
        " bar",
        ").",
        " But",
        " today",
        ",",
        " it",
        " did",
        " not"
    ],
    "input-tokens": [
        2,
        7682,
        97,
        183,
        6,
        24,
        554,
        1782,
        11,
        5,
        662,
        4,
        36,
        100,
        1381,
        7,
        2145,
        5,
        766,
        9,
        5,
        693,
        23,
        5,
        2003,
        322,
        125,
        452,
        6,
        24,
        222,
        45
    ],
    "target-text": " see",
    "target-token": 192,
    "rational-size": 18,
    "rational-positions": [
        0,
        3,
        5,
        6,
        7,
        10,
        11,
        13,
        16,
        17,
        18,
        20,
        21,
        22,
        23,
        27,
        30,
        31
    ],
    "rational-text": [
        "</s>",
        " day",
        " it",
        " started",
        " seeing",
        " morning",
        ".",
        "I",
        " remember",
        " the",
        " name",
        " the",
        " woman",
        " at",
        " the",
        " today",
        " did",
        " not"
    ],
    "rational-tokens": [
        2,
        183,
        24,
        554,
        1782,
        662,
        4,
        100,
        2145,
        5,
        766,
        5,
        693,
        23,
        5,
        452,
        222,
        45
    ],
    "importance-scores": [
        0.08114192634820938,
        0.004184160381555557,
        0.0007119417423382401,
        0.13464637100696564,
        0.01114095002412796,
        0.006091873161494732,
        0.09395765513181686,
        0.08542406558990479,
        0.005596078932285309,
        0.0006292400066740811,
        0.02091275528073311,
        0.022310439497232437,
        0.0012002709554508328,
        0.003789130598306656,
        0.001674914383329451,
        0.07792527228593826,
        0.005041836760938168,
        0.017534693703055382,
        0.005691695958375931,
        0.003411194309592247,
        0.00398299703374505,
        0.04924196004867554,
        0.025079891085624695,
        0.017435070127248764,
        0.00259009120054543,
        0.0020145177841186523,
        0.0020137655083090067,
        0.02149835042655468,
        0.001363410847261548,
        0.002267091767862439,
        0.14820149540901184,
        0.14129485189914703
    ],
    "comments": {
        "created-by": "run_analogies.py",
        "args": {
            "model": "KoboldAI/OPT-6.7B-Erebus",
            "cache_dir": "cache/",
            "tokenizer": "KoboldAI/OPT-6.7B-Erebus",
            "data_dir": "data/analogies/OPT6B/",
            "importance_results_dir": "rationalization_results/analogies/OPT6B_ours/top3_replace0.3_max3000_batch8",
            "device": "cuda",
            "rationalization_config": "config/OPT6B/top3_replace0.3_max3000_batch8.json",
            "input_num_ratio": 1.0,
            "logfolder": "logs/analogies/OPT6B_ours/top3_replace0.3_max3000_batch8",
            "loglevel": 20
        },
        "time_elapsed": 258.5051848888397,
        "separate_rational": [
            [
                " did",
                " day",
                " today",
                " it",
                ".",
                " not",
                " the",
                " But"
            ],
            [
                " started",
                " morning",
                " day",
                " name",
                " the",
                ",",
                " did",
                " not"
            ],
            [
                "</s>",
                " today",
                " the",
                " seeing",
                " not",
                ",",
                " started",
                " did"
            ],
            [
                " at",
                ".",
                " did",
                " the",
                "Every",
                " not",
                " name",
                "I"
            ],
            [
                " not",
                " remember",
                " woman",
                "I",
                " today",
                " seeing",
                " the",
                " other"
            ],
            [
                " day",
                " the",
                " not",
                " (",
                " remember",
                " today",
                " did",
                " it"
            ],
            [
                " seeing",
                "</s>",
                " in",
                " name",
                " the",
                " not",
                " morning",
                " tried"
            ],
            [
                " to",
                " woman",
                " it",
                " at",
                " seeing",
                " it",
                " not",
                " did"
            ]
        ]
    }
}