{
    "$schema": "../docs/rationalization.schema.json",
    "id": 18,
    "input-text": [
        "</s>",
        "Every",
        " other",
        " day",
        ",",
        " it",
        " started",
        " writing",
        " in",
        " the",
        " morning",
        ".",
        " (",
        "I",
        " tried",
        " to",
        " remember",
        " the",
        " name",
        " of",
        " the",
        " woman",
        " at",
        " the",
        " bar",
        ").",
        " But",
        " today",
        ",",
        " it",
        " did",
        " not"
    ],
    "input-tokens": [
        2,
        7682,
        97,
        183,
        6,
        24,
        554,
        2410,
        11,
        5,
        662,
        4,
        36,
        100,
        1381,
        7,
        2145,
        5,
        766,
        9,
        5,
        693,
        23,
        5,
        2003,
        322,
        125,
        452,
        6,
        24,
        222,
        45
    ],
    "target-text": " write",
    "target-token": 3116,
    "rational-size": 15,
    "rational-positions": [
        2,
        5,
        6,
        7,
        8,
        9,
        10,
        12,
        22,
        24,
        25,
        26,
        27,
        30,
        31
    ],
    "rational-text": [
        " other",
        " it",
        " started",
        " writing",
        " in",
        " the",
        " morning",
        " (",
        " at",
        " bar",
        ").",
        " But",
        " today",
        " did",
        " not"
    ],
    "rational-tokens": [
        97,
        24,
        554,
        2410,
        11,
        5,
        662,
        36,
        23,
        2003,
        322,
        125,
        452,
        222,
        45
    ],
    "importance-scores": [
        0.0019370157970115542,
        5.167026029084809e-05,
        0.1422611027956009,
        3.4214265269838506e-06,
        2.3713297991889704e-08,
        2.956115174868046e-08,
        5.913906586663131e-10,
        0.18791253864765167,
        2.5605027076380793e-06,
        2.878483371659968e-07,
        0.0007113387691788375,
        2.5412452941964148e-06,
        0.1428571492433548,
        1.5905154214124195e-05,
        4.188269144833612e-07,
        1.7486869835188837e-14,
        0.04983912780880928,
        2.3840116227802355e-06,
        0.0687614157795906,
        8.518442882632371e-06,
        1.184128489706282e-10,
        2.557654310564317e-09,
        0.00018303189426660538,
        0.00011896240903297439,
        1.9037176457459282e-07,
        0.14214573800563812,
        4.3452662794152275e-05,
        1.0381972970208153e-07,
        1.6700478500109028e-10,
        1.2869796783832044e-08,
        0.12013112008571625,
        0.14300993084907532
    ],
    "comments": {
        "created-by": "run_analogies.py",
        "args": {
            "model": "KoboldAI/OPT-6.7B-Erebus",
            "cache_dir": "cache/",
            "tokenizer": "KoboldAI/OPT-6.7B-Erebus",
            "data_dir": "data/analogies/OPT6B/",
            "importance_results_dir": "rationalization_results/analogies/OPT6B_ours/top3_replace0.3_max3000_batch8",
            "device": "cuda",
            "rationalization_config": "config/OPT6B/top3_replace0.3_max3000_batch8.json",
            "input_num_ratio": 1.0,
            "logfolder": "logs/analogies/OPT6B_ours/top3_replace0.3_max3000_batch8",
            "loglevel": 20
        },
        "time_elapsed": 1446.9236416816711,
        "separate_rational": [
            [
                " did",
                " today",
                " started",
                ",",
                ").",
                " bar",
                " But",
                " not"
            ],
            [
                " (",
                " started",
                " not",
                " did",
                " it",
                " today",
                ").",
                " writing"
            ],
            [
                ").",
                " morning",
                " today",
                " did",
                " other",
                " started",
                " writing",
                " day"
            ],
            [
                " not",
                " today",
                " But",
                " it",
                " (",
                " did",
                " writing",
                " to"
            ],
            [
                " did",
                " remember",
                " not",
                " it",
                " at",
                " writing",
                " in",
                " today"
            ],
            [
                " writing",
                "I",
                " morning",
                " woman",
                " the",
                " did",
                "Every",
                " in"
            ],
            [
                " other",
                " did",
                " writing",
                " not",
                " the",
                " bar",
                " it",
                " started"
            ],
            [
                " name",
                " writing",
                " did",
                "</s>",
                " at",
                " not",
                " the",
                " other"
            ]
        ]
    }
}