{
    "$schema": "../docs/rationalization.schema.json",
    "id": 27,
    "input-text": [
        "</s>",
        "I",
        " had",
        " never",
        " been",
        " friends",
        " with",
        " any",
        " Italian",
        " people",
        " before",
        ".",
        " (",
        "The",
        " funn",
        "iest",
        " thing",
        " happened",
        " to",
        " me",
        " the",
        " other",
        " day",
        ",",
        " but",
        " that",
        "'s",
        " a",
        " story",
        " for",
        " another",
        " time",
        ").",
        " In",
        " fact",
        ",",
        " I",
        " had",
        " never",
        " even",
        " been",
        " to"
    ],
    "input-tokens": [
        2,
        100,
        56,
        393,
        57,
        964,
        19,
        143,
        3108,
        82,
        137,
        4,
        36,
        133,
        29310,
        7098,
        631,
        1102,
        7,
        162,
        5,
        97,
        183,
        6,
        53,
        14,
        18,
        10,
        527,
        13,
        277,
        86,
        322,
        96,
        754,
        6,
        38,
        56,
        393,
        190,
        57,
        7
    ],
    "target-text": " Italy",
    "target-token": 2627,
    "rational-size": 15,
    "rational-positions": [
        0,
        1,
        2,
        3,
        4,
        5,
        6,
        8,
        22,
        32,
        34,
        37,
        38,
        39,
        40
    ],
    "rational-text": [
        "</s>",
        "I",
        " had",
        " never",
        " been",
        " friends",
        " with",
        " Italian",
        " day",
        ").",
        " fact",
        " had",
        " never",
        " even",
        " been"
    ],
    "rational-tokens": [
        2,
        100,
        56,
        393,
        57,
        964,
        19,
        3108,
        183,
        322,
        754,
        56,
        393,
        190,
        57
    ],
    "importance-scores": [
        5.646521916702341e-09,
        2.041520273436596e-23,
        2.545885624492233e-22,
        7.21100041159152e-24,
        3.6432309295073166e-19,
        6.132872889895921e-24,
        0.0004926518304273486,
        5.007085054712423e-26,
        0.6666646003723145,
        0.00012029692152282223,
        3.3827681431302544e-18,
        6.106578815855962e-17,
        4.3261967381647867e-19,
        1.6005576922964622e-14,
        1.2197610967261915e-20,
        1.020135734377094e-14,
        4.622073557225548e-11,
        3.2929917473389914e-12,
        3.692832453047541e-18,
        9.517096570426866e-29,
        1.4372802427387033e-11,
        1.1847603146209352e-14,
        1.7207327784873883e-09,
        8.401684334310739e-16,
        1.1253675766753694e-16,
        2.7457363459721016e-19,
        4.069867273054362e-14,
        1.7468026823411185e-25,
        8.886646166118492e-17,
        5.945915203008595e-21,
        6.7430257386862305e-25,
        3.443406628935539e-22,
        2.3417086412319543e-12,
        1.9062711440872847e-22,
        0.0006146091036498547,
        1.7648680161530356e-24,
        5.1318149729695506e-08,
        0.16521257162094116,
        0.16667300462722778,
        3.947494633393944e-07,
        0.0002217990841018036,
        1.031659291328424e-08
    ],
    "comments": {
        "created-by": "run_analogies.py",
        "args": {
            "model": "KoboldAI/OPT-6.7B-Erebus",
            "cache_dir": "cache/",
            "tokenizer": "KoboldAI/OPT-6.7B-Erebus",
            "data_dir": "data/analogies/OPT6B/",
            "importance_results_dir": "rationalization_results/analogies/OPT6B_ours/top3_replace0.3_max3000_batch8",
            "device": "cuda",
            "rationalization_config": "config/OPT6B/top3_replace0.3_max3000_batch8.json",
            "input_num_ratio": 1.0,
            "logfolder": "logs/analogies/OPT6B_ours/top3_replace0.3_max3000_batch8",
            "loglevel": 20
        },
        "time_elapsed": 1931.5878367424011,
        "separate_rational": [
            [
                " Italian",
                " any",
                " day",
                " had",
                " never",
                ").",
                " been",
                " never"
            ],
            [
                " Italian",
                "</s>",
                "I",
                " had",
                " never",
                " been",
                " friends",
                " with"
            ],
            [
                " Italian",
                " never",
                " I",
                " to",
                " day",
                ").",
                " been",
                " even"
            ],
            [
                " never",
                " been",
                " fact",
                " Italian",
                ").",
                ".",
                " that",
                " another"
            ],
            [
                " been",
                " Italian",
                "</s>",
                "I",
                " had",
                " never",
                " been",
                " friends"
            ],
            [
                " had",
                " fact",
                " with",
                " been",
                " people",
                " Italian",
                " even",
                "</s>"
            ],
            [
                " Italian",
                "</s>",
                "I",
                " had",
                " never",
                " been",
                " friends",
                " with"
            ],
            [
                " Italian",
                "</s>",
                "I",
                " had",
                " never",
                " been",
                " friends",
                " with"
            ]
        ]
    }
}