target_pos,target_token,norm_suff,random_suff,norm_comp,random_comp
44, Because,0.009991690516471863,0.011742508970201015,0.00938468985259533,0.018008053302764893
46, was,0.008139480836689472,0.0,0.005945525132119656,0.007371386978775263
48, good,0.0,0.006832147482782602,0.021632160991430283,0.007705767173320055
50,.,0.010389706119894981,0.0,0.0055833361111581326,0.005273808725178242
52, was,0.004701582714915276,0.0005735302693210542,0.008320172317326069,0.004593315068632364
