norm_suff_mean,random_suff_mean,norm_comp_mean,random_comp_mean,final suff,final comp,target_tokens
0.006644492037594318,0.003829637309536338,0.010173178277909756,0.00859046634286642,1.7350186109542847,1.292870283126831, Because$ was$ good$.$ was
