target_pos,target_token,norm_suff,random_suff,norm_comp,random_comp
49, I,0.0,0.0007991220336407423,0.0055416664108633995,0.004245511721819639
51,'t,0.0002492331259418279,0.0,0.0002598833234515041,0.0002961273421533406
53,.,0.0,0.0037994086742401123,0.013208705931901932,0.009709835983812809
55, was,0.002440007636323571,0.0034812865778803825,0.006588965188711882,0.00521266832947731
57, happy,0.00780604500323534,0.005147741641849279,0.012487874366343021,0.00919650960713625
