norm_suff_mean,random_suff_mean,norm_comp_mean,random_comp_mean,final suff,final comp,target_tokens
0.0020990571938455105,0.0026455118786543608,0.007617419119924307,0.005732130259275436,0.7934408783912659,2.730811834335327, I$'t$.$ was$ happy
