target_pos,target_token,norm_suff,random_suff,norm_comp,random_comp
75, I,0.0,0.0023139826953411102,0.003184081520885229,0.0031749915797263384
77, I,0.0011322415666654706,0.0,0.00406815716996789,0.005692766979336739
79, don,0.002747048158198595,0.0011530715273693204,0.0038073593750596046,0.0038887483533471823
81, know,0.0,0.001736077363602817,0.002927280031144619,0.002208807971328497
83, to,0.00037990600685589015,0.0,0.0026400028727948666,0.00310910795815289
