norm_suff_mean,random_suff_mean,norm_comp_mean,random_comp_mean,final suff,final comp,target_tokens
0.0008518391405232251,0.0010406263172626495,0.0033253764268010855,0.0036148845683783293,0.8185831308364868,4.24362325668335, I$ I$ don$ know$ to
