target_pos,target_token,norm_suff,random_suff,norm_comp,random_comp
51, She,0.0005785970133729279,0.0,0.010751727037131786,0.006060043349862099
53,'t,0.0010524693643674254,0.0006081240135245025,9.377555397804826e-05,0.0003347753081470728
55,.,0.007468856405466795,0.0,0.006189867854118347,0.004785128869116306
57, just,0.004956903867423534,0.0,0.006103594321757555,0.005563787650316954
59, that,0.0,0.0,0.005340576637536287,0.0048607112839818
