norm_suff_mean,random_suff_mean,norm_comp_mean,random_comp_mean,final suff,final comp,target_tokens
0.00281136529520154,0.00012162480561528355,0.005695908330380917,0.004320889245718718,23.11506462097168,1.5369362831115723, She$'t$.$ just$ that
