target_pos,target_token,norm_suff,random_suff,norm_comp,random_comp
47, She,0.008973243646323681,0.004173595923930407,0.0068885283544659615,0.007690667640417814
49, going,0.0049902573227882385,0.0007991581223905087,0.012433725409209728,0.008756542578339577
51, the,0.0038588892202824354,0.0,0.007210817653685808,0.005246135871857405
53, to,0.028583543375134468,0.014675077982246876,0.020802978426218033,0.00955241546034813
55, her,0.0,0.0,0.010777660645544529,0.007541202008724213
