norm_suff_mean,random_suff_mean,norm_comp_mean,random_comp_mean,final suff,final comp,target_tokens
0.009281187318265438,0.003929566591978073,0.01162274181842804,0.0077573927119374275,2.3618857860565186,0.8358190059661865, She$ going$ the$ to$ her
