target_pos,target_token,norm_suff,random_suff,norm_comp,random_comp
46, Because,0.003224198007956147,0.001896330271847546,0.006415719166398048,0.004762773402035236
48, was,0.004159439355134964,0.01359923928976059,0.005381939001381397,0.002727922983467579
50,.,0.006922222673892975,0.01296708732843399,0.011497227475047112,0.005436340346932411
52, was,0.007402532268315554,0.0049804020673036575,0.005517647136002779,0.004075843840837479
54, of,0.0035662450827658176,0.005339167080819607,0.007702425122261047,0.005606073420494795
