norm_suff_mean,random_suff_mean,norm_comp_mean,random_comp_mean,final suff,final comp,target_tokens
0.00505492789670825,0.007756445091217756,0.007302992045879364,0.0045217908918857574,0.6517068147659302,0.89453125, Because$ was$.$ was$ of
