target_pos,target_token,norm_suff,random_suff,norm_comp,random_comp
57, I,0.0,0.0,0.0030036992393434048,0.0037974619772285223
59, to,0.006635489873588085,0.004247084725648165,0.0035344348289072514,0.0037325506564229727
61, a,0.0,0.0,0.013570588082075119,0.00839773379266262
63,.,0.0,0.004598170518875122,0.003778128419071436,0.005170763470232487
65, sat,0.002148187253624201,0.0009005281608551741,0.0019295148085802794,0.0008230063831433654
