norm_suff_mean,random_suff_mean,norm_comp_mean,random_comp_mean,final suff,final comp,target_tokens
0.0017567354952916503,0.0019491566345095634,0.005163272842764854,0.0043843029998242855,0.9012798070907593,2.4957103729248047, I$ to$ a$.$ sat
