target_pos,target_token,norm_suff,random_suff,norm_comp,random_comp
51, Because,0.0021017424296587706,0.0,0.006115212105214596,0.006690859328955412
53, loved,0.000956764561124146,0.0,0.00846010260283947,0.006149034947156906
55, dog,5.050873369327746e-05,0.006590514909476042,0.009447350166738033,0.008001078851521015
57,"
",0.0031006750650703907,0.004172767046838999,0.007157774176448584,0.006011991761624813
59,The,0.0033666330855339766,0.0007172077894210815,0.005151357967406511,0.006622121203690767
