norm_suff_mean,random_suff_mean,norm_comp_mean,random_comp_mean,final suff,final comp,target_tokens
0.0019152647582814097,0.002296098042279482,0.0072663589380681515,0.006695017218589783,0.8341389298439026,3.4956092834472656," Because$ loved$ dog$
$The"
