target_pos,target_token,norm_suff,random_suff,norm_comp,random_comp
68, She,0.0,0.005988236982375383,0.014570585452020168,0.0077005368657410145
70, to,0.001866339473053813,0.0,0.004215557593852282,0.005207735579460859
72, a,0.012183547019958496,0.0,0.008472169749438763,0.005205797962844372
74, meal,0.01225917786359787,0.002393401460722089,0.02162165194749832,0.00593865942209959
76, her,0.003571070497855544,0.0025095681194216013,0.0034321309067308903,0.0037847955245524645
