norm_suff_mean,random_suff_mean,norm_comp_mean,random_comp_mean,final suff,final comp,target_tokens
0.005976026877760887,0.002178241265937686,0.01046242006123066,0.005567505490034819,2.7435100078582764,0.9316399693489075, She$ to$ a$ meal$ her
