target_pos,target_token,norm_suff,random_suff,norm_comp,random_comp
62, She,0.0,0.0018927912460640073,0.006845840252935886,0.005802311468869448
64, to,0.0028559891507029533,0.004300137050449848,0.0027461787685751915,0.0022510038688778877
66, out,0.001844313577748835,0.0051981317810714245,0.003401331137865782,0.0025252127088606358
68, cheer,0.0027535122353583574,0.001181607018224895,0.005354487337172031,0.006615498568862677
70,.,0.02932818979024887,0.007769478019326925,0.006766507402062416,0.004009499214589596
