norm_suff_mean,random_suff_mean,norm_comp_mean,random_comp_mean,final suff,final comp,target_tokens
0.007356401067227125,0.0040684291161596775,0.005022868979722261,0.004240705166012049,1.8081674575805664,0.5764646530151367, She$ to$ out$ cheer$.
