target_pos,target_token,norm_suff,random_suff,norm_comp,random_comp
55, Because,0.008705652318894863,0.0021844469010829926,0.005578246433287859,0.004131767898797989
57, wanted,0.0,0.001427196548320353,0.004636790603399277,0.002694765804335475
59, to,0.0,0.0,0.0010098967468366027,0.0017801022622734308
61, successful,0.004109324887394905,0.0,0.005243881605565548,0.0047219134867191315
63, She,0.0,0.003050439525395632,0.0033919403795152903,0.0035984700080007315
