norm_suff_mean,random_suff_mean,norm_comp_mean,random_comp_mean,final suff,final comp,target_tokens
0.002562995534390211,0.0013324165483936667,0.003972151316702366,0.0033854038920253515,1.9235693216323853,1.3208777904510498, Because$ wanted$ to$ successful$ She
