target_pos,target_token,norm_suff,random_suff,norm_comp,random_comp
53, Because,0.0033491633366793394,0.0005340808420442045,0.004442738834768534,0.004845266230404377
55, was,0.0,0.013192655518651009,0.006080001126974821,0.00400560861453414
57, black,0.0,0.01631069928407669,0.029629619792103767,0.003956969361752272
59,.,0.006521930452436209,0.0027944541070610285,0.007225781679153442,0.0063718147575855255
61, was,0.001277135917916894,0.0036272576544433832,0.005829830653965473,0.004509984515607357
