norm_suff_mean,random_suff_mean,norm_comp_mean,random_comp_mean,final suff,final comp,target_tokens
0.002229645848274231,0.00729182967916131,0.010641594417393208,0.0047379289753735065,0.30577316880226135,2.124969244003296, Because$ was$ black$.$ was
