target_pos,target_token,norm_suff,random_suff,norm_comp,random_comp
67, Mary,0.027962254360318184,0.0,0.048749350011348724,0.009755193255841732
69, a,0.0,0.007526645436882973,0.00352275837212801,0.004193453583866358
71, bow,0.0,0.00379832717590034,0.03701411560177803,0.008674380369484425
73,",",0.008994391188025475,0.0036106216721236706,0.004898248706012964,0.003390962490811944
75, Steve,0.0,0.0,0.013761726208031178,0.00777666037902236
