norm_suff_mean,random_suff_mean,norm_comp_mean,random_comp_mean,final suff,final comp,target_tokens
0.007391329389065504,0.0029871189035475254,0.021589240059256554,0.0067581296898424625,2.474400758743286,0.9143320918083191," Mary$ a$ bow$,$ Steve"
