target_pos,target_token,norm_suff,random_suff,norm_comp,random_comp
56, They,0.0,0.0012018685229122639,0.1333838403224945,0.032291729003190994
58, to,0.0026245913468301296,0.008040383458137512,0.01579962484538555,0.021712012588977814
60, it,0.0037807428743690252,0.0021942497696727514,0.029623279348015785,0.009755328297615051
62, a,0.0026348954997956753,0.0053023649379611015,0.02192760817706585,0.02183712273836136
64, way,0.000506842858158052,0.000623903120867908,0.0012072263052687049,0.012299747206270695
