norm_suff_mean,random_suff_mean,norm_comp_mean,random_comp_mean,final suff,final comp,target_tokens
0.0019094145391136408,0.0034725540317595005,0.0403883159160614,0.019579188898205757,0.5498588681221008,10.254027366638184, They$ to$ it$ a$ way
