target_pos,target_token,norm_suff,random_suff,norm_comp,random_comp
54, She,0.0,0.0,0.1718292385339737,0.038884375244379044
56, a,0.0,0.004885318223387003,0.01932193897664547,0.009185080416500568
58, bit,0.0042555625550448895,0.0,0.016907712444663048,0.01961374282836914
60, a,0.0010136459022760391,0.0039061084389686584,0.0036136507987976074,0.003628495382145047
62,oy,0.00012082183093298227,0.0008807589183561504,0.0002720227639656514,0.0006395234959200025
