norm_suff_mean,random_suff_mean,norm_comp_mean,random_comp_mean,final suff,final comp,target_tokens
0.00107800611294806,0.0019344370812177658,0.0423889122903347,0.014390244148671627,0.5572712421417236,13.348944664001465, She$ a$ bit$ a$oy
