target_pos,target_token,norm_suff,random_suff,norm_comp,random_comp
43, Because,0.0011016207281500101,0.0032360844779759645,0.1610775589942932,0.05174824967980385
45, was,0.0,0.0,0.01853908598423004,0.004299917723983526
47, to,0.0,0.0,0.007120697759091854,0.0058804405853152275
49, a,0.0,0.006300170905888081,0.026513809338212013,0.01124777551740408
51,.,0.0121990405023098,0.016754159703850746,0.014585565775632858,0.010466502048075199
