norm_suff_mean,random_suff_mean,norm_comp_mean,random_comp_mean,final suff,final comp,target_tokens
0.002660132246091962,0.005258083343505859,0.0455673448741436,0.016728578135371208,0.5059128999710083,6.288626670837402, Because$ was$ to$ a$.
