target_pos,target_token,norm_suff,random_suff,norm_comp,random_comp
56, He,0.0,0.0,0.13239583373069763,0.015611751936376095
58, playing,0.0,0.0,0.028880320489406586,0.015835974365472794
60, his,0.000826217990834266,0.01193597074598074,0.01612585037946701,0.01610487885773182
62,.,0.010370887815952301,0.0003477932186797261,0.013495110906660557,0.010322395712137222
64, friend,0.0005295593873597682,0.0,0.0018778450321406126,0.0030284509994089603
