norm_suff_mean,random_suff_mean,norm_comp_mean,random_comp_mean,final suff,final comp,target_tokens
0.00234533310867846,0.0024567528162151575,0.03855499252676964,0.01218069065362215,0.9546476006507874,5.193586826324463, He$ playing$ his$.$ friend
