target_pos,target_token,norm_suff,random_suff,norm_comp,random_comp
50, Because,0.002308964030817151,0.0033234592992812395,0.004028854425996542,0.0068960413336753845
52, wanted,0.0010289729107171297,0.0,0.003750158241018653,0.004873352590948343
54, paint,0.0,0.0027266177348792553,0.0041740392334759235,0.004695380572229624
56, bedroom,0.0028879151213914156,0.004522121977061033,0.012471437454223633,0.007048428989946842
58,.,0.0,0.0,0.00383227807469666,0.002923231804743409
