norm_suff_mean,random_suff_mean,norm_comp_mean,random_comp_mean,final suff,final comp,target_tokens
0.0012451704824343324,0.0021144398488104343,0.005651353392750025,0.005287287291139364,0.5888890624046326,4.2462358474731445, Because$ wanted$ paint$ bedroom$.
