target_pos,target_token,norm_suff,random_suff,norm_comp,random_comp
63, She,0.017495010048151016,0.0,0.0383811816573143,0.01208802405744791
65, hungry,0.0,0.0,0.04332190006971359,0.009776158258318901
67, She,0.0,0.0,0.01855054497718811,0.015624502673745155
69, hungry,0.006138598546385765,0.007087426725775003,0.05084282159805298,0.007377436850219965
71, she,0.0014177396660670638,0.005789642222225666,0.004852842539548874,0.003809800837188959
