norm_suff_mean,random_suff_mean,norm_comp_mean,random_comp_mean,final suff,final comp,target_tokens
0.005010269582271576,0.0025754140224307775,0.03118985891342163,0.009735184721648693,1.9454230070114136,1.9430460929870605, She$ hungry$ She$ hungry$ she
