target_pos,target_token,norm_suff,random_suff,norm_comp,random_comp
51, She,0.00693530635908246,0.0,0.011050685308873653,0.005172323435544968
53, at,0.0,0.0,0.00916324183344841,0.011072182096540928
55, beach,0.005179655738174915,0.008634043857455254,0.03328782692551613,0.014253595843911171
57, get,0.002526612486690283,0.004497233312577009,0.005154141690582037,0.010820036754012108
59, from,0.0,0.0018900049617514014,0.0025097441393882036,0.0018238975899294019
