norm_suff_mean,random_suff_mean,norm_comp_mean,random_comp_mean,final suff,final comp,target_tokens
0.0029283149633556604,0.0030042564030736685,0.0122331278398633,0.00862840749323368,0.9747220277786255,2.9465434551239014, She$ at$ beach$ get$ from
