target_pos,target_token,norm_suff,random_suff,norm_comp,random_comp
56, I,0.0,0.0,0.0035626725293695927,0.002010880270972848
58, a,0.007197777274996042,0.01013828907161951,0.005449031945317984,0.005658312700688839
60,.,0.0,0.0,0.00626063859090209,0.005028999410569668
62, didn,0.0,0.0,0.0057116406969726086,0.0026365367230027914
64, know,0.002227622549980879,0.0,0.003176076104864478,0.002727353014051914
