norm_suff_mean,random_suff_mean,norm_comp_mean,random_comp_mean,final suff,final comp,target_tokens
0.001885080011561513,0.002027657814323902,0.004832012113183737,0.0036124163307249546,0.9296835064888,1.9163198471069336, I$ a$.$ didn$ know
