target_pos,target_token,norm_suff,random_suff,norm_comp,random_comp
48, Because,0.0007360912277363241,0.0045916372910141945,0.006180453579872847,0.008131435140967369
50, tutor,0.009974362328648567,0.007137026637792587,0.022229917347431183,0.010904904454946518
52, a,0.0,0.0,0.006814911495894194,0.012377643026411533
54, person,0.0,0.0014162133447825909,0.012799371965229511,0.008807670325040817
56,"
",0.004544690251350403,0.0,0.00884941779077053,0.004889582749456167
