norm_suff_mean,random_suff_mean,norm_comp_mean,random_comp_mean,final suff,final comp,target_tokens
0.0030510288197547197,0.0026289753150194883,0.011374814435839653,0.009022247046232224,1.160539150238037,2.9571163654327393," Because$ tutor$ a$ person$
"
