target_pos,target_token,norm_suff,random_suff,norm_comp,random_comp
59, Well,0.0038057046476751566,0.0,0.007852881215512753,0.0069872671738266945
61, he,0.0,0.006469788961112499,0.00828060694038868,0.00533518148586154
63, a,0.006737842224538326,0.0025570099242031574,0.0062155756168067455,0.007613050751388073
65,ologist,0.002353411866351962,0.0013946500839665532,0.011954833753407001,0.007383132353425026
67, He,0.0012050858931615949,0.0008701829356141388,0.009187379851937294,0.004612236749380827
