norm_suff_mean,random_suff_mean,norm_comp_mean,random_comp_mean,final suff,final comp,target_tokens
0.0028204091358929873,0.0022583266254514456,0.008698254823684692,0.00638617342337966,1.2488933801651,2.2642719745635986, Well$ he$ a$ologist$ He
