target_pos,target_token,norm_suff,random_suff,norm_comp,random_comp
53, Stan,0.0,0.013872496783733368,0.014456137083470821,0.011751682497560978
55,'t,0.001440798514522612,0.0002816742635332048,0.00038552816840820014,0.00023585949384141713
57,.,0.0,0.011794282123446465,0.004405820742249489,0.006131405476480722
59,"
",0.0011326419189572334,0.0022681124974042177,0.001188252354040742,0.004234602674841881
61, was,0.006180900149047375,0.006226762663573027,0.0073362127877771854,0.0074142287485301495
