norm_suff_mean,random_suff_mean,norm_comp_mean,random_comp_mean,final suff,final comp,target_tokens
0.0017508681630715728,0.0068886661902070045,0.0055543906055390835,0.005953555461019278,0.25416648387908936,3.4003448486328125," Stan$'t$.$
$ was"
