target_pos,target_token,norm_suff,random_suff,norm_comp,random_comp
64, Because,0.0024682970251888037,0.0,0.007862227968871593,0.0040327259339392185
66, were,0.003609779756516218,0.0012602154165506363,0.002891473239287734,0.003215480362996459
68, of,0.0057490817271173,0.007293565198779106,0.007062213961035013,0.005750586744397879
70, foreigners,0.0,0.002128989202901721,0.11551246792078018,0.016976501792669296
72,"
",0.004257007502019405,0.0028321603313088417,0.0040824697352945805,0.0035114665515720844
