norm_suff_mean,random_suff_mean,norm_comp_mean,random_comp_mean,final suff,final comp,target_tokens
0.0032168333418667316,0.0027029861230403185,0.02748217061161995,0.006697352509945631,1.190103530883789,2.081970691680908," Because$ were$ of$ foreigners$
"
