suff,comp,random_suff,random_comp
0.004155121474122844,0.24500534099416593,0.0007206963342831369,0.02797184828750444
