suff,comp,random_suff,random_comp
0.04190529816845214,0.9199109650798029,0.023698602781852825,0.8505163064287568
