suff,comp,random_suff,random_comp
0.04190529816845214,0.9199109650798029,0.02058181570779065,0.8510304987684078
