suff,comp,random_suff,random_comp
0.04190529816845214,0.9199109650798029,0.03032521987469039,0.8539921257913057
