suff,comp,random_suff,random_comp
0.04190529816845214,0.9199109650798029,0.023934998363655816,0.8635520244034797
