suff,comp,random_suff,random_comp
0.04190529816845214,0.9199109650798029,0.019102338207342973,0.8565186130380738
