{
    "$schema": "../docs/rationalization.schema.json",
    "id": 21,
    "input-text": [
        "When",
        " my",
        " flight",
        " landed",
        " in",
        " Fiji",
        ",",
        " I",
        " converted",
        " my",
        " currency",
        " and",
        " slowly",
        " fell",
        " asleep",
        ".",
        " (",
        "I",
        " was",
        " behind",
        " on",
        " a",
        " couple",
        " of",
        " assignments",
        ",",
        " but",
        " I",
        " tried",
        " not",
        " to",
        " think",
        " about",
        " them",
        ").",
        " I",
        " was",
        " staying",
        " in",
        " the",
        " capital",
        ",",
        " Su"
    ],
    "input-tokens": [
        2215,
        616,
        5474,
        11406,
        287,
        43676,
        11,
        314,
        11513,
        616,
        7395,
        290,
        6364,
        3214,
        16039,
        13,
        357,
        40,
        373,
        2157,
        319,
        257,
        3155,
        286,
        25815,
        11,
        475,
        314,
        3088,
        407,
        284,
        892,
        546,
        606,
        737,
        314,
        373,
        10589,
        287,
        262,
        3139,
        11,
        1778
    ],
    "target-text": "va",
    "target-token": 6862,
    "rational-size": 5,
    "rational-positions": [
        40,
        26,
        42,
        5,
        41
    ],
    "rational-text": [
        " capital",
        " but",
        " Su",
        " Fiji",
        ","
    ],
    "rational-tokens": [
        3139,
        475,
        1778,
        43676,
        11
    ],
    "importance-scores": [
        0.013788983225822449,
        0.011959857307374477,
        0.015926729887723923,
        0.01648740842938423,
        0.011537392623722553,
        0.06861159950494766,
        0.018057068809866905,
        0.005678134970366955,
        0.022480912506580353,
        0.007096277084201574,
        0.02932502143085003,
        0.013767960481345654,
        0.018787845969200134,
        0.045306768268346786,
        0.00964725948870182,
        0.020122341811656952,
        0.007871800102293491,
        0.005046899896115065,
        0.00934356264770031,
        0.0053380755707621574,
        0.01140659675002098,
        0.011519809253513813,
        0.03704619035124779,
        0.007355155888944864,
        0.03473374620079994,
        0.03780769184231758,
        0.07474596053361893,
        0.017712321132421494,
        0.021736735478043556,
        0.028304707258939743,
        0.011458560824394226,
        0.016759376972913742,
        0.011164040304720402,
        0.019352471455931664,
        0.006701171398162842,
        0.007817085832357407,
        0.0074363816529512405,
        0.020699476823210716,
        0.017871113494038582,
        0.02573152258992195,
        0.09032890945672989,
        0.053484778851270676,
        0.07264436781406403
    ],
    "comments": {
        "created-by": "run_analogies.py",
        "args": {
            "model": "EleutherAI/gpt-j-6b",
            "cache_dir": "./cache/",
            "tokenizer": "EleutherAI/gpt-j-6b",
            "data_dir": "data/analogies/gpt6b/",
            "importance_results_dir": "rationalization_results/analogies/gpt6b_integrated_gradients",
            "device": "cuda",
            "rationalization_config": "config/eva_integrated_gradients.json",
            "input_num_ratio": 1,
            "logfolder": "logs/analogies/gpt6b_integrated_gradients",
            "loglevel": 20
        },
        "time_elapsed": 3.258131265640259
    }
}