{
    "$schema": "../docs/rationalization.schema.json",
    "id": 28,
    "input-text": [
        "As",
        " soon",
        " as",
        " I",
        " arrived",
        " in",
        " Romania",
        ",",
        " I",
        " checked",
        " into",
        " my",
        " hotel",
        " and",
        " took",
        " a",
        " long",
        " nap",
        ".",
        " (",
        "I",
        " had",
        " finally",
        " finished",
        " the",
        " book",
        " I",
        " was",
        " reading",
        " and",
        " it",
        " was",
        " amazing",
        ").",
        " I",
        " had",
        " to",
        " figure",
        " out",
        " the",
        " exchange",
        " rate",
        " to",
        " the",
        " local",
        " currency",
        ",",
        " which",
        " is",
        " apparently",
        " called",
        " the",
        " le"
    ],
    "input-tokens": [
        1722,
        2582,
        355,
        314,
        5284,
        287,
        23356,
        11,
        314,
        10667,
        656,
        616,
        7541,
        290,
        1718,
        257,
        890,
        25422,
        13,
        357,
        40,
        550,
        3443,
        5201,
        262,
        1492,
        314,
        373,
        3555,
        290,
        340,
        373,
        4998,
        737,
        314,
        550,
        284,
        3785,
        503,
        262,
        5163,
        2494,
        284,
        262,
        1957,
        7395,
        11,
        543,
        318,
        5729,
        1444,
        262,
        443
    ],
    "target-text": "u",
    "target-token": 84,
    "rational-size": 5,
    "rational-positions": [
        0,
        52,
        51,
        50,
        33
    ],
    "rational-text": [
        "As",
        " le",
        " the",
        " called",
        ")."
    ],
    "rational-tokens": [
        1722,
        443,
        262,
        1444,
        737
    ],
    "importance-scores": [
        0.7969269752502441,
        0.0002381111407885328,
        1.8912062387244077e-06,
        4.977168282493949e-05,
        0.00020976293308194727,
        1.080487527360674e-05,
        0.0002013038465520367,
        4.571650788420811e-05,
        0.0001308252540184185,
        0.00018120690947398543,
        0.00016281046555377543,
        0.0002615271368995309,
        0.00020989219774492085,
        0.0001256876130355522,
        0.0002019977109739557,
        0.00010636555089149624,
        0.00022031342086847872,
        0.0002711259585339576,
        0.00019203126430511475,
        0.0001283292513107881,
        0.00022281731071416289,
        0.00026214742683805525,
        0.0002351131843170151,
        0.00029044176335446537,
        0.00017184439639095217,
        0.00019065536616835743,
        0.00019317596161272377,
        0.00016161109670065343,
        0.00021705380640923977,
        0.00015995418652892113,
        0.00018702411034610122,
        0.00026167582836933434,
        0.00022845198691356927,
        0.0003688199503812939,
        0.00018804373394232243,
        0.00017540494445711374,
        0.00020959075482096523,
        0.0002209488593507558,
        0.0002624355838634074,
        0.00022535740572493523,
        0.0002963835431728512,
        0.00030313502065837383,
        8.672672265674919e-05,
        0.00023093602794688195,
        0.0003205224929843098,
        0.00034447520738467574,
        0.00013567175483331084,
        0.00022584667021874338,
        0.0002593026729300618,
        0.00012320770474616438,
        0.0009528143564239144,
        0.0033685846719890833,
        0.18904320895671844
    ],
    "comments": {
        "created-by": "run_analogies.py",
        "args": {
            "model": "EleutherAI/gpt-j-6b",
            "cache_dir": "./cache/",
            "tokenizer": "EleutherAI/gpt-j-6b",
            "data_dir": "data/analogies/gpt6b/",
            "importance_results_dir": "rationalization_results/analogies/gpt6b_integrated_gradients",
            "device": "cuda",
            "rationalization_config": "config/eva_integrated_gradients.json",
            "input_num_ratio": 1,
            "logfolder": "logs/analogies/gpt6b_integrated_gradients",
            "loglevel": 20
        },
        "time_elapsed": 14.770237684249878
    }
}