{
    "$schema": "../docs/rationalization.schema.json",
    "id": 38,
    "input-text": [
        "I",
        " had",
        " never",
        " been",
        " friends",
        " with",
        " any",
        " Danish",
        " people",
        " before",
        ".",
        " (",
        "The",
        " funn",
        "iest",
        " thing",
        " happened",
        " to",
        " me",
        " the",
        " other",
        " day",
        ",",
        " but",
        " that",
        "'s",
        " a",
        " story",
        " for",
        " another",
        " time",
        ").",
        " In",
        " fact",
        ",",
        " I",
        " had",
        " never",
        " even",
        " been",
        " to"
    ],
    "input-tokens": [
        40,
        550,
        1239,
        587,
        2460,
        351,
        597,
        20849,
        661,
        878,
        13,
        357,
        464,
        36090,
        6386,
        1517,
        3022,
        284,
        502,
        262,
        584,
        1110,
        11,
        475,
        326,
        338,
        257,
        1621,
        329,
        1194,
        640,
        737,
        554,
        1109,
        11,
        314,
        550,
        1239,
        772,
        587,
        284
    ],
    "target-text": " Denmark",
    "target-token": 16490,
    "rational-size": 5,
    "rational-positions": [
        0,
        40,
        39,
        32,
        13
    ],
    "rational-text": [
        "I",
        " to",
        " been",
        " In",
        " funn"
    ],
    "rational-tokens": [
        40,
        284,
        587,
        554,
        36090
    ],
    "importance-scores": [
        0.9999887943267822,
        1.2802482685092542e-10,
        3.885608779174987e-10,
        4.822243160340633e-10,
        6.974080757338186e-10,
        1.2345929834012281e-11,
        6.231501981091014e-10,
        1.1665740595745433e-09,
        4.3176870412331425e-10,
        3.2060387678001234e-10,
        1.0352196183616158e-10,
        3.046529417627397e-10,
        1.1958157797309354e-09,
        1.5578214274114544e-09,
        8.648630700491822e-10,
        6.763857252067851e-10,
        6.069804658892508e-10,
        1.650150988075083e-10,
        3.609723908670759e-10,
        2.6936705643798575e-10,
        4.385387886163272e-10,
        4.2750505913069503e-10,
        2.8599472789991864e-10,
        4.1231340563996355e-10,
        3.7420816445532523e-10,
        3.528668190977413e-10,
        5.476984421548536e-10,
        4.070320747118217e-10,
        4.260487795892942e-10,
        4.4790182673892787e-10,
        5.587160734066288e-10,
        6.908295602237047e-10,
        1.7536082586033785e-09,
        6.015842268780602e-10,
        4.728260005748552e-10,
        4.94082941226992e-10,
        2.48115167300611e-10,
        3.2067848376726715e-10,
        4.103159756407848e-10,
        1.1191888305006614e-08,
        1.1205137525394093e-05
    ],
    "comments": {
        "created-by": "run_analogies.py",
        "args": {
            "model": "EleutherAI/gpt-j-6b",
            "cache_dir": "./cache/",
            "tokenizer": "EleutherAI/gpt-j-6b",
            "data_dir": "data/analogies/gpt6b/",
            "importance_results_dir": "rationalization_results/analogies/gpt6b_integrated_gradients",
            "device": "cuda",
            "rationalization_config": "config/eva_integrated_gradients.json",
            "input_num_ratio": 1,
            "logfolder": "logs/analogies/gpt6b_integrated_gradients",
            "loglevel": 20
        },
        "time_elapsed": 14.591768741607666
    }
}