{
    "$schema": "../docs/rationalization.schema.json",
    "id": 49,
    "input-text": [
        "I",
        " really",
        " wanted",
        " to",
        " buy",
        " the",
        " donkey",
        ",",
        " more",
        " than",
        " I",
        " ever",
        " wanted",
        " to",
        " buy",
        " anything",
        " before",
        ".",
        " (",
        "I",
        " was",
        " also",
        " behind",
        " on",
        " my",
        " homework",
        ",",
        " but",
        " that",
        "'s",
        " another",
        " story",
        ").",
        " So",
        " I",
        " went",
        " to",
        " the",
        " store",
        " and",
        " asked",
        " if",
        " they",
        " had",
        " any",
        " don"
    ],
    "input-tokens": [
        40,
        1107,
        2227,
        284,
        2822,
        262,
        50085,
        11,
        517,
        621,
        314,
        1683,
        2227,
        284,
        2822,
        1997,
        878,
        13,
        357,
        40,
        373,
        635,
        2157,
        319,
        616,
        26131,
        11,
        475,
        326,
        338,
        1194,
        1621,
        737,
        1406,
        314,
        1816,
        284,
        262,
        3650,
        290,
        1965,
        611,
        484,
        550,
        597,
        836
    ],
    "target-text": "keys",
    "target-token": 13083,
    "rational-size": 5,
    "rational-positions": [
        0,
        45,
        43,
        32,
        44
    ],
    "rational-text": [
        "I",
        " don",
        " had",
        ").",
        " any"
    ],
    "rational-tokens": [
        40,
        836,
        550,
        737,
        597
    ],
    "importance-scores": [
        0.9998445510864258,
        1.141773168455984e-06,
        1.2144078027631622e-06,
        5.131659541746103e-10,
        1.1749606301236781e-06,
        4.797438464265724e-07,
        2.2734129743184894e-06,
        5.982118409519899e-07,
        1.5626741287633195e-06,
        1.5795887975400547e-06,
        1.2011757917207433e-06,
        1.4617797887694906e-06,
        1.427969323231082e-06,
        3.7978378486513975e-07,
        1.2249647625139914e-06,
        1.5555965546809603e-06,
        1.9034026763620204e-06,
        1.9916619748983067e-06,
        7.651720466128609e-07,
        1.0765071465357323e-06,
        7.355346269832808e-07,
        1.5423372587974882e-06,
        1.5054714594953111e-06,
        1.922221144923242e-06,
        2.769202410490834e-06,
        2.006520844588522e-06,
        9.8673524462356e-07,
        1.68362339536543e-06,
        7.034468012534489e-07,
        1.5507929447267088e-06,
        1.971687879631645e-06,
        1.4184656720317435e-06,
        4.6716008910152595e-06,
        2.8686060886684572e-06,
        2.0341615254437784e-06,
        1.3656859891852946e-06,
        1.0484255881237914e-06,
        1.6680728549545165e-06,
        1.3089544381728047e-06,
        2.679874796740478e-06,
        1.5489039242311264e-06,
        2.6811401312443195e-06,
        4.006287326774327e-06,
        9.659042916609906e-06,
        4.348866241343785e-06,
        7.380564784398302e-05
    ],
    "comments": {
        "created-by": "run_analogies.py",
        "args": {
            "model": "EleutherAI/gpt-j-6b",
            "cache_dir": "./cache/",
            "tokenizer": "EleutherAI/gpt-j-6b",
            "data_dir": "data/analogies/gpt6b/",
            "importance_results_dir": "rationalization_results/analogies/gpt6b_integrated_gradients",
            "device": "cuda",
            "rationalization_config": "config/eva_integrated_gradients.json",
            "input_num_ratio": 1,
            "logfolder": "logs/analogies/gpt6b_integrated_gradients",
            "loglevel": 20
        },
        "time_elapsed": 14.690293550491333
    }
}