{
    "$schema": "../docs/rationalization.schema.json",
    "id": 121,
    "input-text": [
        "I",
        " thought",
        " it",
        " would",
        " be",
        " the",
        " oldest",
        " thing",
        " I",
        "'d",
        " ever",
        " encounter",
        ".",
        " (",
        "I",
        " tried",
        " to",
        " ignore",
        " my",
        " phone",
        " vibr",
        "ating",
        " in",
        " my",
        " pocket",
        ").",
        " But",
        " when",
        " I",
        " did",
        " end",
        " up",
        " encountering",
        " it",
        ",",
        " it",
        " turned",
        " out",
        " it",
        " wasn",
        "'t",
        " so"
    ],
    "input-tokens": [
        40,
        1807,
        340,
        561,
        307,
        262,
        13325,
        1517,
        314,
        1549,
        1683,
        8791,
        13,
        357,
        40,
        3088,
        284,
        8856,
        616,
        3072,
        12611,
        803,
        287,
        616,
        10000,
        737,
        887,
        618,
        314,
        750,
        886,
        510,
        42398,
        340,
        11,
        340,
        2900,
        503,
        340,
        2492,
        470,
        523
    ],
    "target-text": " old",
    "target-token": 1468,
    "rational-size": 5,
    "rational-positions": [
        6,
        0,
        32,
        1,
        11
    ],
    "rational-text": [
        " oldest",
        "I",
        " encountering",
        " thought",
        " encounter"
    ],
    "rational-tokens": [
        13325,
        40,
        42398,
        1807,
        8791
    ],
    "importance-scores": [
        0.06470908969640732,
        0.05119074136018753,
        0.0211787186563015,
        0.023599768057465553,
        0.020269086584448814,
        0.022919759154319763,
        0.23032958805561066,
        0.019239600747823715,
        0.012236583977937698,
        0.01302428264170885,
        0.01563100516796112,
        0.0450524166226387,
        0.012622002512216568,
        0.013776974752545357,
        0.007936935871839523,
        0.012277817353606224,
        0.00342055456712842,
        0.01935800164937973,
        0.007926343008875847,
        0.01981770619750023,
        0.034298382699489594,
        0.011636813171207905,
        0.002993728732690215,
        0.0075563774444162846,
        0.018628094345331192,
        0.019459132105112076,
        0.014301781542599201,
        0.007899980992078781,
        0.005321091040968895,
        0.009656219743192196,
        0.010494951158761978,
        0.00799937266856432,
        0.05393301323056221,
        0.009257335215806961,
        0.0058442833833396435,
        0.006736490875482559,
        0.02613629773259163,
        0.017183974385261536,
        0.012481280602514744,
        0.02178933471441269,
        0.018831077963113785,
        0.041044022887945175
    ],
    "comments": {
        "created-by": "run_analogies.py",
        "args": {
            "model": "gpt2-xl",
            "cache_dir": "cache/",
            "tokenizer": "gpt2-xl",
            "data_dir": "data/analogies/gpt2_xl/",
            "importance_results_dir": "rationalization_results/analogies/gpt2_xl_input_x_gradient",
            "device": "cuda",
            "rationalization_config": "config/eva_input_x_gradient.json",
            "input_num_ratio": 1,
            "logfolder": "logs/analogies/gpt2_xl_input_x_gradient",
            "loglevel": 20
        },
        "time_elapsed": 0.10221314430236816
    }
}