{
    "$schema": "../docs/rationalization.schema.json",
    "id": 122,
    "input-text": [
        "I",
        " thought",
        " it",
        " would",
        " be",
        " the",
        " simplest",
        " thing",
        " I",
        "'d",
        " ever",
        " encounter",
        ".",
        " (",
        "I",
        " tried",
        " to",
        " ignore",
        " my",
        " phone",
        " vibr",
        "ating",
        " in",
        " my",
        " pocket",
        ").",
        " But",
        " when",
        " I",
        " did",
        " end",
        " up",
        " encountering",
        " it",
        ",",
        " it",
        " turned",
        " out",
        " it",
        " wasn",
        "'t",
        " so"
    ],
    "input-tokens": [
        40,
        1807,
        340,
        561,
        307,
        262,
        24043,
        1517,
        314,
        1549,
        1683,
        8791,
        13,
        357,
        40,
        3088,
        284,
        8856,
        616,
        3072,
        12611,
        803,
        287,
        616,
        10000,
        737,
        887,
        618,
        314,
        750,
        886,
        510,
        42398,
        340,
        11,
        340,
        2900,
        503,
        340,
        2492,
        470,
        523
    ],
    "target-text": " simple",
    "target-token": 2829,
    "rational-size": 5,
    "rational-positions": [
        6,
        0,
        1,
        32,
        11
    ],
    "rational-text": [
        " simplest",
        "I",
        " thought",
        " encountering",
        " encounter"
    ],
    "rational-tokens": [
        24043,
        40,
        1807,
        42398,
        8791
    ],
    "importance-scores": [
        0.06221305951476097,
        0.059250861406326294,
        0.028068844228982925,
        0.0316738486289978,
        0.02871447429060936,
        0.03262931481003761,
        0.3959072530269623,
        0.011445833370089531,
        0.005153034348040819,
        0.008600319735705853,
        0.01004610676318407,
        0.03553982824087143,
        0.005772607866674662,
        0.010862474329769611,
        0.0040293182246387005,
        0.00824862439185381,
        0.0018803273560479283,
        0.014597829431295395,
        0.003972527105361223,
        0.011955205351114273,
        0.021589448675513268,
        0.006241420283913612,
        0.0018475090619176626,
        0.003660996211692691,
        0.012482543475925922,
        0.010097399353981018,
        0.008777712471783161,
        0.004714009817689657,
        0.0035865288227796555,
        0.0052359458059072495,
        0.006865669973194599,
        0.005378754809498787,
        0.043442074209451675,
        0.005331702996045351,
        0.003167311428114772,
        0.003405921161174774,
        0.011403626762330532,
        0.009129798971116543,
        0.007951709441840649,
        0.01542530208826065,
        0.011890677735209465,
        0.027812303975224495
    ],
    "comments": {
        "created-by": "run_analogies.py",
        "args": {
            "model": "gpt2-xl",
            "cache_dir": "cache/",
            "tokenizer": "gpt2-xl",
            "data_dir": "data/analogies/gpt2_xl/",
            "importance_results_dir": "rationalization_results/analogies/gpt2_xl_input_x_gradient",
            "device": "cuda",
            "rationalization_config": "config/eva_input_x_gradient.json",
            "input_num_ratio": 1,
            "logfolder": "logs/analogies/gpt2_xl_input_x_gradient",
            "loglevel": 20
        },
        "time_elapsed": 0.1012108325958252
    }
}