{
    "$schema": "../docs/rationalization.schema.json",
    "id": 149,
    "input-text": [
        "I",
        " had",
        " never",
        " been",
        " friends",
        " with",
        " any",
        " Egyptian",
        " people",
        " before",
        ".",
        " (",
        "The",
        " funn",
        "iest",
        " thing",
        " happened",
        " to",
        " me",
        " the",
        " other",
        " day",
        ",",
        " but",
        " that",
        "'s",
        " a",
        " story",
        " for",
        " another",
        " time",
        ").",
        " In",
        " fact",
        ",",
        " I",
        " had",
        " never",
        " even",
        " been",
        " to"
    ],
    "input-tokens": [
        40,
        550,
        1239,
        587,
        2460,
        351,
        597,
        14075,
        661,
        878,
        13,
        357,
        464,
        36090,
        6386,
        1517,
        3022,
        284,
        502,
        262,
        584,
        1110,
        11,
        475,
        326,
        338,
        257,
        1621,
        329,
        1194,
        640,
        737,
        554,
        1109,
        11,
        314,
        550,
        1239,
        772,
        587,
        284
    ],
    "target-text": " Egypt",
    "target-token": 6365,
    "rational-size": 5,
    "rational-positions": [
        7,
        4,
        0,
        2,
        39
    ],
    "rational-text": [
        " Egyptian",
        " friends",
        "I",
        " never",
        " been"
    ],
    "rational-tokens": [
        14075,
        2460,
        40,
        1239,
        587
    ],
    "importance-scores": [
        0.0692872405052185,
        0.033748894929885864,
        0.04339676722884178,
        0.0244041346013546,
        0.08358965069055557,
        0.02754385583102703,
        0.03598673269152641,
        0.25552380084991455,
        0.022456945851445198,
        0.018406886607408524,
        0.00941458996385336,
        0.010041586123406887,
        0.008019343949854374,
        0.032086703926324844,
        0.017143985256552696,
        0.007587244268506765,
        0.013191429898142815,
        0.003407346550375223,
        0.0087914252653718,
        0.003017619252204895,
        0.006284687202423811,
        0.015945080667734146,
        0.003648836864158511,
        0.0044243354350328445,
        0.0039053657092154026,
        0.005563795566558838,
        0.0036530958022922277,
        0.013359657488763332,
        0.004177473951131105,
        0.007210056763142347,
        0.006639877799898386,
        0.017621692270040512,
        0.010533373802900314,
        0.021433772519230843,
        0.005271886009722948,
        0.012786928564310074,
        0.018038848415017128,
        0.03240460529923439,
        0.021789809688925743,
        0.03690432012081146,
        0.02135634236037731
    ],
    "comments": {
        "created-by": "run_analogies.py",
        "args": {
            "model": "gpt2-xl",
            "cache_dir": "cache/",
            "tokenizer": "gpt2-xl",
            "data_dir": "data/analogies/gpt2_xl/",
            "importance_results_dir": "rationalization_results/analogies/gpt2_xl_input_x_gradient",
            "device": "cuda",
            "rationalization_config": "config/eva_input_x_gradient.json",
            "input_num_ratio": 1,
            "logfolder": "logs/analogies/gpt2_xl_input_x_gradient",
            "loglevel": 20
        },
        "time_elapsed": 0.11408448219299316
    }
}