{
    "$schema": "../docs/rationalization.schema.json",
    "id": 159,
    "input-text": [
        "I",
        " had",
        " never",
        " been",
        " friends",
        " with",
        " any",
        " Japanese",
        " people",
        " before",
        ".",
        " (",
        "The",
        " funn",
        "iest",
        " thing",
        " happened",
        " to",
        " me",
        " the",
        " other",
        " day",
        ",",
        " but",
        " that",
        "'s",
        " a",
        " story",
        " for",
        " another",
        " time",
        ").",
        " In",
        " fact",
        ",",
        " I",
        " had",
        " never",
        " even",
        " been",
        " to"
    ],
    "input-tokens": [
        40,
        550,
        1239,
        587,
        2460,
        351,
        597,
        4960,
        661,
        878,
        13,
        357,
        464,
        36090,
        6386,
        1517,
        3022,
        284,
        502,
        262,
        584,
        1110,
        11,
        475,
        326,
        338,
        257,
        1621,
        329,
        1194,
        640,
        737,
        554,
        1109,
        11,
        314,
        550,
        1239,
        772,
        587,
        284
    ],
    "target-text": " Japan",
    "target-token": 2869,
    "rational-size": 5,
    "rational-positions": [
        7,
        4,
        0,
        2,
        1
    ],
    "rational-text": [
        " Japanese",
        " friends",
        "I",
        " never",
        " had"
    ],
    "rational-tokens": [
        4960,
        2460,
        40,
        1239,
        550
    ],
    "importance-scores": [
        0.07102065533399582,
        0.039593655616045,
        0.047045860439538956,
        0.027405481785535812,
        0.0930933877825737,
        0.025429150089621544,
        0.03201787546277046,
        0.19028538465499878,
        0.027858566492795944,
        0.020655890926718712,
        0.013084905222058296,
        0.014252553693950176,
        0.009024077095091343,
        0.03876733407378197,
        0.018791548907756805,
        0.00902340468019247,
        0.016110854223370552,
        0.0035876897163689137,
        0.009617294184863567,
        0.003254910232499242,
        0.006374731659889221,
        0.014517019502818584,
        0.004505200777202845,
        0.0051916479133069515,
        0.0040664696134626865,
        0.005514492746442556,
        0.0035023714881390333,
        0.014185062609612942,
        0.004008903633803129,
        0.008169200271368027,
        0.007320201024413109,
        0.02196047268807888,
        0.012544021010398865,
        0.024665435776114464,
        0.005275335628539324,
        0.013679396361112595,
        0.017497815191745758,
        0.03386339917778969,
        0.02739637903869152,
        0.031740643084049225,
        0.024101242423057556
    ],
    "comments": {
        "created-by": "run_analogies.py",
        "args": {
            "model": "gpt2-xl",
            "cache_dir": "./cache/",
            "tokenizer": "gpt2-xl",
            "data_dir": "data/analogies/gpt2_xl/",
            "importance_results_dir": "rationalization_results/analogies/gpt2_xl_input_x_gradient",
            "device": "cuda",
            "rationalization_config": "config/eva_input_x_gradient.json",
            "input_num_ratio": 1,
            "logfolder": "logs/analogies/gpt2_xl_input_x_gradient",
            "loglevel": 20
        },
        "time_elapsed": 0.13489341735839844
    }
}