{
    "$schema": "../docs/rationalization.schema.json",
    "id": 177,
    "input-text": [
        "I",
        " really",
        " wanted",
        " to",
        " buy",
        " the",
        " child",
        ",",
        " more",
        " than",
        " I",
        " ever",
        " wanted",
        " to",
        " buy",
        " anything",
        " before",
        ".",
        " (",
        "I",
        " was",
        " also",
        " behind",
        " on",
        " my",
        " homework",
        ",",
        " but",
        " that",
        "'s",
        " another",
        " story",
        ").",
        " So",
        " I",
        " went",
        " to",
        " the",
        " store",
        " and",
        " asked",
        " if",
        " they",
        " had",
        " any"
    ],
    "input-tokens": [
        40,
        1107,
        2227,
        284,
        2822,
        262,
        1200,
        11,
        517,
        621,
        314,
        1683,
        2227,
        284,
        2822,
        1997,
        878,
        13,
        357,
        40,
        373,
        635,
        2157,
        319,
        616,
        26131,
        11,
        475,
        326,
        338,
        1194,
        1621,
        737,
        1406,
        314,
        1816,
        284,
        262,
        3650,
        290,
        1965,
        611,
        484,
        550,
        597
    ],
    "target-text": " children",
    "target-token": 1751,
    "rational-size": 5,
    "rational-positions": [
        6,
        4,
        38,
        25,
        2
    ],
    "rational-text": [
        " child",
        " buy",
        " store",
        " homework",
        " wanted"
    ],
    "rational-tokens": [
        1200,
        2822,
        3650,
        26131,
        2227
    ],
    "importance-scores": [
        0.053753118962049484,
        0.044864967465400696,
        0.05671612173318863,
        0.023496942594647408,
        0.09562333673238754,
        0.028103657066822052,
        0.17381645739078522,
        0.009791789576411247,
        0.00560609670355916,
        0.008650949224829674,
        0.006352094002068043,
        0.013534394092857838,
        0.010957050137221813,
        0.0039887810125947,
        0.019746694713830948,
        0.010199599899351597,
        0.011253982782363892,
        0.007698134984821081,
        0.011434264481067657,
        0.0074724797159433365,
        0.006079958751797676,
        0.006233816500753164,
        0.013520999811589718,
        0.00542709045112133,
        0.007735928054898977,
        0.06500118225812912,
        0.0033952021040022373,
        0.004699678625911474,
        0.0050263237208127975,
        0.005249163135886192,
        0.0069343335926532745,
        0.016137272119522095,
        0.017117952927947044,
        0.01306985691189766,
        0.008338837884366512,
        0.011872835457324982,
        0.004177751950919628,
        0.007443786133080721,
        0.0742035061120987,
        0.004039983730763197,
        0.023546753451228142,
        0.013380385003983974,
        0.018737146630883217,
        0.01374951284378767,
        0.04181992635130882
    ],
    "comments": {
        "created-by": "run_analogies.py",
        "args": {
            "model": "gpt2-xl",
            "cache_dir": "./cache/",
            "tokenizer": "gpt2-xl",
            "data_dir": "data/analogies/gpt2_xl/",
            "importance_results_dir": "rationalization_results/analogies/gpt2_xl_input_x_gradient",
            "device": "cuda",
            "rationalization_config": "config/eva_input_x_gradient.json",
            "input_num_ratio": 1,
            "logfolder": "logs/analogies/gpt2_xl_input_x_gradient",
            "loglevel": 20
        },
        "time_elapsed": 0.1398181915283203
    }
}