{
    "$schema": "../docs/rationalization.schema.json",
    "id": 181,
    "input-text": [
        "I",
        " really",
        " wanted",
        " to",
        " buy",
        " the",
        " elephant",
        ",",
        " more",
        " than",
        " I",
        " ever",
        " wanted",
        " to",
        " buy",
        " anything",
        " before",
        ".",
        " (",
        "I",
        " was",
        " also",
        " behind",
        " on",
        " my",
        " homework",
        ",",
        " but",
        " that",
        "'s",
        " another",
        " story",
        ").",
        " So",
        " I",
        " went",
        " to",
        " the",
        " store",
        " and",
        " asked",
        " if",
        " they",
        " had",
        " any"
    ],
    "input-tokens": [
        40,
        1107,
        2227,
        284,
        2822,
        262,
        20950,
        11,
        517,
        621,
        314,
        1683,
        2227,
        284,
        2822,
        1997,
        878,
        13,
        357,
        40,
        373,
        635,
        2157,
        319,
        616,
        26131,
        11,
        475,
        326,
        338,
        1194,
        1621,
        737,
        1406,
        314,
        1816,
        284,
        262,
        3650,
        290,
        1965,
        611,
        484,
        550,
        597
    ],
    "target-text": " elephants",
    "target-token": 25368,
    "rational-size": 5,
    "rational-positions": [
        6,
        4,
        0,
        2,
        1
    ],
    "rational-text": [
        " elephant",
        " buy",
        "I",
        " wanted",
        " really"
    ],
    "rational-tokens": [
        20950,
        2822,
        40,
        2227,
        1107
    ],
    "importance-scores": [
        0.06914663314819336,
        0.051629479974508286,
        0.05948341637849808,
        0.025938326492905617,
        0.10581962019205093,
        0.026874026283621788,
        0.30486246943473816,
        0.008125105872750282,
        0.0039869812317192554,
        0.006329880096018314,
        0.004452651832252741,
        0.009614598006010056,
        0.007974515669047832,
        0.0024366024881601334,
        0.013630881905555725,
        0.00787424761801958,
        0.009977207519114017,
        0.004312279634177685,
        0.0069683995097875595,
        0.006208120845258236,
        0.00545941898599267,
        0.005068369675427675,
        0.011098071932792664,
        0.003404935821890831,
        0.005856841802597046,
        0.050332020968198776,
        0.00202007289044559,
        0.0033391134347766638,
        0.002779703587293625,
        0.003457304323092103,
        0.005155076738446951,
        0.013922897167503834,
        0.013185904361307621,
        0.008277716115117073,
        0.007184962276369333,
        0.007472689729183912,
        0.0023953800555318594,
        0.003382226452231407,
        0.03940654173493385,
        0.0024398216046392918,
        0.014146802015602589,
        0.009926489554345608,
        0.010724896565079689,
        0.010060385800898075,
        0.023856882005929947
    ],
    "comments": {
        "created-by": "run_analogies.py",
        "args": {
            "model": "gpt2-xl",
            "cache_dir": "cache/",
            "tokenizer": "gpt2-xl",
            "data_dir": "data/analogies/gpt2_xl/",
            "importance_results_dir": "rationalization_results/analogies/gpt2_xl_input_x_gradient",
            "device": "cuda",
            "rationalization_config": "config/eva_input_x_gradient.json",
            "input_num_ratio": 1,
            "logfolder": "logs/analogies/gpt2_xl_input_x_gradient",
            "loglevel": 20
        },
        "time_elapsed": 0.09756827354431152
    }
}