{
    "$schema": "../docs/rationalization.schema.json",
    "id": 36,
    "input-text": [
        "When",
        " my",
        " flight",
        " landed",
        " in",
        " Ireland",
        ",",
        " I",
        " converted",
        " my",
        " currency",
        " and",
        " slowly",
        " fell",
        " asleep",
        ".",
        " (",
        "I",
        " was",
        " behind",
        " on",
        " a",
        " couple",
        " of",
        " assignments",
        ",",
        " but",
        " I",
        " tried",
        " not",
        " to",
        " think",
        " about",
        " them",
        ").",
        " I",
        " was",
        " staying",
        " in",
        " the",
        " capital",
        ","
    ],
    "input-tokens": [
        2215,
        616,
        5474,
        11406,
        287,
        7517,
        11,
        314,
        11513,
        616,
        7395,
        290,
        6364,
        3214,
        16039,
        13,
        357,
        40,
        373,
        2157,
        319,
        257,
        3155,
        286,
        25815,
        11,
        475,
        314,
        3088,
        407,
        284,
        892,
        546,
        606,
        737,
        314,
        373,
        10589,
        287,
        262,
        3139,
        11
    ],
    "target-text": " Dublin",
    "target-token": 18220,
    "rational-size": 5,
    "rational-positions": [
        5,
        40,
        2,
        24,
        0
    ],
    "rational-text": [
        " Ireland",
        " capital",
        " flight",
        " assignments",
        "When"
    ],
    "rational-tokens": [
        7517,
        3139,
        5474,
        25815,
        2215
    ],
    "importance-scores": [
        0.057147420942783356,
        0.031341880559921265,
        0.08302468806505203,
        0.05191236734390259,
        0.01564524695277214,
        0.1649605631828308,
        0.004852969199419022,
        0.008117923513054848,
        0.035945069044828415,
        0.010074605233967304,
        0.04526233673095703,
        0.004750343505293131,
        0.019343461841344833,
        0.013614203780889511,
        0.03571104258298874,
        0.00558204622939229,
        0.009061249904334545,
        0.005983449053019285,
        0.0035276117268949747,
        0.010935869067907333,
        0.0033745768014341593,
        0.003725420217961073,
        0.01684606447815895,
        0.0026151882484555244,
        0.05984092131257057,
        0.0025810180231928825,
        0.006499649491161108,
        0.003911673557013273,
        0.015508413314819336,
        0.005698151886463165,
        0.002196564106270671,
        0.011161069385707378,
        0.006948907859623432,
        0.007638158742338419,
        0.020750777795910835,
        0.0076302518136799335,
        0.007917099632322788,
        0.05048401653766632,
        0.005514462012797594,
        0.01147159468382597,
        0.1124255359172821,
        0.018466206267476082
    ],
    "comments": {
        "created-by": "run_analogies.py",
        "args": {
            "model": "gpt2-xl",
            "cache_dir": "cache/",
            "tokenizer": "gpt2-xl",
            "data_dir": "data/analogies/gpt2_xl/",
            "importance_results_dir": "rationalization_results/analogies/gpt2_xl_input_x_gradient",
            "device": "cuda",
            "rationalization_config": "config/eva_input_x_gradient.json",
            "input_num_ratio": 1,
            "logfolder": "logs/analogies/gpt2_xl_input_x_gradient",
            "loglevel": 20
        },
        "time_elapsed": 0.09791707992553711
    }
}