{
    "$schema": "../docs/rationalization.schema.json",
    "id": 51,
    "input-text": [
        "When",
        " my",
        " flight",
        " landed",
        " in",
        " Canada",
        ",",
        " I",
        " converted",
        " my",
        " currency",
        " and",
        " slowly",
        " fell",
        " asleep",
        ".",
        " (",
        "I",
        " was",
        " behind",
        " on",
        " a",
        " couple",
        " of",
        " assignments",
        ",",
        " but",
        " I",
        " tried",
        " not",
        " to",
        " think",
        " about",
        " them",
        ").",
        " I",
        " was",
        " staying",
        " in",
        " the",
        " capital",
        ","
    ],
    "input-tokens": [
        2215,
        616,
        5474,
        11406,
        287,
        3340,
        11,
        314,
        11513,
        616,
        7395,
        290,
        6364,
        3214,
        16039,
        13,
        357,
        40,
        373,
        2157,
        319,
        257,
        3155,
        286,
        25815,
        11,
        475,
        314,
        3088,
        407,
        284,
        892,
        546,
        606,
        737,
        314,
        373,
        10589,
        287,
        262,
        3139,
        11
    ],
    "target-text": " Ottawa",
    "target-token": 14074,
    "rational-size": 5,
    "rational-positions": [
        40,
        5,
        2,
        37,
        24
    ],
    "rational-text": [
        " capital",
        " Canada",
        " flight",
        " staying",
        " assignments"
    ],
    "rational-tokens": [
        3139,
        3340,
        5474,
        10589,
        25815
    ],
    "importance-scores": [
        0.04036379233002663,
        0.02353903092443943,
        0.07729969918727875,
        0.045079346746206284,
        0.012843254022300243,
        0.09381426125764847,
        0.004893037490546703,
        0.0077985553070902824,
        0.041730012744665146,
        0.009776266291737556,
        0.05556267499923706,
        0.005813463591039181,
        0.023448623716831207,
        0.015285694971680641,
        0.03417138755321503,
        0.006439712829887867,
        0.013445227406919003,
        0.007478190120309591,
        0.004717173054814339,
        0.01104077510535717,
        0.0038189904298633337,
        0.0035871269647032022,
        0.021252276375889778,
        0.0029211845248937607,
        0.05562850087881088,
        0.0040556020103394985,
        0.010010766796767712,
        0.005314356181770563,
        0.019990621134638786,
        0.005963747855275869,
        0.0028159802313894033,
        0.012949099764227867,
        0.01082112081348896,
        0.009316354058682919,
        0.025898920372128487,
        0.010179447941482067,
        0.011364363133907318,
        0.05982761085033417,
        0.008419924415647984,
        0.0148806506767869,
        0.14225323498249054,
        0.024189947172999382
    ],
    "comments": {
        "created-by": "run_analogies.py",
        "args": {
            "model": "gpt2-xl",
            "cache_dir": "./cache/",
            "tokenizer": "gpt2-xl",
            "data_dir": "data/analogies/gpt2_xl/",
            "importance_results_dir": "rationalization_results/analogies/gpt2_xl_input_x_gradient",
            "device": "cuda",
            "rationalization_config": "config/eva_input_x_gradient.json",
            "input_num_ratio": 1,
            "logfolder": "logs/analogies/gpt2_xl_input_x_gradient",
            "loglevel": 20
        },
        "time_elapsed": 0.14368343353271484
    }
}