{
    "$schema": "../docs/rationalization.schema.json",
    "id": 52,
    "input-text": [
        "When",
        " my",
        " flight",
        " landed",
        " in",
        " France",
        ",",
        " I",
        " converted",
        " my",
        " currency",
        " and",
        " slowly",
        " fell",
        " asleep",
        ".",
        " (",
        "I",
        " was",
        " behind",
        " on",
        " a",
        " couple",
        " of",
        " assignments",
        ",",
        " but",
        " I",
        " tried",
        " not",
        " to",
        " think",
        " about",
        " them",
        ").",
        " I",
        " was",
        " staying",
        " in",
        " the",
        " capital",
        ","
    ],
    "input-tokens": [
        2215,
        616,
        5474,
        11406,
        287,
        4881,
        11,
        314,
        11513,
        616,
        7395,
        290,
        6364,
        3214,
        16039,
        13,
        357,
        40,
        373,
        2157,
        319,
        257,
        3155,
        286,
        25815,
        11,
        475,
        314,
        3088,
        407,
        284,
        892,
        546,
        606,
        737,
        314,
        373,
        10589,
        287,
        262,
        3139,
        11
    ],
    "target-text": " Paris",
    "target-token": 6342,
    "rational-size": 5,
    "rational-positions": [
        40,
        5,
        2,
        24,
        37
    ],
    "rational-text": [
        " capital",
        " France",
        " flight",
        " assignments",
        " staying"
    ],
    "rational-tokens": [
        3139,
        4881,
        5474,
        25815,
        10589
    ],
    "importance-scores": [
        0.0436442494392395,
        0.024450602009892464,
        0.06896600872278214,
        0.04774834215641022,
        0.01187815610319376,
        0.1112518236041069,
        0.005665534175932407,
        0.008130052126944065,
        0.038044754415750504,
        0.011258239857852459,
        0.04953019693493843,
        0.004273381549865007,
        0.022639725357294083,
        0.016118334606289864,
        0.03611355647444725,
        0.006067969836294651,
        0.011763978749513626,
        0.008023049682378769,
        0.004119740333408117,
        0.013653257861733437,
        0.004251281730830669,
        0.0040536378510296345,
        0.02150948904454708,
        0.0030024577863514423,
        0.060484472662210464,
        0.003580123418942094,
        0.00808002334088087,
        0.005175408907234669,
        0.018942615017294884,
        0.006207392551004887,
        0.0030018070247024298,
        0.011396309360861778,
        0.009061804972589016,
        0.009956813417375088,
        0.02453267015516758,
        0.010986671783030033,
        0.011848743073642254,
        0.05793362110853195,
        0.008677353151142597,
        0.011483886279165745,
        0.14056500792503357,
        0.02192744053900242
    ],
    "comments": {
        "created-by": "run_analogies.py",
        "args": {
            "model": "gpt2-xl",
            "cache_dir": "cache/",
            "tokenizer": "gpt2-xl",
            "data_dir": "data/analogies/gpt2_xl/",
            "importance_results_dir": "rationalization_results/analogies/gpt2_xl_input_x_gradient",
            "device": "cuda",
            "rationalization_config": "config/eva_input_x_gradient.json",
            "input_num_ratio": 1,
            "logfolder": "logs/analogies/gpt2_xl_input_x_gradient",
            "loglevel": 20
        },
        "time_elapsed": 0.10435318946838379
    }
}