{
    "$schema": "../docs/rationalization.schema.json",
    "id": 71,
    "input-text": [
        "As",
        " soon",
        " as",
        " I",
        " arrived",
        " in",
        " Maryland",
        ",",
        " I",
        " checked",
        " into",
        " my",
        " hotel",
        " and",
        " watched",
        " a",
        " movie",
        " before",
        " falling",
        " asleep",
        ".",
        " (",
        "I",
        " had",
        " a",
        " great",
        " call",
        " with",
        " my",
        " husband",
        ",",
        " although",
        " I",
        " wish",
        " it",
        " were",
        " longer",
        ").",
        " I",
        " was",
        " staying",
        " in",
        " my",
        " favorite",
        " city",
        ","
    ],
    "input-tokens": [
        1722,
        2582,
        355,
        314,
        5284,
        287,
        10769,
        11,
        314,
        10667,
        656,
        616,
        7541,
        290,
        7342,
        257,
        3807,
        878,
        7463,
        16039,
        13,
        357,
        40,
        550,
        257,
        1049,
        869,
        351,
        616,
        5229,
        11,
        3584,
        314,
        4601,
        340,
        547,
        2392,
        737,
        314,
        373,
        10589,
        287,
        616,
        4004,
        1748,
        11
    ],
    "target-text": " Baltimore",
    "target-token": 10346,
    "rational-size": 5,
    "rational-positions": [
        6,
        44,
        43,
        40,
        12
    ],
    "rational-text": [
        " Maryland",
        " city",
        " favorite",
        " staying",
        " hotel"
    ],
    "rational-tokens": [
        10769,
        1748,
        4004,
        10589,
        7541
    ],
    "importance-scores": [
        0.036721620708703995,
        0.027621062472462654,
        0.01481210719794035,
        0.018224984407424927,
        0.03459226340055466,
        0.0163295678794384,
        0.1765935868024826,
        0.007164017762988806,
        0.006704096682369709,
        0.021863000467419624,
        0.007572728209197521,
        0.00912553071975708,
        0.04803059250116348,
        0.005553396884351969,
        0.018596475943922997,
        0.004548934753984213,
        0.029533114284276962,
        0.0071116560138762,
        0.01708136685192585,
        0.037946585565805435,
        0.007378355134278536,
        0.008415763266384602,
        0.009123874828219414,
        0.0051584807224571705,
        0.0030609196983277798,
        0.012106557376682758,
        0.011887378990650177,
        0.003602371085435152,
        0.006659573409706354,
        0.028763143345713615,
        0.004124416504055262,
        0.01869354210793972,
        0.00426940992474556,
        0.01520219910889864,
        0.004835064988583326,
        0.004983116406947374,
        0.013258506543934345,
        0.02146296203136444,
        0.010968415066599846,
        0.011145676486194134,
        0.05771298706531525,
        0.008227580226957798,
        0.019382117316126823,
        0.07061779499053955,
        0.0803564041852951,
        0.012876703403890133
    ],
    "comments": {
        "created-by": "run_analogies.py",
        "args": {
            "model": "gpt2-xl",
            "cache_dir": "./cache/",
            "tokenizer": "gpt2-xl",
            "data_dir": "data/analogies/gpt2_xl/",
            "importance_results_dir": "rationalization_results/analogies/gpt2_xl_input_x_gradient",
            "device": "cuda",
            "rationalization_config": "config/eva_input_x_gradient.json",
            "input_num_ratio": 1,
            "logfolder": "logs/analogies/gpt2_xl_input_x_gradient",
            "loglevel": 20
        },
        "time_elapsed": 0.14423036575317383
    }
}