{
    "$schema": "../docs/rationalization.schema.json",
    "id": 75,
    "input-text": [
        "As",
        " soon",
        " as",
        " I",
        " arrived",
        " in",
        " Florida",
        ",",
        " I",
        " checked",
        " into",
        " my",
        " hotel",
        " and",
        " watched",
        " a",
        " movie",
        " before",
        " falling",
        " asleep",
        ".",
        " (",
        "I",
        " had",
        " a",
        " great",
        " call",
        " with",
        " my",
        " husband",
        ",",
        " although",
        " I",
        " wish",
        " it",
        " were",
        " longer",
        ").",
        " I",
        " was",
        " staying",
        " in",
        " my",
        " favorite",
        " city",
        ","
    ],
    "input-tokens": [
        1722,
        2582,
        355,
        314,
        5284,
        287,
        4744,
        11,
        314,
        10667,
        656,
        616,
        7541,
        290,
        7342,
        257,
        3807,
        878,
        7463,
        16039,
        13,
        357,
        40,
        550,
        257,
        1049,
        869,
        351,
        616,
        5229,
        11,
        3584,
        314,
        4601,
        340,
        547,
        2392,
        737,
        314,
        373,
        10589,
        287,
        616,
        4004,
        1748,
        11
    ],
    "target-text": " Miami",
    "target-token": 8437,
    "rational-size": 5,
    "rational-positions": [
        6,
        44,
        43,
        40,
        12
    ],
    "rational-text": [
        " Florida",
        " city",
        " favorite",
        " staying",
        " hotel"
    ],
    "rational-tokens": [
        4744,
        1748,
        4004,
        10589,
        7541
    ],
    "importance-scores": [
        0.034698259085416794,
        0.02627306617796421,
        0.01075589656829834,
        0.014910847879946232,
        0.03576933220028877,
        0.014204541221261024,
        0.12592676281929016,
        0.0052786339074373245,
        0.007437289692461491,
        0.020829223096370697,
        0.00742875412106514,
        0.010100006125867367,
        0.04945797845721245,
        0.007144270930439234,
        0.01800515502691269,
        0.005285263527184725,
        0.030469516292214394,
        0.007923044264316559,
        0.01830510050058365,
        0.043872520327568054,
        0.008429547771811485,
        0.011279585771262646,
        0.009202620945870876,
        0.005311357323080301,
        0.0035381752531975508,
        0.014764726161956787,
        0.013923056423664093,
        0.004285788629204035,
        0.008186138235032558,
        0.034902848303318024,
        0.004837271757423878,
        0.02167854830622673,
        0.004699770826846361,
        0.016752023249864578,
        0.004681105725467205,
        0.005533087067306042,
        0.014838195405900478,
        0.021448122337460518,
        0.011074338108301163,
        0.010367870330810547,
        0.054869625717401505,
        0.007168819196522236,
        0.019810182973742485,
        0.07074637711048126,
        0.10512953251600266,
        0.01846577227115631
    ],
    "comments": {
        "created-by": "run_analogies.py",
        "args": {
            "model": "gpt2-xl",
            "cache_dir": "./cache/",
            "tokenizer": "gpt2-xl",
            "data_dir": "data/analogies/gpt2_xl/",
            "importance_results_dir": "rationalization_results/analogies/gpt2_xl_input_x_gradient",
            "device": "cuda",
            "rationalization_config": "config/eva_input_x_gradient.json",
            "input_num_ratio": 1,
            "logfolder": "logs/analogies/gpt2_xl_input_x_gradient",
            "loglevel": 20
        },
        "time_elapsed": 0.14440560340881348
    }
}