{
    "$schema": "../docs/rationalization.schema.json",
    "id": 76,
    "input-text": [
        "As",
        " soon",
        " as",
        " I",
        " arrived",
        " in",
        " Hawaii",
        ",",
        " I",
        " checked",
        " into",
        " my",
        " hotel",
        " and",
        " watched",
        " a",
        " movie",
        " before",
        " falling",
        " asleep",
        ".",
        " (",
        "I",
        " had",
        " a",
        " great",
        " call",
        " with",
        " my",
        " husband",
        ",",
        " although",
        " I",
        " wish",
        " it",
        " were",
        " longer",
        ").",
        " I",
        " was",
        " staying",
        " in",
        " my",
        " favorite",
        " city",
        ","
    ],
    "input-tokens": [
        1722,
        2582,
        355,
        314,
        5284,
        287,
        13708,
        11,
        314,
        10667,
        656,
        616,
        7541,
        290,
        7342,
        257,
        3807,
        878,
        7463,
        16039,
        13,
        357,
        40,
        550,
        257,
        1049,
        869,
        351,
        616,
        5229,
        11,
        3584,
        314,
        4601,
        340,
        547,
        2392,
        737,
        314,
        373,
        10589,
        287,
        616,
        4004,
        1748,
        11
    ],
    "target-text": " Honolulu",
    "target-token": 43296,
    "rational-size": 5,
    "rational-positions": [
        6,
        44,
        43,
        40,
        4
    ],
    "rational-text": [
        " Hawaii",
        " city",
        " favorite",
        " staying",
        " arrived"
    ],
    "rational-tokens": [
        13708,
        1748,
        4004,
        10589,
        5284
    ],
    "importance-scores": [
        0.039583221077919006,
        0.028939031064510345,
        0.016183797270059586,
        0.01866883598268032,
        0.04308571293950081,
        0.017904363572597504,
        0.217344731092453,
        0.0035979757085442543,
        0.005122686270624399,
        0.018017463386058807,
        0.005972195416688919,
        0.007895641960203648,
        0.03481319174170494,
        0.005212876945734024,
        0.0153775280341506,
        0.0034086043015122414,
        0.021873317658901215,
        0.005680454894900322,
        0.01560812909156084,
        0.03409932181239128,
        0.006608500145375729,
        0.006472805980592966,
        0.006185794249176979,
        0.004391911439597607,
        0.00312681938521564,
        0.013571797870099545,
        0.010479182004928589,
        0.003108592238277197,
        0.0067341444082558155,
        0.03375567868351936,
        0.0029399869963526726,
        0.0148036889731884,
        0.004211856052279472,
        0.012384943664073944,
        0.00366448936983943,
        0.004358891397714615,
        0.009984509088099003,
        0.017013512551784515,
        0.00805058516561985,
        0.007905697450041771,
        0.050482913851737976,
        0.006595289334654808,
        0.011498754844069481,
        0.05289343371987343,
        0.1302020102739334,
        0.010185159742832184
    ],
    "comments": {
        "created-by": "run_analogies.py",
        "args": {
            "model": "gpt2-xl",
            "cache_dir": "cache/",
            "tokenizer": "gpt2-xl",
            "data_dir": "data/analogies/gpt2_xl/",
            "importance_results_dir": "rationalization_results/analogies/gpt2_xl_input_x_gradient",
            "device": "cuda",
            "rationalization_config": "config/eva_input_x_gradient.json",
            "input_num_ratio": 1,
            "logfolder": "logs/analogies/gpt2_xl_input_x_gradient",
            "loglevel": 20
        },
        "time_elapsed": 0.09937262535095215
    }
}