{
    "$schema": "../docs/rationalization.schema.json",
    "id": 77,
    "input-text": [
        "As",
        " soon",
        " as",
        " I",
        " arrived",
        " in",
        " Alaska",
        ",",
        " I",
        " checked",
        " into",
        " my",
        " hotel",
        " and",
        " watched",
        " a",
        " movie",
        " before",
        " falling",
        " asleep",
        ".",
        " (",
        "I",
        " had",
        " a",
        " great",
        " call",
        " with",
        " my",
        " husband",
        ",",
        " although",
        " I",
        " wish",
        " it",
        " were",
        " longer",
        ").",
        " I",
        " was",
        " staying",
        " in",
        " my",
        " favorite",
        " city",
        ","
    ],
    "input-tokens": [
        1722,
        2582,
        355,
        314,
        5284,
        287,
        12926,
        11,
        314,
        10667,
        656,
        616,
        7541,
        290,
        7342,
        257,
        3807,
        878,
        7463,
        16039,
        13,
        357,
        40,
        550,
        257,
        1049,
        869,
        351,
        616,
        5229,
        11,
        3584,
        314,
        4601,
        340,
        547,
        2392,
        737,
        314,
        373,
        10589,
        287,
        616,
        4004,
        1748,
        11
    ],
    "target-text": " Anchorage",
    "target-token": 50066,
    "rational-size": 5,
    "rational-positions": [
        6,
        44,
        43,
        4,
        0
    ],
    "rational-text": [
        " Alaska",
        " city",
        " favorite",
        " arrived",
        "As"
    ],
    "rational-tokens": [
        12926,
        1748,
        4004,
        5284,
        1722
    ],
    "importance-scores": [
        0.04803181067109108,
        0.03410043567419052,
        0.01823737472295761,
        0.024049438536167145,
        0.049794379621744156,
        0.01803532987833023,
        0.29901623725891113,
        0.003912349231541157,
        0.004302172921597958,
        0.013795972801744938,
        0.00442845094949007,
        0.0061273458413779736,
        0.028936021029949188,
        0.0030569296795874834,
        0.012757809832692146,
        0.002710083033889532,
        0.018198968842625618,
        0.004785326309502125,
        0.013729587197303772,
        0.03173978626728058,
        0.003772585652768612,
        0.0069876727648079395,
        0.004957676865160465,
        0.0030704718083143234,
        0.002362830564379692,
        0.011190450750291348,
        0.008452231995761395,
        0.002738705137744546,
        0.004941320046782494,
        0.02763601392507553,
        0.0024031579960137606,
        0.009556062519550323,
        0.0034742176067084074,
        0.01072535291314125,
        0.003010087413713336,
        0.0034757403191179037,
        0.009162528440356255,
        0.013815319165587425,
        0.006863846909254789,
        0.006062680389732122,
        0.039589643478393555,
        0.005116272252053022,
        0.010997838340699673,
        0.0530904158949852,
        0.09718925505876541,
        0.00961181428283453
    ],
    "comments": {
        "created-by": "run_analogies.py",
        "args": {
            "model": "gpt2-xl",
            "cache_dir": "./cache/",
            "tokenizer": "gpt2-xl",
            "data_dir": "data/analogies/gpt2_xl/",
            "importance_results_dir": "rationalization_results/analogies/gpt2_xl_input_x_gradient",
            "device": "cuda",
            "rationalization_config": "config/eva_input_x_gradient.json",
            "input_num_ratio": 1,
            "logfolder": "logs/analogies/gpt2_xl_input_x_gradient",
            "loglevel": 20
        },
        "time_elapsed": 0.14247632026672363
    }
}