{
    "$schema": "../docs/rationalization.schema.json",
    "id": 78,
    "input-text": [
        "As",
        " soon",
        " as",
        " I",
        " arrived",
        " in",
        " Wisconsin",
        ",",
        " I",
        " checked",
        " into",
        " my",
        " hotel",
        " and",
        " watched",
        " a",
        " movie",
        " before",
        " falling",
        " asleep",
        ".",
        " (",
        "I",
        " had",
        " a",
        " great",
        " call",
        " with",
        " my",
        " husband",
        ",",
        " although",
        " I",
        " wish",
        " it",
        " were",
        " longer",
        ").",
        " I",
        " was",
        " staying",
        " in",
        " my",
        " favorite",
        " city",
        ","
    ],
    "input-tokens": [
        1722,
        2582,
        355,
        314,
        5284,
        287,
        9279,
        11,
        314,
        10667,
        656,
        616,
        7541,
        290,
        7342,
        257,
        3807,
        878,
        7463,
        16039,
        13,
        357,
        40,
        550,
        257,
        1049,
        869,
        351,
        616,
        5229,
        11,
        3584,
        314,
        4601,
        340,
        547,
        2392,
        737,
        314,
        373,
        10589,
        287,
        616,
        4004,
        1748,
        11
    ],
    "target-text": " Madison",
    "target-token": 14909,
    "rational-size": 5,
    "rational-positions": [
        6,
        43,
        44,
        40,
        19
    ],
    "rational-text": [
        " Wisconsin",
        " favorite",
        " city",
        " staying",
        " asleep"
    ],
    "rational-tokens": [
        9279,
        4004,
        1748,
        10589,
        16039
    ],
    "importance-scores": [
        0.03261272981762886,
        0.025753432884812355,
        0.01080344058573246,
        0.014757532626390457,
        0.03556828200817108,
        0.012344968505203724,
        0.15713725984096527,
        0.005583684425801039,
        0.007379599846899509,
        0.023364940658211708,
        0.008371383883059025,
        0.010284719988703728,
        0.04117518663406372,
        0.005329404026269913,
        0.018486252054572105,
        0.004363857675343752,
        0.027786478400230408,
        0.010044439695775509,
        0.018538910895586014,
        0.046181563287973404,
        0.007220356725156307,
        0.010260025039315224,
        0.009361257776618004,
        0.004816412925720215,
        0.0037069094832986593,
        0.014373783953487873,
        0.012431125156581402,
        0.003967848140746355,
        0.008537592366337776,
        0.041569482535123825,
        0.004306870047003031,
        0.016216246411204338,
        0.0042220111936330795,
        0.014474352821707726,
        0.004387362394481897,
        0.005271999165415764,
        0.013433937914669514,
        0.02249736152589321,
        0.0115803899243474,
        0.009244069457054138,
        0.04927679896354675,
        0.00728782219812274,
        0.02138688415288925,
        0.08766771107912064,
        0.08121322840452194,
        0.015420193783938885
    ],
    "comments": {
        "created-by": "run_analogies.py",
        "args": {
            "model": "gpt2-xl",
            "cache_dir": "./cache/",
            "tokenizer": "gpt2-xl",
            "data_dir": "data/analogies/gpt2_xl/",
            "importance_results_dir": "rationalization_results/analogies/gpt2_xl_input_x_gradient",
            "device": "cuda",
            "rationalization_config": "config/eva_input_x_gradient.json",
            "input_num_ratio": 1,
            "logfolder": "logs/analogies/gpt2_xl_input_x_gradient",
            "loglevel": 20
        },
        "time_elapsed": 0.13451504707336426
    }
}