{
    "$schema": "../docs/rationalization.schema.json",
    "id": 79,
    "input-text": [
        "I",
        " initially",
        " invited",
        " my",
        " brother",
        ",",
        " who",
        " gladly",
        " accepted",
        " my",
        " invitation",
        ".",
        " (",
        "My",
        " favorite",
        " song",
        " just",
        " came",
        " on",
        ",",
        " so",
        " I",
        " was",
        " able",
        " to",
        " relax",
        ").",
        " When",
        " I",
        " learned",
        " that",
        " women",
        " were",
        " allowed",
        ",",
        " I",
        " went",
        " ahead",
        " and",
        " also",
        " invited",
        " my"
    ],
    "input-tokens": [
        40,
        7317,
        9392,
        616,
        3956,
        11,
        508,
        35092,
        6292,
        616,
        17023,
        13,
        357,
        3666,
        4004,
        3496,
        655,
        1625,
        319,
        11,
        523,
        314,
        373,
        1498,
        284,
        8960,
        737,
        1649,
        314,
        4499,
        326,
        1466,
        547,
        3142,
        11,
        314,
        1816,
        4058,
        290,
        635,
        9392,
        616
    ],
    "target-text": " sister",
    "target-token": 6621,
    "rational-size": 5,
    "rational-positions": [
        4,
        1,
        2,
        31,
        7
    ],
    "rational-text": [
        " brother",
        " initially",
        " invited",
        " women",
        " gladly"
    ],
    "rational-tokens": [
        3956,
        7317,
        9392,
        1466,
        35092
    ],
    "importance-scores": [
        0.048624031245708466,
        0.07927858829498291,
        0.07234440743923187,
        0.03434636816382408,
        0.15299661457538605,
        0.007893125526607037,
        0.009908932261168957,
        0.054021596908569336,
        0.01798205077648163,
        0.009344976395368576,
        0.04737512767314911,
        0.006463981233537197,
        0.01070179883390665,
        0.009662937372922897,
        0.025552883744239807,
        0.022049373015761375,
        0.0064725978299975395,
        0.006693944334983826,
        0.0034089076798409224,
        0.0025752808433026075,
        0.006152744870632887,
        0.004270260687917471,
        0.004238381050527096,
        0.013913688249886036,
        0.002504701027646661,
        0.02623077481985092,
        0.015756146982312202,
        0.011136199347674847,
        0.007097379304468632,
        0.0283045656979084,
        0.007417802233248949,
        0.05713273584842682,
        0.008190111257135868,
        0.03117211163043976,
        0.006223977077752352,
        0.009947585873305798,
        0.009624308906495571,
        0.01818767935037613,
        0.0055913799442350864,
        0.017031468451023102,
        0.046396851539611816,
        0.03578171506524086
    ],
    "comments": {
        "created-by": "run_analogies.py",
        "args": {
            "model": "gpt2-xl",
            "cache_dir": "./cache/",
            "tokenizer": "gpt2-xl",
            "data_dir": "data/analogies/gpt2_xl/",
            "importance_results_dir": "rationalization_results/analogies/gpt2_xl_input_x_gradient",
            "device": "cuda",
            "rationalization_config": "config/eva_input_x_gradient.json",
            "input_num_ratio": 1,
            "logfolder": "logs/analogies/gpt2_xl_input_x_gradient",
            "loglevel": 20
        },
        "time_elapsed": 0.17026114463806152
    }
}