{
    "$schema": "../docs/rationalization.schema.json",
    "id": 89,
    "input-text": [
        "I",
        " knew",
        " it",
        " was",
        " bright",
        ",",
        " but",
        " that",
        "'s",
        " before",
        " I",
        " saw",
        " it",
        " in",
        " person",
        ".",
        " (",
        "Just",
        " then",
        " I",
        " thought",
        " about",
        " my",
        " ex",
        "-",
        "wife",
        ",",
        " but",
        " I",
        " had",
        " to",
        " stop",
        " thinking",
        " about",
        " her",
        ").",
        " When",
        " I",
        " did",
        " end",
        " up",
        " seeing",
        " it",
        " in",
        " person",
        ",",
        " it",
        " was",
        " even"
    ],
    "input-tokens": [
        40,
        2993,
        340,
        373,
        6016,
        11,
        475,
        326,
        338,
        878,
        314,
        2497,
        340,
        287,
        1048,
        13,
        357,
        5703,
        788,
        314,
        1807,
        546,
        616,
        409,
        12,
        22095,
        11,
        475,
        314,
        550,
        284,
        2245,
        3612,
        546,
        607,
        737,
        1649,
        314,
        750,
        886,
        510,
        4379,
        340,
        287,
        1048,
        11,
        340,
        373,
        772
    ],
    "target-text": " brighter",
    "target-token": 26083,
    "rational-size": 5,
    "rational-positions": [
        4,
        1,
        0,
        48,
        25
    ],
    "rational-text": [
        " bright",
        " knew",
        "I",
        " even",
        "wife"
    ],
    "rational-tokens": [
        6016,
        2993,
        40,
        772,
        22095
    ],
    "importance-scores": [
        0.057175591588020325,
        0.06012072041630745,
        0.025897154584527016,
        0.028719497844576836,
        0.21777163445949554,
        0.009719719178974628,
        0.010455180890858173,
        0.00878803338855505,
        0.011533078737556934,
        0.023709412664175034,
        0.009820214472711086,
        0.0241929329931736,
        0.0079379016533494,
        0.00396430678665638,
        0.024883685633540154,
        0.00844009779393673,
        0.014147408306598663,
        0.020911280065774918,
        0.010128621011972427,
        0.00462527247145772,
        0.01179431565105915,
        0.007169351447373629,
        0.006380097474902868,
        0.032105010002851486,
        0.004135374911129475,
        0.04104510694742203,
        0.003968230914324522,
        0.0062663196586072445,
        0.005400594789534807,
        0.0054166801273822784,
        0.003113992279395461,
        0.013734880834817886,
        0.01775331050157547,
        0.007848747074604034,
        0.010252850130200386,
        0.029398238286376,
        0.021021807566285133,
        0.007724955677986145,
        0.011990868486464024,
        0.01722428761422634,
        0.00954131968319416,
        0.031280893832445145,
        0.01155545562505722,
        0.004000501707196236,
        0.019922373816370964,
        0.006108525209128857,
        0.009341740980744362,
        0.009578164666891098,
        0.05198420584201813
    ],
    "comments": {
        "created-by": "run_analogies.py",
        "args": {
            "model": "gpt2-xl",
            "cache_dir": "./cache/",
            "tokenizer": "gpt2-xl",
            "data_dir": "data/analogies/gpt2_xl/",
            "importance_results_dir": "rationalization_results/analogies/gpt2_xl_input_x_gradient",
            "device": "cuda",
            "rationalization_config": "config/eva_input_x_gradient.json",
            "input_num_ratio": 1,
            "logfolder": "logs/analogies/gpt2_xl_input_x_gradient",
            "loglevel": 20
        },
        "time_elapsed": 0.11599254608154297
    }
}