{
    "$schema": "../docs/rationalization.schema.json",
    "id": 2,
    "input-text": [
        "</s>",
        "When",
        " my",
        " flight",
        " landed",
        " in",
        " France",
        ",",
        " I",
        " converted",
        " my",
        " currency",
        " and",
        " slowly",
        " fell",
        " asleep",
        ".",
        " (",
        "I",
        " had",
        " a",
        " terrifying",
        " dream",
        " about",
        " my",
        " grandmother",
        ",",
        " but",
        " that",
        "'s",
        " a",
        " story",
        " for",
        " another",
        " time",
        ").",
        " I",
        " was",
        " staying",
        " in",
        " the",
        " capital",
        ","
    ],
    "input-tokens": [
        2,
        1779,
        127,
        2524,
        5932,
        11,
        1470,
        6,
        38,
        8417,
        127,
        2593,
        8,
        5764,
        1064,
        15028,
        4,
        36,
        100,
        56,
        10,
        15567,
        3366,
        59,
        127,
        8853,
        6,
        53,
        14,
        18,
        10,
        527,
        13,
        277,
        86,
        322,
        38,
        21,
        4959,
        11,
        5,
        812,
        6
    ],
    "target-text": " Paris",
    "target-token": 2201,
    "rational-size": 5,
    "rational-positions": [
        42,
        41,
        39,
        4,
        7
    ],
    "rational-text": [
        ",",
        " capital",
        " in",
        " landed",
        ","
    ],
    "rational-tokens": [
        6,
        812,
        11,
        5932,
        6
    ],
    "importance-scores": [
        0.0,
        0.0,
        0.030532464385032654,
        0.03336121141910553,
        0.06567269563674927,
        0.03612912446260452,
        0.032743122428655624,
        0.055160343647003174,
        0.014544541947543621,
        0.013422159478068352,
        0.016315551474690437,
        0.011593748815357685,
        0.016966838389635086,
        0.015553302131593227,
        0.013687186874449253,
        0.014740083366632462,
        0.021881302818655968,
        0.012397130019962788,
        0.01153663732111454,
        0.008140107616782188,
        0.009310116060078144,
        0.012371081858873367,
        0.014943032525479794,
        0.011607319116592407,
        0.00925537385046482,
        0.011013088747859001,
        0.03371976688504219,
        0.011737988330423832,
        0.01747683435678482,
        0.007972209714353085,
        0.012997365556657314,
        0.011048659682273865,
        0.011224085465073586,
        0.010117579251527786,
        0.011455106548964977,
        0.0184672512114048,
        0.028475502505898476,
        0.01378681231290102,
        0.037008609622716904,
        0.0668937936425209,
        0.020073147490620613,
        0.06997396051883698,
        0.09756441414356232
    ],
    "comments": {
        "created-by": "run_analogies.py",
        "args": {
            "model": "facebook/opt-1.3b",
            "cache_dir": "./cache/",
            "tokenizer": "facebook/opt-1.3b",
            "data_dir": "data/analogies/OPT1B/",
            "importance_results_dir": "rationalization_results/analogies/OPT1B_gradient_shap",
            "device": "cuda",
            "rationalization_config": "config/eva_gradient_shap.json",
            "input_num_ratio": 1,
            "logfolder": "logs/analogies/OPT1B_gradient_shap",
            "loglevel": 20
        },
        "time_elapsed": 0.11440205574035645
    }
}