{
    "$schema": "../docs/rationalization.schema.json",
    "id": 28,
    "input-text": [
        "</s>",
        "I",
        " had",
        " never",
        " been",
        " friends",
        " with",
        " any",
        " French",
        " people",
        " before",
        ".",
        " (",
        "The",
        " funn",
        "iest",
        " thing",
        " happened",
        " to",
        " me",
        " the",
        " other",
        " day",
        ",",
        " but",
        " that",
        "'s",
        " a",
        " story",
        " for",
        " another",
        " time",
        ").",
        " In",
        " fact",
        ",",
        " I",
        " had",
        " never",
        " even",
        " been",
        " to"
    ],
    "input-tokens": [
        2,
        100,
        56,
        393,
        57,
        964,
        19,
        143,
        1515,
        82,
        137,
        4,
        36,
        133,
        29310,
        7098,
        631,
        1102,
        7,
        162,
        5,
        97,
        183,
        6,
        53,
        14,
        18,
        10,
        527,
        13,
        277,
        86,
        322,
        96,
        754,
        6,
        38,
        56,
        393,
        190,
        57,
        7
    ],
    "target-text": " France",
    "target-token": 1470,
    "rational-size": 5,
    "rational-positions": [
        35,
        41,
        10,
        34,
        26
    ],
    "rational-text": [
        ",",
        " to",
        " before",
        " fact",
        "'s"
    ],
    "rational-tokens": [
        6,
        7,
        137,
        754,
        18
    ],
    "importance-scores": [
        0.0,
        0.0,
        0.020215455442667007,
        0.02157282456755638,
        0.02057674154639244,
        0.02062521129846573,
        0.02171468921005726,
        0.028479063883423805,
        0.021757015958428383,
        0.03138504922389984,
        0.049400899559259415,
        0.016815226525068283,
        0.011122109368443489,
        0.012914850376546383,
        0.009774932637810707,
        0.013970817439258099,
        0.013885336928069592,
        0.012108614668250084,
        0.010215292684733868,
        0.013601741753518581,
        0.013062856160104275,
        0.009098051115870476,
        0.0117805115878582,
        0.010185171850025654,
        0.010411432944238186,
        0.011901442892849445,
        0.04334311559796333,
        0.012922292575240135,
        0.013290131464600563,
        0.018698398023843765,
        0.01516549102962017,
        0.013662789016962051,
        0.019967542961239815,
        0.014995609410107136,
        0.04342198744416237,
        0.15014103055000305,
        0.0070999786257743835,
        0.008992751128971577,
        0.03162775933742523,
        0.012869690544903278,
        0.023272061720490456,
        0.0640779435634613
    ],
    "comments": {
        "created-by": "run_analogies.py",
        "args": {
            "model": "facebook/opt-1.3b",
            "cache_dir": "./cache/",
            "tokenizer": "facebook/opt-1.3b",
            "data_dir": "data/analogies/OPT1B/",
            "importance_results_dir": "rationalization_results/analogies/OPT1B_gradient_shap",
            "device": "cuda",
            "rationalization_config": "config/eva_gradient_shap.json",
            "input_num_ratio": 1,
            "logfolder": "logs/analogies/OPT1B_gradient_shap",
            "loglevel": 20
        },
        "time_elapsed": 0.11362719535827637
    }
}