{
    "$schema": "../docs/rationalization.schema.json",
    "id": 32,
    "input-text": [
        "</s>",
        "I",
        " had",
        " never",
        " been",
        " friends",
        " with",
        " any",
        " Israeli",
        " people",
        " before",
        ".",
        " (",
        "The",
        " funn",
        "iest",
        " thing",
        " happened",
        " to",
        " me",
        " the",
        " other",
        " day",
        ",",
        " but",
        " that",
        "'s",
        " a",
        " story",
        " for",
        " another",
        " time",
        ").",
        " In",
        " fact",
        ",",
        " I",
        " had",
        " never",
        " even",
        " been",
        " to"
    ],
    "input-tokens": [
        2,
        100,
        56,
        393,
        57,
        964,
        19,
        143,
        3465,
        82,
        137,
        4,
        36,
        133,
        29310,
        7098,
        631,
        1102,
        7,
        162,
        5,
        97,
        183,
        6,
        53,
        14,
        18,
        10,
        527,
        13,
        277,
        86,
        322,
        96,
        754,
        6,
        38,
        56,
        393,
        190,
        57,
        7
    ],
    "target-text": " Israel",
    "target-token": 1870,
    "rational-size": 5,
    "rational-positions": [
        41,
        3,
        35,
        2,
        4
    ],
    "rational-text": [
        " to",
        " never",
        ",",
        " had",
        " been"
    ],
    "rational-tokens": [
        7,
        393,
        6,
        56,
        57
    ],
    "importance-scores": [
        0.0,
        0.0,
        0.0553998202085495,
        0.06292553246021271,
        0.04385123774409294,
        0.033830855041742325,
        0.04308818280696869,
        0.03653600811958313,
        0.01948654092848301,
        0.032684896141290665,
        0.014860820025205612,
        0.02456923946738243,
        0.006903376895934343,
        0.008831892162561417,
        0.00609732698649168,
        0.007921901531517506,
        0.0078041101805865765,
        0.010967332869768143,
        0.008611323311924934,
        0.011802753433585167,
        0.0084980558604002,
        0.013205822557210922,
        0.005637160036712885,
        0.005474104080349207,
        0.009000527672469616,
        0.0077839018777012825,
        0.030243415385484695,
        0.0054067689925432205,
        0.007598386611789465,
        0.01276632770895958,
        0.027839340269565582,
        0.011295460164546967,
        0.019392693415284157,
        0.008962199091911316,
        0.0160867627710104,
        0.057653751224279404,
        0.011560915969312191,
        0.016935069113969803,
        0.02716841734945774,
        0.04271465912461281,
        0.03689787536859512,
        0.1425197720527649
    ],
    "comments": {
        "created-by": "run_analogies.py",
        "args": {
            "model": "facebook/opt-1.3b",
            "cache_dir": "./cache/",
            "tokenizer": "facebook/opt-1.3b",
            "data_dir": "data/analogies/OPT1B/",
            "importance_results_dir": "rationalization_results/analogies/OPT1B_gradient_shap",
            "device": "cuda",
            "rationalization_config": "config/eva_gradient_shap.json",
            "input_num_ratio": 1,
            "logfolder": "logs/analogies/OPT1B_gradient_shap",
            "loglevel": 20
        },
        "time_elapsed": 0.1151587963104248
    }
}