suff,comp,random_suff,random_comp
0.0014776797624567644,0.002305000666859994,0.0016742081485838548,0.0014164090633977736
