suff,comp,random_suff,random_comp
0.0007943928008731152,0.028533955498669845,0.0007748576234578716,0.027027122577091094
