suff,comp,random_suff,random_comp
0.03254778874808157,0.8871868163196681,0.035522756689516516,0.9137427877940647
