suff,comp,random_suff,random_comp
0.02685717482283272,0.8975481288244765,0.02584369625333778,0.885503658329699
