suff,comp,random_suff,random_comp
0.038823231840046483,0.9429404524116152,0.05833650063176643,0.9444867816491452
