suff,comp,random_suff,random_comp
0.014763865530557177,0.8859220529959791,0.012061787728702852,0.7878240547918115
