suff,comp,random_suff,random_comp
0.02685717482283272,0.8975481288244765,0.028254997387748972,0.8893258124937197
