suff,comp,random_suff,random_comp
0.03125791092085193,0.9239324537598794,0.04245154195385628,0.9267165287057595
