suff,comp,random_suff,random_comp
0.026385174092001352,0.8120811324925912,0.006516438601806923,0.6479569878538859
