suff,comp,random_suff,random_comp
0.014763865530557177,0.8859220529959791,0.012088711456702803,0.7716847846663598
