target_pos,target_token,norm_suff,random_suff,norm_comp,random_comp
21, north,0.0,0.0,0.031297653913497925,0.016116270795464516
23, Hawaii,0.0,0.0007928900886327028,0.05639716982841492,0.09196657687425613
25, It,0.0,0.00046401392319239676,0.06997945159673691,0.22737666964530945
27, the,0.0,0.0,0.01956620253622532,0.011887379921972752
29, largest,0.023940954357385635,0.020393123850226402,0.08400437235832214,0.08633970469236374
