norm_suff_mean,random_suff_mean,norm_comp_mean,random_comp_mean,final suff,final comp,target_tokens
0.004788191057741642,0.0043300059624016285,0.052248965948820114,0.08673732727766037,1.1058162450790405,18.114843368530273, north$ Hawaii$ It$ the$ largest
