target_pos,target_token,norm_suff,random_suff,norm_comp,random_comp
27, The,0.0,0.00020175093959551305,0.12921150028705597,0.054132070392370224
29, were,0.0,0.0,0.06084516644477844,0.028117557987570763
31, first,0.0,0.0,0.03530510142445564,0.037692077457904816
33, use,0.009016790427267551,0.007140265312045813,0.019562847912311554,0.010577322915196419
35, sword,0.01618911512196064,0.01173270121216774,0.06664962321519852,0.026941973716020584
