norm_suff_mean,random_suff_mean,norm_comp_mean,random_comp_mean,final suff,final comp,target_tokens
0.005041181575506926,0.003814943600445986,0.062314849346876144,0.0314921997487545,1.3214302062988281,6.246987819671631, The$ were$ first$ use$ sword
