target_pos,target_token,norm_suff,random_suff,norm_comp,random_comp
17, in,0.01274464838206768,0.0021428391337394714,0.1752510666847229,0.02577531337738037
19, middle,0.0013928741682320833,0.0012688871938735247,0.04013507813215256,0.08927017450332642
21, the,0.0,0.0024369421880692244,0.12584789097309113,0.2812046408653259
23,.,0.20069891214370728,0.03528555482625961,0.027890872210264206,0.014506741426885128
25, was,0.0,0.0,0.038015566766262054,0.022188831120729446
