norm_suff_mean,random_suff_mean,norm_comp_mean,random_comp_mean,final suff,final comp,target_tokens
0.042967285960912704,0.008226844482123852,0.08142810314893723,0.08658913522958755,5.222815036773682,2.0152339935302734, in$ middle$ the$.$ was
