target_pos,target_token,norm_suff,random_suff,norm_comp,random_comp
12, They,0.0,0.0,0.08851365000009537,0.05163639783859253
14, used,0.0,0.0,0.05062682554125786,0.11436977982521057
16, cooking,0.0,0.0,0.07059366255998611,0.05721944943070412
18, baking,0.0,0.0027008068282157183,0.10779713094234467,0.03385630249977112
20, and,0.0,0.001052097650244832,0.053172241896390915,0.14419955015182495
