target_pos,target_token,norm_suff,random_suff,norm_comp,random_comp
20,.,0.1061064675450325,0.09475019574165344,0.13655829429626465,0.1894771009683609
22, French,0.000541520828846842,0.0006797710084356368,0.038322653621435165,0.025867747142910957
24, was,0.03862599655985832,0.0,0.07046275585889816,0.03560516983270645
26, by,0.002065502107143402,0.0,0.04319586604833603,0.03954930230975151
28, XIV,0.0,0.0,0.1916865110397339,0.06705482304096222
