norm_suff_mean,random_suff_mean,norm_comp_mean,random_comp_mean,final suff,final comp,target_tokens
0.029467899352312088,0.019085993990302086,0.09604521840810776,0.07151082903146744,1.5439541339874268,2.42673659324646,.$ French$ was$ by$ XIV
