target_pos,target_token,norm_suff,random_suff,norm_comp,random_comp
24,ern,0.0,0.0,0.16180209815502167,0.13296671211719513
26, in,0.0,0.0,0.027169033885002136,0.06878868490457535
28,48,0.028927993029356003,0.022241029888391495,0.02319936454296112,0.015443583019077778
30, It,0.0,0.0,0.03355821594595909,0.012131165713071823
32, the,0.0,0.0,0.011453674174845219,0.02751394547522068
