norm_suff_mean,random_suff_mean,norm_comp_mean,random_comp_mean,final suff,final comp,target_tokens
0.005785598885267973,0.004448206163942814,0.05143648013472557,0.051368821412324905,1.300658941268921,8.878738403320312,ern$ in$48$ It$ the
