target_pos,target_token,norm_suff,random_suff,norm_comp,random_comp
33, ,0.16035892069339752,0.006097939796745777,0.9656220078468323,0.012397113256156445
35, Pennsylvania,0.010424626991152763,0.0033797314390540123,0.017880264669656754,0.008479990996420383
37, It,0.30111968517303467,0.0,0.7729713916778564,0.007440214976668358
39, the,0.4098004102706909,0.015050014480948448,0.8594463467597961,0.007635444402694702
41, longest,0.0016856774454936385,0.0018876397516578436,0.014586151577532291,0.008214298635721207
