norm_suff_mean,random_suff_mean,norm_comp_mean,random_comp_mean,final suff,final comp,target_tokens
0.176677867770195,0.005283065140247345,0.5261012315750122,0.008833413012325764,33.44230270385742,0.04999728128314018, $ Pennsylvania$ It$ the$ longest
