target_pos,target_token,norm_suff,random_suff,norm_comp,random_comp
17, ,0.11958420276641846,0.0,1.0030840635299683,0.008935305289924145
19, 18,0.013390973210334778,0.001520406105555594,0.8259493708610535,0.005764261819422245
21, and,0.0,0.0,0.009446842595934868,0.004650259390473366
23, the,0.25862181186676025,0.0,0.7526360750198364,0.006264473311603069
25, court,0.06317910552024841,0.0,0.7869056463241577,0.005136893596500158
