norm_suff_mean,random_suff_mean,norm_comp_mean,random_comp_mean,final suff,final comp,target_tokens
0.0909552201628685,0.0003040812152903527,0.6756044626235962,0.006150238215923309,299.1148986816406,0.06761831045150757, $ 18$ and$ the$ court
