target_pos,target_token,norm_suff,random_suff,norm_comp,random_comp
18, ,0.19878746569156647,0.0,0.9883161783218384,0.02392071671783924
20, is,0.011375335976481438,0.0,0.012855013832449913,0.008771865628659725
22, largest,0.0,0.0,0.09400817006826401,0.009343028999865055
24, in,0.0,0.0,0.01718420349061489,0.013476531021296978
26, Solar,0.005179074127227068,0.0,0.020849643275141716,0.00843830220401287
