target_pos,target_token,norm_suff,random_suff,norm_comp,random_comp
15, ,0.1388876736164093,0.0,0.9458966255187988,0.017165768891572952
17, is,0.0,0.05010366812348366,0.04338420554995537,0.018949080258607864
19, in,0.17274807393550873,0.0,0.8784566521644592,0.007692100014537573
21, temper,0.0017729351529851556,0.0,0.7132357358932495,0.016409462317824364
23, regions,0.0,0.0,0.8096417188644409,0.016773032024502754
