norm_suff_mean,random_suff_mean,norm_comp_mean,random_comp_mean,final suff,final comp,target_tokens
0.06268173456192017,0.010020733810961246,0.6781229972839355,0.015397888608276844,6.255204200744629,0.24565191566944122, $ is$ in$ temper$ regions
