target_pos,target_token,norm_suff,random_suff,norm_comp,random_comp
24, ,0.024012625217437744,0.0,0.4592045843601227,0.018355712294578552
26, benign,0.011094281449913979,0.0,0.004816977772861719,0.004739344585686922
28, ,0.2752005159854889,0.0038166798185557127,0.8951924443244934,0.009341186843812466
30,Brain,0.05298134684562683,0.010003373958170414,0.26893821358680725,0.014533709734678268
32, are,0.00401330878958106,0.0037251990288496017,0.027495363727211952,0.008243681862950325
