norm_suff_mean,random_suff_mean,norm_comp_mean,random_comp_mean,final suff,final comp,target_tokens
0.0734604224562645,0.003509050700813532,0.3311295211315155,0.011042728088796139,20.93455696105957,0.15032213926315308, $ benign$ $Brain$ are
