target_pos,target_token,norm_suff,random_suff,norm_comp,random_comp
20, ,0.10904446244239807,0.0,1.0259170532226562,0.009101656265556812
22, is,0.006719191092997789,0.0,0.008326693437993526,0.006532460451126099
24, highest,0.015700405463576317,0.0,0.012371587567031384,0.011294758878648281
26, Catholic,0.07495609670877457,0.0,0.7444882392883301,0.011486909352242947
28, the,0.5012801289558411,0.005370892118662596,0.913707435131073,0.003739899955689907
