norm_suff_mean,random_suff_mean,norm_comp_mean,random_comp_mean,final suff,final comp,target_tokens
0.141540065407753,0.0010741784935817122,0.5409622192382812,0.00843113660812378,131.765869140625,0.05956713855266571, $ is$ highest$ Catholic$ the
