target_pos,target_token,norm_suff,random_suff,norm_comp,random_comp
21, east,0.019802924245595932,0.0076391552574932575,0.030399825423955917,0.008600546978414059
23, Hawaii,0.0,0.0,0.10349643230438232,0.016627950593829155
25, The,0.0,0.0,0.015744175761938095,0.005560744553804398
27, is,0.010692693293094635,0.030235590413212776,0.7751402258872986,0.004319141618907452
29,ordered,0.0013841943582519889,1.3957059309177566e-05,0.0009936047717928886,0.0006011149380356073
