target_pos,target_token,norm_suff,random_suff,norm_comp,random_comp
21, east,0.0,0.0,0.017248323187232018,0.007184211164712906
23, Hawaii,0.0,0.0,0.03474053740501404,0.01766330562531948
25, The,0.0,0.0,0.01228275615721941,0.011246049776673317
27, is,0.007746480870991945,0.0,0.00921997893601656,0.007772196549922228
29,ordered,0.00021353107877075672,0.0,0.00046383170410990715,0.00017689826199784875
