norm_suff_mean,random_suff_mean,norm_comp_mean,random_comp_mean,final suff,final comp,target_tokens
0.0063759624026715755,0.007577740587294102,0.18515484035015106,0.00714190024882555,0.8414068222045898,1.1201289892196655, east$ Hawaii$ The$ is$ordered
