target_pos,target_token,norm_suff,random_suff,norm_comp,random_comp
25, ,0.1085004210472107,0.0,1.0085264444351196,0.00725758820772171
27, David,0.07596408575773239,0.0,0.9285809397697449,0.02388516254723072
29,enzie,0.20490972697734833,0.00045519883860833943,0.9499524235725403,0.013071339577436447
31, The,0.24412524700164795,0.009945357218384743,0.8432585597038269,0.007936213165521622
33, is,0.04205973818898201,0.0015872175572440028,0.005438698455691338,0.008022574707865715
