norm_suff_mean,random_suff_mean,norm_comp_mean,random_comp_mean,final suff,final comp,target_tokens
0.13511185348033905,0.0023975546937435865,0.7471514344215393,0.012034575454890728,56.35402297973633,0.08907120674848557, $ David$enzie$ The$ is
