target_pos,target_token,norm_suff,random_suff,norm_comp,random_comp
21, ,0.0,0.0,0.3004501760005951,0.011346299201250076
23, an,0.005133743863552809,0.0,0.01615142822265625,0.009261805564165115
25, who,0.0,0.0,0.016249550506472588,0.006855498068034649
27, played,0.0048293378204107285,0.00603893306106329,0.01256621815264225,0.01750182919204235
29, significant,0.0008743581129238009,0.0006776754162274301,0.08487024903297424,0.013951493427157402
