norm_suff_mean,random_suff_mean,norm_comp_mean,random_comp_mean,final suff,final comp,target_tokens
0.002167487982660532,0.0013433217536658049,0.08605752885341644,0.011783385649323463,1.6135284900665283,5.436424732208252, $ an$ who$ played$ significant
