target_pos,target_token,norm_suff,random_suff,norm_comp,random_comp
27, The,0.1985578089952469,0.028947174549102783,0.8875567317008972,0.007943237200379372
29,eng,0.016695300117135048,0.0004915110766887665,0.9789036512374878,0.0012909499928355217
31, period,0.07012920826673508,0.0030452387873083353,0.22522301971912384,0.01991344429552555
33, marked,0.16030055284500122,0.013350669294595718,0.5290952324867249,0.00675707682967186
35, the,0.12645091116428375,0.02706548012793064,0.6347923874855042,0.007054758723825216
