target_pos,target_token,norm_suff,random_suff,norm_comp,random_comp
27, The,0.0023962652776390314,0.025736909359693527,0.00915547925978899,0.006717274431139231
29,eng,0.0,0.0,0.004056424833834171,0.002615690464153886
31, period,0.015197644010186195,0.006159959360957146,0.06172681227326393,0.023208031430840492
33, marked,0.00930245965719223,0.01569744199514389,0.006750924978405237,0.0034611921291798353
35, the,0.018509672954678535,0.02267923578619957,0.007951165549457073,0.005932488478720188
