norm_suff_mean,random_suff_mean,norm_comp_mean,random_comp_mean,final suff,final comp,target_tokens
0.00908120907843113,0.014054710045456886,0.01792816072702408,0.008386935107409954,0.64613276720047,0.9235482811927795, The$eng$ period$ marked$ the
