norm_suff_mean,random_suff_mean,norm_comp_mean,random_comp_mean,final suff,final comp,target_tokens
0.11442675441503525,0.014580014161765575,0.6511141657829285,0.008591893129050732,7.84819221496582,0.07508639991283417, The$eng$ period$ marked$ the
