target_pos,target_token,norm_suff,random_suff,norm_comp,random_comp
17, in,0.0,0.014362320303916931,0.03803642839193344,0.015489096753299236
19, upper,0.0,0.007780768442898989,0.025769120082259178,0.011286652646958828
21,.,0.0036253829021006823,0.0,0.014801446348428726,0.01064800564199686
23, was,0.0,0.0,0.012471090070903301,0.008381886407732964
25, in,0.0,0.0,0.01070344541221857,0.011882997117936611
