target_pos,target_token,norm_suff,random_suff,norm_comp,random_comp
17, in,0.007105980534106493,0.0095372898504138,0.07026638090610504,0.033514354377985
19, upper,0.013742492534220219,0.0,0.014515651389956474,0.012938869185745716
21,.,0.0,0.0,0.00838316697627306,0.007556731812655926
23, was,0.30579960346221924,0.0,0.9697009921073914,0.007783606648445129
25, in,0.060067690908908844,0.0,0.018382485955953598,0.013926402665674686
