norm_suff_mean,random_suff_mean,norm_comp_mean,random_comp_mean,final suff,final comp,target_tokens
0.0773431584239006,0.0019074579467996955,0.2162497341632843,0.015143992379307747,40.547767639160156,0.19580261409282684, in$ upper$.$ was$ in
