norm_suff_mean,random_suff_mean,norm_comp_mean,random_comp_mean,final suff,final comp,target_tokens
0.0007250765920616686,0.0044286176562309265,0.020356306806206703,0.011537727899849415,0.16372525691986084,15.912425994873047, in$ upper$.$ was$ in
