target_pos,target_token,norm_suff,random_suff,norm_comp,random_comp
16, ,0.12510250508785248,0.001794522861018777,0.9700396656990051,0.03807646036148071
18, the,0.022974057123064995,0.0,0.9732432961463928,0.011691464111208916
20, States,0.7559080719947815,0.0,0.9934912919998169,0.01290148962289095
22, is,0.0,0.0,0.011428175494074821,0.010802622884511948
24, large,0.01541578583419323,0.0,0.18689444661140442,0.018841007724404335
