norm_suff_mean,random_suff_mean,norm_comp_mean,random_comp_mean,final suff,final comp,target_tokens
0.18388009071350098,0.0003589045663829893,0.6270194053649902,0.018462609499692917,512.3369750976562,0.10040570050477982, $ the$ States$ is$ large
