target_pos,target_token,norm_suff,random_suff,norm_comp,random_comp
12, They,0.0,0.004854417871683836,0.04012627899646759,0.021975038573145866
14, used,0.027269328013062477,0.005222028587013483,0.03389095515012741,0.0281028114259243
16, many,0.011317869648337364,0.00317850592546165,0.05005091056227684,0.011758082546293736
18,",",0.0,0.0,0.012027778662741184,0.012306724674999714
20, cooking,0.0,0.0,0.038752131164073944,0.03661365434527397
