target_pos,target_token,norm_suff,random_suff,norm_comp,random_comp
12, They,0.30677834153175354,0.021282656118273735,0.9524715542793274,0.021737420931458473
14, used,0.3365979790687561,0.006309931166470051,0.7729786038398743,0.02000448852777481
16, many,0.2280329167842865,0.009896078146994114,0.02420455403625965,0.02097512036561966
18,",",0.022405793890357018,0.0,0.013134170323610306,0.008529867976903915
20, cooking,0.0,0.0,0.018987661227583885,0.01982847787439823
