norm_suff_mean,random_suff_mean,norm_comp_mean,random_comp_mean,final suff,final comp,target_tokens
0.007717439439147711,0.00265099061653018,0.03496960923075676,0.022151261568069458,2.9111530780792236,2.870286464691162," They$ used$ many$,$ cooking"
