norm_suff_mean,random_suff_mean,norm_comp_mean,random_comp_mean,final suff,final comp,target_tokens
0.1787630170583725,0.0074977329932153225,0.35635530948638916,0.018215075135231018,23.842275619506836,0.10189510136842728," They$ used$ many$,$ cooking"
