target_pos,target_token,norm_suff,random_suff,norm_comp,random_comp
20, until,0.021162793040275574,0.0,0.06567005813121796,0.006592016201466322
22, French,0.0,0.0,0.04873054847121239,0.01909717731177807
24, in,0.0,0.0,0.09600304812192917,0.00663609616458416
26,89,0.0003624326200224459,6.541437323903665e-05,0.04242808371782303,0.0027889227494597435
28, The,0.3028101623058319,0.00963718444108963,0.8418794870376587,0.005056695081293583
