target_pos,target_token,norm_suff,random_suff,norm_comp,random_comp
20, until,0.0,0.0,0.012147937901318073,0.013207717798650265
22, French,0.0,0.0,0.020693913102149963,0.009211988188326359
24, in,0.07969736307859421,0.0,0.025472600013017654,0.005449381191283464
26,89,0.0,0.0,0.006160004064440727,0.004495222121477127
28, The,0.0,0.014929783530533314,0.01016821339726448,0.006812064442783594
