norm_suff_mean,random_suff_mean,norm_comp_mean,random_comp_mean,final suff,final comp,target_tokens
0.06486707180738449,0.0019405197817832232,0.21894226968288422,0.008034181781113148,33.427677154541016,0.1238560900092125, until$ French$ in$89$ The
