norm_suff_mean,random_suff_mean,norm_comp_mean,random_comp_mean,final suff,final comp,target_tokens
0.01593947224318981,0.002985956845805049,0.01492853369563818,0.007835275493562222,5.338145732879639,0.4915643036365509, until$ French$ in$89$ The
