target_pos,target_token,norm_suff,random_suff,norm_comp,random_comp
15, ,0.12497804313898087,0.004322430118918419,0.9814524054527283,0.006477844901382923
17, has,0.059049092233181,0.02066887728869915,0.8778262138366699,0.006027754861861467
19, in,0.271092027425766,0.0,0.7604327201843262,0.004565861076116562
21, number,0.004404903389513493,0.0,0.003533154958859086,0.010272453539073467
23, films,0.0,0.0,0.1788804978132248,0.007565298583358526
