norm_suff_mean,random_suff_mean,norm_comp_mean,random_comp_mean,final suff,final comp,target_tokens
0.09190481156110764,0.004998261574655771,0.5604249835014343,0.006981842219829559,18.38735580444336,0.0759681910276413, $ has$ in$ number$ films
