target_pos,target_token,norm_suff,random_suff,norm_comp,random_comp
15, ,0.13145770132541656,0.0,0.9722433090209961,0.008516686037182808
17, by,0.3378395736217499,0.0,0.9567837715148926,0.005600499454885721
19, for,0.12594753503799438,0.0,0.018253810703754425,0.01089177280664444
21, Nintendo,0.03673531860113144,0.0,0.02136390283703804,0.013491603545844555
23, System,0.0,0.0,0.003456410951912403,0.0030325467232614756
