target_pos,target_token,norm_suff,random_suff,norm_comp,random_comp
24, ,0.1303386390209198,0.0,1.028134822845459,0.062237441539764404
26, Eng,0.05501509830355644,0.0,0.952167809009552,0.02148161642253399
28,ving,0.008715842850506306,0.0012405886081978679,0.9981090426445007,0.001974073937162757
30, Printing,0.0009949511149898171,0.0006084928754717112,0.5035823583602905,0.012580099515616894
32, the,0.20756889879703522,0.0,0.8536436557769775,0.006821292452514172
