norm_suff_mean,random_suff_mean,norm_comp_mean,random_comp_mean,final suff,final comp,target_tokens
0.0805266872048378,0.0003698162909131497,0.867127537727356,0.02101890556514263,217.747802734375,0.26101788878440857, $ Eng$ving$ Printing$ the
