target_pos,target_token,norm_suff,random_suff,norm_comp,random_comp
11, ,0.1441556066274643,0.0,0.9956108331680298,0.006818471476435661
13, was,0.06223864108324051,0.0,0.38542139530181885,0.010614011436700821
15, first,0.004095476120710373,0.002232578583061695,0.0789966732263565,0.010318364948034286
17,mable,0.00024317596398759633,0.0,0.004260741639882326,0.0010445589432492852
19, to,0.0,0.0,0.14188162982463837,0.012373306788504124
