norm_suff_mean,random_suff_mean,norm_comp_mean,random_comp_mean,final suff,final comp,target_tokens
0.042146582156419754,0.00044651571079157293,0.32123425602912903,0.008233743719756603,94.38992309570312,0.1953597068786621, $ was$ first$mable$ to
