target_pos,target_token,norm_suff,random_suff,norm_comp,random_comp
20, ,0.11932193487882614,0.0,1.011894941329956,0.01582326740026474
22, are,0.20183473825454712,0.0,0.8490883708000183,0.023149002343416214
24, to,0.228725865483284,0.0,0.9591789245605469,0.003393154824152589
26, the,0.017576752230525017,0.0,0.2358071357011795,0.01605307124555111
28, of,0.019670911133289337,0.009132768958806992,0.032146114856004715,0.01024571992456913
