norm_suff_mean,random_suff_mean,norm_comp_mean,random_comp_mean,final suff,final comp,target_tokens
0.11742603778839111,0.001826553838327527,0.6176230907440186,0.013732843101024628,64.28829956054688,0.11694887280464172, $ are$ to$ the$ of
