target_pos,target_token,norm_suff,random_suff,norm_comp,random_comp
22, ,0.15921489894390106,0.0,0.9776486754417419,0.008856629952788353
24, the,0.022328229621052742,0.0,0.014460079371929169,0.009907866828143597
26, of,0.0009528876398690045,0.0,0.012961450964212418,0.008635557256639004
28," """,0.06165296211838722,0.0,0.010674952529370785,0.01340233813971281
30, Waste,0.004491065163165331,0.0,0.6414031982421875,0.03521793708205223
