target_pos,target_token,norm_suff,random_suff,norm_comp,random_comp
21, ,0.07403773069381714,0.0,0.9857023358345032,0.008733612485229969
23, played,0.036374084651470184,0.0,0.9212401509284973,0.0123901953920722
25, the,0.2698446810245514,0.0,0.8690288066864014,0.003114915220066905
27, Angeles,0.35532841086387634,0.0,0.9858365058898926,0.0006478236173279583
29, from,0.1695682257413864,0.0,0.10862404853105545,0.010271132923662663
