target_pos,target_token,norm_suff,random_suff,norm_comp,random_comp
25, ,0.1592816859483719,0.0,0.9877662062644958,0.011697139590978622
27,usually,0.11884886771440506,0.0026751572731882334,0.010719162411987782,0.01173410378396511
29, 10,0.0011133452644571662,0.0,0.004112049005925655,0.0041289799846708775
31,20,0.017852000892162323,0.007210981100797653,0.968250572681427,0.004662299994379282
33, ,0.00872188899666071,0.0009295732015743852,0.061393365263938904,0.008321873843669891
