norm_suff_mean,random_suff_mean,norm_comp_mean,random_comp_mean,final suff,final comp,target_tokens
0.06116355583071709,0.002163142431527376,0.40644827485084534,0.008108879439532757,28.275325775146484,0.13257697224617004, $usually$ 10$20$ 
