target_pos,target_token,norm_suff,random_suff,norm_comp,random_comp
50, Because,0.018057314679026604,0.08216873556375504,0.0074700419791042805,0.005583037156611681
52, was,0.03963879123330116,0.0007813955307938159,0.011372007429599762,0.008402268402278423
54,.,0.06956552714109421,0.0,0.0066167027689516544,0.011023257859051228
56,I,0.0,0.0,0.007727392483502626,0.008088044822216034
58, sorry,0.0,0.048373300582170486,0.005164464004337788,0.008052529767155647
