norm_suff_mean,random_suff_mean,norm_comp_mean,random_comp_mean,final suff,final comp,target_tokens
0.025452328845858574,0.02626468800008297,0.007670121733099222,0.008229827508330345,0.969070315361023,0.32334280014038086, Because$ was$.$I$ sorry
