target_pos,target_token,norm_suff,random_suff,norm_comp,random_comp
52, She,0.0,0.0,0.0123955262824893,0.010420823469758034
54,'t,0.003753175726160407,0.0,0.004218761343508959,0.0039396812207996845
56,.,0.0,0.2709100544452667,0.0038648368790745735,0.004901804495602846
58, was,0.0,0.004028101917356253,0.004836599808186293,0.0076980250887572765
60, thirsty,0.000674115028232336,0.0,0.012830519117414951,0.007341599091887474
