target_pos,target_token,norm_suff,random_suff,norm_comp,random_comp
48, She,0.0,0.0,0.01701068878173828,0.00662017660215497
50,'t,0.002844206290319562,0.0,0.0028277814853936434,0.0015684469835832715
52,.,0.0703447088599205,0.2174864262342453,0.007605631370097399,0.008224000222980976
54, walked,0.0,0.004731006920337677,0.009351891465485096,0.00561396311968565
56, to,0.0,0.0,0.013545975089073181,0.004104659892618656
