norm_suff_mean,random_suff_mean,norm_comp_mean,random_comp_mean,final suff,final comp,target_tokens
0.014637783169746399,0.044443488121032715,0.010068394243717194,0.00522624934092164,0.32935720682144165,0.35703831911087036, She$'t$.$ walked$ to
