target_pos,target_token,norm_suff,random_suff,norm_comp,random_comp
47, Because,0.000492915278300643,0.08781137317419052,0.013175749219954014,0.0071350387297570705
49, was,0.013532144948840141,0.0,0.009633402340114117,0.007432137615978718
51, of,0.02246587723493576,0.2506723701953888,0.019002962857484818,0.012158854864537716
53, a,0.015577735379338264,0.04098489135503769,0.012337400577962399,0.01787223480641842
55, bum,0.0,0.0006516581634059548,0.01955007202923298,0.012680280953645706
