norm_suff_mean,random_suff_mean,norm_comp_mean,random_comp_mean,final suff,final comp,target_tokens
0.0037347045727074146,0.011925309896469116,0.009280268102884293,0.005538564175367355,0.31317463517189026,1.482999324798584, I$'t$.$ just$ to
