norm_suff_mean,random_suff_mean,norm_comp_mean,random_comp_mean,final suff,final comp,target_tokens
0.020078249275684357,0.0327053964138031,0.01033928245306015,0.007112836930900812,0.6139124035835266,0.3542558252811432, She$ hungry$ She$ not$ since
