target_pos,target_token,norm_suff,random_suff,norm_comp,random_comp
54, Because,0.008693324401974678,0.0,0.012775976210832596,0.008140507154166698
56, was,0.0,0.0,0.011709246784448624,0.0055544632486999035
58, black,0.0372258760035038,0.022483862936496735,0.008466755971312523,0.007483980618417263
60, with,0.014315125532448292,0.0,0.02685513347387314,0.017778435721993446
62, friend,0.0,0.0,0.021470628678798676,0.013951783999800682
