norm_suff_mean,random_suff_mean,norm_comp_mean,random_comp_mean,final suff,final comp,target_tokens
0.0032487043645232916,0.0018623676151037216,0.011381082236766815,0.01240259688347578,1.7443947792053223,3.8177056312561035, Because$ wanted$ paint$ bedroom$.
