target_pos,target_token,norm_suff,random_suff,norm_comp,random_comp
64, She,0.0,0.0,0.01680600643157959,0.01970747299492359
66,'t,0.0,0.0,0.002033552387729287,0.00540901767089963
68,.,0.0,0.0808502808213234,0.01068112626671791,0.01701025664806366
70, just,0.06658591330051422,0.016587844118475914,0.00877863448113203,0.007956446148455143
72,.,0.0,0.049994394183158875,0.007245644927024841,0.004220085684210062
