norm_suff_mean,random_suff_mean,norm_comp_mean,random_comp_mean,final suff,final comp,target_tokens
0.013317182660102844,0.029486505314707756,0.009108993224799633,0.010860655456781387,0.45163652300834656,0.8155370354652405, She$'t$.$ just$.
