norm_suff_mean,random_suff_mean,norm_comp_mean,random_comp_mean,final suff,final comp,target_tokens
0.034932736307382584,0.030113792046904564,0.009418622590601444,0.006685750093311071,1.1600245237350464,0.19138924777507782, She$ going$ the$ to$ married
