target_pos,target_token,norm_suff,random_suff,norm_comp,random_comp
57, I,0.0,0.09727083146572113,0.008992012590169907,0.009465544484555721
59,'t,0.0,0.0,0.04645919054746628,0.012882299721240997
61,.,0.10774735361337662,0.36970824003219604,0.004516639746725559,0.002453708788380027
63, just,0.00641177874058485,0.0008135451935231686,0.007197796367108822,0.006356166210025549
65, them,0.0,0.0,0.010040775872766972,0.005276267416775227
