norm_suff_mean,random_suff_mean,norm_comp_mean,random_comp_mean,final suff,final comp,target_tokens
0.02283182553946972,0.09355852752923965,0.015441282652318478,0.007286797743290663,0.24403788149356842,0.3191508948802948, I$'t$.$ just$ them
