target_pos,target_token,norm_suff,random_suff,norm_comp,random_comp
49, Chris,0.0,0.002610067604109645,0.011295229196548462,0.00479086022824049
51, happy,0.009968511760234833,0.0,0.011981505900621414,0.006140465848147869
53, he,0.034131117165088654,0.0,0.005448612850159407,0.005978564731776714
55, learning,0.0,0.0,0.008394883014261723,0.006785283330827951
57,.,0.0,0.0,0.01158484723418951,0.01018758025020361
