target_pos,target_token,norm_suff,random_suff,norm_comp,random_comp
15,",",0.03269550949335098,0.06940305978059769,0.18204113841056824,0.0748492181301117
17, a,0.003272692207247019,0.0,0.07874348759651184,0.0901520699262619
19,",",0.0017087167361751199,0.019319571554660797,0.0647045150399208,0.19078022241592407
21,-,0.0,0.01626572385430336,0.03602444753050804,0.06542076915502548
23, crust,0.0,0.028372872620821,0.09268692880868912,0.03298473730683327
