norm_suff_mean,random_suff_mean,norm_comp_mean,random_comp_mean,final suff,final comp,target_tokens
0.00753538403660059,0.026672247797250748,0.09084010124206543,0.09083741158246994,0.28251776099205017,12.054781913757324,",$ a$,$-$ crust"
