target_pos,target_token,norm_suff,random_suff,norm_comp,random_comp
59, The,0.012618647888302803,0.001999530242756009,0.06226785480976105,0.028308264911174774
61, fell,0.0061980788595974445,0.0016023142961785197,0.02294345013797283,0.016335148364305496
63, the,0.0,0.0,0.05244820937514305,0.005433747544884682
65,.,0.0,0.0,0.02318652532994747,0.032912012189626694
67,'s,0.0,0.0,0.017593998461961746,0.009843727573752403
