norm_suff_mean,random_suff_mean,norm_comp_mean,random_comp_mean,final suff,final comp,target_tokens
0.003763345303013921,0.0007203688728623092,0.03568800911307335,0.01856658235192299,5.224192142486572,4.933531284332275, The$ fell$ the$.$'s
