target_pos,target_token,norm_suff,random_suff,norm_comp,random_comp
21, north,0.0,0.007802104111760855,0.025277934968471527,0.02529253251850605
23, Hawaii,7.991209713509306e-05,0.0,0.025333145633339882,0.034437574446201324
25, It,0.0015568021917715669,0.002320691244676709,0.20205916464328766,0.017771070823073387
27, the,0.003586191451177001,0.0,0.04818855971097946,0.012226373888552189
29, largest,0.0,0.022751744836568832,0.03764316439628601,0.011387537233531475
