norm_suff_mean,random_suff_mean,norm_comp_mean,random_comp_mean,final suff,final comp,target_tokens
0.0010445811785757542,0.006574907805770636,0.06770039349794388,0.020223017781972885,0.15887388586997986,19.35993003845215, north$ Hawaii$ It$ the$ largest
