target_pos,target_token,norm_suff,random_suff,norm_comp,random_comp
27, The,0.0,0.0016034963773563504,0.10983701795339584,0.0672232061624527
29, were,0.002595459809526801,0.0,0.03354710340499878,0.03792349249124527
31, first,0.0002389905566815287,0.0,0.02911791391670704,0.0491582490503788
33, use,0.006073168013244867,0.0068887267261743546,0.03709967061877251,0.013223404064774513
35, sword,0.01585979387164116,0.010939250700175762,0.03897174447774887,0.018888486549258232
