norm_suff_mean,random_suff_mean,norm_comp_mean,random_comp_mean,final suff,final comp,target_tokens
0.004953482653945684,0.003886294784024358,0.04971469193696976,0.03728336840867996,1.2746028900146484,7.526698112487793, The$ were$ first$ use$ sword
