target_pos,target_token,norm_suff,random_suff,norm_comp,random_comp
17, in,0.0010708612389862537,0.0,0.09370702505111694,0.0673961266875267
19, middle,0.0,0.0074943057261407375,0.11587025225162506,0.02632787637412548
21, the,0.0,0.021232910454273224,0.11076200753450394,0.11504020541906357
23,.,0.10434938222169876,0.0,0.043669115751981735,0.04619685560464859
25, was,0.0,0.0,0.05832018703222275,0.03022082708775997
