norm_suff_mean,random_suff_mean,norm_comp_mean,random_comp_mean,final suff,final comp,target_tokens
0.021084049716591835,0.005745443515479565,0.08446571975946426,0.0570363774895668,3.669699192047119,2.705190896987915, in$ middle$ the$.$ was
