target_pos,target_token,norm_suff,random_suff,norm_comp,random_comp
14,.,0.2676353454589844,0.22191141545772552,0.14176374673843384,0.043595753610134125
16, has,0.0,0.0,0.06652926653623581,0.06000181660056114
18, in,0.0,0.01013880129903555,0.04130583256483078,0.007852098904550076
20, such,0.014855656772851944,0.00035744093474932015,0.06392830610275269,0.03768713027238846
22, The,0.0,0.004240087233483791,0.03240200877189636,0.04808098077774048
