norm_suff_mean,random_suff_mean,norm_comp_mean,random_comp_mean,final suff,final comp,target_tokens
0.056498199701309204,0.04732954874634743,0.06918583810329437,0.03944355621933937,1.1937193870544434,0.6981382966041565,.$ has$ in$ such$ The
