target_pos,target_token,norm_suff,random_suff,norm_comp,random_comp
12, They,0.0,0.0,0.046475332230329514,0.09613316506147385
14, used,8.992046787170693e-05,0.0,0.19921554625034332,0.12140484154224396
16, cooking,0.002901674946770072,0.001266444567590952,0.10697261989116669,0.03435445949435234
18, baking,0.0006569937686435878,0.0,0.10713806748390198,0.035868752747774124
20, and,0.0,0.000732049229554832,0.13112717866897583,0.04404560104012489
