norm_suff_mean,random_suff_mean,norm_comp_mean,random_comp_mean,final suff,final comp,target_tokens
0.0007297178381122649,0.00039969879435375333,0.11818575114011765,0.06636136770248413,1.8256694078445435,90.94113159179688, They$ used$ cooking$ baking$ and
