target_pos,target_token,norm_suff,random_suff,norm_comp,random_comp
20,.,0.0,0.0,0.23287981748580933,0.10491693019866943
22, French,0.0,0.0010707636829465628,0.07330590486526489,0.0479559525847435
24, was,0.03347044438123703,0.0,0.1315390169620514,0.02655772678554058
26, by,0.005908608436584473,0.0,0.13572891056537628,0.04335485026240349
28, XIV,0.0,0.0,0.05704936385154724,0.028669176623225212
