norm_suff_mean,random_suff_mean,norm_comp_mean,random_comp_mean,final suff,final comp,target_tokens
0.007875810377299786,0.00021415273658931255,0.12610061466693878,0.05029093101620674,36.77660369873047,6.38549280166626,.$ French$ was$ by$ XIV
