target_pos,target_token,norm_suff,random_suff,norm_comp,random_comp
15, developed,0.0,0.0,0.052408814430236816,0.1052665263414383
17, Nintendo,0.0,0.0023301360197365284,0.12815488874912262,0.06565456837415695
19, It,0.0,0.0,0.03153412044048309,0.01891537383198738
21, released,0.0,0.004755445756018162,0.17562992870807648,0.014823711477220058
23, the,0.0,0.0,0.02462851069867611,0.0683545395731926
