target_pos,target_token,norm_suff,random_suff,norm_comp,random_comp
33,.,0.22349587082862854,0.46165817975997925,0.12964007258415222,0.058155886828899384
35, coin,0.011276104487478733,0.02497137524187565,0.03880448639392853,0.013040509074926376
37, struck,0.0,0.011431743390858173,0.04687540978193283,0.010082446038722992
39, the,0.000293634831905365,0.003443007590249181,0.022534649819135666,0.04156172275543213
41, way,0.001583242672495544,0.001599184237420559,0.0222947895526886,0.014469100162386894
