norm_suff_mean,random_suff_mean,norm_comp_mean,random_comp_mean,final suff,final comp,target_tokens
0.047329772263765335,0.10062070190906525,0.05202988535165787,0.027461934834718704,0.4703780710697174,0.5802253484725952,.$ coin$ struck$ the$ way
