target_pos,target_token,norm_suff,random_suff,norm_comp,random_comp
24,ern,0.00010092206503031775,0.0,0.0767056867480278,0.09132961183786392
26, in,0.0,0.0,0.07616962492465973,0.03523002192378044
28,48,0.0,0.025275807827711105,0.04221579059958458,0.014778723008930683
30, It,0.0,0.0,0.11284306645393372,0.0634671077132225
32, the,0.0,0.0,0.029826950281858444,0.01602044887840748
