norm_suff_mean,random_suff_mean,norm_comp_mean,random_comp_mean,final suff,final comp,target_tokens
2.0184414097457193e-05,0.0050551616586744785,0.06755222380161285,0.04416518285870552,0.0039928327314555645,2188.08349609375,ern$ in$48$ It$ the
