suff,comp,random_suff,random_comp
0.0445579960310052,0.9337186777582858,0.02671734356473674,0.8506292311313891
