suff,comp,random_suff,random_comp
0.0445579960310052,0.9337186777582858,0.022010624515842226,0.8498460359089232
