suff,comp,random_suff,random_comp
0.0445579960310052,0.9337186777582858,0.021294505388943483,0.8445744787344351
