suff,comp,random_suff,random_comp
0.0445579960310052,0.9337186777582858,0.0198043722318516,0.8550423178469022
