suff,comp,random_suff,random_comp
0.006575591216237876,0.13717345128553793,0.0009735629621749491,0.02707205454172648
