suff,comp,random_suff,random_comp
0.0445579960310052,0.9337186777582858,0.024692562557374162,0.8543294256915087
