target_pos,target_token,norm_suff,random_suff,norm_comp,random_comp
34, in,0.0,0.011509834788739681,0.03037192113697529,0.023657115176320076
36, Pennsylvania,0.0021328385919332504,0.0028937249444425106,0.005171638913452625,0.0035176153760403395
38, the,0.0,0.04449997469782829,0.0013115855399519205,0.0008548575569875538
40, States,0.0,0.00033794340561144054,0.0012826422462239861,0.0001576853246660903
42, It,0.015651090070605278,0.0,0.00833699107170105,0.003431052668020129
