norm_suff_mean,random_suff_mean,norm_comp_mean,random_comp_mean,final suff,final comp,target_tokens
0.003556785872206092,0.011848296038806438,0.009294955991208553,0.006323664914816618,0.3001938760280609,1.777915596961975, in$ Pennsylvania$ the$ States$ It
