target_pos,target_token,norm_suff,random_suff,norm_comp,random_comp
18, in,0.0,0.012932131998240948,0.00542405666783452,0.01724674180150032
20,75,0.0,0.0,0.012506086379289627,0.0120856249704957
22, It,0.0017454354092478752,0.0,0.00837949849665165,0.012150944210588932
24, composed,0.02407032437622547,0.004217488691210747,0.010638835839927197,0.00509753730148077
26, nine,0.0034552619326859713,0.0,0.010468334890902042,0.004374370910227299
