norm_suff_mean,random_suff_mean,norm_comp_mean,random_comp_mean,final suff,final comp,target_tokens
0.005854204297065735,0.0034299239050596952,0.009483362548053265,0.010191043838858604,1.7068029642105103,1.7408076524734497, in$75$ It$ composed$ nine
