target_pos,target_token,norm_suff,random_suff,norm_comp,random_comp
19,"
",0.0,0.0,0.03992181643843651,0.04562759771943092
21,'m,0.0,0.0047298516146838665,0.004169313702732325,0.017211228609085083
23, sure,0.0,0.0,0.00859842635691166,0.015480345115065575
25, this,0.016810378059744835,0.0,0.0037684738636016846,0.012910624966025352
27, a,0.0,0.009123372845351696,0.005059709772467613,0.01531516294926405
