norm_suff_mean,random_suff_mean,norm_comp_mean,random_comp_mean,final suff,final comp,target_tokens
0.0033620756585150957,0.0027706448454409838,0.0123035479336977,0.02130899205803871,1.2134631872177124,6.338046550750732,"
$'m$ sure$ this$ a"
