target_pos,target_token,norm_suff,random_suff,norm_comp,random_comp
16, ,0.053989849984645844,0.08528849482536316,0.03901970013976097,0.013683801516890526
18, ,0.020251601934432983,0.0,0.01570887304842472,0.01660577766597271
20, ,0.003599961521103978,0.0,0.023879237473011017,0.020126953721046448
22, ,0.04575609043240547,0.04254135116934776,0.009565634652972221,0.02206399478018284
24, ,0.016497721895575523,0.0,0.010540883056819439,0.013778604567050934
