norm_suff_mean,random_suff_mean,norm_comp_mean,random_comp_mean,final suff,final comp,target_tokens
0.028019046410918236,0.025565970689058304,0.019742866978049278,0.01725182496011257,1.0959508419036865,0.6157177686691284, $ $ $ $ 
