target_pos,target_token,norm_suff,random_suff,norm_comp,random_comp
25, ,0.0,0.0,0.008678366430103779,0.023261213675141335
27, ,0.025178387761116028,0.02055559866130352,0.006647276226431131,0.006470892112702131
29, ,0.0,0.0,0.01176135428249836,0.010226902551949024
31, ,0.0,0.00472184456884861,0.006077066995203495,0.009489454329013824
33, ,0.01872393675148487,0.03149715065956116,0.004289607517421246,0.003558781463652849
