norm_suff_mean,random_suff_mean,norm_comp_mean,random_comp_mean,final suff,final comp,target_tokens
0.00878046452999115,0.011354918591678143,0.007490735035389662,0.010601448826491833,0.7732741236686707,1.2073904275894165, $ $ $ $ 
