target_pos,target_token,norm_suff,random_suff,norm_comp,random_comp
21, ,0.0075851972214877605,0.0,0.007171378005295992,0.015000554732978344
23, ,0.05349523201584816,0.0,0.0044205267913639545,0.005067791789770126
25, ,0.029147477820515633,0.0,0.006291673053056002,0.0068021006882190704
27, ,0.01734328642487526,0.05375979095697403,0.00509530259296298,0.003346990328282118
29, ,0.0358487144112587,0.0,0.002841031411662698,0.003514142008498311
