norm_suff_mean,random_suff_mean,norm_comp_mean,random_comp_mean,final suff,final comp,target_tokens
0.028683984652161598,0.010751958005130291,0.005163982510566711,0.006746315862983465,2.6677918434143066,0.23519451916217804, $ $ $ $ 
