target_pos,target_token,norm_suff,random_suff,norm_comp,random_comp
22, (,0.01791343465447426,0.017556630074977875,0.011042647995054722,0.010093013755977154
24,",",0.0,0.0,0.001673780963756144,0.0003300060343462974
26, km,0.0009587155072949827,0.003255469026044011,0.0034205892588943243,0.0012255514739081264
28, from,0.0,0.01680830679833889,0.005871776957064867,0.004442465025931597
30, west,0.0,0.0,0.009225047193467617,0.005682778544723988
