norm_suff_mean,random_suff_mean,norm_comp_mean,random_comp_mean,final suff,final comp,target_tokens
0.003774429904296994,0.007524081505835056,0.006246768403798342,0.004354763310402632,0.5016465783119202,1.1537538766860962," ($,$ km$ from$ west"
