target_pos,target_token,norm_suff,random_suff,norm_comp,random_comp
26, by,0.0,0.00561282504349947,0.0030011136550456285,0.009882385842502117
28, B,0.0,0.0,0.00205946434289217,0.001969517907127738
30,en,0.0,0.0,0.0011089934268966317,0.002766879741102457
32, based,0.007529358379542828,0.035390328615903854,0.0257108174264431,0.02832869440317154
34, the,0.004275518003851175,0.0,0.012036812491714954,0.007671752478927374
