norm_suff_mean,random_suff_mean,norm_comp_mean,random_comp_mean,final suff,final comp,target_tokens
0.002360975369811058,0.00820063054561615,0.008783440105617046,0.010123846121132374,0.28790169954299927,4.28799295425415, by$ B$en$ based$ the
