target_pos,target_token,norm_suff,random_suff,norm_comp,random_comp
22, by,0.011425698176026344,0.0345647819340229,0.01187144685536623,0.033040158450603485
24, National,0.0,0.0,0.014005937613546848,0.006739058066159487
26, of,0.0007703115115873516,0.0,0.0015346432337537408,0.0016564334509894252
28, Arts,0.0013661504490301013,0.001727872877381742,0.005807697307318449,0.0052484371699392796
30, Sciences,0.0,0.0,0.0008265681099146605,0.0020345204975456
