norm_suff_mean,random_suff_mean,norm_comp_mean,random_comp_mean,final suff,final comp,target_tokens
0.002712432062253356,0.007258530706167221,0.006809258367866278,0.009743721224367619,0.37368884682655334,3.59224534034729, by$ National$ of$ Arts$ Sciences
