target_pos,target_token,norm_suff,random_suff,norm_comp,random_comp
28, The,0.007269924506545067,0.007890175096690655,0.006366937421262264,0.007743502035737038
30,eng,0.0005908646271564066,0.0,0.0012699696235358715,0.0015973324188962579
32, period,0.008358776569366455,0.008903526701033115,0.008939158171415329,0.008378840051591396
34, often,0.03231421113014221,0.02034204825758934,0.005076902452856302,0.005438993684947491
36, to,0.0,0.033402279019355774,0.0010399597231298685,0.0007954525644890964
