norm_suff_mean,random_suff_mean,norm_comp_mean,random_comp_mean,final suff,final comp,target_tokens
0.009706755168735981,0.014107606373727322,0.004538585431873798,0.004790824372321367,0.688051164150238,0.4935556948184967, The$eng$ period$ often$ to
