target_pos,target_token,norm_suff,random_suff,norm_comp,random_comp
18, in,0.011752121150493622,0.0,0.00816430151462555,0.01663435995578766
20, middle,0.0,0.0,0.011357820592820644,0.009823799133300781
22,.,0.0,0.02353518269956112,0.01397243607789278,0.010109251365065575
24, was,0.0027805326972156763,0.02266371250152588,0.013736103661358356,0.006247882731258869
26, in,0.0,0.0005837762728333473,0.0040998016484081745,0.013227500021457672
