norm_suff_mean,random_suff_mean,norm_comp_mean,random_comp_mean,final suff,final comp,target_tokens
0.002906530862674117,0.009356535039842129,0.010266092605888844,0.011208559386432171,0.3106417953968048,3.8563358783721924, in$ middle$.$ was$ in
