target_pos,target_token,norm_suff,random_suff,norm_comp,random_comp
17, ,0.0,0.0,0.009443990886211395,0.020473022013902664
19, ,0.0,0.0,0.011665702797472477,0.015922434628009796
21, ,0.006095774006098509,0.0,0.016714071854948997,0.019958999007940292
23, ,0.010710002854466438,0.014938971027731895,0.01235680840909481,0.011546014808118343
25, ,0.015543784946203232,0.026338951662182808,0.009809337556362152,0.006521770730614662
