norm_suff_mean,random_suff_mean,norm_comp_mean,random_comp_mean,final suff,final comp,target_tokens
0.006469912827014923,0.008255585096776485,0.011997981928288937,0.014884448610246181,0.7837013006210327,2.3005640506744385, $ $ $ $ 
