target_pos,target_token,norm_suff,random_suff,norm_comp,random_comp
13, They,0.0,0.0,0.0478944256901741,0.049065250903367996
15, used,0.014682856388390064,0.011740665882825851,0.01780104823410511,0.022111112251877785
17, cooking,0.0,0.0,0.023262640461325645,0.021604645997285843
19, as,0.0,0.0,0.02276671677827835,0.012482427060604095
21, source,0.0006055600242689252,0.0003855846880469471,0.016895346343517303,0.015710918232798576
