norm_suff_mean,random_suff_mean,norm_comp_mean,random_comp_mean,final suff,final comp,target_tokens
0.003057683352380991,0.002425250131636858,0.025724036619067192,0.0241948701441288,1.260770320892334,7.912810802459717, They$ used$ cooking$ as$ source
