target_pos,target_token,norm_suff,random_suff,norm_comp,random_comp
21, until,0.0,0.0038965968415141106,0.012577067129313946,0.008832224644720554
23, French,0.0,0.004102958366274834,0.008665673434734344,0.009169290773570538
25, in,0.0,0.0,0.019697243347764015,0.006797351408749819
27,89,0.0006121833575889468,0.0,0.0037345574237406254,0.005822970997542143
29, The,0.019546793773770332,0.0,0.005168672651052475,0.004605662077665329
