norm_suff_mean,random_suff_mean,norm_comp_mean,random_comp_mean,final suff,final comp,target_tokens
0.004031795542687178,0.0015999110182747245,0.009968643076717854,0.0070454999804496765,2.520012378692627,1.7474844455718994, until$ French$ in$89$ The
