target_pos,target_token,norm_suff,random_suff,norm_comp,random_comp
16, He,0.051800113171339035,0.0,0.009640173986554146,0.04523633420467377
18, best,0.014996908605098724,0.0001492354494985193,0.010062238201498985,0.015877794474363327
20, for,0.007616105955094099,0.00930688064545393,0.002124179620295763,0.004849552176892757
22, role,0.0,0.0,0.005047834012657404,0.004258024971932173
24, the,0.0,0.0,0.0070423549041152,0.004993025679141283
