norm_suff_mean,random_suff_mean,norm_comp_mean,random_comp_mean,final suff,final comp,target_tokens
0.01488262414932251,0.0018912231316789985,0.006783355958759785,0.015042945742607117,7.869311809539795,1.0107723474502563, He$ best$ for$ role$ the
