target_pos,target_token,norm_suff,random_suff,norm_comp,random_comp
16, ,0.025309670716524124,0.031132090836763382,0.04335997998714447,0.014931511133909225
18, Mario,0.003863677615299821,0.00042266526725143194,0.004889550618827343,0.007038269191980362
20,.,0.011279266327619553,0.0011021624086424708,0.014672895893454552,0.011277850717306137
22, a,0.0,0.004013641271740198,0.005404175259172916,0.0085035664960742
24, side,0.0019016388105228543,0.0,0.011835884302854538,0.014167457818984985
