norm_suff_mean,random_suff_mean,norm_comp_mean,random_comp_mean,final suff,final comp,target_tokens
0.008470850996673107,0.007334111724048853,0.016032498329877853,0.011183731257915497,1.1549934148788452,1.3202606439590454, $ Mario$.$ a$ side
