target_pos,target_token,norm_suff,random_suff,norm_comp,random_comp
25, of,0.0,0.0,0.007584730628877878,0.011224769055843353
27,ra,0.0,0.0,0.0016445041401311755,0.001407524454407394
29, and,0.0,0.0,0.0220943633466959,0.0060613444074988365
31, from,0.0,0.0,0.012600892223417759,0.008295188657939434
33,37,0.0,0.00045607960782945156,0.02684701606631279,0.012660781852900982
