target_pos,target_token,norm_suff,random_suff,norm_comp,random_comp
12,"
",0.0,0.0,0.02058403752744198,0.14130660891532898
14, had,0.014234389178454876,0.004846138879656792,0.014562873169779778,0.010152706876397133
16, of,0.0,0.0,0.005367330275475979,0.005166089162230492
18, in,0.0,0.028648385778069496,0.006097592879086733,0.009226597845554352
20, early,0.005211476236581802,0.0,0.008691905997693539,0.008862316608428955
