norm_suff_mean,random_suff_mean,norm_comp_mean,random_comp_mean,final suff,final comp,target_tokens
0.0038891732692718506,0.006698905024677515,0.011060747317969799,0.0349428653717041,0.5805684924125671,8.984651565551758,"
$ had$ of$ in$ early"
