target_pos,target_token,norm_suff,random_suff,norm_comp,random_comp
21, ,0.03828531131148338,0.0,0.00777198001742363,0.01726694405078888
23, ,0.0,0.0,0.010713852941989899,0.011063875630497932
25, ,0.020588122308254242,0.0,0.008043944835662842,0.03319516032934189
27, ,0.042986802756786346,0.04988349974155426,0.007193620316684246,0.004488260019570589
29, ,0.0,0.0,0.007245694752782583,0.018241723999381065
