norm_suff_mean,random_suff_mean,norm_comp_mean,random_comp_mean,final suff,final comp,target_tokens
0.020372048020362854,0.009976699948310852,0.008193818852305412,0.016851192340254784,2.0419626235961914,0.8271722197532654, $ $ $ $ 
