target_pos,target_token,norm_suff,random_suff,norm_comp,random_comp
22, for,0.026676896959543228,0.0,0.009887085296213627,0.01614655926823616
24, Los,0.002444520127028227,0.0,0.010316015221178532,0.009006320498883724
26, Dodgers,0.0005073404754512012,0.00031601954833604395,0.004015615209937096,0.003452460980042815
28, Major,0.007339966017752886,0.004621134605258703,0.0019786045886576176,0.0043798102997243404
30, Baseball,0.0,0.00010402670886833221,0.001189532456919551,0.0003078974550589919
