norm_suff_mean,random_suff_mean,norm_comp_mean,random_comp_mean,final suff,final comp,target_tokens
0.007393744774162769,0.0010082361986860633,0.005477370228618383,0.006658609490841627,7.333345890045166,0.9005733728408813, for$ Los$ Dodgers$ Major$ Baseball
