target_pos,target_token,norm_suff,random_suff,norm_comp,random_comp
26, ,0.0,0.0,0.009622760117053986,0.015888813883066177
28, ,0.0,0.09179218858480453,0.00346521008759737,0.006390417460352182
30, ,0.0,0.02744487300515175,0.005886884871870279,0.006269220262765884
32, ,0.019693559035658836,0.022930845618247986,0.005477725528180599,0.005971869919449091
34, ,0.03544880077242851,0.0,0.004041307605803013,0.004840152803808451
