norm_suff_mean,random_suff_mean,norm_comp_mean,random_comp_mean,final suff,final comp,target_tokens
0.011028471402823925,0.028433581814169884,0.005698777735233307,0.00787209440022707,0.38786780834198,0.713797390460968, $ $ $ $ 
