{
    "$schema": "../docs/rationalization.schema.json",
    "id": 2,
    "input-text": [
        "</s>",
        "When",
        " my",
        " flight",
        " landed",
        " in",
        " Russia",
        ",",
        " I",
        " converted",
        " my",
        " currency",
        " and",
        " slowly",
        " fell",
        " asleep",
        ".",
        " (",
        "I",
        " was",
        " behind",
        " on",
        " a",
        " couple",
        " of",
        " assignments",
        ",",
        " but",
        " I",
        " tried",
        " not",
        " to",
        " think",
        " about",
        " them",
        ").",
        " I",
        " was",
        " staying",
        " in",
        " the",
        " capital",
        ","
    ],
    "input-tokens": [
        2,
        1779,
        127,
        2524,
        5932,
        11,
        798,
        6,
        38,
        8417,
        127,
        2593,
        8,
        5764,
        1064,
        15028,
        4,
        36,
        100,
        21,
        639,
        15,
        10,
        891,
        9,
        21350,
        6,
        53,
        38,
        1381,
        45,
        7,
        206,
        59,
        106,
        322,
        38,
        21,
        4959,
        11,
        5,
        812,
        6
    ],
    "target-text": " Moscow",
    "target-token": 3467,
    "rational-size": 13,
    "rational-positions": [
        2,
        3,
        4,
        5,
        6,
        8,
        11,
        29,
        36,
        38,
        39,
        40,
        41
    ],
    "rational-text": [
        " my",
        " flight",
        " landed",
        " in",
        " Russia",
        " I",
        " currency",
        " tried",
        " I",
        " staying",
        " in",
        " the",
        " capital"
    ],
    "rational-tokens": [
        127,
        2524,
        5932,
        11,
        798,
        38,
        2593,
        1381,
        38,
        4959,
        11,
        5,
        812
    ],
    "importance-scores": [
        1.565139682072139e-39,
        4.3714237876616495e-27,
        1.665123683380898e-08,
        4.910533243050741e-13,
        3.935861781888955e-13,
        0.166952982544899,
        0.3276480734348297,
        4.770382358299376e-33,
        1.4005356206325814e-05,
        1.1047430716182204e-39,
        1.4609937789050543e-41,
        5.3009413152095454e-21,
        1.559333020979215e-22,
        1.9576139546617694e-42,
        1.5468215368100284e-34,
        5.119528013698075e-17,
        5.482249756327232e-16,
        3.0784259893038627e-35,
        6.974589182140671e-29,
        1.2630132056529857e-27,
        6.917204168420928e-20,
        7.332333263281338e-18,
        2.0147638241839617e-28,
        7.524977263528854e-07,
        1.2985486566279644e-21,
        1.362589500786271e-06,
        2.569841769682928e-31,
        1.0960216322619621e-22,
        1.0066996061613835e-22,
        0.1666051596403122,
        1.1838335130076177e-17,
        9.580314958716137e-33,
        3.04735780777755e-38,
        2.93769275572231e-09,
        1.6455553741992753e-27,
        2.1115578689570142e-23,
        4.20791763169052e-28,
        1.286968128052222e-22,
        1.3936200019799895e-21,
        6.074932753108442e-05,
        8.073533841468361e-09,
        0.33871689438819885,
        5.649362471575882e-21
    ],
    "comments": {
        "created-by": "run_analogies.py",
        "args": {
            "model": "KoboldAI/OPT-6.7B-Erebus",
            "cache_dir": "cache/",
            "tokenizer": "KoboldAI/OPT-6.7B-Erebus",
            "data_dir": "data/analogies/OPT6B/",
            "importance_results_dir": "rationalization_results/analogies/OPT6B_ours/top3_replace0.3_max5000_batch8",
            "device": "cuda",
            "rationalization_config": "config/OPT6B/top3_replace0.3_max5000_batch8.json",
            "input_num_ratio": 1.0,
            "logfolder": "logs/analogies/OPT6B_ours/top3_replace0.3_max5000_batch8",
            "loglevel": 20
        },
        "time_elapsed": 3215.770923137665,
        "separate_rational": [
            [
                " capital",
                " I",
                " Russia",
                " flight",
                " behind",
                " currency",
                " staying",
                " in"
            ],
            [
                " capital",
                " assignments",
                " Russia",
                " the",
                " asleep",
                " currency",
                ").",
                " in"
            ],
            [
                " flight",
                ",",
                " I",
                " my",
                " capital",
                " fell",
                " my",
                " staying"
            ],
            [
                " in",
                " Russia",
                " the",
                " staying",
                " capital",
                " I",
                " them",
                " and"
            ],
            [
                " Russia",
                " in",
                " I",
                " my",
                " flight",
                " not",
                " the",
                " capital"
            ],
            [
                " tried",
                " in",
                " couple",
                " the",
                " capital",
                " landed",
                ".",
                " Russia"
            ],
            [
                " Russia",
                " capital",
                " staying",
                " tried",
                " was",
                "I",
                " the",
                " flight"
            ],
            [
                " capital",
                " about",
                " landed",
                " I",
                " Russia",
                " the",
                " was",
                ","
            ]
        ]
    }
}