{
    "$schema": "../docs/rationalization.schema.json",
    "id": 23,
    "input-text": [
        "</s>",
        "I",
        " had",
        " never",
        " been",
        " friends",
        " with",
        " any",
        " German",
        " people",
        " before",
        ".",
        " (",
        "The",
        " funn",
        "iest",
        " thing",
        " happened",
        " to",
        " me",
        " the",
        " other",
        " day",
        ",",
        " but",
        " that",
        "'s",
        " a",
        " story",
        " for",
        " another",
        " time",
        ").",
        " In",
        " fact",
        ",",
        " I",
        " had",
        " never",
        " even",
        " been",
        " to"
    ],
    "input-tokens": [
        2,
        100,
        56,
        393,
        57,
        964,
        19,
        143,
        1859,
        82,
        137,
        4,
        36,
        133,
        29310,
        7098,
        631,
        1102,
        7,
        162,
        5,
        97,
        183,
        6,
        53,
        14,
        18,
        10,
        527,
        13,
        277,
        86,
        322,
        96,
        754,
        6,
        38,
        56,
        393,
        190,
        57,
        7
    ],
    "target-text": " Germany",
    "target-token": 1600,
    "rational-size": 13,
    "rational-positions": [
        0,
        1,
        2,
        3,
        4,
        5,
        6,
        8,
        9,
        34,
        38,
        39,
        40
    ],
    "rational-text": [
        "</s>",
        "I",
        " had",
        " never",
        " been",
        " friends",
        " with",
        " German",
        " people",
        " fact",
        " never",
        " even",
        " been"
    ],
    "rational-tokens": [
        2,
        100,
        56,
        393,
        57,
        964,
        19,
        1859,
        82,
        754,
        393,
        190,
        57
    ],
    "importance-scores": [
        1.2791144599659163e-30,
        3.073653875995879e-20,
        1.8008284418095949e-16,
        1.4035774376075414e-25,
        2.1221842395023165e-25,
        0.05647386237978935,
        7.453470654528952e-16,
        3.007227160686251e-16,
        0.5435261130332947,
        9.82889069884186e-15,
        1.6247387887712804e-20,
        5.3134690767108307e-36,
        2.4089384085851807e-16,
        1.469991798641948e-13,
        2.0344283507897867e-22,
        5.234970803024652e-41,
        3.6931924446350634e-20,
        2.617498794101947e-19,
        6.005178989091664e-25,
        1.1987073629645422e-19,
        1.8469741928944106e-33,
        1.2443111226042978e-19,
        2.0097276801204694e-24,
        4.4852712561145234e-23,
        3.7274539151040134e-43,
        7.255891109382974e-22,
        8.675805116537004e-33,
        6.823674598065616e-20,
        1.275210250905596e-33,
        5.177105166925414e-32,
        5.0049922962822884e-33,
        1.3308390149561237e-32,
        9.356606472683132e-14,
        2.802596928649634e-45,
        4.272064032552741e-15,
        2.6965611523126447e-27,
        2.5162860329381847e-24,
        2.678911365157397e-23,
        0.20000000298023224,
        2.878848792674387e-22,
        0.20000000298023224,
        2.04200757395266e-16
    ],
    "comments": {
        "created-by": "run_analogies.py",
        "args": {
            "model": "KoboldAI/OPT-6.7B-Erebus",
            "cache_dir": "cache/",
            "tokenizer": "KoboldAI/OPT-6.7B-Erebus",
            "data_dir": "data/analogies/OPT6B/",
            "importance_results_dir": "rationalization_results/analogies/OPT6B_ours/top3_replace0.3_max5000_batch8",
            "device": "cuda",
            "rationalization_config": "config/OPT6B/top3_replace0.3_max5000_batch8.json",
            "input_num_ratio": 1.0,
            "logfolder": "logs/analogies/OPT6B_ours/top3_replace0.3_max5000_batch8",
            "loglevel": 20
        },
        "time_elapsed": 3217.145375728607,
        "separate_rational": [
            [
                " German",
                " friends",
                " been",
                " before",
                " even",
                "</s>",
                "I",
                " had"
            ],
            [
                " never",
                " been",
                " German",
                "The",
                ").",
                " people",
                " fact",
                " with"
            ],
            [
                " German",
                " been",
                "</s>",
                "I",
                " had",
                " never",
                " been",
                " friends"
            ],
            [
                " been",
                "</s>",
                "I",
                " had",
                " never",
                " been",
                " friends",
                " with"
            ],
            [
                " been",
                " German",
                " fact",
                " funn",
                " I",
                " to",
                " people",
                " even"
            ],
            [
                " German",
                " been",
                "</s>",
                "I",
                " had",
                " never",
                " been",
                " friends"
            ],
            [
                " German",
                " been",
                " to",
                " had",
                " day",
                " never",
                " even",
                "</s>"
            ],
            [
                " German",
                " been",
                "</s>",
                "I",
                " had",
                " never",
                " been",
                " friends"
            ]
        ]
    }
}