suff,comp,random_suff,random_comp
0.01961493134466625,0.8848493243261684,0.009822166259493345,0.780827116894679
