suff,comp,random_suff,random_comp
0.004460829350596946,0.2553502732085847,0.0011693849870333343,0.028945259633789654
