suff,comp,random_suff,random_comp
0.03328023399850162,0.9074492455736803,0.020480178545967596,0.8464501353942232
