suff,comp,random_suff,random_comp
0.011778964835856819,0.8046859048619481,0.005786267974263338,0.630178680845665
