suff,comp,random_suff,random_comp
0.045274729331073696,0.9284668937025014,0.029323669143726753,0.8852284440752055
