suff,comp,random_suff,random_comp
0.052373912741270665,0.9448568858823208,0.03427994665337388,0.9215242707067876
