suff,comp,random_suff,random_comp
0.0020300351522749005,0.15163053719444253,0.005412121892351794,0.21435602901088469
