suff,comp,random_suff,random_comp
0.002977233126508276,0.010050679488597126,0.0031267042689088354,0.00921536959329465
