suff,comp,random_suff,random_comp
0.001551421452175323,0.009949370409706667,0.001648521897330206,0.009580138376171131
