suff,comp,random_suff,random_comp
0.005296710323480315,0.8552448094149673,0.010680380336500081,0.6411794139271062
