suff,comp,random_suff,random_comp
0.003976690030268266,0.7547390369091924,0.006094006066695719,0.3366774397442579
