suff,comp,random_suff,random_comp
0.005296710323480315,0.8552448094149673,0.006215974127058803,0.6529664596660585
