suff,comp,random_suff,random_comp
0.003976690030268266,0.7547390369091924,0.005501577975494857,0.36026218696531737
