suff,comp,random_suff,random_comp
0.004836611613746717,0.8356376374838805,0.008266337398558003,0.5191159700637639
