suff,comp,random_suff,random_comp
0.004470949732728844,0.8376996118944454,0.02670773469079744,0.8095638062709941
