suff,comp,random_suff,random_comp
0.013609687227123067,0.8979932328247847,0.04837652377821911,0.9156461347404719
