suff,comp,random_suff,random_comp
0.0020300351522749005,0.15163053719444253,0.007023460357529312,0.261102149647035
