suff,comp,random_suff,random_comp
0.004480446946667363,0.00019502836987955342,0.005434584516821544,0.00013695531871210772
