suff,comp,random_suff,random_comp
0.007091728288764023,0.8706980562186771,0.03147153009175196,0.9081962807494681
