suff,comp,random_suff,random_comp
0.004470949732728844,0.8376996118944454,0.024304414266776004,0.8458396006654455
