target_pos,target_token,norm_suff,random_suff,norm_comp,random_comp
44, He,0.0,0.01111956499516964,0.020905321463942528,0.02889326401054859
46, a,0.0,0.0029146154411137104,0.019953228533267975,0.021800590679049492
48, kid,0.0004370546084828675,0.0,0.024138810113072395,0.006574790459126234
50, He,0.03870973363518715,0.004137271549552679,0.011745201423764229,0.0204364825040102
52, a,0.0,0.0,0.07863622158765793,0.058358002454042435
