norm_suff_mean,random_suff_mean,norm_comp_mean,random_comp_mean,final suff,final comp,target_tokens
0.0019597334321588278,0.006048127543181181,0.009720735251903534,0.009303049184381962,0.32402315735816956,4.74709939956665, Because$ was$ good$.$ was
