norm_suff_mean,random_suff_mean,norm_comp_mean,random_comp_mean,final suff,final comp,target_tokens
0.007829357869923115,0.003634290536865592,0.03107575885951519,0.02721262536942959,2.154301643371582,3.4757161140441895, He$ a$ kid$ He$ a
