target_pos,target_token,norm_suff,random_suff,norm_comp,random_comp
49, I,0.0,0.013134611770510674,0.020056594163179398,0.011083041317760944
51, so,0.0,0.0014046418946236372,0.03863655403256416,0.02118890918791294
53,.,0.0,0.0,0.06293953955173492,0.013920721597969532
55, was,0.0,0.0,0.024042995646595955,0.022608524188399315
57, happy,0.0,0.00023527716984972358,0.016147982329130173,0.018863387405872345
