norm_suff_mean,random_suff_mean,norm_comp_mean,random_comp_mean,final suff,final comp,target_tokens
0.001000594231300056,0.004509724210947752,0.014733132906258106,0.0054960171692073345,0.22187481820583344,5.492753028869629, I$'t$.$ was$ happy
