target_pos,target_token,norm_suff,random_suff,norm_comp,random_comp
51, She,0.0011463201371952891,0.0,0.03254323452711105,0.012489823624491692
53,.,0.0,0.0,0.02525337040424347,0.0098952054977417
55, went,0.0010354166151955724,0.0,0.019461739808321,0.01282326877117157
57, to,0.0,0.0,0.035891178995370865,0.02888817898929119
59, cup,0.0,0.0002683580678422004,0.037231314927339554,0.03295749053359032
