norm_suff_mean,random_suff_mean,norm_comp_mean,random_comp_mean,final suff,final comp,target_tokens
0.0004363473562989384,5.367161429603584e-05,0.030076170340180397,0.019410794600844383,8.1299467086792,44.4847297668457, She$.$ went$ to$ cup
