target_pos,target_token,norm_suff,random_suff,norm_comp,random_comp
47, She,0.0,0.0,0.03582962602376938,0.012315223924815655
49,'t,0.0,0.0003249708388466388,0.0004247070464771241,0.00016723075532354414
51,.,0.0,0.0,0.01995845139026642,0.01425404753535986
53, didn,0.0,0.0,0.01583944819867611,0.029178783297538757
55, know,0.0,0.0,0.012208569794893265,0.039564017206430435
