target_pos,target_token,norm_suff,random_suff,norm_comp,random_comp
46, Because,0.0,0.0,0.10036997497081757,0.010931204073131084
48, was,0.0,0.0,0.022175604477524757,0.010497989133000374
50,.,0.0,0.0,0.020488081499934196,0.02019902504980564
52, was,0.0004605897993315011,0.0,0.03292510285973549,0.021566733717918396
54, of,0.0,0.0,0.06587561219930649,0.012559699825942516
