norm_suff_mean,random_suff_mean,norm_comp_mean,random_comp_mean,final suff,final comp,target_tokens
0.006699260324239731,0.00339277321472764,0.010757063515484333,0.005469939671456814,1.9745676517486572,0.8164990544319153, Because$ was$.$ was$ of
