target_pos,target_token,norm_suff,random_suff,norm_comp,random_comp
57, I,0.008100388571619987,0.0,0.020506251603364944,0.025815637782216072
59, so,0.0,0.0,0.10900912433862686,0.008513444103300571
61, to,0.12958507239818573,0.0,0.07053908705711365,0.008767906576395035
63, it,0.05107482522726059,0.0,0.01910877414047718,0.026310894638299942
65,.,0.0,0.0,0.05578826367855072,0.008547659032046795
