target_pos,target_token,norm_suff,random_suff,norm_comp,random_comp
51, Because,0.014999929815530777,0.0,0.06513584405183792,0.008447136729955673
53, wanted,0.0,0.002466225763782859,0.015591585077345371,0.007783558219671249
55, show,0.0,0.0,0.03424190357327461,0.009573029354214668
57, to,0.0,0.0,0.017187027260661125,0.02137036807835102
59, dog,0.0,0.0,0.03007134422659874,0.006272987928241491
