target_pos,target_token,norm_suff,random_suff,norm_comp,random_comp
52, Because,0.0,0.0,0.04397614300251007,0.032954830676317215
54, loved,0.00025542228831909597,0.0,0.06006624922156334,0.055223219096660614
56, play,0.0,0.0004232368082739413,0.01521218940615654,0.027507666498422623
58, his,0.0025444149505347013,0.0127040334045887,0.08348126709461212,0.05742475017905235
60,.,0.0,0.06831888854503632,0.043945152312517166,0.017224561423063278
