norm_suff_mean,random_suff_mean,norm_comp_mean,random_comp_mean,final suff,final comp,target_tokens
0.002999986056238413,0.0004932451411150396,0.03244553878903389,0.010689416900277138,6.08213996887207,3.56315541267395, Because$ wanted$ show$ to$ dog
