target_pos,target_token,norm_suff,random_suff,norm_comp,random_comp
68, She,0.017458979040384293,0.0,0.02138965204358101,0.013535730540752411
70, to,0.07261946052312851,0.10471970587968826,0.012363285757601261,0.005223470274358988
72, Asian,0.0,0.0,0.0443471297621727,0.03732377290725708
74,ard,0.0007765512564219534,0.0008540392154827714,0.002015220932662487,0.0016837017610669136
76, her,0.0,0.0022233070340007544,0.016857797279953957,0.0077658528462052345
