norm_suff_mean,random_suff_mean,norm_comp_mean,random_comp_mean,final suff,final comp,target_tokens
0.018170999363064766,0.02155940979719162,0.01939461939036846,0.013106505386531353,0.8428338170051575,0.7212870121002197, She$ to$ Asian$ard$ her
