norm_suff_mean,random_suff_mean,norm_comp_mean,random_comp_mean,final suff,final comp,target_tokens
0.0036282059736549854,0.004544014576822519,0.010331420227885246,0.005173655226826668,0.7984582781791687,1.4259541034698486, She$ to$ a$ meal$ her
