target_pos,target_token,norm_suff,random_suff,norm_comp,random_comp
62, She,0.009942379780113697,0.0,0.016310177743434906,0.02641790173947811
64, to,0.08610652387142181,0.0,0.003356769448146224,0.002770081628113985
66, out,0.0,0.0,0.011604255996644497,0.012226256541907787
68, cheer,0.06886179745197296,0.0,0.09748012572526932,0.01043254230171442
70, at,0.4038515090942383,0.18453694880008698,0.03139093890786171,0.006673404946923256
