norm_suff_mean,random_suff_mean,norm_comp_mean,random_comp_mean,final suff,final comp,target_tokens
0.11375243961811066,0.036907389760017395,0.032028455287218094,0.0117040378972888,3.0821046829223633,0.10289043188095093, She$ to$ out$ cheer$ at
