norm_suff_mean,random_suff_mean,norm_comp_mean,random_comp_mean,final suff,final comp,target_tokens
0.0019010392716154456,0.0026860025245696306,0.010604369454085827,0.00567655311897397,0.707757830619812,2.9860262870788574, She$ to$ out$ cheer$.
