target_pos,target_token,norm_suff,random_suff,norm_comp,random_comp
55, Because,0.0,0.0,0.027361229062080383,0.013262264430522919
57, wanted,0.0022909902036190033,0.0,0.013225622475147247,0.010574686340987682
59, to,0.0,0.0,0.0031664210837334394,0.0028159257490187883
61, French,0.0,0.0,0.024099154397845268,0.010559254325926304
63, She,0.011523754335939884,0.0053483592346310616,0.013074373826384544,0.009994715452194214
