norm_suff_mean,random_suff_mean,norm_comp_mean,random_comp_mean,final suff,final comp,target_tokens
0.0009707621647976339,0.0006449603824876249,0.005959982052445412,0.0034125258680433035,1.5051500797271729,3.515305757522583, Because$ wanted$ to$ successful$ She
