norm_suff_mean,random_suff_mean,norm_comp_mean,random_comp_mean,final suff,final comp,target_tokens
0.0027629488613456488,0.001069671823643148,0.01618536189198494,0.009441370144486427,2.5829873085021973,3.417135238647461, Because$ wanted$ to$ French$ She
