target_pos,target_token,norm_suff,random_suff,norm_comp,random_comp
53, Because,0.0058738612569868565,0.0,0.017570283263921738,0.014412639662623405
55, was,0.0,0.0,0.03986010700464249,0.007795336656272411
57, black,0.0012070307275280356,0.0,0.049770765006542206,0.04761001840233803
59, player,0.002848874544724822,0.0,0.1170058324933052,0.014489224180579185
61, He,0.006774601526558399,0.006396720185875893,0.012707466259598732,0.012335619889199734
