norm_suff_mean,random_suff_mean,norm_comp_mean,random_comp_mean,final suff,final comp,target_tokens
0.0033408738672733307,0.0012793440837413073,0.047382891178131104,0.019328568130731583,2.611395835876465,5.785482883453369, Because$ was$ black$ player$ He
