norm_suff_mean,random_suff_mean,norm_comp_mean,random_comp_mean,final suff,final comp,target_tokens
0.009266349487006664,0.002658194862306118,0.01630178466439247,0.005686867516487837,3.4859557151794434,0.6137117743492126, Because$ was$ black$.$ was
