target_pos,target_token,norm_suff,random_suff,norm_comp,random_comp
67, Mary,0.0,0.0,0.019394241273403168,0.032123416662216187
69, so,0.0501527301967144,0.05153968185186386,0.01786460168659687,0.009831814095377922
71, that,0.23718152940273285,0.1629134565591812,0.011358768679201603,0.009099016897380352
73, didn,0.0027487617917358875,0.006435935385525227,0.01737271249294281,0.009732995182275772
75, want,0.0015055056428536773,0.003116016974672675,0.04065738990902901,0.008616951294243336
