norm_suff_mean,random_suff_mean,norm_comp_mean,random_comp_mean,final suff,final comp,target_tokens
0.058317702263593674,0.0448010191321373,0.021329542621970177,0.013880838640034199,1.30170476436615,0.23802101612091064, Mary$ so$ that$ didn$ want
