target_pos,target_token,norm_suff,random_suff,norm_comp,random_comp
56, Because,0.003197328420355916,0.0,0.12944889068603516,0.04254407808184624
58, wanted,0.0,0.0002221079485025257,0.028558235615491867,0.020748553797602654
60, show,0.0,0.0,0.05294305458664894,0.03341656178236008
62, they,0.0,0.0,0.07303809374570847,0.013219894841313362
64, not,0.003940485417842865,0.0,0.04719286412000656,0.03972058370709419
