norm_suff_mean,random_suff_mean,norm_comp_mean,random_comp_mean,final suff,final comp,target_tokens
0.0014275627909228206,4.442159115569666e-05,0.0662362352013588,0.029929935932159424,32.136688232421875,20.965757369995117, Because$ wanted$ show$ they$ not
