target_pos,target_token,norm_suff,random_suff,norm_comp,random_comp
54, Martha,0.009885723702609539,0.01567828096449375,0.3187844157218933,0.1135348379611969
56, boyfriend,0.0,0.0005351145518943667,0.02466728165745735,0.006328090559691191
58, really,0.0,0.0,0.014384598471224308,0.012142066843807697
60, Dungeons,0.0,0.0004411512054502964,0.013029465451836586,0.005910491570830345
62, Dragons,0.0,0.0,0.0063263908959925175,0.0018285793485119939
