norm_suff_mean,random_suff_mean,norm_comp_mean,random_comp_mean,final suff,final comp,target_tokens
0.001977144740521908,0.0033309091813862324,0.07543843239545822,0.027948815375566483,0.593575119972229,14.135948181152344, Martha$ boyfriend$ really$ Dungeons$ Dragons
