norm_suff_mean,random_suff_mean,norm_comp_mean,random_comp_mean,final suff,final comp,target_tokens
0.00022709256154485047,0.002207903889939189,0.054780155420303345,0.011209066025912762,0.10285437107086182,49.3590202331543, She$ a$ bit$ a$oy
