target_pos,target_token,norm_suff,random_suff,norm_comp,random_comp
43, She,0.007102666422724724,0.02637338824570179,0.15116314589977264,0.04491882026195526
45, learning,0.001925914199091494,0.0,0.121715247631073,0.026209888979792595
47, draw,0.0,0.0,0.004727956373244524,0.0022293180227279663
49, face,7.787612616994011e-07,0.0002655576099641621,0.0026034358888864517,0.00342455948702991
51, She,0.0014770402340218425,0.0,0.0404374897480011,0.016006436198949814
