target_pos,target_token,norm_suff,random_suff,norm_comp,random_comp
43, Because,0.0077532315626740456,0.00602381257340312,0.18027040362358093,0.05198979005217552
45, was,0.006509057246148586,0.00840782467275858,0.029011951759457588,0.01412804052233696
47, to,0.0,0.004475519992411137,0.03089059330523014,0.004120666533708572
49, a,0.0,0.009576039388775826,0.02540816180408001,0.018909836187958717
51,.,0.0,0.008333777077496052,0.031766727566719055,0.008141138590872288
