norm_suff_mean,random_suff_mean,norm_comp_mean,random_comp_mean,final suff,final comp,target_tokens
0.002101280028000474,0.0053277891129255295,0.06412945687770844,0.018557805567979813,0.3944000005722046,8.831666946411133, She$ learning$ draw$ face$ She
