norm_suff_mean,random_suff_mean,norm_comp_mean,random_comp_mean,final suff,final comp,target_tokens
0.002852457808330655,0.0073633948341012,0.059469569474458694,0.019457895308732986,0.38738352060317993,6.821448802947998, Because$ was$ to$ a$.
