target_pos,target_token,norm_suff,random_suff,norm_comp,random_comp
56, Because,0.01631058193743229,0.0,0.11351129412651062,0.05160174146294594
58, was,0.0,0.0,0.020970795303583145,0.013083185069262981
60, of,0.13931989669799805,0.0,0.026172103360295296,0.0239296555519104
62,.,0.0,0.0,0.0682477131485939,0.020442456007003784
64, was,0.002529456513002515,0.0,0.02098478190600872,0.012460383586585522
