target_pos,target_token,norm_suff,random_suff,norm_comp,random_comp
50, She,0.0,0.0013203555718064308,0.014230004511773586,0.009502598084509373
52, to,0.0,0.0,0.013435500673949718,0.0092500951141119
54, her,0.00034750704071484506,0.0,0.046336784958839417,0.019799137488007545
56, walls,0.019826652482151985,0.0,0.025931568816304207,0.012242855504155159
58, She,2.5417539291083813e-05,0.0010327283525839448,0.04195287823677063,0.010433971881866455
