target_pos,target_token,norm_suff,random_suff,norm_comp,random_comp
50, Because,0.004859321750700474,0.004518939647823572,0.0040765744633972645,0.005028254818171263
52, wanted,0.0,0.0,0.00780545175075531,0.004893851466476917
54, paint,0.0016918316250666976,2.8124457458034158e-05,0.012638736516237259,0.003721464890986681
56, bedroom,0.0,0.00043913876288570464,0.03279175981879234,0.005634532310068607
58,.,0.009922055527567863,0.0,0.007121939677745104,0.003556428477168083
