norm_suff_mean,random_suff_mean,norm_comp_mean,random_comp_mean,final suff,final comp,target_tokens
0.004039915278553963,0.00047061676741577685,0.0283773485571146,0.012245731428265572,8.584299087524414,3.0311851501464844, She$ to$ her$ walls$ She
