target_pos,target_token,norm_suff,random_suff,norm_comp,random_comp
63, Because,0.012246625497937202,0.0,0.10198135673999786,0.10148533433675766
65, was,0.006086170673370361,0.0,0.12155964970588684,0.009571661241352558
67,!,0.039041534066200256,0.0,0.09875763952732086,0.10298033803701401
69, was,0.0,0.0,0.04052944481372833,0.02414601668715477
71, hungry,0.013600156642496586,0.0032558063976466656,0.016093241050839424,0.021314546465873718
