target_pos,target_token,norm_suff,random_suff,norm_comp,random_comp
63, She,0.0021469921339303255,0.0005548584740608931,0.06209566071629524,0.014269436709582806
65, hungry,0.00020214846881572157,0.011485564522445202,0.03504383936524391,0.010912190191447735
67, She,0.0,0.0028748484328389168,0.0452505424618721,0.006771286949515343
69, hungry,0.019719118252396584,0.009302536956965923,0.06385494768619537,0.016367657110095024
71, she,0.00804371852427721,0.0023126332089304924,0.015479992143809795,0.003991383593529463
