norm_suff_mean,random_suff_mean,norm_comp_mean,random_comp_mean,final suff,final comp,target_tokens
0.014194897376000881,0.0006511613028123975,0.07578426599502563,0.05189957842230797,21.79935646057129,3.6562137603759766, Because$ was$!$ was$ hungry
