target_pos,target_token,norm_suff,random_suff,norm_comp,random_comp
51, She,0.0,0.008094612509012222,0.026627235114574432,0.035594720393419266
53, in,0.0,0.0,0.05625404044985771,0.011884097941219807
55, relationship,0.0,0.0,0.013185244053602219,0.016744064167141914
57, a,0.0,0.00043352224747650325,0.09802882373332977,0.0807739645242691
59,.,0.07472646236419678,0.0,0.03944247215986252,0.011216985993087292
