norm_suff_mean,random_suff_mean,norm_comp_mean,random_comp_mean,final suff,final comp,target_tokens
0.014945292845368385,0.0017056269571185112,0.04670756682753563,0.031242767348885536,8.762345314025879,2.09047532081604, She$ in$ relationship$ a$.
