target_pos,target_token,norm_suff,random_suff,norm_comp,random_comp
56, I,0.00781725998967886,0.0,0.0258035846054554,0.014539901167154312
58,'t,0.0,0.00023808951664250344,0.0002665204228833318,0.00021225071395747364
60,.,0.0,0.0,0.050680436193943024,0.04095514491200447
62, was,0.0,0.0,0.02444448508322239,0.021047083660960197
64, like,0.06045087054371834,0.0,0.01859475113451481,0.06817211955785751
