target_pos,target_token,norm_suff,random_suff,norm_comp,random_comp
56, I,0.0009481294546276331,0.0,0.005868717096745968,0.004720256198197603
58, a,0.0,0.0,0.004967442248016596,0.005448872689157724
60,.,0.0,0.02165261283516884,0.017065854743123055,0.007454938255250454
62, didn,0.0019724746234714985,0.0,0.0065968153066933155,0.002188844373449683
64, know,0.0,0.0016059784684330225,0.0032116889487951994,0.002656714990735054
