norm_suff_mean,random_suff_mean,norm_comp_mean,random_comp_mean,final suff,final comp,target_tokens
0.01365362573415041,4.761790478369221e-05,0.023957956582307816,0.02898530103266239,286.7330322265625,2.122901439666748, I$'t$.$ was$ like
