norm_suff_mean,random_suff_mean,norm_comp_mean,random_comp_mean,final suff,final comp,target_tokens
0.0005841208039782941,0.004651718307286501,0.00754210352897644,0.004493925254791975,0.12557096779346466,7.693486213684082, I$ a$.$ didn$ know
