target_pos,target_token,norm_suff,random_suff,norm_comp,random_comp
49, Chris,0.0,0.0,0.1012248545885086,0.038460873067379
51, struggling,0.001842342782765627,0.003954698797315359,0.1801290661096573,0.0666104406118393
53, English,0.0,0.0,0.012726751156151295,0.011742009781301022
55,.,0.0,0.02747354842722416,0.06405604630708694,0.013535179197788239
57, decided,0.0,0.0003997155581600964,0.044172871857881546,0.010214070789515972
