target_pos,target_token,norm_suff,random_suff,norm_comp,random_comp
48, Because,0.0,0.02265344001352787,0.015063673257827759,0.028204727917909622
50, was,0.001091537531465292,0.0,0.025141997262835503,0.0182470865547657
52, working,0.0,0.0,0.027216438204050064,0.013999702408909798
54, his,0.0,0.0,0.009804939851164818,0.08329128473997116
56,.,0.0,0.00962857250124216,0.06581035256385803,0.012399222701787949
