norm_suff_mean,random_suff_mean,norm_comp_mean,random_comp_mean,final suff,final comp,target_tokens
0.0002183075121138245,0.006456402596086264,0.028607482090592384,0.031228406354784966,0.03381256014108658,143.04779052734375, Because$ was$ working$ his$.
