target_pos,target_token,norm_suff,random_suff,norm_comp,random_comp
59, Because,0.0,0.0,0.026130814105272293,0.04793326184153557
61, was,0.0,0.0,0.027325954288244247,0.00816954206675291
63, ge,0.0,0.00043848928180523217,0.035452909767627716,0.012530449777841568
65,.,0.0,0.00792792160063982,0.19307070970535278,0.020713388919830322
67, was,0.0,0.0,0.043733637779951096,0.0486934632062912
