target_pos,target_token,norm_suff,random_suff,norm_comp,random_comp
53, Because,0.020652104169130325,0.007696126122027636,0.053032733500003815,0.009961030445992947
55, was,0.0,0.0,0.1882515549659729,0.05397513136267662
57, only,0.001451791380532086,0.0,0.023369958624243736,0.011873476207256317
59, who,0.0,7.670774357393384e-05,0.012586137279868126,0.022131428122520447
61, sit,0.0,0.0,0.017168454825878143,0.03999248147010803
