norm_suff_mean,random_suff_mean,norm_comp_mean,random_comp_mean,final suff,final comp,target_tokens
0.004420779179781675,0.001554566784761846,0.058881767094135284,0.027586711570620537,2.8437371253967285,6.240237236022949, Because$ was$ only$ who$ sit
