target_pos,target_token,norm_suff,random_suff,norm_comp,random_comp
64, Because,0.0,0.0,0.03008994273841381,0.04964370280504227
66, were,0.0023188816849142313,0.007373107597231865,0.021895796060562134,0.007749964017421007
68, of,0.0724593922495842,0.0,0.04771729186177254,0.014317707158625126
70, barb,0.00814848393201828,0.016720212996006012,0.0583106130361557,0.015334240160882473
72,.,0.15621168911457062,0.390654593706131,0.024400746449828148,0.014737725257873535
