norm_suff_mean,random_suff_mean,norm_comp_mean,random_comp_mean,final suff,final comp,target_tokens
0.047827690839767456,0.08294957876205444,0.036482878029346466,0.020356668159365654,0.5765874981880188,0.42562514543533325, Because$ were$ of$ barb$.
