target_pos,target_token,norm_suff,random_suff,norm_comp,random_comp
34, in,0.0008948308532126248,0.03184349462389946,0.03095170296728611,0.019480198621749878
36, U,0.003264866303652525,0.0005045420839451253,0.023808635771274567,0.009925697930157185
38,S,0.01220411341637373,0.0005037637311033905,0.00040452470420859754,0.0015493008540943265
40, state,0.0,0.0002820537774823606,0.006509994622319937,0.004970586858689785
42, Pennsylvania,0.004075966309756041,0.0014433680335059762,0.0031356203835457563,0.0046233730390667915
