target_pos,target_token,norm_suff,random_suff,norm_comp,random_comp
34, in,0.0,0.0,0.01777353510260582,0.03941553458571434
36, U,0.0007373218541033566,0.00021139823365956545,0.025654587894678116,0.034932978451251984
38,S,0.0,0.0,0.000930473324842751,0.002250760793685913
40, state,0.0,0.0,0.008590375073254108,0.005189297720789909
42, Pennsylvania,0.0006932335672900081,8.768739644438028e-05,0.013191711157560349,0.004580605309456587
