norm_suff_mean,random_suff_mean,norm_comp_mean,random_comp_mean,final suff,final comp,target_tokens
0.0002861111133825034,5.981712820357643e-05,0.013228136114776134,0.017273835837841034,4.783096790313721,60.37457275390625, in$ U$S$ state$ Pennsylvania
