norm_suff_mean,random_suff_mean,norm_comp_mean,random_comp_mean,final suff,final comp,target_tokens
0.004087955690920353,0.006915444042533636,0.012962095439434052,0.008109831251204014,0.591134250164032,1.9838354587554932, in$ U$S$ state$ Pennsylvania
