target_pos,target_token,norm_suff,random_suff,norm_comp,random_comp
18, in,0.008317114785313606,0.0,0.033690813928842545,0.04257601872086525
20,67,0.0,0.0007823837222531438,0.017726078629493713,0.007783259265124798
22,"
",0.026676567271351814,0.008967261761426926,0.051686305552721024,0.007760233711451292
24, know,0.0,0.0,0.013639907352626324,0.005827910266816616
26, I,0.008854706771671772,0.0,0.004275958519428968,0.004739263094961643
