target_pos,target_token,norm_suff,random_suff,norm_comp,random_comp
18, in,0.0,0.0,0.03400527685880661,0.031578414142131805
20,67,0.002209325321018696,0.0010553138563409448,0.02788439206779003,0.007835541851818562
22,"
",0.20256838202476501,0.13281847536563873,0.01849953830242157,0.006392652168869972
24, know,0.0,0.0,0.014965035952627659,0.014922852627933025
26, I,0.0,0.013796691782772541,0.007084677927196026,0.004193135071545839
