norm_suff_mean,random_suff_mean,norm_comp_mean,random_comp_mean,final suff,final comp,target_tokens
0.04095553979277611,0.029534095898270607,0.02048778347671032,0.012984518893063068,1.3867206573486328,0.3170393705368042," in$67$
$ know$ I"
