norm_suff_mean,random_suff_mean,norm_comp_mean,random_comp_mean,final suff,final comp,target_tokens
0.008769677951931953,0.0019499290501698852,0.024203812703490257,0.013737337663769722,4.497434616088867,1.5664585828781128," in$67$
$ know$ I"
