target_pos,target_token,norm_suff,random_suff,norm_comp,random_comp
19, Edit,0.03988533839583397,0.011069945059716702,0.03724619746208191,0.04738709703087807
21, I,0.003532018279656768,0.051337968558073044,0.022774353623390198,0.023059505969285965
23, wrong,0.0,0.0,0.009704062715172768,0.012216467410326004
25, it,0.0,0.0,0.01632656715810299,0.02659771591424942
27, 28,0.0,0.0,0.02701573818922043,0.025689980015158653
