target_pos,target_token,norm_suff,random_suff,norm_comp,random_comp
19, Edit,0.0,0.03517613559961319,0.08444201946258545,0.034375935792922974
21, I,0.011492581106722355,0.028832361102104187,0.01330291572958231,0.023766985163092613
23, wrong,0.0,0.0,0.012020724825561047,0.019332781434059143
25, it,0.0,0.0,0.01950681582093239,0.016508638858795166
27, 28,0.0,0.0,0.036807067692279816,0.03095340169966221
