norm_suff_mean,random_suff_mean,norm_comp_mean,random_comp_mean,final suff,final comp,target_tokens
0.002298516221344471,0.012801699340343475,0.03321591019630432,0.02498754858970642,0.1795477420091629,10.871164321899414, Edit$ I$ wrong$ it$ 28
