norm_suff_mean,random_suff_mean,norm_comp_mean,random_comp_mean,final suff,final comp,target_tokens
0.008683471940457821,0.012481583282351494,0.02261338382959366,0.02699015475809574,0.6957027316093445,3.1082215309143066, Edit$ I$ wrong$ it$ 28
