target_pos,target_token,norm_suff,random_suff,norm_comp,random_comp
16, and,0.0,0.0,0.06430863589048386,0.054926156997680664
18, a,0.0,0.0,0.024080393835902214,0.02394024282693863
20, of,0.0,0.0,0.0033321520313620567,0.002128387102857232
22, family,0.0024527967907488346,0.0,0.030638543888926506,0.038419436663389206
24,mill,0.0,0.007619132287800312,0.038198307156562805,0.09766185283660889
