target_pos,target_token,norm_suff,random_suff,norm_comp,random_comp
16, and,0.03955330327153206,0.0,0.062085676938295364,0.06229865923523903
18, a,0.0,0.0,0.05066114664077759,0.043656155467033386
20, of,0.0,0.07319818437099457,0.003032201435416937,0.0017143315635621548
22, family,0.011502491310238838,0.0011981554562225938,0.030169593170285225,0.027156474068760872
24,mill,0.0039831302128732204,0.002646401757374406,0.05785176157951355,0.08933345973491669
