norm_suff_mean,random_suff_mean,norm_comp_mean,random_comp_mean,final suff,final comp,target_tokens
0.011007784865796566,0.015408548526465893,0.04076007753610611,0.04483181610703468,0.7143946886062622,4.072737216949463, and$ a$ of$ family$mill
