norm_suff_mean,random_suff_mean,norm_comp_mean,random_comp_mean,final suff,final comp,target_tokens
0.0004905593814328313,0.0015238265041261911,0.03211160749197006,0.043415214866399765,0.3219259977340698,88.50144958496094, and$ a$ of$ family$mill
