target_pos,target_token,norm_suff,random_suff,norm_comp,random_comp
25, ,0.008074525743722916,0.07489762455224991,0.04131819307804108,0.04305922985076904
27, tumor,0.0,0.0,0.014277372509241104,0.01895042136311531
29, a,0.0,0.0,0.02175302617251873,0.01973823457956314
31, of,0.0,0.07350756973028183,0.01800367422401905,0.01598939672112465
33, within,0.004695326089859009,0.03074525110423565,0.032813914120197296,0.04301417991518974
