target_pos,target_token,norm_suff,random_suff,norm_comp,random_comp
25, ,0.0,0.03252793848514557,0.0665820837020874,0.026198577135801315
27, tumor,0.0012216767063364387,0.0,0.02075871080160141,0.03594325855374336
29, a,0.0,0.0,0.023692987859249115,0.019803132861852646
31, of,0.06894629448652267,0.011818420141935349,0.016063954681158066,0.03417782112956047
33, within,0.0,0.0,0.026284892112016678,0.0651189386844635
