norm_suff_mean,random_suff_mean,norm_comp_mean,random_comp_mean,final suff,final comp,target_tokens
0.014033595100045204,0.008869271725416183,0.030676526948809624,0.0362483449280262,1.5822714567184448,2.5829691886901855, $ tumor$ a$ of$ within
