norm_suff_mean,random_suff_mean,norm_comp_mean,random_comp_mean,final suff,final comp,target_tokens
0.002553970320150256,0.035830091685056686,0.02563323639333248,0.028150293976068497,0.07128003984689713,11.02216911315918, $ tumor$ a$ of$ within
