target_pos,target_token,norm_suff,random_suff,norm_comp,random_comp
21, ,0.009035655297338963,0.05347377434372902,0.03830451890826225,0.03581603243947029
23, Archbishop,0.005046198610216379,0.0033865871373564005,0.020028268918395042,0.029483944177627563
25, Washington,0.0,0.0,0.018321895971894264,0.02884698286652565
27, the,0.0,3.389629637240432e-05,0.006597300060093403,0.005413677077740431
29, of,0.047564778476953506,0.0,0.0015172052662819624,0.003184177214279771
