target_pos,target_token,norm_suff,random_suff,norm_comp,random_comp
21, ,0.0,0.02950979396700859,0.05316540226340294,0.0669378936290741
23, Archbishop,0.0,0.0,0.04108010232448578,0.03412969410419464
25, Washington,0.0,0.0,0.03128698468208313,0.03817500174045563
27, the,0.0,0.0,0.005784573499113321,0.003895781235769391
29, of,0.0,0.0,0.0035249392967671156,0.0018473112722858787
