norm_suff_mean,random_suff_mean,norm_comp_mean,random_comp_mean,final suff,final comp,target_tokens
0.012329326942563057,0.011378851719200611,0.016953838989138603,0.02054896391928196,1.0835299491882324,1.6666736602783203, $ Archbishop$ Washington$ the$ of
