target_pos,target_token,norm_suff,random_suff,norm_comp,random_comp
22, (,0.0,0.0,0.008899325504899025,0.010744352824985981
24,",",0.0,0.04031352698802948,0.001050916500389576,0.0011123564327135682
26, km,0.0,0.0,0.008623325265944004,0.015324804000556469
28, from,0.000758904090616852,0.0,0.01057515013962984,0.012731753289699554
30, equ,0.0,0.0,0.012825719080865383,0.022235827520489693
