target_pos,target_token,norm_suff,random_suff,norm_comp,random_comp
22, (,0.0,0.0,0.01848987303674221,0.012887144461274147
24,",",0.0,0.0,0.0009551005787216127,0.0007512690499424934
26, km,0.0019425411010161042,0.003909722901880741,0.006828636862337589,0.005142030771821737
28, from,0.0,0.0,0.008968416601419449,0.016901813447475433
30, equ,0.0,0.003210608381778002,0.010247931815683842,0.018054015934467316
