norm_suff_mean,random_suff_mean,norm_comp_mean,random_comp_mean,final suff,final comp,target_tokens
0.00038850822602398694,0.0014240662567317486,0.009097992442548275,0.010747255757451057,0.27281612157821655,27.662878036499023," ($,$ km$ from$ equ"
