norm_suff_mean,random_suff_mean,norm_comp_mean,random_comp_mean,final suff,final comp,target_tokens
0.00015178082685451955,0.008062705397605896,0.008394886739552021,0.012429819442331791,0.018825048580765724,81.8932113647461," ($,$ km$ from$ equ"
