target_pos,target_token,norm_suff,random_suff,norm_comp,random_comp
26, by,0.0046456437557935715,0.0,0.018010014668107033,0.008743664249777794
28, Weiner,0.002619268139824271,0.0,0.06153007596731186,0.03939557448029518
30, David,0.0019321501022204757,0.0,0.04383362829685211,0.04609484225511551
32,.,0.0,0.0,0.004534852225333452,0.0035769192036241293
34,.,0.0,0.0,0.019239261746406555,0.009557574056088924
