target_pos,target_token,norm_suff,random_suff,norm_comp,random_comp
26, by,0.0033116494305431843,0.0,0.004673445131629705,0.0054282876662909985
28, Weiner,0.001320020412094891,0.002022571163251996,0.050850000232458115,0.04520557075738907
30, David,0.0,0.0,0.036751873791217804,0.03142498806118965
32,.,0.009352105669677258,0.0,0.006037138868123293,0.006286484654992819
34,.,0.0,0.0,0.01490052044391632,0.010663381777703762
