norm_suff_mean,random_suff_mean,norm_comp_mean,random_comp_mean,final suff,final comp,target_tokens
0.002796754939481616,0.0004045142268296331,0.022642595693469048,0.01980174146592617,6.913860321044922,7.08025598526001, by$ Weiner$ David$.$.
