target_pos,target_token,norm_suff,random_suff,norm_comp,random_comp
22, to,0.0,0.0,0.024584857746958733,0.01147717610001564
24, actor,0.0,7.680787530262023e-05,0.009562324732542038,0.010237724520266056
26, has,0.017614534124732018,0.0,0.010283173061907291,0.022702209651470184
28, a,0.0,0.0,0.009292886592447758,0.014054191298782825
30, role,0.0,0.0,0.0045468430034816265,0.005100838840007782
