target_pos,target_token,norm_suff,random_suff,norm_comp,random_comp
22, to,0.0,0.0,0.022709164768457413,0.00892374012619257
24, actor,0.0,0.0,0.013496083207428455,0.005942993331700563
26, has,0.0,0.0,0.013598061166703701,0.01398387085646391
28, a,0.0,0.0,0.011721654795110226,0.013603782281279564
30, role,0.0,0.0,0.007027194369584322,0.005194277968257666
