norm_suff_mean,random_suff_mean,norm_comp_mean,random_comp_mean,final suff,final comp,target_tokens
0.003522906918078661,1.5361574696726166e-05,0.011654016561806202,0.012714427895843983,229.33241271972656,3.6090729236602783, to$ actor$ has$ a$ role
