target_pos,target_token,norm_suff,random_suff,norm_comp,random_comp
28, The,0.008357753045856953,0.10139048844575882,0.010204165242612362,0.009044414386153221
30, were,0.0,0.0,0.02903841994702816,0.01690104976296425
32, war,0.0,0.0,0.020425256341695786,0.01243734173476696
34, the,0.0,0.0,0.017350321635603905,0.01605888269841671
36,",",0.005793633405119181,0.0,0.013570920564234257,0.013823811896145344
