target_pos,target_token,norm_suff,random_suff,norm_comp,random_comp
28, The,0.0006977455341257155,0.002041432773694396,0.01335074007511139,0.014544708654284477
30, were,0.0,0.0,0.014817970804870129,0.017033575102686882
32, war,0.0,0.0,0.005750800017267466,0.006042287684977055
34, the,0.0037890595849603415,0.028173401951789856,0.021813178434967995,0.009473279118537903
36,",",0.0,0.08256573230028152,0.01217062771320343,0.014569364488124847
