norm_suff_mean,random_suff_mean,norm_comp_mean,random_comp_mean,final suff,final comp,target_tokens
0.0008973610820248723,0.022556113079190254,0.013580664061009884,0.012332643382251263,0.03978349640965462,13.743233680725098," The$ were$ war$ the$,"
