norm_suff_mean,random_suff_mean,norm_comp_mean,random_comp_mean,final suff,final comp,target_tokens
0.002830277429893613,0.020278098061680794,0.018117817118763924,0.013653099536895752,0.1395731270313263,4.823944091796875," The$ were$ war$ the$,"
