target_pos,target_token,norm_suff,random_suff,norm_comp,random_comp
18, in,0.0,0.0,0.038152068853378296,0.022406436502933502
20, middle,0.0,0.0,0.025897877290844917,0.03409761190414429
22, the,0.014220614917576313,0.02076646313071251,0.04651598632335663,0.023332450538873672
24,th,0.0,0.0,0.0016669677570462227,0.003400288289412856
26,.,0.0,0.0,0.015476888045668602,0.017729878425598145
