target_pos,target_token,norm_suff,random_suff,norm_comp,random_comp
18, in,0.0,0.014473780989646912,0.025808151811361313,0.027525227516889572
20, middle,0.0,0.0,0.02975667268037796,0.02581704594194889
22, the,0.0,0.0,0.01877501793205738,0.019805090501904488
24,th,0.0,0.0,0.0007162264664657414,0.002402441343292594
26,.,0.05148693546652794,0.0,0.02207842282950878,0.014134114608168602
