norm_suff_mean,random_suff_mean,norm_comp_mean,random_comp_mean,final suff,final comp,target_tokens
0.002844122936949134,0.004153292626142502,0.025541959330439568,0.02019333280622959,0.6847875118255615,7.100020885467529, in$ middle$ the$th$.
