norm_suff_mean,random_suff_mean,norm_comp_mean,random_comp_mean,final suff,final comp,target_tokens
0.010297386907041073,0.0028947561513632536,0.019426897168159485,0.017936784774065018,3.557255268096924,1.7418773174285889, in$ middle$ the$th$.
