target_pos,target_token,norm_suff,random_suff,norm_comp,random_comp
17, ,0.0,0.1603282392024994,0.02488597109913826,0.03314682096242905
19, ,0.0593922920525074,0.014205832034349442,0.022935131564736366,0.023652026429772377
21, ,0.04712600260972977,0.03760921210050583,0.01958751305937767,0.020975910127162933
23, ,0.0,0.0,0.0093849403783679,0.010959488339722157
25, ,0.0,0.0055130706168711185,0.011008154600858688,0.015145350247621536
