target_pos,target_token,norm_suff,random_suff,norm_comp,random_comp
17, ,0.0,0.0,0.043460119515657425,0.03276510536670685
19, ,0.0103902667760849,0.0,0.022298147901892662,0.01798570156097412
21, ,0.08431543409824371,0.0,0.024303719401359558,0.02909490093588829
23, ,0.0,0.0055603813380002975,0.019803978502750397,0.017064392566680908
25, ,0.034669581800699234,0.0,0.0237209964543581,0.010399212129414082
