norm_suff_mean,random_suff_mean,norm_comp_mean,random_comp_mean,final suff,final comp,target_tokens
0.02587505616247654,0.0011120763374492526,0.026717394590377808,0.021461863070726395,23.267337799072266,0.8294422030448914, $ $ $ $ 
