norm_suff_mean,random_suff_mean,norm_comp_mean,random_comp_mean,final suff,final comp,target_tokens
0.021303659304976463,0.04353126883506775,0.017560342326760292,0.020775919780135155,0.48938751220703125,0.9752277731895447, $ $ $ $ 
