target_pos,target_token,norm_suff,random_suff,norm_comp,random_comp
13, They,0.0,0.0015079500153660774,0.10183480381965637,0.04128659889101982
15, not,0.0,0.0,0.07202104479074478,0.05083170905709267
17,.,0.03037014789879322,0.05018667131662369,0.05878385901451111,0.06991765648126602
19,I,0.04422543942928314,0.11384862661361694,0.02905004844069481,0.01656937412917614
21,",",0.0,0.0,0.01346308458596468,0.008818970993161201
