target_pos,target_token,norm_suff,random_suff,norm_comp,random_comp
13, They,0.02154819294810295,0.0011738480534404516,0.09839620441198349,0.09458109736442566
15, not,0.0035591106861829758,0.0,0.0658331885933876,0.04360503330826759
17,.,0.02104104310274124,0.0,0.0583137609064579,0.03171338886022568
19,I,0.04222028702497482,0.02669672481715679,0.035546064376831055,0.015049816109240055
21,",",0.0,0.0,0.01096176728606224,0.008868872188031673
