norm_suff_mean,random_suff_mean,norm_comp_mean,random_comp_mean,final suff,final comp,target_tokens
0.014919117093086243,0.03310864791274071,0.05503057315945625,0.03748486191034317,0.450610876083374,2.5125389099121094," They$ not$.$I$,"
