norm_suff_mean,random_suff_mean,norm_comp_mean,random_comp_mean,final suff,final comp,target_tokens
0.017673727124929428,0.005574114620685577,0.05381019786000252,0.03876364231109619,3.1706788539886475,2.1932919025421143," They$ not$.$I$,"
