target_pos,target_token,norm_suff,random_suff,norm_comp,random_comp
21, until,0.0,0.0,0.021596670150756836,0.013133351691067219
23, French,0.0045679230242967606,0.0006177126779220998,0.013542876578867435,0.020413432270288467
25, in,0.0022880148608237505,0.020010462030768394,0.03875046223402023,0.0194657351821661
27,89,0.00041814829455688596,0.0019338686252012849,0.005210926290601492,0.002120249206200242
29, The,0.21681296825408936,0.014328262768685818,0.013745945878326893,0.00800231285393238
