target_pos,target_token,norm_suff,random_suff,norm_comp,random_comp
21, until,0.026071645319461823,0.019812779501080513,0.015021409839391708,0.02024238556623459
23, French,0.0,0.005068997852504253,0.01685256138443947,0.012516509741544724
25, in,0.0,0.002255945699289441,0.014424894005060196,0.021714208647608757
27,89,0.0,0.0,0.00247996230609715,0.005558706820011139
29, The,0.09787488728761673,0.003970612771809101,0.008887282572686672,0.010416963137686253
