norm_suff_mean,random_suff_mean,norm_comp_mean,random_comp_mean,final suff,final comp,target_tokens
0.02478930726647377,0.006221667863428593,0.011533222161233425,0.014089754782617092,3.9843506813049316,0.5683803558349609, until$ French$ in$89$ The
