norm_suff_mean,random_suff_mean,norm_comp_mean,random_comp_mean,final suff,final comp,target_tokens
0.04481741413474083,0.007378061302006245,0.018569376319646835,0.012627015821635723,6.074416160583496,0.28174352645874023, until$ French$ in$89$ The
