target_pos,target_token,norm_suff,random_suff,norm_comp,random_comp
16, and,0.0,0.024103615432977676,0.03191008046269417,0.09287583827972412
18,.,0.17312991619110107,0.0,0.021089116111397743,0.01960764080286026
20, is,0.0,0.04339922219514847,0.017813790589571,0.018288182094693184
22, known,0.00025659671518951654,0.0,0.003170245559886098,0.002819312736392021
24, his,0.0,0.0,0.010807212442159653,0.007181183435022831
