target_pos,target_token,norm_suff,random_suff,norm_comp,random_comp
16, and,0.014367880299687386,0.06195957213640213,0.06601781398057938,0.03641179949045181
18,.,0.0050711422227323055,0.00039524902240373194,0.014199892990291119,0.011608091183006763
20, is,0.03429528698325157,0.038349706679582596,0.012221516110002995,0.012396307662129402
22, known,0.00048315461026504636,0.0005125902243889868,0.004346082452684641,0.0031370369251817465
24, his,0.0,0.0,0.005455790087580681,0.009694249369204044
