norm_suff_mean,random_suff_mean,norm_comp_mean,random_comp_mean,final suff,final comp,target_tokens
0.010843493044376373,0.02024342492222786,0.020448220893740654,0.014649497345089912,0.5356550812721252,1.350994348526001, and$.$ is$ known$ his
