norm_suff_mean,random_suff_mean,norm_comp_mean,random_comp_mean,final suff,final comp,target_tokens
0.034677304327487946,0.013500568456947803,0.016958089545369148,0.028154432773590088,2.5685811042785645,0.8118979930877686, and$.$ is$ known$ his
