target_pos,target_token,norm_suff,random_suff,norm_comp,random_comp
16, ,0.0,0.06767552345991135,0.12657430768013,0.06454602628946304
18, ,0.0,0.0,0.014844788238406181,0.01469334028661251
20, ,0.0048715658485889435,0.003205526852980256,0.03891318291425705,0.018588216975331306
22, ,0.02784220315515995,0.0,0.02996676042675972,0.019444497302174568
24, ,0.0,0.0027124809566885233,0.016292566433548927,0.01448484044522047
