target_pos,target_token,norm_suff,random_suff,norm_comp,random_comp
16, ,0.03368516266345978,0.007354500703513622,0.10648470371961594,0.06781765818595886
18, ,0.0,0.03518959507346153,0.017476970329880714,0.02052018605172634
20, ,0.0,0.03226635232567787,0.04321720451116562,0.014145711436867714
22, ,0.0,0.0,0.022539278492331505,0.011815110221505165
24, ,0.04492252692580223,0.0,0.013425273820757866,0.01863790862262249
