norm_suff_mean,random_suff_mean,norm_comp_mean,random_comp_mean,final suff,final comp,target_tokens
0.01572153903543949,0.014962089248001575,0.04062868654727936,0.026587316766381264,1.0507582426071167,1.691139578819275, $ $ $ $ 
