norm_suff_mean,random_suff_mean,norm_comp_mean,random_comp_mean,final suff,final comp,target_tokens
0.0065427543595433235,0.014718706719577312,0.045318324118852615,0.026351382955908775,0.44451963901519775,4.027567386627197, $ $ $ $ 
