target_pos,target_token,norm_suff,random_suff,norm_comp,random_comp
25, of,0.0,0.04749305918812752,0.018179502338171005,0.02624157816171646
27,ra,0.0,0.0,0.0020656627602875233,0.0022126459516584873
29, and,0.0,0.0,0.008775237016379833,0.01861054264008999
31, from,0.0292831901460886,0.0005864480044692755,0.013395054265856743,0.01827048324048519
33,78,0.007617529947310686,0.0008908890886232257,0.010297662578523159,0.028078828006982803
