target_pos,target_token,norm_suff,random_suff,norm_comp,random_comp
25, of,0.0,0.0,0.03652043640613556,0.02489197999238968
27,ra,0.0003410660137888044,0.00015941975289024413,0.0023131573107093573,0.0024595896247774363
29, and,0.0,0.0,0.008394688367843628,0.010027310810983181
31, from,0.0,0.03644529730081558,0.0159903634339571,0.020712411031126976
33,78,0.0009864824824035168,0.042090486735105515,0.01719118282198906,0.008589019998908043
