norm_suff_mean,random_suff_mean,norm_comp_mean,random_comp_mean,final suff,final comp,target_tokens
0.007380144204944372,0.009794078767299652,0.010542623698711395,0.01868281699717045,0.7535312175750732,2.5314974784851074, of$ra$ and$ from$78
