norm_suff_mean,random_suff_mean,norm_comp_mean,random_comp_mean,final suff,final comp,target_tokens
0.00026550970505923033,0.015739042311906815,0.01608196459710598,0.01333606243133545,0.016869494691491127,50.228153228759766, of$ra$ and$ from$78
