target_pos,target_token,norm_suff,random_suff,norm_comp,random_comp
12,"
",0.05913705378770828,0.012707360088825226,0.17257742583751678,0.053783923387527466
14, was,0.0,0.0,0.025974761694669724,0.010230896063148975
16, Sinclair,0.0011808474082499743,0.0,0.023402361199259758,0.031671784818172455
18, in,0.049230050295591354,0.0,0.03433063626289368,0.027080358937382698
20, early,0.0,0.008639735169708729,0.020766127854585648,0.006348802708089352
