target_pos,target_token,norm_suff,random_suff,norm_comp,random_comp
12,"
",0.041337717324495316,0.0265047624707222,0.24839162826538086,0.1509254276752472
14, was,0.0,0.0001362803450319916,0.016579825431108475,0.027510657906532288
16, Sinclair,0.0,0.0,0.029240354895591736,0.026051847264170647
18, in,0.0,0.019206348806619644,0.02821097895503044,0.017988024279475212
20, early,0.0,0.0059643881395459175,0.011051860637962818,0.01143892202526331
