norm_suff_mean,random_suff_mean,norm_comp_mean,random_comp_mean,final suff,final comp,target_tokens
0.021909590810537338,0.0042694187723100185,0.05541026592254639,0.02582315169274807,5.131750106811523,1.1786231994628906,"
$ was$ Sinclair$ in$ early"
