norm_suff_mean,random_suff_mean,norm_comp_mean,random_comp_mean,final suff,final comp,target_tokens
0.008267543278634548,0.010362355969846249,0.06669493764638901,0.046782977879047394,0.7978439927101135,5.658631324768066,"
$ was$ Sinclair$ in$ early"
