target_pos,target_token,norm_suff,random_suff,norm_comp,random_comp
21, ,0.004041854292154312,0.0,0.06712202727794647,0.03356998413801193
23, ,0.02760104462504387,0.08472523093223572,0.02201973833143711,0.01455359160900116
25, ,0.0,0.10406752675771713,0.014667698182165623,0.021745866164565086
27, ,0.0,0.013178950175642967,0.022480839863419533,0.00836274866014719
29, ,0.02589455060660839,0.0,0.00930515956133604,0.010793687775731087
