target_pos,target_token,norm_suff,random_suff,norm_comp,random_comp
21, ,0.0,0.07860355824232101,0.04991669952869415,0.02718500792980194
23, ,0.0,0.047887079417705536,0.020673008635640144,0.023859286680817604
25, ,0.0,0.00596215296536684,0.02042604424059391,0.021241726353764534
27, ,0.043612223118543625,0.006404688116163015,0.022284017875790596,0.014947415329515934
29, ,0.00914565660059452,0.024297937750816345,0.010086377151310444,0.011663221754133701
