norm_suff_mean,random_suff_mean,norm_comp_mean,random_comp_mean,final suff,final comp,target_tokens
0.011507490649819374,0.04039434343576431,0.027119090780615807,0.017805175855755806,0.28487876057624817,1.5472683906555176, $ $ $ $ 
