norm_suff_mean,random_suff_mean,norm_comp_mean,random_comp_mean,final suff,final comp,target_tokens
0.010551576502621174,0.03263108432292938,0.024677230045199394,0.019779330119490623,0.3233596682548523,1.8745379447937012, $ $ $ $ 
