target_pos,target_token,norm_suff,random_suff,norm_comp,random_comp
23, (,0.011444791220128536,0.0,0.036662593483924866,0.01766553707420826
25,22,0.040031932294368744,0.00124322809278965,0.038488343358039856,0.04435336962342262
27, It,0.019898662343621254,0.10383527725934982,0.016375187784433365,0.016243349760770798
29, a,0.0,0.0,0.019249215722084045,0.02015608921647072
31, on,0.0,0.0,0.003555552801117301,0.00650829030200839
