target_pos,target_token,norm_suff,random_suff,norm_comp,random_comp
23, (,0.056471481919288635,0.0,0.06586476415395737,0.021198201924562454
25,22,0.018556904047727585,0.020270928740501404,0.019921904429793358,0.0317692756652832
27, It,0.0029717423021793365,0.002545000286772847,0.011558374390006065,0.01577925868332386
29, a,0.0,0.0,0.013015069998800755,0.020648270845413208
31, on,0.0,0.012093234807252884,0.00292794406414032,0.0060507310554385185
