norm_suff_mean,random_suff_mean,norm_comp_mean,random_comp_mean,final suff,final comp,target_tokens
0.015600025653839111,0.006981832440942526,0.022657612338662148,0.019089147448539734,2.2343740463256836,1.2236613035202026, ($22$ It$ a$ on
