norm_suff_mean,random_suff_mean,norm_comp_mean,random_comp_mean,final suff,final comp,target_tokens
0.014275076799094677,0.021015701815485954,0.022866178303956985,0.020985327661037445,0.6792576909065247,1.4700676202774048, ($22$ It$ a$ on
