target_pos,target_token,norm_suff,random_suff,norm_comp,random_comp
22, who,0.0,0.0,0.026146631687879562,0.040267884731292725
24, a,0.0,0.0,0.05856131389737129,0.009458682499825954
26, agent,0.0,0.0,0.0023881036322563887,0.0019362032180652022
28, He,0.0,0.00792988296598196,0.04459914565086365,0.03926922753453255
30, played,0.0005876561044715345,0.00043157150503247976,0.01592162624001503,0.012593880295753479
