target_pos,target_token,norm_suff,random_suff,norm_comp,random_comp
22, who,0.0,0.023757649585604668,0.059149451553821564,0.02413584291934967
24, a,0.0,0.0,0.027507400140166283,0.03706279397010803
26, agent,0.0,0.005680363159626722,0.0011052917689085007,0.0016991388984024525
28, He,0.011606452986598015,0.0,0.025911817327141762,0.03427048400044441
30, played,0.0,0.0003779635881073773,0.009960342198610306,0.012570171616971493
