norm_suff_mean,random_suff_mean,norm_comp_mean,random_comp_mean,final suff,final comp,target_tokens
0.0023212905507534742,0.005963195580989122,0.024726862087845802,0.02194768749177456,0.38926956057548523,9.454950332641602, who$ a$ agent$ He$ played
