norm_suff_mean,random_suff_mean,norm_comp_mean,random_comp_mean,final suff,final comp,target_tokens
0.0001175312208943069,0.0016722908476367593,0.029523363336920738,0.020705176517367363,0.07028156518936157,176.16746520996094, who$ a$ agent$ He$ played
