target_pos,target_token,norm_suff,random_suff,norm_comp,random_comp
26, ,0.08084265142679214,0.0,0.027613474056124687,0.023800259456038475
28, ,0.0,0.017859134823083878,0.016650991514325142,0.015970740467309952
30, ,0.005047841463238001,0.008338022977113724,0.022959375753998756,0.0207136832177639
32, ,0.026413166895508766,0.001590015017427504,0.011087397113442421,0.013341283425688744
34, ,0.017557581886649132,0.01818845048546791,0.00748563464730978,0.010673519223928452
