target_pos,target_token,norm_suff,random_suff,norm_comp,random_comp
26, ,0.0029959825333207846,0.0,0.035070013254880905,0.024760911241173744
28, ,0.01307262945920229,0.001506509375758469,0.02269810624420643,0.01372881792485714
30, ,0.0,0.007322339341044426,0.02225581370294094,0.017588280141353607
32, ,0.0,0.0,0.011770246550440788,0.010704469867050648
34, ,0.03482745215296745,0.04423045739531517,0.009980120696127415,0.011123944073915482
