norm_suff_mean,random_suff_mean,norm_comp_mean,random_comp_mean,final suff,final comp,target_tokens
0.010179213248193264,0.010611861944198608,0.0203548613935709,0.015581286512315273,0.9592297077178955,1.5306965112686157, $ $ $ $ 
