norm_suff_mean,random_suff_mean,norm_comp_mean,random_comp_mean,final suff,final comp,target_tokens
0.02597224712371826,0.009195125661790371,0.01715937629342079,0.016899896785616875,2.8245668411254883,0.6506906151771545, $ $ $ $ 
