suff,comp,random_suff,random_comp
0.010841433824730372,0.8554210927343462,0.01020579552502066,0.39660864437488286
