suff,comp,random_suff,random_comp
0.010841433824730372,0.8554210927343462,0.002580579850522233,0.3121282757836732
