suff,comp,random_suff,random_comp
0.003888451240617688,0.012925913565428139,0.0008417746402280823,0.009412456978074364
