suff,comp,random_suff,random_comp
0.14249051214234154,1.0045829627658491,0.027699006511970915,0.8317408584583218
