suff,comp,random_suff,random_comp
0.14765774635825635,1.0078375861462414,0.03134548106272455,0.9091476350179792
