suff,comp,random_suff,random_comp
0.02710974805686792,0.6873032050967328,0.006522948731673713,0.30489327065580185
