suff,comp,random_suff,random_comp
0.09832875642230995,0.967651325752182,0.014926564464288644,0.609027925647841
