suff,comp,random_suff,random_comp
0.14249051214234154,1.0045829627658491,0.019842556454154225,0.7930826160431974
