suff,comp,random_suff,random_comp
0.041891326120166925,0.9397217171252752,0.004366946931966031,0.48908022161417436
