suff,comp,random_suff,random_comp
0.003235928584398045,0.0002281325718081691,0.005996812343277623,0.0001387453981440351
