suff,comp,random_suff,random_comp
0.33713215334902336,1.036645847630911,0.059495888680845536,0.9537699093159266
