suff,comp,random_suff,random_comp
0.02710974805686792,0.6873032050967328,0.006751368971628122,0.2202328811965344
