suff,comp,random_suff,random_comp
0.0013229784836389484,0.012796266180236856,0.0022906177319952795,0.009521087573518659
