suff,comp,random_suff,random_comp
0.09832875642230995,0.967651325752182,0.020399190820005877,0.6477390216841686
