suff,comp,random_suff,random_comp
0.08363512822338516,0.843366383875528,0.03271493994231357,0.4658223482973745
