suff,comp,random_suff,random_comp
0.15155728114965278,0.8900338948548071,0.0786517746147456,0.7848535597991498
