suff,comp,random_suff,random_comp
0.017711927564198975,0.14510728740193207,0.010832774006825361,7.58510651451715e-05
