suff,comp,random_suff,random_comp
0.19715274625791313,0.8974776031202735,0.09412080584553473,0.8381333403466
