suff,comp,random_suff,random_comp
0.04320678256357022,0.7876491415415565,0.018155423294240934,0.32095183994806914
