suff,comp,random_suff,random_comp
0.009397888320354786,0.26035957341981525,0.005127398581175657,0.007711302082068843
