suff,comp,random_suff,random_comp
0.1350814758651095,0.8767045214565901,0.05545878486797366,0.6810987572579799
