suff,comp,random_suff,random_comp
0.24590675056278685,0.9148401595782726,0.12537251241293063,0.8733913516571322
