target_pos,target_token,norm_suff,random_suff,norm_comp,random_comp
34, in,0.045556701719760895,0.0,0.016848616302013397,0.025579726323485374
36, Pennsylvania,0.026154153048992157,0.0,0.9504661560058594,0.003906451165676117
38, the,0.002384932478889823,0.012205042876303196,0.002298931824043393,0.0014879163354635239
40, States,0.00011276776058366522,0.0,0.20862960815429688,0.00047408047248609364
42, It,0.13354918360710144,0.0,0.16111770272254944,0.007991332560777664
