norm_suff_mean,random_suff_mean,norm_comp_mean,random_comp_mean,final suff,final comp,target_tokens
0.04155154898762703,0.002441008575260639,0.2678722143173218,0.007887901738286018,17.022287368774414,0.1898341178894043, in$ Pennsylvania$ the$ States$ It
