target_pos,target_token,norm_suff,random_suff,norm_comp,random_comp
18, in,0.0,0.008428812958300114,0.004994884133338928,0.012121102772653103
20,75,0.14796292781829834,0.0,1.009387493133545,0.014650075696408749
22, It,0.059890441596508026,0.0438656285405159,0.008019785396754742,0.006923171691596508
24, composed,0.0,0.0,1.0,0.012584520503878593
26, nine,0.0,0.001037806156091392,1.0,0.008001388050615788
