norm_suff_mean,random_suff_mean,norm_comp_mean,random_comp_mean,final suff,final comp,target_tokens
0.04157067462801933,0.010666449554264545,0.6044804453849792,0.010856051929295063,3.8973300457000732,0.2611468732357025, in$75$ It$ composed$ nine
