target_pos,target_token,norm_suff,random_suff,norm_comp,random_comp
19,"
",0.0,0.0,0.8824032545089722,0.01622231863439083
21,'m,0.0,0.02275441586971283,0.005929618142545223,0.008071781136095524
23, sure,0.007491754367947578,0.0,0.01327326986938715,0.0065993983298540115
25, this,0.05341201275587082,0.057377297431230545,0.03464686498045921,0.00818441342562437
27, a,0.0,0.0,0.013881011866033077,0.01874997839331627
