norm_suff_mean,random_suff_mean,norm_comp_mean,random_comp_mean,final suff,final comp,target_tokens
0.01218075305223465,0.016026342287659645,0.19002680480480194,0.011565577238798141,0.7600457072257996,0.9494960904121399,"
$'m$ sure$ this$ a"
