target_pos,target_token,norm_suff,random_suff,norm_comp,random_comp
16, ,0.09419355541467667,0.0,0.01915932446718216,0.01466340385377407
18, ,0.001281245262362063,0.013830055482685566,0.014692542143166065,0.015762822702527046
20, ,0.0,0.0,0.01673596352338791,0.01087279338389635
22, ,0.0,0.0,0.05636980012059212,0.010327580384910107
24, ,0.0,0.0,0.026204051449894905,0.015111475251615047
