norm_suff_mean,random_suff_mean,norm_comp_mean,random_comp_mean,final suff,final comp,target_tokens
0.019094960764050484,0.0027660110499709845,0.026632336899638176,0.013347615487873554,6.90342903137207,0.6990124583244324, $ $ $ $ 
