target_pos,target_token,norm_suff,random_suff,norm_comp,random_comp
25, ,0.008778542280197144,0.0,0.02287139557301998,0.00607301015406847
27, ,0.008373487740755081,0.02185075543820858,0.021108511835336685,0.004859080072492361
29, ,0.021921692416071892,0.0,0.01302771270275116,0.018002241849899292
31, ,0.045056700706481934,0.03286100924015045,0.017153490334749222,0.007899640128016472
33, ,0.008257352747023106,0.0,0.01445361040532589,0.018585501238703728
