norm_suff_mean,random_suff_mean,norm_comp_mean,random_comp_mean,final suff,final comp,target_tokens
0.018477557227015495,0.010942353866994381,0.017722943797707558,0.011083895340561867,1.6886272430419922,0.5998571515083313, $ $ $ $ 
