target_pos,target_token,norm_suff,random_suff,norm_comp,random_comp
21, ,0.006460727192461491,0.0440807119011879,0.0301646888256073,0.014424324966967106
23, ,0.025665728375315666,0.0,0.008167429827153683,0.004970500245690346
25, ,0.15805275738239288,0.0,0.03146212175488472,0.006701119709759951
27, ,0.04494039714336395,0.04582666605710983,0.006046590395271778,0.0035553225316107273
29, ,0.0,0.026062997058033943,0.0026698345318436623,0.004984017461538315
