norm_suff_mean,random_suff_mean,norm_comp_mean,random_comp_mean,final suff,final comp,target_tokens
0.047023922204971313,0.023194074630737305,0.015702133998274803,0.0069270567037165165,2.0274109840393066,0.14730921387672424, $ $ $ $ 
