target_pos,target_token,norm_suff,random_suff,norm_comp,random_comp
22, (,0.012760311365127563,0.0,0.008161100558936596,0.004338995087891817
24,",",0.0056356946006417274,0.00948326475918293,0.0005230559618212283,0.0003757874947041273
26, km,0.002705850638449192,0.0003142664791084826,0.003960739355534315,0.003507834393531084
28, from,0.00845442432910204,0.003935426939278841,0.17586053907871246,0.0052733467891812325
30, west,0.044166725128889084,0.0017222452443093061,0.1082763597369194,0.006658179219812155
