norm_suff_mean,random_suff_mean,norm_comp_mean,random_comp_mean,final suff,final comp,target_tokens
0.014744602143764496,0.0030910407658666372,0.05935635790228844,0.004030828829854727,4.770109176635742,0.27337658405303955," ($,$ km$ from$ west"
