target_pos,target_token,norm_suff,random_suff,norm_comp,random_comp
26, by,0.0,0.022845271974802017,0.4338138997554779,0.00670938566327095
28, B,0.05257050320506096,0.0,1.0012093782424927,0.0019901120103895664
30,en,0.0027914303354918957,0.001754778902977705,0.979889988899231,0.0009605558589100838
32, based,0.0,0.0,1.0,0.022733457386493683
34, the,0.008998495526611805,0.05031562224030495,0.007151833735406399,0.0041900742799043655
