norm_suff_mean,random_suff_mean,norm_comp_mean,random_comp_mean,final suff,final comp,target_tokens
0.012872084975242615,0.014983134344220161,0.6844130754470825,0.007316716946661472,0.8591049313545227,0.5684173703193665, by$ B$en$ based$ the
