target_pos,target_token,norm_suff,random_suff,norm_comp,random_comp
22, by,0.02627435326576233,0.0,0.009461278095841408,0.01548899244517088
24, National,0.0,0.0,0.03998443856835365,0.008030213415622711
26, of,0.0,0.004332135897129774,0.004035070072859526,0.0028482258785516024
28, Arts,0.005756790284067392,0.0009841370629146695,0.12714576721191406,0.004004053771495819
30, Sciences,0.0009258586214855313,0.0,0.013335202820599079,0.0010293469531461596
