norm_suff_mean,random_suff_mean,norm_comp_mean,random_comp_mean,final suff,final comp,target_tokens
0.006591400597244501,0.00106325454544276,0.03879235312342644,0.006280166562646627,6.199268817901611,0.9527817964553833, by$ National$ of$ Arts$ Sciences
