target_pos,target_token,norm_suff,random_suff,norm_comp,random_comp
28, The,0.0,0.01586482673883438,0.005573620088398457,0.006005864590406418
30,eng,0.013709102757275105,0.0,0.9886093139648438,0.0013655750080943108
32, period,0.013460731133818626,0.011457201093435287,0.09366056323051453,0.008647128008306026
34, often,0.0,0.02243991754949093,1.0,0.006336994003504515
36, to,0.0,0.0,0.0005898340605199337,0.001059864298440516
