norm_suff_mean,random_suff_mean,norm_comp_mean,random_comp_mean,final suff,final comp,target_tokens
0.005433966871351004,0.00995238870382309,0.41768667101860046,0.00468308525159955,0.5459962487220764,0.8618170619010925, The$eng$ period$ often$ to
