target_pos,target_token,norm_suff,random_suff,norm_comp,random_comp
18, in,0.0,0.0,0.010239058174192905,0.015550544485449791
20, middle,0.04431018978357315,0.0,0.02038147859275341,0.016982577741146088
22,.,0.04386032745242119,0.001056378474459052,0.0047916993498802185,0.006074672099202871
24, was,0.0027409244794398546,0.01757495291531086,0.009531155228614807,0.006028542760759592
26, in,0.004107369109988213,0.0,0.0053524174727499485,0.00669086491689086
