norm_suff_mean,random_suff_mean,norm_comp_mean,random_comp_mean,final suff,final comp,target_tokens
0.019003761932253838,0.003726266324520111,0.01005916204303503,0.010265440680086613,5.099947452545166,0.5401793718338013, in$ middle$.$ was$ in
