target_pos,target_token,norm_suff,random_suff,norm_comp,random_comp
17, ,0.0,0.0,0.02972232736647129,0.013244476169347763
19, ,0.033291202038526535,0.022373635321855545,0.016533777117729187,0.013490913435816765
21, ,0.0,0.0,0.012371051125228405,0.014147557318210602
23, ,0.019405383616685867,0.0,0.012878231704235077,0.02317495085299015
25, ,0.03733868896961212,0.0,0.01643664576113224,0.011002806946635246
