norm_suff_mean,random_suff_mean,norm_comp_mean,random_comp_mean,final suff,final comp,target_tokens
0.018007054924964905,0.0044747269712388515,0.017588406801223755,0.01501214038580656,4.024168491363525,0.833681046962738, $ $ $ $ 
