target_pos,target_token,norm_suff,random_suff,norm_comp,random_comp
13, They,0.0,0.0,0.009781843051314354,0.03433550149202347
15, used,0.0,0.0,0.015737656503915787,0.02409605123102665
17, cooking,0.11800166964530945,0.0,0.7046127319335938,0.010093849152326584
19, as,0.009841738268733025,0.0,0.05366566777229309,0.012834654189646244
21, source,0.038869284093379974,0.0,0.8579792976379395,0.02964521013200283
