target_pos,target_token,norm_suff,random_suff,norm_comp,random_comp
21, until,0.022978434339165688,0.04041951522231102,0.6884506344795227,0.011848016642034054
23, French,0.0,0.0,0.01656319573521614,0.008823778480291367
25, in,0.0,0.041408490389585495,0.05090789496898651,0.012561168521642685
27,89,0.005173724610358477,0.0004180968680884689,0.07133881002664566,0.0034919290337711573
29, The,0.02709929272532463,0.028064880520105362,0.006645801477134228,0.004823474679142237
