norm_suff_mean,random_suff_mean,norm_comp_mean,random_comp_mean,final suff,final comp,target_tokens
0.011050290428102016,0.02206219732761383,0.1667812615633011,0.008309673517942429,0.500869870185852,0.7519868612289429, until$ French$ in$89$ The
