target_pos,target_token,norm_suff,random_suff,norm_comp,random_comp
16, He,0.0,0.0,0.5772393345832825,0.04623186215758324
18, best,0.0,0.0009235351462848485,1.0,0.02416108548641205
20, for,0.0,0.0020476949866861105,0.009353501722216606,0.006008528172969818
22, role,0.0,0.0,0.014744427986443043,0.008143038488924503
24, the,0.0,0.0,0.009186474606394768,0.003937297500669956
