target_pos,target_token,norm_suff,random_suff,norm_comp,random_comp
16, ,0.0,0.0014013592153787613,0.07023574411869049,0.028000935912132263
18, Mario,0.0021683056838810444,0.0,0.019073180854320526,0.0056759510189294815
20,.,0.0017641831655055285,0.023348337039351463,0.007753256242722273,0.013621128164231777
22, a,0.006383804604411125,0.0,0.00790143758058548,0.006387065164744854
24, side,0.0023763065692037344,0.0,0.04671366512775421,0.010308303870260715
