norm_suff_mean,random_suff_mean,norm_comp_mean,random_comp_mean,final suff,final comp,target_tokens
0.002538519911468029,0.00494993943721056,0.030335459858179092,0.012798676267266273,0.51283860206604,5.0417866706848145, $ Mario$.$ a$ side
