target_pos,target_token,norm_suff,random_suff,norm_comp,random_comp
25, of,0.0,0.0,0.006775722838938236,0.014102495275437832
27,ra,0.038378674536943436,0.0,0.9979391098022461,0.000652048212941736
29, and,0.004938178230077028,0.007258175406605005,0.03214038908481598,0.0027727673295885324
31, from,0.0,0.0,0.03970957547426224,0.008765763603150845
33,37,0.2258005291223526,0.0,1.0149891376495361,0.011624351143836975
