norm_suff_mean,random_suff_mean,norm_comp_mean,random_comp_mean,final suff,final comp,target_tokens
0.053823478519916534,0.0014516351511701941,0.4183107912540436,0.007583485450595617,37.07782745361328,0.14089548587799072, of$ra$ and$ from$37
