target_pos,target_token,norm_suff,random_suff,norm_comp,random_comp
12,"
",0.0,0.0,0.24599787592887878,0.07040379196405411
14, had,0.005349049344658852,0.001005570637062192,0.014701180160045624,0.010410070419311523
16, of,0.0,0.0,0.006724970415234566,0.008050061762332916
18, in,0.0,0.02873932011425495,0.01328598614782095,0.01213273499161005
20, early,0.04306130111217499,0.0,0.018185043707489967,0.003809451125562191
