norm_suff_mean,random_suff_mean,norm_comp_mean,random_comp_mean,final suff,final comp,target_tokens
0.009682069532573223,0.00594897847622633,0.05977901443839073,0.020961223170161247,1.6275179386138916,2.1649527549743652,"
$ had$ of$ in$ early"
