target_pos,target_token,norm_suff,random_suff,norm_comp,random_comp
21, ,0.0,0.0,0.026331288740038872,0.01515469141304493
23, ,0.0,0.0,0.019724072888493538,0.015025648288428783
25, ,0.06130271032452583,0.0,0.02712366171181202,0.017149660736322403
27, ,0.010193580761551857,0.004046995658427477,0.013640566729009151,0.004118501208722591
29, ,0.028782807290554047,0.0,0.018820449709892273,0.0045738862827420235
