norm_suff_mean,random_suff_mean,norm_comp_mean,random_comp_mean,final suff,final comp,target_tokens
0.020055821165442467,0.0008093991200439632,0.021128008142113686,0.011204478330910206,24.778654098510742,0.5586646795272827, $ $ $ $ 
