target_pos,target_token,norm_suff,random_suff,norm_comp,random_comp
23, (,0.0,0.013289929367601871,0.03259577229619026,0.023551642894744873
25,22,0.0018109804950654507,0.003595928195863962,0.06094475835561752,0.013734051026403904
27, It,0.27909350395202637,0.015897685661911964,1.0604203939437866,0.009522884152829647
29, a,0.005627917591482401,0.0,0.010553688742220402,0.008355031721293926
31, on,0.0,0.0,0.3115675151348114,0.002920442260801792
