norm_suff_mean,random_suff_mean,norm_comp_mean,random_comp_mean,final suff,final comp,target_tokens
0.057306479662656784,0.006556709297001362,0.29521644115448,0.011616810224950314,8.740128517150879,0.2027137279510498, ($22$ It$ a$ on
