target_pos,target_token,norm_suff,random_suff,norm_comp,random_comp
22, for,0.05097667872905731,0.02557861991226673,0.782301664352417,0.0077288346365094185
24, Los,0.0,0.0,0.8586713671684265,0.008192705921828747
26, Dodgers,0.0015636679017916322,0.0,0.9935644268989563,0.004491385538130999
28, Major,0.02258511260151863,0.0,0.7675104141235352,0.0009046965860761702
30, Baseball,0.008208882063627243,0.0,0.9010226130485535,0.0005247272783890367
