norm_suff_mean,random_suff_mean,norm_comp_mean,random_comp_mean,final suff,final comp,target_tokens
0.016666868701577187,0.005115724168717861,0.8606141209602356,0.004368470050394535,3.2579686641693115,0.2621050179004669, for$ Los$ Dodgers$ Major$ Baseball
