target_pos,target_token,norm_suff,random_suff,norm_comp,random_comp
26, ,0.0197196863591671,0.0,0.832922101020813,0.009713157080113888
28, ,0.05476490780711174,0.030175920575857162,0.028014490380883217,0.004725028295069933
30, ,0.20282723009586334,0.0,0.6743189096450806,0.00762725668027997
32, ,0.0,0.0022886244114488363,0.013948679901659489,0.0039315978065133095
34, ,0.324469655752182,0.03505142778158188,0.7467474341392517,0.005531142465770245
