norm_suff_mean,random_suff_mean,norm_comp_mean,random_comp_mean,final suff,final comp,target_tokens
0.12035629898309708,0.013503193855285645,0.45919033885002136,0.0063056363724172115,8.913172721862793,0.0523914098739624, $ $ $ $ 
