{
    "$schema": "../docs/rationalization.schema.json",
    "id": 107,
    "input-text": [
        "I",
        " thought",
        " it",
        " would",
        " be",
        " the",
        " oldest",
        " thing",
        " I",
        "'d",
        " ever",
        " encounter",
        ".",
        " (",
        "I",
        " tried",
        " to",
        " ignore",
        " my",
        " phone",
        " vibr",
        "ating",
        " in",
        " my",
        " pocket",
        ").",
        " But",
        " when",
        " I",
        " did",
        " end",
        " up",
        " encountering",
        " it",
        ",",
        " it",
        " turned",
        " out",
        " it",
        " wasn",
        "'t",
        " so"
    ],
    "input-tokens": [
        40,
        1807,
        340,
        561,
        307,
        262,
        13325,
        1517,
        314,
        1549,
        1683,
        8791,
        13,
        357,
        40,
        3088,
        284,
        8856,
        616,
        3072,
        12611,
        803,
        287,
        616,
        10000,
        737,
        887,
        618,
        314,
        750,
        886,
        510,
        42398,
        340,
        11,
        340,
        2900,
        503,
        340,
        2492,
        470,
        523
    ],
    "target-text": " old",
    "target-token": 1468,
    "rational-size": 8,
    "rational-positions": [
        1,
        3,
        6,
        25,
        37,
        39,
        40,
        41
    ],
    "rational-text": [
        " thought",
        " would",
        " oldest",
        ").",
        " out",
        " wasn",
        "'t",
        " so"
    ],
    "rational-tokens": [
        1807,
        561,
        13325,
        737,
        503,
        2492,
        470,
        523
    ],
    "importance-scores": [
        2.5507475243102817e-07,
        0.07382956892251968,
        2.0107448150952223e-08,
        2.9960257961647585e-05,
        1.273173353411039e-07,
        0.007933179847896099,
        0.31463027000427246,
        4.58392008795272e-07,
        1.7706852650789529e-09,
        2.4338946413848817e-09,
        2.5158499283861602e-08,
        3.765017453360997e-08,
        8.569161877858278e-07,
        8.784263464192699e-13,
        4.127805652842653e-08,
        0.00021332557662390172,
        1.4572223983044807e-10,
        3.9692686186754145e-06,
        0.0005534848896786571,
        2.5540152215342005e-09,
        6.848525219149693e-11,
        8.150959729391616e-08,
        1.4793338776186715e-09,
        7.483416664122444e-10,
        0.19480979442596436,
        0.00017663561447989196,
        0.001031179679557681,
        2.1952801034785807e-05,
        7.791134703438729e-05,
        1.4782862933770957e-07,
        8.65207017142211e-09,
        1.4530191494444011e-09,
        3.640747481270523e-09,
        1.658243675706217e-08,
        4.546283488560121e-11,
        2.186583515140228e-05,
        0.19997930526733398,
        0.2000000923871994,
        4.2217078544126707e-07,
        1.0792462489916943e-05,
        0.005780383478850126,
        0.0008938559330999851
    ],
    "comments": {
        "created-by": "run_analogies.py",
        "args": {
            "model": "gpt2-medium",
            "cache_dir": "cache/",
            "tokenizer": "gpt2-medium",
            "data_dir": "data/analogies/gpt2/",
            "importance_results_dir": "rationalization_results/analogies/gpt2_ours/top3_replace0.1_max3000_batch5",
            "device": "cuda",
            "rationalization_config": "config/gpt2/top3_replace0.1_max3000_batch5.json",
            "input_num_ratio": 1.0,
            "logfolder": "logs/analogies/gpt2_ours/top3_replace0.1_max3000_batch5",
            "loglevel": 20
        },
        "time_elapsed": 11.000545501708984,
        "separate_rational": [
            [
                " oldest",
                " thought",
                " the",
                " But",
                "'t",
                " so",
                " my",
                " tried"
            ],
            [
                " out",
                " oldest",
                " wasn",
                " would",
                ").",
                " thought",
                "'t",
                " it"
            ],
            [
                " pocket",
                "'t",
                ").",
                " oldest",
                " would",
                " so",
                " wasn",
                " ignore"
            ],
            [
                " oldest",
                ").",
                "'t",
                " thought",
                " wasn",
                " I",
                " (",
                " so"
            ],
            [
                " turned",
                " when",
                " oldest",
                " so",
                " it",
                "'t",
                " out",
                "I"
            ]
        ]
    }
}