{
    "$schema": "../docs/rationalization.schema.json",
    "id": 130,
    "input-text": [
        "I",
        " had",
        " never",
        " been",
        " friends",
        " with",
        " any",
        " Icelandic",
        " people",
        " before",
        ".",
        " (",
        "The",
        " funn",
        "iest",
        " thing",
        " happened",
        " to",
        " me",
        " the",
        " other",
        " day",
        ",",
        " but",
        " that",
        "'s",
        " a",
        " story",
        " for",
        " another",
        " time",
        ").",
        " In",
        " fact",
        ",",
        " I",
        " had",
        " never",
        " even",
        " been",
        " to"
    ],
    "input-tokens": [
        40,
        550,
        1239,
        587,
        2460,
        351,
        597,
        41959,
        661,
        878,
        13,
        357,
        464,
        36090,
        6386,
        1517,
        3022,
        284,
        502,
        262,
        584,
        1110,
        11,
        475,
        326,
        338,
        257,
        1621,
        329,
        1194,
        640,
        737,
        554,
        1109,
        11,
        314,
        550,
        1239,
        772,
        587,
        284
    ],
    "target-text": " Iceland",
    "target-token": 17333,
    "rational-size": 9,
    "rational-positions": [
        7,
        24,
        26,
        28,
        35,
        37,
        38,
        39,
        40
    ],
    "rational-text": [
        " Icelandic",
        " that",
        " a",
        " for",
        " I",
        " never",
        " even",
        " been",
        " to"
    ],
    "rational-tokens": [
        41959,
        326,
        257,
        329,
        314,
        1239,
        772,
        587,
        284
    ],
    "importance-scores": [
        3.947972800233401e-06,
        2.3276802494365256e-06,
        6.9951502155163325e-06,
        5.2138253522571176e-05,
        1.4516284863930196e-05,
        5.747388513555052e-06,
        8.874335435393732e-06,
        0.1853586733341217,
        3.1817332910577534e-06,
        7.398227171506733e-05,
        0.00034597725607454777,
        5.524383595911786e-06,
        5.501966370502487e-05,
        0.0003608969855122268,
        2.0766160560015123e-06,
        1.0458723409101367e-05,
        7.082679076120257e-06,
        0.00036446331068873405,
        2.6194372821919387e-06,
        2.8896392905153334e-06,
        0.00042753602610901,
        0.0003359756665304303,
        0.0004645067674573511,
        0.0007090882281772792,
        0.0011927906889468431,
        4.640352017304394e-06,
        0.20172974467277527,
        0.0013887473614886403,
        0.054064035415649414,
        7.196288606792223e-06,
        0.0006602612556889653,
        0.0002795283799059689,
        6.63525042909896e-06,
        0.00042576546547934413,
        6.7417977334116586e-06,
        4.647657260647975e-05,
        5.3919764468446374e-05,
        0.0856708437204361,
        0.0005490172770805657,
        0.3046473264694214,
        0.1606418639421463
    ],
    "comments": {
        "created-by": "run_analogies.py",
        "args": {
            "model": "gpt2-medium",
            "cache_dir": "cache/",
            "tokenizer": "gpt2-medium",
            "data_dir": "data/analogies/gpt2/",
            "importance_results_dir": "rationalization_results/analogies/gpt2_ours/top3_replace0.1_max3000_batch5",
            "device": "cuda",
            "rationalization_config": "config/gpt2/top3_replace0.1_max3000_batch5.json",
            "input_num_ratio": 1.0,
            "logfolder": "logs/analogies/gpt2_ours/top3_replace0.1_max3000_batch5",
            "loglevel": 20
        },
        "time_elapsed": 4.506883144378662,
        "separate_rational": [
            [
                " Icelandic",
                " to",
                " for",
                " been",
                " a",
                " never",
                " story",
                " that"
            ],
            [
                " Icelandic",
                " never",
                " been",
                " to",
                " fact",
                " even",
                " before",
                " time"
            ],
            [
                " to",
                " been",
                " never",
                " had",
                " I",
                " that",
                " Icelandic",
                " but"
            ],
            [
                " a",
                " for",
                " Icelandic",
                " been",
                " to",
                " funn",
                "The",
                " I"
            ],
            [
                " been",
                " to",
                " been",
                " Icelandic",
                " never",
                " (",
                " even",
                " other"
            ]
        ]
    }
}