{
    "$schema": "../docs/rationalization.schema.json",
    "id": 21,
    "input-text": [
        "When",
        " my",
        " flight",
        " landed",
        " in",
        " Greece",
        ",",
        " I",
        " converted",
        " my",
        " currency",
        " and",
        " slowly",
        " fell",
        " asleep",
        ".",
        " (",
        "I",
        " was",
        " behind",
        " on",
        " a",
        " couple",
        " of",
        " assignments",
        ",",
        " but",
        " I",
        " tried",
        " not",
        " to",
        " think",
        " about",
        " them",
        ").",
        " I",
        " was",
        " staying",
        " in",
        " the",
        " capital",
        ","
    ],
    "input-tokens": [
        2215,
        616,
        5474,
        11406,
        287,
        10315,
        11,
        314,
        11513,
        616,
        7395,
        290,
        6364,
        3214,
        16039,
        13,
        357,
        40,
        373,
        2157,
        319,
        257,
        3155,
        286,
        25815,
        11,
        475,
        314,
        3088,
        407,
        284,
        892,
        546,
        606,
        737,
        314,
        373,
        10589,
        287,
        262,
        3139,
        11
    ],
    "target-text": " Athens",
    "target-token": 21891,
    "rational-size": 8,
    "rational-positions": [
        5,
        8,
        9,
        26,
        34,
        35,
        39,
        40
    ],
    "rational-text": [
        " Greece",
        " converted",
        " my",
        " but",
        ").",
        " I",
        " the",
        " capital"
    ],
    "rational-tokens": [
        10315,
        11513,
        616,
        475,
        737,
        314,
        262,
        3139
    ],
    "importance-scores": [
        0.09322734922170639,
        0.003290578257292509,
        0.00012399439583532512,
        7.129600271582603e-05,
        0.0004537405329756439,
        0.4399994909763336,
        0.000287323200609535,
        0.001497096149250865,
        0.00552865257486701,
        0.0007709170458838344,
        0.00034853763645514846,
        0.0024518591817468405,
        5.5979697208385915e-05,
        0.00026919576339423656,
        0.015074091032147408,
        0.0009509467636235058,
        0.00291914539411664,
        0.006682796869426966,
        0.0004462691431399435,
        0.00013520001084543765,
        0.0009569374960847199,
        0.0007176283979788423,
        0.008011272177100182,
        0.0014402071246877313,
        0.0019476290326565504,
        0.00021166936494410038,
        0.022655364125967026,
        0.00010040616325568408,
        0.0009152355487458408,
        0.00242953235283494,
        0.0022574549075216055,
        0.0033336742781102657,
        0.0006684965337626636,
        0.00017664596089161932,
        0.04272749274969101,
        0.0234739538282156,
        0.0009614782175049186,
        0.0010485430248081684,
        0.0019341198494657874,
        0.20384497940540314,
        0.10445062071084976,
        0.0011522214626893401
    ],
    "comments": {
        "created-by": "run_analogies.py",
        "args": {
            "model": "gpt2-medium",
            "cache_dir": "cache/",
            "tokenizer": "gpt2-medium",
            "data_dir": "data/analogies/gpt2/",
            "importance_results_dir": "rationalization_results/analogies/gpt2_ours/top3_replace0.1_max3000_batch5",
            "device": "cuda",
            "rationalization_config": "config/gpt2/top3_replace0.1_max3000_batch5.json",
            "input_num_ratio": 1.0,
            "logfolder": "logs/analogies/gpt2_ours/top3_replace0.1_max3000_batch5",
            "loglevel": 20
        },
        "time_elapsed": 10.070693492889404,
        "separate_rational": [
            [
                "When",
                ").",
                " Greece",
                " but",
                " capital",
                " I",
                " the",
                " my"
            ],
            [
                " Greece",
                " I",
                " flight",
                " in",
                " capital",
                ").",
                " but",
                " converted"
            ],
            [
                " capital",
                " Greece",
                " I",
                " couple",
                "I",
                " converted",
                " the",
                " but"
            ],
            [
                " Greece",
                " asleep",
                " capital",
                " I",
                " the",
                ").",
                " about",
                ","
            ],
            [
                " the",
                ").",
                " was",
                " my",
                " capital",
                " staying",
                " Greece",
                " currency"
            ]
        ]
    }
}