{
    "$schema": "../docs/rationalization.schema.json",
    "id": 22,
    "input-text": [
        "When",
        " my",
        " flight",
        " landed",
        " in",
        " Iraq",
        ",",
        " I",
        " converted",
        " my",
        " currency",
        " and",
        " slowly",
        " fell",
        " asleep",
        ".",
        " (",
        "I",
        " was",
        " behind",
        " on",
        " a",
        " couple",
        " of",
        " assignments",
        ",",
        " but",
        " I",
        " tried",
        " not",
        " to",
        " think",
        " about",
        " them",
        ").",
        " I",
        " was",
        " staying",
        " in",
        " the",
        " capital",
        ","
    ],
    "input-tokens": [
        2215,
        616,
        5474,
        11406,
        287,
        3908,
        11,
        314,
        11513,
        616,
        7395,
        290,
        6364,
        3214,
        16039,
        13,
        357,
        40,
        373,
        2157,
        319,
        257,
        3155,
        286,
        25815,
        11,
        475,
        314,
        3088,
        407,
        284,
        892,
        546,
        606,
        737,
        314,
        373,
        10589,
        287,
        262,
        3139,
        11
    ],
    "target-text": " Baghdad",
    "target-token": 19761,
    "rational-size": 10,
    "rational-positions": [
        4,
        5,
        7,
        10,
        34,
        35,
        36,
        37,
        39,
        40
    ],
    "rational-text": [
        " in",
        " Iraq",
        " I",
        " currency",
        ").",
        " I",
        " was",
        " staying",
        " the",
        " capital"
    ],
    "rational-tokens": [
        287,
        3908,
        314,
        7395,
        737,
        314,
        373,
        10589,
        262,
        3139
    ],
    "importance-scores": [
        3.6542565306184327e-13,
        2.049931302476428e-16,
        5.673257350014005e-11,
        4.095727760681275e-16,
        0.00027718927594833076,
        0.48833131790161133,
        5.199425983440025e-26,
        6.305127441508208e-16,
        1.5738594262810265e-20,
        1.1786481079328892e-12,
        3.287142362751183e-06,
        1.596120458025041e-11,
        5.17045322267378e-16,
        1.6071556819088792e-18,
        7.91081852853974e-21,
        2.8404836295866685e-17,
        1.8493848872693438e-20,
        4.5753175600246456e-20,
        3.764039882488862e-18,
        1.0752610609221451e-19,
        6.61086848368218e-17,
        1.9402839057658383e-10,
        1.9371285131519755e-10,
        1.6006774680491599e-16,
        2.548879509399728e-20,
        2.1155652882120403e-18,
        1.7755035219835236e-09,
        3.5523596867911844e-13,
        2.1768051912720974e-18,
        1.851279428140123e-18,
        5.373176404678548e-13,
        1.4543252890077693e-15,
        1.2599486877412772e-18,
        2.378142486152918e-25,
        0.001097946660593152,
        0.000256100669503212,
        9.548306589834965e-11,
        0.0032152526546269655,
        1.8246239464909078e-18,
        1.2446574437774416e-08,
        0.5068188905715942,
        1.6786187240561135e-14
    ],
    "comments": {
        "created-by": "run_analogies.py",
        "args": {
            "model": "gpt2-medium",
            "cache_dir": "cache/",
            "tokenizer": "gpt2-medium",
            "data_dir": "data/analogies/gpt2/",
            "importance_results_dir": "rationalization_results/analogies/gpt2_ours/top3_replace0.1_max3000_batch5",
            "device": "cuda",
            "rationalization_config": "config/gpt2/top3_replace0.1_max3000_batch5.json",
            "input_num_ratio": 1.0,
            "logfolder": "logs/analogies/gpt2_ours/top3_replace0.1_max3000_batch5",
            "loglevel": 20
        },
        "time_elapsed": 28.23876667022705,
        "separate_rational": [
            [
                " capital",
                ").",
                " Iraq",
                " I",
                " I",
                " my",
                " was",
                " currency"
            ],
            [
                " Iraq",
                " staying",
                " capital",
                " currency",
                ").",
                " my",
                " I",
                " the"
            ],
            [
                " capital",
                " in",
                " Iraq",
                " the",
                ").",
                " currency",
                " couple",
                " was"
            ],
            [
                " Iraq",
                ").",
                " a",
                " the",
                " in",
                " I",
                " capital",
                ","
            ],
            [
                " capital",
                " Iraq",
                ").",
                " I",
                " staying",
                " in",
                " the",
                " but"
            ]
        ]
    }
}