{
    "$schema": "../docs/rationalization.schema.json",
    "id": 32,
    "input-text": [
        "When",
        " my",
        " flight",
        " landed",
        " in",
        " Syria",
        ",",
        " I",
        " converted",
        " my",
        " currency",
        " and",
        " slowly",
        " fell",
        " asleep",
        ".",
        " (",
        "I",
        " was",
        " behind",
        " on",
        " a",
        " couple",
        " of",
        " assignments",
        ",",
        " but",
        " I",
        " tried",
        " not",
        " to",
        " think",
        " about",
        " them",
        ").",
        " I",
        " was",
        " staying",
        " in",
        " the",
        " capital",
        ","
    ],
    "input-tokens": [
        2215,
        616,
        5474,
        11406,
        287,
        4392,
        11,
        314,
        11513,
        616,
        7395,
        290,
        6364,
        3214,
        16039,
        13,
        357,
        40,
        373,
        2157,
        319,
        257,
        3155,
        286,
        25815,
        11,
        475,
        314,
        3088,
        407,
        284,
        892,
        546,
        606,
        737,
        314,
        373,
        10589,
        287,
        262,
        3139,
        11
    ],
    "target-text": " Damascus",
    "target-token": 21028,
    "rational-size": 10,
    "rational-positions": [
        1,
        2,
        5,
        7,
        34,
        35,
        36,
        37,
        39,
        40
    ],
    "rational-text": [
        " my",
        " flight",
        " Syria",
        " I",
        ").",
        " I",
        " was",
        " staying",
        " the",
        " capital"
    ],
    "rational-tokens": [
        616,
        5474,
        4392,
        314,
        737,
        314,
        373,
        10589,
        262,
        3139
    ],
    "importance-scores": [
        2.647245480602578e-07,
        0.0015330992173403502,
        0.011365512385964394,
        5.61907484097901e-07,
        0.04022543877363205,
        0.4009629189968109,
        3.849797394650523e-06,
        7.706352107561543e-07,
        1.0545577424636576e-06,
        1.5261415455825045e-06,
        4.226254191053158e-07,
        0.00011963763972744346,
        3.969079731547254e-09,
        5.002324883207621e-07,
        2.147506529581733e-05,
        2.0747827420564136e-06,
        0.00046907132491469383,
        3.783837954074443e-08,
        5.499304052136722e-07,
        1.1063927551901998e-09,
        1.6773796005509212e-06,
        4.027450631838292e-05,
        2.7944153657699644e-08,
        1.3598926670965739e-05,
        6.473249231930822e-05,
        0.0002521565475035459,
        4.8441091138329284e-08,
        2.9050038392597344e-06,
        2.4837603973537625e-08,
        1.5354548565937876e-07,
        1.4006312198944215e-07,
        2.1737545097266775e-08,
        2.5823116978074268e-09,
        5.237753839537618e-07,
        0.00013501297507900745,
        0.0837615579366684,
        0.017411451786756516,
        0.04698992148041725,
        1.5888381312834099e-06,
        0.0011951058404520154,
        0.3954203724861145,
        1.9571140263963116e-09
    ],
    "comments": {
        "created-by": "run_analogies.py",
        "args": {
            "model": "gpt2-medium",
            "cache_dir": "cache/",
            "tokenizer": "gpt2-medium",
            "data_dir": "data/analogies/gpt2/",
            "importance_results_dir": "rationalization_results/analogies/gpt2_ours/top3_replace0.1_max3000_batch5",
            "device": "cuda",
            "rationalization_config": "config/gpt2/top3_replace0.1_max3000_batch5.json",
            "input_num_ratio": 1.0,
            "logfolder": "logs/analogies/gpt2_ours/top3_replace0.1_max3000_batch5",
            "loglevel": 20
        },
        "time_elapsed": 22.421488046646118,
        "separate_rational": [
            [
                " I",
                " staying",
                " in",
                " capital",
                " flight",
                " my",
                " the",
                " Syria"
            ],
            [
                " Syria",
                " the",
                ").",
                " I",
                " capital",
                " I",
                " slowly",
                " asleep"
            ],
            [
                " Syria",
                " capital",
                " staying",
                " the",
                " was",
                " I",
                " I",
                ")."
            ],
            [
                " capital",
                " flight",
                ").",
                " the",
                " Syria",
                " staying",
                " in",
                " fell"
            ],
            [
                " capital",
                " was",
                " Syria",
                ").",
                " tried",
                " I",
                " the",
                " my"
            ]
        ]
    }
}