{
    "$schema": "../docs/rationalization.schema.json",
    "id": 37,
    "input-text": [
        "When",
        " my",
        " flight",
        " landed",
        " in",
        " Indonesia",
        ",",
        " I",
        " converted",
        " my",
        " currency",
        " and",
        " slowly",
        " fell",
        " asleep",
        ".",
        " (",
        "I",
        " was",
        " behind",
        " on",
        " a",
        " couple",
        " of",
        " assignments",
        ",",
        " but",
        " I",
        " tried",
        " not",
        " to",
        " think",
        " about",
        " them",
        ").",
        " I",
        " was",
        " staying",
        " in",
        " the",
        " capital",
        ","
    ],
    "input-tokens": [
        2215,
        616,
        5474,
        11406,
        287,
        16256,
        11,
        314,
        11513,
        616,
        7395,
        290,
        6364,
        3214,
        16039,
        13,
        357,
        40,
        373,
        2157,
        319,
        257,
        3155,
        286,
        25815,
        11,
        475,
        314,
        3088,
        407,
        284,
        892,
        546,
        606,
        737,
        314,
        373,
        10589,
        287,
        262,
        3139,
        11
    ],
    "target-text": " Jakarta",
    "target-token": 49251,
    "rational-size": 5,
    "rational-positions": [
        5,
        8,
        38,
        39,
        40
    ],
    "rational-text": [
        " Indonesia",
        " converted",
        " in",
        " the",
        " capital"
    ],
    "rational-tokens": [
        16256,
        11513,
        287,
        262,
        3139
    ],
    "importance-scores": [
        4.2176394345005974e-05,
        0.0019219998503103852,
        0.009202573448419571,
        0.15639838576316833,
        0.037312284111976624,
        0.09865901619195938,
        6.375556404236704e-05,
        0.09161065518856049,
        0.024719081819057465,
        0.00010749299690360203,
        5.1016708312090486e-05,
        0.013178144581615925,
        9.851962386164814e-05,
        0.00016283149307128042,
        6.294230843195692e-05,
        0.00013542079250328243,
        0.0003061384195461869,
        0.021704774349927902,
        0.0012346500298008323,
        5.010855238651857e-05,
        5.519749902305193e-05,
        0.010839447379112244,
        4.8686430091038346e-05,
        0.00010918705083895475,
        3.83975166187156e-05,
        5.1181366870878264e-05,
        0.00011976456880802289,
        0.0006076706340536475,
        8.088981849141419e-05,
        0.00014460909005720168,
        0.004351353272795677,
        0.00017753092106431723,
        4.8504363803658634e-05,
        3.704690607264638e-05,
        0.00573735311627388,
        0.00019772432278841734,
        3.752203701878898e-05,
        0.009776591323316097,
        0.014235052280128002,
        0.005916807800531387,
        0.49019917845726013,
        0.0001683591544860974
    ],
    "comments": {
        "created-by": "run_analogies.py",
        "args": {
            "model": "gpt2-medium",
            "cache_dir": "cache/",
            "tokenizer": "gpt2-medium",
            "data_dir": "data/analogies/gpt2/",
            "importance_results_dir": "rationalization_results/analogies/gpt2_ours/top3_replace0.1_max3000_batch5",
            "device": "cuda",
            "rationalization_config": "config/gpt2/top3_replace0.1_max3000_batch5.json",
            "input_num_ratio": 1.0,
            "logfolder": "logs/analogies/gpt2_ours/top3_replace0.1_max3000_batch5",
            "loglevel": 20
        },
        "time_elapsed": 4.902838706970215,
        "separate_rational": [
            [
                " Indonesia",
                " capital",
                " and",
                " staying",
                ").",
                " the",
                " in",
                " ("
            ],
            [
                " landed",
                " converted",
                " Indonesia",
                " to",
                " capital",
                " my",
                " in",
                " the"
            ],
            [
                " I",
                " in",
                "I",
                " in",
                " a",
                " flight",
                " capital",
                " Indonesia"
            ],
            [
                " capital",
                " the",
                " Indonesia",
                " of",
                " converted",
                " currency",
                " think",
                " couple"
            ],
            [
                " capital",
                " the",
                " I",
                " not",
                " Indonesia",
                ",",
                ".",
                " in"
            ]
        ]
    }
}