{
    "$schema": "../docs/rationalization.schema.json",
    "id": 41,
    "input-text": [
        "When",
        " my",
        " flight",
        " landed",
        " in",
        " Peru",
        ",",
        " I",
        " converted",
        " my",
        " currency",
        " and",
        " slowly",
        " fell",
        " asleep",
        ".",
        " (",
        "I",
        " was",
        " behind",
        " on",
        " a",
        " couple",
        " of",
        " assignments",
        ",",
        " but",
        " I",
        " tried",
        " not",
        " to",
        " think",
        " about",
        " them",
        ").",
        " I",
        " was",
        " staying",
        " in",
        " the",
        " capital",
        ","
    ],
    "input-tokens": [
        2215,
        616,
        5474,
        11406,
        287,
        25768,
        11,
        314,
        11513,
        616,
        7395,
        290,
        6364,
        3214,
        16039,
        13,
        357,
        40,
        373,
        2157,
        319,
        257,
        3155,
        286,
        25815,
        11,
        475,
        314,
        3088,
        407,
        284,
        892,
        546,
        606,
        737,
        314,
        373,
        10589,
        287,
        262,
        3139,
        11
    ],
    "target-text": " Lima",
    "target-token": 41578,
    "rational-size": 9,
    "rational-positions": [
        5,
        32,
        34,
        35,
        37,
        38,
        39,
        40,
        41
    ],
    "rational-text": [
        " Peru",
        " about",
        ").",
        " I",
        " staying",
        " in",
        " the",
        " capital",
        ","
    ],
    "rational-tokens": [
        25768,
        546,
        737,
        314,
        10589,
        287,
        262,
        3139,
        11
    ],
    "importance-scores": [
        2.1687171170015063e-08,
        1.936247073786035e-08,
        8.054797800971514e-11,
        3.83939280368395e-08,
        8.828511965930375e-08,
        0.15656132996082306,
        1.6535166196263162e-06,
        3.024584316335677e-08,
        4.809956252738168e-11,
        2.422397282764166e-10,
        3.2721196475904435e-05,
        1.6100945003927336e-06,
        4.100343886648261e-08,
        6.197389268436382e-08,
        0.0010841561015695333,
        1.7310088085142894e-10,
        2.2526638887576667e-10,
        1.588542491992584e-10,
        8.460986772318435e-11,
        1.6847354067373033e-10,
        4.401152012278864e-11,
        2.0119581556343746e-09,
        4.3529098547878675e-08,
        1.5786876019774354e-06,
        1.0930889970950375e-08,
        2.7014127823576928e-08,
        4.609387094234307e-09,
        4.5362588685371463e-10,
        3.09414327492874e-10,
        7.853098509258416e-07,
        3.616148006035935e-11,
        5.604023272098857e-07,
        1.529960172774736e-05,
        4.613541548792455e-08,
        0.00031775201205164194,
        0.00036893304786644876,
        4.297099828742823e-11,
        8.187119732161463e-11,
        0.0667283684015274,
        0.7038356065750122,
        0.07104639708995819,
        2.827764319590642e-06
    ],
    "comments": {
        "created-by": "run_analogies.py",
        "args": {
            "model": "gpt2-medium",
            "cache_dir": "cache/",
            "tokenizer": "gpt2-medium",
            "data_dir": "data/analogies/gpt2/",
            "importance_results_dir": "rationalization_results/analogies/gpt2_ours/top3_replace0.1_max3000_batch5",
            "device": "cuda",
            "rationalization_config": "config/gpt2/top3_replace0.1_max3000_batch5.json",
            "input_num_ratio": 1.0,
            "logfolder": "logs/analogies/gpt2_ours/top3_replace0.1_max3000_batch5",
            "loglevel": 20
        },
        "time_elapsed": 12.281391382217407,
        "separate_rational": [
            [
                " the",
                " in",
                " Peru",
                " asleep",
                " capital",
                ").",
                " currency",
                " about"
            ],
            [
                " the",
                " Peru",
                ").",
                " capital",
                " a",
                " in",
                " staying",
                " fell"
            ],
            [
                " the",
                " Peru",
                " capital",
                " I",
                ").",
                " think",
                " on",
                " and"
            ],
            [
                " Peru",
                " capital",
                " I",
                " in",
                " the",
                " about",
                ",",
                ")."
            ],
            [
                " the",
                " Peru",
                ",",
                " was",
                " staying",
                " capital",
                "I",
                " I"
            ]
        ]
    }
}