{
    "$schema": "../docs/rationalization.schema.json",
    "id": 43,
    "input-text": [
        "When",
        " my",
        " flight",
        " landed",
        " in",
        " England",
        ",",
        " I",
        " converted",
        " my",
        " currency",
        " and",
        " slowly",
        " fell",
        " asleep",
        ".",
        " (",
        "I",
        " was",
        " behind",
        " on",
        " a",
        " couple",
        " of",
        " assignments",
        ",",
        " but",
        " I",
        " tried",
        " not",
        " to",
        " think",
        " about",
        " them",
        ").",
        " I",
        " was",
        " staying",
        " in",
        " the",
        " capital",
        ","
    ],
    "input-tokens": [
        2215,
        616,
        5474,
        11406,
        287,
        4492,
        11,
        314,
        11513,
        616,
        7395,
        290,
        6364,
        3214,
        16039,
        13,
        357,
        40,
        373,
        2157,
        319,
        257,
        3155,
        286,
        25815,
        11,
        475,
        314,
        3088,
        407,
        284,
        892,
        546,
        606,
        737,
        314,
        373,
        10589,
        287,
        262,
        3139,
        11
    ],
    "target-text": " London",
    "target-token": 3576,
    "rational-size": 7,
    "rational-positions": [
        2,
        5,
        10,
        34,
        37,
        39,
        40
    ],
    "rational-text": [
        " flight",
        " England",
        " currency",
        ").",
        " staying",
        " the",
        " capital"
    ],
    "rational-tokens": [
        5474,
        4492,
        7395,
        737,
        10589,
        262,
        3139
    ],
    "importance-scores": [
        1.2010308410026482e-06,
        1.5042870282755416e-09,
        2.246755229862174e-06,
        1.971967450442591e-10,
        2.9850774296846794e-08,
        0.4904257357120514,
        3.497809247104966e-12,
        7.271579338663514e-09,
        2.2099867508923454e-12,
        1.5640555517393295e-10,
        0.000304787652567029,
        5.600034325148329e-13,
        1.0522686055836061e-09,
        1.0601889144368215e-08,
        3.857946850871485e-09,
        3.4015366912054645e-11,
        4.329028797656065e-07,
        3.139371784754985e-08,
        3.909077150865414e-08,
        7.930685969048668e-11,
        3.099354017876976e-08,
        2.995391668036973e-08,
        1.075551168128186e-07,
        4.177746632194612e-06,
        1.6827979981703933e-12,
        4.687763916736039e-14,
        5.49806089544802e-10,
        1.2432923579552835e-09,
        0.00017410556029062718,
        9.392025503984769e-07,
        8.366779491453258e-10,
        4.781163465139571e-09,
        3.5075814475149514e-10,
        6.424200060806129e-10,
        0.10883460938930511,
        0.00025461375480517745,
        3.4764859435654216e-08,
        0.00021642302453983575,
        5.499788180429732e-09,
        0.1999971568584442,
        0.19978319108486176,
        4.128027265718273e-14
    ],
    "comments": {
        "created-by": "run_analogies.py",
        "args": {
            "model": "gpt2-medium",
            "cache_dir": "cache/",
            "tokenizer": "gpt2-medium",
            "data_dir": "data/analogies/gpt2/",
            "importance_results_dir": "rationalization_results/analogies/gpt2_ours/top3_replace0.1_max3000_batch5",
            "device": "cuda",
            "rationalization_config": "config/gpt2/top3_replace0.1_max3000_batch5.json",
            "input_num_ratio": 1.0,
            "logfolder": "logs/analogies/gpt2_ours/top3_replace0.1_max3000_batch5",
            "loglevel": 20
        },
        "time_elapsed": 27.5666344165802,
        "separate_rational": [
            [
                " England",
                " currency",
                ").",
                " flight",
                " capital",
                " (",
                " staying",
                " landed"
            ],
            [
                ").",
                " England",
                " currency",
                " tried",
                " staying",
                " capital",
                " of",
                " flight"
            ],
            [
                " England",
                " capital",
                " staying",
                ").",
                " currency",
                " the",
                " but",
                " flight"
            ],
            [
                " capital",
                " I",
                " staying",
                " currency",
                ").",
                " was",
                " the",
                " England"
            ],
            [
                " the",
                " England",
                " not",
                ").",
                " couple",
                " a",
                " fell",
                " capital"
            ]
        ]
    }
}