{
    "$schema": "../docs/rationalization.schema.json",
    "id": 55,
    "input-text": [
        "When",
        " my",
        " flight",
        " landed",
        " in",
        " Tunisia",
        ",",
        " I",
        " converted",
        " my",
        " currency",
        " and",
        " slowly",
        " fell",
        " asleep",
        ".",
        " (",
        "I",
        " was",
        " behind",
        " on",
        " a",
        " couple",
        " of",
        " assignments",
        ",",
        " but",
        " I",
        " tried",
        " not",
        " to",
        " think",
        " about",
        " them",
        ").",
        " I",
        " was",
        " staying",
        " in",
        " the",
        " capital",
        ","
    ],
    "input-tokens": [
        2215,
        616,
        5474,
        11406,
        287,
        33972,
        11,
        314,
        11513,
        616,
        7395,
        290,
        6364,
        3214,
        16039,
        13,
        357,
        40,
        373,
        2157,
        319,
        257,
        3155,
        286,
        25815,
        11,
        475,
        314,
        3088,
        407,
        284,
        892,
        546,
        606,
        737,
        314,
        373,
        10589,
        287,
        262,
        3139,
        11
    ],
    "target-text": " Tunis",
    "target-token": 25266,
    "rational-size": 8,
    "rational-positions": [
        5,
        7,
        14,
        34,
        35,
        38,
        39,
        40
    ],
    "rational-text": [
        " Tunisia",
        " I",
        " asleep",
        ").",
        " I",
        " in",
        " the",
        " capital"
    ],
    "rational-tokens": [
        33972,
        314,
        16039,
        737,
        314,
        287,
        262,
        3139
    ],
    "importance-scores": [
        3.884762023176336e-08,
        7.369870230582165e-13,
        2.0477424009929246e-12,
        1.5469295766221136e-12,
        0.006904012523591518,
        0.19836483895778656,
        1.7533598395402805e-07,
        5.7996163427276315e-09,
        6.162369334435092e-14,
        1.3098478194011748e-13,
        3.6698014072023e-10,
        8.307770622195676e-05,
        1.5266367336952413e-10,
        2.2992212300732007e-11,
        1.3420456745905085e-08,
        8.889183789051458e-08,
        5.774388228019234e-06,
        6.158522025678792e-10,
        4.897639910815543e-13,
        1.5564618482954984e-09,
        2.0779322815363266e-13,
        4.213758943144965e-15,
        1.1973722794517139e-12,
        1.4821623068412768e-14,
        4.111547528221765e-13,
        3.0334380840546515e-11,
        1.2664853610289128e-09,
        1.2886591750291276e-12,
        6.1966481966511456e-18,
        6.813166697483553e-10,
        1.989193879059492e-11,
        1.3826068653681467e-13,
        3.245729965177524e-13,
        8.949800095632825e-15,
        9.929057114277384e-07,
        3.458251480320529e-13,
        3.949967575245239e-10,
        5.054668489323788e-11,
        1.0874699751806105e-10,
        0.5929268598556519,
        0.20171408355236053,
        2.5396764691265616e-09
    ],
    "comments": {
        "created-by": "run_analogies.py",
        "args": {
            "model": "gpt2-medium",
            "cache_dir": "cache/",
            "tokenizer": "gpt2-medium",
            "data_dir": "data/analogies/gpt2/",
            "importance_results_dir": "rationalization_results/analogies/gpt2_ours/top3_replace0.1_max3000_batch5",
            "device": "cuda",
            "rationalization_config": "config/gpt2/top3_replace0.1_max3000_batch5.json",
            "input_num_ratio": 1.0,
            "logfolder": "logs/analogies/gpt2_ours/top3_replace0.1_max3000_batch5",
            "loglevel": 20
        },
        "time_elapsed": 19.315667867660522,
        "separate_rational": [
            [
                " the",
                " in",
                " Tunisia",
                " (",
                ").",
                " capital",
                " asleep",
                " I"
            ],
            [
                " capital",
                " the",
                " currency",
                " Tunisia",
                " in",
                " asleep",
                " I",
                " flight"
            ],
            [
                " the",
                " and",
                ").",
                ",",
                " Tunisia",
                "When",
                " but",
                " capital"
            ],
            [
                " Tunisia",
                " capital",
                ".",
                ",",
                " I",
                ").",
                " asleep",
                " the"
            ],
            [
                " the",
                " Tunisia",
                " staying",
                " in",
                " I",
                ").",
                " capital",
                " was"
            ]
        ]
    }
}