{
    "$schema": "../docs/rationalization.schema.json",
    "id": 58,
    "input-text": [
        "As",
        " soon",
        " as",
        " I",
        " arrived",
        " in",
        " Europe",
        ",",
        " I",
        " checked",
        " into",
        " my",
        " hotel",
        " and",
        " took",
        " a",
        " long",
        " nap",
        ".",
        " (",
        "I",
        " had",
        " finally",
        " finished",
        " the",
        " book",
        " I",
        " was",
        " reading",
        " and",
        " it",
        " was",
        " amazing",
        ").",
        " I",
        " had",
        " to",
        " figure",
        " out",
        " the",
        " exchange",
        " rate",
        " to",
        " the",
        " local",
        " currency",
        ",",
        " which",
        " is",
        " apparently",
        " called",
        " the"
    ],
    "input-tokens": [
        1722,
        2582,
        355,
        314,
        5284,
        287,
        2031,
        11,
        314,
        10667,
        656,
        616,
        7541,
        290,
        1718,
        257,
        890,
        25422,
        13,
        357,
        40,
        550,
        3443,
        5201,
        262,
        1492,
        314,
        373,
        3555,
        290,
        340,
        373,
        4998,
        737,
        314,
        550,
        284,
        3785,
        503,
        262,
        5163,
        2494,
        284,
        262,
        1957,
        7395,
        11,
        543,
        318,
        5729,
        1444,
        262
    ],
    "target-text": " Euro",
    "target-token": 1898,
    "rational-size": 8,
    "rational-positions": [
        2,
        4,
        6,
        45,
        47,
        48,
        50,
        51
    ],
    "rational-text": [
        " as",
        " arrived",
        " Europe",
        " currency",
        " which",
        " is",
        " called",
        " the"
    ],
    "rational-tokens": [
        355,
        5284,
        2031,
        7395,
        543,
        318,
        1444,
        262
    ],
    "importance-scores": [
        0.00021476317488122731,
        0.0001376919390168041,
        0.0007238327525556087,
        0.0011687964433804154,
        0.00522110378369689,
        0.00034368812339380383,
        0.0014725134242326021,
        0.004463715013116598,
        0.0030650035478174686,
        0.18847021460533142,
        0.00093509117141366,
        0.00025098008336499333,
        0.0013715223176404834,
        0.00023824399977456778,
        0.0001704412279650569,
        0.00011762321082642302,
        0.0026848786510527134,
        1.3039677469350863e-05,
        0.00033930790959857404,
        0.0015512966783717275,
        0.0005305984523147345,
        0.00011242344044148922,
        0.00020229774236213416,
        4.075212564202957e-05,
        0.0001654837396927178,
        3.900368028553203e-05,
        0.00039400410605594516,
        0.00028019020101055503,
        5.2824849262833595e-05,
        0.011243985965847969,
        0.0002604221517685801,
        7.360272866208106e-05,
        0.0008999927085824311,
        0.0031975258607417345,
        0.016777675598859787,
        0.00041834512376226485,
        0.0030639818869531155,
        0.0004470162093639374,
        0.020710596814751625,
        0.00019346896442584693,
        0.0011355921160429716,
        0.0015959355514496565,
        4.853082646150142e-05,
        0.0020145203452557325,
        0.0006688456051051617,
        0.08586667478084564,
        6.170730193844065e-05,
        0.0008902970585040748,
        0.03071179986000061,
        0.0006587508833035827,
        0.23278260231018066,
        0.3715067505836487
    ],
    "comments": {
        "created-by": "run_analogies.py",
        "args": {
            "model": "gpt2-medium",
            "cache_dir": "cache/",
            "tokenizer": "gpt2-medium",
            "data_dir": "data/analogies/gpt2/",
            "importance_results_dir": "rationalization_results/analogies/gpt2_ours/top3_replace0.1_max3000_batch5",
            "device": "cuda",
            "rationalization_config": "config/gpt2/top3_replace0.1_max3000_batch5.json",
            "input_num_ratio": 1.0,
            "logfolder": "logs/analogies/gpt2_ours/top3_replace0.1_max3000_batch5",
            "loglevel": 20
        },
        "time_elapsed": 37.765101194381714,
        "separate_rational": [
            [
                " the",
                " currency",
                " Europe",
                " as",
                " called",
                " which",
                " rate",
                " is"
            ],
            [
                " the",
                " arrived",
                " Europe",
                " currency",
                " called",
                " which",
                " to",
                " amazing"
            ],
            [
                " checked",
                " currency",
                " called",
                " the",
                " I",
                " as",
                " Europe",
                " was"
            ],
            [
                " called",
                " into",
                " the",
                "As",
                " currency",
                " was",
                " which",
                " Europe"
            ],
            [
                " currency",
                " is",
                " called",
                " out",
                " I",
                " and",
                " the",
                " arrived"
            ]
        ]
    }
}