{
    "$schema": "../docs/rationalization.schema.json",
    "id": 81,
    "input-text": [
        "I",
        " knew",
        " it",
        " was",
        " bad",
        ",",
        " but",
        " that",
        "'s",
        " before",
        " I",
        " saw",
        " it",
        " in",
        " person",
        ".",
        " (",
        "Just",
        " then",
        " I",
        " thought",
        " about",
        " my",
        " ex",
        "-",
        "wife",
        ",",
        " but",
        " I",
        " had",
        " to",
        " stop",
        " thinking",
        " about",
        " her",
        ").",
        " When",
        " I",
        " did",
        " end",
        " up",
        " seeing",
        " it",
        " in",
        " person",
        ",",
        " it",
        " was",
        " even"
    ],
    "input-tokens": [
        40,
        2993,
        340,
        373,
        2089,
        11,
        475,
        326,
        338,
        878,
        314,
        2497,
        340,
        287,
        1048,
        13,
        357,
        5703,
        788,
        314,
        1807,
        546,
        616,
        409,
        12,
        22095,
        11,
        475,
        314,
        550,
        284,
        2245,
        3612,
        546,
        607,
        737,
        1649,
        314,
        750,
        886,
        510,
        4379,
        340,
        287,
        1048,
        11,
        340,
        373,
        772
    ],
    "target-text": " worse",
    "target-token": 4785,
    "rational-size": 10,
    "rational-positions": [
        0,
        1,
        4,
        28,
        34,
        35,
        36,
        46,
        47,
        48
    ],
    "rational-text": [
        "I",
        " knew",
        " bad",
        " I",
        " her",
        ").",
        " When",
        " it",
        " was",
        " even"
    ],
    "rational-tokens": [
        40,
        2993,
        2089,
        314,
        607,
        737,
        1649,
        340,
        373,
        772
    ],
    "importance-scores": [
        0.023329388350248337,
        0.02145562879741192,
        2.9758986784145236e-05,
        0.0004362377803772688,
        0.158039391040802,
        4.259186971466988e-05,
        0.0015649382257834077,
        2.1522067982004955e-05,
        1.4065585673961323e-05,
        0.0012390281772240996,
        2.6692234314396046e-05,
        0.0016876868903636932,
        0.0009665844845585525,
        0.0013642617268487811,
        0.0002108534099534154,
        1.4432378520723432e-05,
        0.001034225570037961,
        0.0011197235435247421,
        5.1571510994108394e-05,
        3.557043237378821e-05,
        0.014126971364021301,
        1.7178066627820954e-05,
        0.0017447484424337745,
        2.784573007375002e-05,
        2.1999365344527178e-05,
        4.334566983743571e-05,
        0.00109869206789881,
        0.00045333366142585874,
        0.0022720028646290302,
        0.00027317809872329235,
        0.0003839828714262694,
        0.00011991923383902758,
        0.0002625059278216213,
        7.837093289708719e-05,
        0.0003527479711920023,
        0.0004961530212312937,
        0.056987933814525604,
        2.1190126062720083e-05,
        0.0019425640348345041,
        0.00034449849044904113,
        9.845129534369335e-05,
        2.6267551220371388e-05,
        2.1611615011352114e-05,
        0.00016952768783085048,
        0.0001323394535575062,
        0.001624089665710926,
        0.01715102419257164,
        0.3723530173301697,
        0.31467029452323914
    ],
    "comments": {
        "created-by": "run_analogies.py",
        "args": {
            "model": "gpt2-medium",
            "cache_dir": "cache/",
            "tokenizer": "gpt2-medium",
            "data_dir": "data/analogies/gpt2/",
            "importance_results_dir": "rationalization_results/analogies/gpt2_ours/top3_replace0.1_max3000_batch5",
            "device": "cuda",
            "rationalization_config": "config/gpt2/top3_replace0.1_max3000_batch5.json",
            "input_num_ratio": 1.0,
            "logfolder": "logs/analogies/gpt2_ours/top3_replace0.1_max3000_batch5",
            "loglevel": 20
        },
        "time_elapsed": 8.734225034713745,
        "separate_rational": [
            [
                " was",
                " it",
                " bad",
                " I",
                " about",
                " knew",
                " her",
                " even"
            ],
            [
                " even",
                " thought",
                "I",
                "Just",
                " (",
                " was",
                ").",
                " but"
            ],
            [
                " even",
                "I",
                " knew",
                " When",
                " I",
                " did",
                " my",
                ","
            ],
            [
                " was",
                " When",
                " it",
                " her",
                ",",
                " knew",
                " I",
                ")."
            ],
            [
                " bad",
                " was",
                " it",
                " saw",
                " to",
                " stop",
                " person",
                " was"
            ]
        ]
    }
}