target_pos,target_token,norm_suff,random_suff,norm_comp,random_comp
15,",",0.0713280588388443,0.06940305978059769,0.2646070122718811,0.0748492181301117
17, a,0.0,0.0,0.17428475618362427,0.0901520699262619
19,",",0.0,0.019319571554660797,0.2654012441635132,0.19078022241592407
21,-,0.01964527554810047,0.01626572385430336,0.1334332823753357,0.06542076915502548
23, crust,0.0,0.028372872620821,0.0744284987449646,0.03298473730683327
