norm_suff_mean,random_suff_mean,norm_comp_mean,random_comp_mean,final suff,final comp,target_tokens
0.018194666132330894,0.026672247797250748,0.18243096768856049,0.09083741158246994,0.6821572096449373,4.992529729416523,",$ a$,$-$ crust"
