target_pos,target_token,norm_suff,random_suff,norm_comp,random_comp
21, north,0.0,0.007802104111760855,0.05501759424805641,0.02529253251850605
23, Hawaii,0.0,0.0,0.10735558718442917,0.034437574446201324
25, It,0.0,0.002320691244676709,0.07901875674724579,0.017771070823073387
27, the,0.0,0.0,0.3209937810897827,0.012226373888552189
29, largest,0.023862197995185852,0.022751744836568832,0.07176507264375687,0.011387537233531475
