norm_suff_mean,random_suff_mean,norm_comp_mean,random_comp_mean,final suff,final comp,target_tokens
0.00477243959903717,0.006574907805770636,0.12683016061782837,0.020223017781972885,0.7258564829826355,4.237459182739258, north$ Hawaii$ It$ the$ largest
