target_pos,target_token,norm_suff,random_suff,norm_comp,random_comp
27, The,0.0016686032759025693,0.0016034963773563504,0.27118363976478577,0.0672232061624527
29, were,0.0,0.0,0.05697871744632721,0.03792349249124527
31, first,0.0,0.0,0.0335606224834919,0.0491582490503788
33, use,0.010161158628761768,0.0068887267261743546,0.023948553949594498,0.013223404064774513
35, sword,0.013301806524395943,0.010939250700175762,0.03793291375041008,0.018888486549258232
