norm_suff_mean,random_suff_mean,norm_comp_mean,random_comp_mean,final suff,final comp,target_tokens
0.005026313941925764,0.003886294784024358,0.08472088724374771,0.03728336840867996,1.293343424797058,7.417636394500732, The$ were$ first$ use$ sword
