target_pos,target_token,norm_suff,random_suff,norm_comp,random_comp
17, in,0.024813136085867882,0.0,0.19296199083328247,0.0673961266875267
19, middle,0.0001378518354613334,0.0074943057261407375,0.04566134884953499,0.02632787637412548
21, the,0.0,0.021232910454273224,0.06930947303771973,0.11504020541906357
23,.,0.020925041288137436,0.0,0.06544134765863419,0.04619685560464859
25, was,0.0,0.0,0.025560887530446053,0.03022082708775997
