norm_suff_mean,random_suff_mean,norm_comp_mean,random_comp_mean,final suff,final comp,target_tokens
0.009175206534564495,0.005745443515479565,0.0797870084643364,0.0570363774895668,1.5969535112380981,6.2163591384887695, in$ middle$ the$.$ was
