target_pos,target_token,norm_suff,random_suff,norm_comp,random_comp
14,.,0.0,0.22191141545772552,0.34610480070114136,0.043595753610134125
16, has,0.0006754425703547895,0.0,0.16563910245895386,0.06000181660056114
18, in,0.05423605442047119,0.01013880129903555,0.03707994893193245,0.007852098904550076
20, such,0.006839401088654995,0.00035744093474932015,0.032898858189582825,0.03768713027238846
22, The,0.0,0.004240087233483791,0.2586396634578705,0.04808098077774048
