norm_suff_mean,random_suff_mean,norm_comp_mean,random_comp_mean,final suff,final comp,target_tokens
0.012350180186331272,0.04732954874634743,0.16807246208190918,0.03944355621933937,0.26094016345939436,3.193763623221794,.$ has$ in$ such$ The
