target_pos,target_token,norm_suff,random_suff,norm_comp,random_comp
12, They,0.0,0.0,0.042284026741981506,0.09613316506147385
14, used,0.0,0.0,0.20131748914718628,0.12140484154224396
16, cooking,0.0,0.001266444567590952,0.09933102130889893,0.03435445949435234
18, baking,0.0,0.0,0.08619915693998337,0.035868752747774124
20, and,0.0,0.000732049229554832,0.03917268291115761,0.04404560104012489
