target_pos,target_token,norm_suff,random_suff,norm_comp,random_comp
20,.,0.026596954092383385,0.0,0.12120383232831955,0.10491693019866943
22, French,0.0,0.0010707636829465628,0.037472039461135864,0.0479559525847435
24, was,0.0,0.0,0.0801175981760025,0.02655772678554058
26, by,0.0,0.0,0.05739570036530495,0.04335485026240349
28, XIV,0.0,0.0,0.16383878886699677,0.028669176623225212
