norm_suff_mean,random_suff_mean,norm_comp_mean,random_comp_mean,final suff,final comp,target_tokens
0.005319390911608934,0.00021415273658931255,0.09200558811426163,0.05029093101620674,24.8392391204834,9.454264640808105,.$ French$ was$ by$ XIV
