target_pos,target_token,norm_suff,random_suff,norm_comp,random_comp
15, developed,0.0,0.0,0.036674343049526215,0.1052665263414383
17, Nintendo,0.0,0.0023301360197365284,0.03206103667616844,0.06565456837415695
19, It,0.0,0.0,0.030320407822728157,0.01891537383198738
21, released,0.0012324769049882889,0.004755445756018162,0.12085532397031784,0.014823711477220058
23, the,0.0,0.0,0.00917872041463852,0.0683545395731926
