norm_suff_mean,random_suff_mean,norm_comp_mean,random_comp_mean,final suff,final comp,target_tokens
0.00024649538681842387,0.0014171163784340024,0.045817967504262924,0.05460294708609581,0.1739415270119282,221.51711555688476, developed$ Nintendo$ It$ released$ the
