target_pos,target_token,norm_suff,random_suff,norm_comp,random_comp
33,.,0.3179859519004822,0.46165817975997925,0.10346872359514236,0.058155886828899384
35, coin,0.015133511275053024,0.02497137524187565,0.041012950241565704,0.013040509074926376
37, struck,0.07439138740301132,0.011431743390858173,0.0424673892557621,0.010082446038722992
39, the,0.0,0.003443007590249181,0.09344057738780975,0.04156172275543213
41, way,0.0,0.001599184237420559,0.01709783636033535,0.014469100162386894
