norm_suff_mean,random_suff_mean,norm_comp_mean,random_comp_mean,final suff,final comp,target_tokens
0.08150216937065125,0.10062070190906525,0.05949750170111656,0.027461934834718704,0.8099940452046126,0.3369472867627458,.$ coin$ struck$ the$ way
