target_pos,target_token,norm_suff,random_suff,norm_comp,random_comp
24,ern,0.0,0.0,0.203184574842453,0.09132961183786392
26, in,0.0,0.0,0.024044975638389587,0.03523002192378044
28,48,0.03594084829092026,0.025275807827711105,0.027302827686071396,0.014778723008930683
30, It,0.0,0.0,0.07464993745088577,0.0634671077132225
32, the,0.0,0.0,0.039694223552942276,0.01602044887840748
