norm_suff_mean,random_suff_mean,norm_comp_mean,random_comp_mean,final suff,final comp,target_tokens
0.007188169751316309,0.0050551616586744785,0.07377531379461288,0.04416518285870552,1.4219465255737305,6.144148349761963,ern$ in$48$ It$ the
