target_pos,target_token,norm_suff,random_suff,norm_comp,random_comp
45, Because,0.003173445351421833,0.003582881996408105,0.0060360184870660305,0.0068244729191064835
47, was,0.0,0.0,0.00553252175450325,0.001911132363602519
49, out,0.0,0.0,0.0029812667053192854,0.0016750494251027703
51,"
",0.026858648285269737,0.01739554852247238,0.005542470142245293,0.004280907567590475
53,'m,0.013740983791649342,0.0,0.0026497456710785627,0.005719569977372885
