target_pos,target_token,norm_suff,random_suff,norm_comp,random_comp
45, Because,0.0,0.0023562556598335505,0.003904379438608885,0.002955377334728837
47, was,0.0,0.010376300662755966,0.005884525366127491,0.004863949958235025
49, out,0.0014031747123226523,0.0,0.0017152545042335987,0.001804472180083394
51,"
",0.0,0.019068175926804543,0.005646440200507641,0.0029153120703995228
53,'m,0.0,0.0072463336400687695,0.0026232930831611156,0.0016671627527102828
