norm_suff_mean,random_suff_mean,norm_comp_mean,random_comp_mean,final suff,final comp,target_tokens
0.0002806349366437644,0.007809413131326437,0.003954778891056776,0.0028412549290806055,0.03593546897172928,10.124381065368652," Because$ was$ out$
$'m"
