norm_suff_mean,random_suff_mean,norm_comp_mean,random_comp_mean,final suff,final comp,target_tokens
0.008754615671932697,0.004195685964077711,0.004548404365777969,0.004082226660102606,2.086575508117676,0.46629422903060913," Because$ was$ out$
$'m"
