target_pos,target_token,norm_suff,random_suff,norm_comp,random_comp
50,"
",0.0,0.007249797694385052,0.003923306707292795,0.006522911600768566
52, she,0.0,0.0069453297182917595,0.0029364998918026686,0.0021041501313447952
54, you,0.0,0.0,0.003108467673882842,0.001472662203013897
56, present,0.0018818742828443646,0.0,0.0016835699789226055,0.0018598871538415551
58,"
",0.0,0.0016114510362967849,0.0035621209535747766,0.0029048689175397158
