target_pos,target_token,norm_suff,random_suff,norm_comp,random_comp
50,"
",0.0,0.03821456804871559,0.01233076211065054,0.005167089868336916
52, she,0.0,0.0,0.0030586242210119963,0.0017176425317302346
54, you,0.0,0.0,0.0025092437863349915,0.0005079968832433224
56, present,0.0,0.0,0.00323880766518414,0.003429930889979005
58,"
",0.0,0.0,0.0037479083985090256,0.0019947285763919353
