norm_suff_mean,random_suff_mean,norm_comp_mean,random_comp_mean,final suff,final comp,target_tokens
0.0003763748682104051,0.0031613155733793974,0.003042793134227395,0.0029728959780186415,0.11905640363693237,7.898763179779053,"
$ she$ you$ present$
"
