target_pos,target_token,norm_suff,random_suff,norm_comp,random_comp
76,"
",0.02843678928911686,0.03386237844824791,0.012292490340769291,0.003144056536257267
78,'m,0.006435823161154985,0.0,0.0024959491565823555,0.00218971143476665
80, to,0.0,0.0,0.003866356099024415,0.0014451545430347323
82, that,0.0,0.0,0.0011909558670595288,0.001915255794301629
84, I,0.013246485032141209,0.0,0.001836619689129293,0.0016276133246719837
