target_pos,target_token,norm_suff,random_suff,norm_comp,random_comp
76,"
",0.004106980748474598,0.019950982183218002,0.005153988488018513,0.00340840220451355
78,'m,0.0,4.9283498810837045e-05,0.0028960679192095995,0.001731780474074185
80, to,0.0,0.0,0.0014703408814966679,0.003507846500724554
82, that,0.0,0.004859993699938059,0.003055121749639511,0.0008425206178799272
84, I,0.010941367596387863,0.011844723485410213,0.0015413733199238777,0.0014219153672456741
