norm_suff_mean,random_suff_mean,norm_comp_mean,random_comp_mean,final suff,final comp,target_tokens
0.009623819962143898,0.006772475782781839,0.004336473997682333,0.0020643582101911306,1.421019434928894,0.21450507640838623,"
$'m$ to$ that$ I"
