norm_suff_mean,random_suff_mean,norm_comp_mean,random_comp_mean,final suff,final comp,target_tokens
0.003009669715538621,0.007340996991842985,0.0028233786579221487,0.0021824929863214493,0.4099810719490051,0.7251603007316589,"
$'m$ to$ that$ I"
