target_pos,target_token,norm_suff,random_suff,norm_comp,random_comp
52,"
",0.0,0.017387671396136284,0.005831520073115826,0.01402206439524889
54,M,0.0,0.019128475338220596,0.005484024062752724,0.007822377607226372
56,ie,0.0,0.00014415589976124465,0.00032957797520793974,0.0003821600112132728
58, drinking,0.0,0.0,0.014902247115969658,0.004797386936843395
60, green,0.0,0.0,0.0011677093571051955,0.0016984359826892614
