target_pos,target_token,norm_suff,random_suff,norm_comp,random_comp
52,"
",0.0,0.0,0.02615198865532875,0.02368001826107502
54,M,0.015305574983358383,0.034492798149585724,0.018311841413378716,0.005041252356022596
56,ie,0.0,0.0,0.0003993301070295274,0.00018161536718253046
58, drinking,0.0,0.0,0.0023133810609579086,0.005086345132440329
60, green,0.0,0.0,0.0038697891868650913,0.0014946376904845238
