norm_suff_mean,random_suff_mean,norm_comp_mean,random_comp_mean,final suff,final comp,target_tokens
0.0030611150432378054,0.006898559629917145,0.010209266096353531,0.007096773479133844,0.44373250007629395,2.318362236022949,"
$M$ie$ drinking$ green"
