target_pos,target_token,norm_suff,random_suff,norm_comp,random_comp
48,"
",0.003083478193730116,0.0,0.009988208301365376,0.00968062225729227
50,Su,0.0,0.0,0.005815109703689814,0.006951581686735153
52, lived,0.0,0.00010272474173689261,0.006536591798067093,0.008399545215070248
54, the,0.0,0.0,0.0003987922100350261,0.0005273764836601913
56, from,0.0,0.0,0.0008304508519358933,0.0025566958356648684
