target_pos,target_token,norm_suff,random_suff,norm_comp,random_comp
48,"
",0.047567423433065414,0.0,0.011861328966915607,0.009158041328191757
50,Su,0.0,0.0002443375997245312,0.007269072812050581,0.006819490343332291
52, lived,0.0,0.0,0.009651508182287216,0.00780914630740881
54, the,0.0,0.0,0.0004904537927359343,0.0003365656593814492
56, from,0.0,0.0,0.0020922094117850065,0.0011410469887778163
