norm_suff_mean,random_suff_mean,norm_comp_mean,random_comp_mean,final suff,final comp,target_tokens
0.009513485245406628,4.886752140009776e-05,0.006272915285080671,0.0050528584979474545,194.67910766601562,0.5311259031295776,"
$Su$ lived$ the$ from"
