norm_suff_mean,random_suff_mean,norm_comp_mean,random_comp_mean,final suff,final comp,target_tokens
0.0006166956736706197,2.0544948711176403e-05,0.004713831003755331,0.0056231641210615635,30.01690101623535,9.118215560913086,"
$Su$ lived$ the$ from"
