target_pos,target_token,norm_suff,random_suff,norm_comp,random_comp
47,"
",0.0018752083415165544,0.003580261254683137,0.03908364102244377,0.005094055086374283
49,He,0.012168226763606071,0.0014121878193691373,0.01814386062324047,0.006004479248076677
51, afraid,0.000718330149538815,0.004139502998441458,0.006549901328980923,0.005761528387665749
53, his,0.0,0.0,0.007337811402976513,0.00636567547917366
55,.,0.0,0.0,0.008119399659335613,0.009069381281733513
