target_pos,target_token,norm_suff,random_suff,norm_comp,random_comp
47,"
",0.0,0.0,0.0162613894790411,0.007691095117479563
49,He,0.040722645819187164,0.0,0.00809441227465868,0.005966320633888245
51, afraid,0.02380623295903206,0.0,0.018802016973495483,0.009397154673933983
53, his,0.0,0.0,0.011233719065785408,0.011192605830729008
55,.,0.0,0.0,0.008410118520259857,0.00996567402034998
