norm_suff_mean,random_suff_mean,norm_comp_mean,random_comp_mean,final suff,final comp,target_tokens
0.002952353097498417,0.0018263905076310039,0.015846922993659973,0.006459023803472519,1.6164960861206055,2.1877543926239014,"
$He$ afraid$ his$."
