target_pos,target_token,norm_suff,random_suff,norm_comp,random_comp
58, I,0.0,0.0,0.006725793704390526,0.007700732909142971
60, to,0.0,0.0,0.0014423035318031907,0.0018498451681807637
62, a,0.0,0.0,0.004973013419657946,0.006849531549960375
64,.,0.0,0.0,0.008778225630521774,0.003184401663020253
66,"
",0.0,0.0020726521033793688,0.015478217974305153,0.0037158268969506025
