target_pos,target_token,norm_suff,random_suff,norm_comp,random_comp
58, I,0.0,0.0,0.008096451871097088,0.004710240755230188
60, to,0.0,0.0,0.002347166184335947,0.002474910346791148
62, a,0.007853398099541664,0.017382090911269188,0.006324362475425005,0.004744119942188263
64,.,0.02348652295768261,0.009630274958908558,0.0029946016147732735,0.003179337829351425
66,"
",0.0,0.0,0.010157188400626183,0.005234795622527599
