norm_suff_mean,random_suff_mean,norm_comp_mean,random_comp_mean,final suff,final comp,target_tokens
0.00626798439770937,0.005402473267167807,0.005983953829854727,0.004068681038916111,1.1602064371109009,0.649121105670929," I$ to$ a$.$
"
