target_pos,target_token,norm_suff,random_suff,norm_comp,random_comp
52,"
",0.0,0.0,0.01134683657437563,0.006971544586122036
54,The,0.0,0.02176952362060547,0.006725330371409655,0.004003401845693588
56, was,0.0,0.006049036048352718,0.005253867246210575,0.004738183692097664
58, gift,0.0017848715651780367,0.0,0.00865024235099554,0.00324621400795877
60, God,0.0,0.0,0.006449504289776087,0.0022179612424224615
