target_pos,target_token,norm_suff,random_suff,norm_comp,random_comp
52,"
",0.0,0.0,0.01038407813757658,0.0059930188581347466
54,The,0.007603873033076525,0.002819468965753913,0.006636571604758501,0.006191110238432884
56, was,0.0,0.0,0.009251844137907028,0.0038105642888695
58, gift,0.0022932381834834814,0.0,0.005668682511895895,0.0055732037872076035
60, God,0.0,0.0,0.004838714841753244,0.0028817886486649513
