norm_suff_mean,random_suff_mean,norm_comp_mean,random_comp_mean,final suff,final comp,target_tokens
0.00197942228987813,0.000563893816433847,0.00735597824677825,0.004889937117695808,3.510274887084961,2.470386028289795,"
$The$ was$ gift$ God"
