norm_suff_mean,random_suff_mean,norm_comp_mean,random_comp_mean,final suff,final comp,target_tokens
0.00035697431303560734,0.00556371221318841,0.00768515607342124,0.004235461354255676,0.06416117399930954,11.864891052246094,"
$The$ was$ gift$ God"
