target_pos,target_token,norm_suff,random_suff,norm_comp,random_comp
69, Because,0.0,0.0,0.01111522875726223,0.0060370080173015594
71, wanted,0.0,0.009592797607183456,0.004942168481647968,0.004244494251906872
73, make,0.0,0.0011669214582070708,0.003720480017364025,0.0036374335177242756
75, stir,0.0,0.00020379289344418794,0.008414029143750668,0.0058132316917181015
77,f,0.0,0.0,0.0009217940969392657,0.001234146417118609
