target_pos,target_token,norm_suff,random_suff,norm_comp,random_comp
69, Because,0.0,0.014186635613441467,0.003972517792135477,0.005632580723613501
71, wanted,0.0,0.0,0.0036290313582867384,0.0036398491356521845
73, make,0.0,0.0,0.004974904470145702,0.004193123895674944
75, stir,0.0,0.0,0.00695255771279335,0.006638543214648962
77,f,0.0003309776948299259,0.0,0.0023136220406740904,0.002302183536812663
