norm_suff_mean,random_suff_mean,norm_comp_mean,random_comp_mean,final suff,final comp,target_tokens
6.619554187636822e-05,0.0028373270761221647,0.004368526395410299,0.004481256008148193,0.023330247029662132,67.69725036621094, Because$ wanted$ make$ stir$f
