target_pos,target_token,norm_suff,random_suff,norm_comp,random_comp
63,"
",0.0,0.0,0.005596494302153587,0.004095972515642643
65,A,0.0,0.032598696649074554,0.004010126926004887,0.0036531889345496893
67, She,0.0,0.0,0.0034934377763420343,0.004602953791618347
69, to,0.0,0.0,0.000982558587566018,0.0011214471887797117
71, out,0.0018334443448111415,3.248141729272902e-05,0.004831669386476278,0.005324008874595165
