target_pos,target_token,norm_suff,random_suff,norm_comp,random_comp
63,"
",0.0,0.0,0.004665502812713385,0.007723777089267969
65,A,0.004024468827992678,0.0061164433136582375,0.008834774605929852,0.004523716866970062
67, She,0.0,0.0014403535751625896,0.0035730828531086445,0.003536937292665243
69, to,0.0,3.705416020238772e-05,0.0013613608898594975,0.0010880929185077548
71, out,0.0,0.0,0.00255739432759583,0.006419762037694454
