norm_suff_mean,random_suff_mean,norm_comp_mean,random_comp_mean,final suff,final comp,target_tokens
0.0003666888806037605,0.006526235491037369,0.0037828576751053333,0.0037595145404338837,0.056186892092227936,10.25260066986084,"
$A$ She$ to$ out"
