norm_suff_mean,random_suff_mean,norm_comp_mean,random_comp_mean,final suff,final comp,target_tokens
0.0008048937888815999,0.0015187702374532819,0.004198423121124506,0.0046584573574364185,0.5299641489982605,5.787667274475098,"
$A$ She$ to$ out"
