target_pos,target_token,norm_suff,random_suff,norm_comp,random_comp
56, Because,0.026456456631422043,0.0,0.007339704316109419,0.005285863298922777
58, loves,0.0,0.0,0.004366354551166296,0.003944490570574999
60, kids,5.855388371855952e-05,0.0,0.0013724018353968859,0.001864414312876761
62,"
",0.0,0.017156092450022697,0.0038297066930681467,0.003156143007799983
64,M,0.0,0.01998772844672203,0.00669037364423275,0.002585196867585182
