target_pos,target_token,norm_suff,random_suff,norm_comp,random_comp
56, Because,0.0,0.017176762223243713,0.008907395415008068,0.0034479571040719748
58, loves,0.000746813602745533,0.0,0.0033707069233059883,0.0036753921303898096
60, kids,0.0,0.0,0.0032768959645181894,0.0025319461710751057
62,"
",0.0,0.0,0.009300402365624905,0.0026820118073374033
64,M,0.011795779690146446,0.0,0.003648479236289859,0.004364178981631994
