norm_suff_mean,random_suff_mean,norm_comp_mean,random_comp_mean,final suff,final comp,target_tokens
0.0025085187517106533,0.003435352584347129,0.005700775887817144,0.003340297145769,0.730207085609436,1.331581473350525," Because$ loves$ kids$
$M"
