norm_suff_mean,random_suff_mean,norm_comp_mean,random_comp_mean,final suff,final comp,target_tokens
0.005303002428263426,0.007428763899952173,0.004719708580523729,0.00336722144857049,0.7138472199440002,0.6349651217460632," Because$ loves$ kids$
$M"
