target_pos,target_token,norm_suff,random_suff,norm_comp,random_comp
54,"
",0.0,0.0,0.007423592731356621,0.00559367286041379
56,Answer,0.003913290798664093,0.0,0.01194028090685606,0.008864992298185825
58,"
",0.0,0.0,0.011882258579134941,0.006037398707121611
60,Jon,0.004398226272314787,0.00278584030456841,0.0053981635719537735,0.01221979595720768
62, to,0.0,0.0003951287071686238,0.0008348884875886142,0.0008849158766679466
