target_pos,target_token,norm_suff,random_suff,norm_comp,random_comp
54,"
",0.0,0.06665483862161636,0.014567420817911625,0.006556189153343439
56,Answer,0.007719408255070448,0.0042783343233168125,0.008183620870113373,0.0044893487356603146
58,"
",0.014898449182510376,0.0,0.011272230185568333,0.005194209050387144
60,Jon,0.0,0.0,0.010659890249371529,0.00742642767727375
62, to,0.0,0.0,0.0010135156335309148,0.000795314263086766
