norm_suff_mean,random_suff_mean,norm_comp_mean,random_comp_mean,final suff,final comp,target_tokens
0.004523571580648422,0.014186634682118893,0.009139335714280605,0.004892298020422459,0.3188614845275879,1.081512212753296,"
$Answer$
$Jon$ to"
