norm_suff_mean,random_suff_mean,norm_comp_mean,random_comp_mean,final suff,final comp,target_tokens
0.0016623035771772265,0.0006361938430927694,0.007495836820453405,0.006720155477523804,2.6128885746002197,4.0426764488220215,"
$Answer$
$Jon$ to"
