target_pos,target_token,norm_suff,random_suff,norm_comp,random_comp
68,"
",0.04231903329491615,0.026056703180074692,0.00723220081999898,0.007712180260568857
70,Mary,0.023274363949894905,0.006533712148666382,0.009279191493988037,0.00562047166749835
72, a,0.0,0.0,0.008411110378801823,0.007150195073336363
74, good,0.0,0.00547268521040678,0.0052140699699521065,0.003713486483320594
76,ler,0.0,0.0,0.00015378568787127733,8.648186485515907e-05
