target_pos,target_token,norm_suff,random_suff,norm_comp,random_comp
68,"
",0.0,0.023869771510362625,0.012344361282885075,0.004456691909581423
70,Mary,0.009852144867181778,0.024327822029590607,0.009191018529236317,0.005198145285248756
72, a,0.0,0.0,0.008489564061164856,0.004275069572031498
74, good,0.0014272782718762755,0.0005289510590955615,0.006325515452772379,0.004500878509134054
76,ler,5.093604704597965e-05,0.0,0.00010377162834629416,6.229025166248903e-05
