norm_suff_mean,random_suff_mean,norm_comp_mean,random_comp_mean,final suff,final comp,target_tokens
0.013118679635226727,0.007612620480358601,0.006058071739971638,0.004856563173234463,1.723280429840088,0.37020212411880493,"
$Mary$ a$ good$ler"
