norm_suff_mean,random_suff_mean,norm_comp_mean,random_comp_mean,final suff,final comp,target_tokens
0.0022660717368125916,0.009745309129357338,0.007290846202522516,0.003698615124449134,0.23252949118614197,1.63217031955719,"
$Mary$ a$ good$ler"
