target_pos,target_token,norm_suff,random_suff,norm_comp,random_comp
57,"
",0.0,0.0,0.016363561153411865,0.009848091751337051
59,Matt,0.01962989568710327,0.007072716485708952,0.006390934810042381,0.006357409991323948
61, Sarah,0.0,0.0,0.0010517650516703725,0.0011104735312983394
63, pregnant,0.0,0.0,0.005493138451129198,0.0061433888040483
65, They,0.00102989561855793,0.0,0.0013957403134554625,0.0006631416617892683
