target_pos,target_token,norm_suff,random_suff,norm_comp,random_comp
57,"
",0.04073512554168701,0.020865216851234436,0.01904374547302723,0.009411736391484737
59,Matt,0.004079494159668684,0.013349849730730057,0.008531692437827587,0.009499079547822475
61, Sarah,0.0004399044846650213,0.0,0.0009061748278327286,0.0012294520856812596
63, pregnant,0.0,0.0,0.004935657139867544,0.005462347064167261
65, They,0.0,0.002473491011187434,0.0033054857049137354,0.0009106285287998617
