norm_suff_mean,random_suff_mean,norm_comp_mean,random_comp_mean,final suff,final comp,target_tokens
0.004131958354264498,0.0014145433669909835,0.006139027886092663,0.00482450146228075,2.9210546016693115,1.1676064729690552,"
$Matt$ Sarah$ pregnant$ They"
