norm_suff_mean,random_suff_mean,norm_comp_mean,random_comp_mean,final suff,final comp,target_tokens
0.009050904773175716,0.007337711751461029,0.007344551384449005,0.005302648525685072,1.2334778308868408,0.5858694314956665,"
$Matt$ Sarah$ pregnant$ They"
