target_pos,target_token,norm_suff,random_suff,norm_comp,random_comp
55,"
",0.006261731963604689,0.011618340387940407,0.01985856704413891,0.005869243294000626
57,A,0.010829541832208633,0.010528420098125935,0.007480464410036802,0.0060577658005058765
59, Because,0.0,0.01834946498274803,0.006823158357292414,0.009644640609622002
61, was,0.0035120013635605574,0.0,0.005002946592867374,0.005797591991722584
63,.,0.0,0.0,0.0075988746248185635,0.004889083094894886
