target_pos,target_token,norm_suff,random_suff,norm_comp,random_comp
55,"
",0.005890884902328253,0.0,0.005216426216065884,0.009661567397415638
57,A,0.0039713880978524685,0.010713266208767891,0.008123911917209625,0.0046364665031433105
59, Because,0.02295292168855667,0.0,0.01033999677747488,0.004264291375875473
61, was,0.0,0.0,0.004164611920714378,0.003051201580092311
63,.,0.0,0.0,0.0039518787525594234,0.0031150688882917166
