norm_suff_mean,random_suff_mean,norm_comp_mean,random_comp_mean,final suff,final comp,target_tokens
0.00412065489217639,0.008099245838820934,0.00935280229896307,0.006451664958149195,0.5087701678276062,1.565689206123352,"
$A$ Because$ was$."
