norm_suff_mean,random_suff_mean,norm_comp_mean,random_comp_mean,final suff,final comp,target_tokens
0.006563039030879736,0.0021426533348858356,0.006359364837408066,0.00494571914896369,3.0630428791046143,0.7535715103149414,"
$A$ Because$ was$."
