target_pos,target_token,norm_suff,random_suff,norm_comp,random_comp
44, Because,0.0,0.001280425931327045,0.010425901040434837,0.006809200160205364
46, was,0.0,0.0,0.005122627597302198,0.00434526102617383
48, to,0.0,0.002641939790919423,0.009453010745346546,0.005378024186939001
50, a,0.0,0.0,0.005718069151043892,0.006075263489037752
52,.,0.0,0.0,0.004438560921698809,0.002914116019383073
