target_pos,target_token,norm_suff,random_suff,norm_comp,random_comp
44, Because,0.0,0.03664340451359749,0.009798027575016022,0.009621497243642807
46, was,0.0021226743701845407,0.0,0.008226354606449604,0.0035067007411271334
48, to,0.0,0.023929227143526077,0.011060002259910107,0.003868809435516596
50, a,0.0081937275826931,0.023067880421876907,0.0078713558614254,0.005935026798397303
52,.,0.0,0.0,0.00266532925888896,0.003578251227736473
