norm_suff_mean,random_suff_mean,norm_comp_mean,random_comp_mean,final suff,final comp,target_tokens
0.002063280437141657,0.016728103160858154,0.007924214005470276,0.005302057601511478,0.12334216386079788,2.5697221755981445, Because$ was$ to$ a$.
