target_pos,target_token,norm_suff,random_suff,norm_comp,random_comp
57,"
",0.0,0.0,0.004520632792264223,0.00375172751955688
59,A,0.0,0.023146286606788635,0.007216599769890308,0.0050187851302325726
61, He,0.002129333559423685,0.009230265393853188,0.009882500395178795,0.008406782522797585
63, to,0.0,0.0,0.0016212472692131996,0.0012744693085551262
65, with,0.00436798483133316,0.0,0.006098906509578228,0.00400263536721468
