target_pos,target_token,norm_suff,random_suff,norm_comp,random_comp
57,"
",0.004398595076054335,0.0,0.006186544895172119,0.005849533714354038
59,A,0.020007744431495667,0.003681990085169673,0.007568076252937317,0.0037617520429193974
61, He,0.0,0.005740882828831673,0.0025618290528655052,0.006519955582916737
63, to,0.0,0.006719727534800768,0.0018036741530522704,0.0013445537770166993
65, with,0.0,0.0,0.005085637792944908,0.002397183096036315
