norm_suff_mean,random_suff_mean,norm_comp_mean,random_comp_mean,final suff,final comp,target_tokens
0.001299463678151369,0.006475310306996107,0.005867977626621723,0.004490879829972982,0.200679749250412,3.455948829650879,"
$A$ He$ to$ with"
