norm_suff_mean,random_suff_mean,norm_comp_mean,random_comp_mean,final suff,final comp,target_tokens
0.00488126790151,0.0032285198103636503,0.004641152452677488,0.003974595572799444,1.5119212865829468,0.8142547607421875,"
$A$ He$ to$ with"
