target_pos,target_token,norm_suff,random_suff,norm_comp,random_comp
51,"
",0.0,0.02399706095457077,0.0113881416618824,0.005565528757870197
53,A,0.0014277357840910554,0.002247575204819441,0.0037034093402326107,0.005798026919364929
55, To,0.0,0.0,0.006450003013014793,0.005970070604234934
57, more,0.0009500279556959867,0.0,0.0052786716260015965,0.006017542909830809
59,.,0.004098098259419203,0.0,0.0030884321313351393,0.003955328371375799
