target_pos,target_token,norm_suff,random_suff,norm_comp,random_comp
51,"
",0.04612872377038002,0.0019304943270981312,0.018266649916768074,0.0033277785405516624
53,A,0.033145248889923096,0.017860332503914833,0.006307313218712807,0.0037942316848784685
55, To,0.0,0.0,0.003254951909184456,0.0040474701672792435
57, more,0.0,0.0,0.0050901249051094055,0.002684290986508131
59,.,0.0,0.0,0.004460617434233427,0.004428382962942123
