norm_suff_mean,random_suff_mean,norm_comp_mean,random_comp_mean,final suff,final comp,target_tokens
0.015854794532060623,0.003958165179938078,0.007475932128727436,0.0036564308684319258,4.005591869354248,0.230619877576828,"
$A$ To$ more$."
