norm_suff_mean,random_suff_mean,norm_comp_mean,random_comp_mean,final suff,final comp,target_tokens
0.0012951724929735065,0.005248927511274815,0.005981731694191694,0.005461299326270819,0.24674992263317108,4.216658115386963,"
$A$ To$ more$."
