target_pos,target_token,norm_suff,random_suff,norm_comp,random_comp
64,"
",0.0,0.005303880665451288,0.009250572882592678,0.00596419395878911
66,Ann,0.010192394256591797,0.0,0.007115118205547333,0.004729958716779947
68, so,0.0,0.0,0.006139109376817942,0.005470155272632837
70, she,0.0,0.0,0.002950020134449005,0.002397678792476654
72, three,0.0,0.0,0.0032228014897555113,0.001978016458451748
