target_pos,target_token,norm_suff,random_suff,norm_comp,random_comp
64,"
",0.0,0.0,0.0058388556353747845,0.004373245406895876
66,Ann,0.0012117846636101604,0.0,0.0060795387253165245,0.008731856942176819
68, so,0.0,0.01502991747111082,0.005600744858384132,0.006381652317941189
70, she,0.0,0.0,0.0029197903349995613,0.001979583641514182
72, three,0.0,0.0,0.001729887560941279,0.004727271851152182
