norm_suff_mean,random_suff_mean,norm_comp_mean,random_comp_mean,final suff,final comp,target_tokens
0.00024235693854279816,0.003005983540788293,0.004433763679116964,0.0052387225441634655,0.08062484115362167,21.615732192993164,"
$Ann$ so$ she$ three"
