norm_suff_mean,random_suff_mean,norm_comp_mean,random_comp_mean,final suff,final comp,target_tokens
0.0020384788513183594,0.0010607761796563864,0.0057355244643986225,0.004108000546693802,1.921686053276062,2.015228509902954,"
$Ann$ so$ she$ three"
