target_pos,target_token,norm_suff,random_suff,norm_comp,random_comp
52,"
",0.0,0.0,0.006099057383835316,0.005615597125142813
54,Jul,0.0,0.0,0.00653840322047472,0.005769224371761084
56, was,0.0,0.0017159822164103389,0.002974546980112791,0.004527211654931307
58, the,0.0,0.0,0.0009006485342979431,0.0008241445175372064
60, with,0.0,0.0,0.0012932399986311793,0.004829625599086285
