target_pos,target_token,norm_suff,random_suff,norm_comp,random_comp
52,"
",0.0,0.0,0.007943307980895042,0.009278155863285065
54,Jul,0.0,0.0,0.005841986276209354,0.004776691552251577
56, was,0.0,0.0,0.004740879405289888,0.003993831109255552
58, the,0.0,0.0,0.0010224825236946344,0.0003532250120770186
60, with,0.01976959966123104,0.0,0.002991527784615755,0.0010503769153729081
