target_pos,target_token,norm_suff,random_suff,norm_comp,random_comp
57, I,0.0,0.0053682648576796055,0.007072101812809706,0.00521619338542223
59, a,0.0,0.008988301269710064,0.007165705319494009,0.005285030696541071
61,.,0.0014481213875114918,0.0,0.00414794497191906,0.002517339773476124
63, didn,0.0,0.0,0.005267970263957977,0.0028403536416590214
65, know,0.0001930908183567226,0.0,0.0018156166188418865,0.0014189401408657432
