target_pos,target_token,norm_suff,random_suff,norm_comp,random_comp
57, I,0.008318200707435608,0.028544194996356964,0.005175652913749218,0.003388544311746955
59, a,0.008276179432868958,0.0,0.010074014775454998,0.008409217931330204
61,.,0.002100936835631728,0.0,0.005984608083963394,0.004238583147525787
63, didn,0.0,0.0,0.0019876209553331137,0.0019548048730939627
65, know,0.002850193530321121,0.0,0.004164083395153284,0.0023570603225380182
