norm_suff_mean,random_suff_mean,norm_comp_mean,random_comp_mean,final suff,final comp,target_tokens
0.00032824245863594115,0.00287131336517632,0.005093867890536785,0.003455571597442031,0.1143178790807724,10.527497291564941, I$ a$.$ didn$ know
