norm_suff_mean,random_suff_mean,norm_comp_mean,random_comp_mean,final suff,final comp,target_tokens
0.004309102427214384,0.005708839278668165,0.00547719607129693,0.004069642163813114,0.7548123598098755,0.9444292187690735, I$ a$.$ didn$ know
