target_pos,target_token,norm_suff,random_suff,norm_comp,random_comp
49,"
",0.023070087656378746,0.07369933277368546,0.009331169538199902,0.012736604548990726
51,Chris,0.010710014030337334,0.0,0.00653019268065691,0.005591387860476971
53, struggling,0.0,0.0015118853189051151,0.01558467373251915,0.0037684303242713213
55, English,0.0,0.0,0.0016173901967704296,0.001326812314800918
57,.,0.0,0.0,0.0025440999306738377,0.001139347325079143
