target_pos,target_token,norm_suff,random_suff,norm_comp,random_comp
49,"
",0.010105675086379051,0.0,0.008632387034595013,0.00712089566513896
51,Chris,0.026126068085432053,0.04896838590502739,0.0040322416462004185,0.006124000996351242
53, struggling,0.0,0.0,0.009240529499948025,0.006946058943867683
55, English,0.00243762438185513,0.0,0.005145926959812641,0.0017387710977345705
57,.,0.007285325322300196,0.0,0.0016057887114584446,0.0015003873268142343
