norm_suff_mean,random_suff_mean,norm_comp_mean,random_comp_mean,final suff,final comp,target_tokens
0.0091909384354949,0.009793677367269993,0.005731374956667423,0.0046860226429998875,0.9384562969207764,0.5098524689674377,"
$Chris$ struggling$ English$."
