norm_suff_mean,random_suff_mean,norm_comp_mean,random_comp_mean,final suff,final comp,target_tokens
0.0067560202442109585,0.015042244456708431,0.007121505681425333,0.004912516567856073,0.4491364359855652,0.727131724357605,"
$Chris$ struggling$ English$."
