target_pos,target_token,norm_suff,random_suff,norm_comp,random_comp
60,"
",0.0,0.0,0.011452754959464073,0.005600437987595797
62,Tim,0.011829370632767677,0.02244439162313938,0.003895808942615986,0.0028083205688744783
64, to,0.0,0.0,0.0007202314445748925,0.0008126833708956838
66, ge,0.0023026466369628906,0.0,0.00319829978980124,0.004632130730897188
68,.,0.0,0.007431670557707548,0.012757458724081516,0.004182728938758373
