target_pos,target_token,norm_suff,random_suff,norm_comp,random_comp
60,"
",0.02623075060546398,0.0,0.004728552419692278,0.006375955883413553
62,Tim,0.024567410349845886,0.006253163330256939,0.004878662060946226,0.004461865872144699
64, to,0.0,0.0,0.0009516330901533365,0.00035028482670895755
66, ge,0.0,0.0,0.0026534032076597214,0.00475629698485136
68,.,0.0,0.0,0.0271591879427433,0.02857888862490654
