norm_suff_mean,random_suff_mean,norm_comp_mean,random_comp_mean,final suff,final comp,target_tokens
0.010159633122384548,0.0012506326893344522,0.008074288256466389,0.008904659189283848,8.123594284057617,0.8764744997024536,"
$Tim$ to$ ge$."
