norm_suff_mean,random_suff_mean,norm_comp_mean,random_comp_mean,final suff,final comp,target_tokens
0.0028264035936444998,0.005975212436169386,0.006404911167919636,0.0036072605289518833,0.4730214476585388,1.2762722969055176,"
$Tim$ to$ ge$."
