target_pos,target_token,norm_suff,random_suff,norm_comp,random_comp
54,"
",0.0,0.0,0.012980284169316292,0.011619169265031815
56,Tim,0.0,0.0010773418471217155,0.012255591340363026,0.007348551880568266
58, Stan,0.0,0.0,0.0018219350604340434,0.0012132962001487613
60, in,0.0,0.0,0.002002238528802991,0.000935827090870589
62, ice,0.0,0.0,0.00047888350673019886,0.0001632227358641103
