target_pos,target_token,norm_suff,random_suff,norm_comp,random_comp
54,"
",0.0,0.0,0.017369527369737625,0.0061492337845265865
56,Tim,0.005577058997005224,0.0,0.00659245066344738,0.005969563499093056
58, Stan,0.0,0.0,0.002413775771856308,0.0014715654542669654
60, in,0.0,0.0,0.0009305759449489415,0.0004903243388980627
62, ice,0.0,0.0006172402063384652,0.00041811016853898764,0.0003435272956266999
