norm_suff_mean,random_suff_mean,norm_comp_mean,random_comp_mean,final suff,final comp,target_tokens
0.001115411869250238,0.0001234480441780761,0.0055448878556489944,0.002884842921048403,9.035476684570312,2.5863475799560547,"
$Tim$ Stan$ in$ ice"
