target_pos,target_token,norm_suff,random_suff,norm_comp,random_comp
65,"
",0.019117718562483788,0.0,0.025092685595154762,0.003891189582645893
67, were,0.0003287206345703453,0.0,0.0056406487710773945,0.002958279801532626
69, of,0.0,0.0,0.002073988551273942,0.0058897812850773335
71, barbar,0.0023267597425729036,0.0,0.004791651852428913,0.006412304937839508
73,.,0.0,0.032468054443597794,0.011379420757293701,0.0186627060174942
