target_pos,target_token,norm_suff,random_suff,norm_comp,random_comp
65,"
",0.0,0.0,0.00653199153020978,0.012657992541790009
67, were,0.0,0.0,0.005515218712389469,0.003337004454806447
69, of,0.0,0.0,0.002042363630607724,0.003064945340156555
71, barbar,0.0,0.0,0.00505262752994895,0.006048711948096752
73,.,0.0,0.008219574578106403,0.01625899039208889,0.014795330353081226
