norm_suff_mean,random_suff_mean,norm_comp_mean,random_comp_mean,final suff,final comp,target_tokens
0.0043546403758227825,0.006493610795587301,0.009795678779482841,0.007562851998955011,0.67060387134552,1.7367340326309204,"
$ were$ of$ barbar$."
