suff,comp,random_suff,random_comp
0.0010261938813264245,0.07966988620707463,0.001542780958985164,0.08423755757639324
