suff,comp,random_suff,random_comp
0.002724264961050052,0.6935539687548332,0.06920754638454892,0.8141411720148379
