suff,comp,random_suff,random_comp
0.027127503563451994,0.18444448886116976,0.008596243965197429,0.3403859173002787
