suff,comp,random_suff,random_comp
0.0037030895114064932,0.3177855388057439,0.028243876273717328,0.5484815160116813
