suff,comp,random_suff,random_comp
0.0015156537715317578,0.6071575933656292,0.050942617629725455,0.7575747861530638
