suff,comp,random_suff,random_comp
0.0037259247797571207,0.6791671083829305,0.08851482704151156,0.8643254377597226
