suff,comp,random_suff,random_comp
0.007011879881852882,0.23796875781717608,0.013882330753881489,0.4282132038343957
