suff,comp,random_suff,random_comp
0.0015156537715317578,0.6071575933656292,0.02801678286709713,0.7359153950156019
