suff,comp,random_suff,random_comp
0.00372182270427224,0.014361042368909522,0.003014084699834181,0.017399491520478323
