suff,comp,random_suff,random_comp
8.235203096707427e-05,0.14895819852690215,0.0059270284909323815,0.182019400969913
