suff,comp,random_suff,random_comp
0.027127503563451994,0.18444448886116976,0.008672070648016098,0.37633280753344245
