suff,comp,random_suff,random_comp
0.0006900835336736318,0.07258857972122938,0.003062167561014443,0.07895980062166186
