suff,comp,random_suff,random_comp
0.0037030895114064932,0.3177855388057439,0.01384565912823084,0.6311901042390712
