suff,comp,random_suff,random_comp
8.235203096707427e-05,0.14895819852690215,0.005424347858517632,0.1998458889439863
