suff,comp,random_suff,random_comp
0.02099631465042022,0.8396081731409683,0.005045220790597372,0.1682655041139659
