suff,comp,random_suff,random_comp
0.006376410058110822,0.0689261408153401,0.005717407925914695,0.017547003632854524
