suff,comp,random_suff,random_comp
0.35566951416485865,0.938185402472334,0.025576970442744804,0.5616835293026065
