suff,comp,random_suff,random_comp
0.5786976769813336,0.972274188603671,0.031101691353894317,0.6448474802989747
