suff,comp,random_suff,random_comp
0.24225449992481005,0.923623980326521,0.017976859960225296,0.4092418562151323
