suff,comp,random_suff,random_comp
0.12747528133658884,0.8750670239624552,0.011995715944920599,0.32015347576358605
