suff,comp,random_suff,random_comp
0.058683192681531056,0.7396698898839471,0.040516602205787004,0.34027560191882655
