suff,comp,random_suff,random_comp
0.006780594142778461,4.15381256193771e-05,0.002766917283356906,3.6775008243507384e-05
