suff,comp,random_suff,random_comp
0.23267609459649471,0.9760448578911798,0.04726355318302608,0.6975370583308816
