suff,comp,random_suff,random_comp
0.03508476724966419,0.5784926920881897,0.01564638336570399,0.17541982795257596
