suff,comp,random_suff,random_comp
0.06938271154745529,0.8270301237092462,0.056758010401266656,0.5192492149052269
