suff,comp,random_suff,random_comp
0.0018446531703703091,0.005708700352257737,0.002167015699456915,0.004903122920454863
