suff,comp,random_suff,random_comp
0.461083264600718,0.9983262747802576,0.1131486742571115,0.8919860222521153
