suff,comp,random_suff,random_comp
0.23267609459649471,0.9760448578911798,0.055793157870427074,0.6845919265742982
