suff,comp,random_suff,random_comp
0.08159481123539886,0.8914444101011614,0.04998939163248499,0.5982981392149066
