suff,comp,random_suff,random_comp
0.31612804653476295,0.9849187320554093,0.07881369019496609,0.835266041146825
