suff,comp,random_suff,random_comp
0.03508476724966419,0.5784926920881897,0.02037334706157118,0.22072568724514807
