target_pos,target_token,norm_suff,random_suff,norm_comp,random_comp
34, southeast,0.003971907775849104,0.011667462065815926,0.5033316016197205,0.1677865982055664
36, Philadelphia,0.0,0.0,0.2063557505607605,0.15724115073680878
38, It,0.0,0.0,0.11499905586242676,0.08767030388116837
40, a,0.00863275770097971,0.0,0.07638800144195557,0.07543674856424332
42,ribut,0.0,0.0,0.0012653811136260629,0.001044767559505999
