norm_suff_mean,random_suff_mean,norm_comp_mean,random_comp_mean,final suff,final comp,target_tokens
0.002520933048799634,0.0023334925062954426,0.18046796321868896,0.09783591330051422,1.0803261995315552,38.80940628051758, southeast$ Philadelphia$ It$ a$ribut
