target_pos,target_token,norm_suff,random_suff,norm_comp,random_comp
18, in,0.0,0.0,0.08768601715564728,0.16258317232131958
20,67,0.0,0.0005423369584605098,0.07122979313135147,0.05790003761649132
22,"
",0.04062636196613312,0.0,0.049652568995952606,0.19956710934638977
24, know,0.0,0.002788232872262597,0.041917841881513596,0.03292987495660782
26, I,0.05056148022413254,0.016300974413752556,0.07481379806995392,0.061107784509658813
