norm_suff_mean,random_suff_mean,norm_comp_mean,random_comp_mean,final suff,final comp,target_tokens
0.01823756843805313,0.003926308825612068,0.06506000459194183,0.1028175950050354,4.644965171813965,5.637681007385254," in$67$
$ know$ I"
