target_pos,target_token,norm_suff,random_suff,norm_comp,random_comp
19,"
",0.027314424514770508,0.0,0.7081562280654907,0.42613762617111206
21,'m,0.0,0.0,0.26406329870224,0.19045956432819366
23, sure,0.0,0.0,0.1951523870229721,0.09206786006689072
25, this,0.0,0.011246073059737682,0.23810498416423798,0.2532305121421814
27, a,0.030443403869867325,0.0,0.16936729848384857,0.1670236438512802
