norm_suff_mean,random_suff_mean,norm_comp_mean,random_comp_mean,final suff,final comp,target_tokens
0.011551565490663052,0.0022492145653814077,0.3149688243865967,0.22578385472297668,5.13582181930542,19.54573631286621,"
$'m$ sure$ this$ a"
