target_pos,target_token,norm_suff,random_suff,norm_comp,random_comp
16, ,0.0,0.0,0.18158815801143646,0.20725874602794647
18, ,0.0,0.08267522603273392,0.24468135833740234,0.21015135943889618
20, ,0.01613912172615528,0.0,0.2968056797981262,0.21044297516345978
22, ,0.0,0.0,0.28563591837882996,0.11440186202526093
24, ,0.0,0.0,0.07175665348768234,0.14227628707885742
