norm_suff_mean,random_suff_mean,norm_comp_mean,random_comp_mean,final suff,final comp,target_tokens
0.003227824345231056,0.016535045579075813,0.2160935401916504,0.1769062578678131,0.19521109759807587,54.80665588378906, $ $ $ $ 
