target_pos,target_token,norm_suff,random_suff,norm_comp,random_comp
25, ,0.0,0.0,0.1250840723514557,0.10086657106876373
27, ,0.0,0.00683228624984622,0.3106650412082672,0.11782100051641464
29, ,0.0,0.0,0.2849598228931427,0.06622178852558136
31, ,0.0,0.0,0.09729235619306564,0.04401582479476929
33, ,0.034816548228263855,0.0,0.09689085930585861,0.09762335568666458
