norm_suff_mean,random_suff_mean,norm_comp_mean,random_comp_mean,final suff,final comp,target_tokens
0.006963309831917286,0.001366457319818437,0.18297843635082245,0.0853097066283226,5.095885276794434,12.25131607055664, $ $ $ $ 
