target_pos,target_token,norm_suff,random_suff,norm_comp,random_comp
21, ,0.0,0.0,0.08243566006422043,0.11726213246583939
23, ,0.0,0.0,0.16684432327747345,0.09114944934844971
25, ,0.0,0.0,0.31157878041267395,0.1454785168170929
27, ,0.02594263292849064,0.0,0.2621428966522217,0.07703141868114471
29, ,0.0,0.0486685186624527,0.07342324405908585,0.0899355560541153
