norm_suff_mean,random_suff_mean,norm_comp_mean,random_comp_mean,final suff,final comp,target_tokens
0.005188526585698128,0.009733703918755054,0.1792849749326706,0.10417141765356064,0.5330474972724915,20.0772647857666, $ $ $ $ 
