target_pos,target_token,norm_suff,random_suff,norm_comp,random_comp
22, (,0.0,0.0,0.17113475501537323,0.2133633941411972
24,",",0.0,0.0,0.09670358896255493,0.0051730237901210785
26, kilometers,0.0,0.0,0.021077044308185577,0.01692391000688076
28, east,0.0034991097636520863,0.0,0.07044694572687149,0.08702930808067322
30, Hawaii,0.0,0.0,0.2220841646194458,0.18594560027122498
