target_pos,target_token,norm_suff,random_suff,norm_comp,random_comp
26, by,0.0,0.0,0.21414318680763245,0.2284059226512909
28,-,0.0063992212526500225,0.0,0.10645940899848938,0.07479490339756012
30, Vall,0.005491544492542744,0.0,0.11730886995792389,0.10154636949300766
32, and,0.0,0.0,0.19349364936351776,0.2492566853761673
34, S,0.056620724499225616,0.0,0.176652729511261,0.16081228852272034
