target_pos,target_token,norm_suff,random_suff,norm_comp,random_comp
22, to,0.02143671363592148,0.0,0.2546551823616028,0.11025272309780121
24, best,0.003370323684066534,0.0,0.08299502730369568,0.06631400436162949
26, actor,0.02405467815697193,0.0,0.11590959876775742,0.09927045553922653
28, a,0.0,0.0,0.05009675398468971,0.08293657004833221
30, series,0.0023854903411120176,0.0,0.05500880628824234,0.09000913798809052
