target_pos,target_token,norm_suff,random_suff,norm_comp,random_comp
28, The,0.0,0.0,0.11023344844579697,0.10841137170791626
30, Empire,0.006815033033490181,0.0067461892031133175,0.12529321014881134,0.11466097831726074
32, a,0.0,0.0,0.1967899054288864,0.07608361542224884
34, power,0.0,0.019802743569016457,0.07688617706298828,0.058164484798908234
36, the,0.004992818459868431,0.006254876963794231,0.06342361867427826,0.06384459882974625
