norm_suff_mean,random_suff_mean,norm_comp_mean,random_comp_mean,final suff,final comp,target_tokens
0.0023615702521055937,0.006560762412846088,0.11452527344226837,0.08423300832509995,0.3599536418914795,35.66822052001953, The$ Empire$ a$ power$ the
