target_pos,target_token,norm_suff,random_suff,norm_comp,random_comp
17, ,0.0,0.0,0.19101552665233612,0.2649354934692383
19, ,0.0,0.0,0.19744868576526642,0.0887555256485939
21, ,0.0,0.0,0.2213897854089737,0.14538152515888214
23, ,0.0,0.0,0.2414914071559906,0.13504724204540253
25, ,0.0,0.02066594921052456,0.11136806756258011,0.26105791330337524
