target_pos,target_token,norm_suff,random_suff,norm_comp,random_comp
13, They,0.0,0.0,0.2070511430501938,0.32425791025161743
15, used,0.0,0.0,0.17230509221553802,0.15927352011203766
17, many,0.0,0.0077382829040288925,0.15325795114040375,0.2810121178627014
19,",",0.0,0.0,0.21952909231185913,0.0972224771976471
21, cosmetics,0.0,0.0,0.22053121030330658,0.30618271231651306
