target_pos,target_token,norm_suff,random_suff,norm_comp,random_comp
21, to,0.0001744328619679436,0.0,0.11942557245492935,0.12088701128959656
23, establishment,0.006722112186253071,0.0022555410396307707,0.17993466556072235,0.16906951367855072
25, the,0.0037888474762439728,0.0,0.06468584388494492,0.10741381347179413
27, of,0.0,0.0,0.013896029442548752,0.011958165094256401
29, in,0.01623658835887909,0.013697000220417976,0.14930763840675354,0.15708386898040771
