norm_suff_mean,random_suff_mean,norm_comp_mean,random_comp_mean,final suff,final comp,target_tokens
0.00538439629599452,0.0031905081123113632,0.10544995218515396,0.1132824644446373,1.6876296997070312,21.03902816772461, to$ establishment$ the$ of$ in
