target_pos,target_token,norm_suff,random_suff,norm_comp,random_comp
16, who,0.0,0.0,0.357256144285202,0.21834801137447357
18, appeared,0.0,0.0,0.11060905456542969,0.07137438654899597
20, over,0.0001369234814774245,0.0,0.09354864060878754,0.09236282855272293
22, films,0.0005532249924726784,0.003652091370895505,0.07280763983726501,0.059144407510757446
24, television,0.0,0.0,0.3514474630355835,0.12934337556362152
