norm_suff_mean,random_suff_mean,norm_comp_mean,random_comp_mean,final suff,final comp,target_tokens
0.0001380296889692545,0.0007304183091036975,0.19713379442691803,0.11411459743976593,0.18897347152233124,826.739501953125, who$ appeared$ over$ films$ television
