target_pos,target_token,norm_suff,random_suff,norm_comp,random_comp
16, ,0.061480358242988586,0.0,0.16650694608688354,0.26870736479759216
18, ,0.04658539965748787,0.022239170968532562,0.20413899421691895,0.1805262714624405
20, ,0.0,0.010650493204593658,0.29359811544418335,0.2558889389038086
22, ,0.013690191321074963,0.0,0.2583755552768707,0.0862630307674408
24, ,0.0,0.0,0.10506614297628403,0.12952087819576263
