norm_suff_mean,random_suff_mean,norm_comp_mean,random_comp_mean,final suff,final comp,target_tokens
0.02435118891298771,0.006577932741492987,0.20553715527057648,0.18418128788471222,3.701951742172241,7.563543796539307, $ $ $ $ 
