target_pos,target_token,norm_suff,random_suff,norm_comp,random_comp
25, of,0.0,0.0,0.14598765969276428,0.7801610231399536
27,ra,0.0026448261924088,0.0005304149817675352,0.395096093416214,0.6242974400520325
29, and,0.0,0.0,0.597669780254364,0.24364884197711945
31, in,0.0,0.005636292044073343,0.13631902635097504,0.12876154482364655
33,48,0.00029261771123856306,0.0,0.057132743299007416,0.06739932298660278
