norm_suff_mean,random_suff_mean,norm_comp_mean,random_comp_mean,final suff,final comp,target_tokens
0.0005874888156540692,0.0012333414051681757,0.26644107699394226,0.3688536584377289,0.4763391613960266,627.8479614257812, of$ra$ and$ in$48
