target_pos,target_token,norm_suff,random_suff,norm_comp,random_comp
12, ,0.0,0.0,0.24015839397907257,0.3878737986087799
14, ,0.0,0.0,0.16363941133022308,0.1945243626832962
16, ,0.008961393497884274,0.025077417492866516,0.24222205579280853,0.3750252425670624
18, ,0.0,0.0094744972884655,0.16073453426361084,0.1650257706642151
20, ,0.0,0.028517434373497963,0.07651577889919281,0.06579437106847763
