norm_suff_mean,random_suff_mean,norm_comp_mean,random_comp_mean,final suff,final comp,target_tokens
0.001792278722859919,0.012613870203495026,0.17665404081344604,0.23764871060848236,0.1420879364013672,132.59584045410156, $ $ $ $ 
