target_pos,target_token,norm_suff,random_suff,norm_comp,random_comp
21, ,0.0,0.0,0.18303486704826355,0.31437429785728455
23, ,0.0,0.00965408980846405,0.31992045044898987,0.08031492680311203
25, ,0.0,0.0,0.34104737639427185,0.08651898056268692
27, ,0.0,0.0,0.14709097146987915,0.10448598861694336
29, ,0.0,0.009498628787696362,0.07989254593849182,0.08768079429864883
