target_pos,target_token,norm_suff,random_suff,norm_comp,random_comp
22, for,0.021312545984983444,0.022206781432032585,0.4430699944496155,0.34737545251846313
24, Los,0.0,0.009564383886754513,0.12046593427658081,0.08059094846248627
26, Dodgers,0.0,0.0,0.08968993276357651,0.07558270543813705
28, Major,0.0,0.0,0.012992968782782555,0.11115698516368866
30, Baseball,0.0006350877811200917,0.0,0.04348479211330414,0.0161733441054821
