norm_suff_mean,random_suff_mean,norm_comp_mean,random_comp_mean,final suff,final comp,target_tokens
0.004389526788145304,0.006354232784360647,0.14194072782993317,0.1261758804321289,0.690803587436676,28.7447566986084, for$ Los$ Dodgers$ Major$ Baseball
