target_pos,target_token,norm_suff,random_suff,norm_comp,random_comp
26, ,0.0,0.0,0.2424219697713852,0.5523721575737
28, ,0.0,0.0,0.24655820429325104,0.09774989634752274
30, ,0.0,0.0,0.18525154888629913,0.07691125571727753
32, ,0.0,0.0,0.17476926743984222,0.06360470503568649
34, ,0.0,0.005586468148976564,0.0997992604970932,0.07100807875394821
