target_pos,target_token,norm_suff,random_suff,norm_comp,random_comp
45, Because,0.018627354875206947,0.006514237727969885,0.007747658062726259,0.007388172205537558
47, was,0.0007693633669987321,0.005047956947237253,0.006582177244126797,0.0031102329958230257
49, out,0.0,0.0,0.0014670996461063623,0.0023376261815428734
51,"
",0.0,0.039650771766901016,0.008849188685417175,0.006149125285446644
53,'m,0.0,0.012093343771994114,0.003453791607171297,0.0027930336073040962
