target_pos,target_token,norm_suff,random_suff,norm_comp,random_comp
45, Because,0.0,0.0,0.004565611016005278,0.005879213567823172
47, was,0.0,0.0,0.0037396124098449945,0.00424311775714159
49, out,0.0,0.0,0.002253283280879259,0.0037161381915211678
51,"
",0.0,0.035546205937862396,0.006333523895591497,0.006571961101144552
53,'m,0.008740454912185669,0.0,0.0029394240118563175,0.0014879661612212658
