norm_suff_mean,random_suff_mean,norm_comp_mean,random_comp_mean,final suff,final comp,target_tokens
0.0017480909591540694,0.007109241094440222,0.003966290969401598,0.004379679448902607,0.24588994681835175,2.5054070949554443," Because$ was$ out$
$'m"
