norm_suff_mean,random_suff_mean,norm_comp_mean,random_comp_mean,final suff,final comp,target_tokens
0.003879343857988715,0.012661262415349483,0.005619983188807964,0.004355637822300196,0.3063947260379791,1.122776985168457," Because$ was$ out$
$'m"
