target_pos,target_token,norm_suff,random_suff,norm_comp,random_comp
50,"
",0.0,0.02998609095811844,0.007358841132372618,0.007947701960802078
52, she,0.0,0.0,0.003855264512822032,0.0023171710781753063
54, you,0.0,0.0,0.0017758440226316452,0.0013328278437256813
56, present,0.0017706295475363731,0.0,0.0030133617110550404,0.0015256708720698953
58,"
",0.0,0.0,0.0018924337346106768,0.0023475433699786663
