target_pos,target_token,norm_suff,random_suff,norm_comp,random_comp
50,"
",0.0,0.0,0.0035046907141804695,0.0034172215964645147
52, she,0.0,0.016255510970950127,0.0022066114470362663,0.002464498858898878
54, you,0.0,0.0,0.0027329083532094955,0.0010476625757291913
56, present,0.003090232377871871,0.0,0.0022188667207956314,0.0025520941708236933
58,"
",0.0,0.0,0.002732458058744669,0.00232706475071609
