norm_suff_mean,random_suff_mean,norm_comp_mean,random_comp_mean,final suff,final comp,target_tokens
0.0006180464988574386,0.003251102287322283,0.0026791070122271776,0.002361708553507924,0.190103679895401,3.8212473392486572,"
$ she$ you$ present$
"
