norm_suff_mean,random_suff_mean,norm_comp_mean,random_comp_mean,final suff,final comp,target_tokens
0.0003541259211488068,0.005997218191623688,0.0035791490226984024,0.0030941832810640335,0.0590483620762825,8.737523078918457,"
$ she$ you$ present$
"
