target_pos,target_token,norm_suff,random_suff,norm_comp,random_comp
76,"
",0.06137629598379135,0.010076652280986309,0.00703570619225502,0.002300748834386468
78,'m,0.0,0.0,0.005666512530297041,0.0014054833445698023
80, to,0.01763431914150715,0.0,0.002809275407344103,0.0019045426743105054
82, that,0.0,0.0030428918544203043,0.0006831297068856657,0.0010767499916255474
84, I,0.01147634256631136,0.003860869212076068,0.0026313515845686197,0.001850797445513308
