target_pos,target_token,norm_suff,random_suff,norm_comp,random_comp
76,"
",0.03981048986315727,0.0,0.015390691347420216,0.005554673727601767
78,'m,0.0,0.0,0.0042240796610713005,0.0018753667827695608
80, to,0.0,0.0,0.002897928236052394,0.002239441266283393
82, that,0.0,0.0013692047214135528,0.001332456013187766,0.0008923113928176463
84, I,0.0,0.0034450378734618425,0.002042506355792284,0.0016370698576793075
