norm_suff_mean,random_suff_mean,norm_comp_mean,random_comp_mean,final suff,final comp,target_tokens
0.018097391352057457,0.0033960826694965363,0.0037651953753083944,0.001707664574496448,5.328901767730713,0.09435971081256866,"
$'m$ to$ that$ I"
