norm_suff_mean,random_suff_mean,norm_comp_mean,random_comp_mean,final suff,final comp,target_tokens
0.007962098345160484,0.0009628484840504825,0.005177532322704792,0.0024397727102041245,8.269315719604492,0.3064233362674713,"
$'m$ to$ that$ I"
