target_pos,target_token,norm_suff,random_suff,norm_comp,random_comp
52,"
",0.04129667580127716,0.0384192056953907,0.0360310822725296,0.01616690494120121
54,M,0.0,0.0,0.02882065810263157,0.012285435572266579
56,ie,0.0,0.0,0.0004103643004782498,0.0003482421743683517
58, drinking,0.0,0.0,0.009616510942578316,0.002427496016025543
60, green,0.0,0.0,0.002948092296719551,0.0014050704194232821
