target_pos,target_token,norm_suff,random_suff,norm_comp,random_comp
52,"
",0.0,0.0,0.017009297385811806,0.006851422134786844
54,M,0.013655674643814564,0.009983054362237453,0.02236417680978775,0.004770125728100538
56,ie,0.0,0.0,0.00045847517321817577,0.00016373391554225236
58, drinking,0.0,0.0,0.006214997265487909,0.008967481553554535
60, green,0.0,0.0,0.003321958240121603,0.0013381029712036252
