norm_suff_mean,random_suff_mean,norm_comp_mean,random_comp_mean,final suff,final comp,target_tokens
0.008259335532784462,0.007683841045945883,0.015565340407192707,0.006526629906147718,1.0748966932296753,0.7902124524116516,"
$M$ie$ drinking$ green"
