norm_suff_mean,random_suff_mean,norm_comp_mean,random_comp_mean,final suff,final comp,target_tokens
0.002731134882196784,0.001996611012145877,0.009873781353235245,0.004418173339217901,1.3678853511810303,1.617706060409546,"
$M$ie$ drinking$ green"
