target_pos,target_token,norm_suff,random_suff,norm_comp,random_comp
48,"
",0.0,0.0,0.009062222205102444,0.006893508601933718
50,Su,0.0,0.011654104106128216,0.008593140169978142,0.005501355975866318
52, lived,0.0,0.000447108963271603,0.013879930600523949,0.00591156305745244
54, the,0.0,0.0,0.00036033280775882304,0.0003784499131143093
56, from,0.0,0.0,0.0017927767476066947,0.0008371465373784304
