target_pos,target_token,norm_suff,random_suff,norm_comp,random_comp
48,"
",0.0,0.0,0.013267763890326023,0.007606704253703356
50,Su,0.0,0.007798245642334223,0.004320959560573101,0.005405359901487827
52, lived,0.0,0.0,0.007900218479335308,0.00654727453365922
54, the,0.0,0.0,0.00043739491957239807,0.0002560648135840893
56, from,0.0,0.0,0.0007228939794003963,0.002322017215192318
