target_pos,target_token,norm_suff,random_suff,norm_comp,random_comp
47,"
",0.0044386060908436775,0.0,0.02003525011241436,0.013100960291922092
49,He,0.027753733098506927,0.02974621020257473,0.025431958958506584,0.019733160734176636
51, afraid,0.011012490838766098,0.004755780566483736,0.013814522884786129,0.006855364423245192
53, his,0.0022136103361845016,0.0,0.013013447634875774,0.007320234086364508
55,.,0.0,0.0,0.011038335971534252,0.008365781046450138
