target_pos,target_token,norm_suff,random_suff,norm_comp,random_comp
47,"
",0.0,0.0,0.015833154320716858,0.004342840053141117
49,He,0.009675453417003155,0.01955263875424862,0.016480522230267525,0.006396070122718811
51, afraid,0.010662057437002659,0.005073949228972197,0.044162485748529434,0.011195651255548
53, his,0.0,0.0,0.012652182020246983,0.005427967756986618
55,.,0.022669091820716858,0.0,0.0076714931055903435,0.00837746448814869
