norm_suff_mean,random_suff_mean,norm_comp_mean,random_comp_mean,final suff,final comp,target_tokens
0.009083688259124756,0.006900398526340723,0.016666702926158905,0.011075099930167198,1.3164005279541016,1.2192294597625732,"
$He$ afraid$ his$."
