norm_suff_mean,random_suff_mean,norm_comp_mean,random_comp_mean,final suff,final comp,target_tokens
0.008601320907473564,0.004925317596644163,0.01935996674001217,0.0071479990147054195,1.74634850025177,0.8310350179672241,"
$He$ afraid$ his$."
