target_pos,target_token,norm_suff,random_suff,norm_comp,random_comp
58, I,0.003926428966224194,0.0,0.006904348731040955,0.004754346329718828
60, to,0.0,0.0,0.002360776998102665,0.001463099499233067
62, a,0.025354718789458275,0.0003721436660271138,0.014754469506442547,0.010386359877884388
64,.,0.0,0.0,0.0051148454658687115,0.007956910878419876
66,"
",0.020686162635684013,0.0,0.01629692316055298,0.006672243122011423
