target_pos,target_token,norm_suff,random_suff,norm_comp,random_comp
58, I,0.0,0.0,0.0042332797311246395,0.004054785706102848
60, to,0.0,0.0,0.005190805997699499,0.001982827205210924
62, a,0.007496620062738657,0.0,0.009496426209807396,0.009008834138512611
64,.,0.0,0.002485487377271056,0.007202938199043274,0.005481553729623556
66,"
",0.0,0.012051199562847614,0.023148655891418457,0.0018729418516159058
