norm_suff_mean,random_suff_mean,norm_comp_mean,random_comp_mean,final suff,final comp,target_tokens
0.001499323989264667,0.002907337388023734,0.009854421019554138,0.004480188712477684,0.5157034993171692,2.9881391525268555," I$ to$ a$.$
"
