norm_suff_mean,random_suff_mean,norm_comp_mean,random_comp_mean,final suff,final comp,target_tokens
0.009993462823331356,7.442873175023124e-05,0.009086272679269314,0.006246591918170452,134.26889038085938,0.6250678300857544," I$ to$ a$.$
"
