target_pos,target_token,norm_suff,random_suff,norm_comp,random_comp
52,"
",0.0,0.0,0.005146932788193226,0.004983322229236364
54,The,0.0,0.0,0.01052296906709671,0.007425327319651842
56, was,0.0,0.0,0.006404675543308258,0.00694171991199255
58, gift,0.0,0.0,0.007923443801701069,0.005675200372934341
60, God,0.0,0.0,0.003366203047335148,0.005216742400079966
