target_pos,target_token,norm_suff,random_suff,norm_comp,random_comp
52,"
",0.0,0.0,0.008910500444471836,0.007329487707465887
54,The,0.01698492094874382,0.020968865603208542,0.005974907428026199,0.0031036240980029106
56, was,0.0,0.006059851497411728,0.0070829070173203945,0.006086227484047413
58, gift,0.0,0.0,0.009353840723633766,0.00802812073379755
60, God,0.0,0.0,0.002378159435465932,0.005032591987401247
