norm_suff_mean,random_suff_mean,norm_comp_mean,random_comp_mean,final suff,final comp,target_tokens
0.003396984189748764,0.005405743606388569,0.006740063428878784,0.0059160105884075165,0.6284027695655823,1.7415478229522705,"
$The$ was$ gift$ God"
