target_pos,target_token,norm_suff,random_suff,norm_comp,random_comp
69, Because,0.0,0.0,0.011621292680501938,0.008443602360785007
71, wanted,0.005048982333391905,0.0025995420292019844,0.004060369450598955,0.004630968905985355
73, make,0.0,0.0,0.004342713393270969,0.0038050785660743713
75, stir,0.006939292419701815,0.0,0.010331218130886555,0.005741690751165152
77,f,0.0,0.0,0.0013695635134354234,0.0012614303268492222
