target_pos,target_token,norm_suff,random_suff,norm_comp,random_comp
69, Because,0.0,0.0,0.004749581683427095,0.00345727545209229
71, wanted,0.0,0.0,0.0030667174141854048,0.0030748287681490183
73, make,0.006438141223043203,0.0,0.005870580207556486,0.0058237891644239426
75, stir,0.000488717807456851,0.0,0.009324346669018269,0.005042678210884333
77,f,0.0,0.0,0.0012431963114067912,0.0010663627181202173
