norm_suff_mean,random_suff_mean,norm_comp_mean,random_comp_mean,final suff,final comp,target_tokens
0.0023976550437510014,0.0005199084407649934,0.006345031317323446,0.004776554647833109,4.611687183380127,1.9921776056289673, Because$ wanted$ make$ stir$f
