target_pos,target_token,norm_suff,random_suff,norm_comp,random_comp
63,"
",0.0,0.0,0.006727743893861771,0.006101003382354975
65,A,0.0025507158134132624,0.0,0.007606601342558861,0.005312356166541576
67, She,0.0,0.0,0.005247471854090691,0.0035101661924272776
69, to,0.0,0.0,0.0011198635911569,0.0012853898806497455
71, out,0.0,0.0,0.0023388098925352097,0.001433364930562675
