target_pos,target_token,norm_suff,random_suff,norm_comp,random_comp
63,"
",0.0,0.0,0.004740091506391764,0.0034680773969739676
65,A,0.006416416727006435,0.003434824990108609,0.009256111457943916,0.00597648648545146
67, She,0.0031503289937973022,0.01937689818441868,0.004095905926078558,0.0024674483574926853
69, to,0.0,0.0,0.0020435729529708624,0.001139030558988452
71, out,0.0,0.0,0.00375981698743999,0.0024775841739028692
