norm_suff_mean,random_suff_mean,norm_comp_mean,random_comp_mean,final suff,final comp,target_tokens
0.0019133491441607475,0.004562344867736101,0.004779099952429533,0.003105725394561887,0.41937845945358276,1.6231880187988281,"
$A$ She$ to$ out"
