target_pos,target_token,norm_suff,random_suff,norm_comp,random_comp
56, Because,0.0,0.0,0.006314895581454039,0.003972972277551889
58, loves,0.0,0.0017671668902039528,0.006536250934004784,0.0018548787338659167
60, kids,0.0,0.0,0.006616964004933834,0.002214490668848157
62,"
",0.0,0.0,0.004942668601870537,0.005321799777448177
64,M,0.009044669568538666,0.0037941073533147573,0.005614585243165493,0.004293781705200672
