target_pos,target_token,norm_suff,random_suff,norm_comp,random_comp
56, Because,0.0,0.0,0.005060713272541761,0.0025426119100302458
58, loves,0.0,0.0,0.009434639476239681,0.0037059676833450794
60, kids,0.0,0.0,0.0014194678515195847,0.0016673284117132425
62,"
",0.006167408544570208,0.0,0.007556645665317774,0.0036206492222845554
64,M,0.0030076566617935896,0.0,0.004906699061393738,0.0030882791616022587
