norm_suff_mean,random_suff_mean,norm_comp_mean,random_comp_mean,final suff,final comp,target_tokens
0.0018089339137077332,0.0011122549185529351,0.006005072500556707,0.003531584981828928,1.6263662576675415,1.9523018598556519," Because$ loves$ kids$
$M"
