target_pos,target_token,norm_suff,random_suff,norm_comp,random_comp
54,"
",0.0,0.0,0.007827479392290115,0.005883472040295601
56,Answer,0.0,0.00011405570694478229,0.012220270000398159,0.002969886874780059
58,"
",0.0,0.02991204522550106,0.006535806693136692,0.009173255413770676
60,Jon,0.0050068264827132225,0.0,0.01176578551530838,0.0057169473730027676
62, to,0.005897432565689087,0.0,0.0017719026654958725,0.0021279766224324703
