target_pos,target_token,norm_suff,random_suff,norm_comp,random_comp
54,"
",0.0,0.0,0.015372155234217644,0.006120345555245876
56,Answer,0.0,0.01280019711703062,0.008129073306918144,0.00888014491647482
58,"
",0.0,0.0,0.005002309568226337,0.014831269159913063
60,Jon,0.0,0.0,0.012912530452013016,0.008721140213310719
62, to,0.0,0.0,0.0016439558239653707,0.0008322675712406635
