norm_suff_mean,random_suff_mean,norm_comp_mean,random_comp_mean,final suff,final comp,target_tokens
0.002180851763114333,0.006005220115184784,0.008024248294532299,0.005174308083951473,0.36315932869911194,2.3726089000701904,"
$Answer$
$Jon$ to"
