target_pos,target_token,norm_suff,random_suff,norm_comp,random_comp
68,"
",0.045514825731515884,0.028440112248063087,0.004372692666947842,0.006358410231769085
70,Mary,0.010561671108007431,0.026219505816698074,0.0035469606518745422,0.01171666756272316
72, a,0.0,0.0,0.009792028926312923,0.00973258726298809
74, good,0.0,0.0,0.007608457468450069,0.003530860412865877
76,ler,6.389398549799807e-06,0.0,0.00012273190077394247,0.0001045721655827947
