target_pos,target_token,norm_suff,random_suff,norm_comp,random_comp
68,"
",0.0,0.043419644236564636,0.006814535707235336,0.00834070798009634
70,Mary,0.008059863932430744,0.031049473211169243,0.009157381020486355,0.004261385183781385
72, a,0.0026979115791618824,0.0,0.004432074725627899,0.00846912432461977
74, good,0.0,0.0,0.0033867910970002413,0.003943933639675379
76,ler,0.0,1.803363011276815e-05,0.00011706295481417328,0.0001261080033145845
