norm_suff_mean,random_suff_mean,norm_comp_mean,random_comp_mean,final suff,final comp,target_tokens
0.011216577142477036,0.010931923985481262,0.005088574718683958,0.0062886192463338375,1.026038646697998,0.5606540441513062,"
$Mary$ a$ good$ler"
