norm_suff_mean,random_suff_mean,norm_comp_mean,random_comp_mean,final suff,final comp,target_tokens
0.002151555148884654,0.014897430315613747,0.004781568888574839,0.005028252024203539,0.14442458748817444,2.337031364440918,"
$Mary$ a$ good$ler"
