target_pos,target_token,norm_suff,random_suff,norm_comp,random_comp
57,"
",0.0,0.0,0.015344895422458649,0.007122809533029795
59,Matt,0.030462615191936493,0.0020947393495589495,0.0077069783583283424,0.005651542916893959
61, Sarah,0.0,8.397678357141558e-06,0.0007520822691731155,0.0007254274096339941
63, pregnant,0.0011424531694501638,0.0,0.004552999511361122,0.003307896666228771
65, They,0.0,0.0,0.00297282706014812,0.0007360815652646124
