target_pos,target_token,norm_suff,random_suff,norm_comp,random_comp
57,"
",0.0,0.0,0.00803674478083849,0.005256295204162598
59,Matt,0.04553943872451782,0.04882388189435005,0.007980634458363056,0.006307204253971577
61, Sarah,0.0,0.0,0.0012450728099793196,0.0007786022615619004
63, pregnant,0.0,0.0,0.007601255085319281,0.009735742583870888
65, They,0.0,0.0,0.00146166339982301,0.0013303819578140974
