norm_suff_mean,random_suff_mean,norm_comp_mean,random_comp_mean,final suff,final comp,target_tokens
0.009107887744903564,0.009764776565134525,0.0052650743164122105,0.004681645426899195,0.9327287673950195,0.5140209794044495,"
$Matt$ Sarah$ pregnant$ They"
