norm_suff_mean,random_suff_mean,norm_comp_mean,random_comp_mean,final suff,final comp,target_tokens
0.006321013905107975,0.00042062741704285145,0.0062659564428031445,0.003508751979097724,15.027584075927734,0.5550932288169861,"
$Matt$ Sarah$ pregnant$ They"
