target_pos,target_token,norm_suff,random_suff,norm_comp,random_comp
55,"
",0.017437560483813286,0.0,0.011095604859292507,0.008538112975656986
57,A,0.00021069198555778712,0.03431256115436554,0.008585871197283268,0.00607346324250102
59, Because,0.0,0.0,0.008321046829223633,0.006666826084256172
61, was,0.003895713249221444,0.0,0.003076485823839903,0.0037331695202738047
63,.,0.01205263938754797,0.0,0.0032032649032771587,0.002974017756059766
