target_pos,target_token,norm_suff,random_suff,norm_comp,random_comp
55,"
",0.0,0.011339092627167702,0.01832304336130619,0.007321144919842482
57,A,0.016415636986494064,0.0,0.0072688269428908825,0.004310562741011381
59, Because,0.0,0.012192786671221256,0.011929947882890701,0.004997555632144213
61, was,0.0,0.0007516004261560738,0.004589871969074011,0.005068639293313026
63,.,0.0,0.0020064448472112417,0.005474932491779327,0.00409326096996665
