norm_suff_mean,random_suff_mean,norm_comp_mean,random_comp_mean,final suff,final comp,target_tokens
0.0032831274438649416,0.0052579850889742374,0.009517325088381767,0.0051582325249910355,0.6244078874588013,1.5711338520050049,"
$A$ Because$ was$."
