norm_suff_mean,random_suff_mean,norm_comp_mean,random_comp_mean,final suff,final comp,target_tokens
0.006719321012496948,0.006862512324005365,0.006856455001980066,0.005597117822617292,0.9791342616081238,0.8329886198043823,"
$A$ Because$ was$."
