target_pos,target_token,norm_suff,random_suff,norm_comp,random_comp
44, Because,0.0,0.0,0.007706461474299431,0.007278434932231903
46, was,0.0011192911770194769,0.0,0.004929462913423777,0.0041830758564174175
48, to,0.0,0.0,0.005394150968641043,0.006862950045615435
50, a,0.01245759055018425,0.0,0.009587829001247883,0.0028630332089960575
52,.,0.0,0.0,0.0031929032411426306,0.0034204956609755754
