target_pos,target_token,norm_suff,random_suff,norm_comp,random_comp
44, Because,0.0,0.0,0.009134096093475819,0.00602100370451808
46, was,0.007151082158088684,0.003707574913278222,0.006444218102842569,0.002982049947604537
48, to,0.004295487888157368,0.0,0.012040260247886181,0.006129520945250988
50, a,0.0,0.0,0.010341713204979897,0.0034551904536783695
52,.,0.0,0.010347460396587849,0.0052618607878685,0.003528615925461054
