norm_suff_mean,random_suff_mean,norm_comp_mean,random_comp_mean,final suff,final comp,target_tokens
0.002289314055815339,0.0028110069688409567,0.008644429966807365,0.004423276521265507,0.8144106864929199,1.932140588760376, Because$ was$ to$ a$.
