target_pos,target_token,norm_suff,random_suff,norm_comp,random_comp
57,"
",0.0,0.0,0.00815535057336092,0.008370551280677319
59,A,0.0007889271364547312,0.0043273800984025,0.006376839708536863,0.002979674842208624
61, He,0.0,0.0,0.006815820932388306,0.006861964240670204
63, to,0.0,0.0,0.002432777313515544,0.002176982583478093
65, with,0.0,0.0,0.0070436070673167706,0.006017624866217375
