target_pos,target_token,norm_suff,random_suff,norm_comp,random_comp
57,"
",0.0,0.04316934943199158,0.009251803159713745,0.003326460951939225
59,A,0.02303985506296158,0.0,0.006793892942368984,0.004662284627556801
61, He,0.0,0.0,0.010205181315541267,0.004479263909161091
63, to,0.0,0.0,0.00147635443136096,0.001150011084973812
65, with,0.0,0.0,0.0035088572185486555,0.00626674247905612
