norm_suff_mean,random_suff_mean,norm_comp_mean,random_comp_mean,final suff,final comp,target_tokens
0.004607971291989088,0.0086338697001338,0.006247218232601881,0.003976952750235796,0.5337086915969849,0.8630593419075012,"
$A$ He$ to$ with"
