norm_suff_mean,random_suff_mean,norm_comp_mean,random_comp_mean,final suff,final comp,target_tokens
0.00015778542729094625,0.0008654760313220322,0.006164879538118839,0.005281359888613224,0.1823105663061142,33.47178649902344,"
$A$ He$ to$ with"
