target_pos,target_token,norm_suff,random_suff,norm_comp,random_comp
51,"
",0.06938501447439194,0.0,0.0065826717764139175,0.004437706898897886
53,A,0.03222182020545006,0.026526430621743202,0.005653875879943371,0.003322073258459568
55, To,0.0,0.0,0.00675953971222043,0.0031348615884780884
57, more,0.0,0.006234407890588045,0.006167912855744362,0.0029999956022948027
59,.,0.0,0.0,0.005074847023934126,0.0031883784104138613
