target_pos,target_token,norm_suff,random_suff,norm_comp,random_comp
51,"
",0.0,0.0056669944897294044,0.012418229132890701,0.006472629960626364
53,A,0.0,0.016035253182053566,0.00860561989247799,0.004079803358763456
55, To,0.0,0.0,0.005178992170840502,0.005157842300832272
57, more,0.0,0.0,0.004544293042272329,0.007682237308472395
59,.,0.004033366218209267,0.0,0.002659538760781288,0.003964920528233051
