norm_suff_mean,random_suff_mean,norm_comp_mean,random_comp_mean,final suff,final comp,target_tokens
0.02032136730849743,0.006552168168127537,0.006047769449651241,0.00341660319827497,3.1014721393585205,0.1681286096572876,"
$A$ To$ more$."
