norm_suff_mean,random_suff_mean,norm_comp_mean,random_comp_mean,final suff,final comp,target_tokens
0.0008066732552833855,0.0043404498137533665,0.006681335158646107,0.00547148659825325,0.18585015833377838,6.782779216766357,"
$A$ To$ more$."
