target_pos,target_token,norm_suff,random_suff,norm_comp,random_comp
64,"
",0.0,0.0,0.008291217498481274,0.013136077672243118
66,Ann,0.0,0.0,0.007470817770808935,0.005170739255845547
68, so,0.0,0.013441270217299461,0.00831702072173357,0.0047009834088385105
70, she,0.0067808921448886395,0.0,0.0033158105798065662,0.0041303373873233795
72, three,0.0,0.0,0.0029424179811030626,0.0026145472656935453
