target_pos,target_token,norm_suff,random_suff,norm_comp,random_comp
64,"
",0.04642327502369881,0.009502554312348366,0.0261712446808815,0.005799814127385616
66,Ann,0.018451068550348282,0.007749851327389479,0.0060464441776275635,0.0034762220457196236
68, so,0.0,0.0,0.007562811020761728,0.005079101305454969
70, she,0.0,0.0,0.003697408828884363,0.0021763553377240896
72, three,0.0,0.0,0.0017108010360971093,0.004699258133769035
