norm_suff_mean,random_suff_mean,norm_comp_mean,random_comp_mean,final suff,final comp,target_tokens
0.012974868528544903,0.0034504812210798264,0.009037742391228676,0.004246150143444538,3.7603068351745605,0.3272596001625061,"
$Ann$ so$ she$ three"
