norm_suff_mean,random_suff_mean,norm_comp_mean,random_comp_mean,final suff,final comp,target_tokens
0.0013561784289777279,0.0026882539968937635,0.006067457143217325,0.005950537044554949,0.5044829845428467,4.38772439956665,"
$Ann$ so$ she$ three"
