target_pos,target_token,norm_suff,random_suff,norm_comp,random_comp
52,"
",0.0,0.0,0.009359139017760754,0.004560405854135752
54,Jul,0.009138788096606731,0.0,0.008411039598286152,0.0033792310860008
56, was,0.0,0.004864415153861046,0.0067495317198336124,0.0022349536884576082
58, the,0.0,0.0,0.001268181949853897,0.0006729086162522435
60, with,0.0,0.0,0.001786614884622395,0.005374806001782417
