target_pos,target_token,norm_suff,random_suff,norm_comp,random_comp
52,"
",0.0,0.0,0.010749905370175838,0.0051573202945292
54,Jul,0.0,0.03402937948703766,0.008332996629178524,0.004342880565673113
56, was,0.0,0.0,0.0035620899870991707,0.004442389588803053
58, the,0.0,0.012291713617742062,0.0011841758387163281,0.0009973137639462948
60, with,0.0,0.0,0.001957730622962117,0.0012239727657288313
