norm_suff_mean,random_suff_mean,norm_comp_mean,random_comp_mean,final suff,final comp,target_tokens
0.0018277576891705394,0.000972883019130677,0.005514901597052813,0.0032444612588733435,1.8787024021148682,1.7751046419143677,"
$Jul$ was$ the$ with"
