target_pos,target_token,norm_suff,random_suff,norm_comp,random_comp
57, I,0.0021043699234724045,0.00843437947332859,0.0037860290613025427,0.003221424762159586
59, a,0.0,0.0,0.008227912709116936,0.007314641028642654
61,.,0.022334039211273193,0.013307658955454826,0.0041178748942911625,0.0047600241377949715
63, didn,0.0,0.0,0.005004993174225092,0.003431590273976326
65, know,0.0,0.0013118099886924028,0.002417204435914755,0.002198057482019067
