target_pos,target_token,norm_suff,random_suff,norm_comp,random_comp
57, I,0.005231579765677452,0.016637180000543594,0.0026789100375026464,0.003688469063490629
59, a,0.0,0.0,0.009991413913667202,0.007721693720668554
61,.,0.0,0.007825427688658237,0.0047387415543198586,0.005180466454476118
63, didn,0.0,0.0,0.005199852865189314,0.0024440987035632133
65, know,0.0,0.001797281438484788,0.002919223625212908,0.0028460111934691668
