norm_suff_mean,random_suff_mean,norm_comp_mean,random_comp_mean,final suff,final comp,target_tokens
0.0010463159997016191,0.00525197759270668,0.005105628166347742,0.004376147873699665,0.19922323524951935,4.18243408203125, I$ a$.$ didn$ know
