norm_suff_mean,random_suff_mean,norm_comp_mean,random_comp_mean,final suff,final comp,target_tokens
0.004887681920081377,0.00461076945066452,0.004710802808403969,0.00418514758348465,1.0600577592849731,0.8562642931938171, I$ a$.$ didn$ know
