target_pos,target_token,norm_suff,random_suff,norm_comp,random_comp
49,"
",0.0,0.0014989349292591214,0.015504894778132439,0.0047712684608995914
51,Chris,0.0,0.0,0.008565608412027359,0.0023726634681224823
53, struggling,0.0027729158755391836,0.00465278048068285,0.00932309776544571,0.006236615125089884
55, English,0.0,0.0,0.0037133009172976017,0.002286293311044574
57,.,0.0,0.01888149231672287,0.0009937166469171643,0.0011960676638409495
