target_pos,target_token,norm_suff,random_suff,norm_comp,random_comp
49,"
",0.0,0.0,0.00456690788269043,0.009970543906092644
51,Chris,0.0,0.0,0.006293084006756544,0.0062317755073308945
53, struggling,0.0,0.0,0.017428552731871605,0.004110746551305056
55, English,0.0,0.00023716758005321026,0.0034067295491695404,0.0006874732789583504
57,.,0.0,0.004728947300463915,0.0023718569427728653,0.0006011639488860965
