norm_suff_mean,random_suff_mean,norm_comp_mean,random_comp_mean,final suff,final comp,target_tokens
0.0005545832100324333,0.005006642080843449,0.00762012368068099,0.0033725814428180456,0.11076949536800385,6.081290245056152,"
$Chris$ struggling$ English$."
