target_pos,target_token,norm_suff,random_suff,norm_comp,random_comp
60,"
",0.0,0.0,0.010618294589221478,0.004341519437730312
62,Tim,0.003994702361524105,0.005432784557342529,0.00571346515789628,0.00337319727987051
64, to,0.0,0.0,0.0014256631257012486,0.002059096237644553
66, ge,0.0,0.0,0.004024708177894354,0.004370842594653368
68,.,0.0,0.0,0.02126316726207733,0.012038943357765675
