target_pos,target_token,norm_suff,random_suff,norm_comp,random_comp
60,"
",0.0,0.0,0.010225524194538593,0.0072457632049918175
62,Tim,0.005328406114131212,0.0,0.004322216846048832,0.004184913821518421
64, to,0.0,0.0,0.0011330825509503484,0.0011798356426879764
66, ge,0.0006521297036670148,0.0,0.00305418623611331,0.007260024081915617
68,.,0.0,0.0,0.016502639278769493,0.011685898527503014
