norm_suff_mean,random_suff_mean,norm_comp_mean,random_comp_mean,final suff,final comp,target_tokens
0.0007989404839463532,0.0010865569347515702,0.008609060198068619,0.005236720200628042,0.7352955341339111,6.554581165313721,"
$Tim$ to$ ge$."
