target_pos,target_token,norm_suff,random_suff,norm_comp,random_comp
54,"
",0.0,0.0,0.013413533568382263,0.010849708691239357
56,Tim,0.0010206293081864715,0.024326208978891373,0.01206669770181179,0.004515899810940027
58, Stan,0.0,0.0,0.0022830136585980654,0.0013012400595471263
60, in,0.0,0.0,0.0007899206248112023,0.0015940889716148376
62, ice,0.0,0.0,0.00033802317921072245,0.00037885693018324673
