target_pos,target_token,norm_suff,random_suff,norm_comp,random_comp
54,"
",0.0,0.0,0.006473970599472523,0.004433035850524902
56,Tim,0.023739589378237724,0.0,0.012849350459873676,0.006880870088934898
58, Stan,0.0028426870703697205,0.0,0.002319269347935915,0.0006894580437801778
60, in,0.0,0.0037674179766327143,0.0014870795421302319,0.0004971582093276083
62, ice,0.0,0.0,0.0002626132918521762,0.00024781038518995047
