norm_suff_mean,random_suff_mean,norm_comp_mean,random_comp_mean,final suff,final comp,target_tokens
0.005316455382853746,0.0007534836186096072,0.004678456578403711,0.002549666678532958,7.0558342933654785,0.47958019375801086,"
$Tim$ Stan$ in$ ice"
