norm_suff_mean,random_suff_mean,norm_comp_mean,random_comp_mean,final suff,final comp,target_tokens
0.00020412587036844343,0.004865241702646017,0.005778237711638212,0.0037279592361301184,0.04195595532655716,18.26304054260254,"
$Tim$ Stan$ in$ ice"
