target_pos,target_token,norm_suff,random_suff,norm_comp,random_comp
65,"
",0.0,0.11255566030740738,0.012451626360416412,0.008803293108940125
67, were,0.0004765606136061251,0.00863717682659626,0.00982693675905466,0.0038025802932679653
69, of,0.007043591700494289,0.0,0.003377268323674798,0.0038338080048561096
71, barbar,0.0,0.0009470318327657878,0.011291596107184887,0.006782298907637596
73,.,0.0,0.0,0.0061113424599170685,0.011202325113117695
