target_pos,target_token,norm_suff,random_suff,norm_comp,random_comp
65,"
",0.029600610956549644,0.0,0.022774962708353996,0.024891352280974388
67, were,0.005379388574510813,0.0008183976169675589,0.008684179745614529,0.002436514478176832
69, of,0.0,0.014759942889213562,0.004097265657037497,0.0023651609662920237
71, barbar,0.00046162508078850806,0.0,0.00767445657402277,0.006024631205946207
73,.,0.0,0.0,0.011301073245704174,0.00741603085771203
