norm_suff_mean,random_suff_mean,norm_comp_mean,random_comp_mean,final suff,final comp,target_tokens
0.0015040304278954864,0.024427972733974457,0.008611753582954407,0.006884861271828413,0.06157000735402107,4.57760763168335,"
$ were$ of$ barbar$."
