norm_suff_mean,random_suff_mean,norm_comp_mean,random_comp_mean,final suff,final comp,target_tokens
0.007088325452059507,0.0031156681943684816,0.01090638805180788,0.00862673856317997,2.275057792663574,1.2170348167419434,"
$ were$ of$ barbar$."
