target_pos,target_token,norm_suff,random_suff,norm_comp,random_comp
34, southeast,0.0,0.011667462065815926,0.3526526093482971,0.1677865982055664
36, Philadelphia,0.0,0.0,0.1297801285982132,0.15724115073680878
38, It,0.03196229413151741,0.0,0.21982988715171814,0.08767030388116837
40, a,0.00939080398529768,0.0,0.07597912847995758,0.07543674856424332
42,ribut,8.230245839513373e-06,0.0,0.0013441871851682663,0.001044767559505999
