norm_suff_mean,random_suff_mean,norm_comp_mean,random_comp_mean,final suff,final comp,target_tokens
0.008272266015410423,0.0023334925062954426,0.1559171974658966,0.09783591330051422,3.5450150966644287,11.82697868347168, southeast$ Philadelphia$ It$ a$ribut
