target_pos,target_token,norm_suff,random_suff,norm_comp,random_comp
18, in,0.04854776710271835,0.0,0.26157304644584656,0.16258317232131958
20,67,2.5517470930935815e-05,0.0005423369584605098,0.05881669372320175,0.05790003761649132
22,"
",0.0,0.0,0.1645222008228302,0.19956710934638977
24, know,0.0,0.002788232872262597,0.2338748574256897,0.03292987495660782
26, I,0.04994738847017288,0.016300974413752556,0.16886882483959198,0.061107784509658813
