norm_suff_mean,random_suff_mean,norm_comp_mean,random_comp_mean,final suff,final comp,target_tokens
0.01970413513481617,0.003926308825612068,0.17753112316131592,0.1028175950050354,5.01848840713501,5.218071937561035," in$67$
$ know$ I"
