target_pos,target_token,norm_suff,random_suff,norm_comp,random_comp
19,"
",0.00304062245413661,0.0,0.7566300630569458,0.42613762617111206
21,'m,0.0,0.0,0.2158573716878891,0.19045956432819366
23, sure,0.0,0.0,0.10770788043737411,0.09206786006689072
25, this,0.0,0.011246073059737682,0.23390667140483856,0.2532305121421814
27, a,0.0,0.0,0.19357964396476746,0.1670236438512802
