norm_suff_mean,random_suff_mean,norm_comp_mean,random_comp_mean,final suff,final comp,target_tokens
0.0006081244791857898,0.0022492145653814077,0.30153632164001465,0.22578385472297668,0.2703719139099121,371.2790222167969,"
$'m$ sure$ this$ a"
