target_pos,target_token,norm_suff,random_suff,norm_comp,random_comp
16, ,0.012137768790125847,0.0,0.32320594787597656,0.20725874602794647
18, ,0.0,0.08267522603273392,0.3300624489784241,0.21015135943889618
20, ,0.0,0.0,0.26775798201560974,0.21044297516345978
22, ,0.04557250067591667,0.0,0.13553689420223236,0.11440186202526093
24, ,0.06344800442457199,0.0,0.1774791181087494,0.14227628707885742
