norm_suff_mean,random_suff_mean,norm_comp_mean,random_comp_mean,final suff,final comp,target_tokens
0.02423165552318096,0.016535045579075813,0.2468084841966629,0.1769062578678131,1.4654725790023804,7.300626277923584, $ $ $ $ 
