target_pos,target_token,norm_suff,random_suff,norm_comp,random_comp
25, ,0.0,0.0,0.38409361243247986,0.10086657106876373
27, ,0.023861924186348915,0.00683228624984622,0.15110242366790771,0.11782100051641464
29, ,0.011263620108366013,0.0,0.31281742453575134,0.06622178852558136
31, ,0.0,0.0,0.1490788459777832,0.04401582479476929
33, ,0.0,0.0,0.07708479464054108,0.09762335568666458
