norm_suff_mean,random_suff_mean,norm_comp_mean,random_comp_mean,final suff,final comp,target_tokens
0.007025109138339758,0.001366457319818437,0.21483543515205383,0.0853097066283226,5.141111373901367,12.143542289733887, $ $ $ $ 
