target_pos,target_token,norm_suff,random_suff,norm_comp,random_comp
21, ,0.0,0.0,0.3368411958217621,0.11726213246583939
23, ,0.0,0.0,0.43275704979896545,0.09114944934844971
25, ,0.0,0.0,0.2052021622657776,0.1454785168170929
27, ,0.10696868598461151,0.0,0.15451349318027496,0.07703141868114471
29, ,0.0,0.0486685186624527,0.14279019832611084,0.0899355560541153
