norm_suff_mean,random_suff_mean,norm_comp_mean,random_comp_mean,final suff,final comp,target_tokens
0.021393736824393272,0.009733703918755054,0.25442081689834595,0.10417141765356064,2.1979029178619385,4.869248390197754, $ $ $ $ 
