target_pos,target_token,norm_suff,random_suff,norm_comp,random_comp
22, (,0.0,0.0,0.052890844643116,0.2133633941411972
24,",",0.0,0.0,0.007188647519797087,0.0051730237901210785
26, kilometers,0.0,0.0,0.059960246086120605,0.01692391000688076
28, east,0.0,0.0,0.08609364181756973,0.08702930808067322
30, Hawaii,0.0,0.0,0.293174147605896,0.18594560027122498
