target_pos,target_token,norm_suff,random_suff,norm_comp,random_comp
26, by,0.0,0.0,0.19420836865901947,0.2284059226512909
28,-,0.0,0.0,0.08156683295965195,0.07479490339756012
30, Vall,0.0,0.0,0.1307487040758133,0.10154636949300766
32, and,0.07915735244750977,0.0,0.07061304152011871,0.2492566853761673
34, S,0.0,0.0,0.08307863771915436,0.16081228852272034
