target_pos,target_token,norm_suff,random_suff,norm_comp,random_comp
22, to,0.028178131207823753,0.0,0.2677229642868042,0.11025272309780121
24, best,0.0026606887113302946,0.0,0.17567908763885498,0.06631400436162949
26, actor,0.00878326315432787,0.0,0.14861786365509033,0.09927045553922653
28, a,0.0,0.0,0.05920413136482239,0.08293657004833221
30, series,0.0069367848336696625,0.0,0.04349962994456291,0.09000913798809052
