target_pos,target_token,norm_suff,random_suff,norm_comp,random_comp
28, The,0.0007488314877264202,0.0,0.20323781669139862,0.10841137170791626
30, Empire,0.0001527374261058867,0.0067461892031133175,0.14640070497989655,0.11466097831726074
32, a,0.0,0.0,0.09867245703935623,0.07608361542224884
34, power,0.002857544459402561,0.019802743569016457,0.06713002920150757,0.058164484798908234
36, the,0.0,0.006254876963794231,0.06108831241726875,0.06384459882974625
