norm_suff_mean,random_suff_mean,norm_comp_mean,random_comp_mean,final suff,final comp,target_tokens
0.0007518226630054414,0.006560762412846088,0.11530586332082748,0.08423300832509995,0.11459379643201828,112.03839874267578, The$ Empire$ a$ power$ the
