target_pos,target_token,norm_suff,random_suff,norm_comp,random_comp
17, ,0.0,0.0,0.6023560762405396,0.2649354934692383
19, ,0.0,0.0,0.21228474378585815,0.0887555256485939
21, ,0.020506689324975014,0.0,0.21731457114219666,0.14538152515888214
23, ,0.0,0.0,0.21055720746517181,0.13504724204540253
25, ,0.00790307205170393,0.02066594921052456,0.15271326899528503,0.26105791330337524
