norm_suff_mean,random_suff_mean,norm_comp_mean,random_comp_mean,final suff,final comp,target_tokens
0.005681951995939016,0.004133190028369427,0.2790451943874359,0.17903554439544678,1.37471342086792,31.50951385498047, $ $ $ $ 
