target_pos,target_token,norm_suff,random_suff,norm_comp,random_comp
13, They,0.0046417065896093845,0.0,0.423683762550354,0.32425791025161743
15, used,0.0,0.0,0.23263388872146606,0.15927352011203766
17, many,0.0,0.0077382829040288925,0.12994027137756348,0.2810121178627014
19,",",0.0,0.0,0.11009510606527328,0.0972224771976471
21, cosmetics,0.0,0.0,0.21020235121250153,0.30618271231651306
