norm_suff_mean,random_suff_mean,norm_comp_mean,random_comp_mean,final suff,final comp,target_tokens
0.0009283413528464735,0.0015476566040888429,0.2213110774755478,0.2335897535085678,0.5998367667198181,251.62054443359375," They$ used$ many$,$ cosmetics"
