target_pos,target_token,norm_suff,random_suff,norm_comp,random_comp
21, to,0.0,0.0,0.47237277030944824,0.12088701128959656
23, establishment,0.0,0.0022555410396307707,0.15580593049526215,0.16906951367855072
25, the,0.0,0.0,0.13012433052062988,0.10741381347179413
27, of,0.0,0.0,0.03146465867757797,0.011958165094256401
29, in,9.620546916266903e-05,0.013697000220417976,0.11118513345718384,0.15708386898040771
