norm_suff_mean,random_suff_mean,norm_comp_mean,random_comp_mean,final suff,final comp,target_tokens
1.9241093468735926e-05,0.0031905081123113632,0.1801905632019043,0.1132824644446373,0.0060307299718260765,5887.52734375, to$ establishment$ the$ of$ in
