target_pos,target_token,norm_suff,random_suff,norm_comp,random_comp
16, who,0.0,0.0,0.5381582975387573,0.21834801137447357
18, appeared,0.0,0.0,0.11252367496490479,0.07137438654899597
20, over,0.0,0.0,0.04773944988846779,0.09236282855272293
22, films,0.0,0.003652091370895505,0.04876365140080452,0.059144407510757446
24, television,0.013016602024435997,0.0,0.2821989059448242,0.12934337556362152
