norm_suff_mean,random_suff_mean,norm_comp_mean,random_comp_mean,final suff,final comp,target_tokens
0.0026033204048871994,0.0007304183091036975,0.20587681233882904,0.11411459743976593,3.564150094985962,43.834251403808594, who$ appeared$ over$ films$ television
