target_pos,target_token,norm_suff,random_suff,norm_comp,random_comp
16, ,0.037712570279836655,0.0,0.631386935710907,0.26870736479759216
18, ,0.020189201459288597,0.022239170968532562,0.49730610847473145,0.1805262714624405
20, ,0.0,0.010650493204593658,0.30175408720970154,0.2558889389038086
22, ,0.0,0.0,0.1388186514377594,0.0862630307674408
24, ,0.022264530882239342,0.0,0.22445830702781677,0.12952087819576263
