norm_suff_mean,random_suff_mean,norm_comp_mean,random_comp_mean,final suff,final comp,target_tokens
0.01603326015174389,0.006577932741492987,0.3587448298931122,0.18418128788471222,2.4374313354492188,11.48745059967041, $ $ $ $ 
