target_pos,target_token,norm_suff,random_suff,norm_comp,random_comp
25, of,0.0,0.0,0.2834077477455139,0.7801610231399536
27,ra,0.0009195696911774576,0.0005304149817675352,0.09989006072282791,0.6242974400520325
29, and,0.0,0.0,0.2346566617488861,0.24364884197711945
31, in,0.04723494499921799,0.005636292044073343,0.1059577688574791,0.12876154482364655
33,48,0.0,0.0,0.05710751190781593,0.06739932298660278
