norm_suff_mean,random_suff_mean,norm_comp_mean,random_comp_mean,final suff,final comp,target_tokens
0.009630902670323849,0.0012333414051681757,0.156203955411911,0.3688536584377289,7.808788776397705,38.29896926879883, of$ra$ and$ in$48
