target_pos,target_token,norm_suff,random_suff,norm_comp,random_comp
12, ,0.0,0.0,0.2959291636943817,0.3878737986087799
14, ,0.028323065489530563,0.0,0.47265079617500305,0.1945243626832962
16, ,0.04543003439903259,0.025077417492866516,0.2730519771575928,0.3750252425670624
18, ,0.0032306527718901634,0.0094744972884655,0.12282174825668335,0.1650257706642151
20, ,0.0,0.028517434373497963,0.1759912222623825,0.06579437106847763
