norm_suff_mean,random_suff_mean,norm_comp_mean,random_comp_mean,final suff,final comp,target_tokens
0.015396750532090664,0.012613870203495026,0.2680889666080475,0.23764871060848236,1.2206206321716309,15.434990882873535, $ $ $ $ 
