target_pos,target_token,norm_suff,random_suff,norm_comp,random_comp
21, ,0.0,0.0,0.48992305994033813,0.31437429785728455
23, ,0.04029317945241928,0.00965408980846405,0.3772498667240143,0.08031492680311203
25, ,0.006575210019946098,0.0,0.4567076861858368,0.08651898056268692
27, ,0.06140872463583946,0.0,0.23814696073532104,0.10448598861694336
29, ,0.0027538768481463194,0.009498628787696362,0.23193837702274323,0.08768079429864883
