norm_suff_mean,random_suff_mean,norm_comp_mean,random_comp_mean,final suff,final comp,target_tokens
0.022206198424100876,0.003830543952062726,0.3587931990623474,0.1346750110387802,5.797139644622803,6.064748764038086, $ $ $ $ 
