target_pos,target_token,norm_suff,random_suff,norm_comp,random_comp
22, for,0.03188372775912285,0.022206781432032585,0.3323591351509094,0.34737545251846313
24, Los,0.004375993274152279,0.009564383886754513,0.11821985244750977,0.08059094846248627
26, Dodgers,0.0,0.0,0.10240031778812408,0.07558270543813705
28, Major,0.0,0.0,0.01984824426472187,0.11115698516368866
30, Baseball,0.00028346673934720457,0.0,0.0241027120500803,0.0161733441054821
