norm_suff_mean,random_suff_mean,norm_comp_mean,random_comp_mean,final suff,final comp,target_tokens
0.00730863818898797,0.006354232784360647,0.11938605457544327,0.1261758804321289,1.1501998901367188,17.263938903808594, for$ Los$ Dodgers$ Major$ Baseball
