target_pos,target_token,norm_suff,random_suff,norm_comp,random_comp
26, ,0.015142183750867844,0.0,0.5964000821113586,0.5523721575737
28, ,0.0,0.0,0.2143266797065735,0.09774989634752274
30, ,0.013471942394971848,0.0,0.2802557349205017,0.07691125571727753
32, ,0.033239830285310745,0.0,0.13544271886348724,0.06360470503568649
34, ,0.0,0.005586468148976564,0.0979447141289711,0.07100807875394821
