norm_suff_mean,random_suff_mean,norm_comp_mean,random_comp_mean,final suff,final comp,target_tokens
0.012370791286230087,0.0011172936065122485,0.2648739814758301,0.17232921719551086,11.072104454040527,13.930331230163574, $ $ $ $ 
