suff,comp,random_suff,random_comp
0.6676333134320348,0.9958158819274209,0.04528244038697121,0.7746677822436284
