suff,comp,random_suff,random_comp
0.012273079225343604,0.0004327251531454437,0.009062109507424993,0.0006138482565818544
