suff,comp,random_suff,random_comp
0.37921569216398565,0.9737924791202927,0.022545239278358397,0.5896584034247772
