suff,comp,random_suff,random_comp
0.004111984985877396,0.01851896503653063,0.004283410429148635,0.01819715102215659
