suff,comp,random_suff,random_comp
0.37921569216398565,0.9737924791202927,0.021677701352883504,0.5455461216341476
