suff,comp,random_suff,random_comp
0.6023976241191574,0.9877852621092229,0.02805655772142962,0.6755671892245205
