suff,comp,random_suff,random_comp
0.7132625113325448,0.9932760833132585,0.14209439082096428,0.9006085032151081
