suff,comp,random_suff,random_comp
0.6023976241191574,0.9877852621092229,0.03266535291013619,0.6469335719983933
