suff,comp,random_suff,random_comp
0.015176681942031143,0.4728892202731061,0.008636239750771253,0.22682360963875767
