suff,comp,random_suff,random_comp
0.006635539222284334,0.019390748518799253,0.003103804825258755,0.01638691289429795
