suff,comp,random_suff,random_comp
0.25793346933747846,0.9498256649125404,0.014808996062111453,0.46790153830698583
