suff,comp,random_suff,random_comp
0.015176681942031143,0.4728892202731061,0.0057115897753923,0.20845510859343647
