suff,comp,random_suff,random_comp
0.10257782257179895,0.9117164869078334,0.012287898382917788,0.32487100110055195
