suff,comp,random_suff,random_comp
0.10257782257179895,0.9117164869078334,0.00988079030988614,0.33026944885502313
