{
    "$schema": "../docs/rationalization.schema.json",
    "id": 20,
    "input-text": [
        "</s>",
        "I",
        " knew",
        " it",
        " was",
        " good",
        ",",
        " but",
        " that",
        "'s",
        " before",
        " I",
        " saw",
        " it",
        " in",
        " person",
        ".",
        " (",
        "Just",
        " then",
        " I",
        " thought",
        " about",
        " my",
        " ex",
        "-",
        "wife",
        ",",
        " but",
        " I",
        " had",
        " to",
        " stop",
        " thinking",
        " about",
        " her",
        ").",
        " When",
        " I",
        " did",
        " end",
        " up",
        " seeing",
        " it",
        " in",
        " person",
        ",",
        " it",
        " was",
        " even"
    ],
    "input-tokens": [
        2,
        100,
        1467,
        24,
        21,
        205,
        6,
        53,
        14,
        18,
        137,
        38,
        794,
        24,
        11,
        621,
        4,
        36,
        6785,
        172,
        38,
        802,
        59,
        127,
        1931,
        12,
        12295,
        6,
        53,
        38,
        56,
        7,
        912,
        2053,
        59,
        69,
        322,
        520,
        38,
        222,
        253,
        62,
        1782,
        24,
        11,
        621,
        6,
        24,
        21,
        190
    ],
    "target-text": " better",
    "target-token": 357,
    "rational-size": 9,
    "rational-positions": [
        0,
        2,
        5,
        29,
        40,
        45,
        47,
        48,
        49
    ],
    "rational-text": [
        "</s>",
        " knew",
        " good",
        " I",
        " end",
        " person",
        " it",
        " was",
        " even"
    ],
    "rational-tokens": [
        2,
        1467,
        205,
        38,
        253,
        621,
        24,
        21,
        190
    ],
    "importance-scores": [
        0.10009684413671494,
        2.9516871585810733e-11,
        7.78831221737164e-10,
        3.931036052229331e-12,
        4.231897605677659e-07,
        0.1001429334282875,
        5.474623776535736e-07,
        8.35184699177205e-11,
        3.5986960256195744e-07,
        8.115092668958823e-07,
        2.7552385262197276e-08,
        0.00019987160339951515,
        6.759718340632048e-10,
        2.883022887090192e-07,
        1.2495889905039803e-06,
        5.510209462045168e-07,
        1.3490732714434815e-14,
        5.817313297740156e-10,
        8.162541823009128e-12,
        4.645345740017515e-12,
        2.3226987824406797e-13,
        1.2178114072725066e-09,
        0.00015981923206709325,
        1.600532450714634e-13,
        8.071380230845193e-10,
        9.364157366187342e-11,
        0.09999489784240723,
        3.8062365759206074e-11,
        0.0001225338492076844,
        1.0701876362873008e-06,
        4.701923746186498e-12,
        4.453545171534401e-12,
        0.0011430265149101615,
        1.1204939482922782e-06,
        6.3605613831452246e-12,
        6.267515395563805e-10,
        0.09999896585941315,
        5.9443106437129245e-08,
        1.072218128683744e-05,
        3.719785330452696e-12,
        8.328503099619411e-06,
        1.2806451218764798e-14,
        7.465766720116118e-12,
        6.262461382799955e-11,
        5.487829080053075e-10,
        2.8457587848695898e-12,
        3.2375740488532756e-07,
        0.09876881539821625,
        0.09999248385429382,
        0.39935392141342163
    ],
    "comments": {
        "created-by": "run_analogies.py",
        "args": {
            "model": "facebook/opt-1.3b",
            "cache_dir": "cache/",
            "tokenizer": "facebook/opt-1.3b",
            "data_dir": "data/analogies/OPT1B",
            "importance_results_dir": "rationalization_results/analogies/OPT1B_ours/top3_replace0.3_max3000_batch10",
            "device": "cuda",
            "rationalization_config": "config//top3_replace0.3_max3000_batch10.json",
            "input_num_ratio": 1.0,
            "logfolder": "logs/analogies/OPT1B_ours/top3_replace0.3_max3000_batch10",
            "loglevel": 20
        },
        "time_elapsed": 132.83903551101685,
        "separate_rational": [
            [
                " even",
                " stop",
                " knew",
                "</s>",
                " it"
            ],
            [
                "wife",
                " good",
                " it",
                " thinking",
                " even"
            ],
            [
                " was",
                " end",
                " good",
                " even",
                " that"
            ],
            [
                " even",
                " was",
                " When",
                " person",
                " end"
            ],
            [
                " even",
                " knew",
                " I",
                " saw",
                " seeing"
            ],
            [
                ").",
                " I",
                " good",
                " had",
                " even"
            ],
            [
                " even",
                " her",
                " it",
                " I",
                " before"
            ],
            [
                " it",
                " even",
                " good",
                " I",
                " about"
            ],
            [
                " good",
                " it",
                " even",
                " I",
                " it"
            ],
            [
                "</s>",
                " even",
                " good",
                " person",
                "Just"
            ]
        ]
    }
}