{
    "$schema": "../docs/rationalization.schema.json",
    "id": 24,
    "input-text": [
        "</s>",
        "Every",
        " other",
        " day",
        ",",
        " it",
        " started",
        " moving",
        " in",
        " the",
        " morning",
        ".",
        " (",
        "I",
        " tried",
        " to",
        " remember",
        " the",
        " name",
        " of",
        " the",
        " woman",
        " at",
        " the",
        " bar",
        ").",
        " But",
        " today",
        ",",
        " it",
        " did",
        " not"
    ],
    "input-tokens": [
        2,
        7682,
        97,
        183,
        6,
        24,
        554,
        1375,
        11,
        5,
        662,
        4,
        36,
        100,
        1381,
        7,
        2145,
        5,
        766,
        9,
        5,
        693,
        23,
        5,
        2003,
        322,
        125,
        452,
        6,
        24,
        222,
        45
    ],
    "target-text": " move",
    "target-token": 517,
    "rational-size": 12,
    "rational-positions": [
        1,
        5,
        6,
        7,
        10,
        17,
        20,
        25,
        27,
        29,
        30,
        31
    ],
    "rational-text": [
        "Every",
        " it",
        " started",
        " moving",
        " morning",
        " the",
        " the",
        ").",
        " today",
        " it",
        " did",
        " not"
    ],
    "rational-tokens": [
        7682,
        24,
        554,
        1375,
        662,
        5,
        5,
        322,
        452,
        24,
        222,
        45
    ],
    "importance-scores": [
        1.1506803528806604e-22,
        1.639488173585217e-15,
        2.6902230274572503e-06,
        2.3389842061102444e-20,
        1.8022109272047163e-32,
        1.091965168598108e-05,
        0.19883416593074799,
        0.3999994993209839,
        1.9114274236748524e-13,
        1.338264660383996e-22,
        1.4275441905476102e-24,
        1.2100099782415124e-20,
        1.8398932297714055e-05,
        1.0021997240983183e-06,
        8.2624960877344715e-25,
        1.5066434436652337e-16,
        1.5054883603860585e-18,
        1.9893099877410865e-23,
        0.19670358300209045,
        4.5415321819233746e-35,
        7.222636377868241e-11,
        5.5093178283338595e-12,
        1.2597792059545656e-32,
        7.010079645692757e-40,
        1.5054259926404629e-30,
        1.9079382679586349e-28,
        5.5451177550977995e-28,
        0.0011658298317342997,
        1.4011101224965145e-29,
        7.265398847052396e-15,
        0.0005432374309748411,
        0.20272067189216614
    ],
    "comments": {
        "created-by": "run_analogies.py",
        "args": {
            "model": "facebook/opt-1.3b",
            "cache_dir": "cache/",
            "tokenizer": "facebook/opt-1.3b",
            "data_dir": "data/analogies/OPT1B",
            "importance_results_dir": "rationalization_results/analogies/OPT1B_ours/top3_replace0.3_max3000_batch10",
            "device": "cuda",
            "rationalization_config": "config//top3_replace0.3_max3000_batch10.json",
            "input_num_ratio": 1.0,
            "logfolder": "logs/analogies/OPT1B_ours/top3_replace0.3_max3000_batch10",
            "loglevel": 20
        },
        "time_elapsed": 430.6859128475189,
        "separate_rational": [
            [
                " moving",
                " not",
                " it",
                " started",
                " did"
            ],
            [
                " it",
                " in",
                " the",
                ").",
                " did"
            ],
            [
                " name",
                " not",
                " did",
                " (",
                " it"
            ],
            [
                " did",
                " not",
                " started",
                " morning",
                " it"
            ],
            [
                " started",
                " today",
                " did",
                " moving",
                "Every"
            ],
            [
                " not",
                " it",
                " moving",
                ").",
                " did"
            ],
            [
                " moving",
                " today",
                " But",
                " not",
                ")."
            ],
            [
                " moving",
                " the",
                "Every",
                " did",
                " started"
            ],
            [
                " the",
                ".",
                " started",
                ").",
                " today"
            ],
            [
                " did",
                "</s>",
                " the",
                " morning",
                " it"
            ]
        ]
    }
}