{
    "$schema": "../docs/rationalization.schema.json",
    "id": 28,
    "input-text": [
        "</s>",
        "I",
        " had",
        " never",
        " been",
        " friends",
        " with",
        " any",
        " French",
        " people",
        " before",
        ".",
        " (",
        "The",
        " funn",
        "iest",
        " thing",
        " happened",
        " to",
        " me",
        " the",
        " other",
        " day",
        ",",
        " but",
        " that",
        "'s",
        " a",
        " story",
        " for",
        " another",
        " time",
        ").",
        " In",
        " fact",
        ",",
        " I",
        " had",
        " never",
        " even",
        " been",
        " to"
    ],
    "input-tokens": [
        2,
        100,
        56,
        393,
        57,
        964,
        19,
        143,
        1515,
        82,
        137,
        4,
        36,
        133,
        29310,
        7098,
        631,
        1102,
        7,
        162,
        5,
        97,
        183,
        6,
        53,
        14,
        18,
        10,
        527,
        13,
        277,
        86,
        322,
        96,
        754,
        6,
        38,
        56,
        393,
        190,
        57,
        7
    ],
    "target-text": " France",
    "target-token": 1470,
    "rational-size": 10,
    "rational-positions": [
        0,
        1,
        2,
        3,
        7,
        8,
        25,
        38,
        39,
        40
    ],
    "rational-text": [
        "</s>",
        "I",
        " had",
        " never",
        " any",
        " French",
        " that",
        " never",
        " even",
        " been"
    ],
    "rational-tokens": [
        2,
        100,
        56,
        393,
        143,
        1515,
        14,
        393,
        190,
        57
    ],
    "importance-scores": [
        0.0,
        0.0,
        4.7202082331856347e-23,
        2.924369765199461e-41,
        8.465422252841549e-23,
        8.261262999531998e-24,
        3.108339627355683e-11,
        0.1666666716337204,
        0.5,
        2.1374212611520695e-18,
        5.456150504652425e-30,
        3.5023698077100267e-28,
        0.0,
        1.9475383223544327e-32,
        5.111358263251154e-30,
        1.0818304404280453e-40,
        3.267185513019383e-13,
        0.0,
        3.105931294375032e-35,
        1.869797334070587e-33,
        6.527365955896001e-39,
        5.514315172216873e-35,
        3.668217946160382e-38,
        5.085312127034761e-42,
        8.407790785948902e-45,
        0.133675217628479,
        0.0,
        7.517401185535121e-25,
        0.0,
        1.2183723439784536e-33,
        3.5316353628468104e-26,
        1.0758918496401138e-36,
        1.8050271765704164e-31,
        0.0,
        0.0,
        0.0,
        1.787112633171075e-14,
        1.1816447340606828e-06,
        5.278783595137615e-13,
        1.2654060982665074e-23,
        0.19965694844722748,
        6.659410300762988e-14
    ],
    "comments": {
        "created-by": "run_analogies.py",
        "args": {
            "model": "facebook/opt-1.3b",
            "cache_dir": "cache/",
            "tokenizer": "facebook/opt-1.3b",
            "data_dir": "data/analogies/OPT1B",
            "importance_results_dir": "rationalization_results/analogies/OPT1B_ours/top3_replace0.3_max3000_batch10",
            "device": "cuda",
            "rationalization_config": "config//top3_replace0.3_max3000_batch10.json",
            "input_num_ratio": 1.0,
            "logfolder": "logs/analogies/OPT1B_ours/top3_replace0.3_max3000_batch10",
            "loglevel": 20
        },
        "time_elapsed": 621.4623327255249,
        "separate_rational": [
            [
                " any",
                " even",
                " been",
                " never",
                " French"
            ],
            [
                " French",
                " before",
                " the",
                " that",
                " thing"
            ],
            [
                " French",
                "</s>",
                "I",
                " had",
                " never"
            ],
            [
                " been",
                "</s>",
                "I",
                " had",
                " never"
            ],
            [
                " French",
                "</s>",
                "I",
                " had",
                " never"
            ],
            [
                " that",
                " been",
                " had",
                " French",
                " never"
            ],
            [
                " French",
                " with",
                " I",
                " been",
                " even"
            ],
            [
                " French",
                "</s>",
                "I",
                " had",
                " never"
            ],
            [
                " been",
                " French",
                " people",
                " any",
                " had"
            ],
            [
                " French",
                " to",
                " been",
                " been",
                " never"
            ]
        ]
    }
}