suff,comp,random_suff,random_comp
0.10979247212726066,0.8205896807534423,0.05385257349416497,0.3604606404963666
