{
    "$schema": "../docs/rationalization.schema.json",
    "id": 6,
    "input-text": [
        "</s>",
        "As",
        " soon",
        " as",
        " I",
        " arrived",
        " in",
        " Oregon",
        ",",
        " I",
        " checked",
        " into",
        " my",
        " hotel",
        " and",
        " watched",
        " a",
        " movie",
        " before",
        " falling",
        " asleep",
        ".",
        " (",
        "I",
        " had",
        " a",
        " great",
        " call",
        " with",
        " my",
        " husband",
        ",",
        " although",
        " I",
        " wish",
        " it",
        " were",
        " longer",
        ").",
        " I",
        " was",
        " staying",
        " in",
        " my",
        " favorite",
        " city",
        ","
    ],
    "input-tokens": [
        2,
        1620,
        1010,
        25,
        38,
        2035,
        11,
        4316,
        6,
        38,
        7869,
        88,
        127,
        2303,
        8,
        3996,
        10,
        1569,
        137,
        3064,
        15028,
        4,
        36,
        100,
        56,
        10,
        372,
        486,
        19,
        127,
        1623,
        6,
        1712,
        38,
        2813,
        24,
        58,
        1181,
        322,
        38,
        21,
        4959,
        11,
        127,
        2674,
        343,
        6
    ],
    "target-text": " Portland",
    "target-token": 5926,
    "rational-size": 5,
    "rational-positions": [
        7,
        28,
        40,
        44,
        45
    ],
    "rational-text": [
        " Oregon",
        " with",
        " was",
        " favorite",
        " city"
    ],
    "rational-tokens": [
        4316,
        19,
        21,
        2674,
        343
    ],
    "importance-scores": [
        0.0,
        0.0,
        0.0,
        0.0,
        2.3939782964525175e-41,
        3.56294147539228e-41,
        1.5355128880991944e-31,
        0.6666666865348816,
        0.0,
        0.0,
        0.0,
        0.0,
        0.0,
        0.0,
        0.0,
        1.1178750972082574e-30,
        1.1160785079684245e-18,
        0.0,
        0.0,
        0.0,
        0.0,
        0.0,
        0.0,
        4.3170397630780316e-26,
        5.605193857299268e-45,
        2.052902250235857e-42,
        0.0,
        0.0,
        0.3333333432674408,
        0.0,
        0.0,
        3.537718103034433e-41,
        7.975221049222728e-26,
        0.0,
        0.0,
        0.0,
        0.0,
        1.0883316805753724e-37,
        4.49943105966752e-35,
        1.0842961552280508e-21,
        1.4395397073096421e-28,
        8.145607843273729e-41,
        0.0,
        0.0,
        6.2483107880415e-13,
        9.785057963548893e-13,
        1.1247857846186408e-24
    ],
    "comments": {
        "created-by": "run_analogies.py",
        "args": {
            "model": "KoboldAI/OPT-6.7B-Erebus",
            "cache_dir": "cache/",
            "tokenizer": "KoboldAI/OPT-6.7B-Erebus",
            "data_dir": "data/analogies/OPT6B/",
            "importance_results_dir": "rationalization_results/analogies/OPT6B_ours/top3_replace0.3_max3000_batch3",
            "device": "cuda",
            "rationalization_config": "config/OPT6B/top3_replace0.3_max3000_batch3.json",
            "input_num_ratio": 1.0,
            "logfolder": "logs/analogies/OPT6B_ours/top3_replace0.3_max3000_batch3",
            "loglevel": 20
        },
        "time_elapsed": 938.8886182308197,
        "separate_rational": [
            [
                " Oregon",
                " favorite",
                " in",
                " watched",
                " was",
                " with",
                " city",
                "</s>"
            ],
            [
                " Oregon",
                " favorite",
                " city",
                " although",
                "I",
                ").",
                " I",
                " a"
            ],
            [
                " with",
                " city",
                " Oregon",
                " favorite",
                " a",
                " I",
                ",",
                " was"
            ]
        ]
    }
}