{
    "$schema": "../docs/rationalization.schema.json",
    "id": 102,
    "input-text": [
        "I",
        " thought",
        " it",
        " would",
        " be",
        " the",
        " fastest",
        " thing",
        " I",
        "'d",
        " ever",
        " encounter",
        ".",
        " (",
        "I",
        " tried",
        " to",
        " ignore",
        " my",
        " phone",
        " vibr",
        "ating",
        " in",
        " my",
        " pocket",
        ").",
        " But",
        " when",
        " I",
        " did",
        " end",
        " up",
        " encountering",
        " it",
        ",",
        " it",
        " turned",
        " out",
        " it",
        " wasn",
        "'t",
        " so"
    ],
    "input-tokens": [
        40,
        1807,
        340,
        561,
        307,
        262,
        14162,
        1517,
        314,
        1549,
        1683,
        8791,
        13,
        357,
        40,
        3088,
        284,
        8856,
        616,
        3072,
        12611,
        803,
        287,
        616,
        10000,
        737,
        887,
        618,
        314,
        750,
        886,
        510,
        42398,
        340,
        11,
        340,
        2900,
        503,
        340,
        2492,
        470,
        523
    ],
    "target-text": " fast",
    "target-token": 3049,
    "rational-size": 5,
    "rational-positions": [
        0,
        40,
        39,
        6,
        38
    ],
    "rational-text": [
        "I",
        "'t",
        " wasn",
        " fastest",
        " it"
    ],
    "rational-tokens": [
        40,
        470,
        2492,
        14162,
        340
    ],
    "importance-scores": [
        0.03887668251991272,
        0.023309435695409775,
        0.023279722779989243,
        0.023286454379558563,
        0.023270973935723305,
        0.023300867527723312,
        0.02396552264690399,
        0.023324228823184967,
        0.02324674464762211,
        0.023238928988575935,
        0.023244280368089676,
        0.023349352180957794,
        0.02349535934627056,
        0.023294081911444664,
        0.023248029872775078,
        0.023255523294210434,
        0.023256679996848106,
        0.02329687401652336,
        0.02325219102203846,
        0.023256247863173485,
        0.02328542247414589,
        0.023270078003406525,
        0.023250548169016838,
        0.023221198469400406,
        0.023244956508278847,
        0.023504076525568962,
        0.023505643010139465,
        0.023364724591374397,
        0.023271190002560616,
        0.023269755765795708,
        0.023287760093808174,
        0.02333677187561989,
        0.02348521165549755,
        0.02354285679757595,
        0.023632531985640526,
        0.023545226082205772,
        0.02358841896057129,
        0.02367359772324562,
        0.023948296904563904,
        0.0240232665091753,
        0.024834468960762024,
        0.023865828290581703
    ],
    "comments": {
        "created-by": "run_analogies.py",
        "args": {
            "model": "gpt2-medium",
            "cache_dir": "./cache/",
            "tokenizer": "gpt2-medium",
            "data_dir": "data/analogies/gpt2/",
            "importance_results_dir": "rationalization_results/analogies/gpt2_attention",
            "device": "cuda",
            "rationalization_config": "config/eva_attention.json",
            "input_num_ratio": 1,
            "logfolder": "logs/analogies/gpt2_attention",
            "loglevel": 20
        },
        "time_elapsed": 0.013745784759521484
    }
}