{
    "$schema": "../docs/rationalization.schema.json",
    "id": 106,
    "input-text": [
        "I",
        " thought",
        " it",
        " would",
        " be",
        " the",
        " lowest",
        " thing",
        " I",
        "'d",
        " ever",
        " encounter",
        ".",
        " (",
        "I",
        " tried",
        " to",
        " ignore",
        " my",
        " phone",
        " vibr",
        "ating",
        " in",
        " my",
        " pocket",
        ").",
        " But",
        " when",
        " I",
        " did",
        " end",
        " up",
        " encountering",
        " it",
        ",",
        " it",
        " turned",
        " out",
        " it",
        " wasn",
        "'t",
        " so"
    ],
    "input-tokens": [
        40,
        1807,
        340,
        561,
        307,
        262,
        9016,
        1517,
        314,
        1549,
        1683,
        8791,
        13,
        357,
        40,
        3088,
        284,
        8856,
        616,
        3072,
        12611,
        803,
        287,
        616,
        10000,
        737,
        887,
        618,
        314,
        750,
        886,
        510,
        42398,
        340,
        11,
        340,
        2900,
        503,
        340,
        2492,
        470,
        523
    ],
    "target-text": " low",
    "target-token": 1877,
    "rational-size": 5,
    "rational-positions": [
        0,
        40,
        39,
        38,
        6
    ],
    "rational-text": [
        "I",
        "'t",
        " wasn",
        " it",
        " lowest"
    ],
    "rational-tokens": [
        40,
        470,
        2492,
        340,
        9016
    ],
    "importance-scores": [
        0.039028603583574295,
        0.02330840192735195,
        0.02327989973127842,
        0.023285187780857086,
        0.023269569501280785,
        0.023296022787690163,
        0.023909108713269234,
        0.023349246010184288,
        0.02324632555246353,
        0.02323612943291664,
        0.023241862654685974,
        0.02334113046526909,
        0.023501398041844368,
        0.023292280733585358,
        0.023244189098477364,
        0.023241356015205383,
        0.023248570039868355,
        0.023290470242500305,
        0.023246871307492256,
        0.023251930251717567,
        0.023277966305613518,
        0.02326599881052971,
        0.02325267717242241,
        0.023220477625727654,
        0.023249544203281403,
        0.023507626727223396,
        0.023502038791775703,
        0.02336345613002777,
        0.023266185075044632,
        0.023266540840268135,
        0.02328481525182724,
        0.02332928404211998,
        0.023473314940929413,
        0.023556213825941086,
        0.023625416681170464,
        0.02353348582983017,
        0.023575466126203537,
        0.023676447570323944,
        0.02394634112715721,
        0.02402946725487709,
        0.0248075183480978,
        0.023881137371063232
    ],
    "comments": {
        "created-by": "run_analogies.py",
        "args": {
            "model": "gpt2-medium",
            "cache_dir": "./cache/",
            "tokenizer": "gpt2-medium",
            "data_dir": "data/analogies/gpt2/",
            "importance_results_dir": "rationalization_results/analogies/gpt2_attention",
            "device": "cuda",
            "rationalization_config": "config/eva_attention.json",
            "input_num_ratio": 1,
            "logfolder": "logs/analogies/gpt2_attention",
            "loglevel": 20
        },
        "time_elapsed": 0.013114690780639648
    }
}