{
    "$schema": "../docs/rationalization.schema.json",
    "id": 114,
    "input-text": [
        "I",
        " thought",
        " it",
        " would",
        " be",
        " the",
        " widest",
        " thing",
        " I",
        "'d",
        " ever",
        " encounter",
        ".",
        " (",
        "I",
        " tried",
        " to",
        " ignore",
        " my",
        " phone",
        " vibr",
        "ating",
        " in",
        " my",
        " pocket",
        ").",
        " But",
        " when",
        " I",
        " did",
        " end",
        " up",
        " encountering",
        " it",
        ",",
        " it",
        " turned",
        " out",
        " it",
        " wasn",
        "'t",
        " so"
    ],
    "input-tokens": [
        40,
        1807,
        340,
        561,
        307,
        262,
        46232,
        1517,
        314,
        1549,
        1683,
        8791,
        13,
        357,
        40,
        3088,
        284,
        8856,
        616,
        3072,
        12611,
        803,
        287,
        616,
        10000,
        737,
        887,
        618,
        314,
        750,
        886,
        510,
        42398,
        340,
        11,
        340,
        2900,
        503,
        340,
        2492,
        470,
        523
    ],
    "target-text": " wide",
    "target-token": 3094,
    "rational-size": 5,
    "rational-positions": [
        0,
        40,
        39,
        6,
        38
    ],
    "rational-text": [
        "I",
        "'t",
        " wasn",
        " widest",
        " it"
    ],
    "rational-tokens": [
        40,
        470,
        2492,
        46232,
        340
    ],
    "importance-scores": [
        0.03859689086675644,
        0.023313293233513832,
        0.023283956572413445,
        0.023290203884243965,
        0.023276103660464287,
        0.02330787293612957,
        0.02402692474424839,
        0.023340249434113503,
        0.023253662511706352,
        0.023241359740495682,
        0.02324668876826763,
        0.02337219938635826,
        0.02349688671529293,
        0.023293066769838333,
        0.023246603086590767,
        0.023247526958584785,
        0.023252209648489952,
        0.023299628868699074,
        0.02325180359184742,
        0.023257119581103325,
        0.023286283016204834,
        0.023266730830073357,
        0.023258650675415993,
        0.023225808516144753,
        0.023255202919244766,
        0.023517971858382225,
        0.02350575663149357,
        0.023368772119283676,
        0.023271044716238976,
        0.02327091433107853,
        0.023289255797863007,
        0.023334920406341553,
        0.023506388068199158,
        0.023575376719236374,
        0.023638468235731125,
        0.023540368303656578,
        0.023579875007271767,
        0.023679813370108604,
        0.023959048092365265,
        0.024031193926930428,
        0.024869529530405998,
        0.023874377831816673
    ],
    "comments": {
        "created-by": "run_analogies.py",
        "args": {
            "model": "gpt2-medium",
            "cache_dir": "./cache/",
            "tokenizer": "gpt2-medium",
            "data_dir": "data/analogies/gpt2/",
            "importance_results_dir": "rationalization_results/analogies/gpt2_attention",
            "device": "cuda",
            "rationalization_config": "config/eva_attention.json",
            "input_num_ratio": 1,
            "logfolder": "logs/analogies/gpt2_attention",
            "loglevel": 20
        },
        "time_elapsed": 0.012807607650756836
    }
}