{
    "$schema": "../docs/rationalization.schema.json",
    "id": 124,
    "input-text": [
        "I",
        " had",
        " never",
        " been",
        " friends",
        " with",
        " any",
        " Danish",
        " people",
        " before",
        ".",
        " (",
        "The",
        " funn",
        "iest",
        " thing",
        " happened",
        " to",
        " me",
        " the",
        " other",
        " day",
        ",",
        " but",
        " that",
        "'s",
        " a",
        " story",
        " for",
        " another",
        " time",
        ").",
        " In",
        " fact",
        ",",
        " I",
        " had",
        " never",
        " even",
        " been",
        " to"
    ],
    "input-tokens": [
        40,
        550,
        1239,
        587,
        2460,
        351,
        597,
        20849,
        661,
        878,
        13,
        357,
        464,
        36090,
        6386,
        1517,
        3022,
        284,
        502,
        262,
        584,
        1110,
        11,
        475,
        326,
        338,
        257,
        1621,
        329,
        1194,
        640,
        737,
        554,
        1109,
        11,
        314,
        550,
        1239,
        772,
        587,
        284
    ],
    "target-text": " Denmark",
    "target-token": 16490,
    "rational-size": 5,
    "rational-positions": [
        0,
        7,
        40,
        39,
        38
    ],
    "rational-text": [
        "I",
        " Danish",
        " to",
        " been",
        " even"
    ],
    "rational-tokens": [
        40,
        20849,
        284,
        587,
        772
    ],
    "importance-scores": [
        0.039681386202573776,
        0.023873474448919296,
        0.023841721937060356,
        0.023839859291911125,
        0.02394205704331398,
        0.023882854729890823,
        0.023845147341489792,
        0.02514571137726307,
        0.024132341146469116,
        0.023882420733571053,
        0.024080421775579453,
        0.023898113518953323,
        0.023871485143899918,
        0.023789137601852417,
        0.02378074824810028,
        0.023773375898599625,
        0.023798726499080658,
        0.023811232298612595,
        0.023831650614738464,
        0.023814387619495392,
        0.02377108298242092,
        0.02380865439772606,
        0.023835625499486923,
        0.02379913069307804,
        0.023793289437890053,
        0.023787500336766243,
        0.023804843425750732,
        0.0238103736191988,
        0.02380390092730522,
        0.02379770204424858,
        0.02379452995955944,
        0.02423165552318096,
        0.024065935984253883,
        0.02396314963698387,
        0.02410968206822872,
        0.02416391111910343,
        0.02421383373439312,
        0.02432856149971485,
        0.024571843445301056,
        0.025008369237184525,
        0.025020180270075798
    ],
    "comments": {
        "created-by": "run_analogies.py",
        "args": {
            "model": "gpt2-medium",
            "cache_dir": "./cache/",
            "tokenizer": "gpt2-medium",
            "data_dir": "data/analogies/gpt2/",
            "importance_results_dir": "rationalization_results/analogies/gpt2_attention",
            "device": "cuda",
            "rationalization_config": "config/eva_attention.json",
            "input_num_ratio": 1,
            "logfolder": "logs/analogies/gpt2_attention",
            "loglevel": 20
        },
        "time_elapsed": 0.013107061386108398
    }
}