{
    "$schema": "../docs/rationalization.schema.json",
    "id": 142,
    "input-text": [
        "I",
        " had",
        " never",
        " been",
        " friends",
        " with",
        " any",
        " Spanish",
        " people",
        " before",
        ".",
        " (",
        "The",
        " funn",
        "iest",
        " thing",
        " happened",
        " to",
        " me",
        " the",
        " other",
        " day",
        ",",
        " but",
        " that",
        "'s",
        " a",
        " story",
        " for",
        " another",
        " time",
        ").",
        " In",
        " fact",
        ",",
        " I",
        " had",
        " never",
        " even",
        " been",
        " to"
    ],
    "input-tokens": [
        40,
        550,
        1239,
        587,
        2460,
        351,
        597,
        7897,
        661,
        878,
        13,
        357,
        464,
        36090,
        6386,
        1517,
        3022,
        284,
        502,
        262,
        584,
        1110,
        11,
        475,
        326,
        338,
        257,
        1621,
        329,
        1194,
        640,
        737,
        554,
        1109,
        11,
        314,
        550,
        1239,
        772,
        587,
        284
    ],
    "target-text": " Spain",
    "target-token": 8602,
    "rational-size": 5,
    "rational-positions": [
        0,
        40,
        39,
        7,
        38
    ],
    "rational-text": [
        "I",
        " to",
        " been",
        " Spanish",
        " even"
    ],
    "rational-tokens": [
        40,
        284,
        587,
        7897,
        772
    ],
    "importance-scores": [
        0.03996605798602104,
        0.023870345205068588,
        0.0238402858376503,
        0.02383783832192421,
        0.02393738180398941,
        0.023877203464508057,
        0.023843279108405113,
        0.024956410750746727,
        0.024133943021297455,
        0.023880988359451294,
        0.02407754771411419,
        0.02389758639037609,
        0.023869218304753304,
        0.023784277960658073,
        0.023777462542057037,
        0.023769592866301537,
        0.023797130212187767,
        0.023805564269423485,
        0.023828158155083656,
        0.02381281554698944,
        0.02376992255449295,
        0.02380714751780033,
        0.023834437131881714,
        0.02379656583070755,
        0.023791039362549782,
        0.023785151541233063,
        0.02380315400660038,
        0.023806331679224968,
        0.023801755160093307,
        0.023794973269104958,
        0.02379288151860237,
        0.024222221225500107,
        0.02407904528081417,
        0.023954905569553375,
        0.024102739989757538,
        0.024154042825102806,
        0.024211686104536057,
        0.024323172867298126,
        0.024576205760240555,
        0.02500481903553009,
        0.02502470090985298
    ],
    "comments": {
        "created-by": "run_analogies.py",
        "args": {
            "model": "gpt2-medium",
            "cache_dir": "./cache/",
            "tokenizer": "gpt2-medium",
            "data_dir": "data/analogies/gpt2/",
            "importance_results_dir": "rationalization_results/analogies/gpt2_attention",
            "device": "cuda",
            "rationalization_config": "config/eva_attention.json",
            "input_num_ratio": 1,
            "logfolder": "logs/analogies/gpt2_attention",
            "loglevel": 20
        },
        "time_elapsed": 0.013588428497314453
    }
}