{
    "$schema": "../docs/rationalization.schema.json",
    "id": 51,
    "input-text": [
        "When",
        " my",
        " flight",
        " landed",
        " in",
        " Sweden",
        ",",
        " I",
        " converted",
        " my",
        " currency",
        " and",
        " slowly",
        " fell",
        " asleep",
        ".",
        " (",
        "I",
        " was",
        " behind",
        " on",
        " a",
        " couple",
        " of",
        " assignments",
        ",",
        " but",
        " I",
        " tried",
        " not",
        " to",
        " think",
        " about",
        " them",
        ").",
        " I",
        " was",
        " staying",
        " in",
        " the",
        " capital",
        ","
    ],
    "input-tokens": [
        2215,
        616,
        5474,
        11406,
        287,
        10710,
        11,
        314,
        11513,
        616,
        7395,
        290,
        6364,
        3214,
        16039,
        13,
        357,
        40,
        373,
        2157,
        319,
        257,
        3155,
        286,
        25815,
        11,
        475,
        314,
        3088,
        407,
        284,
        892,
        546,
        606,
        737,
        314,
        373,
        10589,
        287,
        262,
        3139,
        11
    ],
    "target-text": " Stockholm",
    "target-token": 29679,
    "rational-size": 5,
    "rational-positions": [
        0,
        40,
        41,
        5,
        37
    ],
    "rational-text": [
        "When",
        " capital",
        ",",
        " Sweden",
        " staying"
    ],
    "rational-tokens": [
        2215,
        3139,
        11,
        10710,
        10589
    ],
    "importance-scores": [
        0.03805296868085861,
        0.023311946541070938,
        0.02330244518816471,
        0.023316359147429466,
        0.023397931829094887,
        0.02417946048080921,
        0.02339380420744419,
        0.02333649806678295,
        0.023277591913938522,
        0.02326400764286518,
        0.023280421271920204,
        0.0232926607131958,
        0.023258300498127937,
        0.023251358419656754,
        0.02329845353960991,
        0.023485179990530014,
        0.023320700973272324,
        0.023263420909643173,
        0.02326088212430477,
        0.023257216438651085,
        0.023246070370078087,
        0.023247983306646347,
        0.023236367851495743,
        0.023224476724863052,
        0.023301903158426285,
        0.023305857554078102,
        0.023307284340262413,
        0.023256050422787666,
        0.023258935660123825,
        0.023251069709658623,
        0.023253249004483223,
        0.023255733773112297,
        0.02327517420053482,
        0.02326682023704052,
        0.023790689185261726,
        0.023630790412425995,
        0.023735398426651955,
        0.02392752468585968,
        0.023892035707831383,
        0.023787114769220352,
        0.025221046060323715,
        0.02452681213617325
    ],
    "comments": {
        "created-by": "run_analogies.py",
        "args": {
            "model": "gpt2-medium",
            "cache_dir": "./cache/",
            "tokenizer": "gpt2-medium",
            "data_dir": "data/analogies/gpt2/",
            "importance_results_dir": "rationalization_results/analogies/gpt2_attention",
            "device": "cuda",
            "rationalization_config": "config/eva_attention.json",
            "input_num_ratio": 1,
            "logfolder": "logs/analogies/gpt2_attention",
            "loglevel": 20
        },
        "time_elapsed": 0.01377725601196289
    }
}