{
    "$schema": "../docs/rationalization.schema.json",
    "id": 69,
    "input-text": [
        "As",
        " soon",
        " as",
        " I",
        " arrived",
        " in",
        " Nebraska",
        ",",
        " I",
        " checked",
        " into",
        " my",
        " hotel",
        " and",
        " watched",
        " a",
        " movie",
        " before",
        " falling",
        " asleep",
        ".",
        " (",
        "I",
        " had",
        " a",
        " great",
        " call",
        " with",
        " my",
        " husband",
        ",",
        " although",
        " I",
        " wish",
        " it",
        " were",
        " longer",
        ").",
        " I",
        " was",
        " staying",
        " in",
        " my",
        " favorite",
        " city",
        ","
    ],
    "input-tokens": [
        1722,
        2582,
        355,
        314,
        5284,
        287,
        18329,
        11,
        314,
        10667,
        656,
        616,
        7541,
        290,
        7342,
        257,
        3807,
        878,
        7463,
        16039,
        13,
        357,
        40,
        550,
        257,
        1049,
        869,
        351,
        616,
        5229,
        11,
        3584,
        314,
        4601,
        340,
        547,
        2392,
        737,
        314,
        373,
        10589,
        287,
        616,
        4004,
        1748,
        11
    ],
    "target-text": " Omaha",
    "target-token": 37053,
    "rational-size": 5,
    "rational-positions": [
        0,
        44,
        45,
        6,
        43
    ],
    "rational-text": [
        "As",
        " city",
        ",",
        " Nebraska",
        " favorite"
    ],
    "rational-tokens": [
        1722,
        1748,
        11,
        18329,
        4004
    ],
    "importance-scores": [
        0.0338970348238945,
        0.021283915266394615,
        0.021306047216057777,
        0.021297987550497055,
        0.021310819312930107,
        0.021348411217331886,
        0.02216699905693531,
        0.021396558731794357,
        0.021344343200325966,
        0.021302353590726852,
        0.021337296813726425,
        0.021305259317159653,
        0.021351957693696022,
        0.021338725462555885,
        0.02132696472108364,
        0.021308928728103638,
        0.021339619532227516,
        0.021303238347172737,
        0.021279195323586464,
        0.021304452791810036,
        0.0215164627879858,
        0.021357975900173187,
        0.021297570317983627,
        0.021291783079504967,
        0.021285563707351685,
        0.021281039342284203,
        0.021291568875312805,
        0.02131357416510582,
        0.02127881720662117,
        0.021326307207345963,
        0.02134580723941326,
        0.02137451246380806,
        0.02128259278833866,
        0.021291790530085564,
        0.02127940207719803,
        0.021296601742506027,
        0.02129565365612507,
        0.0217572171241045,
        0.021644430235028267,
        0.021679231896996498,
        0.02184237167239189,
        0.02178180031478405,
        0.02169078029692173,
        0.022092755883932114,
        0.0227897260338068,
        0.022464575245976448
    ],
    "comments": {
        "created-by": "run_analogies.py",
        "args": {
            "model": "gpt2-medium",
            "cache_dir": "./cache/",
            "tokenizer": "gpt2-medium",
            "data_dir": "data/analogies/gpt2/",
            "importance_results_dir": "rationalization_results/analogies/gpt2_attention",
            "device": "cuda",
            "rationalization_config": "config/eva_attention.json",
            "input_num_ratio": 1,
            "logfolder": "logs/analogies/gpt2_attention",
            "loglevel": 20
        },
        "time_elapsed": 0.012989044189453125
    }
}