{
    "$schema": "../docs/rationalization.schema.json",
    "id": 71,
    "input-text": [
        "As",
        " soon",
        " as",
        " I",
        " arrived",
        " in",
        " Hawaii",
        ",",
        " I",
        " checked",
        " into",
        " my",
        " hotel",
        " and",
        " watched",
        " a",
        " movie",
        " before",
        " falling",
        " asleep",
        ".",
        " (",
        "I",
        " had",
        " a",
        " great",
        " call",
        " with",
        " my",
        " husband",
        ",",
        " although",
        " I",
        " wish",
        " it",
        " were",
        " longer",
        ").",
        " I",
        " was",
        " staying",
        " in",
        " my",
        " favorite",
        " city",
        ","
    ],
    "input-tokens": [
        1722,
        2582,
        355,
        314,
        5284,
        287,
        13708,
        11,
        314,
        10667,
        656,
        616,
        7541,
        290,
        7342,
        257,
        3807,
        878,
        7463,
        16039,
        13,
        357,
        40,
        550,
        257,
        1049,
        869,
        351,
        616,
        5229,
        11,
        3584,
        314,
        4601,
        340,
        547,
        2392,
        737,
        314,
        373,
        10589,
        287,
        616,
        4004,
        1748,
        11
    ],
    "target-text": " Honolulu",
    "target-token": 43296,
    "rational-size": 5,
    "rational-positions": [
        0,
        44,
        45,
        6,
        43
    ],
    "rational-text": [
        "As",
        " city",
        ",",
        " Hawaii",
        " favorite"
    ],
    "rational-tokens": [
        1722,
        1748,
        11,
        13708,
        4004
    ],
    "importance-scores": [
        0.03377767652273178,
        0.02128532901406288,
        0.02130868285894394,
        0.021299900487065315,
        0.021310288459062576,
        0.021351059898734093,
        0.02212078496813774,
        0.021393492817878723,
        0.021349160000681877,
        0.021301330998539925,
        0.021352926269173622,
        0.02130994386970997,
        0.021345222368836403,
        0.021343247964978218,
        0.021323207765817642,
        0.021306758746504784,
        0.021337637677788734,
        0.021305635571479797,
        0.021281704306602478,
        0.02130555920302868,
        0.021520113572478294,
        0.021362580358982086,
        0.021301118656992912,
        0.02129507251083851,
        0.02128821611404419,
        0.021282678470015526,
        0.021292805671691895,
        0.021317608654499054,
        0.02128084935247898,
        0.021330485120415688,
        0.021348390728235245,
        0.021374978125095367,
        0.02128460258245468,
        0.02129315212368965,
        0.0212809257209301,
        0.021298840641975403,
        0.02129742130637169,
        0.021760206669569016,
        0.02165316604077816,
        0.02169494330883026,
        0.021857621148228645,
        0.021826114505529404,
        0.021698227152228355,
        0.02209382876753807,
        0.022763589397072792,
        0.022492937743663788
    ],
    "comments": {
        "created-by": "run_analogies.py",
        "args": {
            "model": "gpt2-medium",
            "cache_dir": "./cache/",
            "tokenizer": "gpt2-medium",
            "data_dir": "data/analogies/gpt2/",
            "importance_results_dir": "rationalization_results/analogies/gpt2_attention",
            "device": "cuda",
            "rationalization_config": "config/eva_attention.json",
            "input_num_ratio": 1,
            "logfolder": "logs/analogies/gpt2_attention",
            "loglevel": 20
        },
        "time_elapsed": 0.013730764389038086
    }
}