{
    "$schema": "../docs/rationalization.schema.json",
    "id": 74,
    "input-text": [
        "As",
        " soon",
        " as",
        " I",
        " arrived",
        " in",
        " Nevada",
        ",",
        " I",
        " checked",
        " into",
        " my",
        " hotel",
        " and",
        " watched",
        " a",
        " movie",
        " before",
        " falling",
        " asleep",
        ".",
        " (",
        "I",
        " had",
        " a",
        " great",
        " call",
        " with",
        " my",
        " husband",
        ",",
        " although",
        " I",
        " wish",
        " it",
        " were",
        " longer",
        ").",
        " I",
        " was",
        " staying",
        " in",
        " my",
        " favorite",
        " city",
        ","
    ],
    "input-tokens": [
        1722,
        2582,
        355,
        314,
        5284,
        287,
        12087,
        11,
        314,
        10667,
        656,
        616,
        7541,
        290,
        7342,
        257,
        3807,
        878,
        7463,
        16039,
        13,
        357,
        40,
        550,
        257,
        1049,
        869,
        351,
        616,
        5229,
        11,
        3584,
        314,
        4601,
        340,
        547,
        2392,
        737,
        314,
        373,
        10589,
        287,
        616,
        4004,
        1748,
        11
    ],
    "target-text": " Reno",
    "target-token": 33817,
    "rational-size": 5,
    "rational-positions": [
        0,
        44,
        45,
        6,
        43
    ],
    "rational-text": [
        "As",
        " city",
        ",",
        " Nevada",
        " favorite"
    ],
    "rational-tokens": [
        1722,
        1748,
        11,
        12087,
        4004
    ],
    "importance-scores": [
        0.033723071217536926,
        0.021286116912961006,
        0.02130764164030552,
        0.021299807354807854,
        0.021312296390533447,
        0.02135271579027176,
        0.02216591127216816,
        0.021394815295934677,
        0.021344473585486412,
        0.02129971608519554,
        0.02134852483868599,
        0.021306706592440605,
        0.02135395258665085,
        0.021342875435948372,
        0.021328331902623177,
        0.021310092881321907,
        0.021356262266635895,
        0.021306904032826424,
        0.02128312550485134,
        0.021308841183781624,
        0.021520059555768967,
        0.021362142637372017,
        0.0213001761585474,
        0.021292613819241524,
        0.0212866198271513,
        0.021282991394400597,
        0.02129463292658329,
        0.0213147159665823,
        0.02127985469996929,
        0.021326635032892227,
        0.02134646475315094,
        0.021376391872763634,
        0.021284043788909912,
        0.021293114870786667,
        0.021280720829963684,
        0.02129809558391571,
        0.021297315135598183,
        0.021761266514658928,
        0.021645575761795044,
        0.021675875410437584,
        0.021853670477867126,
        0.02181662619113922,
        0.021696481853723526,
        0.022114528343081474,
        0.022775311022996902,
        0.022491900250315666
    ],
    "comments": {
        "created-by": "run_analogies.py",
        "args": {
            "model": "gpt2-medium",
            "cache_dir": "./cache/",
            "tokenizer": "gpt2-medium",
            "data_dir": "data/analogies/gpt2/",
            "importance_results_dir": "rationalization_results/analogies/gpt2_attention",
            "device": "cuda",
            "rationalization_config": "config/eva_attention.json",
            "input_num_ratio": 1,
            "logfolder": "logs/analogies/gpt2_attention",
            "loglevel": 20
        },
        "time_elapsed": 0.013809442520141602
    }
}