{
    "$schema": "../docs/rationalization.schema.json",
    "id": 81,
    "input-text": [
        "I",
        " knew",
        " it",
        " was",
        " bad",
        ",",
        " but",
        " that",
        "'s",
        " before",
        " I",
        " saw",
        " it",
        " in",
        " person",
        ".",
        " (",
        "Just",
        " then",
        " I",
        " thought",
        " about",
        " my",
        " ex",
        "-",
        "wife",
        ",",
        " but",
        " I",
        " had",
        " to",
        " stop",
        " thinking",
        " about",
        " her",
        ").",
        " When",
        " I",
        " did",
        " end",
        " up",
        " seeing",
        " it",
        " in",
        " person",
        ",",
        " it",
        " was",
        " even"
    ],
    "input-tokens": [
        40,
        2993,
        340,
        373,
        2089,
        11,
        475,
        326,
        338,
        878,
        314,
        2497,
        340,
        287,
        1048,
        13,
        357,
        5703,
        788,
        314,
        1807,
        546,
        616,
        409,
        12,
        22095,
        11,
        475,
        314,
        550,
        284,
        2245,
        3612,
        546,
        607,
        737,
        1649,
        314,
        750,
        886,
        510,
        4379,
        340,
        287,
        1048,
        11,
        340,
        373,
        772
    ],
    "target-text": " worse",
    "target-token": 4785,
    "rational-size": 5,
    "rational-positions": [
        0,
        47,
        46,
        45,
        48
    ],
    "rational-text": [
        "I",
        " was",
        " it",
        ",",
        " even"
    ],
    "rational-tokens": [
        40,
        373,
        340,
        11,
        772
    ],
    "importance-scores": [
        0.033756520599126816,
        0.020063472911715508,
        0.02002628520131111,
        0.020040150731801987,
        0.020488576963543892,
        0.020092731341719627,
        0.020058562979102135,
        0.020016251131892204,
        0.01999727077782154,
        0.02004683017730713,
        0.019998302683234215,
        0.02003573812544346,
        0.020043378695845604,
        0.02003617212176323,
        0.020036697387695312,
        0.02016805112361908,
        0.020027561113238335,
        0.019999517127871513,
        0.020011553540825844,
        0.019996803253889084,
        0.01999678649008274,
        0.020016735419631004,
        0.01999659091234207,
        0.019998256117105484,
        0.01998349465429783,
        0.01999855972826481,
        0.020020725205540657,
        0.020029377192258835,
        0.019989626482129097,
        0.02000606060028076,
        0.020000673830509186,
        0.019993729889392853,
        0.020000256597995758,
        0.02000408247113228,
        0.01998981460928917,
        0.020311962813138962,
        0.020259426906704903,
        0.020065011456608772,
        0.020089982077479362,
        0.0200930405408144,
        0.020124875009059906,
        0.020192818716168404,
        0.020304923877120018,
        0.02016330510377884,
        0.020190954208374023,
        0.02061435952782631,
        0.02080386132001877,
        0.021274516358971596,
        0.02054574526846409
    ],
    "comments": {
        "created-by": "run_analogies.py",
        "args": {
            "model": "gpt2-medium",
            "cache_dir": "./cache/",
            "tokenizer": "gpt2-medium",
            "data_dir": "data/analogies/gpt2/",
            "importance_results_dir": "rationalization_results/analogies/gpt2_attention",
            "device": "cuda",
            "rationalization_config": "config/eva_attention.json",
            "input_num_ratio": 1,
            "logfolder": "logs/analogies/gpt2_attention",
            "loglevel": 20
        },
        "time_elapsed": 0.012999296188354492
    }
}