{
    "$schema": "../docs/rationalization.schema.json",
    "id": 88,
    "input-text": [
        "I",
        " knew",
        " it",
        " was",
        " long",
        ",",
        " but",
        " that",
        "'s",
        " before",
        " I",
        " saw",
        " it",
        " in",
        " person",
        ".",
        " (",
        "Just",
        " then",
        " I",
        " thought",
        " about",
        " my",
        " ex",
        "-",
        "wife",
        ",",
        " but",
        " I",
        " had",
        " to",
        " stop",
        " thinking",
        " about",
        " her",
        ").",
        " When",
        " I",
        " did",
        " end",
        " up",
        " seeing",
        " it",
        " in",
        " person",
        ",",
        " it",
        " was",
        " even"
    ],
    "input-tokens": [
        40,
        2993,
        340,
        373,
        890,
        11,
        475,
        326,
        338,
        878,
        314,
        2497,
        340,
        287,
        1048,
        13,
        357,
        5703,
        788,
        314,
        1807,
        546,
        616,
        409,
        12,
        22095,
        11,
        475,
        314,
        550,
        284,
        2245,
        3612,
        546,
        607,
        737,
        1649,
        314,
        750,
        886,
        510,
        4379,
        340,
        287,
        1048,
        11,
        340,
        373,
        772
    ],
    "target-text": " longer",
    "target-token": 2392,
    "rational-size": 5,
    "rational-positions": [
        0,
        47,
        46,
        45,
        48
    ],
    "rational-text": [
        "I",
        " was",
        " it",
        ",",
        " even"
    ],
    "rational-tokens": [
        40,
        373,
        340,
        11,
        772
    ],
    "importance-scores": [
        0.03370266035199165,
        0.020068490877747536,
        0.02002635784447193,
        0.02003602683544159,
        0.02028118632733822,
        0.020187491551041603,
        0.020081115886569023,
        0.020023591816425323,
        0.02000320702791214,
        0.020052103325724602,
        0.020001595839858055,
        0.020033635199069977,
        0.02004164829850197,
        0.020036345347762108,
        0.020046044141054153,
        0.020178303122520447,
        0.02003016136586666,
        0.0200020931661129,
        0.020015805959701538,
        0.019997676834464073,
        0.019998351112008095,
        0.020017573609948158,
        0.01999567076563835,
        0.019994420930743217,
        0.01998309977352619,
        0.019994478672742844,
        0.02001950703561306,
        0.020029589533805847,
        0.019990447908639908,
        0.020005539059638977,
        0.020002365112304688,
        0.019995493814349174,
        0.020000338554382324,
        0.02000202238559723,
        0.019986771047115326,
        0.02031751535832882,
        0.020265763625502586,
        0.020067159086465836,
        0.0200943723320961,
        0.0200994573533535,
        0.02013128064572811,
        0.02019224688410759,
        0.020309409126639366,
        0.02016964927315712,
        0.020209593698382378,
        0.020631961524486542,
        0.02079438604414463,
        0.021309133619070053,
        0.020546846091747284
    ],
    "comments": {
        "created-by": "run_analogies.py",
        "args": {
            "model": "gpt2-medium",
            "cache_dir": "./cache/",
            "tokenizer": "gpt2-medium",
            "data_dir": "data/analogies/gpt2/",
            "importance_results_dir": "rationalization_results/analogies/gpt2_attention",
            "device": "cuda",
            "rationalization_config": "config/eva_attention.json",
            "input_num_ratio": 1,
            "logfolder": "logs/analogies/gpt2_attention",
            "loglevel": 20
        },
        "time_elapsed": 0.012922286987304688
    }
}