{
    "$schema": "../docs/rationalization.schema.json",
    "id": 13,
    "input-text": [
        "When",
        " my",
        " flight",
        " landed",
        " in",
        " Russia",
        ",",
        " I",
        " converted",
        " my",
        " currency",
        " and",
        " slowly",
        " fell",
        " asleep",
        ".",
        " (",
        "I",
        " had",
        " a",
        " terrifying",
        " dream",
        " about",
        " my",
        " grandmother",
        ",",
        " but",
        " that",
        "'s",
        " a",
        " story",
        " for",
        " another",
        " time",
        ").",
        " I",
        " was",
        " staying",
        " in",
        " the",
        " capital",
        ","
    ],
    "input-tokens": [
        2215,
        616,
        5474,
        11406,
        287,
        3284,
        11,
        314,
        11513,
        616,
        7395,
        290,
        6364,
        3214,
        16039,
        13,
        357,
        40,
        550,
        257,
        17623,
        4320,
        546,
        616,
        18410,
        11,
        475,
        326,
        338,
        257,
        1621,
        329,
        1194,
        640,
        737,
        314,
        373,
        10589,
        287,
        262,
        3139,
        11
    ],
    "target-text": " Moscow",
    "target-token": 9070,
    "rational-size": 5,
    "rational-positions": [
        0,
        38,
        40,
        41,
        4
    ],
    "rational-text": [
        "When",
        " in",
        " capital",
        ",",
        " in"
    ],
    "rational-tokens": [
        2215,
        287,
        3139,
        11,
        287
    ],
    "importance-scores": [
        0.03449350968003273,
        0.023433439433574677,
        0.023355334997177124,
        0.023456891998648643,
        0.024450646713376045,
        0.023958532139658928,
        0.023659754544496536,
        0.023443350568413734,
        0.023361394181847572,
        0.023393940180540085,
        0.023346824571490288,
        0.02334245666861534,
        0.02333049103617668,
        0.023256897926330566,
        0.023642051964998245,
        0.023571528494358063,
        0.023407191038131714,
        0.023320745676755905,
        0.023309707641601562,
        0.023319529369473457,
        0.02329624630510807,
        0.023281173780560493,
        0.023437241092324257,
        0.023298483341932297,
        0.023275909945368767,
        0.02337615191936493,
        0.02330220676958561,
        0.023225288838148117,
        0.023237185552716255,
        0.023237798362970352,
        0.023224415257573128,
        0.023246262222528458,
        0.023224802687764168,
        0.023235777392983437,
        0.023494452238082886,
        0.023415951058268547,
        0.023473985493183136,
        0.023775549605488777,
        0.02523181587457657,
        0.02363700233399868,
        0.025217870250344276,
        0.025000208988785744
    ],
    "comments": {
        "created-by": "run_analogies.py",
        "args": {
            "model": "gpt2-medium",
            "cache_dir": "./cache/",
            "tokenizer": "gpt2-medium",
            "data_dir": "data/analogies/gpt2/",
            "importance_results_dir": "rationalization_results/analogies/gpt2_attention_last",
            "device": "cuda",
            "rationalization_config": "config/eva_attention_last.json",
            "input_num_ratio": 1,
            "logfolder": "logs/analogies/gpt2_attention_last",
            "loglevel": 20
        },
        "time_elapsed": 0.013403177261352539
    }
}