{
    "$schema": "../docs/rationalization.schema.json",
    "id": 131,
    "input-text": [
        "I",
        " had",
        " never",
        " been",
        " friends",
        " with",
        " any",
        " Indian",
        " people",
        " before",
        ".",
        " (",
        "The",
        " funn",
        "iest",
        " thing",
        " happened",
        " to",
        " me",
        " the",
        " other",
        " day",
        ",",
        " but",
        " that",
        "'s",
        " a",
        " story",
        " for",
        " another",
        " time",
        ").",
        " In",
        " fact",
        ",",
        " I",
        " had",
        " never",
        " even",
        " been",
        " to"
    ],
    "input-tokens": [
        40,
        550,
        1239,
        587,
        2460,
        351,
        597,
        3942,
        661,
        878,
        13,
        357,
        464,
        36090,
        6386,
        1517,
        3022,
        284,
        502,
        262,
        584,
        1110,
        11,
        475,
        326,
        338,
        257,
        1621,
        329,
        1194,
        640,
        737,
        554,
        1109,
        11,
        314,
        550,
        1239,
        772,
        587,
        284
    ],
    "target-text": " India",
    "target-token": 3794,
    "rational-size": 5,
    "rational-positions": [
        0,
        40,
        32,
        10,
        7
    ],
    "rational-text": [
        "I",
        " to",
        " In",
        ".",
        " Indian"
    ],
    "rational-tokens": [
        40,
        284,
        554,
        13,
        3942
    ],
    "importance-scores": [
        0.03616391494870186,
        0.02399687096476555,
        0.02398950606584549,
        0.023876575753092766,
        0.023878516629338264,
        0.024213090538978577,
        0.02391178160905838,
        0.02465910278260708,
        0.024041464552283287,
        0.024164512753486633,
        0.024672064930200577,
        0.024472258985042572,
        0.024178411811590195,
        0.023813921958208084,
        0.023841768503189087,
        0.023816902190446854,
        0.0238775797188282,
        0.0239375289529562,
        0.023942522704601288,
        0.02386551722884178,
        0.023842744529247284,
        0.023925283923745155,
        0.02405564673244953,
        0.023878110572695732,
        0.023784272372722626,
        0.023791562765836716,
        0.02379419282078743,
        0.023786215111613274,
        0.023841993883252144,
        0.02378496155142784,
        0.023804327473044395,
        0.024505507200956345,
        0.025033149868249893,
        0.02408689074218273,
        0.02448742277920246,
        0.024019164964556694,
        0.023940622806549072,
        0.02394256368279457,
        0.023903407156467438,
        0.02390529401600361,
        0.026572855189442635
    ],
    "comments": {
        "created-by": "run_analogies.py",
        "args": {
            "model": "gpt2-medium",
            "cache_dir": "./cache/",
            "tokenizer": "gpt2-medium",
            "data_dir": "data/analogies/gpt2/",
            "importance_results_dir": "rationalization_results/analogies/gpt2_attention_last",
            "device": "cuda",
            "rationalization_config": "config/eva_attention_last.json",
            "input_num_ratio": 1,
            "logfolder": "logs/analogies/gpt2_attention_last",
            "loglevel": 20
        },
        "time_elapsed": 0.013198137283325195
    }
}