{
    "$schema": "../docs/rationalization.schema.json",
    "id": 61,
    "input-text": [
        "As",
        " soon",
        " as",
        " I",
        " arrived",
        " in",
        " Illinois",
        ",",
        " I",
        " checked",
        " into",
        " my",
        " hotel",
        " and",
        " watched",
        " a",
        " movie",
        " before",
        " falling",
        " asleep",
        ".",
        " (",
        "I",
        " had",
        " a",
        " great",
        " call",
        " with",
        " my",
        " husband",
        ",",
        " although",
        " I",
        " wish",
        " it",
        " were",
        " longer",
        ").",
        " I",
        " was",
        " staying",
        " in",
        " my",
        " favorite",
        " city",
        ","
    ],
    "input-tokens": [
        1722,
        2582,
        355,
        314,
        5284,
        287,
        9486,
        11,
        314,
        10667,
        656,
        616,
        7541,
        290,
        7342,
        257,
        3807,
        878,
        7463,
        16039,
        13,
        357,
        40,
        550,
        257,
        1049,
        869,
        351,
        616,
        5229,
        11,
        3584,
        314,
        4601,
        340,
        547,
        2392,
        737,
        314,
        373,
        10589,
        287,
        616,
        4004,
        1748,
        11
    ],
    "target-text": " Chicago",
    "target-token": 4842,
    "rational-size": 5,
    "rational-positions": [
        0,
        6,
        41,
        45,
        5
    ],
    "rational-text": [
        "As",
        " Illinois",
        " in",
        ",",
        " in"
    ],
    "rational-tokens": [
        1722,
        9486,
        287,
        11,
        287
    ],
    "importance-scores": [
        0.0318797342479229,
        0.021249894052743912,
        0.02140989899635315,
        0.02136443927884102,
        0.02147616259753704,
        0.021897057071328163,
        0.02261354587972164,
        0.021601874381303787,
        0.021515322849154472,
        0.02140832133591175,
        0.021773800253868103,
        0.021531786769628525,
        0.021536346524953842,
        0.0214285496622324,
        0.021496862173080444,
        0.021452121436595917,
        0.021492334082722664,
        0.02137506566941738,
        0.021263757720589638,
        0.02141132764518261,
        0.021710772067308426,
        0.021492253988981247,
        0.021363381296396255,
        0.021378614008426666,
        0.021351171657443047,
        0.021331695839762688,
        0.02130931243300438,
        0.021577801555395126,
        0.021402496844530106,
        0.021424414590001106,
        0.021522149443626404,
        0.021371671929955482,
        0.02130487747490406,
        0.021286917850375175,
        0.02125396765768528,
        0.021269308403134346,
        0.02131301537156105,
        0.02160286344587803,
        0.021508051082491875,
        0.021445639431476593,
        0.0216364823281765,
        0.022138750180602074,
        0.021531330421566963,
        0.021559778600931168,
        0.021635087206959724,
        0.022100020200014114
    ],
    "comments": {
        "created-by": "run_analogies.py",
        "args": {
            "model": "gpt2-medium",
            "cache_dir": "./cache/",
            "tokenizer": "gpt2-medium",
            "data_dir": "data/analogies/gpt2/",
            "importance_results_dir": "rationalization_results/analogies/gpt2_attention_last",
            "device": "cuda",
            "rationalization_config": "config/eva_attention_last.json",
            "input_num_ratio": 1,
            "logfolder": "logs/analogies/gpt2_attention_last",
            "loglevel": 20
        },
        "time_elapsed": 0.013673543930053711
    }
}