{
    "$schema": "../docs/rationalization.schema.json",
    "id": 73,
    "input-text": [
        "As",
        " soon",
        " as",
        " I",
        " arrived",
        " in",
        " Wisconsin",
        ",",
        " I",
        " checked",
        " into",
        " my",
        " hotel",
        " and",
        " watched",
        " a",
        " movie",
        " before",
        " falling",
        " asleep",
        ".",
        " (",
        "I",
        " had",
        " a",
        " great",
        " call",
        " with",
        " my",
        " husband",
        ",",
        " although",
        " I",
        " wish",
        " it",
        " were",
        " longer",
        ").",
        " I",
        " was",
        " staying",
        " in",
        " my",
        " favorite",
        " city",
        ","
    ],
    "input-tokens": [
        1722,
        2582,
        355,
        314,
        5284,
        287,
        9279,
        11,
        314,
        10667,
        656,
        616,
        7541,
        290,
        7342,
        257,
        3807,
        878,
        7463,
        16039,
        13,
        357,
        40,
        550,
        257,
        1049,
        869,
        351,
        616,
        5229,
        11,
        3584,
        314,
        4601,
        340,
        547,
        2392,
        737,
        314,
        373,
        10589,
        287,
        616,
        4004,
        1748,
        11
    ],
    "target-text": " Madison",
    "target-token": 14909,
    "rational-size": 5,
    "rational-positions": [
        0,
        6,
        45,
        41,
        5
    ],
    "rational-text": [
        "As",
        " Wisconsin",
        ",",
        " in",
        " in"
    ],
    "rational-tokens": [
        1722,
        9279,
        11,
        287,
        287
    ],
    "importance-scores": [
        0.031804826110601425,
        0.021249519661068916,
        0.0214022658765316,
        0.021359585225582123,
        0.021456658840179443,
        0.021899117156863213,
        0.022811783477663994,
        0.021581660956144333,
        0.021469710394740105,
        0.021406730636954308,
        0.021760208532214165,
        0.021495595574378967,
        0.021515991538763046,
        0.021396588534116745,
        0.02147555910050869,
        0.02144457772374153,
        0.021472329273819923,
        0.021373732015490532,
        0.021257638931274414,
        0.021427011117339134,
        0.021731672808527946,
        0.02149125374853611,
        0.02135561779141426,
        0.02135513536632061,
        0.021327560767531395,
        0.021312067285180092,
        0.021310659125447273,
        0.021559471264481544,
        0.0213741697371006,
        0.021417716518044472,
        0.02150626666843891,
        0.021354757249355316,
        0.02130137011408806,
        0.021281735971570015,
        0.02125026471912861,
        0.02126014605164528,
        0.021298637613654137,
        0.02162669040262699,
        0.021498052403330803,
        0.021409491077065468,
        0.021660825237631798,
        0.02222861908376217,
        0.02146991156041622,
        0.0215265154838562,
        0.021624542772769928,
        0.02240573614835739
    ],
    "comments": {
        "created-by": "run_analogies.py",
        "args": {
            "model": "gpt2-medium",
            "cache_dir": "./cache/",
            "tokenizer": "gpt2-medium",
            "data_dir": "data/analogies/gpt2/",
            "importance_results_dir": "rationalization_results/analogies/gpt2_attention_last",
            "device": "cuda",
            "rationalization_config": "config/eva_attention_last.json",
            "input_num_ratio": 1,
            "logfolder": "logs/analogies/gpt2_attention_last",
            "loglevel": 20
        },
        "time_elapsed": 0.013649702072143555
    }
}