{
    "$schema": "../docs/rationalization.schema.json",
    "id": 84,
    "input-text": [
        "I",
        " knew",
        " it",
        " was",
        " fast",
        ",",
        " but",
        " that",
        "'s",
        " before",
        " I",
        " saw",
        " it",
        " in",
        " person",
        ".",
        " (",
        "Just",
        " then",
        " I",
        " thought",
        " about",
        " my",
        " ex",
        "-",
        "wife",
        ",",
        " but",
        " I",
        " had",
        " to",
        " stop",
        " thinking",
        " about",
        " her",
        ").",
        " When",
        " I",
        " did",
        " end",
        " up",
        " seeing",
        " it",
        " in",
        " person",
        ",",
        " it",
        " was",
        " even"
    ],
    "input-tokens": [
        40,
        2993,
        340,
        373,
        3049,
        11,
        475,
        326,
        338,
        878,
        314,
        2497,
        340,
        287,
        1048,
        13,
        357,
        5703,
        788,
        314,
        1807,
        546,
        616,
        409,
        12,
        22095,
        11,
        475,
        314,
        550,
        284,
        2245,
        3612,
        546,
        607,
        737,
        1649,
        314,
        750,
        886,
        510,
        4379,
        340,
        287,
        1048,
        11,
        340,
        373,
        772
    ],
    "target-text": " faster",
    "target-token": 5443,
    "rational-size": 5,
    "rational-positions": [
        0,
        47,
        46,
        4,
        48
    ],
    "rational-text": [
        "I",
        " was",
        " it",
        " fast",
        " even"
    ],
    "rational-tokens": [
        40,
        373,
        340,
        3049,
        772
    ],
    "importance-scores": [
        0.03001398779451847,
        0.020241519436240196,
        0.020158827304840088,
        0.02018991857767105,
        0.020465316250920296,
        0.020337935537099838,
        0.020207028836011887,
        0.020135559141635895,
        0.020137693732976913,
        0.02012169361114502,
        0.02012213133275509,
        0.020204398781061172,
        0.020179253071546555,
        0.02030024863779545,
        0.02024703100323677,
        0.020420823246240616,
        0.020270483568310738,
        0.020094163715839386,
        0.020065635442733765,
        0.020112646743655205,
        0.02006615698337555,
        0.02020297944545746,
        0.020167915150523186,
        0.020058419555425644,
        0.020047374069690704,
        0.020064543932676315,
        0.020122716203331947,
        0.020077161490917206,
        0.020083164796233177,
        0.02014213800430298,
        0.02007378824055195,
        0.020043253898620605,
        0.02005075477063656,
        0.020030463114380836,
        0.020057935267686844,
        0.020268922671675682,
        0.020214153453707695,
        0.020144741982221603,
        0.02007710374891758,
        0.020019471645355225,
        0.020127851516008377,
        0.02023203857243061,
        0.020326437428593636,
        0.020159101113677025,
        0.020112551748752594,
        0.02020079642534256,
        0.02057662419974804,
        0.02178242616355419,
        0.020442772656679153
    ],
    "comments": {
        "created-by": "run_analogies.py",
        "args": {
            "model": "gpt2-medium",
            "cache_dir": "./cache/",
            "tokenizer": "gpt2-medium",
            "data_dir": "data/analogies/gpt2/",
            "importance_results_dir": "rationalization_results/analogies/gpt2_attention_last",
            "device": "cuda",
            "rationalization_config": "config/eva_attention_last.json",
            "input_num_ratio": 1,
            "logfolder": "logs/analogies/gpt2_attention_last",
            "loglevel": 20
        },
        "time_elapsed": 0.013396978378295898
    }
}