{
    "$schema": "../docs/rationalization.schema.json",
    "id": 91,
    "input-text": [
        "I",
        " knew",
        " it",
        " was",
        " short",
        ",",
        " but",
        " that",
        "'s",
        " before",
        " I",
        " saw",
        " it",
        " in",
        " person",
        ".",
        " (",
        "Just",
        " then",
        " I",
        " thought",
        " about",
        " my",
        " ex",
        "-",
        "wife",
        ",",
        " but",
        " I",
        " had",
        " to",
        " stop",
        " thinking",
        " about",
        " her",
        ").",
        " When",
        " I",
        " did",
        " end",
        " up",
        " seeing",
        " it",
        " in",
        " person",
        ",",
        " it",
        " was",
        " even"
    ],
    "input-tokens": [
        40,
        2993,
        340,
        373,
        1790,
        11,
        475,
        326,
        338,
        878,
        314,
        2497,
        340,
        287,
        1048,
        13,
        357,
        5703,
        788,
        314,
        1807,
        546,
        616,
        409,
        12,
        22095,
        11,
        475,
        314,
        550,
        284,
        2245,
        3612,
        546,
        607,
        737,
        1649,
        314,
        750,
        886,
        510,
        4379,
        340,
        287,
        1048,
        11,
        340,
        373,
        772
    ],
    "target-text": " shorter",
    "target-token": 12238,
    "rational-size": 5,
    "rational-positions": [
        0,
        47,
        46,
        15,
        48
    ],
    "rational-text": [
        "I",
        " was",
        " it",
        ".",
        " even"
    ],
    "rational-tokens": [
        40,
        373,
        340,
        13,
        772
    ],
    "importance-scores": [
        0.030919982120394707,
        0.02023370750248432,
        0.020132411271333694,
        0.020167233422398567,
        0.020346837118268013,
        0.020330706611275673,
        0.020215190947055817,
        0.020105309784412384,
        0.02012822963297367,
        0.020104188472032547,
        0.020100979134440422,
        0.020186757668852806,
        0.020176488906145096,
        0.02016213908791542,
        0.020230481401085854,
        0.020420823246240616,
        0.020250432193279266,
        0.020089920610189438,
        0.020068252459168434,
        0.020094498991966248,
        0.0200665183365345,
        0.020190300419926643,
        0.020139718428254128,
        0.02006315067410469,
        0.02004849724471569,
        0.020078368484973907,
        0.02014949545264244,
        0.020083174109458923,
        0.020090028643608093,
        0.020152369514107704,
        0.020071564242243767,
        0.02004280313849449,
        0.02004784345626831,
        0.020024072378873825,
        0.02005193941295147,
        0.020288411527872086,
        0.020228249952197075,
        0.020139381289482117,
        0.020070841535925865,
        0.02001444436609745,
        0.020116735249757767,
        0.02026694267988205,
        0.02027704194188118,
        0.020137939602136612,
        0.02013072371482849,
        0.02020839974284172,
        0.020502250641584396,
        0.021454280242323875,
        0.020399948582053185
    ],
    "comments": {
        "created-by": "run_analogies.py",
        "args": {
            "model": "gpt2-medium",
            "cache_dir": "./cache/",
            "tokenizer": "gpt2-medium",
            "data_dir": "data/analogies/gpt2/",
            "importance_results_dir": "rationalization_results/analogies/gpt2_attention_last",
            "device": "cuda",
            "rationalization_config": "config/eva_attention_last.json",
            "input_num_ratio": 1,
            "logfolder": "logs/analogies/gpt2_attention_last",
            "loglevel": 20
        },
        "time_elapsed": 0.01345682144165039
    }
}