{
    "$schema": "../docs/rationalization.schema.json",
    "id": 95,
    "input-text": [
        "I",
        " knew",
        " it",
        " was",
        " tall",
        ",",
        " but",
        " that",
        "'s",
        " before",
        " I",
        " saw",
        " it",
        " in",
        " person",
        ".",
        " (",
        "Just",
        " then",
        " I",
        " thought",
        " about",
        " my",
        " ex",
        "-",
        "wife",
        ",",
        " but",
        " I",
        " had",
        " to",
        " stop",
        " thinking",
        " about",
        " her",
        ").",
        " When",
        " I",
        " did",
        " end",
        " up",
        " seeing",
        " it",
        " in",
        " person",
        ",",
        " it",
        " was",
        " even"
    ],
    "input-tokens": [
        40,
        2993,
        340,
        373,
        7331,
        11,
        475,
        326,
        338,
        878,
        314,
        2497,
        340,
        287,
        1048,
        13,
        357,
        5703,
        788,
        314,
        1807,
        546,
        616,
        409,
        12,
        22095,
        11,
        475,
        314,
        550,
        284,
        2245,
        3612,
        546,
        607,
        737,
        1649,
        314,
        750,
        886,
        510,
        4379,
        340,
        287,
        1048,
        11,
        340,
        373,
        772
    ],
    "target-text": " taller",
    "target-token": 25242,
    "rational-size": 5,
    "rational-positions": [
        0,
        47,
        4,
        48,
        5
    ],
    "rational-text": [
        "I",
        " was",
        " tall",
        " even",
        ","
    ],
    "rational-tokens": [
        40,
        373,
        7331,
        772,
        11
    ],
    "importance-scores": [
        0.030434753745794296,
        0.02022770792245865,
        0.020117007195949554,
        0.020153826102614403,
        0.02091517485678196,
        0.020448630675673485,
        0.02025528997182846,
        0.02016272395849228,
        0.020116128027439117,
        0.02007855847477913,
        0.020084405317902565,
        0.02020092122256756,
        0.020162120461463928,
        0.02018675208091736,
        0.020227625966072083,
        0.020392242819070816,
        0.020245127379894257,
        0.02008807845413685,
        0.020080704241991043,
        0.02011319249868393,
        0.020081786438822746,
        0.020208653062582016,
        0.02017393708229065,
        0.02006825990974903,
        0.02005569264292717,
        0.020105915144085884,
        0.020175473764538765,
        0.020068716257810593,
        0.020073197782039642,
        0.020123085007071495,
        0.02005094103515148,
        0.02002163790166378,
        0.02002435363829136,
        0.02002822607755661,
        0.020040363073349,
        0.020251909270882607,
        0.02021784707903862,
        0.020130835473537445,
        0.02005794458091259,
        0.020008834078907967,
        0.020112356171011925,
        0.02022860385477543,
        0.02017195336520672,
        0.020107630640268326,
        0.020085781812667847,
        0.02018558792769909,
        0.020392566919326782,
        0.021520154550671577,
        0.02053683251142502
    ],
    "comments": {
        "created-by": "run_analogies.py",
        "args": {
            "model": "gpt2-medium",
            "cache_dir": "./cache/",
            "tokenizer": "gpt2-medium",
            "data_dir": "data/analogies/gpt2/",
            "importance_results_dir": "rationalization_results/analogies/gpt2_attention_last",
            "device": "cuda",
            "rationalization_config": "config/eva_attention_last.json",
            "input_num_ratio": 1,
            "logfolder": "logs/analogies/gpt2_attention_last",
            "loglevel": 20
        },
        "time_elapsed": 0.013523340225219727
    }
}