suff,comp,random_suff,random_comp
0.12787685882562952,0.8689588650357951,0.06823509131166298,0.670660888901856
