suff,comp,random_suff,random_comp
0.08470172382018899,0.6868161425082574,0.03866341493996051,0.3653948104619377
