suff,comp,random_suff,random_comp
0.12710038257577422,0.8827610588004512,0.07393162199026225,0.8372792094030389
