suff,comp,random_suff,random_comp
0.21273819654946335,0.8913235094039347,0.0989783491877264,0.8679149122113785
