suff,comp,random_suff,random_comp
0.04843074790789605,0.6055651465974973,0.026861695394407935,0.21764508680308364
