suff,comp,random_suff,random_comp
0.014048843525846948,0.535724662616093,0.0022641816151281785,0.004754512323792998
