suff,comp,random_suff,random_comp
0.11030935335900881,0.8166772149998902,0.0404416375343678,0.4858604153286201
