,Methods,Ante (3),No D (3),Ante (5),No D (5),Ante (7),No D (7),Ante (10),No D (10)
0,Norm,0.993630588054657,0.9617834687232972,1.0,0.7579618096351624,1.0,0.5987260937690735,1.0,0.3057324886322021
1,Signed,0.4140127301216125,0.8407643437385559,0.4649681448936462,0.656050980091095,0.4777069985866546,0.4458598792552948,0.4904458522796631,0.0891719758510589
2,Inseq Ig,0.9554139971733092,0.7834395170211792,0.993630588054657,0.6242038011550903,1.0,0.4394904375076294,1.0,0.2165605127811432
3,Rollout Attention,0.0127388536930084,1.0,0.0191082805395126,1.0,0.5732483863830566,1.0,1.0,0.8917197585105896
4,Last Attention,0.5095541477203369,1.0,0.7515923380851746,0.993630588054657,0.9808917045593262,0.7834395170211792,0.993630588054657,0.3694267570972442
5,All Attention,0.2993630468845367,1.0,0.8789808750152588,1.0,0.96815288066864,0.656050980091095,0.993630588054657,0.1401273906230926
6,Ours,0.6178343892097473,0.5541401505470276,0.7197452187538147,0.2292993664741516,0.7961783409118652,0.1146496832370758,0.8598726391792297,0.0254777073860168
