suff,comp,random_suff,random_comp
0.02706432239147348,0.8985866087232729,0.026882287426519914,0.8588082070342945
