suff,comp,random_suff,random_comp
0.03277300448661427,0.9180252812154929,0.028571149415013923,0.8863953901828707
