suff,comp,random_suff,random_comp
0.07330788012361868,0.9626658323007249,0.02610063028694661,0.8878285304618363
