suff,comp,random_suff,random_comp
0.02668608563963377,0.7481222688789844,0.0051472829830159885,0.6165939434962049
