suff,comp,random_suff,random_comp
0.0014380778167500036,0.0009608967975043954,0.0015865413694754935,0.001272086958514085
