suff,comp,random_suff,random_comp
0.08033039758064642,0.9827712518506465,0.04203314462576819,0.9266008392630785
