suff,comp,random_suff,random_comp
0.047496820998501416,0.9098628091821833,0.009363728274055806,0.765547858885512
