suff,comp,random_suff,random_comp
0.0008820771860205583,0.027701644210853964,0.0006642280447241935,0.026043638353360384
