suff,comp,random_suff,random_comp
0.07989581004185017,0.9699697666266279,0.02992459407140302,0.9091522989326424
