suff,comp,random_suff,random_comp
0.0008389829827618833,0.027805557268917955,0.0008842632300744574,0.03039906576323447
