suff,comp,random_suff,random_comp
0.06468932116613484,0.9561620572779252,0.019806338640222243,0.8454403753661442
