suff,comp,random_suff,random_comp
0.09629837305394749,0.9813235096601111,0.051899251204380166,0.9429190958885364
