suff,comp,random_suff,random_comp
0.02668608563963377,0.7481222688789844,0.005756511636268714,0.6472146505001799
