suff,comp,random_suff,random_comp
0.047496820998501416,0.9098628091821833,0.011460470374075788,0.7967418083354947
