suff,comp,random_suff,random_comp
0.07989581004185017,0.9699697666266279,0.03140580090967696,0.9060778905176661
