target_pos,target_token,norm_suff,random_suff,norm_comp,random_comp
33, in,0.04581204429268837,0.0,0.06635339558124542,0.06634113192558289
35, in,0.07137320190668106,0.06768248975276947,0.0507529117166996,0.08866820484399796
37, United,0.009236878715455532,0.0,0.04546279460191727,0.0010870289988815784
39,.,0.04618580639362335,0.0,0.00980500690639019,0.019971247762441635
41, is,0.007222235668450594,0.0,0.040276311337947845,0.03906926140189171
