target_pos,target_token,norm_suff,random_suff,norm_comp,random_comp
33, in,0.0,0.0,0.0715876966714859,0.02499321661889553
35, in,0.03603808581829071,0.0,0.06626849621534348,0.04396045580506325
37, United,0.002490909304469824,0.0,0.02710648998618126,0.011896373704075813
39,.,0.06207689270377159,0.028469376266002655,0.02073235809803009,0.007297302130609751
41, is,0.03094436228275299,0.031116049736738205,0.026023847982287407,0.014907527714967728
