norm_suff_mean,random_suff_mean,norm_comp_mean,random_comp_mean,final suff,final comp,target_tokens
0.02631005086004734,0.011917085386812687,0.042343780398368835,0.020610976964235306,2.207758903503418,0.7833879590034485, in$ in$ United$.$ is
