norm_suff_mean,random_suff_mean,norm_comp_mean,random_comp_mean,final suff,final comp,target_tokens
0.03596603497862816,0.013536497950553894,0.042530085891485214,0.043027374893426895,2.6569674015045166,1.1963335275650024, in$ in$ United$.$ is
