target_pos,target_token,norm_suff,random_suff,norm_comp,random_comp
17, in,0.014370126649737358,0.020670291036367416,0.04109085723757744,0.02788408100605011
19,75,0.09658802300691605,0.0,0.14583563804626465,0.024587485939264297
21, and,0.0724945068359375,0.0662648007273674,0.026639284566044807,0.024668077006936073
23, located,0.1152767762541771,0.0126731526106596,0.051788635551929474,0.029871247708797455
25, Ottawa,0.0,0.0,1.0,0.020231299102306366
