target_pos,target_token,norm_suff,random_suff,norm_comp,random_comp
17, in,0.0,0.0,0.058686986565589905,0.07050858438014984
19,75,0.08442937582731247,0.0,0.051960539072752,0.060917846858501434
21, and,0.0,0.04280026629567146,0.05717631056904793,0.027652312070131302
23, located,0.045871078968048096,0.02429410256445408,0.9276381134986877,0.07341734319925308
25, Ottawa,0.0,0.0,1.0,0.01585674099624157
