norm_suff_mean,random_suff_mean,norm_comp_mean,random_comp_mean,final suff,final comp,target_tokens
0.026060093194246292,0.013418874703347683,0.4190923869609833,0.049670565873384476,1.9420475959777832,1.906001091003418, in$75$ and$ located$ Ottawa
