norm_suff_mean,random_suff_mean,norm_comp_mean,random_comp_mean,final suff,final comp,target_tokens
0.05974588915705681,0.019921649247407913,0.2530708909034729,0.02544843964278698,2.9990432262420654,0.42594462633132935, in$75$ and$ located$ Ottawa
