target_pos,target_token,norm_suff,random_suff,norm_comp,random_comp
18,"
",0.03398485109210014,0.0615733303129673,0.09606580436229706,0.2809860408306122
20,The,0.0,0.057605016976594925,0.060130104422569275,0.07759115099906921
22, of,0.0,0.0280749574303627,0.03814501315355301,0.03310351073741913
24, moons,0.12859293818473816,0.0,0.19901223480701447,0.015408724546432495
26, Miranda,0.0,0.0,1.0,0.1292121708393097
