target_pos,target_token,norm_suff,random_suff,norm_comp,random_comp
18,"
",0.0,0.0381777323782444,0.08225296437740326,0.07157787680625916
20,The,0.0,0.0,0.7323087453842163,0.08647050708532333
22, of,0.09298545867204666,0.017271490767598152,0.03134676814079285,0.03517916426062584
24, moons,0.08632528781890869,0.0,0.061261918395757675,0.06550826132297516
26, Miranda,0.0,0.011206893250346184,1.0,0.08596519380807877
