norm_suff_mean,random_suff_mean,norm_comp_mean,random_comp_mean,final suff,final comp,target_tokens
0.03251555934548378,0.029450660571455956,0.27867063879966736,0.1072603240609169,1.1040688753128052,3.298738479614258,"
$The$ of$ moons$ Miranda"
