norm_suff_mean,random_suff_mean,norm_comp_mean,random_comp_mean,final suff,final comp,target_tokens
0.03586214780807495,0.013331222347915173,0.3814340829849243,0.06894019991159439,2.690087080001831,1.922366738319397,"
$The$ of$ moons$ Miranda"
