target_pos,target_token,norm_suff,random_suff,norm_comp,random_comp
15, or,0.06745603680610657,0.0544709712266922,0.10645843297243118,0.04688217490911484
17,com,0.0021085855551064014,0.02636946551501751,0.1067972481250763,0.4124378561973572
19,.,0.03556421771645546,0.011696959845721722,0.033066533505916595,0.024377282708883286
21, genus,0.06474082171916962,0.0,0.03749307990074158,0.04337919130921364
23,ill,0.009821431711316109,0.001370023936033249,0.01665622927248478,0.003552500158548355
