target_pos,target_token,norm_suff,random_suff,norm_comp,random_comp
15, or,0.00047670616186223924,0.0939144417643547,0.05179832875728607,0.04852946102619171
17,com,0.037388503551483154,0.04335440322756767,0.11235271394252777,0.11302313208580017
19,.,0.16380541026592255,0.0,0.04253823682665825,0.0264327023178339
21, genus,0.05195366218686104,0.006939347367733717,0.27290335297584534,0.06036173552274704
23,ill,0.024420177564024925,0.009022225625813007,1.0029237270355225,0.004133518319576979
