norm_suff_mean,random_suff_mean,norm_comp_mean,random_comp_mean,final suff,final comp,target_tokens
0.03593821823596954,0.01878148317337036,0.060094304382801056,0.10612580925226212,1.91349196434021,2.9530069828033447, or$com$.$ genus$ill
