norm_suff_mean,random_suff_mean,norm_comp_mean,random_comp_mean,final suff,final comp,target_tokens
0.05560889467597008,0.030646085739135742,0.2965032756328583,0.05049611255526543,1.8145513534545898,0.9080581665039062, or$com$.$ genus$ill
