target_pos,target_token,norm_suff,random_suff,norm_comp,random_comp
24, or,0.0,0.042390644550323486,0.026794131845235825,0.018089022487401962
26,.,0.010694015771150589,0.007028041407465935,0.009231938049197197,0.0303865484893322
28,"
",0.0,0.12846601009368896,0.06863509863615036,0.010874638333916664
30,ign,0.01154912170022726,0.001289748353883624,0.731162428855896,0.0019579832442104816
32, tumors,0.04884759709239006,0.0064357188530266285,0.03441810980439186,0.02426021359860897
