target_pos,target_token,norm_suff,random_suff,norm_comp,random_comp
24, or,0.03217234089970589,0.023457488045096397,0.028965115547180176,0.01941605843603611
26,.,0.0,0.003770213108509779,0.036632731556892395,0.019718995317816734
28,"
",0.0,0.0,0.06126203015446663,0.019932284951210022
30,ign,0.013872451148927212,0.0014398123603314161,0.015033143572509289,0.002819242887198925
32, tumors,0.00953927543014288,0.0,0.05634215474128723,0.00856191385537386
