norm_suff_mean,random_suff_mean,norm_comp_mean,random_comp_mean,final suff,final comp,target_tokens
0.011116813868284225,0.005733502563089132,0.03964703902602196,0.014089700765907764,1.9389219284057617,1.2674225568771362," or$.$
$ign$ tumors"
