norm_suff_mean,random_suff_mean,norm_comp_mean,random_comp_mean,final suff,final comp,target_tokens
0.014218146912753582,0.03712203726172447,0.17404834926128387,0.017113681882619858,0.38301095366477966,1.203650712966919," or$.$
$ign$ tumors"
