target_pos,target_token,norm_suff,random_suff,norm_comp,random_comp
20, and,0.01633700542151928,0.07392223179340363,0.03435049206018448,0.061274342238903046
22, pr,0.0,0.0,1.0,0.03933734446763992
24, of,0.08478374779224396,0.04900851100683212,0.03679809346795082,0.020394938066601753
26, Ecc,0.0,0.0,1.0,0.05969759449362755
28, Province,0.0,9.564055289956741e-06,1.0,0.020273033529520035
