target_pos,target_token,norm_suff,random_suff,norm_comp,random_comp
20, and,0.0,0.037456952035427094,0.03909798339009285,0.02592437155544758
22, pr,0.0,0.007801566272974014,1.0,0.04423706606030464
24, of,0.015454048290848732,0.07934676855802536,0.06853880733251572,0.037126392126083374
26, Ecc,0.0,0.0005240802420303226,1.0,0.06255904585123062
28, Province,0.012751694768667221,0.00017478309746365994,0.945776641368866,0.017053857445716858
