norm_suff_mean,random_suff_mean,norm_comp_mean,random_comp_mean,final suff,final comp,target_tokens
0.005641148891299963,0.025060830637812614,0.6106826663017273,0.037380147725343704,0.22509823739528656,6.626336097717285, and$ pr$ of$ Ecc$ Province
