norm_suff_mean,random_suff_mean,norm_comp_mean,random_comp_mean,final suff,final comp,target_tokens
0.020224152132868767,0.02458806149661541,0.614229679107666,0.04019545391201973,0.8225191831588745,1.9874975681304932, and$ pr$ of$ Ecc$ Province
