target_pos,target_token,norm_suff,random_suff,norm_comp,random_comp
21, (,0.07083171606063843,0.016634810715913773,0.20838622748851776,0.060702718794345856
23,",",0.0,0.04427562281489372,0.004937387071549892,0.01987745612859726
25, km,0.0005432095495052636,0.0014248548541218042,0.010373587720096111,0.029696641489863396
27, west,0.01581047847867012,0.0,0.04772162809967995,0.01902598887681961
29, the,0.006160829681903124,0.0,0.055244773626327515,0.04814239963889122
