target_pos,target_token,norm_suff,random_suff,norm_comp,random_comp
21, (,0.09564048796892166,0.0,0.17421437799930573,0.07847864925861359
23,",",0.05422136187553406,6.502403994090855e-05,0.011314189992845058,0.006031719036400318
25, km,0.004611846059560776,0.0033645592629909515,0.07275264710187912,0.01454025600105524
27, west,0.01564585044980049,0.009864325635135174,0.053407635539770126,0.0738895907998085
29, the,0.0,0.007102190051227808,0.09578920155763626,0.04329666495323181
