norm_suff_mean,random_suff_mean,norm_comp_mean,random_comp_mean,final suff,final comp,target_tokens
0.03402390703558922,0.00407921988517046,0.08149560540914536,0.04324737936258316,8.340787887573242,1.2710880041122437," ($,$ km$ west$ the"
