norm_suff_mean,random_suff_mean,norm_comp_mean,random_comp_mean,final suff,final comp,target_tokens
0.0186692476272583,0.01246705837547779,0.06533271819353104,0.0354890413582325,1.4974862337112427,1.9009357690811157," ($,$ km$ west$ the"
