target_pos,target_token,norm_suff,random_suff,norm_comp,random_comp
25, by,0.018891002982854843,0.029651060700416565,0.8997097015380859,0.034945111721754074
27, B,0.06729608029127121,0.027417946606874466,0.06860717386007309,0.041016653180122375
29,en,0.026842370629310608,0.014848954975605011,0.595975935459137,0.011179500259459019
31, Mel,0.0,0.0,1.0,0.03132260963320732
33, Wall,0.0,0.023051299154758453,1.0,0.06574071943759918
