target_pos,target_token,norm_suff,random_suff,norm_comp,random_comp
25, by,0.03797522187232971,0.014494778588414192,0.2703210711479187,0.010192489251494408
27, B,0.08970436453819275,0.046160753816366196,0.501599133014679,0.07289092242717743
29,en,0.02680530771613121,0.03131391853094101,0.8177338242530823,0.008327004499733448
31, Mel,0.0,0.0028103806544095278,1.0,0.04174063727259636
33, Wall,0.0,0.001161776133812964,1.0,0.0380423404276371
