norm_suff_mean,random_suff_mean,norm_comp_mean,random_comp_mean,final suff,final comp,target_tokens
0.022605890408158302,0.01899385266005993,0.7128586173057556,0.03684091940522194,1.1901687383651733,1.6297043561935425, by$ B$en$ Mel$ Wall
