norm_suff_mean,random_suff_mean,norm_comp_mean,random_comp_mean,final suff,final comp,target_tokens
0.030896980315446854,0.019188322126865387,0.717930793762207,0.034238677471876144,1.6101970672607422,1.1081560850143433, by$ B$en$ Mel$ Wall
