target_pos,target_token,norm_suff,random_suff,norm_comp,random_comp
21, by,0.02387329749763012,0.02703101933002472,0.15091373026371002,0.03129523992538452
23, American,0.0139209795743227,0.002533082151785493,0.17688952386379242,0.05243208259344101
25, industry,0.0707450658082962,0.0023935327772051096,0.22993700206279755,0.06545012444257736
27, It,0.0,0.0,0.08486468344926834,0.06269121170043945
29, given,0.0,0.013977184891700745,1.0,0.09836035966873169
