target_pos,target_token,norm_suff,random_suff,norm_comp,random_comp
21, by,0.002011490985751152,0.0,0.3777935206890106,0.03301704674959183
23, American,0.008916807360947132,0.0,0.11300408840179443,0.07454850524663925
25, industry,0.10277874767780304,0.005965190473943949,0.2916967272758484,0.031004996970295906
27, It,0.0,0.003841653000563383,0.04074288532137871,0.026349468156695366
29, given,0.0,0.01665959693491459,1.0,0.11634816974401474
