norm_suff_mean,random_suff_mean,norm_comp_mean,random_comp_mean,final suff,final comp,target_tokens
0.021707868203520775,0.009186963550746441,0.3285209834575653,0.062045808881521225,2.3628990650177,2.858217477798462, by$ American$ industry$ It$ given
