norm_suff_mean,random_suff_mean,norm_comp_mean,random_comp_mean,final suff,final comp,target_tokens
0.02274140901863575,0.005293288268148899,0.36464744806289673,0.05625363811850548,4.2962727546691895,2.4736216068267822, by$ American$ industry$ It$ given
