target_pos,target_token,norm_suff,random_suff,norm_comp,random_comp
27, The,0.0,0.04658733680844307,0.021697811782360077,0.017086748033761978
29,eng,0.03776922449469566,0.0022133870515972376,0.9953679442405701,0.01002509891986847
31, period,0.04435821995139122,0.05151014029979706,0.44402822852134705,0.08035051822662354
33, a,0.004054087679833174,0.04471087083220482,0.02396940253674984,0.02972995862364769
35, of,0.042762402445077896,0.05093555152416229,0.011438440531492233,0.02061990648508072
