target_pos,target_token,norm_suff,random_suff,norm_comp,random_comp
27, The,0.0,0.021226096898317337,0.018717626109719276,0.019277315586805344
29,eng,0.04260701686143875,0.0,0.14539867639541626,0.018429966643452644
31, period,0.044651735574007034,0.0219306368380785,0.6919485926628113,0.028564607724547386
33, a,0.0,0.0,0.013429277576506138,0.021411191672086716
35, of,0.0,0.0252321008592844,0.037214405834674835,0.018333319574594498
