norm_suff_mean,random_suff_mean,norm_comp_mean,random_comp_mean,final suff,final comp,target_tokens
0.017451751977205276,0.013677767477929592,0.1813417226076126,0.021203279495239258,1.275921106338501,1.2149657011032104, The$eng$ period$ a$ of
