norm_suff_mean,random_suff_mean,norm_comp_mean,random_comp_mean,final suff,final comp,target_tokens
0.025788787752389908,0.039191458374261856,0.2993004024028778,0.0315624475479126,0.6580206155776978,1.2238825559616089, The$eng$ period$ a$ of
