target_pos,target_token,norm_suff,random_suff,norm_comp,random_comp
17, at,0.0,0.01458690408617258,0.0793289765715599,0.025394601747393608
19, top,0.0019232099875807762,0.009138833731412888,0.14640413224697113,0.022368108853697777
21, the,0.03191898390650749,0.022007200866937637,0.03578534349799156,0.04867859184741974
23, social,0.0,0.0,1.0,0.03882863000035286
25,.,0.12868542969226837,0.13089880347251892,0.017506472766399384,0.0069465734995901585
