target_pos,target_token,norm_suff,random_suff,norm_comp,random_comp
17, at,0.020424971356987953,0.0,0.15948627889156342,0.024071920663118362
19, top,0.008283237926661968,0.009994616732001305,0.0615888386964798,0.043118663132190704
21, the,0.0,0.0,0.025232583284378052,0.046405941247940063
23, social,0.0,0.0063287969678640366,1.0,0.020418455824255943
25,.,0.03960583731532097,0.23810957372188568,0.008472069166600704,0.017173537984490395
