norm_suff_mean,random_suff_mean,norm_comp_mean,random_comp_mean,final suff,final comp,target_tokens
0.013662809506058693,0.050886597484350204,0.2509559392929077,0.030237704515457153,0.26849523186683655,2.213139533996582, at$ top$ the$ social$.
