norm_suff_mean,random_suff_mean,norm_comp_mean,random_comp_mean,final suff,final comp,target_tokens
0.032505523413419724,0.03532635048031807,0.25580498576164246,0.02844330109655857,0.9201495051383972,0.8750298023223877, at$ top$ the$ social$.
