target_pos,target_token,norm_suff,random_suff,norm_comp,random_comp
16, is,0.07942922413349152,0.0,0.32073915004730225,0.07455787807703018
18, species,0.0,0.0,0.484881192445755,0.03842984884977341
20, lobster,0.07530658692121506,0.010580526664853096,0.6612863540649414,0.11869407445192337
22, the,0.009961968287825584,0.0,0.0032622588332742453,0.007020703982561827
24, Neph,0.0,0.02792007103562355,1.0,0.05889977887272835
