target_pos,target_token,norm_suff,random_suff,norm_comp,random_comp
16, is,0.04542797431349754,0.039102133363485336,0.05228181183338165,0.0821799784898758
18, species,0.027912573888897896,0.02040695771574974,0.27283039689064026,0.036786288022994995
20, lobster,0.008953357115387917,0.004616730380803347,0.865388810634613,0.051098864525556564
22, the,0.10016871988773346,0.010093928314745426,0.0032422873191535473,0.004368091933429241
24, Neph,0.0,0.003887236351147294,1.0,0.05978685989975929
