norm_suff_mean,random_suff_mean,norm_comp_mean,random_comp_mean,final suff,final comp,target_tokens
0.03293955698609352,0.007700120098888874,0.4940338134765625,0.05952046066522598,4.277797698974609,1.8069599866867065, is$ species$ lobster$ the$ Neph
