norm_suff_mean,random_suff_mean,norm_comp_mean,random_comp_mean,final suff,final comp,target_tokens
0.03649252653121948,0.015621396712958813,0.43874865770339966,0.04684401676058769,2.3360605239868164,1.2836605310440063, is$ species$ lobster$ the$ Neph
