target_pos,target_token,norm_suff,random_suff,norm_comp,random_comp
12, They,0.017826315015554428,0.004045373760163784,0.06277573108673096,0.03892458230257034
14, used,0.0283031202852726,0.015823524445295334,0.1046590730547905,0.07634004205465317
16, cooking,0.21527431905269623,0.0,0.0680430680513382,0.035862091928720474
18, as,0.030043985694646835,0.08197804540395737,0.14838232100009918,0.030529692769050598
20, lubric,0.01525042112916708,0.0,0.7080240249633789,0.05830881744623184
