target_pos,target_token,norm_suff,random_suff,norm_comp,random_comp
12, They,0.0053818500600755215,0.0,0.045671310275793076,0.057444825768470764
14, used,0.0004563741385936737,0.03923194482922554,0.10485866665840149,0.06591366976499557
16, cooking,0.1714102178812027,0.05790867283940315,0.09782683104276657,0.059043630957603455
18, as,0.01729695312678814,0.014916451647877693,0.11558276414871216,0.046620551496744156
20, lubric,0.0,0.03386993706226349,1.0,0.03535746410489082
