norm_suff_mean,random_suff_mean,norm_comp_mean,random_comp_mean,final suff,final comp,target_tokens
0.06133963540196419,0.0203693900257349,0.21837686002254486,0.047993045300245285,3.0113635063171387,0.7824149131774902, They$ used$ cooking$ as$ lubric
