norm_suff_mean,random_suff_mean,norm_comp_mean,random_comp_mean,final suff,final comp,target_tokens
0.03890908136963844,0.029185403138399124,0.2727878987789154,0.05287603288888931,1.3331692218780518,1.3589638471603394, They$ used$ cooking$ as$ lubric
