target_pos,target_token,norm_suff,random_suff,norm_comp,random_comp
20, until,0.0,0.0,1.0,0.10761542618274689
22, French,0.02920622006058693,0.004132998641580343,0.16604025661945343,0.04266878962516785
24, in,0.14919912815093994,0.1288307011127472,0.1109212264418602,0.041967883706092834
26,89,0.015451681800186634,0.005722517147660255,0.16858959197998047,0.01977374404668808
28, The,0.0,0.0,0.01601994037628174,0.018048277124762535
