target_pos,target_token,norm_suff,random_suff,norm_comp,random_comp
20, until,0.003040862735360861,0.0029975634533911943,0.7695528268814087,0.039713770151138306
22, French,0.025394292548298836,0.0,0.07346674799919128,0.033743783831596375
24, in,0.13511788845062256,0.048707492649555206,0.25032946467399597,0.026043370366096497
26,89,0.0547635555267334,0.0,0.9477856159210205,0.05745971202850342
28, The,0.0,0.0,0.012137209996581078,0.05063033476471901
