norm_suff_mean,random_suff_mean,norm_comp_mean,random_comp_mean,final suff,final comp,target_tokens
0.038771405816078186,0.027737244963645935,0.29231423139572144,0.04601482301950455,1.3978102207183838,1.1868237257003784, until$ French$ in$89$ The
