norm_suff_mean,random_suff_mean,norm_comp_mean,random_comp_mean,final suff,final comp,target_tokens
0.04366331920027733,0.010341010987758636,0.41065436601638794,0.0415181927382946,4.222345352172852,0.9508712291717529, until$ French$ in$89$ The
