target_pos,target_token,norm_suff,random_suff,norm_comp,random_comp
15, who,0.08918672055006027,0.014565170742571354,0.6889767646789551,0.05851437523961067
17, appeared,0.024002844467759132,0.0,0.7634082436561584,0.010421357117593288
19, many,0.08184190094470978,0.013130873441696167,0.6947750449180603,0.020951708778738976
21, television,0.01374267041683197,0.039222948253154755,0.08942776918411255,0.03197677433490753
23, and,0.0,0.05520482361316681,0.036576539278030396,0.01750841923058033
