target_pos,target_token,norm_suff,random_suff,norm_comp,random_comp
15, who,0.10450378805398941,0.016159532591700554,0.22794122993946075,0.06411774456501007
17, appeared,0.06200367212295532,0.00797161553055048,0.1369050145149231,0.06543084979057312
19, many,0.10135994851589203,0.00616053631529212,0.10972906649112701,0.017298849299550056
21, television,0.07871678471565247,0.0013747467892244458,0.08936092257499695,0.03573732078075409
23, and,0.09466692805290222,0.13036787509918213,0.05747916176915169,0.05417615547776222
