norm_suff_mean,random_suff_mean,norm_comp_mean,random_comp_mean,final suff,final comp,target_tokens
0.08825021982192993,0.03240686282515526,0.1242830753326416,0.04735218361020088,2.7231953144073486,0.5365673303604126, who$ appeared$ many$ television$ and
