norm_suff_mean,random_suff_mean,norm_comp_mean,random_comp_mean,final suff,final comp,target_tokens
0.0417548269033432,0.024424763396382332,0.45463284850120544,0.027874529361724854,1.7095284461975098,0.6675761938095093, who$ appeared$ many$ television$ and
