target_pos,target_token,norm_suff,random_suff,norm_comp,random_comp
15, developed,0.0,0.0,1.0,0.062413327395915985
17, published,0.01773187331855297,0.004617048427462578,0.11612928658723831,0.012271975167095661
19, Nintendo,0.011491689831018448,0.0,0.5758333802223206,0.01576644740998745
21, the,0.0307175163179636,0.007932601496577263,0.01630658097565174,0.01683998666703701
23, Boy,0.06783875823020935,0.0,0.9964026808738708,0.04042444005608559
