target_pos,target_token,norm_suff,random_suff,norm_comp,random_comp
15, developed,0.0,0.04845865070819855,1.0,0.02883739210665226
17, published,0.006632781587541103,0.0018522527534514666,0.09689907729625702,0.007249857764691114
19, Nintendo,0.018316656351089478,0.00032794071012176573,0.6609123349189758,0.019596699625253677
21, the,0.0025755278766155243,0.0,0.007721982430666685,0.016588257625699043
23, Boy,0.06818410009145737,0.006689654663205147,0.16644935309886932,0.010543178766965866
