norm_suff_mean,random_suff_mean,norm_comp_mean,random_comp_mean,final suff,final comp,target_tokens
0.025555968284606934,0.0025099299382418394,0.5409344434738159,0.029543235898017883,10.181944847106934,1.156020998954773, developed$ published$ Nintendo$ the$ Boy
