norm_suff_mean,random_suff_mean,norm_comp_mean,random_comp_mean,final suff,final comp,target_tokens
0.01914181374013424,0.011465699411928654,0.38639652729034424,0.01656307838857174,1.669485092163086,0.8652825951576233, developed$ published$ Nintendo$ the$ Boy
