target_pos,target_token,norm_suff,random_suff,norm_comp,random_comp
24, of,0.047939956188201904,0.02954518236219883,0.01933387853205204,0.06247929111123085
26, Mint,0.0,0.0,1.0,0.04773189127445221
28, 18,0.04715175926685333,0.0,0.9738099575042725,0.029928267002105713
30, to,0.04272295907139778,0.009851289913058281,0.017123326659202576,0.01068460289388895
32,.,0.14503097534179688,0.11306826025247574,0.023149654269218445,0.008988004177808762
