target_pos,target_token,norm_suff,random_suff,norm_comp,random_comp
24, of,0.021735399961471558,0.05567367374897003,0.06378521025180817,0.0500444732606411
26, Mint,0.00030451989732682705,0.0035713622346520424,0.9527363181114197,0.010117623955011368
28, 18,0.04715175926685333,0.0,0.9738099575042725,0.01972070150077343
30, to,0.0218245480209589,0.016946133226156235,0.020502537488937378,0.012396966107189655
32,.,0.0,0.028774557635188103,0.025778651237487793,0.017236188054084778
