norm_suff_mean,random_suff_mean,norm_comp_mean,random_comp_mean,final suff,final comp,target_tokens
0.018203245475888252,0.020993147045373917,0.40732255578041077,0.02190319076180458,0.867104172706604,1.203257441520691, of$ Mint$ 18$ to$.
