norm_suff_mean,random_suff_mean,norm_comp_mean,random_comp_mean,final suff,final comp,target_tokens
0.05656912922859192,0.03049294650554657,0.4066833555698395,0.03196241334080696,1.8551546335220337,0.5650151371955872, of$ Mint$ 18$ to$.
