target_pos,target_token,norm_suff,random_suff,norm_comp,random_comp
11, and,0.06291847676038742,0.0,0.062297943979501724,0.04394739493727684
13, the,0.006847516633570194,0.028045769780874252,0.09443426877260208,0.06620484590530396
15, program,0.05141185224056244,0.06724321097135544,0.15309849381446838,0.05042572692036629
17, scientific,0.0635155588388443,0.018280766904354095,0.5092403888702393,0.05828782916069031
19,.,0.12567205727100372,0.028585931286215782,0.07986387610435486,0.07195817679166794
