target_pos,target_token,norm_suff,random_suff,norm_comp,random_comp
11, and,0.049368083477020264,0.07033337652683258,0.07590306550264359,0.0655706524848938
13, the,0.0378078930079937,0.06401856988668442,0.042434994131326675,0.056100331246852875
15, program,0.06464316695928574,0.05394613370299339,0.12605136632919312,0.06017826497554779
17, scientific,0.0,0.039077527821063995,0.47328981757164,0.10495835542678833
19,.,0.1290159523487091,0.0,0.023810049518942833,0.05970143526792526
