norm_suff_mean,random_suff_mean,norm_comp_mean,random_comp_mean,final suff,final comp,target_tokens
0.06207308918237686,0.028431136161088943,0.17978699505329132,0.058164793998003006,2.1832785606384277,0.9370372295379639, and$ the$ program$ scientific$.
