norm_suff_mean,random_suff_mean,norm_comp_mean,random_comp_mean,final suff,final comp,target_tokens
0.05616701766848564,0.04547512158751488,0.14829786121845245,0.06930180639028549,1.2351152896881104,1.2338523864746094, and$ the$ program$ scientific$.
