target_pos,target_token,norm_suff,random_suff,norm_comp,random_comp
20, thick,0.0,0.0,1.0,0.1956430822610855
22, The,0.05671907588839531,0.05170013755559921,0.020357275381684303,0.021888967603445053
24, is,0.05324232205748558,0.057605594396591187,0.05562449246644974,0.0825418084859848
26, to,0.08961057662963867,0.0766592025756836,0.022517001256346703,0.012409009970724583
28, a,0.048262014985084534,0.028554923832416534,0.02833564579486847,0.03964318707585335
