target_pos,target_token,norm_suff,random_suff,norm_comp,random_comp
20, thick,0.0,0.0,1.0,0.05044947937130928
22, The,0.0,0.010546890087425709,0.032373908907175064,0.017476607114076614
24, is,0.03635459765791893,0.04589331895112991,0.02269097976386547,0.041414689272642136
26, to,0.006652285344898701,0.008604485541582108,0.030723800882697105,0.032293837517499924
28, a,0.04771018028259277,0.016575196757912636,0.05310019850730896,0.020299287512898445
