norm_suff_mean,random_suff_mean,norm_comp_mean,random_comp_mean,final suff,final comp,target_tokens
0.018143413588404655,0.016323978081345558,0.22777779400348663,0.03238677978515625,1.1114578247070312,1.7850433588027954, thick$ The$ is$ to$ a
