norm_suff_mean,random_suff_mean,norm_comp_mean,random_comp_mean,final suff,final comp,target_tokens
0.04956680163741112,0.042903970927000046,0.22536687552928925,0.07042521238327026,1.1552963256835938,1.4208141565322876, thick$ The$ is$ to$ a
