target_pos,target_token,norm_suff,random_suff,norm_comp,random_comp
22, and,0.01937408559024334,0.0,0.04441875219345093,0.135592982172966
24, written,0.0,0.02320748008787632,1.0,0.03163903206586838
26, 1942,0.0,0.01286012027412653,1.0,0.15642346441745758
28, It,0.0,0.05055922269821167,0.02963794581592083,0.022133681923151016
30, a,0.06450894474983215,0.019854379817843437,0.018859993666410446,0.08841940760612488
