target_pos,target_token,norm_suff,random_suff,norm_comp,random_comp
22, and,0.029034191742539406,0.12278873473405838,0.11849627643823624,0.08641711622476578
24, written,0.028340263292193413,0.005619887262582779,0.981392502784729,0.031138233840465546
26, 1942,0.0,0.016649514436721802,1.0,0.15021149814128876
28, It,0.0,0.036331064999103546,0.04165445640683174,0.030919082462787628
30, a,0.02833534963428974,0.03663837909698486,0.06278766691684723,0.02750961296260357
