norm_suff_mean,random_suff_mean,norm_comp_mean,random_comp_mean,final suff,final comp,target_tokens
0.017141960561275482,0.043605513870716095,0.4408662021160126,0.06523910909891129,0.39311450719833374,3.805813789367676, and$ written$ 1942$ It$ a
