norm_suff_mean,random_suff_mean,norm_comp_mean,random_comp_mean,final suff,final comp,target_tokens
0.01677660644054413,0.021296240389347076,0.41858336329460144,0.08684171736240387,0.7877731323242188,5.176357746124268, and$ written$ 1942$ It$ a
