target_pos,target_token,norm_suff,random_suff,norm_comp,random_comp
21, for,0.05565851181745529,0.03682401776313782,0.3113836646080017,0.21707548201084137
23, Los,0.003149506403133273,0.005983822047710419,0.03352943807840347,0.07050459831953049
25, Dodgers,0.011031591333448887,0.0,0.11649249494075775,0.03111634962260723
27, Major,0.0091563630849123,0.00016209074237849563,0.0843091756105423,0.015161200426518917
29, Baseball,0.004117763135582209,0.0,0.05352899804711342,0.005627930164337158
