target_pos,target_token,norm_suff,random_suff,norm_comp,random_comp
21, for,0.04324210435152054,0.024985728785395622,0.1978772133588791,0.06444443762302399
23, Los,0.008863437920808792,0.0,0.8888034820556641,0.06165241450071335
25, Dodgers,0.010370897129178047,0.0006156968302093446,0.0676877573132515,0.047879233956336975
27, Major,0.009315583854913712,0.0016476336168125272,0.9839727878570557,0.008049432188272476
29, Baseball,0.055087633430957794,0.0017050720052793622,0.005938184447586536,0.007709133438766003
