norm_suff_mean,random_suff_mean,norm_comp_mean,random_comp_mean,final suff,final comp,target_tokens
0.016622750088572502,0.008593986742198467,0.11984875053167343,0.06789711117744446,1.9342303276062012,4.08458948135376, for$ Los$ Dodgers$ Major$ Baseball
