norm_suff_mean,random_suff_mean,norm_comp_mean,random_comp_mean,final suff,final comp,target_tokens
0.025375930592417717,0.00579082639887929,0.42885589599609375,0.03794693201780319,4.382091522216797,1.495390772819519, for$ Los$ Dodgers$ Major$ Baseball
