target_pos,target_token,norm_suff,random_suff,norm_comp,random_comp
25,"
",0.0,0.0,0.10052763670682907,0.1433163285255432
27,Nut,0.0,0.009739542379975319,0.2928014397621155,0.04171931371092796
29,"
",0.004135753493756056,0.03704586252570152,0.06012042984366417,0.04915733262896538
31,A,0.01495151687413454,0.0,0.12705710530281067,0.03411789610981941
33, is,0.04070400819182396,0.04855190962553024,0.07423865050077438,0.022742077708244324
