target_pos,target_token,norm_suff,random_suff,norm_comp,random_comp
25,"
",0.037538543343544006,0.03054465912282467,0.3146743178367615,0.06668882817029953
27,Nut,0.09537822753190994,0.01842053234577179,1.0484650135040283,0.10196477174758911
29,"
",0.0656801164150238,0.0,0.04260791093111038,0.2118147760629654
31,A,0.0,0.0,0.12381099164485931,0.028139609843492508
33, is,0.04789864644408226,0.0485638827085495,0.06084626168012619,0.04456857591867447
