norm_suff_mean,random_suff_mean,norm_comp_mean,random_comp_mean,final suff,final comp,target_tokens
0.011958255432546139,0.019067464396357536,0.13094906508922577,0.058210588991642,0.6271550059318542,4.867815971374512,"
$Nut$
$A$ is"
