norm_suff_mean,random_suff_mean,norm_comp_mean,random_comp_mean,final suff,final comp,target_tokens
0.04929910972714424,0.01950581558048725,0.3180809020996094,0.09063531458377838,2.5274057388305664,1.8384777307510376,"
$Nut$
$A$ is"
