suff,comp,random_suff,random_comp
0.005330940071082689,0.4637195751884303,0.0006831877023796348,0.08275288965245996
