suff,comp,random_suff,random_comp
0.22750293009597086,0.9359348183437984,0.06269830725080426,0.6555884873225841
