suff,comp,random_suff,random_comp
0.022356944657072046,0.7400575107068349,0.004116992318603783,0.1530663831273334
