suff,comp,random_suff,random_comp
0.39876736896856524,0.964867474885918,0.11455988701639887,0.8781610373266382
