suff,comp,random_suff,random_comp
0.12687603986529752,0.9228616136418071,0.02041402755310946,0.5280979236119372
