suff,comp,random_suff,random_comp
0.056707442598782354,0.8754793886529836,0.008338562028993544,0.36077217135099404
