suff,comp,random_suff,random_comp
0.28445859244812216,0.9501174198575677,0.10534291501670237,0.8419667383336805
