suff,comp,random_suff,random_comp
0.011881588207731953,0.7877060678791874,0.05471843614583405,0.46576991054196365
