suff,comp,random_suff,random_comp
0.13819057626093426,0.8934192000712149,0.04468769200214272,0.638209897342619
