suff,comp,random_suff,random_comp
0.01554494726123762,0.6740786898698742,0.03566833606900252,0.31743980336141314
