suff,comp,random_suff,random_comp
0.001263335452652188,0.010468675379403377,0.0028371085169310705,0.004307572656598876
