suff,comp,random_suff,random_comp
0.35980835394953264,0.9241332161859954,0.06592260042752564,0.8056155388514462
