suff,comp,random_suff,random_comp
0.015498101470777199,0.8228978095315089,0.05914102803440457,0.6429331399375697
