suff,comp,random_suff,random_comp
0.5399537391352347,0.9539891447844241,0.10157716848455162,0.8878295105636808
