suff,comp,random_suff,random_comp
0.025307635198869968,0.20904193446863598,0.024269309812244056,0.25575672610432443
