suff,comp,random_suff,random_comp
0.005358927109610575,0.0001929256648071025,0.0037200452728114405,4.453779170171717e-05
