target_pos,target_token,norm_suff,random_suff,norm_comp,random_comp
44, He,0.0025436135474592447,0.0031248985324054956,0.023733455687761307,0.07744088023900986
46, a,0.004294855985790491,0.0,0.022386450320482254,0.042887698858976364
48, kid,0.00040383372106589377,0.0,0.020764142274856567,0.005353971850126982
50, He,0.0,0.0,0.008950144052505493,0.019883261993527412
52, a,0.0,0.0,0.014522981829941273,0.021563701331615448
