norm_suff_mean,random_suff_mean,norm_comp_mean,random_comp_mean,final suff,final comp,target_tokens
0.0029846865218132734,0.0030415125656872988,0.009256191551685333,0.007519712205976248,0.9813165068626404,2.5194311141967773, Because$ was$ good$.$ was
