norm_suff_mean,random_suff_mean,norm_comp_mean,random_comp_mean,final suff,final comp,target_tokens
0.0014484607381746173,0.0006249797297641635,0.018071433529257774,0.03342590481042862,2.317612409591675,23.076845169067383, He$ a$ kid$ He$ a
