target_pos,target_token,norm_suff,random_suff,norm_comp,random_comp
49, I,0.0,0.0,0.014735952951014042,0.056703824549913406
51, so,0.0,0.000908982940018177,0.011393801309168339,0.009457487612962723
53,.,0.006804546806961298,0.0,0.029351308941841125,0.01302217599004507
55, was,0.0,0.000565670954529196,0.047418639063835144,0.0064132725819945335
57, happy,0.0,0.0,0.009980475530028343,0.015508553944528103
