target_pos,target_token,norm_suff,random_suff,norm_comp,random_comp
49, I,0.004747437778860331,0.0016936759930104017,0.005609805695712566,0.0063779233023524284
51,'t,0.00017886141722556204,0.0,0.0004408812092151493,0.0003053629770874977
53,.,0.02315976843237877,0.0,0.012769514694809914,0.009318484924733639
55, was,0.00888554472476244,0.0,0.00980586651712656,0.004171225242316723
57, happy,0.0005850105080753565,0.00457276776432991,0.011409362778067589,0.011444482952356339
