norm_suff_mean,random_suff_mean,norm_comp_mean,random_comp_mean,final suff,final comp,target_tokens
0.007511324714869261,0.0012532888213172555,0.008007085882127285,0.006323495414108038,5.993290901184082,0.8418615460395813, I$'t$.$ was$ happy
