norm_suff_mean,random_suff_mean,norm_comp_mean,random_comp_mean,final suff,final comp,target_tokens
0.0013609094312414527,0.00029493076726794243,0.02257603593170643,0.020221063867211342,4.614335060119629,14.85849380493164, I$ so$.$ was$ happy
