target_pos,target_token,norm_suff,random_suff,norm_comp,random_comp
51, She,0.02970692701637745,0.0,0.014053072780370712,0.009059194475412369
53,.,0.0,0.0,0.06628946959972382,0.024048905819654465
55, went,0.000867414113599807,0.0,0.009107958525419235,0.020105963572859764
57, to,0.0,0.0,0.013724223710596561,0.004771288949996233
59, cup,0.0,0.0,0.013720451854169369,0.011144952848553658
