norm_suff_mean,random_suff_mean,norm_comp_mean,random_comp_mean,final suff,final comp,target_tokens
0.0013770683435723186,0.0008185283513739705,0.007016319315880537,0.004640714731067419,1.6823710203170776,3.3699958324432373, She$'t$.$ just$ that
