target_pos,target_token,norm_suff,random_suff,norm_comp,random_comp
47, She,0.0,0.0022366538178175688,0.015297613106667995,0.005419118795543909
49, going,0.002613488119095564,0.002220584312453866,0.013615545816719532,0.007446094881743193
51, the,0.0,0.0013322669547051191,0.00803545955568552,0.0056291441433131695
53, to,0.011895065195858479,0.0,0.025825856253504753,0.006718008778989315
55, her,0.0010568435536697507,0.00507991062477231,0.007834426127374172,0.00722246989607811
