target_pos,target_token,norm_suff,random_suff,norm_comp,random_comp
47, She,0.011863774619996548,0.0014503903221338987,0.02429436333477497,0.01684962399303913
49,'t,0.0,0.0,0.00024937314447015524,0.00040600838838145137
51,.,0.0,0.0,0.031233932822942734,0.03642893582582474
53, didn,0.0,0.0,0.010303912684321404,0.010783424600958824
55, know,0.0,0.0,0.01498300489038229,0.008582785725593567
