norm_suff_mean,random_suff_mean,norm_comp_mean,random_comp_mean,final suff,final comp,target_tokens
0.0023727549705654383,0.000290078081889078,0.016212916001677513,0.014610156416893005,8.17971134185791,6.15746545791626, She$'t$.$ didn$ know
