target_pos,target_token,norm_suff,random_suff,norm_comp,random_comp
46, Because,0.0,0.008960279636085033,0.017306258901953697,0.013742376118898392
48, was,0.0,0.0,0.009265475906431675,0.011559167876839638
50,.,0.0,0.0,0.02758558839559555,0.012646496295928955
52, was,0.0,0.00018160085892304778,0.01446072943508625,0.008111153729259968
54, of,0.0,0.0,0.04589715227484703,0.013104111887514591
