target_pos,target_token,norm_suff,random_suff,norm_comp,random_comp
46, Because,0.004870628006756306,0.0012370668118819594,0.0098338034003973,0.006027271039783955
48, was,0.003625372890383005,0.0005632788524962962,0.005951178725808859,0.004946652799844742
50,.,0.0,0.0020770637784153223,0.014811783097684383,0.007127874996513128
52, was,0.005193757824599743,0.007687047123908997,0.00811993982642889,0.004604751709848642
54, of,0.005649746861308813,0.0024873160291463137,0.004473274108022451,0.004313227720558643
