target_pos,target_token,norm_suff,random_suff,norm_comp,random_comp
57, I,0.017182113602757454,0.0,0.01900843344628811,0.0038349900860339403
59, to,0.007927494123578072,0.0,0.0024085724726319313,0.00235012941993773
61, a,0.0002900708932429552,0.0,0.018648508936166763,0.010432275012135506
63,.,0.003438739338889718,0.0,0.006152966991066933,0.003259318880736828
65, sat,0.0,0.0,0.005286786705255508,0.0012937473366037011
