target_pos,target_token,norm_suff,random_suff,norm_comp,random_comp
57, I,0.0,0.0,0.009933839552104473,0.05516938865184784
59, so,0.0,0.0005087245372124016,0.013055582530796528,0.03342330455780029
61, to,0.0,0.0,0.03234979882836342,0.012276280671358109
63, it,0.0,0.0,0.01497715711593628,0.017175016924738884
65,.,0.0,0.0,0.02519271709024906,0.01217519212514162
