target_pos,target_token,norm_suff,random_suff,norm_comp,random_comp
52, Because,0.0,0.006159908603876829,0.06436937302350998,0.0447462797164917
54, loved,0.0,0.0,0.036224327981472015,0.03204970061779022
56, play,0.0,5.0386792281642556e-05,0.023798484355211258,0.021406156942248344
58, his,0.012279782444238663,0.006302709225565195,0.05583478510379791,0.06778695434331894
60,.,0.09827186912298203,0.0,0.022344710305333138,0.019578898325562477
