target_pos,target_token,norm_suff,random_suff,norm_comp,random_comp
51, Because,0.027101164683699608,0.0,0.029877686873078346,0.014722383581101894
53, wanted,0.0,0.0003988056560046971,0.010683943517506123,0.009103275835514069
55, show,0.0,0.0,0.014666340313851833,0.04826232045888901
57, to,0.0,0.0,0.015095076523721218,0.012265943922102451
59, dog,0.0,0.0,0.022057069465517998,0.023479456081986427
