norm_suff_mean,random_suff_mean,norm_comp_mean,random_comp_mean,final suff,final comp,target_tokens
0.0054202331230044365,7.976113556651399e-05,0.018476024270057678,0.02156667597591877,67.95581817626953,3.9789204597473145, Because$ wanted$ show$ to$ dog
