target_pos,target_token,norm_suff,random_suff,norm_comp,random_comp
68, She,0.00015782979608047754,0.11141470819711685,0.016917817294597626,0.02440648525953293
70, to,0.08197712153196335,0.1088479682803154,0.01058130245655775,0.02860330231487751
72, Asian,0.0,0.0,0.04597848653793335,0.04004204273223877
74,ard,0.000634947675280273,0.000533043232280761,0.006419343873858452,0.0040553854778409
76, her,0.0,0.0,0.004555230960249901,0.014934473671019077
