norm_suff_mean,random_suff_mean,norm_comp_mean,random_comp_mean,final suff,final comp,target_tokens
0.016553981229662895,0.044159144163131714,0.01689043641090393,0.022408336400985718,0.3748709559440613,1.3536523580551147, She$ to$ Asian$ard$ her
