target_pos,target_token,norm_suff,random_suff,norm_comp,random_comp
62, She,0.0,0.0017721630865707994,0.015857670456171036,0.026261020451784134
64, to,0.07764745503664017,0.09806627035140991,0.0055083017796278,0.010892514139413834
66, out,0.06109369173645973,0.0,0.010677807964384556,0.00887023564428091
68, cheer,0.06687553972005844,0.043137792497873306,0.07931733876466751,0.03147837147116661
70, at,0.40105724334716797,0.3745291531085968,0.030480196699500084,0.01678428240120411
