norm_suff_mean,random_suff_mean,norm_comp_mean,random_comp_mean,final suff,final comp,target_tokens
0.12133479118347168,0.1035010814666748,0.028368264436721802,0.018857285380363464,1.172304630279541,0.15541532635688782, She$ to$ out$ cheer$ at
