target_pos,target_token,norm_suff,random_suff,norm_comp,random_comp
55, Because,0.01936335489153862,0.0,0.00766065064817667,0.07483642548322678
57, wanted,0.0,0.0004272268561180681,0.011777782812714577,0.017940301448106766
59, to,0.0010998416692018509,0.0,0.004340427927672863,0.003811347298324108
61, French,0.0,0.0008337423205375671,0.05948716402053833,0.019538648426532745
63, She,0.0,0.0,0.016733361408114433,0.03631942346692085
