norm_suff_mean,random_suff_mean,norm_comp_mean,random_comp_mean,final suff,final comp,target_tokens
0.004092639312148094,0.0002521938586141914,0.019999876618385315,0.030489230528473854,16.228147506713867,7.449772357940674, Because$ wanted$ to$ French$ She
