target_pos,target_token,norm_suff,random_suff,norm_comp,random_comp
53, Because,0.0,0.0,0.04302040487527847,0.01360176969319582
55, was,0.0,0.0,0.030393583700060844,0.02074062079191208
57, black,0.00023724271159153432,0.0,0.02022322453558445,0.04921368509531021
59, player,0.004115623887628317,0.0,0.04620900750160217,0.015180706046521664
61, He,0.010543286800384521,0.0,0.016040610149502754,0.02218654379248619
