target_pos,target_token,norm_suff,random_suff,norm_comp,random_comp
53, Because,0.0013460121117532253,0.0,0.0066539086401462555,0.0041261943988502026
55, was,0.004632839933037758,0.0025143285747617483,0.0083680534735322,0.004649742040783167
57, black,0.0,0.010731013491749763,0.020637959241867065,0.006270217709243298
59,.,0.0,0.0,0.008347364142537117,0.006904466077685356
61, was,0.007679256610572338,0.010435069911181927,0.006623400375247002,0.0044614337384700775
