norm_suff_mean,random_suff_mean,norm_comp_mean,random_comp_mean,final suff,final comp,target_tokens
0.0027316217310726643,0.004736082162708044,0.010126138105988503,0.005282410886138678,0.5767682194709778,1.9338003396987915, Because$ was$ black$.$ was
