target_pos,target_token,norm_suff,random_suff,norm_comp,random_comp
67, Mary,0.0063324891962111,0.0,0.028340723365545273,0.008242910727858543
69, a,0.0,0.0032737867441028357,0.020387044176459312,0.006709197070449591
71, bow,0.007090089377015829,0.006362175103276968,0.03788125142455101,0.0078019858337938786
73,",",0.0009538537706248462,0.0023983195424079895,0.006008761934936047,0.003887576051056385
75, Steve,0.0024561146274209023,0.01422069501131773,0.028891434893012047,0.0108229024335742
