target_pos,target_token,norm_suff,random_suff,norm_comp,random_comp
67, Mary,0.008294915780425072,0.0,0.022980062291026115,0.025447485968470573
69, so,0.0,0.0,0.008831100538372993,0.033203355967998505
71, that,0.263005793094635,0.12061075866222382,0.044522885233163834,0.007317905779927969
73, didn,0.0010629657190293074,0.0023729715030640364,0.048335690051317215,0.010227363556623459
75, want,0.001146326889283955,0.0,0.018472565338015556,0.022784583270549774
