norm_suff_mean,random_suff_mean,norm_comp_mean,random_comp_mean,final suff,final comp,target_tokens
0.05470200255513191,0.024596747010946274,0.028628462925553322,0.019796138629317284,2.2239527702331543,0.3618905544281006, Mary$ so$ that$ didn$ want
