target_pos,target_token,norm_suff,random_suff,norm_comp,random_comp
56, They,0.0,0.005998567212373018,0.09525302052497864,0.022339189425110817
58, to,0.0,0.005196382291615009,0.06833755224943161,0.005493884440511465
60, it,0.002635757438838482,0.0019074473530054092,0.08190909773111343,0.0029915247578173876
62, a,0.0,0.004799870774149895,0.03904086723923683,0.001170195871964097
64, way,0.001752856420353055,0.002721128286793828,0.00572097348049283,0.003546125255525112
