target_pos,target_token,norm_suff,random_suff,norm_comp,random_comp
56, Because,0.0,0.0,0.12557373940944672,0.02131951041519642
58, wanted,0.0,0.0,0.040685124695301056,0.007748034782707691
60, show,0.0,0.0,0.012588885612785816,0.06748665124177933
62, they,0.0,0.0,0.07518327236175537,0.015135494992136955
64, not,0.0744515210390091,0.0012004283489659429,0.03858667612075806,0.02271508239209652
