norm_suff_mean,random_suff_mean,norm_comp_mean,random_comp_mean,final suff,final comp,target_tokens
0.000877722748555243,0.0041246796026825905,0.05805230140686035,0.007108183111995459,0.21279780566692352,8.098438262939453, They$ to$ it$ a$ way
