norm_suff_mean,random_suff_mean,norm_comp_mean,random_comp_mean,final suff,final comp,target_tokens
0.014890304766595364,0.00024008567561395466,0.05852354317903519,0.026880955323576927,62.02079772949219,1.8052656650543213, Because$ wanted$ show$ they$ not
