target_pos,target_token,norm_suff,random_suff,norm_comp,random_comp
54, Martha,0.00391622819006443,0.0,0.301707923412323,0.05047629773616791
56, boyfriend,0.0,0.0,0.035467345267534256,0.01287835743278265
58, really,0.0,0.0007013272261247039,0.01831972599029541,0.0360037125647068
60, Dungeons,0.0,0.0,0.012121736072003841,0.010952680371701717
62, Dragons,0.0,0.0,0.00807051733136177,0.002562115667387843
