norm_suff_mean,random_suff_mean,norm_comp_mean,random_comp_mean,final suff,final comp,target_tokens
0.0007832456612959504,0.00014026544522494078,0.07513745874166489,0.022574633359909058,5.584024429321289,28.82190704345703, Martha$ boyfriend$ really$ Dungeons$ Dragons
