norm_suff_mean,random_suff_mean,norm_comp_mean,random_comp_mean,final suff,final comp,target_tokens
0.0018349260790273547,0.0015590342227369547,0.07942637801170349,0.009596193209290504,1.1769633293151855,5.229743957519531, She$ a$ bit$ a$oy
