target_pos,target_token,norm_suff,random_suff,norm_comp,random_comp
43, Because,0.0,0.0064009749330580235,0.24483813345432281,0.05191151425242424
45, was,0.0,0.0,0.019598716869950294,0.009198549203574657
47, to,0.0,0.0,0.020028850063681602,0.007804329507052898
49, a,0.011559427715837955,0.003808882785961032,0.02025545947253704,0.01028895191848278
51,.,0.009220479987561703,0.005198739003390074,0.00987257156521082,0.01649428904056549
