target_pos,target_token,norm_suff,random_suff,norm_comp,random_comp
43, She,0.005161356646567583,0.0,0.14109212160110474,0.09305620938539505
45, learning,0.0029395627789199352,0.0,0.029846640303730965,0.013864889740943909
47, draw,0.0,0.0,0.003334400476887822,0.0030065588653087616
49, face,8.60830768942833e-05,0.0,0.009305650368332863,0.0009886524640023708
51, She,0.0003366964519955218,0.0,0.005562072154134512,0.05224822834134102
