target_pos,target_token,norm_suff,random_suff,norm_comp,random_comp
56, Because,0.01433088630437851,0.0033249706029891968,0.21126927435398102,0.03286121413111687
58, was,0.0,0.0013469187542796135,0.019691430032253265,0.01821129024028778
60, of,0.1251002997159958,0.0,0.05523286387324333,0.0440400205552578
62,.,0.0,0.0,0.02679256536066532,0.018195053562521935
64, was,0.01063662488013506,0.0,0.04669808968901634,0.02981037274003029
