norm_suff_mean,random_suff_mean,norm_comp_mean,random_comp_mean,final suff,final comp,target_tokens
0.030013561248779297,0.0009343778947368264,0.07193684577941895,0.028623590245842934,32.121437072753906,0.9536885619163513, Because$ was$ of$.$ was
