norm_suff_mean,random_suff_mean,norm_comp_mean,random_comp_mean,final suff,final comp,target_tokens
5.520124614122324e-05,0.0016558952629566193,0.03775642067193985,0.01271632220596075,0.03333619609475136,230.3629608154297, He$ playing$ his$.$ friend
