target_pos,target_token,norm_suff,random_suff,norm_comp,random_comp
50, She,0.0,0.0,0.01597721129655838,0.03555488586425781
52, to,0.0,0.0,0.00959114171564579,0.009921652264893055
54, her,0.0,0.0,0.02606479823589325,0.011397738941013813
56, walls,0.0,0.0,0.1175578236579895,0.009470744989812374
58, She,0.00995077844709158,0.0,0.00833819154649973,0.020473934710025787
