target_pos,target_token,norm_suff,random_suff,norm_comp,random_comp
63, Because,0.024178309366106987,0.0,0.15703991055488586,0.03796673193573952
65, was,0.0,0.001039832946844399,0.02629234828054905,0.010847491212189198
67,!,0.0,0.0,0.08002854138612747,0.09666094928979874
69, was,0.006629250943660736,0.0,0.06927903741598129,0.013448559679090977
71, hungry,0.008792152628302574,0.011768605560064316,0.024452004581689835,0.015047019347548485
