norm_suff_mean,random_suff_mean,norm_comp_mean,random_comp_mean,final suff,final comp,target_tokens
0.00791994296014309,0.0025616877246648073,0.07141836732625961,0.0347941517829895,3.0916895866394043,4.393232822418213, Because$ was$!$ was$ hungry
