target_pos,target_token,norm_suff,random_suff,norm_comp,random_comp
51, She,0.013512607663869858,0.0001630962360650301,0.017709890380501747,0.021463079378008842
53, in,0.0,0.0,0.013380263932049274,0.022021440789103508
55, relationship,0.00038371546543203294,0.0,0.01409851759672165,0.01223777700215578
57, a,0.0,0.0,0.02249724790453911,0.017977630719542503
59,.,0.0,0.0,0.07299073785543442,0.05753481388092041
