norm_suff_mean,random_suff_mean,norm_comp_mean,random_comp_mean,final suff,final comp,target_tokens
0.0027792647015303373,3.2619249395793304e-05,0.028135333210229874,0.026246950030326843,85.20320892333984,9.443846702575684, She$ in$ relationship$ a$.
