target_pos,target_token,norm_suff,random_suff,norm_comp,random_comp
56, I,0.012095009908080101,0.0007068125414662063,0.012881866656243801,0.00398052204400301
58, a,0.0,0.016211995854973793,0.0038189564365893602,0.00394824892282486
60,.,0.015230049379169941,0.0010388410883024335,0.010449690744280815,0.004196234978735447
62, didn,0.005766581743955612,0.005174434743821621,0.005923587828874588,0.0029322998598217964
64, know,0.0014142654836177826,0.0054977708496153355,0.0032256790436804295,0.001977792475372553
