target_pos,target_token,norm_suff,random_suff,norm_comp,random_comp
56, I,0.006634093355387449,0.007013303693383932,0.02739299088716507,0.05501021444797516
58,'t,0.0,0.0,0.0002208697551395744,0.00018466328037902713
60,.,0.16046135127544403,0.0,0.039367154240608215,0.047497063875198364
62, was,0.0,0.0,0.010098348371684551,0.011020630598068237
64, like,0.06104161590337753,0.0010840113973245025,0.021819353103637695,0.007009807508438826
