norm_suff_mean,random_suff_mean,norm_comp_mean,random_comp_mean,final suff,final comp,target_tokens
0.045627411454916,0.00161946308799088,0.019779743626713753,0.024144476279616356,28.174406051635742,0.529166042804718, I$'t$.$ was$ like
