target_pos,target_token,norm_suff,random_suff,norm_comp,random_comp
48, Because,0.013043737038969994,0.011160357855260372,0.01948452927172184,0.07507003843784332
50, was,0.001407784759066999,0.0,0.035783279687166214,0.007067002356052399
52, working,0.0,0.0,0.03162514418363571,0.013876319862902164
54, his,0.0,0.0028819150757044554,0.018009722232818604,0.009207423776388168
56,.,0.0,0.0,0.026878828182816505,0.012899329885840416
