norm_suff_mean,random_suff_mean,norm_comp_mean,random_comp_mean,final suff,final comp,target_tokens
0.012833933345973492,0.001912574516609311,0.047777336090803146,0.0498611181974411,6.710291862487793,3.8851003646850586, Chris$ struggling$ English$.$ decided
