norm_suff_mean,random_suff_mean,norm_comp_mean,random_comp_mean,final suff,final comp,target_tokens
0.0028903044294565916,0.002808454679325223,0.026356300339102745,0.02362402342259884,1.029144048690796,8.173542022705078, Because$ was$ working$ his$.
