target_pos,target_token,norm_suff,random_suff,norm_comp,random_comp
59, Because,0.013869395479559898,0.0,0.013278152793645859,0.03191463649272919
61, was,0.0,0.00017823281814344227,0.01136565487831831,0.024125298485159874
63, ge,0.0,0.0008014394552446902,0.025289146229624748,0.013313022442162037
65,.,0.0,0.0,0.08479402214288712,0.01531736459583044
67, was,0.0,0.0,0.013758998364210129,0.016088061034679413
