norm_suff_mean,random_suff_mean,norm_comp_mean,random_comp_mean,final suff,final comp,target_tokens
0.0039312331937253475,0.004900538362562656,0.0076393671333789825,0.008078387938439846,0.8022043704986572,2.054924726486206, Well$ he$ a$ologist$ He
