norm_suff_mean,random_suff_mean,norm_comp_mean,random_comp_mean,final suff,final comp,target_tokens
0.0027738790959119797,0.00019593446631915867,0.029697194695472717,0.02015167847275734,14.157177925109863,7.264800548553467, Because$ was$ ge$.$ was
