target_pos,target_token,norm_suff,random_suff,norm_comp,random_comp
53, Because,0.011020595207810402,0.0,0.010211857035756111,0.009080525487661362
55, was,0.0,0.0,0.019508451223373413,0.013610651716589928
57, only,0.0,0.00045368861174210906,0.027965281158685684,0.017281243577599525
59, who,0.0,0.0,0.03783952817320824,0.007487846072763205
61, sit,0.0,0.0010459208860993385,0.018978729844093323,0.010605032555758953
