norm_suff_mean,random_suff_mean,norm_comp_mean,random_comp_mean,final suff,final comp,target_tokens
0.0022041189949959517,0.00029992192867212,0.022900769487023354,0.011613060720264912,7.348975658416748,5.268799304962158, Because$ was$ only$ who$ sit
