target_pos,target_token,norm_suff,random_suff,norm_comp,random_comp
64, Because,0.0,0.024797817692160606,0.04391391575336456,0.010010031051933765
66, were,0.00021079080761410296,0.0,0.013137053698301315,0.03137163817882538
68, of,0.0,0.0,0.04612940549850464,0.02711145021021366
70, barb,0.021973196417093277,0.020210014656186104,0.06687009334564209,0.03188508003950119
72,.,0.29985976219177246,0.009221614338457584,0.012060294859111309,0.01230172161012888
