norm_suff_mean,random_suff_mean,norm_comp_mean,random_comp_mean,final suff,final comp,target_tokens
0.06440874934196472,0.010845889337360859,0.03642215207219124,0.022535985335707664,5.938539981842041,0.3498901128768921, Because$ were$ of$ barb$.
