suff,comp,random_suff,random_comp
0.009824680676572207,0.8221452299046976,0.00625445960079922,0.6120672398325223
