suff,comp,random_suff,random_comp
0.06701669739807231,0.9687700384880944,0.04642090060554359,0.930737861117308
