suff,comp,random_suff,random_comp
0.0013964674950899018,0.005960342633389851,0.002123672240184583,0.0009213533725199516
