suff,comp,random_suff,random_comp
0.0622243199277383,0.9639587475727818,0.03860723053276643,0.9104154214658057
