suff,comp,random_suff,random_comp
0.0622243199277383,0.9639587475727818,0.039863053061194906,0.920302117083454
