suff,comp,random_suff,random_comp
0.07775546038797103,0.97355024810537,0.058102112112436925,0.9473685085997986
