suff,comp,random_suff,random_comp
0.05521005905823576,0.9473874808335334,0.023008772538908782,0.8780916279136333
