suff,comp,random_suff,random_comp
0.02328738273850307,0.8910690178108625,0.013376341569956571,0.7787773780630316
