suff,comp,random_suff,random_comp
0.0012488474940521891,0.05862074406694648,0.0009253801602774504,0.028423782260239425
