suff,comp,random_suff,random_comp
0.0009456801349582023,0.05909108556572141,0.0011329451622924937,0.024319009829379075
