suff,comp,random_suff,random_comp
0.02328738273850307,0.8910690178108625,0.011835126196464499,0.7901260423648062
