suff,comp,random_suff,random_comp
0.05521005905823576,0.9473874808335334,0.0255653394993794,0.8806240694554232
