suff,comp,random_suff,random_comp
0.0658462123569289,0.9557948256751929,0.05439231093974541,0.9450678997951332
