suff,comp,random_suff,random_comp
0.02791865605679895,0.9043879077531032,0.024329335090223874,0.8404995727669176
