suff,comp,random_suff,random_comp
0.05589910469137781,0.945761877533679,0.04514531536382336,0.9341775297916872
