suff,comp,random_suff,random_comp
0.02791865605679895,0.9043879077531032,0.02014485297873671,0.8398957349862328
