suff,comp,random_suff,random_comp
0.02791865605679895,0.9043879077531032,0.02471423539924194,0.8526408892584252
