suff,comp,random_suff,random_comp
0.02791865605679895,0.9043879077531032,0.020563218993146528,0.8498396229820749
