suff,comp,random_suff,random_comp
0.02791865605679895,0.9043879077531032,0.019970006834518144,0.8571413662706618
