suff,comp,random_suff,random_comp
0.005152190557022745,0.18307116143607347,0.0009741453023983455,0.02883384255240773
