{
    "$schema": "../docs/rationalization.schema.json",
    "id": 19,
    "input-text": [
        "</s>",
        "I",
        " had",
        " never",
        " been",
        " friends",
        " with",
        " any",
        " German",
        " people",
        " before",
        ".",
        " (",
        "The",
        " funn",
        "iest",
        " thing",
        " happened",
        " to",
        " me",
        " the",
        " other",
        " day",
        ",",
        " but",
        " that",
        "'s",
        " a",
        " story",
        " for",
        " another",
        " time",
        ").",
        " In",
        " fact",
        ",",
        " I",
        " had",
        " never",
        " even",
        " been",
        " to"
    ],
    "input-tokens": [
        2,
        100,
        56,
        393,
        57,
        964,
        19,
        143,
        1859,
        82,
        137,
        4,
        36,
        133,
        29310,
        7098,
        631,
        1102,
        7,
        162,
        5,
        97,
        183,
        6,
        53,
        14,
        18,
        10,
        527,
        13,
        277,
        86,
        322,
        96,
        754,
        6,
        38,
        56,
        393,
        190,
        57,
        7
    ],
    "target-text": " Germany",
    "target-token": 1600,
    "rational-size": 5,
    "rational-positions": [
        0,
        20,
        40,
        41,
        11
    ],
    "rational-text": [
        "</s>",
        " the",
        " been",
        " to",
        "."
    ],
    "rational-tokens": [
        2,
        5,
        57,
        7,
        4
    ],
    "importance-scores": [
        0.034911394119262695,
        0.023330144584178925,
        0.023287581279873848,
        0.0233015064150095,
        0.02332732081413269,
        0.023457029834389687,
        0.02337248995900154,
        0.02332557737827301,
        0.02381684072315693,
        0.023599106818437576,
        0.0233492199331522,
        0.024213839322328568,
        0.023326361551880836,
        0.023321133106946945,
        0.023254716768860817,
        0.023246368393301964,
        0.023247022181749344,
        0.023270443081855774,
        0.0233837328851223,
        0.02330007590353489,
        0.025373969227075577,
        0.02324756421148777,
        0.023284198716282845,
        0.023411931470036507,
        0.023294536396861076,
        0.023286478593945503,
        0.023268934339284897,
        0.023338789120316505,
        0.023294597864151,
        0.023319318890571594,
        0.023272238671779633,
        0.02328687533736229,
        0.023747440427541733,
        0.02342396415770054,
        0.023475900292396545,
        0.023646105080842972,
        0.023581447079777718,
        0.023629432544112206,
        0.023890655487775803,
        0.024045472964644432,
        0.025013158097863197,
        0.02422504685819149
    ],
    "comments": {
        "created-by": "run_analogies.py",
        "args": {
            "model": "facebook/opt-350m",
            "cache_dir": "./cache/",
            "tokenizer": "facebook/opt-350m",
            "data_dir": "data/analogies/OPT350M/",
            "importance_results_dir": "rationalization_results/analogies/OPT350M_attention",
            "device": "cuda",
            "rationalization_config": "config/eva_attention.json",
            "input_num_ratio": 1,
            "logfolder": "logs/analogies/OPT350M_attention",
            "loglevel": 20
        },
        "time_elapsed": 0.01268458366394043
    }
}