{
    "$schema": "../docs/rationalization.schema.json",
    "id": 4,
    "input-text": [
        "</s>",
        "When",
        " my",
        " flight",
        " landed",
        " in",
        " Russia",
        ",",
        " I",
        " converted",
        " my",
        " currency",
        " and",
        " slowly",
        " fell",
        " asleep",
        ".",
        " (",
        "I",
        " was",
        " behind",
        " on",
        " a",
        " couple",
        " of",
        " assignments",
        ",",
        " but",
        " I",
        " tried",
        " not",
        " to",
        " think",
        " about",
        " them",
        ").",
        " I",
        " was",
        " staying",
        " in",
        " the",
        " capital",
        ","
    ],
    "input-tokens": [
        2,
        1779,
        127,
        2524,
        5932,
        11,
        798,
        6,
        38,
        8417,
        127,
        2593,
        8,
        5764,
        1064,
        15028,
        4,
        36,
        100,
        21,
        639,
        15,
        10,
        891,
        9,
        21350,
        6,
        53,
        38,
        1381,
        45,
        7,
        206,
        59,
        106,
        322,
        38,
        21,
        4959,
        11,
        5,
        812,
        6
    ],
    "target-text": " Moscow",
    "target-token": 3467,
    "rational-size": 5,
    "rational-positions": [
        0,
        40,
        41,
        16,
        42
    ],
    "rational-text": [
        "</s>",
        " the",
        " capital",
        ".",
        ","
    ],
    "rational-tokens": [
        2,
        5,
        812,
        4,
        6
    ],
    "importance-scores": [
        0.032365407794713974,
        0.022799311205744743,
        0.022777900099754333,
        0.022792762145400047,
        0.022797338664531708,
        0.022826094180345535,
        0.023441264405846596,
        0.022957028821110725,
        0.022854464128613472,
        0.02277837134897709,
        0.022750310599803925,
        0.022776735946536064,
        0.02284463308751583,
        0.022755414247512817,
        0.022760026156902313,
        0.022780805826187134,
        0.02398776262998581,
        0.02285441756248474,
        0.02278759889304638,
        0.02278974838554859,
        0.022752724587917328,
        0.022757889702916145,
        0.022806473076343536,
        0.022746164351701736,
        0.022759560495615005,
        0.022796260192990303,
        0.02294118143618107,
        0.022856511175632477,
        0.022779662162065506,
        0.022765865549445152,
        0.0227633286267519,
        0.022827938199043274,
        0.022763919085264206,
        0.022766798734664917,
        0.022777730599045753,
        0.02352002076804638,
        0.023174501955509186,
        0.023239653557538986,
        0.023379648104310036,
        0.023424942046403885,
        0.02505122683942318,
        0.024925215169787407,
        0.023945432156324387
    ],
    "comments": {
        "created-by": "run_analogies.py",
        "args": {
            "model": "facebook/opt-350m",
            "cache_dir": "./cache/",
            "tokenizer": "facebook/opt-350m",
            "data_dir": "data/analogies/OPT350M/",
            "importance_results_dir": "rationalization_results/analogies/OPT350M_attention",
            "device": "cuda",
            "rationalization_config": "config/eva_attention.json",
            "input_num_ratio": 1,
            "logfolder": "logs/analogies/OPT350M_attention",
            "loglevel": 20
        },
        "time_elapsed": 0.01230764389038086
    }
}