{
    "$schema": "../docs/rationalization.schema.json",
    "id": 27,
    "input-text": [
        "</s>",
        "I",
        " had",
        " never",
        " been",
        " friends",
        " with",
        " any",
        " Italian",
        " people",
        " before",
        ".",
        " (",
        "The",
        " funn",
        "iest",
        " thing",
        " happened",
        " to",
        " me",
        " the",
        " other",
        " day",
        ",",
        " but",
        " that",
        "'s",
        " a",
        " story",
        " for",
        " another",
        " time",
        ").",
        " In",
        " fact",
        ",",
        " I",
        " had",
        " never",
        " even",
        " been",
        " to"
    ],
    "input-tokens": [
        2,
        100,
        56,
        393,
        57,
        964,
        19,
        143,
        3108,
        82,
        137,
        4,
        36,
        133,
        29310,
        7098,
        631,
        1102,
        7,
        162,
        5,
        97,
        183,
        6,
        53,
        14,
        18,
        10,
        527,
        13,
        277,
        86,
        322,
        96,
        754,
        6,
        38,
        56,
        393,
        190,
        57,
        7
    ],
    "target-text": " Italy",
    "target-token": 2627,
    "rational-size": 5,
    "rational-positions": [
        0,
        1,
        2,
        3,
        4
    ],
    "rational-text": [
        "</s>",
        "I",
        " had",
        " never",
        " been"
    ],
    "rational-tokens": [
        2,
        100,
        56,
        393,
        57
    ],
    "importance-scores": [
        0.06217719614505768,
        0.02287372574210167,
        0.02287372574210167,
        0.02287372574210167,
        0.02287372574210167,
        0.02287372574210167,
        0.02287372574210167,
        0.02287372574210167,
        0.02287372574210167,
        0.02287372574210167,
        0.02287372574210167,
        0.02287372574210167,
        0.02287372574210167,
        0.02287372574210167,
        0.02287372574210167,
        0.02287372574210167,
        0.02287372574210167,
        0.02287372574210167,
        0.02287372574210167,
        0.02287372574210167,
        0.02287372574210167,
        0.02287372574210167,
        0.02287372574210167,
        0.02287372574210167,
        0.02287372574210167,
        0.02287372574210167,
        0.02287372574210167,
        0.02287372574210167,
        0.02287372574210167,
        0.02287372574210167,
        0.02287372574210167,
        0.02287372574210167,
        0.02287372574210167,
        0.02287372574210167,
        0.02287372574210167,
        0.02287372574210167,
        0.02287372574210167,
        0.02287372574210167,
        0.02287372574210167,
        0.02287372574210167,
        0.02287372574210167,
        0.02287372574210167
    ],
    "comments": {
        "created-by": "run_analogies.py",
        "args": {
            "model": "KoboldAI/OPT-6.7B-Erebus",
            "cache_dir": "./cache/",
            "tokenizer": "KoboldAI/OPT-6.7B-Erebus",
            "data_dir": "data/analogies/OPT6B/",
            "importance_results_dir": "rationalization_results/analogies/OPT6B_attention_rollout",
            "device": "cuda",
            "rationalization_config": "config/eva_attention_rollout.json",
            "input_num_ratio": 1,
            "logfolder": "logs/analogies/OPT6B_attention_rollout",
            "loglevel": 20
        },
        "time_elapsed": 0.07936286926269531
    }
}