target_pos,target_token,norm_suff,random_suff,norm_comp,random_comp
44, He,0.0,0.01111956499516964,0.045450951904058456,0.02889326401054859
46, a,0.002250605495646596,0.0029146154411137104,0.037485599517822266,0.021800590679049492
48, kid,0.0,0.0,0.026726404204964638,0.006574790459126234
50, He,0.0,0.004137271549552679,0.026873040944337845,0.0204364825040102
52, a,0.00038513715844601393,0.0,0.02580011636018753,0.058358002454042435
