norm_suff_mean,random_suff_mean,norm_comp_mean,random_comp_mean,final suff,final comp,target_tokens
0.005898073315620422,0.006048127543181181,0.010812361724674702,0.009303049184381962,0.9751899838447571,1.5773030519485474, Because$ was$ good$.$ was
