norm_suff_mean,random_suff_mean,norm_comp_mean,random_comp_mean,final suff,final comp,target_tokens
0.0005271485424600542,0.003634290536865592,0.03246722370386124,0.02721262536942959,0.14504854381084442,51.622310638427734, He$ a$ kid$ He$ a
