target_pos,target_token,norm_suff,random_suff,norm_comp,random_comp
49, I,0.0,0.013134611770510674,0.025850409641861916,0.011083041317760944
51, so,0.0,0.0014046418946236372,0.01843751221895218,0.02118890918791294
53,.,0.0,0.0,0.055199041962623596,0.013920721597969532
55, was,0.0,0.0,0.012653348967432976,0.022608524188399315
57, happy,0.0,0.00023527716984972358,0.014725090004503727,0.018863387405872345
