norm_suff_mean,random_suff_mean,norm_comp_mean,random_comp_mean,final suff,final comp,target_tokens
0.004048414062708616,0.004509724210947752,0.0075305490754544735,0.0054960171692073345,0.8977077007293701,1.3575729131698608, I$'t$.$ was$ happy
