target_pos,target_token,norm_suff,random_suff,norm_comp,random_comp
51, She,0.0,0.0,0.043554291129112244,0.012489823624491692
53,.,0.0,0.0,0.028664495795965195,0.0098952054977417
55, went,0.0,0.0,0.00889171939343214,0.01282326877117157
57, to,0.0037452734541147947,0.0,0.013317491859197617,0.02888817898929119
59, cup,0.0,0.0002683580678422004,0.0427459292113781,0.03295749053359032
