norm_suff_mean,random_suff_mean,norm_comp_mean,random_comp_mean,final suff,final comp,target_tokens
0.0016089655691757798,0.003026844235137105,0.009369916282594204,0.004376566968858242,0.5315653681755066,2.7201123237609863, She$'t$.$ just$ that
