norm_suff_mean,random_suff_mean,norm_comp_mean,random_comp_mean,final suff,final comp,target_tokens
0.0007490547141060233,5.367161429603584e-05,0.027434786781668663,0.019410794600844383,13.956254959106445,25.913721084594727, She$.$ went$ to$ cup
