target_pos,target_token,norm_suff,random_suff,norm_comp,random_comp
47, She,0.0,0.0,0.006339042913168669,0.00463737640529871
49, going,0.003084577387198806,0.0,0.007007256615906954,0.006931408308446407
51, the,0.0055905794724822044,0.006173660047352314,0.005407856777310371,0.0069757187739014626
53, to,0.0,0.0,0.00990353338420391,0.016925040632486343
55, her,0.0,0.0003328349266666919,0.008214014582335949,0.005765718873590231
