target_pos,target_token,norm_suff,random_suff,norm_comp,random_comp
47, She,0.0,0.0,0.06803221255540848,0.012315223924815655
49,'t,8.549656922696158e-05,0.0003249708388466388,0.0006050716619938612,0.00016723075532354414
51,.,0.0,0.0,0.02347422204911709,0.01425404753535986
53, didn,0.00028060312615707517,0.0,0.02247580513358116,0.029178783297538757
55, know,0.0,0.0,0.013856755569577217,0.039564017206430435
