norm_suff_mean,random_suff_mean,norm_comp_mean,random_comp_mean,final suff,final comp,target_tokens
7.321994053199887e-05,6.499417213490233e-05,0.025688812136650085,0.01909586228430271,1.1265616416931152,260.8013916015625, She$'t$.$ didn$ know
