target_pos,target_token,norm_suff,random_suff,norm_comp,random_comp
46, Because,0.0,0.0,0.04854125902056694,0.010931204073131084
48, was,0.001639226102270186,0.0,0.01151950377970934,0.010497989133000374
50,.,0.03729185461997986,0.0,0.022553149610757828,0.02019902504980564
52, was,0.0,0.0,0.013907818123698235,0.021566733717918396
54, of,0.002321832813322544,0.0,0.02469971403479576,0.012559699825942516
