target_pos,target_token,norm_suff,random_suff,norm_comp,random_comp
57, I,0.003219002392143011,0.0,0.017294278368353844,0.025815637782216072
59, so,0.0024426220916211605,0.0,0.018627962097525597,0.008513444103300571
61, to,0.0004668153414968401,0.0,0.028201326727867126,0.008767906576395035
63, it,0.004282271023839712,0.0,0.02412579208612442,0.026310894638299942
65,.,0.0031034837011247873,0.0,0.02248055301606655,0.008547659032046795
