target_pos,target_token,norm_suff,random_suff,norm_comp,random_comp
57, I,0.0,0.003985641524195671,0.007024622987955809,0.006089771632105112
59, to,0.008491577580571175,0.0023128162138164043,0.004726800136268139,0.0021924308966845274
61, a,0.0,0.0,0.009216920472681522,0.005265293642878532
63,.,0.14159753918647766,0.014429910108447075,0.004230469465255737,0.003312191227450967
65, sat,0.0007979939691722393,0.002849037293344736,0.0019479661714285612,0.0006426342879422009
