norm_suff_mean,random_suff_mean,norm_comp_mean,random_comp_mean,final suff,final comp,target_tokens
0.030177423730492592,0.00471548130735755,0.005429355893284082,0.003500464605167508,6.399648666381836,0.11599613726139069, I$ to$ a$.$ sat
