target_pos,target_token,norm_suff,random_suff,norm_comp,random_comp
51, Because,0.0010714997770264745,0.0,0.08533906191587448,0.008447136729955673
53, wanted,0.00048732743016444147,0.002466225763782859,0.041135139763355255,0.007783558219671249
55, show,0.0,0.0,0.02797001414000988,0.009573029354214668
57, to,0.007849571295082569,0.0,0.025852974504232407,0.02137036807835102
59, dog,0.00033162557519972324,0.0,0.0188120249658823,0.006272987928241491
