norm_suff_mean,random_suff_mean,norm_comp_mean,random_comp_mean,final suff,final comp,target_tokens
0.004260492976754904,0.016289232298731804,0.09653022140264511,0.038067009299993515,0.26155272126197815,8.934884071350098, Because$ loved$ play$ his$.
