norm_suff_mean,random_suff_mean,norm_comp_mean,random_comp_mean,final suff,final comp,target_tokens
0.0019480048213154078,0.0004932451411150396,0.039821844547986984,0.010689416900277138,3.949364423751831,5.487366676330566, Because$ wanted$ show$ to$ dog
