target_pos,target_token,norm_suff,random_suff,norm_comp,random_comp
68, She,0.00438021682202816,0.0,0.02770288474857807,0.013535730540752411
70, to,0.0015250453725457191,0.10471970587968826,0.015764493495225906,0.005223470274358988
72, Asian,0.0,0.0,0.028028007596731186,0.03732377290725708
74,ard,0.0005745930247940123,0.0008540392154827714,0.003212242852896452,0.0016837017610669136
76, her,0.0,0.0022233070340007544,0.031124576926231384,0.0077658528462052345
