target_pos,target_token,norm_suff,random_suff,norm_comp,random_comp
68, She,0.0,0.0023896093480288982,0.009416741319000721,0.004403512924909592
70, to,0.005199814215302467,0.0005653788684867322,0.002856647130101919,0.004806417040526867
72, a,0.0061301300302147865,0.010427779518067837,0.012495224364101887,0.006595934275537729
74, meal,0.0003883906756527722,0.006704308092594147,0.009217661805450916,0.007559303194284439
76, her,1.3340136320039164e-05,0.0026329944375902414,0.005296073853969574,0.0025031089317053556
