norm_suff_mean,random_suff_mean,norm_comp_mean,random_comp_mean,final suff,final comp,target_tokens
0.0012959711020812392,0.02155940979719162,0.021166441962122917,0.013106505386531353,0.060111623257398605,10.113269805908203, She$ to$ Asian$ard$ her
