target_pos,target_token,norm_suff,random_suff,norm_comp,random_comp
62, She,0.004054343327879906,0.00304128834977746,0.009665872901678085,0.009299426339566708
64, to,0.0,0.0,0.0018922545714303851,0.002028430113568902
66, out,0.0,8.938690007198602e-05,0.0021281703375279903,0.002796676242724061
68, cheer,0.001457313308492303,0.0,0.014433412812650204,0.004368314053863287
70,.,0.020367052406072617,0.010299338027834892,0.008615028113126755,0.009889918379485607
