target_pos,target_token,norm_suff,random_suff,norm_comp,random_comp
62, She,0.0,0.0,0.023101869970560074,0.02641790173947811
64, to,0.034304771572351456,0.0,0.006040152627974749,0.002770081628113985
66, out,0.0,0.0,0.022426310926675797,0.012226256541907787
68, cheer,0.045742761343717575,0.0,0.01985640451312065,0.01043254230171442
70, at,0.0280171986669302,0.18453694880008698,0.0364912673830986,0.006673404946923256
