norm_suff_mean,random_suff_mean,norm_comp_mean,random_comp_mean,final suff,final comp,target_tokens
0.005175741855055094,0.0026860025245696306,0.007346947677433491,0.00567655311897397,1.9269311428070068,1.0967612266540527, She$ to$ out$ cheer$.
