norm_suff_mean,random_suff_mean,norm_comp_mean,random_comp_mean,final suff,final comp,target_tokens
0.021612945944070816,0.036907389760017395,0.021583201363682747,0.0117040378972888,0.585599422454834,0.5415290594100952, She$ to$ out$ cheer$ at
