target_pos,target_token,norm_suff,random_suff,norm_comp,random_comp
55, Because,0.0011210422962903976,0.0,0.00677877152338624,0.004183769226074219
57, wanted,0.009287889115512371,0.0032248017378151417,0.004864140879362822,0.003382841357961297
59, to,0.0,0.0,0.0011154895182698965,0.0012247280683368444
61, successful,0.0,0.0,0.004511160776019096,0.005497548263520002
63, She,0.0001638797839405015,0.0,0.007119413930922747,0.002773742424324155
