target_pos,target_token,norm_suff,random_suff,norm_comp,random_comp
55, Because,0.0,0.0,0.03586389869451523,0.013262264430522919
57, wanted,0.0,0.0,0.01801985502243042,0.010574686340987682
59, to,0.0024373545311391354,0.0,0.005167921539396048,0.0028159257490187883
61, French,0.0,0.0,0.010028187185525894,0.010559254325926304
63, She,0.0,0.0053483592346310616,0.014370307326316833,0.009994715452194214
