norm_suff_mean,random_suff_mean,norm_comp_mean,random_comp_mean,final suff,final comp,target_tokens
0.00048747091204859316,0.001069671823643148,0.016690034419298172,0.009441370144486427,0.45572006702423096,19.36806869506836, Because$ wanted$ to$ French$ She
