norm_suff_mean,random_suff_mean,norm_comp_mean,random_comp_mean,final suff,final comp,target_tokens
0.0021145623177289963,0.0006449603824876249,0.004877795465290546,0.0034125258680433035,3.278592586517334,1.6138213872909546, Because$ wanted$ to$ successful$ She
