target_pos,target_token,norm_suff,random_suff,norm_comp,random_comp
53, Because,0.0,0.0,0.03006918728351593,0.014412639662623405
55, was,0.0018754638731479645,0.0,0.023299381136894226,0.007795336656272411
57, black,0.0,0.0,0.04189686477184296,0.04761001840233803
59, player,0.0,0.0,0.026706324890255928,0.014489224180579185
61, He,0.015250655822455883,0.006396720185875893,0.015515618957579136,0.012335619889199734
