norm_suff_mean,random_suff_mean,norm_comp_mean,random_comp_mean,final suff,final comp,target_tokens
0.003425224218517542,0.0012793440837413073,0.02749747596681118,0.019328568130731583,2.67732834815979,5.643008232116699, Because$ was$ black$ player$ He
