norm_suff_mean,random_suff_mean,norm_comp_mean,random_comp_mean,final suff,final comp,target_tokens
0.005001877900213003,0.002658194862306118,0.010487014427781105,0.005686867516487837,1.8816821575164795,1.136946439743042, Because$ was$ black$.$ was
