target_pos,target_token,norm_suff,random_suff,norm_comp,random_comp
67, Mary,0.004683258011937141,0.0,0.010902452282607555,0.032123416662216187
69, so,0.07066619396209717,0.05153968185186386,0.014993279241025448,0.009831814095377922
71, that,0.02440517581999302,0.1629134565591812,0.011494265869259834,0.009099016897380352
73, didn,0.010928330942988396,0.006435935385525227,0.016408029943704605,0.009732995182275772
75, want,0.002286708913743496,0.003116016974672675,0.027228577062487602,0.008616951294243336
