target_pos,target_token,norm_suff,random_suff,norm_comp,random_comp
67, Mary,0.0,0.0,0.009335446171462536,0.0061958287842571735
69, a,0.007953070104122162,0.001328192069195211,0.00931917317211628,0.011072332970798016
71, bow,0.0013428557431325316,0.0077894581481814384,0.0076368129812181,0.010766731575131416
73,",",0.0014072086196392775,0.01002498995512724,0.004166741855442524,0.0063104163855314255
75, Steve,0.0,0.001332523999735713,0.009523095563054085,0.007707157637923956
