norm_suff_mean,random_suff_mean,norm_comp_mean,random_comp_mean,final suff,final comp,target_tokens
0.02259393408894539,0.0448010191321373,0.0162053219974041,0.013880838640034199,0.5043174028396606,0.6143612861633301, Mary$ so$ that$ didn$ want
