target_pos,target_token,norm_suff,random_suff,norm_comp,random_comp
56, Because,0.0,0.0,0.08793693780899048,0.04254407808184624
58, wanted,0.0012009510537609458,0.0002221079485025257,0.02810240164399147,0.020748553797602654
60, show,0.0031938429456204176,0.0,0.03372405469417572,0.03341656178236008
62, they,0.016480809077620506,0.0,0.028924422338604927,0.013219894841313362
64, not,0.002177662681788206,0.0,0.03439885377883911,0.03972058370709419
