norm_suff_mean,random_suff_mean,norm_comp_mean,random_comp_mean,final suff,final comp,target_tokens
0.004610653501003981,4.442159115569666e-05,0.04261733219027519,0.029929935932159424,103.79307556152344,6.49147367477417, Because$ wanted$ show$ they$ not
