norm_suff_mean,random_suff_mean,norm_comp_mean,random_comp_mean,final suff,final comp,target_tokens
0.0011414331384003162,0.0020425335969775915,0.025280702859163284,0.01913451962172985,0.5588319897651672,16.763591766357422, They$ to$ it$ a$ way
