target_pos,target_token,norm_suff,random_suff,norm_comp,random_comp
54, Martha,0.008986024186015129,0.01567828096449375,0.13128429651260376,0.1135348379611969
56, boyfriend,0.00013497240433935076,0.0005351145518943667,0.011631344445049763,0.006328090559691191
58, really,0.00011155967513332143,0.0,0.016646886244416237,0.012142066843807697
60, Dungeons,0.0,0.0004411512054502964,0.009198564104735851,0.005910491570830345
62, Dragons,0.00048756724572740495,0.0,0.006569709628820419,0.0018285793485119939
