norm_suff_mean,random_suff_mean,norm_comp_mean,random_comp_mean,final suff,final comp,target_tokens
0.004059288650751114,0.002207903889939189,0.0131352124735713,0.011209066025912762,1.8385260105133057,2.7613375186920166, She$ a$ bit$ a$oy
