norm_suff_mean,random_suff_mean,norm_comp_mean,random_comp_mean,final suff,final comp,target_tokens
0.0019440246978774667,0.0033309091813862324,0.035066161304712296,0.027948815375566483,0.5836318731307983,14.376779556274414, Martha$ boyfriend$ really$ Dungeons$ Dragons
