target_pos,target_token,norm_suff,random_suff,norm_comp,random_comp
43, She,0.0,0.02637338824570179,0.057522717863321304,0.04491882026195526
45, learning,0.0,0.0,0.10934513807296753,0.026209888979792595
47, draw,1.859757503552828e-05,0.0,0.004051756579428911,0.0022293180227279663
49, face,0.0,0.0002655576099641621,0.0033271079882979393,0.00342455948702991
51, She,0.001051196944899857,0.0,0.020534098148345947,0.016006436198949814
