norm_suff_mean,random_suff_mean,norm_comp_mean,random_comp_mean,final suff,final comp,target_tokens
0.011631840839982033,0.0073633948341012,0.03179480507969856,0.019457895308732986,1.5796844959259033,1.672813057899475, Because$ was$ to$ a$.
