norm_suff_mean,random_suff_mean,norm_comp_mean,random_comp_mean,final suff,final comp,target_tokens
0.0002139589050784707,0.0053277891129255295,0.038956161588430405,0.018557805567979813,0.04015904292464256,86.7353744506836, She$ learning$ draw$ face$ She
