target_pos,target_token,norm_suff,random_suff,norm_comp,random_comp
56, Because,0.0,0.0,0.11377085745334625,0.05160174146294594
58, was,0.0,0.0,0.013614232651889324,0.013083185069262981
60, of,0.019191883504390717,0.0,0.023380611091852188,0.0239296555519104
62,.,0.05114639550447464,0.0,0.060138121247291565,0.020442456007003784
64, was,0.0,0.0,0.012880224734544754,0.012460383586585522
