target_pos,target_token,norm_suff,random_suff,norm_comp,random_comp
56, He,0.009922745637595654,0.0,0.01938227005302906,0.01680593192577362
58, playing,0.0,0.004367978312075138,0.015006380155682564,0.010880840010941029
60, his,0.0010802664328366518,0.0060564265586435795,0.016520032659173012,0.008213521912693977
62,.,0.014738673344254494,0.0,0.03464062884449959,0.021307367831468582
64, friend,0.0,0.0011758033651858568,0.0029860713984817266,0.005137307103723288
