target_pos,target_token,norm_suff,random_suff,norm_comp,random_comp
50, She,0.0,0.0013203555718064308,0.02609296515583992,0.009502598084509373
52, to,0.0,0.0,0.009934927336871624,0.0092500951141119
54, her,0.0,0.0,0.010472066700458527,0.019799137488007545
56, walls,0.0,0.0,0.03263281658291817,0.012242855504155159
58, She,0.0031761282589286566,0.0010327283525839448,0.019809238612651825,0.010433971881866455
