target_pos,target_token,norm_suff,random_suff,norm_comp,random_comp
50, Because,0.004646288231015205,0.004518939647823572,0.0048371427692472935,0.005028254818171263
52, wanted,0.0,0.0,0.0036352695897221565,0.004893851466476917
54, paint,0.007974738255143166,2.8124457458034158e-05,0.005486899055540562,0.003721464890986681
56, bedroom,0.0,0.00043913876288570464,0.013250664807856083,0.005634532310068607
58,.,0.007944622077047825,0.0,0.006087092682719231,0.003556428477168083
