norm_suff_mean,random_suff_mean,norm_comp_mean,random_comp_mean,final suff,final comp,target_tokens
0.004113129805773497,0.0009972405387088656,0.006659414153546095,0.004566906485706568,4.124511241912842,1.1103239059448242, Because$ wanted$ paint$ bedroom$.
