norm_suff_mean,random_suff_mean,norm_comp_mean,random_comp_mean,final suff,final comp,target_tokens
0.0006352256750687957,0.00047061676741577685,0.019788403064012527,0.012245731428265572,1.3497726917266846,19.27776527404785, She$ to$ her$ walls$ She
