target_pos,target_token,norm_suff,random_suff,norm_comp,random_comp
63, She,0.0,0.0005548584740608931,0.033990662544965744,0.014269436709582806
65, hungry,0.00035625623422674835,0.011485564522445202,0.013504063710570335,0.010912190191447735
67, She,0.004544497933238745,0.0028748484328389168,0.013850919902324677,0.006771286949515343
69, hungry,0.006032963749021292,0.009302536956965923,0.014428055845201015,0.016367657110095024
71, she,0.0024482798762619495,0.0023126332089304924,0.010759912431240082,0.003991383593529463
