target_pos,target_token,norm_suff,random_suff,norm_comp,random_comp
63, Because,0.014577144756913185,0.0,0.0759991705417633,0.10148533433675766
65, was,0.015472577884793282,0.0,0.021955741569399834,0.009571661241352558
67,!,0.0,0.0,0.03568793088197708,0.10298033803701401
69, was,0.0,0.0,0.01468425989151001,0.02414601668715477
71, hungry,0.006614076439291239,0.0032558063976466656,0.02374432608485222,0.021314546465873718
