norm_suff_mean,random_suff_mean,norm_comp_mean,random_comp_mean,final suff,final comp,target_tokens
0.0026763996575027704,0.005306088365614414,0.017306722700595856,0.010462391190230846,0.5044016242027283,3.9091289043426514, She$ hungry$ She$ hungry$ she
