norm_suff_mean,random_suff_mean,norm_comp_mean,random_comp_mean,final suff,final comp,target_tokens
0.007332760374993086,0.0006511613028123975,0.03441428765654564,0.05189957842230797,11.2610502243042,7.077768325805664, Because$ was$!$ was$ hungry
