target_pos,target_token,norm_suff,random_suff,norm_comp,random_comp
51, She,0.0,0.008094612509012222,0.07228708267211914,0.035594720393419266
53, in,0.0,0.0,0.017655033618211746,0.011884097941219807
55, relationship,0.0,0.0,0.026844415813684464,0.016744064167141914
57, a,0.0,0.00043352224747650325,0.026460086926817894,0.0807739645242691
59,.,0.046893421560525894,0.0,0.055091772228479385,0.011216985993087292
