target_pos,target_token,norm_suff,random_suff,norm_comp,random_comp
51, She,0.00159057870041579,0.0010169204324483871,0.007261220831423998,0.004109426401555538
53, at,0.0,0.005911015439778566,0.01033164281398058,0.006528408732265234
55, beach,0.006323327776044607,0.0,0.012219099327921867,0.01573965512216091
57, get,0.0,0.005270995665341616,0.006246891338378191,0.011213698424398899
59, from,0.002677431795746088,0.0006846615578979254,0.003621407551690936,0.0014945156872272491
