norm_suff_mean,random_suff_mean,norm_comp_mean,random_comp_mean,final suff,final comp,target_tokens
0.0021182678174227476,0.00257671857252717,0.007936052046716213,0.007817140780389309,0.822079598903656,3.6903457641601562, She$ at$ beach$ get$ from
