norm_suff_mean,random_suff_mean,norm_comp_mean,random_comp_mean,final suff,final comp,target_tokens
0.009378684684634209,0.0017056269571185112,0.039667677134275436,0.031242767348885536,5.498672962188721,3.3312525749206543, She$ in$ relationship$ a$.
