target_pos,target_token,norm_suff,random_suff,norm_comp,random_comp
56, I,0.0,0.0,0.004514385014772415,0.004720256198197603
58, a,0.0034963490907102823,0.0,0.003940789494663477,0.005448872689157724
60,.,0.006617798004299402,0.02165261283516884,0.005731234326958656,0.007454938255250454
62, didn,0.001162813394330442,0.0,0.0026655299589037895,0.002188844373449683
64, know,0.0017818103078752756,0.0016059784684330225,0.0034538181498646736,0.002656714990735054
