target_pos,target_token,norm_suff,random_suff,norm_comp,random_comp
56, I,0.001616407884284854,0.0,0.03212053328752518,0.014539901167154312
58,'t,0.000638218829408288,0.00023808951664250344,0.0002937110548373312,0.00021225071395747364
60,.,0.0,0.0,0.052802979946136475,0.04095514491200447
62, was,0.0,0.0,0.013807786628603935,0.021047083660960197
64, like,0.005380088929086924,0.0,0.025498583912849426,0.06817211955785751
