norm_suff_mean,random_suff_mean,norm_comp_mean,random_comp_mean,final suff,final comp,target_tokens
0.0026117542292922735,0.004651718307286501,0.004061151295900345,0.004493925254791975,0.5614600777626038,1.720654010772705, I$ a$.$ didn$ know
