norm_suff_mean,random_suff_mean,norm_comp_mean,random_comp_mean,final suff,final comp,target_tokens
0.00152694305870682,4.761790478369221e-05,0.02490471862256527,0.02898530103266239,32.06657409667969,18.982568740844727, I$'t$.$ was$ like
