target_pos,target_token,norm_suff,random_suff,norm_comp,random_comp
49, Chris,0.006409263703972101,0.0,0.07475155591964722,0.038460873067379
51, struggling,0.0,0.003954698797315359,0.2713230550289154,0.0666104406118393
53, English,0.0,0.0,0.05102897435426712,0.011742009781301022
55,.,0.012617387808859348,0.02747354842722416,0.17289620637893677,0.013535179197788239
57, decided,0.0,0.0003997155581600964,0.14941300451755524,0.010214070789515972
