target_pos,target_token,norm_suff,random_suff,norm_comp,random_comp
48, Because,0.0051516820676624775,0.02265344001352787,0.01762576587498188,0.028204727917909622
50, was,0.002649187808856368,0.0,0.010403795167803764,0.0182470865547657
52, working,0.0014989005867391825,0.0,0.027155913412570953,0.013999702408909798
54, his,0.0,0.0,0.014352417550981045,0.08329128473997116
56,.,0.06922098249197006,0.00962857250124216,0.03454212099313736,0.012399222701787949
