norm_suff_mean,random_suff_mean,norm_comp_mean,random_comp_mean,final suff,final comp,target_tokens
0.01570415124297142,0.006456402596086264,0.020816003903746605,0.031228406354784966,2.432337760925293,1.9885447025299072, Because$ was$ working$ his$.
