target_pos,target_token,norm_suff,random_suff,norm_comp,random_comp
59, Because,0.011852330528199673,0.0,0.03494683653116226,0.04793326184153557
61, was,0.0010333361569792032,0.0,0.025699680671095848,0.00816954206675291
63, ge,0.0,0.00043848928180523217,0.023802990093827248,0.012530449777841568
65,.,0.0,0.00792792160063982,0.07074140012264252,0.020713388919830322
67, was,0.0,0.0,0.02157018706202507,0.0486934632062912
