norm_suff_mean,random_suff_mean,norm_comp_mean,random_comp_mean,final suff,final comp,target_tokens
0.0025771332439035177,0.0016732821241021156,0.03535221889615059,0.027608022093772888,1.5401666164398193,10.712687492370605, Because$ was$ ge$.$ was
