target_pos,target_token,norm_suff,random_suff,norm_comp,random_comp
53, Because,0.0,0.007696126122027636,0.05577610805630684,0.009961030445992947
55, was,0.004597905091941357,0.0,0.017803607508540154,0.05397513136267662
57, only,0.0,0.0,0.02494731731712818,0.011873476207256317
59, who,0.0,7.670774357393384e-05,0.009076222777366638,0.022131428122520447
61, sit,0.00109392951708287,0.0,0.01509379968047142,0.03999248147010803
