norm_suff_mean,random_suff_mean,norm_comp_mean,random_comp_mean,final suff,final comp,target_tokens
0.0011383669916540384,0.001554566784761846,0.024539411067962646,0.027586711570620537,0.7322728037834167,24.233583450317383, Because$ was$ only$ who$ sit
