target_pos,target_token,norm_suff,random_suff,norm_comp,random_comp
64, Because,0.0,0.0,0.032942477613687515,0.04964370280504227
66, were,0.023271573707461357,0.007373107597231865,0.016988782212138176,0.007749964017421007
68, of,0.0,0.0,0.015816127881407738,0.014317707158625126
70, barb,0.018966209143400192,0.016720212996006012,0.04085841774940491,0.015334240160882473
72,.,0.0,0.390654593706131,0.010357142426073551,0.014737725257873535
