norm_suff_mean,random_suff_mean,norm_comp_mean,random_comp_mean,final suff,final comp,target_tokens
0.008447556756436825,0.08294957876205444,0.023392589762806892,0.020356668159365654,0.10183966159820557,2.4097700119018555, Because$ were$ of$ barb$.
