suff,comp,random_suff,random_comp
0.17011832063208962,0.7553669867139493,0.0981999266182096,0.4910962196937681
