{
    "$schema": "../docs/rationalization.schema.json",
    "id": 10,
    "input-text": [
        "When",
        " my",
        " flight",
        " landed",
        " in",
        " Afghanistan",
        ",",
        " I",
        " converted",
        " my",
        " currency",
        " and",
        " slowly",
        " fell",
        " asleep",
        ".",
        " (",
        "I",
        " had",
        " a",
        " terrifying",
        " dream",
        " about",
        " my",
        " grandmother",
        ",",
        " but",
        " that",
        "'s",
        " a",
        " story",
        " for",
        " another",
        " time",
        ").",
        " I",
        " was",
        " staying",
        " in",
        " the",
        " capital",
        ","
    ],
    "input-tokens": [
        2215,
        616,
        5474,
        11406,
        287,
        8037,
        11,
        314,
        11513,
        616,
        7395,
        290,
        6364,
        3214,
        16039,
        13,
        357,
        40,
        550,
        257,
        17623,
        4320,
        546,
        616,
        18410,
        11,
        475,
        326,
        338,
        257,
        1621,
        329,
        1194,
        640,
        737,
        314,
        373,
        10589,
        287,
        262,
        3139,
        11
    ],
    "target-text": " Kabul",
    "target-token": 34753,
    "rational-size": 9,
    "rational-positions": [
        0,
        1,
        2,
        3,
        5,
        27,
        34,
        39,
        40
    ],
    "rational-text": [
        "When",
        " my",
        " flight",
        " landed",
        " Afghanistan",
        " that",
        ").",
        " the",
        " capital"
    ],
    "rational-tokens": [
        2215,
        616,
        5474,
        11406,
        8037,
        326,
        737,
        262,
        3139
    ],
    "importance-scores": [
        1.1210387714598537e-44,
        0.0,
        6.052208067418885e-42,
        4.0426962244553265e-31,
        8.291920935995626e-36,
        0.4000000059604645,
        0.0,
        2.956739759725364e-43,
        0.0,
        2.059908742557481e-43,
        5.193099839040372e-10,
        4.216072707444548e-31,
        0.0,
        0.0,
        1.5761055922194068e-22,
        0.0,
        5.621001694021367e-15,
        0.0,
        0.0,
        1.2379070633845434e-41,
        0.0,
        0.0,
        0.0,
        8.836055622615853e-40,
        0.0,
        1.4581918531708956e-19,
        0.0,
        7.44507491888386e-39,
        2.788771573992503e-30,
        0.0,
        0.0,
        0.0,
        2.634818405165159e-20,
        0.0,
        1.0785721911863672e-27,
        9.80908925027372e-45,
        2.4079725434204266e-22,
        5.633254078355972e-34,
        2.04200014818341e-40,
        0.5956457257270813,
        0.004354284144937992,
        9.577088875221638e-39
    ],
    "comments": {
        "created-by": "run_analogies.py",
        "args": {
            "model": "gpt2-medium",
            "cache_dir": "cache/",
            "tokenizer": "gpt2-medium",
            "data_dir": "data/analogies/gpt2",
            "importance_results_dir": "rationalization_results/analogies/gpt2_ours/top3_replace0.3_max3000_batch10",
            "device": "cuda",
            "rationalization_config": "config//top3_replace0.3_max3000_batch10.json",
            "input_num_ratio": 1.0,
            "logfolder": "logs/analogies/gpt2_ours/top3_replace0.3_max3000_batch10",
            "loglevel": 20
        },
        "time_elapsed": 247.61111211776733,
        "separate_rational": [
            [
                " the",
                " Afghanistan",
                " another",
                " staying",
                " capital"
            ],
            [
                " Afghanistan",
                " fell",
                " a",
                "When",
                " my"
            ],
            [
                " Afghanistan",
                "When",
                " my",
                " flight",
                " landed"
            ],
            [
                " the",
                ",",
                " Afghanistan",
                " capital",
                " that"
            ],
            [
                " Afghanistan",
                " the",
                ").",
                " that",
                " capital"
            ],
            [
                " Afghanistan",
                ").",
                " capital",
                " my",
                " that"
            ],
            [
                " was",
                " the",
                " and",
                "When",
                " my"
            ],
            [
                " capital",
                "When",
                " my",
                " flight",
                " landed"
            ],
            [
                " capital",
                " Afghanistan",
                "When",
                " my",
                " flight"
            ],
            [
                " the",
                " capital",
                " currency",
                " (",
                " Afghanistan"
            ]
        ]
    }
}