{
    "$schema": "../docs/rationalization.schema.json",
    "id": 113,
    "input-text": [
        "I",
        " thought",
        " it",
        " would",
        " be",
        " the",
        " tallest",
        " thing",
        " I",
        "'d",
        " ever",
        " encounter",
        ".",
        " (",
        "I",
        " tried",
        " to",
        " ignore",
        " my",
        " phone",
        " vibr",
        "ating",
        " in",
        " my",
        " pocket",
        ").",
        " But",
        " when",
        " I",
        " did",
        " end",
        " up",
        " encountering",
        " it",
        ",",
        " it",
        " turned",
        " out",
        " it",
        " wasn",
        "'t",
        " so"
    ],
    "input-tokens": [
        40,
        1807,
        340,
        561,
        307,
        262,
        38760,
        1517,
        314,
        1549,
        1683,
        8791,
        13,
        357,
        40,
        3088,
        284,
        8856,
        616,
        3072,
        12611,
        803,
        287,
        616,
        10000,
        737,
        887,
        618,
        314,
        750,
        886,
        510,
        42398,
        340,
        11,
        340,
        2900,
        503,
        340,
        2492,
        470,
        523
    ],
    "target-text": " tall",
    "target-token": 7331,
    "rational-size": 8,
    "rational-positions": [
        0,
        1,
        6,
        11,
        29,
        39,
        40,
        41
    ],
    "rational-text": [
        "I",
        " thought",
        " tallest",
        " encounter",
        " did",
        " wasn",
        "'t",
        " so"
    ],
    "rational-tokens": [
        40,
        1807,
        38760,
        8791,
        750,
        2492,
        470,
        523
    ],
    "importance-scores": [
        3.9202836262615046e-14,
        0.124956414103508,
        1.109455951588123e-13,
        1.058539367271294e-09,
        4.808391801784012e-18,
        3.778829246042781e-12,
        0.125,
        1.2049825360371285e-17,
        9.085449096088807e-24,
        4.731718128425655e-09,
        3.813210972257587e-17,
        0.12384838610887527,
        3.283625814262684e-27,
        8.273911333844808e-08,
        1.0497263221696546e-14,
        1.6175124475394372e-25,
        3.530763444749031e-23,
        5.725920302713482e-27,
        5.901325913142505e-27,
        2.543510165119234e-25,
        1.748984601590564e-08,
        1.562795726162136e-11,
        4.1961729446917865e-21,
        8.204796290281805e-16,
        1.8552604318386904e-23,
        3.610274373692585e-20,
        2.6735768251833835e-20,
        7.916166389436701e-35,
        4.7819728862461e-13,
        0.045717474073171616,
        1.0721254106726974e-08,
        5.163209482819322e-22,
        0.0011503748828545213,
        1.3244367408349333e-11,
        1.3349075136094243e-16,
        5.021692839335401e-09,
        2.0752932792383882e-12,
        1.88334050737604e-27,
        1.619356563979787e-27,
        0.125,
        0.20428252220153809,
        0.25004470348358154
    ],
    "comments": {
        "created-by": "run_analogies.py",
        "args": {
            "model": "gpt2-medium",
            "cache_dir": "cache/",
            "tokenizer": "gpt2-medium",
            "data_dir": "data/analogies/gpt2",
            "importance_results_dir": "rationalization_results/analogies/gpt2_ours/top3_replace0.3_max3000_batch10",
            "device": "cuda",
            "rationalization_config": "config//top3_replace0.3_max3000_batch10.json",
            "input_num_ratio": 1.0,
            "logfolder": "logs/analogies/gpt2_ours/top3_replace0.3_max3000_batch10",
            "loglevel": 20
        },
        "time_elapsed": 250.23627138137817,
        "separate_rational": [
            [
                " tallest",
                " so",
                "'t",
                " did",
                ")."
            ],
            [
                " thought",
                " so",
                " (",
                " tallest",
                " wasn"
            ],
            [
                " so",
                " ignore",
                " encounter",
                " be",
                "'t"
            ],
            [
                "'t",
                " did",
                ",",
                " tallest",
                " up"
            ],
            [
                " encounter",
                " encountering",
                " so",
                " end",
                " it"
            ],
            [
                " so",
                " in",
                "'t",
                " encounter",
                " tallest"
            ],
            [
                " so",
                " vibr",
                " encounter",
                " tallest",
                "'d"
            ],
            [
                " wasn",
                "'t",
                " tried",
                " tallest",
                "I"
            ],
            [
                "'t",
                " so",
                "I",
                " thought",
                " it"
            ],
            [
                " tallest",
                "I",
                " my",
                "I",
                " thought"
            ]
        ]
    }
}