{
    "$schema": "../docs/rationalization.schema.json",
    "id": 156,
    "input-text": [
        "I",
        " can",
        " usually",
        " sing",
        " by",
        " myself",
        ".",
        " (",
        "I",
        " was",
        " so",
        " behind",
        " on",
        " work",
        " but",
        " I",
        " tried",
        " to",
        " distract",
        " myself",
        ").",
        " Although",
        " it",
        "'s",
        " so",
        " much",
        " better",
        " when",
        " someone",
        " else",
        " also"
    ],
    "input-tokens": [
        40,
        460,
        3221,
        1702,
        416,
        3589,
        13,
        357,
        40,
        373,
        523,
        2157,
        319,
        670,
        475,
        314,
        3088,
        284,
        11786,
        3589,
        737,
        4900,
        340,
        338,
        523,
        881,
        1365,
        618,
        2130,
        2073,
        635
    ],
    "target-text": " sings",
    "target-token": 33041,
    "rational-size": 10,
    "rational-positions": [
        3,
        4,
        8,
        9,
        14,
        26,
        27,
        28,
        29,
        30
    ],
    "rational-text": [
        " sing",
        " by",
        "I",
        " was",
        " but",
        " better",
        " when",
        " someone",
        " else",
        " also"
    ],
    "rational-tokens": [
        1702,
        416,
        40,
        373,
        475,
        1365,
        618,
        2130,
        2073,
        635
    ],
    "importance-scores": [
        0.0016820011660456657,
        0.0002176449925173074,
        0.002506587188690901,
        0.18569907546043396,
        0.038312867283821106,
        0.0030983122996985912,
        0.01503133587539196,
        0.027032027021050453,
        0.104167141020298,
        0.013556654565036297,
        0.001619055517949164,
        0.003867850173264742,
        0.0013328352943062782,
        0.006756178103387356,
        0.020889872685074806,
        0.09175507724285126,
        0.0015324816340580583,
        0.0011766068637371063,
        0.0061353095807135105,
        0.00029251741943880916,
        0.009385068900883198,
        0.0050589051097631454,
        0.07189396768808365,
        0.005167034920305014,
        0.01655559614300728,
        0.0038134336937218904,
        0.0214716587215662,
        0.048559851944446564,
        0.13520047068595886,
        0.009059978649020195,
        0.14717260003089905
    ],
    "comments": {
        "created-by": "run_analogies.py",
        "args": {
            "model": "gpt2-medium",
            "cache_dir": "cache/",
            "tokenizer": "gpt2-medium",
            "data_dir": "data/analogies/gpt2",
            "importance_results_dir": "rationalization_results/analogies/gpt2_ours/top3_replace0.3_max3000_batch10",
            "device": "cuda",
            "rationalization_config": "config//top3_replace0.3_max3000_batch10.json",
            "input_num_ratio": 1.0,
            "logfolder": "logs/analogies/gpt2_ours/top3_replace0.3_max3000_batch10",
            "loglevel": 20
        },
        "time_elapsed": 22.04792308807373,
        "separate_rational": [
            [
                "I",
                " was",
                " someone",
                " better",
                " sing"
            ],
            [
                " someone",
                "I",
                " but",
                " sing",
                " also"
            ],
            [
                " sing",
                " also",
                " better",
                " so",
                " by"
            ],
            [
                " I",
                " someone",
                " myself",
                " sing",
                " also"
            ],
            [
                " it",
                " (",
                " also",
                " Although",
                " sing"
            ],
            [
                " sing",
                " also",
                " when",
                " work",
                " much"
            ],
            [
                " sing",
                " when",
                " else",
                " can",
                " someone"
            ],
            [
                " someone",
                " by",
                " else",
                " sing",
                " was"
            ],
            [
                " also",
                " but",
                " someone",
                " when",
                " sing"
            ],
            [
                " also",
                ".",
                " by",
                " someone",
                " sing"
            ]
        ]
    }
}