{
    "$schema": "../docs/rationalization.schema.json",
    "id": 4,
    "input-text": [
        "When",
        " my",
        " flight",
        " landed",
        " in",
        " Germany",
        ",",
        " I",
        " converted",
        " my",
        " currency",
        " and",
        " slowly",
        " fell",
        " asleep",
        ".",
        " (",
        "I",
        " had",
        " a",
        " terrifying",
        " dream",
        " about",
        " my",
        " grandmother",
        ",",
        " but",
        " that",
        "'s",
        " a",
        " story",
        " for",
        " another",
        " time",
        ").",
        " I",
        " was",
        " staying",
        " in",
        " the",
        " capital",
        ","
    ],
    "input-tokens": [
        2215,
        616,
        5474,
        11406,
        287,
        4486,
        11,
        314,
        11513,
        616,
        7395,
        290,
        6364,
        3214,
        16039,
        13,
        357,
        40,
        550,
        257,
        17623,
        4320,
        546,
        616,
        18410,
        11,
        475,
        326,
        338,
        257,
        1621,
        329,
        1194,
        640,
        737,
        314,
        373,
        10589,
        287,
        262,
        3139,
        11
    ],
    "target-text": " Berlin",
    "target-token": 11307,
    "rational-size": 14,
    "rational-positions": [
        0,
        2,
        5,
        9,
        13,
        19,
        24,
        34,
        35,
        36,
        37,
        38,
        39,
        40
    ],
    "rational-text": [
        "When",
        " flight",
        " Germany",
        " my",
        " fell",
        " a",
        " grandmother",
        ").",
        " I",
        " was",
        " staying",
        " in",
        " the",
        " capital"
    ],
    "rational-tokens": [
        2215,
        5474,
        4486,
        616,
        3214,
        257,
        18410,
        737,
        314,
        373,
        10589,
        287,
        262,
        3139
    ],
    "importance-scores": [
        7.882398029083899e-38,
        1.0041284333707128e-30,
        5.0565805876147e-28,
        3.347500916916388e-37,
        5.495016660424722e-16,
        2.7019370576775734e-15,
        1.5874386946353355e-19,
        0.9999923706054688,
        4.203895392974451e-43,
        1.401298464324817e-45,
        2.92354932962818e-25,
        1.3718711965739959e-42,
        3.3810873787277786e-29,
        0.0,
        5.46094962394342e-18,
        5.3361445521489034e-42,
        0.0,
        4.3073510165180095e-38,
        5.9341505775654306e-37,
        7.675060260226019e-06,
        7.777325390943676e-22,
        0.0,
        3.3854960607133624e-17,
        8.267660939516421e-44,
        0.0,
        0.0,
        2.4313461930145383e-26,
        2.7755349433649557e-30,
        0.0,
        1.8050236110707797e-20,
        2.2607825875936173e-32,
        6.976791071997519e-37,
        0.0,
        2.121175483619765e-26,
        2.484516135525852e-34,
        0.0,
        2.2185357287190504e-41,
        1.8616746853255604e-35,
        9.876771966100608e-41,
        1.056378642985985e-32,
        4.166691297546876e-11,
        8.808982536285098e-41
    ],
    "comments": {
        "created-by": "run_analogies.py",
        "args": {
            "model": "gpt2-medium",
            "cache_dir": "cache/",
            "tokenizer": "gpt2-medium",
            "data_dir": "data/analogies/gpt2",
            "importance_results_dir": "rationalization_results/analogies/gpt2_ours/top3_replace0.3_max3000_batch10",
            "device": "cuda",
            "rationalization_config": "config//top3_replace0.3_max3000_batch10.json",
            "input_num_ratio": 1.0,
            "logfolder": "logs/analogies/gpt2_ours/top3_replace0.3_max3000_batch10",
            "loglevel": 20
        },
        "time_elapsed": 255.88303422927856,
        "separate_rational": [
            [
                " I",
                " a",
                " capital",
                " Germany",
                " in"
            ],
            [
                " was",
                " the",
                " my",
                ").",
                " Germany"
            ],
            [
                " the",
                " in",
                " fell",
                " Germany",
                " grandmother"
            ],
            [
                " my",
                " was",
                " a",
                " grandmother",
                " staying"
            ],
            [
                " capital",
                " flight",
                " Germany",
                " was",
                " fell"
            ],
            [
                " dream",
                " I",
                " Germany",
                " grandmother",
                " in"
            ],
            [
                " Germany",
                " grandmother",
                " capital",
                ".",
                " fell"
            ],
            [
                " staying",
                " capital",
                " time",
                ").",
                " I"
            ],
            [
                " Germany",
                "When",
                " my",
                " flight",
                " landed"
            ],
            [
                " in",
                " a",
                ",",
                " that",
                "When"
            ]
        ]
    }
}