{
    "$schema": "../docs/rationalization.schema.json",
    "id": 56,
    "input-text": [
        "When",
        " my",
        " flight",
        " landed",
        " in",
        " Austria",
        ",",
        " I",
        " converted",
        " my",
        " currency",
        " and",
        " slowly",
        " fell",
        " asleep",
        ".",
        " (",
        "I",
        " was",
        " behind",
        " on",
        " a",
        " couple",
        " of",
        " assignments",
        ",",
        " but",
        " I",
        " tried",
        " not",
        " to",
        " think",
        " about",
        " them",
        ").",
        " I",
        " was",
        " staying",
        " in",
        " the",
        " capital",
        ","
    ],
    "input-tokens": [
        2215,
        616,
        5474,
        11406,
        287,
        17322,
        11,
        314,
        11513,
        616,
        7395,
        290,
        6364,
        3214,
        16039,
        13,
        357,
        40,
        373,
        2157,
        319,
        257,
        3155,
        286,
        25815,
        11,
        475,
        314,
        3088,
        407,
        284,
        892,
        546,
        606,
        737,
        314,
        373,
        10589,
        287,
        262,
        3139,
        11
    ],
    "target-text": " Vienna",
    "target-token": 23825,
    "rational-size": 9,
    "rational-positions": [
        0,
        1,
        2,
        5,
        14,
        27,
        37,
        39,
        40
    ],
    "rational-text": [
        "When",
        " my",
        " flight",
        " Austria",
        " asleep",
        " I",
        " staying",
        " the",
        " capital"
    ],
    "rational-tokens": [
        2215,
        616,
        5474,
        17322,
        16039,
        314,
        10589,
        262,
        3139
    ],
    "importance-scores": [
        0.0020344515796750784,
        6.877179562278774e-23,
        0.0,
        3.089839541346494e-17,
        6.999181382001145e-22,
        0.33336615562438965,
        5.666805265341939e-17,
        1.0783775759654869e-27,
        0.0,
        3.395709159236188e-27,
        3.1608599398592947e-23,
        1.0410984276282634e-13,
        5.605193857299268e-45,
        6.891652951079045e-22,
        0.0,
        0.0,
        5.87462895553336e-19,
        2.4584747559295154e-23,
        3.183259938985241e-35,
        1.6832456383216589e-25,
        3.8243054945041877e-08,
        1.5632958146303143e-33,
        0.0,
        1.931525824118619e-29,
        1.6721175568059928e-31,
        4.1710509596092516e-17,
        0.0002097609540214762,
        0.3292357623577118,
        0.0,
        0.0,
        1.0357181124637867e-15,
        0.0,
        1.4154515788144977e-41,
        1.3091702369176284e-38,
        2.3715375194542924e-22,
        1.7242870813897332e-13,
        2.396220373995437e-43,
        1.3031758799329854e-19,
        0.0,
        0.0005979057750664651,
        0.3345559537410736,
        7.584460802788641e-27
    ],
    "comments": {
        "created-by": "run_analogies.py",
        "args": {
            "model": "gpt2-medium",
            "cache_dir": "cache/",
            "tokenizer": "gpt2-medium",
            "data_dir": "data/analogies/gpt2",
            "importance_results_dir": "rationalization_results/analogies/gpt2_ours/top3_replace0.3_max3000_batch10",
            "device": "cuda",
            "rationalization_config": "config//top3_replace0.3_max3000_batch10.json",
            "input_num_ratio": 1.0,
            "logfolder": "logs/analogies/gpt2_ours/top3_replace0.3_max3000_batch10",
            "loglevel": 20
        },
        "time_elapsed": 249.25856399536133,
        "separate_rational": [
            [
                " of",
                " Austria",
                " slowly",
                " capital",
                " them"
            ],
            [
                " capital",
                " but",
                " I",
                " Austria",
                " staying"
            ],
            [
                " capital",
                ",",
                "When",
                " my",
                " flight"
            ],
            [
                " tried",
                " asleep",
                " staying",
                " the",
                "When"
            ],
            [
                " capital",
                " my",
                " flight",
                "When",
                " my"
            ],
            [
                " staying",
                " in",
                " capital",
                "When",
                " my"
            ],
            [
                " I",
                "When",
                " capital",
                " the",
                " Austria"
            ],
            [
                " Austria",
                " a",
                " I",
                " and",
                " asleep"
            ],
            [
                " Austria",
                " capital",
                "I",
                " I",
                " the"
            ],
            [
                " capital",
                "When",
                " my",
                " flight",
                " landed"
            ]
        ]
    }
}