{
    "$schema": "../docs/rationalization.schema.json",
    "id": 93,
    "input-text": [
        "I",
        " knew",
        " it",
        " was",
        " small",
        ",",
        " but",
        " that",
        "'s",
        " before",
        " I",
        " saw",
        " it",
        " in",
        " person",
        ".",
        " (",
        "Just",
        " then",
        " I",
        " thought",
        " about",
        " my",
        " ex",
        "-",
        "wife",
        ",",
        " but",
        " I",
        " had",
        " to",
        " stop",
        " thinking",
        " about",
        " her",
        ").",
        " When",
        " I",
        " did",
        " end",
        " up",
        " seeing",
        " it",
        " in",
        " person",
        ",",
        " it",
        " was",
        " even"
    ],
    "input-tokens": [
        40,
        2993,
        340,
        373,
        1402,
        11,
        475,
        326,
        338,
        878,
        314,
        2497,
        340,
        287,
        1048,
        13,
        357,
        5703,
        788,
        314,
        1807,
        546,
        616,
        409,
        12,
        22095,
        11,
        475,
        314,
        550,
        284,
        2245,
        3612,
        546,
        607,
        737,
        1649,
        314,
        750,
        886,
        510,
        4379,
        340,
        287,
        1048,
        11,
        340,
        373,
        772
    ],
    "target-text": " smaller",
    "target-token": 4833,
    "rational-size": 8,
    "rational-positions": [
        0,
        3,
        4,
        7,
        35,
        42,
        47,
        48
    ],
    "rational-text": [
        "I",
        " was",
        " small",
        " that",
        ").",
        " it",
        " was",
        " even"
    ],
    "rational-tokens": [
        40,
        373,
        1402,
        326,
        737,
        340,
        373,
        772
    ],
    "importance-scores": [
        5.716820178597141e-16,
        5.432737142837379e-24,
        7.507610189106164e-26,
        0.1428571492433548,
        0.2857140898704529,
        3.5803175763499076e-42,
        5.481763230315712e-27,
        3.2201683319502258e-15,
        4.426417152405547e-29,
        2.616017847221647e-28,
        4.049054147525766e-10,
        2.3841672133675264e-33,
        2.6098535853683615e-21,
        9.56321924478703e-31,
        6.800666440080483e-19,
        1.4438184999361148e-34,
        4.071669583519479e-29,
        1.896144315765909e-22,
        2.34464855531398e-31,
        2.0476807643467838e-25,
        6.642428125292571e-24,
        4.997630279429437e-28,
        8.01733616021856e-34,
        1.022383713702189e-32,
        1.0691568818772475e-35,
        3.932467926968595e-21,
        8.724683408087221e-16,
        2.7940467439737073e-18,
        7.661926251399808e-31,
        4.145744765200931e-22,
        5.41561810526658e-29,
        8.043038040737994e-24,
        1.8641439478217007e-18,
        8.128162443298583e-25,
        3.5123471751588167e-19,
        2.4284409186792373e-14,
        1.9209054352686717e-21,
        3.0145958427471896e-18,
        2.5724657878226758e-23,
        1.2501614745070025e-37,
        1.5434734442088484e-36,
        0.1428571492433548,
        3.100625312058014e-09,
        3.132854157454736e-26,
        2.1868030903002036e-24,
        3.5118446629366908e-19,
        5.1701979357889085e-28,
        0.14285720884799957,
        0.28571441769599915
    ],
    "comments": {
        "created-by": "run_analogies.py",
        "args": {
            "model": "gpt2-medium",
            "cache_dir": "cache/",
            "tokenizer": "gpt2-medium",
            "data_dir": "data/analogies/gpt2",
            "importance_results_dir": "rationalization_results/analogies/gpt2_ours/top3_replace0.3_max3000_batch10",
            "device": "cuda",
            "rationalization_config": "config//top3_replace0.3_max3000_batch10.json",
            "input_num_ratio": 1.0,
            "logfolder": "logs/analogies/gpt2_ours/top3_replace0.3_max3000_batch10",
            "loglevel": 20
        },
        "time_elapsed": 278.61418056488037,
        "separate_rational": [
            [
                " small",
                " even",
                ").",
                " that",
                ","
            ],
            [
                " seeing",
                " I",
                " even",
                " small",
                " thinking"
            ],
            [
                " small",
                " but",
                " even",
                " about",
                " in"
            ],
            [
                " was",
                " it",
                " even",
                " small",
                " had"
            ],
            [
                " even",
                " was",
                " small",
                "I",
                " I"
            ],
            [
                " even",
                " was",
                " was",
                " small",
                " When"
            ],
            [
                " person",
                " even",
                ",",
                ").",
                " about"
            ],
            [
                " even",
                " but",
                " was",
                " that",
                " ("
            ],
            [
                " was",
                " it",
                " even",
                " small",
                " her"
            ],
            [
                " small",
                " it",
                " in",
                "I",
                " even"
            ]
        ]
    }
}