{
    "$schema": "../docs/rationalization.schema.json",
    "id": 98,
    "input-text": [
        "I",
        " thought",
        " it",
        " would",
        " be",
        " the",
        " brightest",
        " thing",
        " I",
        "'d",
        " ever",
        " encounter",
        ".",
        " (",
        "I",
        " tried",
        " to",
        " ignore",
        " my",
        " phone",
        " vibr",
        "ating",
        " in",
        " my",
        " pocket",
        ").",
        " But",
        " when",
        " I",
        " did",
        " end",
        " up",
        " encountering",
        " it",
        ",",
        " it",
        " turned",
        " out",
        " it",
        " wasn",
        "'t",
        " so"
    ],
    "input-tokens": [
        40,
        1807,
        340,
        561,
        307,
        262,
        33871,
        1517,
        314,
        1549,
        1683,
        8791,
        13,
        357,
        40,
        3088,
        284,
        8856,
        616,
        3072,
        12611,
        803,
        287,
        616,
        10000,
        737,
        887,
        618,
        314,
        750,
        886,
        510,
        42398,
        340,
        11,
        340,
        2900,
        503,
        340,
        2492,
        470,
        523
    ],
    "target-text": " bright",
    "target-token": 6016,
    "rational-size": 13,
    "rational-positions": [
        0,
        2,
        3,
        6,
        8,
        10,
        12,
        22,
        32,
        33,
        36,
        40,
        41
    ],
    "rational-text": [
        "I",
        " it",
        " would",
        " brightest",
        " I",
        " ever",
        ".",
        " in",
        " encountering",
        " it",
        " turned",
        "'t",
        " so"
    ],
    "rational-tokens": [
        40,
        340,
        561,
        33871,
        314,
        1683,
        13,
        287,
        42398,
        340,
        2900,
        470,
        523
    ],
    "importance-scores": [
        5.828084542747192e-12,
        1.640494317618428e-20,
        4.237905734888817e-15,
        0.12391006201505661,
        2.7578033190422957e-09,
        3.266479370304793e-20,
        1.2282674106245395e-05,
        2.1318036542734565e-16,
        0.125,
        0.0010142236715182662,
        4.735769323360728e-07,
        0.00016609675367362797,
        1.5962173804950908e-08,
        0.0009799390099942684,
        7.855965769403006e-13,
        8.07802089108911e-11,
        0.12455606460571289,
        2.8132890461662896e-10,
        9.744328417582437e-05,
        4.5901342216091504e-14,
        9.717433802070019e-11,
        9.387502331037467e-08,
        0.00044390445691533387,
        1.9071889131584393e-16,
        1.674934198498193e-13,
        1.2341636482506517e-17,
        2.7927362235008728e-24,
        1.7316789668875288e-10,
        0.12468836456537247,
        1.0780507942294171e-16,
        6.220087639396965e-11,
        3.6105369995848013e-12,
        2.9111346222521206e-08,
        0.1253087818622589,
        7.707294737399224e-22,
        1.9103298498635013e-08,
        0.12500227987766266,
        9.575741452585227e-23,
        0.125,
        1.899989612871533e-18,
        2.7357353360457637e-07,
        0.12381966412067413
    ],
    "comments": {
        "created-by": "run_analogies.py",
        "args": {
            "model": "gpt2-medium",
            "cache_dir": "cache/",
            "tokenizer": "gpt2-medium",
            "data_dir": "data/analogies/gpt2",
            "importance_results_dir": "rationalization_results/analogies/gpt2_ours/top3_replace0.3_max3000_batch10",
            "device": "cuda",
            "rationalization_config": "config//top3_replace0.3_max3000_batch10.json",
            "input_num_ratio": 1.0,
            "logfolder": "logs/analogies/gpt2_ours/top3_replace0.3_max3000_batch10",
            "loglevel": 20
        },
        "time_elapsed": 252.14243483543396,
        "separate_rational": [
            [
                "'t",
                " turned",
                " up",
                " ignore",
                "I"
            ],
            [
                " it",
                " in",
                " turned",
                " so",
                " my"
            ],
            [
                " to",
                " in",
                " ever",
                " brightest",
                " pocket"
            ],
            [
                " would",
                " (",
                " my",
                " brightest",
                "'t"
            ],
            [
                " I",
                " it",
                " But",
                ".",
                " so"
            ],
            [
                " so",
                "'d",
                " encounter",
                ".",
                " encountering"
            ],
            [
                " turned",
                " I",
                " brightest",
                "I",
                "I"
            ],
            [
                " it",
                " turned",
                " ever",
                "ating",
                " encountering"
            ],
            [
                "'t",
                "I",
                " thought",
                " it",
                " would"
            ],
            [
                " I",
                " it",
                "'t",
                " phone",
                " so"
            ]
        ]
    }
}