{
    "$schema": "../docs/rationalization.schema.json",
    "id": 19,
    "input-text": [
        "</s>",
        "I",
        " initially",
        " invited",
        " my",
        " uncle",
        ",",
        " who",
        " gladly",
        " accepted",
        " my",
        " invitation",
        ".",
        " (",
        "My",
        " favorite",
        " song",
        " just",
        " came",
        " on",
        ",",
        " so",
        " I",
        " was",
        " able",
        " to",
        " relax",
        ").",
        " When",
        " I",
        " learned",
        " that",
        " women",
        " were",
        " allowed",
        ",",
        " I",
        " went",
        " ahead",
        " and",
        " also",
        " invited",
        " my"
    ],
    "input-tokens": [
        2,
        100,
        3225,
        4036,
        127,
        11992,
        6,
        54,
        36811,
        3903,
        127,
        10021,
        4,
        36,
        2387,
        2674,
        2214,
        95,
        376,
        15,
        6,
        98,
        38,
        21,
        441,
        7,
        12327,
        322,
        520,
        38,
        2435,
        14,
        390,
        58,
        1220,
        6,
        38,
        439,
        789,
        8,
        67,
        4036,
        127
    ],
    "target-text": " aunt",
    "target-token": 15845,
    "rational-size": 8,
    "rational-positions": [
        3,
        5,
        30,
        32,
        33,
        38,
        41,
        42
    ],
    "rational-text": [
        " invited",
        " uncle",
        " learned",
        " women",
        " were",
        " ahead",
        " invited",
        " my"
    ],
    "rational-tokens": [
        4036,
        11992,
        2435,
        390,
        58,
        789,
        4036,
        127
    ],
    "importance-scores": [
        0.014356672763824463,
        0.016068529337644577,
        0.013204067945480347,
        0.02335054613649845,
        0.015556720085442066,
        0.08277332037687302,
        0.016611211001873016,
        0.014279792085289955,
        0.014016556553542614,
        0.014092007651925087,
        0.023175708949565887,
        0.014051249250769615,
        0.02078981325030327,
        0.010376091115176678,
        0.011859294958412647,
        0.012415762059390545,
        0.015847349539399147,
        0.010703258216381073,
        0.014088628813624382,
        0.018390944227576256,
        0.010600361973047256,
        0.01750023290514946,
        0.015762846916913986,
        0.016138507053256035,
        0.02118459716439247,
        0.02310422994196415,
        0.015839537605643272,
        0.043971359729766846,
        0.016929948702454567,
        0.018987685441970825,
        0.03669455647468567,
        0.019251953810453415,
        0.029316846281290054,
        0.05243973806500435,
        0.0199287086725235,
        0.023124873638153076,
        0.019394315779209137,
        0.008488068357110023,
        0.029452389106154442,
        0.017829474061727524,
        0.017671527341008186,
        0.082950659096241,
        0.06743006408214569
    ],
    "comments": {
        "created-by": "run_analogies.py",
        "args": {
            "model": "facebook/opt-1.3b",
            "cache_dir": "cache/",
            "tokenizer": "facebook/opt-1.3b",
            "data_dir": "data/analogies/OPT1B",
            "importance_results_dir": "rationalization_results/analogies/OPT1B_ours/top3_replace0.1_max5000_batch5",
            "device": "cuda",
            "rationalization_config": "config//top3_replace0.1_max5000_batch5.json",
            "input_num_ratio": 1.0,
            "logfolder": "logs/analogies/OPT1B_ours/top3_replace0.1_max5000_batch5",
            "loglevel": 20
        },
        "time_elapsed": 13.021446466445923,
        "separate_rational": [
            [
                " were",
                " uncle",
                " my",
                ",",
                ",",
                " invited",
                " women",
                " able"
            ],
            [
                " invited",
                " uncle",
                ").",
                " ahead",
                " my",
                " learned",
                " I",
                "I"
            ],
            [
                " learned",
                " uncle",
                " to",
                " women",
                " my",
                " invited",
                " allowed",
                " that"
            ],
            [
                " were",
                " uncle",
                " invited",
                " song",
                ".",
                " also",
                " so",
                " invited"
            ],
            [
                " my",
                " my",
                " invited",
                " on",
                " ahead",
                " uncle",
                " and",
                " was"
            ]
        ]
    }
}