{
    "$schema": "../docs/rationalization.schema.json",
    "id": 39,
    "input-text": [
        "</s>",
        "I",
        " really",
        " wanted",
        " to",
        " buy",
        " the",
        " cat",
        ",",
        " more",
        " than",
        " I",
        " ever",
        " wanted",
        " to",
        " buy",
        " anything",
        " before",
        ".",
        " (",
        "I",
        " was",
        " also",
        " behind",
        " on",
        " my",
        " homework",
        ",",
        " but",
        " that",
        "'s",
        " another",
        " story",
        ").",
        " So",
        " I",
        " went",
        " to",
        " the",
        " store",
        " and",
        " asked",
        " if",
        " they",
        " had",
        " any"
    ],
    "input-tokens": [
        2,
        100,
        269,
        770,
        7,
        907,
        5,
        4758,
        6,
        55,
        87,
        38,
        655,
        770,
        7,
        907,
        932,
        137,
        4,
        36,
        100,
        21,
        67,
        639,
        15,
        127,
        19122,
        6,
        53,
        14,
        18,
        277,
        527,
        322,
        407,
        38,
        439,
        7,
        5,
        1400,
        8,
        553,
        114,
        51,
        56,
        143
    ],
    "target-text": " cats",
    "target-token": 10017,
    "rational-size": 7,
    "rational-positions": [
        1,
        5,
        7,
        39,
        41,
        44,
        45
    ],
    "rational-text": [
        "I",
        " buy",
        " cat",
        " store",
        " asked",
        " had",
        " any"
    ],
    "rational-tokens": [
        100,
        907,
        4758,
        1400,
        553,
        56,
        143
    ],
    "importance-scores": [
        0.008009661920368671,
        0.02266109175980091,
        0.001797940582036972,
        0.004114456940442324,
        0.001722180051729083,
        0.012213940732181072,
        0.008758272044360638,
        0.08001091331243515,
        0.015540027990937233,
        0.008535224013030529,
        0.06444346904754639,
        0.0017503764247521758,
        0.007057849317789078,
        0.002183696487918496,
        0.002601244952529669,
        0.008896599523723125,
        0.006426703184843063,
        0.009163646027445793,
        0.003900627139955759,
        0.008414600975811481,
        0.0018722862005233765,
        0.014004436321556568,
        0.010214366018772125,
        0.004729100037366152,
        0.003530505346134305,
        0.008329645730555058,
        0.0048456816002726555,
        0.006516562309116125,
        0.002189724473282695,
        0.002521625254303217,
        0.004514295142143965,
        0.0032035880722105503,
        0.002183381002396345,
        0.0040271286852657795,
        0.04415666311979294,
        0.004062491003423929,
        0.016651716083288193,
        0.0054484764114022255,
        0.005878816358745098,
        0.01648135855793953,
        0.012161949649453163,
        0.12791605293750763,
        0.008588413707911968,
        0.007399152033030987,
        0.3728451132774353,
        0.027524903416633606
    ],
    "comments": {
        "created-by": "run_analogies.py",
        "args": {
            "model": "facebook/opt-1.3b",
            "cache_dir": "cache/",
            "tokenizer": "facebook/opt-1.3b",
            "data_dir": "data/analogies/OPT1B",
            "importance_results_dir": "rationalization_results/analogies/OPT1B_ours/top3_replace0.1_max5000_batch5",
            "device": "cuda",
            "rationalization_config": "config//top3_replace0.1_max5000_batch5.json",
            "input_num_ratio": 1.0,
            "logfolder": "logs/analogies/OPT1B_ours/top3_replace0.1_max5000_batch5",
            "loglevel": 20
        },
        "time_elapsed": 72.72327995300293,
        "separate_rational": [
            [
                " So",
                " cat",
                "I",
                ",",
                " my",
                " asked",
                " also",
                " and"
            ],
            [
                " had",
                " cat",
                " any",
                " asked",
                " the",
                " buy",
                " store",
                " ever"
            ],
            [
                " asked",
                " than",
                " had",
                "I",
                " store",
                " homework",
                " wanted",
                " cat"
            ],
            [
                " asked",
                " any",
                " went",
                " cat",
                " store",
                " was",
                " buy",
                " if"
            ],
            [
                " had",
                " cat",
                " before",
                " buy",
                " they",
                " any",
                " asked",
                " buy"
            ]
        ]
    }
}