{
    "$schema": "../docs/rationalization.schema.json",
    "id": 7,
    "input-text": [
        "</s>",
        "As",
        " soon",
        " as",
        " I",
        " arrived",
        " in",
        " Iran",
        ",",
        " I",
        " checked",
        " into",
        " my",
        " hotel",
        " and",
        " took",
        " a",
        " long",
        " nap",
        ".",
        " (",
        "I",
        " had",
        " finally",
        " finished",
        " the",
        " book",
        " I",
        " was",
        " reading",
        " and",
        " it",
        " was",
        " amazing",
        ").",
        " I",
        " had",
        " to",
        " figure",
        " out",
        " the",
        " exchange",
        " rate",
        " to",
        " the",
        " local",
        " currency",
        ",",
        " which",
        " is",
        " apparently",
        " called",
        " the",
        " r"
    ],
    "input-tokens": [
        2,
        1620,
        1010,
        25,
        38,
        2035,
        11,
        1603,
        6,
        38,
        7869,
        88,
        127,
        2303,
        8,
        362,
        10,
        251,
        16159,
        4,
        36,
        100,
        56,
        1747,
        1550,
        5,
        1040,
        38,
        21,
        2600,
        8,
        24,
        21,
        2770,
        322,
        38,
        56,
        7,
        1955,
        66,
        5,
        2081,
        731,
        7,
        5,
        400,
        2593,
        6,
        61,
        16,
        4100,
        373,
        5,
        910
    ],
    "target-text": "ial",
    "target-token": 2617,
    "rational-size": 5,
    "rational-positions": [
        0,
        53,
        51,
        52,
        47
    ],
    "rational-text": [
        "</s>",
        " r",
        " called",
        " the",
        ","
    ],
    "rational-tokens": [
        2,
        910,
        373,
        5,
        6
    ],
    "importance-scores": [
        0.04198127239942551,
        0.018025672063231468,
        0.018026456236839294,
        0.018025435507297516,
        0.018073374405503273,
        0.01802411861717701,
        0.018026327714323997,
        0.018029605969786644,
        0.018029598519206047,
        0.018101217225193977,
        0.01802656054496765,
        0.01802622713148594,
        0.018059704452753067,
        0.01802595518529415,
        0.018024131655693054,
        0.018025420606136322,
        0.018048876896500587,
        0.018057016655802727,
        0.018023887649178505,
        0.01803790219128132,
        0.018033770844340324,
        0.018110137432813644,
        0.018024127930402756,
        0.018032008782029152,
        0.01802344247698784,
        0.018038786947727203,
        0.01802447810769081,
        0.018081694841384888,
        0.018026698380708694,
        0.018023867160081863,
        0.018022822216153145,
        0.018023617565631866,
        0.01802307739853859,
        0.018023798242211342,
        0.01803034357726574,
        0.01807546615600586,
        0.018024174496531487,
        0.018029913306236267,
        0.018023686483502388,
        0.01802435703575611,
        0.01803257316350937,
        0.018034791573882103,
        0.01802791841328144,
        0.018039068207144737,
        0.0181175135076046,
        0.018085291609168053,
        0.018043803051114082,
        0.018177779391407967,
        0.01802515983581543,
        0.01813763752579689,
        0.01804109290242195,
        0.01827237755060196,
        0.01819291152060032,
        0.01935301348567009
    ],
    "comments": {
        "created-by": "run_analogies.py",
        "args": {
            "model": "facebook/opt-1.3b",
            "cache_dir": "./cache/",
            "tokenizer": "facebook/opt-1.3b",
            "data_dir": "data/analogies/OPT1B/",
            "importance_results_dir": "rationalization_results/analogies/OPT1B_attention_last",
            "device": "cuda",
            "rationalization_config": "config/eva_attention_last.json",
            "input_num_ratio": 1,
            "logfolder": "logs/analogies/OPT1B_attention_last",
            "loglevel": 20
        },
        "time_elapsed": 0.020400285720825195
    }
}