suff,comp,random_suff,random_comp
0.005630729200611116,0.0006973702900716913,0.00940189824808771,8.00514869147144e-05
