suff,comp,random_suff,random_comp
0.03119494360321044,0.7740378806686387,0.03507540989708448,0.47302593876165977
