suff,comp,random_suff,random_comp
0.03119494360321044,0.7740378806686387,0.031371081470631175,0.4535847070024655
