suff,comp,random_suff,random_comp
0.0029937482475569854,0.02007342067926237,0.0056269798692141606,0.007937595540484966
