suff,comp,random_suff,random_comp
0.055830860373842925,0.825258172565588,0.05219421998333867,0.6212711081823735
