suff,comp,random_suff,random_comp
0.0976203824318664,0.8831525806530837,0.10224223928511689,0.8380240182645349
