suff,comp,random_suff,random_comp
0.0032897471271569043,0.021240607414177104,0.004918636981594435,0.008026663364073705
