suff,comp,random_suff,random_comp
0.06946071923864157,0.8553880337054768,0.07145511391560878,0.7750276237195077
