suff,comp,random_suff,random_comp
0.12364969723321619,0.9046604846723219,0.12379388053605585,0.8715701888216526
