suff,comp,random_suff,random_comp
0.055830860373842925,0.825258172565588,0.052211726637393964,0.6878864677195692
