suff,comp,random_suff,random_comp
0.021502688160175816,0.6761931515276574,0.017176348835626503,0.26163265736703184
