suff,comp,random_suff,random_comp
0.06946071923864157,0.8553880337054768,0.0756855175970003,0.7808110162777502
