suff,comp,random_suff,random_comp
0.021502688160175816,0.6761931515276574,0.017834600435140353,0.27402967118997573
