suff,comp,random_suff,random_comp
0.026687604982065096,0.7843709377376581,0.007096313014711442,0.17507531279134012
