suff,comp,random_suff,random_comp
0.2812488526450146,0.9444269181499954,0.023568834845903247,0.5147774551504258
