suff,comp,random_suff,random_comp
0.18156717773706485,0.9266494824230493,0.033510996199806506,0.4944004003668523
