suff,comp,random_suff,random_comp
0.026687604982065096,0.7843709377376581,0.005536443740367422,0.1712680294020886
