suff,comp,random_suff,random_comp
0.11205069524152077,0.8839034665932362,0.011468283938405545,0.31920829929124706
