suff,comp,random_suff,random_comp
0.45454877245164266,0.964496967445324,0.02797681025423759,0.6288767311289893
