suff,comp,random_suff,random_comp
0.45454877245164266,0.964496967445324,0.03221725520572642,0.6513777415401969
