suff,comp,random_suff,random_comp
0.016003743915512167,0.03903205842520178,0.007591758623820559,0.01595439548761336
