suff,comp,random_suff,random_comp
0.11205069524152077,0.8839034665932362,0.008460119472033685,0.31357503959961347
