suff,comp,random_suff,random_comp
0.026999880558262596,0.003208241360965276,0.012330059469203954,0.0006148841107735195
