suff,comp,random_suff,random_comp
0.02140538017706254,0.03334218353377055,0.004891463637499571,0.012373381267491037
