suff,comp,random_suff,random_comp
0.6960654201641473,0.9798046774308657,0.11471485971527112,0.8470773052352002
