suff,comp,random_suff,random_comp
0.6137400242056059,0.975590621661965,0.052773342938168606,0.7869047455143463
