suff,comp,random_suff,random_comp
0.2812488526450146,0.9444269181499954,0.019581562211628947,0.5459484145475813
