suff,comp,random_suff,random_comp
0.006540238524840018,0.28092793890648543,0.003096749587274126,0.005708696844770547
