suff,comp,random_suff,random_comp
0.10350522137359945,0.8342516870677575,0.04464803430971439,0.4454122075638272
