suff,comp,random_suff,random_comp
0.10350522137359945,0.8342516870677575,0.05461440632346265,0.5555237023371635
