suff,comp,random_suff,random_comp
0.10350522137359945,0.8342516870677575,0.04623205821852012,0.48825153378756797
