suff,comp,random_suff,random_comp
0.10350522137359945,0.8342516870677575,0.05619281401245898,0.457904505064953
