suff,comp,random_suff,random_comp
0.02195438509371288,0.3517628111196419,0.049876681224003454,0.46370102490315446
