suff,comp,random_suff,random_comp
0.16416197758015433,0.8460878327743726,0.04591929194181118,0.437103690183117
