suff,comp,random_suff,random_comp
0.04644737422463198,0.30038014786765577,0.017421129949129956,0.19948683515876717
