suff,comp,random_suff,random_comp
0.08455812696715607,0.9739663446315607,0.09349073741093579,0.912761520818266
