suff,comp,random_suff,random_comp
0.16416197758015433,0.8460878327743726,0.04918287294039519,0.49823257835044005
