suff,comp,random_suff,random_comp
0.003636206288770137,0.005712014376765901,0.0011480022461968584,0.004664186569115936
