suff,comp,random_suff,random_comp
0.2581212753940923,0.9885740700859825,0.0537128439329747,0.6734451289429317
