suff,comp,random_suff,random_comp
0.004400093939137286,2.660336320425704e-05,0.0031714127635502315,4.07488947401892e-05
