suff,comp,random_suff,random_comp
0.21537504191019177,0.9092654217863049,0.04281928969541415,0.4630286758862559
