suff,comp,random_suff,random_comp
0.1298094716114826,0.9471306689033382,0.06817621685203695,0.8159381710212656
