suff,comp,random_suff,random_comp
0.16416197758015433,0.8460878327743726,0.043657292898984644,0.44986720275334147
