suff,comp,random_suff,random_comp
0.06925294039126906,0.7119581106687637,0.035533371332196285,0.31872192554972845
