suff,comp,random_suff,random_comp
0.041374712312548516,0.9301632131581321,0.011096882907802315,0.5590447908130988
