suff,comp,random_suff,random_comp
0.02224081118906662,0.7404492109919456,0.004930311977380269,0.17211060214497303
