suff,comp,random_suff,random_comp
0.06938327705247999,0.940520434046247,0.017170830387872992,0.787655144804874
