suff,comp,random_suff,random_comp
0.12538284576010428,0.9548306806504933,0.046640347142380904,0.9059294269088639
