suff,comp,random_suff,random_comp
0.007394519045131299,0.2567006315455355,0.0031146852866678542,0.009392524533091367
