suff,comp,random_suff,random_comp
0.029747835342308963,0.8717335258267184,0.007184306182579265,0.3049864172239939
