suff,comp,random_suff,random_comp
0.14386997423693648,0.9648660716319702,0.06789078706236677,0.9637974713390403
