,FAs,Soft Comp
0,Input X Gradient,1.6520443910816074
1,Integrated Gradients,4.885189435806379
2,Gradient Shap,0.9480527123297107
3,Attention Rollout,0.01542337908902713
4,Attention Last,-0.349644982263953
5,Attention,-0.6711984144028678
6,Ours,5.477141140327457
