,FAs,5% Comp,10% Comp,20% Comp,Mean Comp,Soft Comp
0,Input X Gradient,0.6131029083355695,0.5703284269936227,0.3984785036024141,0.5273032796438688,0.0230776629375884
1,Integrated Gradients,0.5453660174320387,0.47271325062298114,0.5074481361158143,0.5085091347236115,0.0107893885843403
2,Gradient Shap,0.4931161833199463,0.543513508668449,0.3730805001077785,0.46990339736539133,0.014409695436381301
3,Attention Rollout,-0.030697801426412014,-0.1583232278692944,0.12872556990690848,-0.020098486462932608,0.00020744792606169904
4,Attention Last,0.24606561063434848,0.5868454858072815,0.42824635748614515,0.4203858179759251,0.00032181401437409926
5,Attention,0.5901243733794854,0.6131774767541472,0.4889240148029784,0.5640752883122037,0.0009156900792302008
6,Ours,0.6766442494345154,0.5986864123574978,0.41024627354926957,0.5618589784470942,0.2404635654067775
