,FAs,Soft Suff
0,Input X Gradient,0.7837923019309748
1,Integrated Gradients,1.9231807618111987
2,Gradient Shap,0.4973752423703137
3,Attention Rollout,0.11356515324802514
4,Attention Last,0.303306252432884
5,Attention,0.6796457705147265
6,Ours,1.7639053777195541
