target_pos,target_token,norm_suff,random_suff,norm_comp,random_comp
33, in,0.0,0.014907732605934143,0.10671892017126083,0.04111497104167938
35, in,0.0,0.13565987348556519,0.08234088867902756,0.03127797693014145
37, United,0.0014974847435951233,0.004625488072633743,0.12006870657205582,0.005977978464215994
39,.,0.0,0.0,0.16338659822940826,0.04015841707587242
41, is,0.0,0.032072003930807114,0.1314736008644104,0.029409781098365784
