norm_suff_mean,random_suff_mean,norm_comp_mean,random_comp_mean,final suff,final comp,target_tokens
0.00029949695453979075,0.037453021854162216,0.12079775333404541,0.029587823897600174,0.007996602915227413,98.79173278808594, in$ in$ United$.$ is
