target_pos,target_token,norm_suff,random_suff,norm_comp,random_comp
17, in,0.0,0.08023157715797424,0.18865150213241577,0.03304121270775795
19,75,0.04063141345977783,0.0,0.02685464546084404,0.024905674159526825
21, and,0.0,0.0,0.16591061651706696,0.03221588954329491
23, located,0.015658825635910034,0.0,0.27795636653900146,0.024810170754790306
25, Ottawa,0.0,0.011604043655097485,0.08095873892307281,0.012809358537197113
