norm_suff_mean,random_suff_mean,norm_comp_mean,random_comp_mean,final suff,final comp,target_tokens
0.011258048005402088,0.01836712472140789,0.14806637167930603,0.02555646002292633,0.612945556640625,2.270061492919922, in$75$ and$ located$ Ottawa
