target_pos,target_token,norm_suff,random_suff,norm_comp,random_comp
15, or,0.0,0.06022290885448456,0.23138532042503357,0.04578596353530884
17,com,0.0,0.04370822012424469,0.31829845905303955,0.2434268295764923
19,.,0.0,0.0,0.19170831143856049,0.05432817339897156
21, genus,0.0,0.0,0.24603469669818878,0.05036141723394394
23,ill,0.0,0.00727890757843852,0.1451009064912796,0.004886708687990904
