target_pos,target_token,norm_suff,random_suff,norm_comp,random_comp
20, and,0.0,0.029823068529367447,0.5288193821907043,0.03304838016629219
22, pr,0.0,0.0,0.1270645409822464,0.045926839113235474
24, of,0.0,0.09035420417785645,0.13352957367897034,0.02160630188882351
26, Ecc,0.0,0.008243384771049023,0.24815085530281067,0.1234874352812767
28, Province,0.0,0.0,0.010672951117157936,0.009630261920392513
