target_pos,target_token,norm_suff,random_suff,norm_comp,random_comp
21, (,0.005394394975155592,0.034354545176029205,0.1805196851491928,0.035353317856788635
23,",",0.0,0.0,0.009295953437685966,0.0035242752637714148
25, km,0.0,0.004810000769793987,0.1842707097530365,0.044114965945482254
27, west,0.0,0.012432852759957314,0.2532636523246765,0.08161508291959763
29, the,0.0,0.01608274132013321,0.31964942812919617,0.10149262100458145
