norm_suff_mean,random_suff_mean,norm_comp_mean,random_comp_mean,final suff,final comp,target_tokens
0.0010788789950311184,0.013536027632653713,0.18939988315105438,0.05322005972266197,0.07970425486564636,49.329036712646484," ($,$ km$ west$ the"
