target_pos,target_token,norm_suff,random_suff,norm_comp,random_comp
25, by,0.0,0.00906062126159668,0.04778081178665161,0.039982497692108154
27, B,0.0,0.023847205564379692,0.3742861747741699,0.04714477062225342
29,en,0.005037678871303797,0.007694525644183159,0.03247920423746109,0.005537308752536774
31, Mel,0.002825984498485923,0.0,0.3468185067176819,0.05787759646773338
33, Wall,0.0,0.002713788766413927,0.1406041830778122,0.051714424043893814
