norm_suff_mean,random_suff_mean,norm_comp_mean,random_comp_mean,final suff,final comp,target_tokens
0.0015727326972410083,0.008663228712975979,0.18839378654956818,0.04045131802558899,0.18154117465019226,25.720401763916016, by$ B$en$ Mel$ Wall
