target_pos,target_token,norm_suff,random_suff,norm_comp,random_comp
21, by,0.029963113367557526,0.0004702138830907643,0.0733388140797615,0.021115077659487724
23, American,0.004097148776054382,0.0,0.2197389304637909,0.05126829817891121
25, industry,0.0,0.005559746641665697,0.12830467522144318,0.14890100061893463
27, It,0.0,0.0,0.07864633947610855,0.03859666362404823
29, given,0.014615682885050774,0.004887554794549942,0.17098930478096008,0.04709460586309433
