norm_suff_mean,random_suff_mean,norm_comp_mean,random_comp_mean,final suff,final comp,target_tokens
0.009735189378261566,0.0021835032384842634,0.13420361280441284,0.06139513477683067,4.4585185050964355,6.306516647338867, by$ American$ industry$ It$ given
