target_pos,target_token,norm_suff,random_suff,norm_comp,random_comp
27, The,0.0,0.0048310779966413975,0.10223448276519775,0.023649439215660095
29,eng,0.0007107810815796256,0.00796267669647932,0.06320520490407944,0.011366721242666245
31, period,0.0,0.0016902858624234796,0.3307522237300873,0.06813538819551468
33, a,0.0,0.003874023910611868,0.08603090792894363,0.03598828613758087
35, of,0.0,0.0,0.02041747234761715,0.006586621981114149
