norm_suff_mean,random_suff_mean,norm_comp_mean,random_comp_mean,final suff,final comp,target_tokens
0.00014215621922630817,0.0036716130562126637,0.12052805721759796,0.029145291075110435,0.03871764615178108,205.02297973632812, The$eng$ period$ a$ of
