target_pos,target_token,norm_suff,random_suff,norm_comp,random_comp
17, at,0.037696462124586105,0.0597526840865612,0.10007508844137192,0.03746991977095604
19, top,0.0,0.005329555831849575,0.07324784994125366,0.030765283852815628
21, the,0.0,0.019020264968276024,0.27404966950416565,0.09258975833654404
23, social,0.0,0.014186033979058266,0.38553428649902344,0.055766716599464417
25,.,0.0,0.014860700815916061,0.1320563107728958,0.011345534585416317
