norm_suff_mean,random_suff_mean,norm_comp_mean,random_comp_mean,final suff,final comp,target_tokens
0.007539292331784964,0.02262984775006771,0.19299264252185822,0.0455874428153038,0.3331570029258728,6.046647548675537, at$ top$ the$ social$.
