target_pos,target_token,norm_suff,random_suff,norm_comp,random_comp
16, is,0.0,0.0,0.22573356330394745,0.0851205512881279
18, species,0.0,0.006191684398800135,0.0871477946639061,0.02982855774462223
20, lobster,0.003107246942818165,0.008862709626555443,0.09394568204879761,0.09113261103630066
22, the,0.0,0.03205418214201927,0.01050419919192791,0.0061708190478384495
24, Neph,0.0,0.021070752292871475,0.2167753428220749,0.11575734615325928
