norm_suff_mean,random_suff_mean,norm_comp_mean,random_comp_mean,final suff,final comp,target_tokens
0.0006214493769221008,0.013635865412652493,0.12682132422924042,0.06560198217630386,0.0455746203660965,105.56287384033203, is$ species$ lobster$ the$ Neph
