norm_suff_mean,random_suff_mean,norm_comp_mean,random_comp_mean,final suff,final comp,target_tokens
0.004130681976675987,0.024632228538393974,0.17768849432468414,0.05180090293288231,0.16769421100616455,12.540520668029785, They$ used$ cooking$ as$ lubric
