target_pos,target_token,norm_suff,random_suff,norm_comp,random_comp
20, until,0.0,0.04826300963759422,0.11240535229444504,0.01951078325510025
22, French,0.0,0.0,0.24341683089733124,0.05014174059033394
24, in,0.0,0.1858692765235901,0.08476358652114868,0.059716321527957916
26,89,0.0,0.0,0.023061053827404976,0.03930250555276871
28, The,0.0,0.0,0.21698406338691711,0.021219242364168167
