target_pos,target_token,norm_suff,random_suff,norm_comp,random_comp
15, who,0.0,0.06188180670142174,0.24665094912052155,0.0856751948595047
17, appeared,0.0,0.009292942471802235,0.08185742795467377,0.02635812945663929
19, many,0.0,0.0289151668548584,0.08448609709739685,0.048892173916101456
21, television,0.0,0.030328286811709404,0.04647646099328995,0.027750952169299126
23, and,0.0,0.021771637722849846,0.03784695267677307,0.026781970635056496
