target_pos,target_token,norm_suff,random_suff,norm_comp,random_comp
15, developed,0.0,0.057240478694438934,0.12972471117973328,0.05286497622728348
17, published,0.0,0.005896460264921188,0.02665800414979458,0.015909332782030106
19, Nintendo,0.0,0.0008754502632655203,0.510824978351593,0.08624051511287689
21, the,0.0,0.006139892153441906,0.05843965336680412,0.01486150361597538
23, Boy,0.0,0.0,0.016961708664894104,0.024471282958984375
