target_pos,target_token,norm_suff,random_suff,norm_comp,random_comp
24, of,0.0,0.03235405310988426,0.10497532039880753,0.03969907760620117
26, Mint,0.0,0.002579363761469722,0.0459756962954998,0.05838504433631897
28, 18,0.0038476302288472652,0.009211394004523754,0.29067420959472656,0.06657935678958893
30, to,0.0,0.01272309385240078,0.16753298044204712,0.009006662294268608
32,.,0.0,0.11526822298765182,0.05262404680252075,0.03757842630147934
