norm_suff_mean,random_suff_mean,norm_comp_mean,random_comp_mean,final suff,final comp,target_tokens
0.0007695260574109852,0.0344272255897522,0.1323564499616623,0.04224971681833267,0.022352252155542374,54.90355682373047, of$ Mint$ 18$ to$.
