target_pos,target_token,norm_suff,random_suff,norm_comp,random_comp
11, and,0.0,0.09217260032892227,0.20654486119747162,0.034954365342855453
13, the,0.00333979818969965,0.0,0.4339793622493744,0.0280255489051342
15, program,0.0,0.0,0.43650680780410767,0.12866193056106567
17, scientific,0.0,0.0,0.35573047399520874,0.1360856145620346
19,.,0.0,0.0,0.23595155775547028,0.05326263606548309
