norm_suff_mean,random_suff_mean,norm_comp_mean,random_comp_mean,final suff,final comp,target_tokens
0.0006679596262983978,0.018434520810842514,0.333742618560791,0.0761980265378952,0.03623417392373085,114.07579803466797, and$ the$ program$ scientific$.
