target_pos,target_token,norm_suff,random_suff,norm_comp,random_comp
20, thick,0.01300465501844883,0.022247284650802612,0.7143202424049377,0.1685740053653717
22, The,0.019085044041275978,0.06112465634942055,0.19476549327373505,0.015569196082651615
24, is,0.0,0.023946858942508698,0.3856411576271057,0.04306992143392563
26, to,0.013373039662837982,0.0,0.06344456225633621,0.03478493541479111
28, a,0.0,0.030750803649425507,0.19200384616851807,0.030570445582270622
