norm_suff_mean,random_suff_mean,norm_comp_mean,random_comp_mean,final suff,final comp,target_tokens
0.009092547930777073,0.027613921090960503,0.3100350797176361,0.05851370096206665,0.32927405834198,6.435347080230713, thick$ The$ is$ to$ a
