target_pos,target_token,norm_suff,random_suff,norm_comp,random_comp
21, for,0.0,0.0,0.11626230925321579,0.045749686658382416
23, Los,0.0,0.0,0.1830194890499115,0.0362052284181118
25, Dodgers,0.0,0.006286364048719406,0.06375641375780106,0.007266819942742586
27, Major,0.0,0.0008647430804558098,0.006014381535351276,0.014510027132928371
29, Baseball,0.0,0.0026062328834086657,0.005678111687302589,0.001082856091670692
