{
    "$schema": "../docs/rationalization.schema.json",
    "id": 12,
    "input-text": [
        "</s>",
        "As",
        " soon",
        " as",
        " I",
        " arrived",
        " in",
        " Oregon",
        ",",
        " I",
        " checked",
        " into",
        " my",
        " hotel",
        " and",
        " watched",
        " a",
        " movie",
        " before",
        " falling",
        " asleep",
        ".",
        " (",
        "I",
        " had",
        " a",
        " great",
        " call",
        " with",
        " my",
        " husband",
        ",",
        " although",
        " I",
        " wish",
        " it",
        " were",
        " longer",
        ").",
        " I",
        " was",
        " staying",
        " in",
        " my",
        " favorite",
        " city",
        ","
    ],
    "input-tokens": [
        2,
        1620,
        1010,
        25,
        38,
        2035,
        11,
        4316,
        6,
        38,
        7869,
        88,
        127,
        2303,
        8,
        3996,
        10,
        1569,
        137,
        3064,
        15028,
        4,
        36,
        100,
        56,
        10,
        372,
        486,
        19,
        127,
        1623,
        6,
        1712,
        38,
        2813,
        24,
        58,
        1181,
        322,
        38,
        21,
        4959,
        11,
        127,
        2674,
        343,
        6
    ],
    "target-text": " Portland",
    "target-token": 5926,
    "rational-size": 5,
    "rational-positions": [
        8,
        46,
        45,
        0,
        42
    ],
    "rational-text": [
        ",",
        ",",
        " city",
        "</s>",
        " in"
    ],
    "rational-tokens": [
        6,
        6,
        343,
        2,
        11
    ],
    "importance-scores": [
        0.043210532516241074,
        0.03261856734752655,
        0.02196614444255829,
        0.023435911163687706,
        0.016043152660131454,
        0.020681727677583694,
        0.03279133886098862,
        0.03130216896533966,
        0.07938168197870255,
        0.01896645314991474,
        0.01341535709798336,
        0.02007591351866722,
        0.012233845889568329,
        0.013051118701696396,
        0.024647565558552742,
        0.009480411186814308,
        0.012135167606174946,
        0.007206486538052559,
        0.01075152587145567,
        0.007980145514011383,
        0.010839520022273064,
        0.016894925385713577,
        0.01834738254547119,
        0.013686226680874825,
        0.0058462955057621,
        0.005437029525637627,
        0.006510294042527676,
        0.010442212224006653,
        0.014177544973790646,
        0.006929486058652401,
        0.01153943594545126,
        0.021808158606290817,
        0.011413960717618465,
        0.01024708990007639,
        0.0068175336346030235,
        0.009020276367664337,
        0.004743646830320358,
        0.00903855636715889,
        0.008440647274255753,
        0.025483766570687294,
        0.01629502698779106,
        0.019098876044154167,
        0.035655319690704346,
        0.023594439029693604,
        0.029319925233721733,
        0.06558314710855484,
        0.07436264306306839
    ],
    "comments": {
        "created-by": "run_analogies.py",
        "args": {
            "model": "facebook/opt-1.3b",
            "cache_dir": "./cache/",
            "tokenizer": "facebook/opt-1.3b",
            "data_dir": "data/analogies/OPT1B/",
            "importance_results_dir": "rationalization_results/analogies/OPT1B_input_x_gradient",
            "device": "cuda",
            "rationalization_config": "config/eva_input_x_gradient.json",
            "input_num_ratio": 1,
            "logfolder": "logs/analogies/OPT1B_input_x_gradient",
            "loglevel": 20
        },
        "time_elapsed": 0.05344414710998535
    }
}