{
    "$schema": "../docs/rationalization.schema.json",
    "id": 19,
    "input-text": [
        "</s>",
        "I",
        " initially",
        " invited",
        " my",
        " uncle",
        ",",
        " who",
        " gladly",
        " accepted",
        " my",
        " invitation",
        ".",
        " (",
        "My",
        " favorite",
        " song",
        " just",
        " came",
        " on",
        ",",
        " so",
        " I",
        " was",
        " able",
        " to",
        " relax",
        ").",
        " When",
        " I",
        " learned",
        " that",
        " women",
        " were",
        " allowed",
        ",",
        " I",
        " went",
        " ahead",
        " and",
        " also",
        " invited",
        " my"
    ],
    "input-tokens": [
        2,
        100,
        3225,
        4036,
        127,
        11992,
        6,
        54,
        36811,
        3903,
        127,
        10021,
        4,
        36,
        2387,
        2674,
        2214,
        95,
        376,
        15,
        6,
        98,
        38,
        21,
        441,
        7,
        12327,
        322,
        520,
        38,
        2435,
        14,
        390,
        58,
        1220,
        6,
        38,
        439,
        789,
        8,
        67,
        4036,
        127
    ],
    "target-text": " aunt",
    "target-token": 15845,
    "rational-size": 5,
    "rational-positions": [
        6,
        5,
        4,
        33,
        0
    ],
    "rational-text": [
        ",",
        " uncle",
        " my",
        " were",
        "</s>"
    ],
    "rational-tokens": [
        6,
        11992,
        127,
        58,
        2
    ],
    "importance-scores": [
        0.04870317131280899,
        0.03857240080833435,
        0.027615562081336975,
        0.037307094782590866,
        0.054759807884693146,
        0.05491483211517334,
        0.12639324367046356,
        0.015031551010906696,
        0.01671433076262474,
        0.0344931036233902,
        0.014113281853497028,
        0.014791715890169144,
        0.03210632875561714,
        0.016962407156825066,
        0.01025293581187725,
        0.008949804119765759,
        0.019354842603206635,
        0.019113751128315926,
        0.006591738201677799,
        0.006438427604734898,
        0.005314303562045097,
        0.006931937299668789,
        0.00523535767570138,
        0.004517821595072746,
        0.005738893523812294,
        0.009018655866384506,
        0.0064908540807664394,
        0.017983976751565933,
        0.016627533361315727,
        0.00940394401550293,
        0.011830123141407967,
        0.02832462638616562,
        0.03024613857269287,
        0.04987011104822159,
        0.01543410960584879,
        0.020001932978630066,
        0.017001749947667122,
        0.011456882581114769,
        0.01167567539960146,
        0.016648001968860626,
        0.016535963863134384,
        0.01934683509171009,
        0.02987285703420639
    ],
    "comments": {
        "created-by": "run_analogies.py",
        "args": {
            "model": "facebook/opt-1.3b",
            "cache_dir": "./cache/",
            "tokenizer": "facebook/opt-1.3b",
            "data_dir": "data/analogies/OPT1B/",
            "importance_results_dir": "rationalization_results/analogies/OPT1B_input_x_gradient",
            "device": "cuda",
            "rationalization_config": "config/eva_input_x_gradient.json",
            "input_num_ratio": 1,
            "logfolder": "logs/analogies/OPT1B_input_x_gradient",
            "loglevel": 20
        },
        "time_elapsed": 0.08441591262817383
    }
}