{
    "$schema": "../docs/rationalization.schema.json",
    "id": 29,
    "input-text": [
        "</s>",
        "I",
        " had",
        " never",
        " been",
        " friends",
        " with",
        " any",
        " German",
        " people",
        " before",
        ".",
        " (",
        "The",
        " funn",
        "iest",
        " thing",
        " happened",
        " to",
        " me",
        " the",
        " other",
        " day",
        ",",
        " but",
        " that",
        "'s",
        " a",
        " story",
        " for",
        " another",
        " time",
        ").",
        " In",
        " fact",
        ",",
        " I",
        " had",
        " never",
        " even",
        " been",
        " to"
    ],
    "input-tokens": [
        2,
        100,
        56,
        393,
        57,
        964,
        19,
        143,
        1859,
        82,
        137,
        4,
        36,
        133,
        29310,
        7098,
        631,
        1102,
        7,
        162,
        5,
        97,
        183,
        6,
        53,
        14,
        18,
        10,
        527,
        13,
        277,
        86,
        322,
        96,
        754,
        6,
        38,
        56,
        393,
        190,
        57,
        7
    ],
    "target-text": " Germany",
    "target-token": 1600,
    "rational-size": 5,
    "rational-positions": [
        41,
        9,
        0,
        6,
        10
    ],
    "rational-text": [
        " to",
        " people",
        "</s>",
        " with",
        " before"
    ],
    "rational-tokens": [
        7,
        82,
        2,
        19,
        137
    ],
    "importance-scores": [
        0.05796431377530098,
        0.030066490173339844,
        0.024532077834010124,
        0.019993742927908897,
        0.023932762444019318,
        0.02809906378388405,
        0.04688574746251106,
        0.029063016176223755,
        0.03294989839196205,
        0.07873339205980301,
        0.04451909288764,
        0.012791206128895283,
        0.01557761151343584,
        0.00931496825069189,
        0.006822972558438778,
        0.01566733792424202,
        0.015650499612092972,
        0.007005432154983282,
        0.009761207737028599,
        0.007108461577445269,
        0.006418697070330381,
        0.005109207239001989,
        0.006079081445932388,
        0.00882507674396038,
        0.007504947017878294,
        0.0056990208104252815,
        0.004476641304790974,
        0.005475749261677265,
        0.005430065095424652,
        0.008860616944730282,
        0.006098574493080378,
        0.00735018914565444,
        0.009447393007576466,
        0.01788833551108837,
        0.022365108132362366,
        0.02638327144086361,
        0.012954912148416042,
        0.01413318607956171,
        0.0242818184196949,
        0.03474407643079758,
        0.03279746696352959,
        0.11609259247779846
    ],
    "comments": {
        "created-by": "run_analogies.py",
        "args": {
            "model": "facebook/opt-1.3b",
            "cache_dir": "./cache/",
            "tokenizer": "facebook/opt-1.3b",
            "data_dir": "data/analogies/OPT1B/",
            "importance_results_dir": "rationalization_results/analogies/OPT1B_input_x_gradient",
            "device": "cuda",
            "rationalization_config": "config/eva_input_x_gradient.json",
            "input_num_ratio": 1,
            "logfolder": "logs/analogies/OPT1B_input_x_gradient",
            "loglevel": 20
        },
        "time_elapsed": 0.08464384078979492
    }
}