{
    "$schema": "../docs/rationalization.schema.json",
    "id": 32,
    "input-text": [
        "</s>",
        "I",
        " had",
        " never",
        " been",
        " friends",
        " with",
        " any",
        " Israeli",
        " people",
        " before",
        ".",
        " (",
        "The",
        " funn",
        "iest",
        " thing",
        " happened",
        " to",
        " me",
        " the",
        " other",
        " day",
        ",",
        " but",
        " that",
        "'s",
        " a",
        " story",
        " for",
        " another",
        " time",
        ").",
        " In",
        " fact",
        ",",
        " I",
        " had",
        " never",
        " even",
        " been",
        " to"
    ],
    "input-tokens": [
        2,
        100,
        56,
        393,
        57,
        964,
        19,
        143,
        3465,
        82,
        137,
        4,
        36,
        133,
        29310,
        7098,
        631,
        1102,
        7,
        162,
        5,
        97,
        183,
        6,
        53,
        14,
        18,
        10,
        527,
        13,
        277,
        86,
        322,
        96,
        754,
        6,
        38,
        56,
        393,
        190,
        57,
        7
    ],
    "target-text": " Israel",
    "target-token": 1870,
    "rational-size": 5,
    "rational-positions": [
        9,
        41,
        0,
        10,
        6
    ],
    "rational-text": [
        " people",
        " to",
        "</s>",
        " before",
        " with"
    ],
    "rational-tokens": [
        82,
        7,
        2,
        137,
        19
    ],
    "importance-scores": [
        0.05059858039021492,
        0.027172306552529335,
        0.02362571284174919,
        0.023821577429771423,
        0.026689229533076286,
        0.029765725135803223,
        0.04925001040101051,
        0.02688632905483246,
        0.039855264127254486,
        0.11219844222068787,
        0.04940125718712807,
        0.012697137892246246,
        0.01464140135794878,
        0.011587372981011868,
        0.007122724317014217,
        0.014187311753630638,
        0.012494418770074844,
        0.006787669844925404,
        0.010600658133625984,
        0.007608128245919943,
        0.007224293891340494,
        0.005885605234652758,
        0.006125332787632942,
        0.00932078156620264,
        0.00863838940858841,
        0.006844274699687958,
        0.005288782063871622,
        0.006485273130238056,
        0.005597374867647886,
        0.007867656648159027,
        0.006671321112662554,
        0.007139099296182394,
        0.008356205187737942,
        0.019566627219319344,
        0.015619808807969093,
        0.019308947026729584,
        0.012155769392848015,
        0.015383390709757805,
        0.022255713120102882,
        0.02949610725045204,
        0.031087977811694145,
        0.09627462178468704
    ],
    "comments": {
        "created-by": "run_analogies.py",
        "args": {
            "model": "facebook/opt-1.3b",
            "cache_dir": "./cache/",
            "tokenizer": "facebook/opt-1.3b",
            "data_dir": "data/analogies/OPT1B/",
            "importance_results_dir": "rationalization_results/analogies/OPT1B_input_x_gradient",
            "device": "cuda",
            "rationalization_config": "config/eva_input_x_gradient.json",
            "input_num_ratio": 1,
            "logfolder": "logs/analogies/OPT1B_input_x_gradient",
            "loglevel": 20
        },
        "time_elapsed": 0.08292603492736816
    }
}