{
    "$schema": "../docs/rationalization.schema.json",
    "id": 33,
    "input-text": [
        "</s>",
        "I",
        " had",
        " never",
        " been",
        " friends",
        " with",
        " any",
        " Italian",
        " people",
        " before",
        ".",
        " (",
        "The",
        " funn",
        "iest",
        " thing",
        " happened",
        " to",
        " me",
        " the",
        " other",
        " day",
        ",",
        " but",
        " that",
        "'s",
        " a",
        " story",
        " for",
        " another",
        " time",
        ").",
        " In",
        " fact",
        ",",
        " I",
        " had",
        " never",
        " even",
        " been",
        " to"
    ],
    "input-tokens": [
        2,
        100,
        56,
        393,
        57,
        964,
        19,
        143,
        3108,
        82,
        137,
        4,
        36,
        133,
        29310,
        7098,
        631,
        1102,
        7,
        162,
        5,
        97,
        183,
        6,
        53,
        14,
        18,
        10,
        527,
        13,
        277,
        86,
        322,
        96,
        754,
        6,
        38,
        56,
        393,
        190,
        57,
        7
    ],
    "target-text": " Italy",
    "target-token": 2627,
    "rational-size": 5,
    "rational-positions": [
        9,
        10,
        0,
        41,
        8
    ],
    "rational-text": [
        " people",
        " before",
        "</s>",
        " to",
        " Italian"
    ],
    "rational-tokens": [
        82,
        137,
        2,
        7,
        3108
    ],
    "importance-scores": [
        0.05629383772611618,
        0.042319342494010925,
        0.030065009370446205,
        0.027791587635874748,
        0.029821552336215973,
        0.03182403743267059,
        0.050430040806531906,
        0.03431420773267746,
        0.05340169370174408,
        0.14996640384197235,
        0.061129193753004074,
        0.00934718456119299,
        0.012835491448640823,
        0.009664224460721016,
        0.005403857212513685,
        0.014152499847114086,
        0.012127908878028393,
        0.005332182161509991,
        0.008302580565214157,
        0.005829916335642338,
        0.005282447673380375,
        0.004700817167758942,
        0.006566802505403757,
        0.008251174353063107,
        0.006246241275221109,
        0.005040076095610857,
        0.0043761092238128185,
        0.005048638675361872,
        0.004705348052084446,
        0.006320311687886715,
        0.0057096113450825214,
        0.007289436645805836,
        0.0074826632626354694,
        0.014047494158148766,
        0.016611572355031967,
        0.017948133870959282,
        0.010673011653125286,
        0.013014730997383595,
        0.02237505465745926,
        0.032245293259620667,
        0.028309695422649384,
        0.05495647341012955
    ],
    "comments": {
        "created-by": "run_analogies.py",
        "args": {
            "model": "facebook/opt-1.3b",
            "cache_dir": "./cache/",
            "tokenizer": "facebook/opt-1.3b",
            "data_dir": "data/analogies/OPT1B/",
            "importance_results_dir": "rationalization_results/analogies/OPT1B_input_x_gradient",
            "device": "cuda",
            "rationalization_config": "config/eva_input_x_gradient.json",
            "input_num_ratio": 1,
            "logfolder": "logs/analogies/OPT1B_input_x_gradient",
            "loglevel": 20
        },
        "time_elapsed": 0.05675840377807617
    }
}