{
    "$schema": "../docs/rationalization.schema.json",
    "id": 38,
    "input-text": [
        "</s>",
        "Although",
        " I",
        " ran",
        " yesterday",
        ",",
        " I",
        " had",
        " a",
        " million",
        " things",
        " to",
        " do",
        " today",
        ".",
        " (",
        "I",
        " suddenly",
        " felt",
        " a",
        " pin",
        "ched",
        " nerve",
        ",",
        " so",
        " I",
        " made",
        " a",
        " mental",
        " note",
        " to",
        " get",
        " that",
        " checked",
        " out",
        ").",
        " So",
        " today",
        " I",
        " wouldn",
        "'t",
        " have",
        " time",
        " to",
        " do",
        " any",
        " more"
    ],
    "input-tokens": [
        2,
        13863,
        38,
        2075,
        2350,
        6,
        38,
        56,
        10,
        153,
        383,
        7,
        109,
        452,
        4,
        36,
        100,
        6017,
        1299,
        10,
        7756,
        3804,
        10387,
        6,
        98,
        38,
        156,
        10,
        2536,
        1591,
        7,
        120,
        14,
        7869,
        66,
        322,
        407,
        452,
        38,
        1979,
        75,
        33,
        86,
        7,
        109,
        143,
        55
    ],
    "target-text": " running",
    "target-token": 878,
    "rational-size": 5,
    "rational-positions": [
        46,
        4,
        2,
        0,
        5
    ],
    "rational-text": [
        " more",
        " yesterday",
        " I",
        "</s>",
        ","
    ],
    "rational-tokens": [
        55,
        2350,
        38,
        2,
        6
    ],
    "importance-scores": [
        0.04634913429617882,
        0.03864330053329468,
        0.0464949868619442,
        0.03453319892287254,
        0.06100640073418617,
        0.04161744564771652,
        0.028544949367642403,
        0.010697024874389172,
        0.007652293425053358,
        0.011503425426781178,
        0.014248906634747982,
        0.012293408624827862,
        0.009845762513577938,
        0.011422427371144295,
        0.018222520127892494,
        0.02020881697535515,
        0.013365192338824272,
        0.00613276194781065,
        0.008081600069999695,
        0.007259306497871876,
        0.007353735622018576,
        0.013900323770940304,
        0.010945429094135761,
        0.01453603245317936,
        0.008635811507701874,
        0.005917257629334927,
        0.005034470930695534,
        0.006531433667987585,
        0.006244448479264975,
        0.009130720980465412,
        0.011135488748550415,
        0.0068819341249763966,
        0.007326423656195402,
        0.008813678286969662,
        0.015453753992915154,
        0.010275437496602535,
        0.02661968022584915,
        0.028029751032590866,
        0.030989915132522583,
        0.024806227535009384,
        0.03133651986718178,
        0.020028546452522278,
        0.0224568210542202,
        0.02890019677579403,
        0.026551997289061546,
        0.027587981894612312,
        0.06657298654317856
    ],
    "comments": {
        "created-by": "run_analogies.py",
        "args": {
            "model": "facebook/opt-1.3b",
            "cache_dir": "./cache/",
            "tokenizer": "facebook/opt-1.3b",
            "data_dir": "data/analogies/OPT1B/",
            "importance_results_dir": "rationalization_results/analogies/OPT1B_input_x_gradient",
            "device": "cuda",
            "rationalization_config": "config/eva_input_x_gradient.json",
            "input_num_ratio": 1,
            "logfolder": "logs/analogies/OPT1B_input_x_gradient",
            "loglevel": 20
        },
        "time_elapsed": 0.07998442649841309
    }
}