target_pos,target_token,norm_suff,random_suff,norm_comp,random_comp
34, in,0.0,0.005027582868933678,0.032943859696388245,0.022724473848938942
36, U,0.0,0.00023587854229845107,0.0164549108594656,0.01861845701932907
38,S,0.01490133348852396,0.01430534478276968,0.002094397321343422,0.0011619869619607925
40, state,0.0,0.0005161943845450878,0.005795925389975309,0.001533342874608934
42, Pennsylvania,0.0,0.0,0.0067394794896245,0.010605749674141407
