norm_suff_mean,random_suff_mean,norm_comp_mean,random_comp_mean,final suff,final comp,target_tokens
0.002980266697704792,0.004017000086605549,0.012805714271962643,0.010928802192211151,0.7419134974479675,3.667055130004883, in$ U$S$ state$ Pennsylvania
