target_pos,target_token,norm_suff,random_suff,norm_comp,random_comp
18, in,0.006339728366583586,0.0,0.02527117356657982,0.011424461379647255
20,67,0.00023434619652107358,0.0010354776168242097,0.009852842427790165,0.013778408989310265
22,"
",0.02398441545665264,0.1256948560476303,0.026063822209835052,0.06003212928771973
24, know,0.0,6.816832319600508e-05,0.005186895839869976,0.004624434746801853
26, I,0.04886237904429436,0.005501498002558947,0.008847469463944435,0.0031417172867804766
