norm_suff_mean,random_suff_mean,norm_comp_mean,random_comp_mean,final suff,final comp,target_tokens
0.015884174033999443,0.02646000124514103,0.015044442377984524,0.018600231036543846,0.600308895111084,1.1709914207458496," in$67$
$ know$ I"
