target_pos,target_token,norm_suff,random_suff,norm_comp,random_comp
19, Edit,0.18668578565120697,0.029410921037197113,0.1575368344783783,0.02095421403646469
21, I,0.0,0.0,0.027167946100234985,0.022425856441259384
23, wrong,0.0,0.0,0.012999560683965683,0.012640472501516342
25, it,0.0,0.005562778562307358,0.01619390957057476,0.02034529112279415
27, 28,0.0,0.0,0.01622263714671135,0.02380002848803997
