norm_suff_mean,random_suff_mean,norm_comp_mean,random_comp_mean,final suff,final comp,target_tokens
0.037337157875299454,0.006994740106165409,0.04602418094873428,0.02003317140042782,5.337890625,0.536547839641571, Edit$ I$ wrong$ it$ 28
