target_pos,target_token,norm_suff,random_suff,norm_comp,random_comp
16, and,0.0,0.0,0.042789556086063385,0.0373111218214035
18, a,0.0,0.0,0.027756953611969948,0.04306422173976898
20, of,0.015612821094691753,0.0,0.002339337719604373,0.001775958575308323
22, family,0.0,0.0,0.030406633391976357,0.024410756304860115
24,mill,0.0,0.00397260207682848,0.0807071328163147,0.06398805975914001
