norm_suff_mean,random_suff_mean,norm_comp_mean,random_comp_mean,final suff,final comp,target_tokens
0.003122564172372222,0.0007945204270072281,0.036799922585487366,0.03411002457141876,3.930124521255493,10.923722267150879, and$ a$ of$ family$mill
