target_pos,target_token,norm_suff,random_suff,norm_comp,random_comp
25, ,0.0,0.0,0.019716724753379822,0.037274669855833054
27, tumor,0.0,0.001929761259816587,0.022709961980581284,0.027897905558347702
29, a,0.0,0.0,0.0170062817633152,0.018465474247932434
31, of,0.02640601620078087,0.0,0.017704792320728302,0.013378758914768696
33, within,0.021983332931995392,0.008951048366725445,0.018416782841086388,0.03213176131248474
