norm_suff_mean,random_suff_mean,norm_comp_mean,random_comp_mean,final suff,final comp,target_tokens
0.009677870199084282,0.0021761618554592133,0.0191109087318182,0.02582971565425396,4.4472198486328125,2.6689462661743164, $ tumor$ a$ of$ within
