target_pos,target_token,norm_suff,random_suff,norm_comp,random_comp
21, ,0.17628496885299683,0.03551448509097099,0.018283430486917496,0.01594502665102482
23, Archbishop,0.0,0.002919074846431613,0.04306309297680855,0.02808218076825142
25, Washington,0.0,0.0,0.0405091755092144,0.02399609237909317
27, the,0.006668231450021267,0.0,0.003080623457208276,0.004416726063936949
29, of,0.0,0.0290973000228405,0.0014417325146496296,0.0023235748521983624
