norm_suff_mean,random_suff_mean,norm_comp_mean,random_comp_mean,final suff,final comp,target_tokens
0.036590639501810074,0.01350617315620184,0.021275611594319344,0.014952721074223518,2.709178924560547,0.408648818731308, $ Archbishop$ Washington$ the$ of
