target_pos,target_token,norm_suff,random_suff,norm_comp,random_comp
22, (,0.0,0.004632479511201382,0.00604033749550581,0.007874988950788975
24,",",0.0,0.0,0.0022045383229851723,0.0009473011596128345
26, km,4.73585314466618e-05,0.005224643275141716,0.007201001048088074,0.004684976767748594
28, from,0.00223248777911067,0.0,0.009457523934543133,0.010408183559775352
30, equ,0.0,0.002851069439202547,0.031042959541082382,0.013645117171108723
