norm_suff_mean,random_suff_mean,norm_comp_mean,random_comp_mean,final suff,final comp,target_tokens
0.0004559692461043596,0.0025416386779397726,0.011189272627234459,0.00751211354508996,0.17939971387386322,16.47504425048828," ($,$ km$ from$ equ"
