target_pos,target_token,norm_suff,random_suff,norm_comp,random_comp
26, by,0.0,0.00034538673935458064,0.010930157266557217,0.01300271600484848
28, Weiner,0.0,0.0012926775962114334,0.0469963401556015,0.05253041908144951
30, David,0.0,0.0,0.04619056358933449,0.046817846596241
32,.,0.045886073261499405,0.0,0.009624678641557693,0.0027574864216148853
34,.,0.0,0.0,0.009843633510172367,0.010302255861461163
