norm_suff_mean,random_suff_mean,norm_comp_mean,random_comp_mean,final suff,final comp,target_tokens
0.009177214466035366,0.0003276128845755011,0.024717075750231743,0.025082144886255264,28.012372970581055,2.7330892086029053, by$ Weiner$ David$.$.
