target_pos,target_token,norm_suff,random_suff,norm_comp,random_comp
22, to,0.00758800283074379,0.0,0.017263498157262802,0.02803954854607582
24, actor,0.0,0.0004908570554107428,0.01741722971200943,0.009733466431498528
26, has,0.01547020673751831,0.009946558624505997,0.0064527420327067375,0.010045899078249931
28, a,0.00595750892534852,0.0,0.01506780181080103,0.00801320280879736
30, role,0.0,0.0,0.009085988625884056,0.004177545662969351
