norm_suff_mean,random_suff_mean,norm_comp_mean,random_comp_mean,final suff,final comp,target_tokens
0.005803143605589867,0.0020874831825494766,0.013057452626526356,0.012001932598650455,2.7799713611602783,2.0681777000427246, to$ actor$ has$ a$ role
