target_pos,target_token,norm_suff,random_suff,norm_comp,random_comp
28, The,0.0,0.07150924950838089,0.009654154069721699,0.0138710243627429
30, were,0.0,0.0,0.01625898666679859,0.023901045322418213
32, war,0.0,0.0,0.006152129266411066,0.0042147100903093815
34, the,0.0,0.04145610332489014,0.020894214510917664,0.02025369182229042
36,",",0.002780929673463106,0.11792038381099701,0.015163629315793514,0.02056334912776947
