norm_suff_mean,random_suff_mean,norm_comp_mean,random_comp_mean,final suff,final comp,target_tokens
0.0005561859579756856,0.04617714881896973,0.013624623417854309,0.016560764983296394,0.012044614180922508,29.775588989257812," The$ were$ war$ the$,"
