target_pos,target_token,norm_suff,random_suff,norm_comp,random_comp
18, in,0.005208874586969614,0.0,0.024390114471316338,0.03800938278436661
20, middle,0.0,0.0,0.03155681490898132,0.022181587293744087
22, the,0.038841187953948975,0.0,0.02366798184812069,0.043679676949977875
24,th,0.0,0.0010483994847163558,0.0012760143727064133,0.0007436072919517756
26,.,0.0420808419585228,0.04526250436902046,0.01016224455088377,0.02470187470316887
