norm_suff_mean,random_suff_mean,norm_comp_mean,random_comp_mean,final suff,final comp,target_tokens
0.01722618006169796,0.009262180887162685,0.01821063458919525,0.025863224640488625,1.8598406314849854,1.5013905763626099, in$ middle$ the$th$.
