target_pos,target_token,norm_suff,random_suff,norm_comp,random_comp
17, ,0.15271522104740143,0.0,0.05259404331445694,0.029843412339687347
19, ,0.04440497234463692,0.015245944261550903,0.02869454398751259,0.04228285700082779
21, ,0.0002182812022510916,0.02269328385591507,0.05092260614037514,0.0164161566644907
23, ,0.0008177724666893482,0.0,0.01681310310959816,0.01775556243956089
25, ,0.0,0.0,0.02100348472595215,0.014088963158428669
