norm_suff_mean,random_suff_mean,norm_comp_mean,random_comp_mean,final suff,final comp,target_tokens
0.03963124752044678,0.007587845902889967,0.03400555998086929,0.024077389389276505,5.2229905128479,0.6075354814529419, $ $ $ $ 
