target_pos,target_token,norm_suff,random_suff,norm_comp,random_comp
13, They,0.002901426050812006,0.0018411064520478249,0.04451267793774605,0.11843930929899216
15, not,0.0007953105377964675,0.0,0.061478596180677414,0.026425430551171303
17,.,0.040442176163196564,0.0,0.04350905492901802,0.03577226772904396
19,I,0.0006750519387423992,0.037640657275915146,0.017128638923168182,0.020882217213511467
21,",",0.0,0.0,0.007690816652029753,0.0096658393740654
