norm_suff_mean,random_suff_mean,norm_comp_mean,random_comp_mean,final suff,final comp,target_tokens
0.00896279327571392,0.00789635255932808,0.03486395999789238,0.04223701357841492,1.1350548267364502,4.7124834060668945," They$ not$.$I$,"
