target_pos,target_token,norm_suff,random_suff,norm_comp,random_comp
21, until,0.0,0.04106718674302101,0.021263476461172104,0.016942644491791725
23, French,0.0,0.005242614075541496,0.013021322898566723,0.019658755511045456
25, in,0.0,0.0,0.0497380867600441,0.021084534004330635
27,89,5.378497462515952e-06,0.0,0.004764284938573837,0.0015983505873009562
29, The,0.009022854268550873,0.18012911081314087,0.008644547313451767,0.0161606352776289
