norm_suff_mean,random_suff_mean,norm_comp_mean,random_comp_mean,final suff,final comp,target_tokens
0.0018056465778499842,0.045287784188985825,0.01948634348809719,0.015088984742760658,0.039870500564575195,8.356554985046387, until$ French$ in$89$ The
