target_pos,target_token,norm_suff,random_suff,norm_comp,random_comp
16, and,0.0,0.05487281084060669,0.04877317696809769,0.03832845389842987
18,.,0.0,0.0,0.013034273870289326,0.018931502476334572
20, is,0.021191826090216637,0.0,0.006440260447561741,0.019630488008260727
22, known,0.0,0.0,0.0038591306656599045,0.0025654479395598173
24, his,0.0,0.0,0.005398404784500599,0.007053403649479151
