norm_suff_mean,random_suff_mean,norm_comp_mean,random_comp_mean,final suff,final comp,target_tokens
0.004238365218043327,0.010974562726914883,0.015501049347221851,0.017301859334111214,0.3861989974975586,4.08220100402832, and$.$ is$ known$ his
