target_pos,target_token,norm_suff,random_suff,norm_comp,random_comp
16, ,0.0,0.0030545066110789776,0.06588112562894821,0.04889918863773346
18, ,0.0015766019932925701,0.0,0.020122643560171127,0.0249013751745224
20, ,0.0,0.06461265683174133,0.021557679399847984,0.02769765630364418
22, ,0.0,0.0,0.02145104669034481,0.013966299593448639
24, ,0.0,0.001514602336101234,0.024754785001277924,0.014287597499787807
