norm_suff_mean,random_suff_mean,norm_comp_mean,random_comp_mean,final suff,final comp,target_tokens
0.0003153204161208123,0.013836353085935116,0.03075345791876316,0.025950422510504723,0.02278927154839039,82.29857635498047, $ $ $ $ 
