target_pos,target_token,norm_suff,random_suff,norm_comp,random_comp
25, of,0.0,0.0,0.02297891303896904,0.034816477447748184
27,ra,9.495689300820231e-05,0.0,0.00711465161293745,0.0032430989667773247
29, and,0.0096129784360528,0.018104348331689835,0.02872907556593418,0.010636516846716404
31, from,0.04130261763930321,0.0,0.011752655729651451,0.011812751181423664
33,78,3.401035428396426e-05,0.0009450019570067525,0.01493297703564167,0.01967773027718067
