norm_suff_mean,random_suff_mean,norm_comp_mean,random_comp_mean,final suff,final comp,target_tokens
0.010208912193775177,0.0038098699878901243,0.017101654782891273,0.016037315130233765,2.679595947265625,1.5709131956100464, of$ra$ and$ from$78
