target_pos,target_token,norm_suff,random_suff,norm_comp,random_comp
12,"
",0.15870912373065948,0.01916288025677204,0.15710850059986115,0.06232502683997154
14, was,0.0,0.0,0.016436858102679253,0.015891611576080322
16, Sinclair,0.0,0.0,0.11742015182971954,0.06460393220186234
18, in,0.0,0.0,0.017889555543661118,0.01726103574037552
20, early,0.0,0.0,0.010597855783998966,0.007416284177452326
