norm_suff_mean,random_suff_mean,norm_comp_mean,random_comp_mean,final suff,final comp,target_tokens
0.03174182400107384,0.003832576097920537,0.06389059126377106,0.0334995798766613,8.282112121582031,1.055376648902893,"
$ was$ Sinclair$ in$ early"
