target_pos,target_token,norm_suff,random_suff,norm_comp,random_comp
21, ,0.00382737023755908,0.0,0.02146827057003975,0.03243446350097656
23, ,0.0,0.0,0.02001672238111496,0.02109704352915287
25, ,0.0,0.08487634360790253,0.03334113582968712,0.021838629618287086
27, ,0.0,0.0,0.01206630002707243,0.008637852035462856
29, ,0.0,0.0656738355755806,0.008601367473602295,0.014708518981933594
