norm_suff_mean,random_suff_mean,norm_comp_mean,random_comp_mean,final suff,final comp,target_tokens
0.000765474047511816,0.030110036954283714,0.019098758697509766,0.01974330097436905,0.025422554463148117,25.792253494262695, $ $ $ $ 
