target_pos,target_token,norm_suff,random_suff,norm_comp,random_comp
22, who,0.0036102905869483948,0.0029038183856755495,0.02165728434920311,0.03966914862394333
24, a,0.0032715601846575737,0.0,0.01388563122600317,0.026906564831733704
26, agent,0.0005700570181943476,0.0,0.0014818732161074877,0.0020850682631134987
28, He,0.0007228418253362179,0.0,0.018530959263443947,0.008564688265323639
30, played,0.0,0.0002771486761048436,0.009459502063691616,0.012309443205595016
