norm_suff_mean,random_suff_mean,norm_comp_mean,random_comp_mean,final suff,final comp,target_tokens
0.0016349498182535172,0.000636193435639143,0.013003051280975342,0.017906982451677322,2.569894313812256,10.952618598937988, who$ a$ agent$ He$ played
