target_pos,target_token,norm_suff,random_suff,norm_comp,random_comp
26, ,0.0,0.0,0.014514604583382607,0.01751026138663292
28, ,0.0,0.005522198509424925,0.012425584718585014,0.020144466310739517
30, ,0.012929542921483517,0.013274077326059341,0.03361073136329651,0.018442196771502495
32, ,0.0,0.0021314043551683426,0.018794497475028038,0.01088032592087984
34, ,0.030977388843894005,0.05003959313035011,0.01257101260125637,0.010152528062462807
