norm_suff_mean,random_suff_mean,norm_comp_mean,random_comp_mean,final suff,final comp,target_tokens
0.00878138653934002,0.014193454757332802,0.018383286893367767,0.015425956808030605,0.6186926960945129,1.7566652297973633, $ $ $ $ 
