suff,comp,random_suff,random_comp
0.5931286163507252,0.9857578662516645,0.08953190610351915,0.8181282511527933
