suff,comp,random_suff,random_comp
0.001269963957885168,0.09519605472138461,0.0019123135072086847,0.06505117297635983
