suff,comp,random_suff,random_comp
0.7765293902977373,0.9935161792144173,0.10928371290653889,0.8911422107199822
