suff,comp,random_suff,random_comp
0.011556313301036607,0.5019007099595562,0.003030852972349079,0.15743136088557416
