suff,comp,random_suff,random_comp
0.0004973108045421389,0.09521092054593949,0.0016937818681850535,0.06939767556302227
