suff,comp,random_suff,random_comp
0.3746251799804465,0.973920208850364,0.07739569389298544,0.8301303311595302
