suff,comp,random_suff,random_comp
0.3746251799804465,0.973920208850364,0.05428833382517815,0.7632835236459776
