suff,comp,random_suff,random_comp
0.17584934047801687,0.9453590873486898,0.025790646736547986,0.6075187740464926
