suff,comp,random_suff,random_comp
0.17584934047801687,0.9453590873486898,0.02881419907922117,0.5765831369414741
