suff,comp,random_suff,random_comp
0.028693630154906953,0.7397857290131855,0.014059184240866595,0.4370079633881639
