suff,comp,random_suff,random_comp
0.07307726174210256,0.8716179246436935,0.012088351819948459,0.46063655437148077
