suff,comp,random_suff,random_comp
0.0022637436490346085,0.014217280897946818,0.0019441162076889885,0.008712841687421192
