suff,comp,random_suff,random_comp
0.028693630154906953,0.7397857290131855,0.005405945572907001,0.41484111653343975
