suff,comp,random_suff,random_comp
0.011556313301036607,0.5019007099595562,0.007123958544123858,0.18450149554300627
