suff,comp,random_suff,random_comp
0.1184215671778124,0.9227902985039882,0.018813420175544937,0.5125440249547186
