suff,comp,random_suff,random_comp
0.043897583138521254,0.2043001862952902,0.007522916438559197,0.000854233480121196
