suff,comp,random_suff,random_comp
0.02382255649265926,0.8410661968960231,0.00402574886806584,0.16442194746150773
