suff,comp,random_suff,random_comp
0.19970135143886897,0.930437413669082,0.026290238263567654,0.6576542709174072
