suff,comp,random_suff,random_comp
0.08337298663575111,0.9120017987465441,0.0237808032866319,0.4228703025972954
