suff,comp,random_suff,random_comp
0.05372513269976439,0.8975517702848588,0.010026825759915365,0.29886535792736113
