suff,comp,random_suff,random_comp
0.026751261175274144,0.25282253294380014,0.00457946002208961,0.012358967537022671
