{
    "$schema": "../docs/rationalization.schema.json",
    "id": 32,
    "input-text": [
        "I",
        " initially",
        " invited",
        " my",
        " step",
        "father",
        ",",
        " who",
        " gladly",
        " accepted",
        " my",
        " invitation",
        ".",
        " (",
        "My",
        " favorite",
        " song",
        " just",
        " came",
        " on",
        ",",
        " so",
        " I",
        " was",
        " able",
        " to",
        " relax",
        ").",
        " When",
        " I",
        " learned",
        " that",
        " women",
        " were",
        " allowed",
        ",",
        " I",
        " went",
        " ahead",
        " and",
        " also",
        " invited",
        " my",
        " step"
    ],
    "input-tokens": [
        40,
        7317,
        9392,
        616,
        2239,
        11358,
        11,
        508,
        35092,
        6292,
        616,
        17023,
        13,
        357,
        3666,
        4004,
        3496,
        655,
        1625,
        319,
        11,
        523,
        314,
        373,
        1498,
        284,
        8960,
        737,
        1649,
        314,
        4499,
        326,
        1466,
        547,
        3142,
        11,
        314,
        1816,
        4058,
        290,
        635,
        9392,
        616,
        2239
    ],
    "target-text": "mother",
    "target-token": 13552,
    "rational-size": 10,
    "rational-positions": [
        0,
        3,
        5,
        7,
        26,
        28,
        32,
        37,
        39,
        43
    ],
    "rational-text": [
        "I",
        " my",
        "father",
        " who",
        " relax",
        " When",
        " women",
        " went",
        " and",
        " step"
    ],
    "rational-tokens": [
        40,
        616,
        11358,
        508,
        8960,
        1649,
        1466,
        1816,
        290,
        2239
    ],
    "importance-scores": [
        0.10049186646938324,
        3.5726210626307875e-05,
        0.0010364584159106016,
        0.11460429430007935,
        0.004477364011108875,
        0.2863817512989044,
        2.1056528566987254e-05,
        0.02049417421221733,
        0.0008521043928340077,
        0.054312534630298615,
        2.674476672837045e-05,
        0.0014896935317665339,
        0.000703347148373723,
        0.0009398605907335877,
        0.0016140833031386137,
        0.046186406165361404,
        2.5049343093996868e-05,
        0.001005915692076087,
        0.0009972188854590058,
        0.0005212208488956094,
        0.0010393373668193817,
        0.0024549299851059914,
        0.02704906463623047,
        0.00019425917707849294,
        0.012472689151763916,
        0.0049483939073979855,
        0.0112930778414011,
        0.00239771930500865,
        0.0686236023902893,
        0.006195514928549528,
        0.0030508385971188545,
        0.002042829291895032,
        0.012609670870006084,
        6.826975732110441e-05,
        0.10067188739776611,
        0.0005081929266452789,
        0.0006346096051856875,
        0.0016062029171735048,
        6.079825107008219e-05,
        0.08691072463989258,
        0.00392515305429697,
        0.002452289219945669,
        0.00016081253124866635,
        0.012412279844284058
    ],
    "comments": {
        "created-by": "run_analogies.py",
        "args": {
            "model": "EleutherAI/gpt-j-6b",
            "cache_dir": "cache/",
            "tokenizer": "EleutherAI/gpt-j-6b",
            "data_dir": "data/analogies/gpt6b",
            "importance_results_dir": "rationalization_results/analogies/gpt6b_ours/top3_replace0.3_max3000_batch10",
            "device": "cuda",
            "rationalization_config": "config//top3_replace0.3_max3000_batch10.json",
            "input_num_ratio": 1.0,
            "logfolder": "logs/analogies/gpt6b_ours/top3_replace0.3_max3000_batch10",
            "loglevel": 20
        },
        "time_elapsed": 207.55440402030945,
        "separate_rational": [
            [
                " my",
                " step",
                " I",
                " went",
                " invited"
            ],
            [
                " and",
                " my",
                " step",
                " who",
                " step"
            ],
            [
                "father",
                " to",
                " my",
                " relax",
                " step"
            ],
            [
                "father",
                " When",
                " relax",
                " step",
                " women"
            ],
            [
                "father",
                " I",
                " just",
                " went",
                " step"
            ],
            [
                " allowed",
                " and",
                "I",
                " so",
                " step"
            ],
            [
                " accepted",
                " who",
                " my",
                " learned",
                " step"
            ],
            [
                "father",
                " able",
                " women",
                " step",
                ")."
            ],
            [
                "I",
                " women",
                " initially",
                " came",
                " step"
            ],
            [
                " When",
                " favorite",
                ".",
                " step",
                "father"
            ]
        ]
    }
}