{
    "$schema": "../docs/rationalization.schema.json",
    "id": 34,
    "input-text": [
        "I",
        " thought",
        " it",
        " was",
        " logical",
        ".",
        " (",
        "Just",
        " then",
        " an",
        " ad",
        " came",
        " on",
        " the",
        " TV",
        ",",
        " but",
        " that",
        "'s",
        " irrelevant",
        ").",
        " It",
        " was",
        " the",
        " opposite",
        " of",
        " that",
        ":",
        " it",
        " was",
        " ill"
    ],
    "input-tokens": [
        40,
        1807,
        340,
        373,
        12219,
        13,
        357,
        5703,
        788,
        281,
        512,
        1625,
        319,
        262,
        3195,
        11,
        475,
        326,
        338,
        18046,
        737,
        632,
        373,
        262,
        6697,
        286,
        326,
        25,
        340,
        373,
        2801
    ],
    "target-text": "ogical",
    "target-token": 30766,
    "rational-size": 14,
    "rational-positions": [
        2,
        4,
        5,
        8,
        10,
        14,
        19,
        21,
        22,
        24,
        25,
        28,
        29,
        30
    ],
    "rational-text": [
        " it",
        " logical",
        ".",
        " then",
        " ad",
        " TV",
        " irrelevant",
        " It",
        " was",
        " opposite",
        " of",
        " it",
        " was",
        " ill"
    ],
    "rational-tokens": [
        340,
        12219,
        13,
        788,
        512,
        3195,
        18046,
        632,
        373,
        6697,
        286,
        340,
        373,
        2801
    ],
    "importance-scores": [
        9.808688901102869e-07,
        1.3344501894607674e-05,
        0.07869213074445724,
        2.7687294732459122e-06,
        0.004468838684260845,
        0.01193229854106903,
        0.04229835420846939,
        0.03724762052297592,
        0.009790709242224693,
        0.03739055618643761,
        0.00015678191266488284,
        4.063048618263565e-05,
        0.0004726441693492234,
        8.249806455751241e-07,
        0.012296447530388832,
        2.218934241682291e-06,
        0.0984005481004715,
        2.7150168534717523e-05,
        0.07463346421718597,
        0.024388600140810013,
        7.6272017395240255e-06,
        0.012714969925582409,
        0.11685458570718765,
        3.515928619890474e-05,
        0.0023487284779548645,
        0.13530489802360535,
        0.0001856023445725441,
        2.2884123609401286e-06,
        0.11058278381824493,
        0.1054692417383194,
        0.08423720300197601
    ],
    "comments": {
        "created-by": "run_analogies.py",
        "args": {
            "model": "EleutherAI/gpt-j-6b",
            "cache_dir": "cache/",
            "tokenizer": "EleutherAI/gpt-j-6b",
            "data_dir": "data/analogies/gpt6b",
            "importance_results_dir": "rationalization_results/analogies/gpt6b_ours/top3_replace0.3_max3000_batch10",
            "device": "cuda",
            "rationalization_config": "config//top3_replace0.3_max3000_batch10.json",
            "input_num_ratio": 1.0,
            "logfolder": "logs/analogies/gpt6b_ours/top3_replace0.3_max3000_batch10",
            "loglevel": 20
        },
        "time_elapsed": 15.650352001190186,
        "separate_rational": [
            [
                " an",
                "Just",
                " was",
                " ill",
                " irrelevant"
            ],
            [
                "'s",
                " ill",
                " irrelevant",
                " ad",
                " It"
            ],
            [
                " was",
                " logical",
                ".",
                " was",
                " ill"
            ],
            [
                " it",
                " irrelevant",
                " logical",
                " ill",
                ")."
            ],
            [
                " of",
                " was",
                " opposite",
                " on",
                " ill"
            ],
            [
                " of",
                " (",
                " ill",
                " irrelevant",
                " that"
            ],
            [
                " it",
                " It",
                " thought",
                " ill",
                " then"
            ],
            [
                " ill",
                " it",
                " TV",
                ".",
                " then"
            ],
            [
                " but",
                " opposite",
                " ill",
                " TV",
                " it"
            ],
            [
                " was",
                " came",
                " ill",
                " TV",
                " ad"
            ]
        ]
    }
}