{
    "$schema": "../docs/rationalization.schema.json",
    "id": 121,
    "input-text": [
        "I",
        " thought",
        " it",
        " would",
        " be",
        " the",
        " oldest",
        " thing",
        " I",
        "'d",
        " ever",
        " encounter",
        ".",
        " (",
        "I",
        " tried",
        " to",
        " ignore",
        " my",
        " phone",
        " vibr",
        "ating",
        " in",
        " my",
        " pocket",
        ").",
        " But",
        " when",
        " I",
        " did",
        " end",
        " up",
        " encountering",
        " it",
        ",",
        " it",
        " turned",
        " out",
        " it",
        " wasn",
        "'t",
        " so"
    ],
    "input-tokens": [
        40,
        1807,
        340,
        561,
        307,
        262,
        13325,
        1517,
        314,
        1549,
        1683,
        8791,
        13,
        357,
        40,
        3088,
        284,
        8856,
        616,
        3072,
        12611,
        803,
        287,
        616,
        10000,
        737,
        887,
        618,
        314,
        750,
        886,
        510,
        42398,
        340,
        11,
        340,
        2900,
        503,
        340,
        2492,
        470,
        523
    ],
    "target-text": " old",
    "target-token": 1468,
    "rational-size": 5,
    "rational-positions": [
        39,
        12,
        25,
        0,
        32
    ],
    "rational-text": [
        " wasn",
        ".",
        ").",
        "I",
        " encountering"
    ],
    "rational-tokens": [
        2492,
        13,
        737,
        40,
        42398
    ],
    "importance-scores": [
        0.02457556128501892,
        0.023809542879462242,
        0.02363128401339054,
        0.023732338100671768,
        0.02377445623278618,
        0.02408098801970482,
        0.024208761751651764,
        0.023920051753520966,
        0.023526770994067192,
        0.02361139841377735,
        0.023544440045952797,
        0.023921797052025795,
        0.024987811222672462,
        0.023959852755069733,
        0.02352334000170231,
        0.023520026355981827,
        0.023624276742339134,
        0.023606738075613976,
        0.023725055158138275,
        0.023443324491381645,
        0.023683197796344757,
        0.023508816957473755,
        0.02334935963153839,
        0.023585226386785507,
        0.023631807416677475,
        0.02460152842104435,
        0.023692842572927475,
        0.023716486990451813,
        0.02368454448878765,
        0.0234658382833004,
        0.023392580449581146,
        0.023646054789423943,
        0.024488531053066254,
        0.023716207593679428,
        0.02368328534066677,
        0.02379140630364418,
        0.023491445928812027,
        0.023517979308962822,
        0.023630008101463318,
        0.025353288277983665,
        0.02382010780274868,
        0.023821666836738586
    ],
    "comments": {
        "created-by": "run_analogies.py",
        "args": {
            "model": "gpt2-xl",
            "cache_dir": "cache/",
            "tokenizer": "gpt2-xl",
            "data_dir": "data/analogies/gpt2_xl/",
            "importance_results_dir": "rationalization_results/analogies/gpt2_xl_attention_last",
            "device": "cuda",
            "rationalization_config": "config/eva_attention_last.json",
            "input_num_ratio": 1,
            "logfolder": "logs/analogies/gpt2_xl_attention_last",
            "loglevel": 20
        },
        "time_elapsed": 0.03280329704284668
    }
}