{
    "$schema": "../docs/rationalization.schema.json",
    "id": 128,
    "input-text": [
        "I",
        " thought",
        " it",
        " would",
        " be",
        " the",
        " weakest",
        " thing",
        " I",
        "'d",
        " ever",
        " encounter",
        ".",
        " (",
        "I",
        " tried",
        " to",
        " ignore",
        " my",
        " phone",
        " vibr",
        "ating",
        " in",
        " my",
        " pocket",
        ").",
        " But",
        " when",
        " I",
        " did",
        " end",
        " up",
        " encountering",
        " it",
        ",",
        " it",
        " turned",
        " out",
        " it",
        " wasn",
        "'t",
        " so"
    ],
    "input-tokens": [
        40,
        1807,
        340,
        561,
        307,
        262,
        34968,
        1517,
        314,
        1549,
        1683,
        8791,
        13,
        357,
        40,
        3088,
        284,
        8856,
        616,
        3072,
        12611,
        803,
        287,
        616,
        10000,
        737,
        887,
        618,
        314,
        750,
        886,
        510,
        42398,
        340,
        11,
        340,
        2900,
        503,
        340,
        2492,
        470,
        523
    ],
    "target-text": " weak",
    "target-token": 4939,
    "rational-size": 5,
    "rational-positions": [
        39,
        12,
        25,
        32,
        0
    ],
    "rational-text": [
        " wasn",
        ".",
        ").",
        " encountering",
        "I"
    ],
    "rational-tokens": [
        2492,
        13,
        737,
        42398,
        40
    ],
    "importance-scores": [
        0.024330828338861465,
        0.023813685402274132,
        0.023626718670129776,
        0.023667501285672188,
        0.023838793858885765,
        0.023926647379994392,
        0.023726988583803177,
        0.023687342181801796,
        0.023455273360013962,
        0.02349325641989708,
        0.023460229858756065,
        0.02378135174512863,
        0.02520572580397129,
        0.024137727916240692,
        0.023586856201291084,
        0.023625800386071205,
        0.023612791672348976,
        0.02367587201297283,
        0.02385626919567585,
        0.023505259305238724,
        0.023834696039557457,
        0.023577330633997917,
        0.0233713760972023,
        0.02374025247991085,
        0.023651808500289917,
        0.024768272414803505,
        0.023696353659033775,
        0.02378702163696289,
        0.023716995492577553,
        0.023477837443351746,
        0.023446708917617798,
        0.02365145832300186,
        0.02440282702445984,
        0.023813094943761826,
        0.023643963038921356,
        0.023871194571256638,
        0.023490648716688156,
        0.023500023409724236,
        0.023634079843759537,
        0.025408843532204628,
        0.023664118722081184,
        0.023836124688386917
    ],
    "comments": {
        "created-by": "run_analogies.py",
        "args": {
            "model": "gpt2-xl",
            "cache_dir": "cache/",
            "tokenizer": "gpt2-xl",
            "data_dir": "data/analogies/gpt2_xl/",
            "importance_results_dir": "rationalization_results/analogies/gpt2_xl_attention_last",
            "device": "cuda",
            "rationalization_config": "config/eva_attention_last.json",
            "input_num_ratio": 1,
            "logfolder": "logs/analogies/gpt2_xl_attention_last",
            "loglevel": 20
        },
        "time_elapsed": 0.03284454345703125
    }
}