{
    "$schema": "../docs/rationalization.schema.json",
    "id": 144,
    "input-text": [
        "I",
        " had",
        " never",
        " been",
        " friends",
        " with",
        " any",
        " Chilean",
        " people",
        " before",
        ".",
        " (",
        "The",
        " funn",
        "iest",
        " thing",
        " happened",
        " to",
        " me",
        " the",
        " other",
        " day",
        ",",
        " but",
        " that",
        "'s",
        " a",
        " story",
        " for",
        " another",
        " time",
        ").",
        " In",
        " fact",
        ",",
        " I",
        " had",
        " never",
        " even",
        " been",
        " to"
    ],
    "input-tokens": [
        40,
        550,
        1239,
        587,
        2460,
        351,
        597,
        48014,
        661,
        878,
        13,
        357,
        464,
        36090,
        6386,
        1517,
        3022,
        284,
        502,
        262,
        584,
        1110,
        11,
        475,
        326,
        338,
        257,
        1621,
        329,
        1194,
        640,
        737,
        554,
        1109,
        11,
        314,
        550,
        1239,
        772,
        587,
        284
    ],
    "target-text": " Chile",
    "target-token": 17456,
    "rational-size": 5,
    "rational-positions": [
        0,
        40,
        32,
        31,
        10
    ],
    "rational-text": [
        "I",
        " to",
        " In",
        ").",
        "."
    ],
    "rational-tokens": [
        40,
        284,
        554,
        737,
        13
    ],
    "importance-scores": [
        0.025733739137649536,
        0.024457987397909164,
        0.024449579417705536,
        0.02415255643427372,
        0.024437839165329933,
        0.02441796474158764,
        0.024193571880459785,
        0.024740301072597504,
        0.02462724782526493,
        0.02432256005704403,
        0.025184588506817818,
        0.02441338822245598,
        0.024715257808566093,
        0.024301452562212944,
        0.02407313883304596,
        0.024007389321923256,
        0.0240680780261755,
        0.024130648002028465,
        0.024225570261478424,
        0.024115711450576782,
        0.024124272167682648,
        0.024311551824212074,
        0.02423076517879963,
        0.023946549743413925,
        0.024120377376675606,
        0.02410341240465641,
        0.023983526974916458,
        0.024044359102845192,
        0.024074044078588486,
        0.024059098213911057,
        0.024160489439964294,
        0.025386054068803787,
        0.02540823630988598,
        0.024127066135406494,
        0.024252058938145638,
        0.02486720122396946,
        0.024134021252393723,
        0.024151183664798737,
        0.024107294157147408,
        0.023980529978871346,
        0.025659428909420967
    ],
    "comments": {
        "created-by": "run_analogies.py",
        "args": {
            "model": "gpt2-xl",
            "cache_dir": "cache/",
            "tokenizer": "gpt2-xl",
            "data_dir": "data/analogies/gpt2_xl/",
            "importance_results_dir": "rationalization_results/analogies/gpt2_xl_attention_last",
            "device": "cuda",
            "rationalization_config": "config/eva_attention_last.json",
            "input_num_ratio": 1,
            "logfolder": "logs/analogies/gpt2_xl_attention_last",
            "loglevel": 20
        },
        "time_elapsed": 0.0326693058013916
    }
}