{
    "$schema": "../docs/rationalization.schema.json",
    "id": 149,
    "input-text": [
        "I",
        " had",
        " never",
        " been",
        " friends",
        " with",
        " any",
        " Egyptian",
        " people",
        " before",
        ".",
        " (",
        "The",
        " funn",
        "iest",
        " thing",
        " happened",
        " to",
        " me",
        " the",
        " other",
        " day",
        ",",
        " but",
        " that",
        "'s",
        " a",
        " story",
        " for",
        " another",
        " time",
        ").",
        " In",
        " fact",
        ",",
        " I",
        " had",
        " never",
        " even",
        " been",
        " to"
    ],
    "input-tokens": [
        40,
        550,
        1239,
        587,
        2460,
        351,
        597,
        14075,
        661,
        878,
        13,
        357,
        464,
        36090,
        6386,
        1517,
        3022,
        284,
        502,
        262,
        584,
        1110,
        11,
        475,
        326,
        338,
        257,
        1621,
        329,
        1194,
        640,
        737,
        554,
        1109,
        11,
        314,
        550,
        1239,
        772,
        587,
        284
    ],
    "target-text": " Egypt",
    "target-token": 6365,
    "rational-size": 5,
    "rational-positions": [
        0,
        31,
        10,
        40,
        35
    ],
    "rational-text": [
        "I",
        ").",
        ".",
        " to",
        " I"
    ],
    "rational-tokens": [
        40,
        737,
        13,
        284,
        314
    ],
    "importance-scores": [
        0.025981038808822632,
        0.02456575445830822,
        0.024452844634652138,
        0.024146217852830887,
        0.02437952347099781,
        0.024589108303189278,
        0.024332504719495773,
        0.02455987222492695,
        0.024417733773589134,
        0.024286044761538506,
        0.025287039577960968,
        0.024463558569550514,
        0.02461208403110504,
        0.02429555356502533,
        0.024040117859840393,
        0.024001631885766983,
        0.02409766986966133,
        0.02417142130434513,
        0.0242144837975502,
        0.024138320237398148,
        0.024099379777908325,
        0.02430485561490059,
        0.024249572306871414,
        0.023955268785357475,
        0.02412443794310093,
        0.02408379316329956,
        0.02396356873214245,
        0.024027002975344658,
        0.024113856256008148,
        0.02402256615459919,
        0.024166062474250793,
        0.025724370032548904,
        0.024987826123833656,
        0.02412048727273941,
        0.02426466904580593,
        0.02503656968474388,
        0.024214187636971474,
        0.02416619099676609,
        0.024133063852787018,
        0.02397940494120121,
        0.025230247527360916
    ],
    "comments": {
        "created-by": "run_analogies.py",
        "args": {
            "model": "gpt2-xl",
            "cache_dir": "./cache/",
            "tokenizer": "gpt2-xl",
            "data_dir": "data/analogies/gpt2_xl/",
            "importance_results_dir": "rationalization_results/analogies/gpt2_xl_attention_last",
            "device": "cuda",
            "rationalization_config": "config/eva_attention_last.json",
            "input_num_ratio": 1,
            "logfolder": "logs/analogies/gpt2_xl_attention_last",
            "loglevel": 20
        },
        "time_elapsed": 0.03305792808532715
    }
}