{
    "$schema": "../docs/rationalization.schema.json",
    "id": 162,
    "input-text": [
        "I",
        " had",
        " never",
        " been",
        " friends",
        " with",
        " any",
        " Norwegian",
        " people",
        " before",
        ".",
        " (",
        "The",
        " funn",
        "iest",
        " thing",
        " happened",
        " to",
        " me",
        " the",
        " other",
        " day",
        ",",
        " but",
        " that",
        "'s",
        " a",
        " story",
        " for",
        " another",
        " time",
        ").",
        " In",
        " fact",
        ",",
        " I",
        " had",
        " never",
        " even",
        " been",
        " to"
    ],
    "input-tokens": [
        40,
        550,
        1239,
        587,
        2460,
        351,
        597,
        22158,
        661,
        878,
        13,
        357,
        464,
        36090,
        6386,
        1517,
        3022,
        284,
        502,
        262,
        584,
        1110,
        11,
        475,
        326,
        338,
        257,
        1621,
        329,
        1194,
        640,
        737,
        554,
        1109,
        11,
        314,
        550,
        1239,
        772,
        587,
        284
    ],
    "target-text": " Norway",
    "target-token": 15238,
    "rational-size": 5,
    "rational-positions": [
        0,
        31,
        10,
        32,
        40
    ],
    "rational-text": [
        "I",
        ").",
        ".",
        " In",
        " to"
    ],
    "rational-tokens": [
        40,
        737,
        13,
        554,
        284
    ],
    "importance-scores": [
        0.025584427639842033,
        0.024477897211909294,
        0.024459486827254295,
        0.02408887818455696,
        0.02425183355808258,
        0.024526288732886314,
        0.02430010214447975,
        0.02480977028608322,
        0.024396508932113647,
        0.02435395121574402,
        0.025519289076328278,
        0.02462293766438961,
        0.024792835116386414,
        0.02429850399494171,
        0.02406294271349907,
        0.024018527939915657,
        0.02408108115196228,
        0.02416285127401352,
        0.024246225133538246,
        0.02409898303449154,
        0.024091113358736038,
        0.024332944303750992,
        0.024225475266575813,
        0.023953288793563843,
        0.024100251495838165,
        0.0240806695073843,
        0.023987216874957085,
        0.024018708616495132,
        0.02405223250389099,
        0.02405058778822422,
        0.024194074794650078,
        0.025534046813845634,
        0.02529335208237171,
        0.024163413792848587,
        0.024338264018297195,
        0.024786731228232384,
        0.024153361096978188,
        0.024156123399734497,
        0.024102170020341873,
        0.023968085646629333,
        0.02526453509926796
    ],
    "comments": {
        "created-by": "run_analogies.py",
        "args": {
            "model": "gpt2-xl",
            "cache_dir": "./cache/",
            "tokenizer": "gpt2-xl",
            "data_dir": "data/analogies/gpt2_xl/",
            "importance_results_dir": "rationalization_results/analogies/gpt2_xl_attention_last",
            "device": "cuda",
            "rationalization_config": "config/eva_attention_last.json",
            "input_num_ratio": 1,
            "logfolder": "logs/analogies/gpt2_xl_attention_last",
            "loglevel": 20
        },
        "time_elapsed": 0.03824806213378906
    }
}