{
    "$schema": "../docs/rationalization.schema.json",
    "id": 184,
    "input-text": [
        "I",
        " really",
        " wanted",
        " to",
        " buy",
        " the",
        " monkey",
        ",",
        " more",
        " than",
        " I",
        " ever",
        " wanted",
        " to",
        " buy",
        " anything",
        " before",
        ".",
        " (",
        "I",
        " was",
        " also",
        " behind",
        " on",
        " my",
        " homework",
        ",",
        " but",
        " that",
        "'s",
        " another",
        " story",
        ").",
        " So",
        " I",
        " went",
        " to",
        " the",
        " store",
        " and",
        " asked",
        " if",
        " they",
        " had",
        " any"
    ],
    "input-tokens": [
        40,
        1107,
        2227,
        284,
        2822,
        262,
        21657,
        11,
        517,
        621,
        314,
        1683,
        2227,
        284,
        2822,
        1997,
        878,
        13,
        357,
        40,
        373,
        635,
        2157,
        319,
        616,
        26131,
        11,
        475,
        326,
        338,
        1194,
        1621,
        737,
        1406,
        314,
        1816,
        284,
        262,
        3650,
        290,
        1965,
        611,
        484,
        550,
        597
    ],
    "target-text": " monkeys",
    "target-token": 26697,
    "rational-size": 5,
    "rational-positions": [
        0,
        44,
        5,
        17,
        32
    ],
    "rational-text": [
        "I",
        " any",
        " the",
        ".",
        ")."
    ],
    "rational-tokens": [
        40,
        597,
        262,
        13,
        737
    ],
    "importance-scores": [
        0.02346903644502163,
        0.022189661860466003,
        0.021996134892106056,
        0.022098777815699577,
        0.02274473011493683,
        0.023080233484506607,
        0.022522658109664917,
        0.022270144894719124,
        0.022033222019672394,
        0.021893763914704323,
        0.022035598754882812,
        0.021959660574793816,
        0.021974708884954453,
        0.022020837292075157,
        0.022265950217843056,
        0.02208823151886463,
        0.021923961117863655,
        0.023079900071024895,
        0.02259954996407032,
        0.02227947860956192,
        0.022139839828014374,
        0.022035561501979828,
        0.02197490818798542,
        0.02209455892443657,
        0.02203497849404812,
        0.022006403654813766,
        0.02197142504155636,
        0.021859755739569664,
        0.021935448050498962,
        0.02193167246878147,
        0.02182159200310707,
        0.021981623023748398,
        0.022881697863340378,
        0.021925779059529305,
        0.022413359954953194,
        0.022026803344488144,
        0.02209561876952648,
        0.022419918328523636,
        0.021982528269290924,
        0.021987004205584526,
        0.02190096490085125,
        0.022180994972586632,
        0.02227175049483776,
        0.02246764674782753,
        0.023131942376494408
    ],
    "comments": {
        "created-by": "run_analogies.py",
        "args": {
            "model": "gpt2-xl",
            "cache_dir": "cache/",
            "tokenizer": "gpt2-xl",
            "data_dir": "data/analogies/gpt2_xl/",
            "importance_results_dir": "rationalization_results/analogies/gpt2_xl_attention_last",
            "device": "cuda",
            "rationalization_config": "config/eva_attention_last.json",
            "input_num_ratio": 1,
            "logfolder": "logs/analogies/gpt2_xl_attention_last",
            "loglevel": 20
        },
        "time_elapsed": 0.03300118446350098
    }
}