{
    "$schema": "../docs/rationalization.schema.json",
    "id": 26,
    "input-text": [
        "When",
        " my",
        " flight",
        " landed",
        " in",
        " China",
        ",",
        " I",
        " converted",
        " my",
        " currency",
        " and",
        " slowly",
        " fell",
        " asleep",
        ".",
        " (",
        "I",
        " was",
        " behind",
        " on",
        " a",
        " couple",
        " of",
        " assignments",
        ",",
        " but",
        " I",
        " tried",
        " not",
        " to",
        " think",
        " about",
        " them",
        ").",
        " I",
        " was",
        " staying",
        " in",
        " the",
        " capital",
        ","
    ],
    "input-tokens": [
        2215,
        616,
        5474,
        11406,
        287,
        2807,
        11,
        314,
        11513,
        616,
        7395,
        290,
        6364,
        3214,
        16039,
        13,
        357,
        40,
        373,
        2157,
        319,
        257,
        3155,
        286,
        25815,
        11,
        475,
        314,
        3088,
        407,
        284,
        892,
        546,
        606,
        737,
        314,
        373,
        10589,
        287,
        262,
        3139,
        11
    ],
    "target-text": " Beijing",
    "target-token": 11618,
    "rational-size": 5,
    "rational-positions": [
        41,
        0,
        1,
        38,
        4
    ],
    "rational-text": [
        ",",
        "When",
        " my",
        " in",
        " in"
    ],
    "rational-tokens": [
        11,
        2215,
        616,
        287,
        287
    ],
    "importance-scores": [
        0.025294862687587738,
        0.02456953190267086,
        0.02362441085278988,
        0.02359776571393013,
        0.024363836273550987,
        0.023981206119060516,
        0.02394188567996025,
        0.024217205122113228,
        0.02369360439479351,
        0.023638617247343063,
        0.02344055101275444,
        0.02339223027229309,
        0.023355873301625252,
        0.023475052788853645,
        0.023571182042360306,
        0.02399846725165844,
        0.02416032925248146,
        0.023730935528874397,
        0.02366543933749199,
        0.023567741736769676,
        0.023420285433530807,
        0.02340187504887581,
        0.023324016481637955,
        0.023330984637141228,
        0.02365897223353386,
        0.023575374856591225,
        0.023486871272325516,
        0.02361431159079075,
        0.02341124601662159,
        0.023608187213540077,
        0.023828255012631416,
        0.02344534546136856,
        0.02337532676756382,
        0.02340732328593731,
        0.024082154035568237,
        0.023802008479833603,
        0.02361121028661728,
        0.02369987592101097,
        0.02451992593705654,
        0.024121975526213646,
        0.024227187037467957,
        0.025766592472791672
    ],
    "comments": {
        "created-by": "run_analogies.py",
        "args": {
            "model": "gpt2-xl",
            "cache_dir": "./cache/",
            "tokenizer": "gpt2-xl",
            "data_dir": "data/analogies/gpt2_xl/",
            "importance_results_dir": "rationalization_results/analogies/gpt2_xl_attention_last",
            "device": "cuda",
            "rationalization_config": "config/eva_attention_last.json",
            "input_num_ratio": 1,
            "logfolder": "logs/analogies/gpt2_xl_attention_last",
            "loglevel": 20
        },
        "time_elapsed": 0.032964229583740234
    }
}