{
    "$schema": "../docs/rationalization.schema.json",
    "id": 33,
    "input-text": [
        "When",
        " my",
        " flight",
        " landed",
        " in",
        " Australia",
        ",",
        " I",
        " converted",
        " my",
        " currency",
        " and",
        " slowly",
        " fell",
        " asleep",
        ".",
        " (",
        "I",
        " was",
        " behind",
        " on",
        " a",
        " couple",
        " of",
        " assignments",
        ",",
        " but",
        " I",
        " tried",
        " not",
        " to",
        " think",
        " about",
        " them",
        ").",
        " I",
        " was",
        " staying",
        " in",
        " the",
        " capital",
        ","
    ],
    "input-tokens": [
        2215,
        616,
        5474,
        11406,
        287,
        4505,
        11,
        314,
        11513,
        616,
        7395,
        290,
        6364,
        3214,
        16039,
        13,
        357,
        40,
        373,
        2157,
        319,
        257,
        3155,
        286,
        25815,
        11,
        475,
        314,
        3088,
        407,
        284,
        892,
        546,
        606,
        737,
        314,
        373,
        10589,
        287,
        262,
        3139,
        11
    ],
    "target-text": " Canberra",
    "target-token": 33452,
    "rational-size": 5,
    "rational-positions": [
        0,
        1,
        4,
        41,
        38
    ],
    "rational-text": [
        "When",
        " my",
        " in",
        ",",
        " in"
    ],
    "rational-tokens": [
        2215,
        616,
        287,
        11,
        287
    ],
    "importance-scores": [
        0.025125086307525635,
        0.024894243106245995,
        0.023650603368878365,
        0.023676689714193344,
        0.024818403646349907,
        0.02396192029118538,
        0.024370480328798294,
        0.024315208196640015,
        0.02365439012646675,
        0.023675398901104927,
        0.02336113341152668,
        0.02341317944228649,
        0.023352939635515213,
        0.023481300100684166,
        0.023512892425060272,
        0.02414734475314617,
        0.024140799418091774,
        0.02392761781811714,
        0.02375427447259426,
        0.023490862920880318,
        0.023442106321454048,
        0.023468276485800743,
        0.023328591138124466,
        0.023350980132818222,
        0.02360638976097107,
        0.023685049265623093,
        0.023505378514528275,
        0.02375626564025879,
        0.023465178906917572,
        0.023475144058465958,
        0.023555686697363853,
        0.02348482981324196,
        0.02341664955019951,
        0.023425476625561714,
        0.024133361876010895,
        0.02398371323943138,
        0.02376766875386238,
        0.023622456938028336,
        0.024389704689383507,
        0.023993492126464844,
        0.023867333307862282,
        0.0245515163987875
    ],
    "comments": {
        "created-by": "run_analogies.py",
        "args": {
            "model": "gpt2-xl",
            "cache_dir": "cache/",
            "tokenizer": "gpt2-xl",
            "data_dir": "data/analogies/gpt2_xl/",
            "importance_results_dir": "rationalization_results/analogies/gpt2_xl_attention_last",
            "device": "cuda",
            "rationalization_config": "config/eva_attention_last.json",
            "input_num_ratio": 1,
            "logfolder": "logs/analogies/gpt2_xl_attention_last",
            "loglevel": 20
        },
        "time_elapsed": 0.03267526626586914
    }
}