{
    "$schema": "../docs/rationalization.schema.json",
    "id": 67,
    "input-text": [
        "As",
        " soon",
        " as",
        " I",
        " arrived",
        " in",
        " Pennsylvania",
        ",",
        " I",
        " checked",
        " into",
        " my",
        " hotel",
        " and",
        " watched",
        " a",
        " movie",
        " before",
        " falling",
        " asleep",
        ".",
        " (",
        "I",
        " had",
        " a",
        " great",
        " call",
        " with",
        " my",
        " husband",
        ",",
        " although",
        " I",
        " wish",
        " it",
        " were",
        " longer",
        ").",
        " I",
        " was",
        " staying",
        " in",
        " my",
        " favorite",
        " city",
        ","
    ],
    "input-tokens": [
        1722,
        2582,
        355,
        314,
        5284,
        287,
        9589,
        11,
        314,
        10667,
        656,
        616,
        7541,
        290,
        7342,
        257,
        3807,
        878,
        7463,
        16039,
        13,
        357,
        40,
        550,
        257,
        1049,
        869,
        351,
        616,
        5229,
        11,
        3584,
        314,
        4601,
        340,
        547,
        2392,
        737,
        314,
        373,
        10589,
        287,
        616,
        4004,
        1748,
        11
    ],
    "target-text": " Philadelphia",
    "target-token": 8857,
    "rational-size": 5,
    "rational-positions": [
        0,
        45,
        41,
        20,
        37
    ],
    "rational-text": [
        "As",
        ",",
        " in",
        ".",
        ")."
    ],
    "rational-tokens": [
        1722,
        11,
        287,
        13,
        737
    ],
    "importance-scores": [
        0.022988062351942062,
        0.021471956744790077,
        0.021594224497675896,
        0.02177724987268448,
        0.02153613418340683,
        0.02209353633224964,
        0.02190513163805008,
        0.021869132295250893,
        0.02210492081940174,
        0.021528052166104317,
        0.022071801126003265,
        0.021639369428157806,
        0.021587122231721878,
        0.02158268168568611,
        0.021559765562415123,
        0.021582726389169693,
        0.021485406905412674,
        0.021528257057070732,
        0.021449320018291473,
        0.02145654894411564,
        0.022247647866606712,
        0.021861743181943893,
        0.021804742515087128,
        0.021553531289100647,
        0.021469878032803535,
        0.021404527127742767,
        0.021484652534127235,
        0.021960599347949028,
        0.02160494215786457,
        0.02150290459394455,
        0.02156386710703373,
        0.021491577848792076,
        0.021712444722652435,
        0.021388819441199303,
        0.0214100144803524,
        0.021373460069298744,
        0.021412761881947517,
        0.022189786657691002,
        0.022064100950956345,
        0.021709714084863663,
        0.021554280072450638,
        0.022486191242933273,
        0.021646255627274513,
        0.021897196769714355,
        0.02172314189374447,
        0.022669756785035133
    ],
    "comments": {
        "created-by": "run_analogies.py",
        "args": {
            "model": "gpt2-xl",
            "cache_dir": "cache/",
            "tokenizer": "gpt2-xl",
            "data_dir": "data/analogies/gpt2_xl/",
            "importance_results_dir": "rationalization_results/analogies/gpt2_xl_attention_last",
            "device": "cuda",
            "rationalization_config": "config/eva_attention_last.json",
            "input_num_ratio": 1,
            "logfolder": "logs/analogies/gpt2_xl_attention_last",
            "loglevel": 20
        },
        "time_elapsed": 0.03325462341308594
    }
}