{
    "$schema": "../docs/rationalization.schema.json",
    "id": 75,
    "input-text": [
        "As",
        " soon",
        " as",
        " I",
        " arrived",
        " in",
        " Florida",
        ",",
        " I",
        " checked",
        " into",
        " my",
        " hotel",
        " and",
        " watched",
        " a",
        " movie",
        " before",
        " falling",
        " asleep",
        ".",
        " (",
        "I",
        " had",
        " a",
        " great",
        " call",
        " with",
        " my",
        " husband",
        ",",
        " although",
        " I",
        " wish",
        " it",
        " were",
        " longer",
        ").",
        " I",
        " was",
        " staying",
        " in",
        " my",
        " favorite",
        " city",
        ","
    ],
    "input-tokens": [
        1722,
        2582,
        355,
        314,
        5284,
        287,
        4744,
        11,
        314,
        10667,
        656,
        616,
        7541,
        290,
        7342,
        257,
        3807,
        878,
        7463,
        16039,
        13,
        357,
        40,
        550,
        257,
        1049,
        869,
        351,
        616,
        5229,
        11,
        3584,
        314,
        4601,
        340,
        547,
        2392,
        737,
        314,
        373,
        10589,
        287,
        616,
        4004,
        1748,
        11
    ],
    "target-text": " Miami",
    "target-token": 8437,
    "rational-size": 5,
    "rational-positions": [
        45,
        0,
        20,
        37,
        41
    ],
    "rational-text": [
        ",",
        "As",
        ".",
        ").",
        " in"
    ],
    "rational-tokens": [
        11,
        1722,
        13,
        737,
        287
    ],
    "importance-scores": [
        0.02296157367527485,
        0.02150743640959263,
        0.021616725251078606,
        0.021632399410009384,
        0.021585600450634956,
        0.022105110809206963,
        0.021823592483997345,
        0.02181224338710308,
        0.02183305285871029,
        0.021570924669504166,
        0.022077549248933792,
        0.021657248958945274,
        0.0215656366199255,
        0.021524418145418167,
        0.021496083587408066,
        0.021512238308787346,
        0.021469445899128914,
        0.02146998979151249,
        0.021402232348918915,
        0.021428626030683517,
        0.02257329784333706,
        0.021783679723739624,
        0.02176961489021778,
        0.021536190062761307,
        0.021485572680830956,
        0.021399402990937233,
        0.0214551854878664,
        0.021903688088059425,
        0.021660812199115753,
        0.02150603011250496,
        0.021467607468366623,
        0.021450567990541458,
        0.02160906046628952,
        0.021377600729465485,
        0.021415507420897484,
        0.021362297236919403,
        0.02141542173922062,
        0.022463936358690262,
        0.021920498460531235,
        0.02156837098300457,
        0.021559404209256172,
        0.022398576140403748,
        0.02174251340329647,
        0.02206389792263508,
        0.021807454526424408,
        0.02325166016817093
    ],
    "comments": {
        "created-by": "run_analogies.py",
        "args": {
            "model": "gpt2-xl",
            "cache_dir": "cache/",
            "tokenizer": "gpt2-xl",
            "data_dir": "data/analogies/gpt2_xl/",
            "importance_results_dir": "rationalization_results/analogies/gpt2_xl_attention_last",
            "device": "cuda",
            "rationalization_config": "config/eva_attention_last.json",
            "input_num_ratio": 1,
            "logfolder": "logs/analogies/gpt2_xl_attention_last",
            "loglevel": 20
        },
        "time_elapsed": 0.0327906608581543
    }
}