{
    "$schema": "../docs/rationalization.schema.json",
    "id": 83,
    "input-text": [
        "I",
        " initially",
        " invited",
        " my",
        " king",
        ",",
        " who",
        " gladly",
        " accepted",
        " my",
        " invitation",
        ".",
        " (",
        "My",
        " favorite",
        " song",
        " just",
        " came",
        " on",
        ",",
        " so",
        " I",
        " was",
        " able",
        " to",
        " relax",
        ").",
        " When",
        " I",
        " learned",
        " that",
        " women",
        " were",
        " allowed",
        ",",
        " I",
        " went",
        " ahead",
        " and",
        " also",
        " invited",
        " my"
    ],
    "input-tokens": [
        40,
        7317,
        9392,
        616,
        5822,
        11,
        508,
        35092,
        6292,
        616,
        17023,
        13,
        357,
        3666,
        4004,
        3496,
        655,
        1625,
        319,
        11,
        523,
        314,
        373,
        1498,
        284,
        8960,
        737,
        1649,
        314,
        4499,
        326,
        1466,
        547,
        3142,
        11,
        314,
        1816,
        4058,
        290,
        635,
        9392,
        616
    ],
    "target-text": " queen",
    "target-token": 16599,
    "rational-size": 5,
    "rational-positions": [
        0,
        11,
        3,
        26,
        41
    ],
    "rational-text": [
        "I",
        ".",
        " my",
        ").",
        " my"
    ],
    "rational-tokens": [
        40,
        13,
        616,
        737,
        616
    ],
    "importance-scores": [
        0.024982502683997154,
        0.023952987045049667,
        0.024289745837450027,
        0.024744616821408272,
        0.024128982797265053,
        0.02402578666806221,
        0.023869533091783524,
        0.023594176396727562,
        0.023507582023739815,
        0.023619087412953377,
        0.023761959746479988,
        0.024915285408496857,
        0.024250540882349014,
        0.024025458842515945,
        0.02361985482275486,
        0.023518018424510956,
        0.023525968194007874,
        0.0235134344547987,
        0.023368757218122482,
        0.02354457415640354,
        0.023411408066749573,
        0.02379482612013817,
        0.023433107882738113,
        0.023418650031089783,
        0.023409655317664146,
        0.023440953344106674,
        0.024645846337080002,
        0.023642778396606445,
        0.024005712941288948,
        0.023547038435935974,
        0.02387114241719246,
        0.023846641182899475,
        0.02351050265133381,
        0.02344079688191414,
        0.023529591038823128,
        0.023757122457027435,
        0.02357841096818447,
        0.023408636450767517,
        0.02353110909461975,
        0.023546570912003517,
        0.0238397978246212,
        0.024630742147564888
    ],
    "comments": {
        "created-by": "run_analogies.py",
        "args": {
            "model": "gpt2-xl",
            "cache_dir": "./cache/",
            "tokenizer": "gpt2-xl",
            "data_dir": "data/analogies/gpt2_xl/",
            "importance_results_dir": "rationalization_results/analogies/gpt2_xl_attention_last",
            "device": "cuda",
            "rationalization_config": "config/eva_attention_last.json",
            "input_num_ratio": 1,
            "logfolder": "logs/analogies/gpt2_xl_attention_last",
            "loglevel": 20
        },
        "time_elapsed": 0.03290605545043945
    }
}