{
    "$schema": "../docs/rationalization.schema.json",
    "id": 41,
    "input-text": [
        "I",
        " had",
        " never",
        " been",
        " friends",
        " with",
        " any",
        " Per",
        "uvian",
        " people",
        " before",
        ".",
        " (",
        "The",
        " funn",
        "iest",
        " thing",
        " happened",
        " to",
        " me",
        " the",
        " other",
        " day",
        ",",
        " but",
        " that",
        "'s",
        " a",
        " story",
        " for",
        " another",
        " time",
        ").",
        " In",
        " fact",
        ",",
        " I",
        " had",
        " never",
        " even",
        " been",
        " to"
    ],
    "input-tokens": [
        40,
        550,
        1239,
        587,
        2460,
        351,
        597,
        2448,
        50013,
        661,
        878,
        13,
        357,
        464,
        36090,
        6386,
        1517,
        3022,
        284,
        502,
        262,
        584,
        1110,
        11,
        475,
        326,
        338,
        257,
        1621,
        329,
        1194,
        640,
        737,
        554,
        1109,
        11,
        314,
        550,
        1239,
        772,
        587,
        284
    ],
    "target-text": " Peru",
    "target-token": 25768,
    "rational-size": 5,
    "rational-positions": [
        4,
        8,
        40,
        34,
        0
    ],
    "rational-text": [
        " friends",
        "uvian",
        " been",
        " fact",
        "I"
    ],
    "rational-tokens": [
        2460,
        50013,
        587,
        1109,
        40
    ],
    "importance-scores": [
        0.043957680463790894,
        0.03251407667994499,
        0.029713546857237816,
        0.02493368834257126,
        0.07302723824977875,
        0.01761217601597309,
        0.02716342732310295,
        0.0321914367377758,
        0.06632150709629059,
        0.025666160508990288,
        0.0120849609375,
        0.028012534603476524,
        0.01489316113293171,
        0.009528347291052341,
        0.020497988909482956,
        0.02931223064661026,
        0.006888675037771463,
        0.02501952461898327,
        0.006448805797845125,
        0.007129970006644726,
        0.006791833788156509,
        0.014775496907532215,
        0.009920354932546616,
        0.0058596753515303135,
        0.014338947832584381,
        0.007923413999378681,
        0.011094186455011368,
        0.007106068544089794,
        0.009754501283168793,
        0.011977950111031532,
        0.02651005983352661,
        0.04287539795041084,
        0.031119834631681442,
        0.02416587807238102,
        0.044162455946207047,
        0.015504557639360428,
        0.011621120385825634,
        0.013019831851124763,
        0.025335002690553665,
        0.042744144797325134,
        0.05726439133286476,
        0.03321774676442146
    ],
    "comments": {
        "created-by": "run_analogies.py",
        "args": {
            "model": "EleutherAI/gpt-j-6b",
            "cache_dir": "./cache/",
            "tokenizer": "EleutherAI/gpt-j-6b",
            "data_dir": "data/analogies/gpt6b/",
            "importance_results_dir": "rationalization_results/analogies/gpt6b_gradient_shap",
            "device": "cuda",
            "rationalization_config": "config/eva_gradient_shap.json",
            "input_num_ratio": 1,
            "logfolder": "logs/analogies/gpt6b_gradient_shap",
            "loglevel": 20
        },
        "time_elapsed": 0.4769287109375
    }
}