target_pos,target_token,norm_suff,random_suff,norm_comp,random_comp
21, east,0.0,0.0,0.011863834224641323,0.003937672358006239
23, Hawaii,0.0,0.0,0.033437855541706085,0.022237654775381088
25, The,0.0,0.0,0.009873325936496258,0.008500221185386181
27, is,0.0011853526812046766,0.007774916011840105,0.005827195011079311,0.0046775671653449535
29,ordered,0.00025301644927822053,0.0003825665917247534,0.00011592935334192589,0.0003055885899811983
