norm_suff_mean,random_suff_mean,norm_comp_mean,random_comp_mean,final suff,final comp,target_tokens
0.0002876738435588777,0.001631496474146843,0.012223628349602222,0.007931740954518318,0.17632514238357544,27.571992874145508, east$ Hawaii$ The$ is$ordered
