target_pos,target_token,norm_suff,random_suff,norm_comp,random_comp
27, The,0.0,0.006587180308997631,0.007158731576055288,0.006471181288361549
29,eng,0.00052205118117854,0.0,0.0023840104695409536,0.0038387731183320284
31, period,0.012062067165970802,0.022747481241822243,0.01142839714884758,0.025693975389003754
33, marked,0.01087869331240654,0.009754936210811138,0.008274818770587444,0.007381079252809286
35, the,0.011409834958612919,0.007415572181344032,0.005796338431537151,0.005881487391889095
