norm_suff_mean,random_suff_mean,norm_comp_mean,random_comp_mean,final suff,final comp,target_tokens
0.006974529474973679,0.009301033802330494,0.00700845941901207,0.009853298775851727,0.7498660683631897,1.4127546548843384, The$eng$ period$ marked$ the
