target_pos,target_token,norm_suff,random_suff,norm_comp,random_comp
17, in,0.0,0.0,0.038047004491090775,0.010991315357387066
19, upper,0.0,0.0,0.02768121100962162,0.01336288545280695
21,.,0.0,0.0,0.02643897570669651,0.00551299424842
23, was,0.0,0.0,0.016448363661766052,0.007802458480000496
25, in,0.0,0.0,0.012737366370856762,0.013020310550928116
