target_pos,target_token,norm_suff,random_suff,norm_comp,random_comp
12, They,0.0,0.004590264521539211,0.03267405554652214,0.013973395340144634
14, used,0.010336680337786674,0.006632122211158276,0.026354996487498283,0.027375632897019386
16, many,0.004243054892867804,0.005437000654637814,0.01684916391968727,0.017184879630804062
18,",",0.12348867207765579,0.0,0.01612437330186367,0.01134062185883522
20, cooking,0.0,0.0,0.02673250436782837,0.037137266248464584
