norm_suff_mean,random_suff_mean,norm_comp_mean,random_comp_mean,final suff,final comp,target_tokens
0.0276136826723814,0.003331877291202545,0.023747017607092857,0.021402359008789062,8.287725448608398,0.7750635743141174," They$ used$ many$,$ cooking"
