target_pos,target_token,norm_suff,random_suff,norm_comp,random_comp
20, until,0.0,0.0,0.021729601547122,0.015278846025466919
22, French,0.0,0.0,0.01883174292743206,0.007390945218503475
24, in,0.0,0.0,0.021970544010400772,0.01345103234052658
26,89,0.0,0.0,0.011897167190909386,0.007502594962716103
28, The,0.0,0.018801115453243256,0.008190460503101349,0.008126171305775642
