{
    "$schema": "../docs/rationalization.schema.json",
    "id": 101,
    "input-text": [
        "I",
        " thought",
        " it",
        " would",
        " be",
        " the",
        " easiest",
        " thing",
        " I",
        "'d",
        " ever",
        " encounter",
        ".",
        " (",
        "I",
        " tried",
        " to",
        " ignore",
        " my",
        " phone",
        " vibr",
        "ating",
        " in",
        " my",
        " pocket",
        ").",
        " But",
        " when",
        " I",
        " did",
        " end",
        " up",
        " encountering",
        " it",
        ",",
        " it",
        " turned",
        " out",
        " it",
        " wasn",
        "'t",
        " so"
    ],
    "input-tokens": [
        40,
        1807,
        340,
        561,
        307,
        262,
        16638,
        1517,
        314,
        1549,
        1683,
        8791,
        13,
        357,
        40,
        3088,
        284,
        8856,
        616,
        3072,
        12611,
        803,
        287,
        616,
        10000,
        737,
        887,
        618,
        314,
        750,
        886,
        510,
        42398,
        340,
        11,
        340,
        2900,
        503,
        340,
        2492,
        470,
        523
    ],
    "target-text": " easy",
    "target-token": 2562,
    "rational-size": 2,
    "rational-positions": [
        6,
        41
    ],
    "rational-text": [
        " easiest",
        " so"
    ],
    "rational-tokens": [
        16638,
        523
    ],
    "importance-scores": [
        0.0,
        8.645540688600108e-36,
        0.0,
        0.0,
        6.116693332232076e-18,
        1.246779972389433e-17,
        1.2781896580656843e-15,
        0.0,
        2.4056090737064135e-41,
        4.483921377055032e-25,
        0.0,
        2.2261097569724152e-20,
        0.0,
        0.0,
        8.821863522236138e-32,
        0.0,
        0.0,
        0.0,
        3.675802053709001e-40,
        0.0,
        0.0,
        4.007713607968977e-43,
        0.0,
        9.03437585619672e-32,
        2.6764800668604006e-43,
        0.0,
        0.9996981620788574,
        1.5806646677583937e-42,
        6.409736940555315e-22,
        7.169228632045274e-16,
        0.0,
        0.0,
        1.401298464324817e-45,
        3.6433760072445244e-44,
        7.472002290353023e-34,
        5.044674471569341e-44,
        6.127987508193418e-36,
        1.7374659105796654e-17,
        1.54931399893259e-15,
        1.2534817671403123e-37,
        3.865145785532591e-25,
        0.00030191231053322554
    ],
    "comments": {
        "created-by": "run_analogies.py",
        "args": {
            "model": "gpt2-medium",
            "cache_dir": "cache/",
            "tokenizer": "gpt2-medium",
            "data_dir": "data/analogies/gpt2/",
            "importance_results_dir": "rationalization_results/analogies/gpt2_ours",
            "device": "cuda",
            "rationalization_config": "config/aggregation.replacing_delta_prob.postag.json",
            "input_num_ratio": 1.0,
            "logfile": "logs/analogies/gpt2_ours_extracting.log",
            "loglevel": 20
        },
        "time_elapsed": 24.336700201034546,
        "separate_rational": [
            [
                " But",
                " so",
                " it",
                " easiest",
                " did"
            ],
            [
                " easiest",
                " encounter",
                " turned",
                " But",
                " I"
            ],
            [
                " so",
                " ignore",
                " I",
                "'t",
                " easiest"
            ],
            [
                " did",
                " in",
                " so",
                " ignore",
                "'t"
            ],
            [
                " so",
                " out",
                " pocket",
                " in",
                " wasn"
            ]
        ]
    }
}