{
    "$schema": "../docs/rationalization.schema.json",
    "id": 114,
    "input-text": [
        "I",
        " thought",
        " it",
        " would",
        " be",
        " the",
        " widest",
        " thing",
        " I",
        "'d",
        " ever",
        " encounter",
        ".",
        " (",
        "I",
        " tried",
        " to",
        " ignore",
        " my",
        " phone",
        " vibr",
        "ating",
        " in",
        " my",
        " pocket",
        ").",
        " But",
        " when",
        " I",
        " did",
        " end",
        " up",
        " encountering",
        " it",
        ",",
        " it",
        " turned",
        " out",
        " it",
        " wasn",
        "'t",
        " so"
    ],
    "input-tokens": [
        40,
        1807,
        340,
        561,
        307,
        262,
        46232,
        1517,
        314,
        1549,
        1683,
        8791,
        13,
        357,
        40,
        3088,
        284,
        8856,
        616,
        3072,
        12611,
        803,
        287,
        616,
        10000,
        737,
        887,
        618,
        314,
        750,
        886,
        510,
        42398,
        340,
        11,
        340,
        2900,
        503,
        340,
        2492,
        470,
        523
    ],
    "target-text": " wide",
    "target-token": 3094,
    "rational-size": 2,
    "rational-positions": [
        6,
        41
    ],
    "rational-text": [
        " widest",
        " so"
    ],
    "rational-tokens": [
        46232,
        523
    ],
    "importance-scores": [
        9.370527353405876e-21,
        4.2824595632760453e-19,
        1.0411965456979397e-32,
        3.7787476760403327e-29,
        1.7677088024153735e-14,
        1.995198487299763e-22,
        7.665614248253405e-06,
        3.3861578255295104e-24,
        0.9999816417694092,
        2.480146613638914e-31,
        6.1623987702869856e-24,
        8.63374813062016e-22,
        2.555440002914978e-17,
        2.271471586477838e-22,
        8.435263961595431e-21,
        8.63834307282975e-26,
        2.845508301712766e-32,
        8.522294943857055e-15,
        2.508836415593169e-16,
        3.529422095857078e-18,
        2.14695100219414e-18,
        1.7838523355944574e-13,
        9.4419483342989e-10,
        1.0671108611859381e-05,
        2.8024324346716126e-15,
        1.3824398474116071e-14,
        1.5126134469977588e-21,
        4.556727815188208e-25,
        2.048601089113533e-13,
        5.893770866992722e-15,
        1.3715860254590056e-16,
        5.2574845929943846e-24,
        5.920753470833873e-12,
        1.1844103231292067e-27,
        3.8063622476578927e-16,
        8.122874117005207e-25,
        2.6041841493276212e-23,
        5.583093963964956e-29,
        4.709656114173036e-22,
        3.524703099730761e-24,
        8.94416041017823e-26,
        1.7172390284970287e-17
    ],
    "comments": {
        "created-by": "run_analogies.py",
        "args": {
            "model": "gpt2-medium",
            "cache_dir": "cache/",
            "tokenizer": "gpt2-medium",
            "data_dir": "data/analogies/gpt2/",
            "importance_results_dir": "rationalization_results/analogies/gpt2_ours",
            "device": "cuda",
            "rationalization_config": "config/aggregation.replacing_delta_prob.postag.json",
            "input_num_ratio": 1.0,
            "logfile": "logs/analogies/gpt2_ours_extracting.log",
            "loglevel": 20
        },
        "time_elapsed": 162.250670671463,
        "separate_rational": [
            [
                " I",
                " my",
                " widest",
                " in",
                " encountering"
            ],
            [
                "I",
                " I",
                " widest",
                " (",
                " tried"
            ],
            [
                " phone",
                " so",
                " to",
                " encounter",
                " it"
            ],
            [
                " up",
                " it",
                " be",
                " so",
                " widest"
            ],
            [
                " so",
                " widest",
                " turned",
                "'d",
                " when"
            ]
        ]
    }
}