{
    "$schema": "../docs/rationalization.schema.json",
    "id": 150,
    "input-text": [
        "I",
        " really",
        " wanted",
        " to",
        " buy",
        " the",
        " cat",
        ",",
        " more",
        " than",
        " I",
        " ever",
        " wanted",
        " to",
        " buy",
        " anything",
        " before",
        ".",
        " (",
        "I",
        " was",
        " also",
        " behind",
        " on",
        " my",
        " homework",
        ",",
        " but",
        " that",
        "'s",
        " another",
        " story",
        ").",
        " So",
        " I",
        " went",
        " to",
        " the",
        " store",
        " and",
        " asked",
        " if",
        " they",
        " had",
        " any"
    ],
    "input-tokens": [
        40,
        1107,
        2227,
        284,
        2822,
        262,
        3797,
        11,
        517,
        621,
        314,
        1683,
        2227,
        284,
        2822,
        1997,
        878,
        13,
        357,
        40,
        373,
        635,
        2157,
        319,
        616,
        26131,
        11,
        475,
        326,
        338,
        1194,
        1621,
        737,
        1406,
        314,
        1816,
        284,
        262,
        3650,
        290,
        1965,
        611,
        484,
        550,
        597
    ],
    "target-text": " cats",
    "target-token": 11875,
    "rational-size": 1,
    "rational-positions": [
        6
    ],
    "rational-text": [
        " cat"
    ],
    "rational-tokens": [
        3797
    ],
    "importance-scores": [
        1.4323674191185631e-10,
        2.1093889135403998e-10,
        0.0012228292180225253,
        4.063089420469623e-08,
        0.017448073253035545,
        2.0991117708035745e-05,
        0.0416315421462059,
        0.00018159864703193307,
        1.4064505649002967e-07,
        1.1034629876505164e-09,
        3.274138293818396e-08,
        0.3277148902416229,
        5.292760008046571e-09,
        1.247402224180405e-06,
        7.654669675893899e-10,
        6.0410034166125115e-06,
        1.512503047251812e-07,
        4.4352937322855723e-08,
        0.0001668656332185492,
        0.00840870849788189,
        2.1745768208347727e-06,
        8.96827577478998e-12,
        1.802771798509184e-08,
        1.16280498332344e-05,
        3.321385833032764e-09,
        3.370518015799462e-06,
        1.3105534019119958e-11,
        1.3253629731480032e-06,
        2.3991442503756844e-06,
        1.3407352525973693e-06,
        1.6455819604743738e-06,
        2.6055565172100614e-07,
        2.993823727592826e-06,
        2.4099048459902406e-05,
        0.0014234340051189065,
        2.0095662023322802e-07,
        4.2642767539291526e-07,
        4.088653042799706e-07,
        4.383339273772435e-07,
        7.452565478160977e-05,
        8.376331970794126e-05,
        5.662455350829987e-06,
        4.907721518065955e-07,
        3.728214181819567e-09,
        0.6015562415122986
    ],
    "comments": {
        "created-by": "run_analogies.py",
        "args": {
            "model": "gpt2-medium",
            "cache_dir": "cache/",
            "tokenizer": "gpt2-medium",
            "data_dir": "data/analogies/gpt2/",
            "importance_results_dir": "rationalization_results/analogies/gpt2_ours",
            "device": "cuda",
            "rationalization_config": "config/aggregation.replacing_delta_prob.postag.json",
            "input_num_ratio": 1.0,
            "logfile": "logs/analogies/gpt2_ours_extracting.log",
            "loglevel": 20
        },
        "time_elapsed": 30.731464385986328,
        "separate_rational": [
            [
                " any",
                " ever",
                " cat",
                " buy",
                "I"
            ],
            [
                " behind",
                " cat",
                " was",
                " ever",
                " the"
            ],
            [
                " really",
                "I",
                " cat",
                " asked",
                " wanted"
            ],
            [
                "I",
                " cat",
                " another",
                "'s",
                " So"
            ],
            [
                " store",
                " asked",
                " on",
                " cat",
                " and"
            ]
        ]
    }
}