{
    "$schema": "../docs/rationalization.schema.json",
    "id": 29,
    "input-text": [
        "When",
        " my",
        " flight",
        " landed",
        " in",
        " Egypt",
        ",",
        " I",
        " converted",
        " my",
        " currency",
        " and",
        " slowly",
        " fell",
        " asleep",
        ".",
        " (",
        "I",
        " was",
        " behind",
        " on",
        " a",
        " couple",
        " of",
        " assignments",
        ",",
        " but",
        " I",
        " tried",
        " not",
        " to",
        " think",
        " about",
        " them",
        ").",
        " I",
        " was",
        " staying",
        " in",
        " the",
        " capital",
        ","
    ],
    "input-tokens": [
        2215,
        616,
        5474,
        11406,
        287,
        6365,
        11,
        314,
        11513,
        616,
        7395,
        290,
        6364,
        3214,
        16039,
        13,
        357,
        40,
        373,
        2157,
        319,
        257,
        3155,
        286,
        25815,
        11,
        475,
        314,
        3088,
        407,
        284,
        892,
        546,
        606,
        737,
        314,
        373,
        10589,
        287,
        262,
        3139,
        11
    ],
    "target-text": " Cairo",
    "target-token": 23732,
    "rational-size": 2,
    "rational-positions": [
        5,
        40
    ],
    "rational-text": [
        " Egypt",
        " capital"
    ],
    "rational-tokens": [
        6365,
        3139
    ],
    "importance-scores": [
        3.675380513765836e-16,
        2.483661260392379e-25,
        5.593345771873917e-25,
        5.9917977387716265e-24,
        6.951664244247979e-10,
        2.9406468926573837e-10,
        6.761453036394128e-23,
        2.388300245710387e-21,
        5.383012380586711e-39,
        1.8525751246654148e-28,
        1.0557713954642584e-27,
        2.6980199113101296e-22,
        1.7360286498533486e-22,
        2.9136181065501436e-37,
        1.4375430491045785e-39,
        7.733925754647922e-26,
        3.932545341380407e-17,
        4.890129684758603e-28,
        1.401298464324817e-45,
        2.54882177676041e-41,
        2.2937055900451586e-14,
        0.9886347055435181,
        2.4737407490008837e-19,
        4.6411465964996616e-20,
        6.1855663912562405e-37,
        3.592436918485346e-21,
        8.729954997043797e-18,
        8.650280605747643e-14,
        7.631074028468471e-38,
        0.011365309357643127,
        1.3335587268482625e-31,
        0.0,
        1.7028722264726215e-23,
        8.661518312461799e-19,
        4.486259547115036e-18,
        5.398044223517117e-24,
        2.2099334439326012e-17,
        4.421279226465335e-31,
        7.956320886159931e-35,
        2.3183930210409513e-26,
        1.098022396510047e-25,
        1.737077186098084e-20
    ],
    "comments": {
        "created-by": "run_analogies.py",
        "args": {
            "model": "gpt2-medium",
            "cache_dir": "cache/",
            "tokenizer": "gpt2-medium",
            "data_dir": "data/analogies/gpt2/",
            "importance_results_dir": "rationalization_results/analogies/gpt2_ours",
            "device": "cuda",
            "rationalization_config": "config/aggregation.replacing_delta_prob.postag.json",
            "input_num_ratio": 1.0,
            "logfile": "logs/analogies/gpt2_ours_extracting.log",
            "loglevel": 20
        },
        "time_elapsed": 125.3957679271698,
        "separate_rational": [
            [
                " a",
                " not",
                " in",
                " Egypt",
                " I"
            ],
            [
                " think",
                " staying",
                " was",
                " Egypt",
                " capital"
            ],
            [
                " capital",
                " currency",
                " the",
                " my",
                " Egypt"
            ],
            [
                " Egypt",
                " asleep",
                " currency",
                " the",
                " capital"
            ],
            [
                " capital",
                " to",
                " I",
                " and",
                " Egypt"
            ]
        ]
    }
}