{
    "$schema": "../docs/rationalization.schema.json",
    "id": 71,
    "input-text": [
        "As",
        " soon",
        " as",
        " I",
        " arrived",
        " in",
        " Hawaii",
        ",",
        " I",
        " checked",
        " into",
        " my",
        " hotel",
        " and",
        " watched",
        " a",
        " movie",
        " before",
        " falling",
        " asleep",
        ".",
        " (",
        "I",
        " had",
        " a",
        " great",
        " call",
        " with",
        " my",
        " husband",
        ",",
        " although",
        " I",
        " wish",
        " it",
        " were",
        " longer",
        ").",
        " I",
        " was",
        " staying",
        " in",
        " my",
        " favorite",
        " city",
        ","
    ],
    "input-tokens": [
        1722,
        2582,
        355,
        314,
        5284,
        287,
        13708,
        11,
        314,
        10667,
        656,
        616,
        7541,
        290,
        7342,
        257,
        3807,
        878,
        7463,
        16039,
        13,
        357,
        40,
        550,
        257,
        1049,
        869,
        351,
        616,
        5229,
        11,
        3584,
        314,
        4601,
        340,
        547,
        2392,
        737,
        314,
        373,
        10589,
        287,
        616,
        4004,
        1748,
        11
    ],
    "target-text": " Honolulu",
    "target-token": 43296,
    "rational-size": 3,
    "rational-positions": [
        6,
        43,
        44
    ],
    "rational-text": [
        " Hawaii",
        " favorite",
        " city"
    ],
    "rational-tokens": [
        13708,
        4004,
        1748
    ],
    "importance-scores": [
        2.6775820063422027e-25,
        2.101181533397648e-21,
        3.02364291020721e-24,
        1.738186231487639e-33,
        2.7549165060713473e-25,
        3.625312904969711e-21,
        0.9871878623962402,
        3.7943847726476594e-36,
        2.784262994562184e-27,
        3.5649534597273575e-38,
        3.5918702670753515e-24,
        9.000248962881316e-24,
        1.3286952680951428e-15,
        4.1564793315564825e-33,
        3.781084931627252e-17,
        7.031444152194002e-23,
        1.2548860115202076e-17,
        1.4431885320525606e-29,
        2.1264389731205776e-26,
        7.894868170454981e-25,
        6.5446547325472156e-24,
        4.487165309885782e-19,
        0.01280217431485653,
        5.030757389182661e-19,
        1.1584403460508833e-22,
        7.871292569264385e-25,
        2.1978206080890686e-16,
        3.8985528753778346e-31,
        0.0,
        1.0070035234982985e-16,
        8.91114422835941e-33,
        2.005598155659255e-34,
        7.214048570129294e-24,
        2.5609180892396716e-18,
        2.1922607632326302e-16,
        3.5527186170092775e-32,
        9.0223973900867e-29,
        4.581082293263193e-26,
        1.8343163227879623e-32,
        1.0312534159950815e-09,
        3.674020664023257e-24,
        1.8869450616513286e-22,
        2.5734329597848493e-11,
        8.920640226506293e-09,
        1.0032095815404318e-05,
        7.746730909747104e-14
    ],
    "comments": {
        "created-by": "run_analogies.py",
        "args": {
            "model": "gpt2-medium",
            "cache_dir": "cache/",
            "tokenizer": "gpt2-medium",
            "data_dir": "data/analogies/gpt2/",
            "importance_results_dir": "rationalization_results/analogies/gpt2_ours",
            "device": "cuda",
            "rationalization_config": "config/aggregation.replacing_delta_prob.postag.json",
            "input_num_ratio": 1.0,
            "logfile": "logs/analogies/gpt2_ours_extracting.log",
            "loglevel": 20
        },
        "time_elapsed": 279.37889766693115,
        "separate_rational": [
            [
                " Hawaii",
                "I",
                " city",
                " favorite",
                " was"
            ],
            [
                " in",
                " favorite",
                " was",
                " it",
                " Hawaii"
            ],
            [
                " and",
                " as",
                " Hawaii",
                " city",
                " favorite"
            ],
            [
                " I",
                " in",
                " favorite",
                " city",
                " Hawaii"
            ],
            [
                " it",
                " favorite",
                " city",
                " arrived",
                " Hawaii"
            ]
        ]
    }
}