{
    "$schema": "../docs/rationalization.schema.json",
    "id": 93,
    "input-text": [
        "I",
        " knew",
        " it",
        " was",
        " small",
        ",",
        " but",
        " that",
        "'s",
        " before",
        " I",
        " saw",
        " it",
        " in",
        " person",
        ".",
        " (",
        "Just",
        " then",
        " I",
        " thought",
        " about",
        " my",
        " ex",
        "-",
        "wife",
        ",",
        " but",
        " I",
        " had",
        " to",
        " stop",
        " thinking",
        " about",
        " her",
        ").",
        " When",
        " I",
        " did",
        " end",
        " up",
        " seeing",
        " it",
        " in",
        " person",
        ",",
        " it",
        " was",
        " even"
    ],
    "input-tokens": [
        40,
        2993,
        340,
        373,
        1402,
        11,
        475,
        326,
        338,
        878,
        314,
        2497,
        340,
        287,
        1048,
        13,
        357,
        5703,
        788,
        314,
        1807,
        546,
        616,
        409,
        12,
        22095,
        11,
        475,
        314,
        550,
        284,
        2245,
        3612,
        546,
        607,
        737,
        1649,
        314,
        750,
        886,
        510,
        4379,
        340,
        287,
        1048,
        11,
        340,
        373,
        772
    ],
    "target-text": " smaller",
    "target-token": 4833,
    "rational-size": 4,
    "rational-positions": [
        3,
        4,
        47,
        48
    ],
    "rational-text": [
        " was",
        " small",
        " was",
        " even"
    ],
    "rational-tokens": [
        373,
        1402,
        373,
        772
    ],
    "importance-scores": [
        2.0178697886277366e-43,
        1.556282626670796e-18,
        2.1437251136104688e-16,
        2.628636105122732e-35,
        0.9999188184738159,
        9.213122618590232e-39,
        2.1108599547203314e-40,
        3.5032461608120427e-44,
        9.506408781979559e-42,
        6.2889466867297705e-30,
        4.203895392974451e-44,
        2.762906550946098e-39,
        1.1826959038901456e-42,
        3.085979028383969e-36,
        2.788473407801478e-19,
        0.0,
        6.329443454530853e-33,
        1.5083339207631455e-23,
        0.0,
        4.346073529703663e-35,
        0.0,
        0.0,
        0.0,
        3.253815034162225e-42,
        0.0,
        5.340544046386722e-35,
        1.6044867416519155e-40,
        0.0,
        0.0,
        5.605193857299268e-45,
        1.8081062712291044e-23,
        1.2095118257203902e-34,
        1.513542471317235e-41,
        0.0,
        1.4672849625382023e-31,
        2.171051396219266e-35,
        1.0346594447011172e-29,
        6.3086994962513565e-37,
        2.562566351116402e-06,
        0.0,
        0.0,
        0.0,
        2.406828203370376e-38,
        0.0,
        1.686632341447289e-24,
        2.092294431626185e-37,
        0.0,
        7.866300438763574e-05,
        3.072943635662462e-11
    ],
    "comments": {
        "created-by": "run_analogies.py",
        "args": {
            "model": "gpt2-medium",
            "cache_dir": "cache/",
            "tokenizer": "gpt2-medium",
            "data_dir": "data/analogies/gpt2/",
            "importance_results_dir": "rationalization_results/analogies/gpt2_ours",
            "device": "cuda",
            "rationalization_config": "config/aggregation.replacing_delta_prob.postag.json",
            "input_num_ratio": 1.0,
            "logfile": "logs/analogies/gpt2_ours_extracting.log",
            "loglevel": 20
        },
        "time_elapsed": 131.68620991706848,
        "separate_rational": [
            [
                " small",
                " was",
                " did",
                " even",
                " it"
            ],
            [
                " was",
                " even",
                ",",
                " was",
                " I"
            ],
            [
                " it",
                " small",
                " was",
                " even",
                " was"
            ],
            [
                " small",
                " was",
                " end",
                " even",
                " it"
            ],
            [
                " small",
                " When",
                " person",
                " even",
                " saw"
            ]
        ]
    }
}