{
    "$schema": "../docs/rationalization.schema.json",
    "id": 98,
    "input-text": [
        "I",
        " thought",
        " it",
        " would",
        " be",
        " the",
        " brightest",
        " thing",
        " I",
        "'d",
        " ever",
        " encounter",
        ".",
        " (",
        "I",
        " tried",
        " to",
        " ignore",
        " my",
        " phone",
        " vibr",
        "ating",
        " in",
        " my",
        " pocket",
        ").",
        " But",
        " when",
        " I",
        " did",
        " end",
        " up",
        " encountering",
        " it",
        ",",
        " it",
        " turned",
        " out",
        " it",
        " wasn",
        "'t",
        " so"
    ],
    "input-tokens": [
        40,
        1807,
        340,
        561,
        307,
        262,
        33871,
        1517,
        314,
        1549,
        1683,
        8791,
        13,
        357,
        40,
        3088,
        284,
        8856,
        616,
        3072,
        12611,
        803,
        287,
        616,
        10000,
        737,
        887,
        618,
        314,
        750,
        886,
        510,
        42398,
        340,
        11,
        340,
        2900,
        503,
        340,
        2492,
        470,
        523
    ],
    "target-text": " bright",
    "target-token": 6016,
    "rational-size": 2,
    "rational-positions": [
        6,
        41
    ],
    "rational-text": [
        " brightest",
        " so"
    ],
    "rational-tokens": [
        33871,
        523
    ],
    "importance-scores": [
        6.163348997834106e-11,
        1.6963981150255707e-14,
        4.985346062126423e-21,
        3.7820005416237474e-30,
        1.0375212852525823e-22,
        2.4937693079077535e-22,
        1.911419218458832e-07,
        2.1792256163351036e-35,
        6.321397853976311e-30,
        1.5494106264668517e-05,
        2.362493898021333e-15,
        1.336239119352991e-38,
        2.0826835519176896e-15,
        1.6938764899429882e-36,
        1.2199936604941153e-20,
        4.455018486342557e-19,
        6.015829202957827e-24,
        9.037150140533564e-21,
        3.1259165936290757e-16,
        6.418517009162152e-31,
        7.243839661441598e-08,
        4.241457385049141e-24,
        5.4677922245447765e-30,
        2.931282603799157e-13,
        3.884270682874558e-11,
        7.357792228174495e-18,
        2.690477529654345e-08,
        2.9396621714414703e-18,
        3.9281943041251377e-13,
        3.821452536440508e-27,
        4.367723644830174e-24,
        1.4296214878584124e-08,
        2.7686601722733996e-15,
        9.525344221685405e-21,
        2.3516533172968037e-20,
        1.460002861724504e-19,
        7.694303933784225e-24,
        2.067980675590775e-09,
        2.5500513011377136e-25,
        7.384340694471803e-09,
        2.2868968871381234e-11,
        0.9999842643737793
    ],
    "comments": {
        "created-by": "run_analogies.py",
        "args": {
            "model": "gpt2-medium",
            "cache_dir": "cache/",
            "tokenizer": "gpt2-medium",
            "data_dir": "data/analogies/gpt2/",
            "importance_results_dir": "rationalization_results/analogies/gpt2_ours",
            "device": "cuda",
            "rationalization_config": "config/aggregation.replacing_delta_prob.postag.json",
            "input_num_ratio": 1.0,
            "logfile": "logs/analogies/gpt2_ours_extracting.log",
            "loglevel": 20
        },
        "time_elapsed": 98.14124894142151,
        "separate_rational": [
            [
                " so",
                "'d",
                " brightest",
                " vibr",
                " But"
            ],
            [
                " (",
                " up",
                " encounter",
                " my",
                " thought"
            ],
            [
                " did",
                " brightest",
                "I",
                " ever",
                " so"
            ],
            [
                " it",
                " to",
                " thought",
                " brightest",
                "I"
            ],
            [
                " it",
                "ating",
                " turned",
                " so",
                " brightest"
            ]
        ]
    }
}