suff,comp,random_suff,random_comp
0.10132276808403551,0.8238689034767737,0.046587893379043864,0.3967107488026747
