suff,comp,random_suff,random_comp
0.10132276808403551,0.8238689034767737,0.03724623746109505,0.4291439610160479
