suff,comp,random_suff,random_comp
0.10132276808403551,0.8238689034767737,0.04576289282831462,0.3610820047085836
