suff,comp,random_suff,random_comp
0.10132276808403551,0.8238689034767737,0.03223465940414135,0.4314924599724054
