suff,comp,random_suff,random_comp
0.005355279116252121,0.35602741302916296,0.0007512195134979451,0.004347013828484993
