target_pos,target_token,norm_suff,random_suff,norm_comp,random_comp
44, Because,0.01712522841989994,0.005214560776948929,0.008135993033647537,0.012912934646010399
46, was,0.010299747809767723,0.010353164747357368,0.0038647770415991545,0.004943179897964001
48, good,0.009953235276043415,0.006019047927111387,0.015100753866136074,0.018156420439481735
50,.,0.011245212517678738,0.00883782934397459,0.007358008064329624,0.009052066132426262
52, was,0.0003234376781620085,0.0,0.00433648144826293,0.004761526361107826
