target_pos,target_token,norm_suff,random_suff,norm_comp,random_comp
44, Because,0.007710524834692478,0.008519800379872322,0.005401522386819124,0.005041702184826136
46, was,0.0081797419115901,0.0,0.00692333746701479,0.007286814972758293
48, good,0.0012369992909952998,0.008405097760260105,0.023767730221152306,0.012340468354523182
50,.,0.003438709070906043,0.005783208645880222,0.006885355804115534,0.004871999379247427
52, was,0.003248704131692648,0.001103833899833262,0.006066305097192526,0.004282764624804258
