norm_suff_mean,random_suff_mean,norm_comp_mean,random_comp_mean,final suff,final comp,target_tokens
0.00978937279433012,0.00608492037281394,0.00775920320302248,0.00996522605419159,1.6087923049926758,1.0179636478424072, Because$ was$ good$.$ was
