norm_suff_mean,random_suff_mean,norm_comp_mean,random_comp_mean,final suff,final comp,target_tokens
0.004762935917824507,0.004762388300150633,0.009808850474655628,0.006764750462025404,1.0001150369644165,1.4202899932861328, Because$ was$ good$.$ was
