target_pos,target_token,norm_suff,random_suff,norm_comp,random_comp
49, I,0.0,0.004924083594232798,0.004711656365543604,0.003902585944160819
51,'t,0.0003261273668613285,0.0002114143135258928,0.00016012677224352956,0.0003588026447687298
53,.,0.018552685156464577,0.0,0.006365458946675062,0.00993411336094141
55, was,0.0023598812986165285,0.006011656019836664,0.00582469254732132,0.006885285954922438
57, happy,0.002962477272376418,0.006733727175742388,0.010718869976699352,0.008823099546134472
