target_pos,target_token,norm_suff,random_suff,norm_comp,random_comp
49, I,0.0021846925374120474,0.001169523224234581,0.004613534547388554,0.0038691016379743814
51,'t,0.0007831844268366694,8.096336387097836e-05,0.0002005270798690617,0.0003179240447934717
53,.,0.009580481797456741,0.0,0.004989325534552336,0.013128479942679405
55, was,0.006850408390164375,0.00230325385928154,0.00903721060603857,0.005455068312585354
57, happy,0.0,0.012107770889997482,0.009256875142455101,0.010739539749920368
