norm_suff_mean,random_suff_mean,norm_comp_mean,random_comp_mean,final suff,final comp,target_tokens
0.0048402342945337296,0.00357617624104023,0.0055561610497534275,0.005980777554214001,1.3534663915634155,1.2356380224227905, I$'t$.$ was$ happy
