norm_suff_mean,random_suff_mean,norm_comp_mean,random_comp_mean,final suff,final comp,target_tokens
0.003879753639921546,0.003132302314043045,0.0056194947101175785,0.006702022161334753,1.2386268377304077,1.7274349927902222, I$'t$.$ was$ happy
