target_pos,target_token,norm_suff,random_suff,norm_comp,random_comp
75, I,0.0,0.0015935644041746855,0.006688307039439678,0.005000170785933733
77, I,0.0008142646984197199,0.0,0.004859935026615858,0.0021154938731342554
79, don,0.00386731862090528,0.004585668910294771,0.0034788488410413265,0.0036849542520940304
81, know,0.006885706912726164,0.0,0.00420164130628109,0.002518648048862815
83, to,0.0026785198133438826,0.0,0.004141726531088352,0.002487222431227565
