target_pos,target_token,norm_suff,random_suff,norm_comp,random_comp
75, I,0.0,0.0,0.007114214822649956,0.0028022462502121925
77, I,0.0021446228493005037,0.006898334249854088,0.002801819471642375,0.008675947785377502
79, don,8.367013651877642e-05,0.003732173005118966,0.0036796394269913435,0.004208773840218782
81, know,0.0,0.0,0.0024260631762444973,0.0043832059018313885
83, to,0.00014678739535156637,0.0015068387147039175,0.00361323612742126,0.0033004279248416424
