norm_suff_mean,random_suff_mean,norm_comp_mean,random_comp_mean,final suff,final comp,target_tokens
0.0028491620905697346,0.0012358466628938913,0.004674091935157776,0.0031612978782504797,2.3054332733154297,1.109553575515747, I$ I$ don$ know$ to
