norm_suff_mean,random_suff_mean,norm_comp_mean,random_comp_mean,final suff,final comp,target_tokens
0.0004750160442199558,0.002427469240501523,0.0039269947446882725,0.004674120340496302,0.19568365812301636,9.839920997619629, I$ I$ don$ know$ to
