target_pos,target_token,norm_suff,random_suff,norm_comp,random_comp
51, She,0.002489523496478796,0.00024200408370234072,0.004288686439394951,0.005946708377450705
53,'t,0.0007529268623329699,0.0007763323374092579,0.00024399577523581684,0.0003984453505836427
55,.,0.0,0.0,0.003670202335342765,0.005073979962617159
57, just,0.0011683591874316335,0.010873028077185154,0.00507526146247983,0.0056448462419211864
59, that,0.007289828732609749,0.0013978317147120833,0.0070508685894310474,0.003443358698859811
