target_pos,target_token,norm_suff,random_suff,norm_comp,random_comp
51, She,0.0,0.004998864606022835,0.0074909040704369545,0.011034161783754826
53,'t,0.0016766360495239496,0.0017989312764257193,0.00013958146155346185,0.0002930449554696679
55,.,0.0,0.0004156852373853326,0.006651799660176039,0.0038964904379099607
57, just,0.0,0.006795612163841724,0.0049985554069280624,0.005208596121519804
59, that,0.00783777516335249,0.00024316944472957402,0.006520355585962534,0.004879632964730263
