norm_suff_mean,random_suff_mean,norm_comp_mean,random_comp_mean,final suff,final comp,target_tokens
0.0019028822425752878,0.0028504524379968643,0.005160239525139332,0.0050623854622244835,0.667572021484375,2.6603777408599854, She$'t$.$ just$ that
