norm_suff_mean,random_suff_mean,norm_comp_mean,random_comp_mean,final suff,final comp,target_tokens
0.0023401277139782906,0.0026578393299132586,0.004065802786499262,0.004101467784494162,0.8804624676704407,1.7526683807373047, She$'t$.$ just$ that
