target_pos,target_token,norm_suff,random_suff,norm_comp,random_comp
47, She,0.0038179538678377867,0.012189280241727829,0.006572996731847525,0.005567534361034632
49, going,0.0008204813930206001,0.0,0.008565240539610386,0.010254696011543274
51, the,0.0,0.0033755572512745857,0.005763070657849312,0.005248225759714842
53, to,0.00028563334490172565,0.0,0.009168352000415325,0.013508500531315804
55, her,0.0,0.0,0.0066517423838377,0.006962096318602562
