target_pos,target_token,norm_suff,random_suff,norm_comp,random_comp
47, She,0.0021503272000700235,0.004728944506496191,0.0073221963830292225,0.0049272687174379826
49, going,2.4166343791875988e-05,0.006089733447879553,0.005975952837616205,0.0075609139166772366
51, the,0.007793003227561712,0.0014518308453261852,0.006562492810189724,0.005783427506685257
53, to,0.0,0.0,0.007418993394821882,0.009258847683668137
55, her,0.0,0.0,0.005673907697200775,0.0036881142295897007
