norm_suff_mean,random_suff_mean,norm_comp_mean,random_comp_mean,final suff,final comp,target_tokens
0.0009848137851804495,0.0031129675917327404,0.007344280369579792,0.008308211341500282,0.3163585066795349,8.43632698059082, She$ going$ the$ to$ her
