norm_suff_mean,random_suff_mean,norm_comp_mean,random_comp_mean,final suff,final comp,target_tokens
0.0019934994634240866,0.0024541018065065145,0.006590708624571562,0.006243714597076178,0.8123132586479187,3.1320371627807617, She$ going$ the$ to$ her
