target_pos,target_token,norm_suff,random_suff,norm_comp,random_comp
46, Because,0.003988152835518122,0.009738526307046413,0.006702757906168699,0.00480289850383997
48, was,0.005917822010815144,0.0031339130364358425,0.0044857170432806015,0.005940806586295366
50,.,0.0033898348920047283,0.009061130695044994,0.010391756892204285,0.004652608651667833
52, was,0.00033447748865000904,0.004432326182723045,0.005843415856361389,0.0041991774924099445
54, of,0.005686528980731964,0.0,0.0064775035716593266,0.006589769385755062
