target_pos,target_token,norm_suff,random_suff,norm_comp,random_comp
46, Because,0.0029863077215850353,0.0039308336563408375,0.006490395404398441,0.006337292026728392
48, was,0.0062178862281143665,0.004463382065296173,0.005133488681167364,0.0026817494072020054
50,.,0.00016532503650523722,0.004438867326825857,0.006633308716118336,0.007386601064354181
52, was,0.009611973538994789,0.0027827098965644836,0.0034144644159823656,0.0035352790728211403
54, of,0.0,0.00999341532588005,0.004819142632186413,0.0036603733897209167
