norm_suff_mean,random_suff_mean,norm_comp_mean,random_comp_mean,final suff,final comp,target_tokens
0.003796298522502184,0.005121841561049223,0.005298160016536713,0.004720258992165327,0.741197943687439,1.243384599685669, Because$ was$.$ was$ of
