norm_suff_mean,random_suff_mean,norm_comp_mean,random_comp_mean,final suff,final comp,target_tokens
0.0038633630611002445,0.005273179151117802,0.006780230440199375,0.005237051751464605,0.7326440215110779,1.3555680513381958, Because$ was$.$ was$ of
