target_pos,target_token,norm_suff,random_suff,norm_comp,random_comp
57, I,0.0,0.0,0.004540964029729366,0.0031669344753026962
59, to,0.0,0.006848091259598732,0.002939907368272543,0.0019216922810301185
61, a,0.0,0.005529426969587803,0.006527330726385117,0.007057942450046539
63,.,0.0,0.0050088465213775635,0.0010490037966519594,0.004634770564734936
65, sat,0.0,0.0005993938539177179,0.0006738780066370964,0.001020137220621109
