target_pos,target_token,norm_suff,random_suff,norm_comp,random_comp
57, I,0.0005947431782260537,0.0,0.004971169866621494,0.0047559370286762714
59, to,0.0,0.0,0.001729527022689581,0.0031120257917791605
61, a,0.0019656033255159855,0.007812799885869026,0.008432521484792233,0.010180170647799969
63,.,0.0144878551363945,0.0033248402178287506,0.004947266075760126,0.0021898176055401564
65, sat,0.0,8.588437049183995e-05,0.0021848054602742195,0.002827629679813981
