norm_suff_mean,random_suff_mean,norm_comp_mean,random_comp_mean,final suff,final comp,target_tokens
0.0034096401650458574,0.0022447051014751196,0.0044530583545565605,0.004613116383552551,1.518970251083374,1.352962851524353, I$ to$ a$.$ sat
