target_pos,target_token,norm_suff,random_suff,norm_comp,random_comp
51, Because,0.0012974563287571073,0.006058430299162865,0.006227151490747929,0.006327864248305559
53, loved,0.0,0.0003333263739477843,0.006852949503809214,0.006680530495941639
55, dog,0.007052455563098192,0.00613985862582922,0.007980894297361374,0.007078063674271107
57,"
",0.001018714508973062,0.0005738221225328743,0.003985325340181589,0.005101354792714119
59,The,0.007214205339550972,0.010746465995907784,0.009687377139925957,0.004459369461983442
