target_pos,target_token,norm_suff,random_suff,norm_comp,random_comp
51, Because,0.0072600143030285835,0.002435327274724841,0.006071119569242001,0.005598284769803286
53, loved,0.0,0.0,0.011031880043447018,0.0031372688245028257
55, dog,0.0,0.0,0.012059672735631466,0.005902089644223452
57,"
",0.004245290067046881,0.0014401596272364259,0.009776958264410496,0.008231527172029018
59,The,0.010265587829053402,0.00945376232266426,0.006912417244166136,0.003367240773513913
