norm_suff_mean,random_suff_mean,norm_comp_mean,random_comp_mean,final suff,final comp,target_tokens
0.0033165663480758667,0.004770380910485983,0.006946739740669727,0.005929436534643173,0.695241391658783,1.7878239154815674," Because$ loved$ dog$
$The"
