norm_suff_mean,random_suff_mean,norm_comp_mean,random_comp_mean,final suff,final comp,target_tokens
0.004354178439825773,0.0026658501010388136,0.00917040929198265,0.005247282329946756,1.6333171129226685,1.2051142454147339," Because$ loved$ dog$
$The"
