target_pos,target_token,norm_suff,random_suff,norm_comp,random_comp
68, She,0.002587392460554838,0.003797136712819338,0.0057792929001152515,0.004208777099847794
70, to,6.018122803652659e-05,0.0,0.003474354511126876,0.0036023533903062344
72, a,0.00517684081569314,0.0006851879879832268,0.005756868980824947,0.006951661314815283
74, meal,0.0011766095412895083,0.0034580565989017487,0.007122859358787537,0.006580228451639414
76, her,0.00474476208910346,0.006575485225766897,0.0035210303030908108,0.003279918571934104
