target_pos,target_token,norm_suff,random_suff,norm_comp,random_comp
68, She,0.006905056070536375,0.006114164832979441,0.004932934883981943,0.0045756748877465725
70, to,0.005010192282497883,0.000983701553195715,0.003526969812810421,0.003512887516990304
72, a,0.0009907637722790241,0.010793095454573631,0.007039045915007591,0.006572750862687826
74, meal,0.00900784321129322,0.0005320552736520767,0.0082188555970788,0.007036030758172274
76, her,0.0004033287987112999,0.0,0.003978894092142582,0.003054458647966385
