norm_suff_mean,random_suff_mean,norm_comp_mean,random_comp_mean,final suff,final comp,target_tokens
0.004463437013328075,0.003684603376314044,0.005539340432733297,0.004950360860675573,1.211375117301941,1.1090916395187378, She$ to$ a$ meal$ her
