norm_suff_mean,random_suff_mean,norm_comp_mean,random_comp_mean,final suff,final comp,target_tokens
0.0027491573709994555,0.0029031734447926283,0.005130880977958441,0.004924587905406952,0.9469490647315979,1.7913081645965576, She$ to$ a$ meal$ her
