target_pos,target_token,norm_suff,random_suff,norm_comp,random_comp
62, She,0.0,0.004124824423342943,0.00917766336351633,0.007438368629664183
64, to,0.0009913756512105465,0.0,0.0028579887002706528,0.0021547137293964624
66, out,0.0008652796968817711,0.002805976662784815,0.002395349321886897,0.003654294181615114
68, cheer,0.00034744650474749506,0.0,0.005606732796877623,0.008738035336136818
70,.,0.007783316075801849,0.007644087541848421,0.0036955694667994976,0.011991828680038452
