target_pos,target_token,norm_suff,random_suff,norm_comp,random_comp
62, She,0.0037246851716190577,0.0044600628316402435,0.007175760343670845,0.006873417180031538
64, to,0.0010567681165412068,0.004409883636981249,0.0018426600145176053,0.001972728641703725
66, out,0.0029070647433400154,0.0017636723350733519,0.003856355557218194,0.00468979449942708
68, cheer,0.004181575495749712,0.0035253213718533516,0.00456745782867074,0.009405521675944328
70,.,0.005059297662228346,0.004506976343691349,0.006885248236358166,0.011929892003536224
