norm_suff_mean,random_suff_mean,norm_comp_mean,random_comp_mean,final suff,final comp,target_tokens
0.003385878400877118,0.003733183490112424,0.004865496885031462,0.006974271032959223,0.9069681167602539,2.0598113536834717, She$ to$ out$ cheer$.
