norm_suff_mean,random_suff_mean,norm_comp_mean,random_comp_mean,final suff,final comp,target_tokens
0.0019974836613982916,0.0029149779584258795,0.004746660590171814,0.006795448251068592,0.6852483153343201,3.4020044803619385, She$ to$ out$ cheer$.
