target_pos,target_token,norm_suff,random_suff,norm_comp,random_comp
55, Because,0.002586222952231765,0.0,0.003124547889456153,0.0033642330672591925
57, wanted,0.0027506034821271896,0.0,0.003466113470494747,0.004555203020572662
59, to,0.0,0.0,0.0009430231293663383,0.0010438362369313836
61, successful,0.0,0.010027974843978882,0.00543452613055706,0.006462148390710354
63, She,0.0002850737364497036,0.0,0.003550007240846753,0.002682776190340519
