target_pos,target_token,norm_suff,random_suff,norm_comp,random_comp
55, Because,0.0,0.003262260928750038,0.00474336976185441,0.0036245014052838087
57, wanted,0.0010138551006093621,0.0012698167702183127,0.004734534304589033,0.0025613342877477407
59, to,0.0,0.0,0.0011414192849770188,0.0011864864500239491
61, successful,0.0036604232154786587,0.0077837128192186356,0.005711172241717577,0.006291347090154886
63, She,0.0,0.0,0.003433314384892583,0.005620884709060192
