norm_suff_mean,random_suff_mean,norm_comp_mean,random_comp_mean,final suff,final comp,target_tokens
0.0009348556632176042,0.002463158220052719,0.003952762112021446,0.0038569108583033085,0.37953537702560425,4.125675201416016, Because$ wanted$ to$ successful$ She
