norm_suff_mean,random_suff_mean,norm_comp_mean,random_comp_mean,final suff,final comp,target_tokens
0.0011243800399824977,0.002005595015361905,0.0033036437816917896,0.0036216394510120153,0.5606216788291931,3.2210099697113037, Because$ wanted$ to$ successful$ She
