target_pos,target_token,norm_suff,random_suff,norm_comp,random_comp
53, Because,0.006669439375400543,0.0013048311229795218,0.0056897616013884544,0.007403955794870853
55, was,0.0,0.0,0.005946577992290258,0.004597588442265987
57, black,0.009306520223617554,0.0,0.005417282227426767,0.010744134895503521
59,.,0.01457341481000185,0.0,0.007663588505238295,0.007315648719668388
61, was,0.0,0.004254268016666174,0.005334293935447931,0.0058938502334058285
