target_pos,target_token,norm_suff,random_suff,norm_comp,random_comp
53, Because,0.0,0.0,0.008378016762435436,0.008027279749512672
55, was,0.0,0.00616995757445693,0.006190081126987934,0.004821597598493099
57, black,0.0036360863596200943,0.0,0.005244349595159292,0.007341960910707712
59,.,0.011579993180930614,0.0,0.005330543499439955,0.009559757076203823
61, was,0.0002776804321911186,0.004407152999192476,0.005957243964076042,0.004888490773737431
