norm_suff_mean,random_suff_mean,norm_comp_mean,random_comp_mean,final suff,final comp,target_tokens
0.0061098746955394745,0.001111819758079946,0.006010300945490599,0.007191035430878401,5.495382308959961,1.1769529581069946, Because$ was$ black$.$ was
