norm_suff_mean,random_suff_mean,norm_comp_mean,random_comp_mean,final suff,final comp,target_tokens
0.0030987521167844534,0.00211542216129601,0.006220047362148762,0.006927817594259977,1.4648386240005493,2.235679864883423, Because$ was$ black$.$ was
