target_pos,target_token,norm_suff,random_suff,norm_comp,random_comp
67, Mary,0.00042657912126742303,0.00214747223071754,0.0050321584567427635,0.0058938064612448215
69, a,0.0,0.009062201716005802,0.005002306774258614,0.005915050860494375
71, bow,0.0012899978319182992,0.004192644264549017,0.007241745945066214,0.009470105171203613
73,",",0.0052575296722352505,0.0024019968695938587,0.005595127586275339,0.002511595143005252
75, Steve,0.0,0.0014035372296348214,0.00372234545648098,0.011487750336527824
