target_pos,target_token,norm_suff,random_suff,norm_comp,random_comp
67, Mary,0.002250593388453126,0.008613561280071735,0.004668540321290493,0.00523596815764904
69, a,0.006719849072396755,0.002856255741789937,0.006045658141374588,0.007757688406854868
71, bow,0.00338725745677948,0.016986725851893425,0.00946007389575243,0.014567386358976364
73,",",0.00045437971130013466,0.005079262424260378,0.0048556760884821415,0.006617806851863861
75, Steve,0.002052257303148508,0.005052987486124039,0.0038827606476843357,0.004422956146299839
