norm_suff_mean,random_suff_mean,norm_comp_mean,random_comp_mean,final suff,final comp,target_tokens
0.002972867339849472,0.007717758417129517,0.005782542284578085,0.007720361929386854,0.38519829511642456,2.5969412326812744," Mary$ a$ bow$,$ Steve"
