norm_suff_mean,random_suff_mean,norm_comp_mean,random_comp_mean,final suff,final comp,target_tokens
0.0013948213309049606,0.003841570345684886,0.005318737123161554,0.007055662106722593,0.3630862534046173,5.058470249176025," Mary$ a$ bow$,$ Steve"
