target_pos,target_token,norm_suff,random_suff,norm_comp,random_comp
56, They,0.003348530037328601,0.01816498301923275,0.024370981380343437,0.05290402099490166
58, to,0.0,0.0,0.005634027998894453,0.00441026920452714
60, it,0.0012104029301553965,0.0,0.003597595728933811,0.017014186829328537
62, a,0.0012738753575831652,0.001998438499867916,0.02240101248025894,0.020852118730545044
64, way,0.001068481127731502,0.0016091454308480024,0.015455139800906181,0.0038090876769274473
