target_pos,target_token,norm_suff,random_suff,norm_comp,random_comp
56, They,0.009490236639976501,0.003220390295609832,0.014298118650913239,0.03154584765434265
58, to,0.004750502295792103,0.0018451311625540257,0.014104858040809631,0.01356780156493187
60, it,0.0,0.0044340756721794605,0.02542060613632202,0.009779254905879498
62, a,0.004963702522218227,0.004128315486013889,0.006916960701346397,0.03585245460271835
64, way,0.0011653441470116377,0.001108158496208489,0.004992377478629351,0.007517604622989893
