norm_suff_mean,random_suff_mean,norm_comp_mean,random_comp_mean,final suff,final comp,target_tokens
0.001380257890559733,0.004354513715952635,0.014291751198470592,0.01979793608188629,0.3169717490673065,14.343649864196777, They$ to$ it$ a$ way
