norm_suff_mean,random_suff_mean,norm_comp_mean,random_comp_mean,final suff,final comp,target_tokens
0.004073957446962595,0.0029472142923623323,0.013146585784852505,0.0196525938808918,1.3823078870773315,4.823956489562988, They$ to$ it$ a$ way
