target_pos,target_token,norm_suff,random_suff,norm_comp,random_comp
54, She,0.004501696676015854,0.005020391661673784,0.019426101818680763,0.016328617930412292
56, a,0.0,0.014073958620429039,0.0154871242120862,0.007753600832074881
58, bit,0.011767902411520481,0.01010179053992033,0.013831578195095062,0.009749284945428371
60, a,0.0,0.0031590305734425783,0.0036192527040839195,0.0027343251276761293
62,oy,0.00016238787793554366,0.00017789314733818173,0.0006217084592208266,0.0005268594832159579
