target_pos,target_token,norm_suff,random_suff,norm_comp,random_comp
54, She,0.0035380434710532427,0.002330440329387784,0.047338273376226425,0.02933654561638832
56, a,0.0008062339038588107,0.00792814139276743,0.015146571211516857,0.015497321262955666
58, bit,0.0,0.0,0.0073557947762310505,0.0074668992310762405
60, a,0.0008224908960983157,0.0,0.003938180394470692,0.003598264418542385
62,oy,0.00033407891169190407,7.305367034859955e-05,0.00017140479758381844,0.0002561490109656006
