norm_suff_mean,random_suff_mean,norm_comp_mean,random_comp_mean,final suff,final comp,target_tokens
0.00328639755025506,0.006506612990051508,0.010597153566777706,0.007418537978082895,0.5050857663154602,2.2573463916778564, She$ a$ bit$ a$oy
