norm_suff_mean,random_suff_mean,norm_comp_mean,random_comp_mean,final suff,final comp,target_tokens
0.0011001694947481155,0.0020663270261138678,0.014790045097470284,0.01123103592544794,0.5324275493621826,10.208459854125977, She$ a$ bit$ a$oy
