target_pos,target_token,norm_suff,random_suff,norm_comp,random_comp
43, Because,0.013249748386442661,0.010592450387775898,0.05653131753206253,0.030233964323997498
45, was,0.0125462356954813,0.0,0.017005877569317818,0.008132975548505783
47, to,0.0,0.006718467455357313,0.004875320941209793,0.007140600122511387
49, a,0.006005403120070696,0.0,0.010187970474362373,0.014104880392551422
51,.,0.01469491608440876,0.008722709491848946,0.007203089538961649,0.0069070546887815
