target_pos,target_token,norm_suff,random_suff,norm_comp,random_comp
43, Because,0.008859189227223396,0.01069375779479742,0.03618558496236801,0.07305803894996643
45, was,0.011906156316399574,0.004235302563756704,0.012925577349960804,0.012214694172143936
47, to,0.005389881785959005,0.0010232724016532302,0.004841664340347052,0.006629146635532379
49, a,0.014538390561938286,0.01686830259859562,0.011593453586101532,0.0332024060189724
51,.,0.0,0.009229213930666447,0.005512794479727745,0.00459366524592042
