norm_suff_mean,random_suff_mean,norm_comp_mean,random_comp_mean,final suff,final comp,target_tokens
0.00813872367143631,0.008409969508647919,0.014211815781891346,0.025939589366316795,0.9677470922470093,3.1871814727783203, Because$ was$ to$ a$.
