norm_suff_mean,random_suff_mean,norm_comp_mean,random_comp_mean,final suff,final comp,target_tokens
0.009299261495471,0.005206726025789976,0.019160715863108635,0.013303893618285656,1.786009430885315,1.4306397438049316, Because$ was$ to$ a$.
