target_pos,target_token,norm_suff,random_suff,norm_comp,random_comp
56, He,0.015104386024177074,0.0,0.022644510492682457,0.01849653199315071
58, playing,0.006439012009650469,0.012366209179162979,0.015225622802972794,0.012215109542012215
60, his,0.0006446076440624893,0.0029180103447288275,0.0066555701196193695,0.0071174162440001965
62,.,0.0023885739501565695,0.00017959064280148596,0.02321365289390087,0.00921635702252388
64, friend,0.0006344799767248333,0.0007364147459156811,0.00620644073933363,0.00442980881780386
