target_pos,target_token,norm_suff,random_suff,norm_comp,random_comp
56, He,0.012628457508981228,0.002795219188556075,0.01839030347764492,0.012506495229899883
58, playing,0.008514316752552986,0.002577462000772357,0.011921844445168972,0.006224934943020344
60, his,0.0,0.015858354046940804,0.01966172456741333,0.005878631491214037
62,.,0.013177349232137203,0.006795091554522514,0.014275254681706429,0.013974604196846485
64, friend,0.00020088382007088512,0.0006980772595852613,0.0031140418723225594,0.0027533292304724455
