norm_suff_mean,random_suff_mean,norm_comp_mean,random_comp_mean,final suff,final comp,target_tokens
0.00504221161827445,0.003240044927224517,0.014789159409701824,0.01029504556208849,1.5562165975570679,2.04177188873291, He$ playing$ his$.$ friend
