norm_suff_mean,random_suff_mean,norm_comp_mean,random_comp_mean,final suff,final comp,target_tokens
0.006904201116412878,0.0057448409497737885,0.013472634367644787,0.008267599157989025,1.2018089294433594,1.1974736452102661, He$ playing$ his$.$ friend
