target_pos,target_token,norm_suff,random_suff,norm_comp,random_comp
50, Because,0.004863675683736801,0.00865147914737463,0.00780692370608449,0.0063730585388839245
52, wanted,0.003979922272264957,0.007699347101151943,0.0033450298942625523,0.0037984601221978664
54, paint,0.004310679156333208,0.010087406262755394,0.003212984185665846,0.00427645817399025
56, bedroom,0.0020507220178842545,0.0005753025761805475,0.010782535187900066,0.005190473515540361
58,.,0.012150031514465809,0.018635926768183708,0.004187829326838255,0.002795332344248891
