target_pos,target_token,norm_suff,random_suff,norm_comp,random_comp
50, Because,0.0,0.005194019991904497,0.0061031910590827465,0.006633077748119831
52, wanted,0.006202229764312506,0.0020372415892779827,0.004767470061779022,0.004398328252136707
54, paint,0.009835558943450451,0.0008869508164934814,0.005496983882039785,0.00608812877908349
56, bedroom,0.0,0.0036133176181465387,0.0063900332897901535,0.00876686256378889
58,.,0.0,0.0,0.003985370509326458,0.005545326974242926
