norm_suff_mean,random_suff_mean,norm_comp_mean,random_comp_mean,final suff,final comp,target_tokens
0.005471005570143461,0.009129892103374004,0.005867060273885727,0.004486756399273872,0.5992410182952881,0.8200972080230713, Because$ wanted$ paint$ bedroom$.
