norm_suff_mean,random_suff_mean,norm_comp_mean,random_comp_mean,final suff,final comp,target_tokens
0.003207557601854205,0.002346305875107646,0.005348609760403633,0.006286345422267914,1.3670670986175537,1.959854245185852, Because$ wanted$ paint$ bedroom$.
