target_pos,target_token,norm_suff,random_suff,norm_comp,random_comp
63, She,0.0,0.0,0.011066997423768044,0.008351515978574753
65, hungry,0.0,0.015674056485295296,0.01424571592360735,0.01217232458293438
67, She,0.0017688660882413387,0.008867203257977962,0.008927500806748867,0.01207044068723917
69, hungry,0.0,0.00030082272132858634,0.013493780978024006,0.007812853902578354
71, she,0.0038419931661337614,0.0040733832865953445,0.005922595504671335,0.005143831949681044
