target_pos,target_token,norm_suff,random_suff,norm_comp,random_comp
63, She,0.005589710082858801,0.0,0.022223450243473053,0.009476770646870136
65, hungry,0.005584290716797113,0.0042297132313251495,0.015509741380810738,0.01711900904774666
67, She,0.0011011766036972404,0.002880627289414406,0.016924791038036346,0.009811782278120518
69, hungry,0.015413600020110607,0.010726663284003735,0.015579894185066223,0.008924020454287529
71, she,0.0002321748761460185,0.00853927806019783,0.0036475532688200474,0.00546247186139226
