norm_suff_mean,random_suff_mean,norm_comp_mean,random_comp_mean,final suff,final comp,target_tokens
0.005584190599620342,0.0052752564661204815,0.014777085743844509,0.010158811695873737,1.0585628747940063,1.819209337234497, She$ hungry$ She$ hungry$ she
