norm_suff_mean,random_suff_mean,norm_comp_mean,random_comp_mean,final suff,final comp,target_tokens
0.0011221718741580844,0.00578309316188097,0.010731318034231663,0.009110192768275738,0.19404354691505432,8.11835765838623, She$ hungry$ She$ hungry$ she
