target_pos,target_token,norm_suff,random_suff,norm_comp,random_comp
51, She,0.005862129386514425,0.0,0.0074305240996181965,0.005295140668749809
53, at,0.0,0.0,0.00969460979104042,0.012594115920364857
55, beach,0.0034419686999171972,0.00024442150606773794,0.00599607452750206,0.008213362656533718
57, get,0.0017206730553880334,0.0013164588017389178,0.0038991549517959356,0.005642889533191919
59, from,0.0004162929835729301,0.0005533936200663447,0.0015196505701169372,0.001101246802136302
