target_pos,target_token,norm_suff,random_suff,norm_comp,random_comp
51, She,0.002825432224199176,0.0,0.007916481234133244,0.005342612974345684
53, at,0.018158799037337303,0.0,0.015332135371863842,0.004848381970077753
55, beach,0.0036181723698973656,0.008893638849258423,0.010694076307117939,0.007361625321209431
57, get,0.0,0.003112352918833494,0.007940208539366722,0.007224566303193569
59, from,0.0,0.00017997469694819301,0.0014689491363242269,0.002200150163844228
