norm_suff_mean,random_suff_mean,norm_comp_mean,random_comp_mean,final suff,final comp,target_tokens
0.00492048030719161,0.002437193412333727,0.00867037009447813,0.005395467393100262,2.0189125537872314,1.0965327024459839, She$ at$ beach$ get$ from
