norm_suff_mean,random_suff_mean,norm_comp_mean,random_comp_mean,final suff,final comp,target_tokens
0.0022882127668708563,0.00042285482049919665,0.0057080029509961605,0.00656935153529048,5.411343574523926,2.87095308303833, She$ at$ beach$ get$ from
