target_pos,target_token,norm_suff,random_suff,norm_comp,random_comp
56, I,0.0023589283227920532,0.00048413712647743523,0.005192578304558992,0.005724497139453888
58, a,0.00108344666659832,0.011360786855220795,0.0045349677093327045,0.005702191963791847
60,.,0.0068921251222491264,0.0,0.002691817469894886,0.0032074730843305588
62, didn,0.000893288291990757,0.0015896972035989165,0.0036878897808492184,0.004311283119022846
64, know,0.0006120553007349372,0.0031303337309509516,0.0031685251742601395,0.0027238347101956606
