target_pos,target_token,norm_suff,random_suff,norm_comp,random_comp
56, I,0.0,0.0,0.005548215936869383,0.0049120415933430195
58, a,0.0,0.01278676837682724,0.004247691016644239,0.004527274519205093
60,.,0.004797894507646561,0.0,0.008008684031665325,0.007201361935585737
62, didn,0.0,0.0,0.0033572467509657145,0.004298582673072815
64, know,0.002398240379989147,2.2113817976787686e-05,0.005487753078341484,0.005389755126088858
