norm_suff_mean,random_suff_mean,norm_comp_mean,random_comp_mean,final suff,final comp,target_tokens
0.0014392270240932703,0.002561776665970683,0.0053299181163311005,0.005265803541988134,0.561808168888092,3.6587719917297363, I$ a$.$ didn$ know
