norm_suff_mean,random_suff_mean,norm_comp_mean,random_comp_mean,final suff,final comp,target_tokens
0.0023679689038544893,0.0033129907678812742,0.003855155548080802,0.004333856049925089,0.7147526144981384,1.8301997184753418, I$ a$.$ didn$ know
