target_pos,target_token,norm_suff,random_suff,norm_comp,random_comp
48, Because,0.0,0.007679169997572899,0.009811007417738438,0.010651659220457077
50, tutor,0.0045490204356610775,0.0012602355564013124,0.009594816714525223,0.011246811598539352
52, a,0.011171357706189156,0.0,0.00761706568300724,0.0067155566066503525
54, person,0.003027628641575575,0.0,0.011211954988539219,0.007663815747946501
56,"
",0.0,0.004470799583941698,0.006076909136027098,0.008901376277208328
