target_pos,target_token,norm_suff,random_suff,norm_comp,random_comp
48, Because,0.005074464716017246,0.0017184934113174677,0.00579076586291194,0.012167404405772686
50, tutor,0.0,0.0,0.008261354640126228,0.00846053659915924
52, a,0.001259000157006085,0.0,0.0071054743602871895,0.006953817792236805
54, person,0.004091982264071703,0.0020265071652829647,0.01069453451782465,0.010465201921761036
56,"
",0.0015741580864414573,6.272243626881391e-05,0.003032802836969495,0.004790514707565308
