norm_suff_mean,random_suff_mean,norm_comp_mean,random_comp_mean,final suff,final comp,target_tokens
0.0037496015429496765,0.0026820411439985037,0.008862351067364216,0.009035843424499035,1.3980402946472168,2.4098143577575684," Because$ tutor$ a$ person$
"
