norm_suff_mean,random_suff_mean,norm_comp_mean,random_comp_mean,final suff,final comp,target_tokens
0.0023999211844056845,0.0007615446229465306,0.006976985838264227,0.008567496202886105,3.151386260986328,3.5699074268341064," Because$ tutor$ a$ person$
"
