target_pos,target_token,norm_suff,random_suff,norm_comp,random_comp
59, Well,0.0,0.002187637146562338,0.006236815359443426,0.007786667440086603
61, he,0.0092148557305336,0.0,0.003916054964065552,0.005556174088269472
63, a,0.014809872023761272,0.009280519559979439,0.0044341906905174255,0.006989771034568548
65,ologist,0.0006831884966231883,0.0014579339185729623,0.007470519747585058,0.015196518041193485
67, He,0.0006936588906683028,0.0012529720552265644,0.004539333283901215,0.003770718816667795
