target_pos,target_token,norm_suff,random_suff,norm_comp,random_comp
59, Well,5.5063061154214665e-05,0.004970076493918896,0.009336227551102638,0.006478480529040098
61, he,0.019845761358737946,0.0,0.009562233462929726,0.010268663987517357
63, a,0.004416248761117458,0.009354621171951294,0.005381327588111162,0.006922740954905748
65,ologist,0.0018590522231534123,0.000486178498249501,0.011506463401019573,0.008898202329874039
67, He,0.0,0.0005112467333674431,0.006647993810474873,0.003918083384633064
