norm_suff_mean,random_suff_mean,norm_comp_mean,random_comp_mean,final suff,final comp,target_tokens
0.005235224962234497,0.0030644244980067015,0.008486849255859852,0.007297234144061804,1.7083876132965088,1.3938721418380737, Well$ he$ a$ologist$ He
