norm_suff_mean,random_suff_mean,norm_comp_mean,random_comp_mean,final suff,final comp,target_tokens
0.005080315284430981,0.00283581274561584,0.00531938299536705,0.007859970442950726,1.7914847135543823,1.5471422672271729, Well$ he$ a$ologist$ He
