target_pos,target_token,norm_suff,random_suff,norm_comp,random_comp
53, Stan,0.0,0.002607508096843958,0.005536557175219059,0.005454967729747295
55,'t,0.001632909057661891,0.0,0.00016498011245857924,0.00015722104581072927
57,.,0.008011916652321815,0.0064781177788972855,0.005132428836077452,0.004298963584005833
59,"
",0.0065095615573227406,0.0005344842211343348,0.0019353589741513133,0.0014485333813354373
61, was,0.037795290350914,0.003513881703838706,0.008451356552541256,0.007199817802757025
