target_pos,target_token,norm_suff,random_suff,norm_comp,random_comp
53, Stan,0.0,0.011444642208516598,0.00664406456053257,0.0057066576555371284
55,'t,0.0024717096239328384,0.00142721738666296,0.00020195040269754827,0.0002694054855965078
57,.,0.0063268886879086494,0.012784227728843689,0.003204482141882181,0.0028264354914426804
59,"
",0.013669580221176147,0.0033155956771224737,0.003368003061041236,0.000630934489890933
61, was,0.00794660858809948,0.007217038422822952,0.006990185938775539,0.007988523691892624
