norm_suff_mean,random_suff_mean,norm_comp_mean,random_comp_mean,final suff,final comp,target_tokens
0.006082957144826651,0.007237744517624378,0.004081737250089645,0.003484391374513507,0.8404492735862732,0.5728120803833008," Stan$'t$.$
$ was"
