norm_suff_mean,random_suff_mean,norm_comp_mean,random_comp_mean,final suff,final comp,target_tokens
0.010789935477077961,0.0026267983485013247,0.0042441366240382195,0.003711900906637311,4.107637405395508,0.34401512145996094," Stan$'t$.$
$ was"
