target_pos,target_token,norm_suff,random_suff,norm_comp,random_comp
64, Because,3.0105598852969706e-05,0.0009061242453753948,0.005390103440731764,0.004849845543503761
66, were,0.007074256893247366,0.0001273358939215541,0.0026613250374794006,0.003247524844482541
68, of,0.0030770294833928347,0.0,0.003859611228108406,0.004682599566876888
70, foreigners,0.0028110097628086805,0.0001663980510784313,0.01327765267342329,0.011698151007294655
72,"
",0.0,0.000599475868511945,0.004326352383941412,0.00432395888492465
