target_pos,target_token,norm_suff,random_suff,norm_comp,random_comp
64, Because,0.0018798201344907284,0.001095807645469904,0.004674290306866169,0.0063950479961931705
66, were,0.005501972045749426,0.0011972709326073527,0.0031125342939049006,0.005887943785637617
68, of,0.002524338662624359,0.0,0.004459387622773647,0.004097344819456339
70, foreigners,0.0008304198854602873,0.0,0.021591169759631157,0.00802493654191494
72,"
",0.0,0.0023024596739560366,0.004061381798237562,0.0035032271407544613
