norm_suff_mean,random_suff_mean,norm_comp_mean,random_comp_mean,final suff,final comp,target_tokens
0.0025984803214669228,0.0003598667972255498,0.005903008859604597,0.00576041592285037,7.220672607421875,2.2168402671813965," Because$ were$ of$ foreigners$
"
