norm_suff_mean,random_suff_mean,norm_comp_mean,random_comp_mean,final suff,final comp,target_tokens
0.0021473101805895567,0.0009191076387651265,0.0075797527097165585,0.0055817002430558205,2.336298942565918,2.5993916988372803," Because$ were$ of$ foreigners$
"
