,FAs,Soft Suff
0,Input X Gradient,-0.6169121220760424
1,Integrated Gradients,0.6179603163284493
2,Gradient Shap,-0.5884645879747891
3,Attention Rollout,-0.1930602654722272
4,Attention Last,0.08155151945792151
5,Attention,0.007619357496965214
6,Ours,0.4974047064129533
