target_pos,target_token,norm_suff,random_suff,norm_comp,random_comp
34, in,0.0,0.005027582868933678,0.1990654617547989,0.022724473848938942
36, U,0.0,0.00023587854229845107,0.05010633170604706,0.01861845701932907
38,S,0.008617281913757324,0.01430534478276968,0.00113230524584651,0.0011619869619607925
40, state,0.0,0.0005161943845450878,0.023787111043930054,0.001533342874608934
42, Pennsylvania,0.0,0.0,0.025887003168463707,0.010605749674141407
