norm_suff_mean,random_suff_mean,norm_comp_mean,random_comp_mean,final suff,final comp,target_tokens
0.0017234564293175936,0.004017000086605549,0.05999564751982689,0.010928802192211151,0.42904067039489746,6.341211795806885, in$ U$S$ state$ Pennsylvania
