target_pos,target_token,norm_suff,random_suff,norm_comp,random_comp
18, in,0.005370647180825472,0.0,0.25160741806030273,0.011424461379647255
20,67,0.0,0.0010354776168242097,0.07540550082921982,0.013778408989310265
22,"
",0.11452034115791321,0.1256948560476303,0.2748998701572418,0.06003212928771973
24, know,0.013689913786947727,6.816832319600508e-05,0.18571609258651733,0.004624434746801853
26, I,0.01635667309165001,0.005501498002558947,0.046326108276844025,0.0031417172867804766
