norm_suff_mean,random_suff_mean,norm_comp_mean,random_comp_mean,final suff,final comp,target_tokens
0.02998751774430275,0.02646000124514103,0.16679100692272186,0.018600231036543846,1.133315086364746,0.620265781879425," in$67$
$ know$ I"
