target_pos,target_token,norm_suff,random_suff,norm_comp,random_comp
19, Edit,0.27836158871650696,0.029410921037197113,0.5207465887069702,0.02095421403646469
21, I,0.0,0.0,0.10357426106929779,0.022425856441259384
23, wrong,0.0,0.0,0.08979177474975586,0.012640472501516342
25, it,0.0,0.005562778562307358,0.05927453935146332,0.02034529112279415
27, 28,0.0,0.0,0.040824294090270996,0.02380002848803997
