norm_suff_mean,random_suff_mean,norm_comp_mean,random_comp_mean,final suff,final comp,target_tokens
0.05567231774330139,0.006994740106165409,0.1628423035144806,0.02003317140042782,7.959168910980225,0.3598408102989197, Edit$ I$ wrong$ it$ 28
