target_pos,target_token,norm_suff,random_suff,norm_comp,random_comp
16, and,0.05569863319396973,0.0,0.23304298520088196,0.0373111218214035
18, a,0.0,0.0,0.11858254671096802,0.04306422173976898
20, of,0.0,0.0,0.007971975021064281,0.001775958575308323
22, family,0.0,0.0,0.054902710020542145,0.024410756304860115
24,mill,0.0,0.00397260207682848,0.09263160824775696,0.06398805975914001
