norm_suff_mean,random_suff_mean,norm_comp_mean,random_comp_mean,final suff,final comp,target_tokens
0.01113972719758749,0.0007945204270072281,0.10142636299133301,0.03411002457141876,14.020692825317383,3.062016248703003, and$ a$ of$ family$mill
