target_pos,target_token,norm_suff,random_suff,norm_comp,random_comp
25, ,0.0,0.0,0.22257010638713837,0.037274669855833054
27, tumor,0.0,0.001929761259816587,0.1811852753162384,0.027897905558347702
29, a,0.0,0.0,0.1366034299135208,0.018465474247932434
31, of,0.015202358365058899,0.0,0.12245403975248337,0.013378758914768696
33, within,0.05163496360182762,0.008951048366725445,0.16325518488883972,0.03213176131248474
