norm_suff_mean,random_suff_mean,norm_comp_mean,random_comp_mean,final suff,final comp,target_tokens
0.013367465697228909,0.0021761618554592133,0.16521359980106354,0.02582971565425396,6.142679691314697,1.9322822093963623, $ tumor$ a$ of$ within
