target_pos,target_token,norm_suff,random_suff,norm_comp,random_comp
21, ,0.023372985422611237,0.03551448509097099,0.6962889432907104,0.01594502665102482
23, Archbishop,0.0,0.002919074846431613,0.18796102702617645,0.02808218076825142
25, Washington,0.0,0.0,0.11730670183897018,0.02399609237909317
27, the,0.0,0.0,0.05722538009285927,0.004416726063936949
29, of,0.0,0.0290973000228405,0.02228698320686817,0.0023235748521983624
