norm_suff_mean,random_suff_mean,norm_comp_mean,random_comp_mean,final suff,final comp,target_tokens
0.004674597177654505,0.01350617315620184,0.21621382236480713,0.014952721074223518,0.34610819816589355,3.198718547821045, $ Archbishop$ Washington$ the$ of
