target_pos,target_token,norm_suff,random_suff,norm_comp,random_comp
22, (,0.014325430616736412,0.004632479511201382,0.06604687869548798,0.007874988950788975
24,",",0.009581700898706913,0.0,0.010037869215011597,0.0009473011596128345
26, km,0.00844472274184227,0.005224643275141716,0.02188638225197792,0.004684976767748594
28, from,0.0,0.0,0.05867869034409523,0.010408183559775352
30, equ,0.0,0.002851069439202547,0.06878094375133514,0.013645117171108723
