norm_suff_mean,random_suff_mean,norm_comp_mean,random_comp_mean,final suff,final comp,target_tokens
0.006470371037721634,0.0025416386779397726,0.045086152851581573,0.00751211354508996,2.545747756958008,1.1610019207000732," ($,$ km$ from$ equ"
