target_pos,target_token,norm_suff,random_suff,norm_comp,random_comp
26, by,0.0,0.00034538673935458064,0.03252687305212021,0.01300271600484848
28, Weiner,0.0,0.0012926775962114334,0.10657556354999542,0.05253041908144951
30, David,0.0,0.0,0.05340079590678215,0.046817846596241
32,.,0.11703266203403473,0.0,0.01721210777759552,0.0027574864216148853
34,.,0.01249692402780056,0.0,0.02880147472023964,0.010302255861461163
