norm_suff_mean,random_suff_mean,norm_comp_mean,random_comp_mean,final suff,final comp,target_tokens
0.025905916467308998,0.0003276128845755011,0.04770336672663689,0.025082144886255264,79.07477569580078,0.9682013988494873, by$ Weiner$ David$.$.
