target_pos,target_token,norm_suff,random_suff,norm_comp,random_comp
22, to,0.0,0.0,0.04256954789161682,0.02803954854607582
24, actor,0.0,0.0004908570554107428,0.02276678942143917,0.009733466431498528
26, has,0.02422570250928402,0.009946558624505997,0.0978773683309555,0.010045899078249931
28, a,0.0,0.0,0.045682456344366074,0.00801320280879736
30, role,0.0032967189326882362,0.0,0.03561250865459442,0.004177545662969351
