norm_suff_mean,random_suff_mean,norm_comp_mean,random_comp_mean,final suff,final comp,target_tokens
0.0055044847540557384,0.0020874831825494766,0.04890173673629761,0.012001932598650455,2.6369001865386963,2.180391550064087, to$ actor$ has$ a$ role
