target_pos,target_token,norm_suff,random_suff,norm_comp,random_comp
28, The,0.0,0.07150924950838089,0.057955533266067505,0.0138710243627429
30, were,0.0,0.0,0.044663384556770325,0.023901045322418213
32, war,0.0,0.0,0.022758863866329193,0.0042147100903093815
34, the,0.0,0.04145610332489014,0.036824781447649,0.02025369182229042
36,",",0.16423183679580688,0.11792038381099701,0.035751450806856155,0.02056334912776947
