norm_suff_mean,random_suff_mean,norm_comp_mean,random_comp_mean,final suff,final comp,target_tokens
0.032846368849277496,0.04617714881896973,0.039590802043676376,0.016560764983296394,0.7113121747970581,0.504188597202301," The$ were$ war$ the$,"
