target_pos,target_token,norm_suff,random_suff,norm_comp,random_comp
18, in,0.0,0.0,0.053004126995801926,0.03800938278436661
20, middle,0.0,0.0,0.06110987067222595,0.022181587293744087
22, the,0.0,0.0,0.08192399889230728,0.043679676949977875
24,th,0.005172484554350376,0.0010483994847163558,0.008721457794308662,0.0007436072919517756
26,.,0.12677444517612457,0.04526250436902046,0.06019991263747215,0.02470187470316887
