norm_suff_mean,random_suff_mean,norm_comp_mean,random_comp_mean,final suff,final comp,target_tokens
0.026389388367533684,0.009262180887162685,0.052991874516010284,0.025863224640488625,2.8491549491882324,0.9800615310668945, in$ middle$ the$th$.
