target_pos,target_token,norm_suff,random_suff,norm_comp,random_comp
17, ,0.16241300106048584,0.0,0.5331969261169434,0.029843412339687347
19, ,0.04994750767946243,0.015245944261550903,0.2603355646133423,0.04228285700082779
21, ,0.052444156259298325,0.02269328385591507,0.3575341999530792,0.0164161566644907
23, ,0.018175749108195305,0.0,0.18887455761432648,0.01775556243956089
25, ,0.2151358276605606,0.0,0.18137750029563904,0.014088963158428669
