norm_suff_mean,random_suff_mean,norm_comp_mean,random_comp_mean,final suff,final comp,target_tokens
0.09962324798107147,0.007587845902889967,0.30426377058029175,0.024077389389276505,13.129319190979004,0.2416844516992569, $ $ $ $ 
