target_pos,target_token,norm_suff,random_suff,norm_comp,random_comp
13, They,0.09190167486667633,0.0018411064520478249,0.2389228790998459,0.11843930929899216
15, not,0.0,0.0,0.13133487105369568,0.026425430551171303
17,.,0.1979352980852127,0.0,0.22772592306137085,0.03577226772904396
19,I,0.05290558189153671,0.037640657275915146,0.4106138050556183,0.020882217213511467
21,",",0.10593535751104355,0.0,0.10618926584720612,0.0096658393740654
