norm_suff_mean,random_suff_mean,norm_comp_mean,random_comp_mean,final suff,final comp,target_tokens
0.08973558247089386,0.00789635255932808,0.22295735776424408,0.04223701357841492,11.364181518554688,0.4706830084323883," They$ not$.$I$,"
