target_pos,target_token,norm_suff,random_suff,norm_comp,random_comp
21, until,0.09088635444641113,0.04106718674302101,0.08195708692073822,0.016942644491791725
23, French,0.0,0.005242614075541496,0.04553546756505966,0.019658755511045456
25, in,0.009871657937765121,0.0,0.07351283729076385,0.021084534004330635
27,89,0.0005868538282811642,0.0,0.022212671115994453,0.0015983505873009562
29, The,0.021535148844122887,0.18012911081314087,0.08981110155582428,0.0161606352776289
