norm_suff_mean,random_suff_mean,norm_comp_mean,random_comp_mean,final suff,final comp,target_tokens
0.024576004594564438,0.045287784188985825,0.0626058354973793,0.015088984742760658,0.5426629781723022,0.6139722466468811, until$ French$ in$89$ The
