target_pos,target_token,norm_suff,random_suff,norm_comp,random_comp
16, and,0.07465941458940506,0.05487281084060669,0.1746138632297516,0.03832845389842987
18,.,0.2247822880744934,0.0,0.058836158365011215,0.018931502476334572
20, is,0.003969541285187006,0.0,0.05991898849606514,0.019630488008260727
22, known,0.00017528679745737463,0.0,0.012257753871381283,0.0025654479395598173
24, his,0.0,0.0,0.02980867214500904,0.007053403649479151
