norm_suff_mean,random_suff_mean,norm_comp_mean,random_comp_mean,final suff,final comp,target_tokens
0.060717303305864334,0.010974562726914883,0.0670870915055275,0.017301859334111214,5.532548904418945,0.2849576473236084, and$.$ is$ known$ his
