target_pos,target_token,norm_suff,random_suff,norm_comp,random_comp
16, ,0.08134133368730545,0.0030545066110789776,0.9047345519065857,0.04889918863773346
18, ,0.10401512682437897,0.0,0.1750497967004776,0.0249013751745224
20, ,0.05424169823527336,0.06461265683174133,0.23254607617855072,0.02769765630364418
22, ,0.03791848570108414,0.0,0.20457147061824799,0.013966299593448639
24, ,0.14655610918998718,0.001514602336101234,0.17598633468151093,0.014287597499787807
