norm_suff_mean,random_suff_mean,norm_comp_mean,random_comp_mean,final suff,final comp,target_tokens
0.08481454849243164,0.013836353085935116,0.33857765793800354,0.025950422510504723,6.129834175109863,0.30596664547920227, $ $ $ $ 
