target_pos,target_token,norm_suff,random_suff,norm_comp,random_comp
25, of,0.0,0.0,0.1737760454416275,0.034816477447748184
27,ra,0.005777333397418261,0.0,0.00474183214828372,0.0032430989667773247
29, and,0.0,0.018104348331689835,0.016876211389899254,0.010636516846716404
31, from,0.00943312980234623,0.0,0.06316141784191132,0.011812751181423664
33,78,0.0,0.0009450019570067525,0.05079209432005882,0.01967773027718067
