norm_suff_mean,random_suff_mean,norm_comp_mean,random_comp_mean,final suff,final comp,target_tokens
0.0030420925468206406,0.0038098699878901243,0.06186952069401741,0.016037315130233765,0.7984767556190491,5.271803855895996, of$ra$ and$ from$78
