target_pos,target_token,norm_suff,random_suff,norm_comp,random_comp
12,"
",0.18131540715694427,0.01916288025677204,0.637977659702301,0.06232502683997154
14, was,0.0,0.0,0.38197508454322815,0.015891611576080322
16, Sinclair,0.0,0.0,0.11393861472606659,0.06460393220186234
18, in,0.08225534856319427,0.0,0.2092340886592865,0.01726103574037552
20, early,0.0,0.0,0.06794510036706924,0.007416284177452326
