norm_suff_mean,random_suff_mean,norm_comp_mean,random_comp_mean,final suff,final comp,target_tokens
0.05271415039896965,0.003832576097920537,0.28221413493156433,0.0334995798766613,13.754234313964844,0.6354950070381165,"
$ was$ Sinclair$ in$ early"
