target_pos,target_token,norm_suff,random_suff,norm_comp,random_comp
21, ,0.01483958400785923,0.0,0.422897070646286,0.03243446350097656
23, ,0.07612268626689911,0.0,0.13056620955467224,0.02109704352915287
25, ,0.07706902921199799,0.08487634360790253,0.1710367053747177,0.021838629618287086
27, ,0.04809223487973213,0.0,0.13141974806785583,0.008637852035462856
29, ,0.04101671651005745,0.0656738355755806,0.11890234053134918,0.014708518981933594
