norm_suff_mean,random_suff_mean,norm_comp_mean,random_comp_mean,final suff,final comp,target_tokens
0.05142804980278015,0.030110036954283714,0.1949644237756729,0.01974330097436905,1.7080035209655762,0.3839014172554016, $ $ $ $ 
