target_pos,target_token,norm_suff,random_suff,norm_comp,random_comp
22, who,0.005135348532348871,0.0029038183856755495,0.1198858842253685,0.03966914862394333
24, a,0.011633999645709991,0.0,0.034545499831438065,0.026906564831733704
26, agent,0.0034790446516126394,0.0,0.006514302454888821,0.0020850682631134987
28, He,0.01742549054324627,0.0,0.1028580367565155,0.008564688265323639
30, played,0.0,0.0002771486761048436,0.03615158423781395,0.012309443205595016
