norm_suff_mean,random_suff_mean,norm_comp_mean,random_comp_mean,final suff,final comp,target_tokens
0.0075347768142819405,0.000636193435639143,0.05999106168746948,0.017906982451677322,11.843531608581543,2.376577615737915, who$ a$ agent$ He$ played
