target_pos,target_token,norm_suff,random_suff,norm_comp,random_comp
26, ,0.0,0.0,0.2544611394405365,0.01751026138663292
28, ,0.0,0.005522198509424925,0.15233154594898224,0.020144466310739517
30, ,0.0,0.013274077326059341,0.3465178906917572,0.018442196771502495
32, ,0.0502326600253582,0.0021314043551683426,0.10989924520254135,0.01088032592087984
34, ,0.02530575916171074,0.05003959313035011,0.11924592405557632,0.010152528062462807
