norm_suff_mean,random_suff_mean,norm_comp_mean,random_comp_mean,final suff,final comp,target_tokens
0.015107683837413788,0.014193454757332802,0.19649115204811096,0.015425956808030605,1.064411997795105,1.0210669040679932, $ $ $ $ 
