suff,comp,random_suff,random_comp
0.0012580347725652994,0.009911514358251976,0.0022344800335950604,0.004162155140677916
