suff,comp,random_suff,random_comp
0.011881588207731953,0.7877060678791874,0.040167746499217144,0.4356509446461166
