suff,comp,random_suff,random_comp
0.011881588207731953,0.7877060678791874,0.05755535752427864,0.5093511784039062
