suff,comp,random_suff,random_comp
0.011881588207731953,0.7877060678791874,0.05330686259278023,0.5793641775049986
