target_pos,target_token,norm_suff,random_suff,norm_comp,random_comp
45,"
",0.07409680634737015,0.0023546351585537195,0.03453666344285011,0.04116406664252281
47,A,0.0,0.0,0.6117883324623108,0.006237281020730734
49,"
",0.0,0.0,0.4465072751045227,0.00268302159383893
51,The,0.027755122631788254,0.0,0.046161577105522156,0.011373131535947323
53, sent,0.1010247990489006,0.016867084428668022,0.16212336719036102,0.03970112279057503
