target_pos,target_token,norm_suff,random_suff,norm_comp,random_comp
44,"
",0.06591100245714188,0.0,0.026913678273558617,0.02150179073214531
46,I,0.05628523230552673,0.0,0.025924021378159523,0.02821670100092888
48, it,0.0,0.0,0.02509617619216442,0.03749098256230354
50, because,0.1005365327000618,0.0,0.5453726053237915,0.011068847961723804
52, was,0.0,0.0,0.01759698987007141,0.011263541877269745
