norm_suff_mean,random_suff_mean,norm_comp_mean,random_comp_mean,final suff,final comp,target_tokens
0.04057534784078598,0.003844343824312091,0.2602234482765198,0.02023172564804554,10.554557800292969,0.4986211359500885,"
$A$
$The$ sent"
