target_pos,target_token,norm_suff,random_suff,norm_comp,random_comp
50,"
",0.04016248881816864,0.12093281745910645,0.16110505163669586,0.015367040410637856
52,A,0.0,0.0,0.2965395152568817,0.03441167622804642
54,"
",0.0,0.0,0.016685208305716515,0.0044887312687933445
56,The,0.04909117519855499,0.014484798535704613,0.028786322101950645,0.008473671972751617
58, is,0.11810523271560669,0.0,0.06485594063997269,0.05568314716219902
