target_pos,target_token,norm_suff,random_suff,norm_comp,random_comp
49, I,0.008876444771885872,0.0,0.01236081961542368,0.03122340887784958
51,'t,0.056055810302495956,0.022158583626151085,0.00470418157055974,0.0046296012587845325
53,.,0.055573005229234695,0.0,0.025074221193790436,0.00911068357527256
55, just,0.0,0.0,0.17737911641597748,0.011312328279018402
57,.,0.008924496360123158,0.0,0.029102444648742676,0.005399859510362148
