norm_suff_mean,random_suff_mean,norm_comp_mean,random_comp_mean,final suff,final comp,target_tokens
0.041471779346466064,0.027083521708846092,0.1135944128036499,0.023684853687882423,1.5312550067901611,0.5711077451705933,"
$A$
$The$ is"
