norm_suff_mean,random_suff_mean,norm_comp_mean,random_comp_mean,final suff,final comp,target_tokens
0.02588595263659954,0.0044317166320979595,0.04972415789961815,0.012335176579654217,5.841066837310791,0.4765200912952423, I$'t$.$ just$.
