target_pos,target_token,norm_suff,random_suff,norm_comp,random_comp
75,"
",0.04755883663892746,0.0,0.07343537360429764,0.10229743272066116
77,I,0.0,0.011345920152962208,0.03556780889630318,0.03675307333469391
79, shopping,0.09060576558113098,0.0,0.05994849652051926,0.00999947264790535
81, an,0.0,0.0,0.14001856744289398,0.0012624080991372466
83, mall,0.013963996432721615,0.0014439091319218278,0.025914650410413742,0.0015674685128033161
