target_pos,target_token,norm_suff,random_suff,norm_comp,random_comp
76,"
",0.0,0.0,0.021144505590200424,0.027848459780216217
78,A,0.0,0.0,0.720932126045227,0.007655296940356493
80,"
",0.0,0.0,0.015200698748230934,0.005152616184204817
82,I,0.00568006606772542,0.043520260602235794,0.06907559931278229,0.03750654309988022
84, shopping,0.09372736513614655,0.0,0.02717806212604046,0.008382773026823997
