norm_suff_mean,random_suff_mean,norm_comp_mean,random_comp_mean,final suff,final comp,target_tokens
0.019881486892700195,0.008704052306711674,0.17070619761943817,0.017309138551354408,2.2841644287109375,0.8706158995628357,"
$A$
$I$ shopping"
