norm_suff_mean,random_suff_mean,norm_comp_mean,random_comp_mean,final suff,final comp,target_tokens
0.030425721779465675,0.002557965926826,0.06697697937488556,0.030375970527529716,11.894498825073242,0.9983648061752319,"
$I$ shopping$ an$ mall"
