target_pos,target_token,norm_suff,random_suff,norm_comp,random_comp
52, ,0.23721849918365479,0.0,0.1910075694322586,0.021659785881638527
54,She,0.0,0.0,0.32886582612991333,0.025466496124863625
56, drinking,0.030868036672472954,0.0,0.06871117651462555,0.01458727940917015
58, green,0.04970017448067665,0.0,0.19396652281284332,0.017467204481363297
60,.,0.0,0.10741499811410904,0.012285803444683552,0.0275405440479517
