target_pos,target_token,norm_suff,random_suff,norm_comp,random_comp
51, She,0.0,0.0,0.015808917582035065,0.0135504100471735
53, drinking,0.24372626841068268,0.0,0.05315839499235153,0.02711564302444458
55,.,0.0,0.0,0.01914035715162754,0.04069826751947403
57, was,0.0,0.0,0.032868679612874985,0.015383133664727211
59, it,0.039892688393592834,0.0,0.03037482313811779,0.02655130811035633
