norm_suff_mean,random_suff_mean,norm_comp_mean,random_comp_mean,final suff,final comp,target_tokens
0.06355734169483185,0.021483000367879868,0.15896737575531006,0.02134426310658455,2.9584946632385254,0.3358268737792969, $She$ drinking$ green$.
