target_pos,target_token,norm_suff,random_suff,norm_comp,random_comp
47,"
",0.02827932871878147,0.07728176563978195,0.05399337783455849,0.01959475874900818
49,A,0.0,0.05396945774555206,0.06692095845937729,0.02767038904130459
51,"
",0.0,0.0,0.05897616595029831,0.03895673155784607
53,The,0.0,0.01392341498285532,0.04537607356905937,0.026244334876537323
55, is,0.0,0.0,0.050291646271944046,0.020011402666568756
