target_pos,target_token,norm_suff,random_suff,norm_comp,random_comp
48,"
",0.0,0.0,0.21973374485969543,0.017352743074297905
50,A,0.07519429177045822,0.012643440626561642,0.2615406811237335,0.01079237088561058
52,"
",0.0,0.0,0.011715386062860489,0.004987431690096855
54,The,0.0,0.0,0.02269386500120163,0.019116004928946495
56, is,0.13182249665260315,0.008901291526854038,0.02820347249507904,0.022649649530649185
