norm_suff_mean,random_suff_mean,norm_comp_mean,random_comp_mean,final suff,final comp,target_tokens
0.005655865650624037,0.029034927487373352,0.05511164665222168,0.026495521888136864,0.19479523599147797,4.684609413146973,"
$A$
$The$ is"
