norm_suff_mean,random_suff_mean,norm_comp_mean,random_comp_mean,final suff,final comp,target_tokens
0.04140336066484451,0.004308946430683136,0.10877742618322372,0.014979640021920204,9.608696937561035,0.3617976903915405,"
$A$
$The$ is"
