target_pos,target_token,norm_suff,random_suff,norm_comp,random_comp
46,"
",0.0,0.02589745633304119,0.025939814746379852,0.014691482298076153
48,A,0.0,0.04054909199476242,0.07318191230297089,0.023910528048872948
50,"
",0.0,0.0,0.03374732285737991,0.1302364468574524
52,The,0.0,0.0,0.07594238221645355,0.014019823633134365
54, is,0.14665554463863373,0.04942673444747925,0.06623134762048721,0.0179003793746233
