target_pos,target_token,norm_suff,random_suff,norm_comp,random_comp
47,"
",0.0,0.0,0.028161175549030304,0.01934841461479664
49,A,0.0,0.04277254641056061,0.04229562729597092,0.011632546782493591
51,"
",0.0,0.0,0.010033064521849155,0.0027981598395854235
53,The,0.0,0.0,0.017593195661902428,0.058135922998189926
55, is,0.05674869567155838,0.04879457876086235,0.014235852286219597,0.018739014863967896
