norm_suff_mean,random_suff_mean,norm_comp_mean,random_comp_mean,final suff,final comp,target_tokens
0.011349739506840706,0.01831342652440071,0.022463783621788025,0.02213081158697605,0.6197496652603149,1.949895977973938,"
$A$
$The$ is"
