norm_suff_mean,random_suff_mean,norm_comp_mean,random_comp_mean,final suff,final comp,target_tokens
0.029331108555197716,0.023174656555056572,0.05500855669379234,0.04015173017978668,1.2656545639038086,1.3689128160476685,"
$A$
$The$ is"
