target_pos,target_token,norm_suff,random_suff,norm_comp,random_comp
58,"
",0.0,0.0,0.016492323949933052,0.009862230159342289
60,A,0.0,0.015391029417514801,0.8644671440124512,0.010618503205478191
62,"
",0.14091123640537262,0.0,0.3733658790588379,0.011976088397204876
64,I,0.0,0.0,0.04027600586414337,0.014899061061441898
66, you,0.22641228139400482,0.0,0.029440615326166153,0.009311255998909473
