target_pos,target_token,norm_suff,random_suff,norm_comp,random_comp
57, I,0.0,0.0,0.010017256252467632,0.016142642125487328
59, no,0.037128664553165436,0.0,0.03305843099951744,0.01818660832941532
61,.,0.0,0.031051360070705414,0.011785340495407581,0.037934549152851105
63, had,0.0,0.06801706552505493,0.012781803496181965,0.04409005120396614
65, idea,0.0,0.0,0.22840309143066406,0.012916674837470055
