norm_suff_mean,random_suff_mean,norm_comp_mean,random_comp_mean,final suff,final comp,target_tokens
0.07346470654010773,0.0030782059766352177,0.26480838656425476,0.011333427391946316,23.866079330444336,0.15427036583423615,"
$A$
$I$ you"
