norm_suff_mean,random_suff_mean,norm_comp_mean,random_comp_mean,final suff,final comp,target_tokens
0.007425732910633087,0.01981368474662304,0.0592091865837574,0.02585410512983799,0.37477800250053406,3.4816906452178955, I$ no$.$ had$ idea
