target_pos,target_token,norm_suff,random_suff,norm_comp,random_comp
52,"
",0.26635992527008057,0.03616959601640701,0.13578398525714874,0.03262121602892876
54,A,0.0,0.02474387362599373,0.932256817817688,0.03658950328826904
56,"
",0.0,0.0,0.022894958034157753,0.008373559452593327
58,The,0.0594259649515152,0.0,0.162074014544487,0.024460040032863617
60, is,0.088995561003685,0.0490979328751564,0.026084935292601585,0.032245755195617676
