target_pos,target_token,norm_suff,random_suff,norm_comp,random_comp
51,"
",0.03961355611681938,0.0,0.024704916402697563,0.034048404544591904
53,He,0.0,0.0,0.017550630494952202,0.016838662326335907
55, it,0.0,0.0,0.025025954470038414,0.07573402673006058
57, the,0.0,0.0,0.035535309463739395,0.03383491560816765
59, because,0.0,0.0,1.0,0.0257564689964056
