norm_suff_mean,random_suff_mean,norm_comp_mean,random_comp_mean,final suff,final comp,target_tokens
0.08295629173517227,0.02200227975845337,0.2558189332485199,0.026858014985919,3.7703497409820557,0.3237610459327698,"
$A$
$The$ is"
