target_pos,target_token,norm_suff,random_suff,norm_comp,random_comp
68,"
",0.0,0.0,0.024238886311650276,0.021369969472289085
70,Ash,0.0,0.0,0.05398030951619148,0.009848613291978836
72, had,0.0,0.0,0.1259925812482834,0.010138598270714283
74, bought,0.05647822842001915,0.0033695390447974205,0.27777135372161865,0.0063224793411791325
76, w,0.014403784647583961,0.0,0.8338016271591187,0.004477754235267639
