target_pos,target_token,norm_suff,random_suff,norm_comp,random_comp
69,"
",0.43674540519714355,0.0,0.05415082722902298,0.03744569048285484
71,A,0.0,0.023858174681663513,0.12729822099208832,0.018060099333524704
73,"
",0.0,0.0,0.07540936022996902,0.006821822375059128
75,The,0.0,0.0,0.06879960000514984,0.027252623811364174
77, is,0.13404886424541473,0.028592150658369064,0.021876191720366478,0.04821084439754486
