norm_suff_mean,random_suff_mean,norm_comp_mean,random_comp_mean,final suff,final comp,target_tokens
0.014176403172314167,0.0006739078089594841,0.2631569504737854,0.010431482456624508,21.036115646362305,0.7358342409133911,"
$Ash$ had$ bought$ w"
