norm_suff_mean,random_suff_mean,norm_comp_mean,random_comp_mean,final suff,final comp,target_tokens
0.11415886133909225,0.010490065440535545,0.06950684636831284,0.0275582205504179,10.882569313049316,0.24140237271785736,"
$A$
$The$ is"
