target_pos,target_token,norm_suff,random_suff,norm_comp,random_comp
62,"
",0.0,0.0,0.02408169023692608,0.03099699132144451
64,S,0.04616931825876236,0.04027964174747467,0.056764714419841766,0.049088604748249054
66,tha,0.27691537141799927,0.0,0.052105486392974854,0.001055839005857706
68, to,0.011704366654157639,0.0018784921849146485,0.0036708733532577753,0.002862974302843213
70, out,0.04252791032195091,0.0,0.14513857662677765,0.002605538349598646
