target_pos,target_token,norm_suff,random_suff,norm_comp,random_comp
63,"
",0.0,0.0,0.030810067430138588,0.028814686462283134
65,A,0.0,0.009412609040737152,0.08537306636571884,0.028429415076971054
67,"
",0.0,0.041445400565862656,0.0040456149727106094,0.00464622862637043
69,The,0.0,0.0,0.026971055194735527,0.012622321024537086
71, is,0.2011551409959793,0.03281085938215256,0.03625360131263733,0.005600411910563707
