norm_suff_mean,random_suff_mean,norm_comp_mean,random_comp_mean,final suff,final comp,target_tokens
0.04023103043437004,0.016733774915337563,0.03669068217277527,0.016022613272070885,2.404181480407715,0.3982650339603424,"
$A$
$The$ is"
