norm_suff_mean,random_suff_mean,norm_comp_mean,random_comp_mean,final suff,final comp,target_tokens
0.07546339184045792,0.008431627415120602,0.056352268904447556,0.017321988940238953,8.95003890991211,0.22954161465168,"
$S$tha$ to$ out"
