target_pos,target_token,norm_suff,random_suff,norm_comp,random_comp
55, Why,0.0,0.0,0.024773988872766495,0.02946154773235321
57, M,0.02417593263089657,0.0,0.011924086138606071,0.010724186897277832
59,a,0.0873957946896553,0.0,0.08163635432720184,0.0005264015635475516
61, her,0.03395728021860123,0.0,0.13140469789505005,0.04581429064273834
63, in,0.08719681203365326,0.01459020096808672,0.07716087996959686,0.004640755243599415
