target_pos,target_token,norm_suff,random_suff,norm_comp,random_comp
56,"
",0.0,0.05243818834424019,0.10228843241930008,0.18928802013397217
58, ,0.03415004909038544,0.0,0.6325966119766235,0.017348678782582283
60, ,0.005403850227594376,0.02814410999417305,0.7525717616081238,0.03584785759449005
62, ,0.09100145101547241,0.0,0.07590243965387344,0.025610623881220818
64, ,0.12912410497665405,0.022492676973342896,0.37121909856796265,0.04983661696314812
