norm_suff_mean,random_suff_mean,norm_comp_mean,random_comp_mean,final suff,final comp,target_tokens
0.04654516652226448,0.002918040147051215,0.06537999957799911,0.018233437091112137,15.950831413269043,0.3917364180088043, Why$ M$a$ her$ in
