norm_suff_mean,random_suff_mean,norm_comp_mean,random_comp_mean,final suff,final comp,target_tokens
0.051935888826847076,0.020614994689822197,0.3869156837463379,0.06358636915683746,2.5193257331848145,1.2243242263793945,"
$ $ $ $ "
