target_pos,target_token,norm_suff,random_suff,norm_comp,random_comp
53,"
",0.0666099339723587,0.0,0.048281922936439514,0.01919570006430149
55,A,0.0,0.0,0.12858927249908447,0.020916884765028954
57,"
",0.0,0.0,0.06807907670736313,0.1967151015996933
59,The,0.0,0.006947856862097979,0.01776965893805027,0.012440769001841545
61, is,0.27850624918937683,0.016764584928750992,0.05097547918558121,0.01548808440566063
