target_pos,target_token,norm_suff,random_suff,norm_comp,random_comp
54,"
",0.003966163378208876,0.0,0.019864173606038094,0.06180863454937935
56,A,0.0,0.0,0.6722010970115662,0.007348794490098953
58,"
",0.047213077545166016,0.09496579319238663,0.08879023045301437,0.01957397162914276
60,The,0.013593488372862339,0.0,0.022522110491991043,0.022787149995565414
62, is,0.13825204968452454,0.0,0.020747104659676552,0.00883856788277626
