norm_suff_mean,random_suff_mean,norm_comp_mean,random_comp_mean,final suff,final comp,target_tokens
0.0690232440829277,0.004742488265037537,0.06273908913135529,0.05295131355524063,14.55422592163086,0.7671518921852112,"
$A$
$The$ is"
