norm_suff_mean,random_suff_mean,norm_comp_mean,random_comp_mean,final suff,final comp,target_tokens
0.040604956448078156,0.018993159756064415,0.1648249477148056,0.024071425199508667,2.1378726959228516,0.59281986951828,"
$A$
$The$ is"
