target_pos,target_token,norm_suff,random_suff,norm_comp,random_comp
68,"
",0.028048263862729073,0.10653124004602432,0.08700773119926453,0.02320282906293869
70,A,0.037030719220638275,0.03375498205423355,0.27617141604423523,0.023642780259251595
72,"
",0.0,0.0,0.04059665650129318,0.04704735055565834
74,The,0.0,0.03774530813097954,0.06160528585314751,0.0948900580406189
76, is,0.28098851442337036,0.0,0.12453006207942963,0.02448710799217224
