target_pos,target_token,norm_suff,random_suff,norm_comp,random_comp
67,"
",0.028768666088581085,0.01650312729179859,0.019305486232042313,0.02935362234711647
69,Mary,0.0,0.0,0.10948403179645538,0.03843379393219948
71, a,0.01068066619336605,0.0,0.02347915805876255,0.021640975028276443
73, good,0.19208787381649017,0.0,0.0790744200348854,0.009686166420578957
75,ler,0.01995653659105301,0.004680692683905363,0.009361264295876026,0.0003830940695479512
