norm_suff_mean,random_suff_mean,norm_comp_mean,random_comp_mean,final suff,final comp,target_tokens
0.06921350210905075,0.03560630604624748,0.11798223108053207,0.04265402629971504,1.9438551664352417,0.6162674427032471,"
$A$
$The$ is"
