norm_suff_mean,random_suff_mean,norm_comp_mean,random_comp_mean,final suff,final comp,target_tokens
0.05029875040054321,0.004236764274537563,0.04814087226986885,0.019899530336260796,11.871973037719727,0.3956267237663269,"
$Mary$ a$ good$ler"
