target_pos,target_token,norm_suff,random_suff,norm_comp,random_comp
56,"
",0.013485701754689217,0.0,0.025060158222913742,0.021580934524536133
58,They,0.06831416487693787,0.0,1.0462257862091064,0.019438019022345543
60, to,0.24168097972869873,0.0,0.01008585561066866,0.009658179245889187
62, it,0.08338678628206253,0.004184394609183073,0.011704222299158573,0.025493517518043518
64, a,0.0,0.008289432153105736,0.001914911437779665,0.004237839486449957
