target_pos,target_token,norm_suff,random_suff,norm_comp,random_comp
57,	,0.0016817683354020119,0.06436387449502945,0.058522433042526245,0.015359947457909584
59, wanted,0.1400681585073471,0.0035947158467024565,0.07044882327318192,0.012865661643445492
61, announce,0.0,0.0,0.04792090132832527,0.020571038126945496
63, in,0.01803888939321041,0.021017542108893394,0.04549754410982132,0.015986206009984016
65, fun,0.013767563737928867,0.0,0.025604670867323875,0.005856188479810953
