norm_suff_mean,random_suff_mean,norm_comp_mean,random_comp_mean,final suff,final comp,target_tokens
0.03471127524971962,0.017795227468013763,0.049598876386880875,0.01412780862301588,1.9505946636199951,0.40700921416282654,	$ wanted$ announce$ in$ fun
