norm_suff_mean,random_suff_mean,norm_comp_mean,random_comp_mean,final suff,final comp,target_tokens
0.08137352764606476,0.0024947654455900192,0.21899817883968353,0.01608169823884964,32.617706298828125,0.19762812554836273,"
$They$ to$ it$ a"
