target_pos,target_token,norm_suff,random_suff,norm_comp,random_comp
54,"
",0.09692200273275375,0.010551550425589085,0.012960119172930717,0.0246486347168684
56,Mar,0.0,0.0,0.15774455666542053,0.033436138182878494
58,'s,0.03666148707270622,0.014050024561583996,0.010000324808061123,0.014740998856723309
60, was,0.11115963757038116,0.05844520032405853,0.06571036577224731,0.067420095205307
62, into,0.011272878386080265,0.0,0.03471299633383751,0.002839252119883895
