target_pos,target_token,norm_suff,random_suff,norm_comp,random_comp
55,	,0.19252406060695648,0.0,0.09537306427955627,0.012865190394222736
57,	,0.11260256916284561,0.07127083837985992,0.16863290965557098,0.07387050241231918
59,	,0.04243168979883194,0.0,0.14092743396759033,0.027237871661782265
61,	,0.03431239351630211,0.0,0.029178297147154808,0.018772635608911514
63,	,0.058666814118623734,0.00969776138663292,0.03232308104634285,0.01951398327946663
