norm_suff_mean,random_suff_mean,norm_comp_mean,random_comp_mean,final suff,final comp,target_tokens
0.08810750395059586,0.016193721443414688,0.09328695386648178,0.03045203723013401,5.44084358215332,0.345623642206192,	$	$	$	$	
