norm_suff_mean,random_suff_mean,norm_comp_mean,random_comp_mean,final suff,final comp,target_tokens
0.051203202456235886,0.016609353944659233,0.056225668638944626,0.028617024421691895,3.0827932357788086,0.5588912963867188,"
$Mar$'s$ was$ into"
