target_pos,target_token,norm_suff,random_suff,norm_comp,random_comp
44,"
",0.0,0.021940255537629128,0.017873229458928108,0.016246221959590912
46,	,0.09588310122489929,0.0,0.06350279599428177,0.05212123319506645
48,	,0.0010240278206765652,0.0,0.07064363360404968,0.02389046922326088
50,	,0.0,0.0,0.03633984550833702,0.0285527054220438
52,	,0.03365912288427353,0.009948967024683952,0.03880070522427559,0.0473066084086895
