target_pos,target_token,norm_suff,random_suff,norm_comp,random_comp
43,	,0.010550702922046185,0.02842528745532036,0.019467787817120552,0.009634478949010372
45,	,0.03603703901171684,0.024845510721206665,0.07073187083005905,0.07274845242500305
47,	,0.10427930951118469,0.014262842945754528,0.053499165922403336,0.042453400790691376
49,	,0.22517059743404388,0.0,0.03677191212773323,0.06690041720867157
51,	,0.0013710774946957827,0.0,0.03142697364091873,0.032956305891275406
