norm_suff_mean,random_suff_mean,norm_comp_mean,random_comp_mean,final suff,final comp,target_tokens
0.026113251224160194,0.006377844605594873,0.045432042330503464,0.03362344950437546,4.094369411468506,1.2876009941101074,"
$	$	$	$	"
