norm_suff_mean,random_suff_mean,norm_comp_mean,random_comp_mean,final suff,final comp,target_tokens
0.07548174262046814,0.01350672822445631,0.04237953945994377,0.04493861272931099,5.5884552001953125,0.595357358455658,	$	$	$	$	
