target_pos,target_token,norm_suff,random_suff,norm_comp,random_comp
56,"
",0.0,0.0,0.08615514636039734,0.0814523994922638
58,A,0.0,0.0,0.7119674682617188,0.018436932936310768
60,"
",0.0,0.0,0.39441412687301636,0.017968803644180298
62,The,0.0,0.0,0.07047715038061142,0.008504706434905529
64, is,0.24164313077926636,0.0,0.09115540236234665,0.00977883767336607
