target_pos,target_token,norm_suff,random_suff,norm_comp,random_comp
56,"
",0.010256362147629261,0.0,0.014507616870105267,0.022151069715619087
58,A,0.0,0.0,0.05780009925365448,0.016818152740597725
60,	,0.0,0.0016243633581325412,0.16950322687625885,0.10488367825746536
62, he,0.0905124619603157,0.0,0.1134229302406311,0.05313512682914734
64, to,0.006486610975116491,0.0,0.01390085555613041,0.005596838425844908
