norm_suff_mean,random_suff_mean,norm_comp_mean,random_comp_mean,final suff,final comp,target_tokens
0.021451087668538094,0.00032487267162650824,0.07382694631814957,0.04051697254180908,66.02921295166016,1.8888074159622192,"
$A$	$ he$ to"
