target_pos,target_token,norm_suff,random_suff,norm_comp,random_comp
51,"
",0.0,0.0,0.03233233094215393,0.024041008204221725
53,A,0.0,0.03966256231069565,0.08184052258729935,0.021032869815826416
55,"
",0.0,0.0,0.30619779229164124,0.021885113790631294
57,The,0.0,0.0,0.21728341281414032,0.020070090889930725
59, is,0.16387376189231873,0.03979814797639847,0.021356958895921707,0.009436193853616714
