target_pos,target_token,norm_suff,random_suff,norm_comp,random_comp
50,"
",0.0,0.0,0.09874986112117767,0.016374893486499786
52,A,0.0,0.0,0.02299603819847107,0.01225978136062622
54,"
",0.018515463918447495,0.04889139160513878,0.06538517028093338,0.17563213407993317
56,The,0.0,0.0,0.04397302493453026,0.04359442740678787
58, is,0.1497979611158371,0.0,0.11984247714281082,0.00772531982511282
