norm_suff_mean,random_suff_mean,norm_comp_mean,random_comp_mean,final suff,final comp,target_tokens
0.03366268798708916,0.0097782788798213,0.07018931955099106,0.05111731216311455,3.442598581314087,1.5185154676437378,"
$A$
$The$ is"
