norm_suff_mean,random_suff_mean,norm_comp_mean,random_comp_mean,final suff,final comp,target_tokens
0.032774753868579865,0.015892142429947853,0.13180220127105713,0.019293054938316345,2.0623245239257812,0.5886560082435608,"
$A$
$The$ is"
