target_pos,target_token,norm_suff,random_suff,norm_comp,random_comp
63,"
",0.06087488681077957,0.0,0.06949421763420105,0.033735133707523346
65,	,0.0,0.0,0.3626403510570526,0.03423330932855606
67,	,0.034964419901371,0.0,0.04338780418038368,0.012352289631962776
69,	,0.022243252024054527,0.01669328100979328,0.050388455390930176,0.006999123375862837
71,	,0.02073182538151741,0.0,0.03132244572043419,0.01870906725525856
