target_pos,target_token,norm_suff,random_suff,norm_comp,random_comp
64,"
",0.0,0.021485820412635803,0.02810906618833542,0.04011724144220352
66,	,0.0,0.0,0.09621889144182205,0.04689812287688255
68,	,0.0,0.013227223418653011,0.027037184685468674,0.06697089225053787
70,	,0.03266484662890434,0.0,0.03123351000249386,0.027663949877023697
72,	,0.008600611239671707,0.0,0.03587756305932999,0.005790610332041979
