norm_suff_mean,random_suff_mean,norm_comp_mean,random_comp_mean,final suff,final comp,target_tokens
0.00825309194624424,0.00694260885939002,0.04369524121284485,0.03748816251754761,1.188759446144104,4.5423173904418945,"
$	$	$	$	"
