norm_suff_mean,random_suff_mean,norm_comp_mean,random_comp_mean,final suff,final comp,target_tokens
0.02776287868618965,0.0033386561553925276,0.11144665628671646,0.021205784752964973,8.315585136413574,0.7638179659843445,"
$	$	$	$	"
