target_pos,target_token,norm_suff,random_suff,norm_comp,random_comp
51,"
",0.0,0.08432606607675552,0.031017709523439407,0.03977099806070328
53,Jul,0.0,0.0,0.9257924556732178,0.082473985850811
55, was,0.15188883244991302,0.002641376806423068,0.615820050239563,0.020395342260599136
57, the,0.0,0.0,0.0023901555687189102,0.004446099046617746
59, with,0.05748103931546211,0.07337598502635956,0.13589219748973846,0.024515213444828987
