target_pos,target_token,norm_suff,random_suff,norm_comp,random_comp
52,"
",0.0,0.030313072726130486,0.03199465200304985,0.022839823737740517
54,A,0.0,0.015498312190175056,0.6938658952713013,0.04425683245062828
56,"
",0.0,0.0,0.021030403673648834,0.007256700657308102
58,The,0.0,0.0,0.10273357480764389,0.02019064873456955
60, is,0.3029419779777527,0.023302249610424042,0.0933666080236435,0.01105079147964716
