norm_suff_mean,random_suff_mean,norm_comp_mean,random_comp_mean,final suff,final comp,target_tokens
0.060588397085666656,0.013822726905345917,0.18859823048114777,0.02111895941197872,4.38324499130249,0.34856441617012024,"
$A$
$The$ is"
