norm_suff_mean,random_suff_mean,norm_comp_mean,random_comp_mean,final suff,final comp,target_tokens
0.04187397286295891,0.03206868842244148,0.3421825170516968,0.03432032838463783,1.3057588338851929,0.819610059261322,"
$Jul$ was$ the$ with"
