target_pos,target_token,norm_suff,random_suff,norm_comp,random_comp
57,"
",0.0,0.0,0.031336091458797455,0.015810109674930573
59,A,0.0,0.022729700431227684,1.039687156677246,0.019783668220043182
61,"
",0.0,0.02199021726846695,0.0012291911989450455,0.0014080532127991319
63,I,0.008377421647310257,0.0,0.013758622109889984,0.013265128247439861
65, the,0.10484115779399872,0.0,0.020908664911985397,0.02324250526726246
