target_pos,target_token,norm_suff,random_suff,norm_comp,random_comp
56, I,0.0,0.008934208191931248,0.009073404595255852,0.012705712579190731
58, to,0.0,0.0,0.01225566677749157,0.01037414651364088
60, a,0.0,0.01935257948935032,0.054591238498687744,0.019578997045755386
62,man,0.07611936330795288,0.0,0.03250490128993988,0.019047563895583153
64, I,0.05089102312922478,0.04308689385652542,0.006879269145429134,0.008930078707635403
