norm_suff_mean,random_suff_mean,norm_comp_mean,random_comp_mean,final suff,final comp,target_tokens
0.022643715143203735,0.008943984284996986,0.2213839590549469,0.014701892621815205,2.5317256450653076,0.6492703557014465,"
$A$
$I$ the"
