norm_suff_mean,random_suff_mean,norm_comp_mean,random_comp_mean,final suff,final comp,target_tokens
0.02540207840502262,0.014274735935032368,0.02306089550256729,0.014127299189567566,1.7795130014419556,0.5561473965644836, I$ to$ a$man$ I
