target_pos,target_token,norm_suff,random_suff,norm_comp,random_comp
48,"
",0.0178154855966568,0.0,0.027236267924308777,0.026786329224705696
50,Chris,0.0,0.0,1.0180001258850098,0.029506683349609375
52, struggling,0.0,0.0,0.4418942928314209,0.042245857417583466
54, English,0.0,0.0018542369361966848,0.8251816034317017,0.0062922039069235325
56,.,0.0,0.0,0.0025232238695025444,0.0011181714944541454
