target_pos,target_token,norm_suff,random_suff,norm_comp,random_comp
49,"
",0.0,0.07267501950263977,0.03340192884206772,0.022697895765304565
51,A,0.07378805428743362,0.002636123914271593,0.973457932472229,0.015707163140177727
53,"
",0.0,0.0,0.04271485283970833,0.005261593032628298
55,The,0.012305877171456814,0.0,0.09057192504405975,0.03946696221828461
57, helped,0.09655439853668213,0.032769132405519485,0.7196869850158691,0.021391943097114563
