norm_suff_mean,random_suff_mean,norm_comp_mean,random_comp_mean,final suff,final comp,target_tokens
0.03652966395020485,0.021616054698824883,0.371966689825058,0.020905112847685814,1.689932107925415,0.5722777247428894,"
$A$
$The$ helped"
