norm_suff_mean,random_suff_mean,norm_comp_mean,random_comp_mean,final suff,final comp,target_tokens
0.0035630972124636173,0.0003708473814185709,0.4629671275615692,0.021189851686358452,9.607988357543945,5.947031497955322,"
$Chris$ struggling$ English$."
