target_pos,target_token,norm_suff,random_suff,norm_comp,random_comp
59,"
",0.0,0.0,0.017939357087016106,0.06422550976276398
61,Tim,0.0,0.03879094496369362,0.1493852287530899,0.013446155935525894
63, a,0.0,0.0,0.014749565161764622,0.04579952731728554
65,ologist,0.08231014758348465,0.0,0.0970383882522583,0.04749611020088196
67, He,0.0,0.0010392509866505861,0.007267578039318323,0.015360568650066853
