target_pos,target_token,norm_suff,random_suff,norm_comp,random_comp
60,"
",0.08843117952346802,0.002737860893830657,0.09707476198673248,0.03703433647751808
62,A,0.0,8.294331928482279e-05,0.6916481852531433,0.013755741529166698
64,"
",0.0,0.0,0.053790222853422165,0.001869085943326354
66,Tim,0.0,0.0,0.8745811581611633,0.01350022479891777
68, collecting,0.0,0.0,1.0,0.04092344641685486
