norm_suff_mean,random_suff_mean,norm_comp_mean,random_comp_mean,final suff,final comp,target_tokens
0.01646202988922596,0.007966039702296257,0.05727602168917656,0.03726557642221451,2.066526174545288,2.2637290954589844,"
$Tim$ a$ologist$ He"
