norm_suff_mean,random_suff_mean,norm_comp_mean,random_comp_mean,final suff,final comp,target_tokens
0.017686236649751663,0.0005641608731821179,0.5434188842773438,0.021416565403342247,31.349634170532227,1.2109169960021973,"
$A$
$Tim$ collecting"
