target_pos,target_token,norm_suff,random_suff,norm_comp,random_comp
54,"
",0.0,0.0,0.08378663659095764,0.026796631515026093
56,A,0.0,0.009865683503448963,0.06601414829492569,0.026060188189148903
58,"
",0.0,0.0,0.3982873558998108,0.029540764167904854
60,The,0.018802160397171974,0.0,0.02846650965511799,0.01719547249376774
62, was,0.14861926436424255,0.026135357096791267,0.06867054849863052,0.02039632946252823
