target_pos,target_token,norm_suff,random_suff,norm_comp,random_comp
53,"
",0.0,0.0,0.04414002597332001,0.019965292885899544
55,A,0.0,0.0,0.02073916234076023,0.017683958634734154
57,"
",0.0,0.0,0.06356498599052429,0.021391117945313454
59,The,0.0,0.0,0.018110176548361778,0.03486037626862526
61, was,0.1328214704990387,0.0,0.2070072442293167,0.015010607428848743
