norm_suff_mean,random_suff_mean,norm_comp_mean,random_comp_mean,final suff,final comp,target_tokens
0.033484287559986115,0.007200208492577076,0.1290450394153595,0.023997876793146133,4.650460720062256,0.7166906595230103,"
$A$
$The$ was"
