target_pos,target_token,norm_suff,random_suff,norm_comp,random_comp
64,"
",0.0,0.05222342908382416,0.01594354771077633,0.052413977682590485
66,The,0.0,0.08995477855205536,0.01080755703151226,0.0340212881565094
68,arian,0.11775771528482437,0.0022551831789314747,0.1410278081893921,0.0010389096569269896
70, walking,0.34723275899887085,0.0015559843741357327,0.21905110776424408,0.0233234241604805
72, the,0.0,0.0,0.011895814910531044,0.0031878664158284664
