target_pos,target_token,norm_suff,random_suff,norm_comp,random_comp
65,"
",0.0,0.0,0.03093131259083748,0.015160053968429565
67,A,0.007871395908296108,0.001781328464858234,0.075832799077034,0.011238032951951027
69,"
",0.0,0.0,0.010232389904558659,0.002637345576658845
71,The,0.0,0.0,0.027778925374150276,0.006366129033267498
73,arian,0.007084638345986605,0.009847850538790226,0.01784871146082878,0.0012032127706333995
