norm_suff_mean,random_suff_mean,norm_comp_mean,random_comp_mean,final suff,final comp,target_tokens
0.09299809485673904,0.029197875410318375,0.07974517345428467,0.02279709279537201,3.1850979328155518,0.24513505399227142,"
$The$arian$ walking$ the"
