norm_suff_mean,random_suff_mean,norm_comp_mean,random_comp_mean,final suff,final comp,target_tokens
0.0029912069439888,0.002325835870578885,0.03252482786774635,0.00732095493003726,1.2860782146453857,2.4474918842315674,"
$A$
$The$arian"
