target_pos,target_token,norm_suff,random_suff,norm_comp,random_comp
45,"
",0.0,0.026017026975750923,0.04796600714325905,0.1654743105173111
47, think,0.0,0.0011437252396717668,0.05200846493244171,0.02631010115146637
49, was,0.0,0.0,0.04788914695382118,0.050092242658138275
51, a,0.007156180217862129,0.0,0.07820490747690201,0.037905216217041016
53, bit,0.0,0.0,0.059058837592601776,0.04970763996243477
