norm_suff_mean,random_suff_mean,norm_comp_mean,random_comp_mean,final suff,final comp,target_tokens
0.0014312360435724258,0.0054321507923305035,0.057025473564863205,0.06589790433645248,0.2634750306606293,46.04265213012695,"
$ think$ was$ a$ bit"
