target_pos,target_token,norm_suff,random_suff,norm_comp,random_comp
50, Because,0.0,0.014774486422538757,0.08525718748569489,0.10212015360593796
52, was,0.0,0.0,0.03334163874387741,0.03380337357521057
54,.,0.0,0.0314747616648674,0.06085527688264847,0.03325144574046135
56,I,0.003969046752899885,0.0,0.026802949607372284,0.0649687796831131
58, sorry,0.02082640305161476,0.0,0.04855206608772278,0.028886741027235985
