norm_suff_mean,random_suff_mean,norm_comp_mean,random_comp_mean,final suff,final comp,target_tokens
0.004959090147167444,0.009249850176274776,0.050961822271347046,0.05260610207915306,0.5361265540122986,10.608015060424805, Because$ was$.$I$ sorry
