target_pos,target_token,norm_suff,random_suff,norm_comp,random_comp
76,"
",0.0,0.012883756309747696,0.025552669540047646,0.045732565224170685
78,I,0.0,0.0,0.09546982496976852,0.034055013209581375
80, shopping,0.0,0.0,0.017259875312447548,0.01536047738045454
82, an,0.0,0.0,0.0019844439812004566,0.0016371406381949782
84, mall,0.000704489357303828,0.00022510488633997738,0.004723065532743931,0.003331094514578581
