norm_suff_mean,random_suff_mean,norm_comp_mean,random_comp_mean,final suff,final comp,target_tokens
0.0001408978714607656,0.0026217724662274122,0.02899797633290291,0.02002326026558876,0.053741455078125,142.11187744140625,"
$I$ shopping$ an$ mall"
