target_pos,target_token,norm_suff,random_suff,norm_comp,random_comp
52, She,0.0,0.0,0.06835373491048813,0.08295149356126785
54,'t,0.0,0.0,0.002686979714781046,0.006176323629915714
56, to,0.002597237704321742,0.0,0.041192784905433655,0.050127316266298294
58, it,0.019740501418709755,0.0,0.03152261674404144,0.034264739602804184
60, She,0.0,0.005458235740661621,0.09359979629516602,0.04638306424021721
