norm_suff_mean,random_suff_mean,norm_comp_mean,random_comp_mean,final suff,final comp,target_tokens
0.004467547871172428,0.001091647194698453,0.04747118428349495,0.043980587273836136,4.092483043670654,9.844457626342773, She$'t$ to$ it$ She
