target_pos,target_token,norm_suff,random_suff,norm_comp,random_comp
48, Because,0.0036975897382944822,0.0,0.05465546250343323,0.06850800663232803
50, was,0.0,0.0,0.03846155107021332,0.05359189957380295
52,.,0.035424984991550446,0.08062515407800674,0.036618489772081375,0.043721992522478104
54, was,0.0,0.0013193404302001,0.055693238973617554,0.0404801070690155
56, of,0.05271447077393532,0.0,0.10345332324504852,0.08800815045833588
