norm_suff_mean,random_suff_mean,norm_comp_mean,random_comp_mean,final suff,final comp,target_tokens
0.018367409706115723,0.016388898715376854,0.05777641758322716,0.05886203050613403,1.1207226514816284,3.2046995162963867, Because$ was$.$ was$ of
