target_pos,target_token,norm_suff,random_suff,norm_comp,random_comp
47, He,0.05068405717611313,0.0,0.06285887211561203,0.060699742287397385
49, playing,0.004339816048741341,0.0,0.06695762276649475,0.06454075127840042
51,.,0.05489077419042587,0.03449912369251251,0.07139680534601212,0.08481232076883316
53, got,0.0,0.0,0.04905956611037254,0.052557192742824554
55, spr,4.340062878327444e-05,5.1034810894634575e-05,0.007798799779266119,0.030016513541340828
