norm_suff_mean,random_suff_mean,norm_comp_mean,random_comp_mean,final suff,final comp,target_tokens
0.021991608664393425,0.0069100321270525455,0.05161433294415474,0.05852530524134636,3.1825623512268066,2.6612563133239746, He$ playing$.$ got$ spr
