target_pos,target_token,norm_suff,random_suff,norm_comp,random_comp
58, I,0.03026556968688965,0.019557524472475052,0.03979705274105072,0.07375151664018631
60, to,0.0,0.007643996737897396,0.04455499351024628,0.04772746562957764
62, it,0.025045214220881462,0.0013091842411085963,0.04135788977146149,0.03125666826963425
64,.,0.03626326844096184,0.0017444239929318428,0.06061306968331337,0.06411030888557434
66, was,0.0,0.0,0.048173610121011734,0.028886515647172928
