norm_suff_mean,random_suff_mean,norm_comp_mean,random_comp_mean,final suff,final comp,target_tokens
0.01831481046974659,0.006051026284694672,0.04689932242035866,0.04914649948477745,3.0267279148101807,2.68342924118042, I$ to$ it$.$ was
