target_pos,target_token,norm_suff,random_suff,norm_comp,random_comp
52, Because,0.01328391581773758,0.001144021051004529,0.046726293861866,0.0377214215695858
54, loved,0.0,0.0,0.0549667589366436,0.03517753258347511
56, play,0.0,0.0,0.0238510612398386,0.025475699454545975
58, his,0.013043023645877838,0.0,0.1330665498971939,0.07464882731437683
60,.,0.03233730420470238,0.040301740169525146,0.031024551019072533,0.019322972744703293
