norm_suff_mean,random_suff_mean,norm_comp_mean,random_comp_mean,final suff,final comp,target_tokens
0.011732849292457104,0.008289152756333351,0.057927049696445465,0.03846929222345352,1.415446162223816,3.2787680625915527, Because$ loved$ play$ his$.
