target_pos,target_token,norm_suff,random_suff,norm_comp,random_comp
69, She,0.0,0.000686127576045692,0.06614632904529572,0.05561837553977966
71, to,0.0005810336442664266,0.0,0.02083105407655239,0.026547318324446678
73, a,0.002630263101309538,0.0,0.07534146308898926,0.043498437851667404
75,-,0.009630127809941769,0.0060606482438743114,0.02232762798666954,0.036787863820791245
77,ry,0.001730247400701046,0.0,0.0049276878125965595,0.009404383599758148
