norm_suff_mean,random_suff_mean,norm_comp_mean,random_comp_mean,final suff,final comp,target_tokens
0.00291433441452682,0.0013493552105501294,0.037914834916591644,0.0343712754547596,2.1597979068756104,11.793868064880371, She$ to$ a$-$ry
