target_pos,target_token,norm_suff,random_suff,norm_comp,random_comp
63,"
",0.0,0.0,0.10725916177034378,0.08300520479679108
65,S,0.0,0.0,0.05970607325434685,0.05161741375923157
67,tha,0.000690358632709831,0.0008073372300714254,0.0019149873405694962,0.0028817865531891584
69, to,0.004035860765725374,0.0,0.018984736874699593,0.013512690551578999
71, out,0.0,0.0,0.011327595449984074,0.01118365116417408
