norm_suff_mean,random_suff_mean,norm_comp_mean,random_comp_mean,final suff,final comp,target_tokens
0.0009452439262531698,0.00016146745474543422,0.0398385114967823,0.032440152019262314,5.854083061218262,34.31934356689453,"
$S$tha$ to$ out"
