target_pos,target_token,norm_suff,random_suff,norm_comp,random_comp
56,"
",0.0,0.0,0.04923270270228386,0.1332675665616989
58,M,5.161526132724248e-05,0.0,0.09342079609632492,0.05265755578875542
60,a,0.0,0.0,0.00560064148157835,0.009218458086252213
62, her,0.0,0.006194184068590403,0.05346514657139778,0.05605792999267578
64, to,0.010675019584596157,0.0,0.011647259816527367,0.011154859326779842
