norm_suff_mean,random_suff_mean,norm_comp_mean,random_comp_mean,final suff,final comp,target_tokens
0.002145326929166913,0.0012388367904350162,0.04267330840229988,0.05247127637267113,1.731726884841919,24.458406448364258,"
$M$a$ her$ to"
