target_pos,target_token,norm_suff,random_suff,norm_comp,random_comp
54, Because,0.0043730949983000755,0.0,0.051425423473119736,0.029046814888715744
56, was,0.0,0.0,0.04242415353655815,0.027654750272631645
58, good,0.0,0.0,0.0918630063533783,0.050211235880851746
60,.,0.023338433355093002,0.021314045414328575,0.023452820256352425,0.019006524235010147
62, was,0.0,0.0,0.04800579324364662,0.05919307842850685
