norm_suff_mean,random_suff_mean,norm_comp_mean,random_comp_mean,final suff,final comp,target_tokens
0.005542305763810873,0.0042628091759979725,0.051434244960546494,0.037022482603788376,1.300153374671936,6.679978370666504, Because$ was$ good$.$ was
