target_pos,target_token,norm_suff,random_suff,norm_comp,random_comp
68,"
",0.0,0.0,0.057980578392744064,0.05198086425662041
70,Mary,0.0012806580634787679,0.0,0.04318683221936226,0.03357825428247452
72, a,0.00837610848248005,0.004868880845606327,0.08409816026687622,0.08592970669269562
74, student,0.00437992112711072,0.00039474928053095937,0.04433209076523781,0.061433594673871994
76, She,0.010138355195522308,0.02164606936275959,0.03774937987327576,0.023115497082471848
