norm_suff_mean,random_suff_mean,norm_comp_mean,random_comp_mean,final suff,final comp,target_tokens
0.004835008643567562,0.005381939932703972,0.05346940830349922,0.05120758339762688,0.8983765244483948,10.591001510620117,"
$Mary$ a$ student$ She"
