target_pos,target_token,norm_suff,random_suff,norm_comp,random_comp
57,"
",0.0,0.02053907886147499,0.06291379779577255,0.14043742418289185
59,Matt,0.0,0.0,0.05816520377993584,0.07768331468105316
61, Sarah,0.0,0.00244806706905365,0.01748933643102646,0.01484040915966034
63, to,0.0,0.0,0.033813606947660446,0.03983213007450104
65, it,0.01143659371882677,0.0,0.06290467083454132,0.0733145922422409
