norm_suff_mean,random_suff_mean,norm_comp_mean,random_comp_mean,final suff,final comp,target_tokens
0.0022873186971992254,0.004597429186105728,0.04705732315778732,0.06922157853841782,0.4975212514400482,30.263198852539062,"
$Matt$ Sarah$ to$ it"
