target_pos,target_token,norm_suff,random_suff,norm_comp,random_comp
55,	,0.0,0.0073905223980546,0.06869532912969589,0.05054493620991707
57, she,0.0001514970208518207,0.0,0.06306298077106476,0.03593195602297783
59, a,0.0,0.011317797936499119,0.06272946298122406,0.05969538167119026
61,.,0.05786353722214699,0.025300633162260056,0.034017156809568405,0.09878437221050262
63,Why,0.0,0.0,0.0995468944311142,0.060276538133621216
