norm_suff_mean,random_suff_mean,norm_comp_mean,random_comp_mean,final suff,final comp,target_tokens
0.011603007093071938,0.00880179088562727,0.0656103640794754,0.06104663759469986,1.3182553052902222,5.261277198791504,	$ she$ a$.$Why
