target_pos,target_token,norm_suff,random_suff,norm_comp,random_comp
44,	,0.0,0.0,0.06554179638624191,0.11486354470252991
46, she,0.0037146774120628834,0.0,0.07881203293800354,0.04588386416435242
48, a,0.010494790971279144,0.0015573747223243117,0.09213350713253021,0.07204083353281021
50,.,0.002729345578700304,0.023159844800829887,0.04394109547138214,0.0940575897693634
52,She,0.0,0.0,0.06715736538171768,0.07278110831975937
