norm_suff_mean,random_suff_mean,norm_comp_mean,random_comp_mean,final suff,final comp,target_tokens
0.003387762699276209,0.004943443927913904,0.06951715797185898,0.07992538809776306,0.6853041648864746,23.59238052368164,	$ she$ a$.$She
