target_pos,target_token,norm_suff,random_suff,norm_comp,random_comp
57,	,0.0,0.0,0.1079169288277626,0.13658149540424347
59, was,0.0,0.0002866881259251386,0.05814942345023155,0.07363380491733551
61, ball,0.0,0.0010985523695126176,0.07928214222192764,0.060567911714315414
63, his,0.0026167116593569517,0.005029120948165655,0.011946085840463638,0.014322051778435707
65,.,0.030577030032873154,0.026036646217107773,0.008756658062338829,0.00684250658378005
