norm_suff_mean,random_suff_mean,norm_comp_mean,random_comp_mean,final suff,final comp,target_tokens
0.006638748105615377,0.006490201689302921,0.05321024730801582,0.05838955566287041,1.0228878259658813,8.795266151428223,	$ was$ ball$ his$.
