target_pos,target_token,norm_suff,random_suff,norm_comp,random_comp
51, Because,0.0,0.0,0.03547641262412071,0.0537404790520668
53, wanted,0.0,0.0,0.04107487201690674,0.03134547546505928
55, paint,0.003981762565672398,0.016605405136942863,0.027680177241563797,0.02506723813712597
57, bedroom,0.0,0.0002802757662720978,0.19708742201328278,0.046939417719841
59,.,0.06942033767700195,0.04417360946536064,0.03168022260069847,0.04573502019047737
