norm_suff_mean,random_suff_mean,norm_comp_mean,random_comp_mean,final suff,final comp,target_tokens
0.01468042004853487,0.012211858294904232,0.06659982353448868,0.040565527975559235,1.2021446228027344,2.763240337371826, Because$ wanted$ paint$ bedroom$.
