target_pos,target_token,norm_suff,random_suff,norm_comp,random_comp
64, She,0.0,0.0,0.0672033354640007,0.034936483949422836
66, hungry,0.012088663876056671,0.0036254599690437317,0.04160900041460991,0.043771594762802124
68,"
",0.0,0.0,0.06578783690929413,0.05658142641186714
70,Ann,0.0,0.0,0.07130616158246994,0.05394930765032768
72, so,0.0,0.0009649558924138546,0.05917792022228241,0.04781310260295868
