norm_suff_mean,random_suff_mean,norm_comp_mean,random_comp_mean,final suff,final comp,target_tokens
0.0024177327286452055,0.0009180831839330494,0.06101684644818306,0.04741038382053375,2.6334571838378906,19.609439849853516," She$ hungry$
$Ann$ so"
