target_pos,target_token,norm_suff,random_suff,norm_comp,random_comp
52, She,0.0,0.0,0.07316204160451889,0.11677864193916321
54, at,0.008865456096827984,0.0,0.06651369482278824,0.08935055136680603
56, beach,0.0,0.0,0.042127277702093124,0.03542032837867737
58, her,0.0,0.0,0.04309334233403206,0.05340036377310753
60,.,0.013876155018806458,0.013575834222137928,0.10082552582025528,0.05044357478618622
