norm_suff_mean,random_suff_mean,norm_comp_mean,random_comp_mean,final suff,final comp,target_tokens
0.004548322409391403,0.0027151668909937143,0.0651443749666214,0.06907869875431061,1.6751538515090942,15.187731742858887, She$ at$ beach$ her$.
