target_pos,target_token,norm_suff,random_suff,norm_comp,random_comp
57, Because,0.0,0.0,0.049129046499729156,0.0366947315633297
59, was,0.0,0.0,0.052492037415504456,0.02576269768178463
61, kid,0.0,0.0,0.05387776345014572,0.04176151007413864
63,"
",0.0,0.0,0.03325221315026283,0.03364994376897812
65,'m,0.0,0.0,0.0396769754588604,0.030233722180128098
