target_pos,target_token,norm_suff,random_suff,norm_comp,random_comp
49, Chris,0.015058465301990509,0.0,0.09337146580219269,0.05324922502040863
51, struggling,0.0024304999969899654,0.00770913902670145,0.23272521793842316,0.1584630310535431
53, English,0.0017113740323111415,0.0,0.022551732137799263,0.011585492640733719
55,.,0.04288417100906372,0.1109728142619133,0.01384498830884695,0.03101576492190361
57, decided,0.0,0.0,0.008796867914497852,0.00927239190787077
