norm_suff_mean,random_suff_mean,norm_comp_mean,random_comp_mean,final suff,final comp,target_tokens
0.012416901998221874,0.023736391216516495,0.07425805181264877,0.0527171790599823,0.5231166481971741,4.245598316192627, Chris$ struggling$ English$.$ decided
