target_pos,target_token,norm_suff,random_suff,norm_comp,random_comp
60,"
",0.0,0.0,0.03603074327111244,0.07281052321195602
62,Tim,0.0,0.0,0.11575260013341904,0.0746794268488884
64, a,0.0,0.0,0.12471384555101395,0.05953459441661835
66, good,0.0,0.0007621370605193079,0.04833180084824562,0.06945177167654037
68,.,0.03814000263810158,0.030436627566814423,0.04750547930598259,0.08016826212406158
