norm_suff_mean,random_suff_mean,norm_comp_mean,random_comp_mean,final suff,final comp,target_tokens
0.007628000807017088,0.006239752750843763,0.07446689903736115,0.07132891565561295,1.2224844694137573,9.350932121276855,"
$Tim$ a$ good$."
