target_pos,target_token,norm_suff,random_suff,norm_comp,random_comp
54,"
",0.015058222226798534,0.0,0.06127849966287613,0.060016073286533356
56,Tim,0.0,0.0,0.07937416434288025,0.10084617882966995
58, Stan,0.0,0.0,0.01323473360389471,0.011353380046784878
60, in,0.004439742304384708,0.007749117445200682,0.051420584321022034,0.048141755163669586
62, ice,0.0,0.0,0.005413032602518797,0.006351368967443705
