norm_suff_mean,random_suff_mean,norm_comp_mean,random_comp_mean,final suff,final comp,target_tokens
0.0038995929062366486,0.0015498235588893294,0.042144205421209335,0.04534175246953964,2.516152858734131,11.627304077148438,"
$Tim$ Stan$ in$ ice"
