target_pos,target_token,norm_suff,random_suff,norm_comp,random_comp
65, Because,0.0,0.0,0.04642345756292343,0.03802661970257759
67, were,0.0,0.0,0.04100434482097626,0.0505031980574131
69, of,0.0023013411555439234,0.0,0.040178749710321426,0.028308803215622902
71, foreigners,0.0014006473356857896,0.0010340160224586725,0.040249817073345184,0.04961003363132477
73,"
",0.0,0.0,0.04215403273701668,0.034576546400785446
