norm_suff_mean,random_suff_mean,norm_comp_mean,random_comp_mean,final suff,final comp,target_tokens
0.000740397721529007,0.0002068032044917345,0.042002081871032715,0.04020503908395767,3.5802042484283447,54.30194854736328," Because$ were$ of$ foreigners$
"
