target_pos,target_token,norm_suff,random_suff,norm_comp,random_comp
34, in,0.0,0.039216298609972,0.06918227672576904,0.020770348608493805
36, Pennsylvania,0.0,0.0,0.0037556025199592113,0.0033023718278855085
38, the,0.004059439525008202,0.0,0.0012705842964351177,0.0013790088705718517
40, States,0.0,0.0,0.000902503146789968,0.0002869314339477569
42, It,0.0,0.003830077825114131,0.026401754468679428,0.009797168895602226
