norm_suff_mean,random_suff_mean,norm_comp_mean,random_comp_mean,final suff,final comp,target_tokens
0.0008118879050016403,0.008609275333583355,0.02030254527926445,0.007107165642082691,0.09430386126041412,8.753875732421875, in$ Pennsylvania$ the$ States$ It
