target_pos,target_token,norm_suff,random_suff,norm_comp,random_comp
18, in,0.0,0.0,0.01758667081594467,0.0035958944354206324
20,75,0.0007142667309381068,0.0,0.01643308624625206,0.008675101213157177
22, It,0.028328055515885353,0.04576410353183746,0.006044958718121052,0.005429205950349569
24, composed,0.0,0.0,0.014697730541229248,0.007517458405345678
26, nine,0.01089053601026535,0.008978577330708504,0.020292362198233604,0.008314564824104309
