norm_suff_mean,random_suff_mean,norm_comp_mean,random_comp_mean,final suff,final comp,target_tokens
0.00798657163977623,0.010948535986244678,0.015010962262749672,0.006706445012241602,0.7294648289680481,0.8397151231765747, in$75$ It$ composed$ nine
