target_pos,target_token,norm_suff,random_suff,norm_comp,random_comp
19,"
",0.04150222986936569,0.0,0.036236200481653214,0.03873428329825401
21,'m,0.0,0.002071086084470153,0.031496793031692505,0.01939215324819088
23, sure,0.0,0.0,0.016154613345861435,0.009408887475728989
25, this,0.0,0.019485091790556908,0.026423534378409386,0.00615835003554821
27, a,0.0,0.02974957972764969,0.026717208325862885,0.013426669873297215
