norm_suff_mean,random_suff_mean,norm_comp_mean,random_comp_mean,final suff,final comp,target_tokens
0.008300445973873138,0.010261151008307934,0.027405669912695885,0.017424067482352257,0.8089196085929871,2.099172353744507,"
$'m$ sure$ this$ a"
