target_pos,target_token,norm_suff,random_suff,norm_comp,random_comp
16, ,0.002779890550300479,0.000387439300538972,0.04084788262844086,0.02286514639854431
18, ,0.0,0.0,0.028052309527993202,0.011262363754212856
20, ,0.0,0.0,0.035446152091026306,0.03143149986863136
22, ,0.0,0.007303563877940178,0.025325380265712738,0.015456616878509521
24, ,0.0,0.0,0.030827686190605164,0.004027538932859898
