norm_suff_mean,random_suff_mean,norm_comp_mean,random_comp_mean,final suff,final comp,target_tokens
0.0005559780984185636,0.0015382006531581283,0.0320998840034008,0.01700863242149353,0.3614470660686493,30.592269897460938, $ $ $ $ 
