target_pos,target_token,norm_suff,random_suff,norm_comp,random_comp
25, ,0.0,0.011507035233080387,0.03605876863002777,0.014160672202706337
27, ,0.0,0.0,0.028835706412792206,0.0061367531307041645
29, ,0.05188901349902153,0.0,0.02291363850235939,0.028219377622008324
31, ,0.0,0.023976817727088928,0.011279290542006493,0.008643342182040215
33, ,0.0,0.0,0.026112398132681847,0.013684946112334728
