norm_suff_mean,random_suff_mean,norm_comp_mean,random_comp_mean,final suff,final comp,target_tokens
0.010377802886068821,0.0070967706851661205,0.02503995969891548,0.014169017784297466,1.462327480316162,1.3653196096420288, $ $ $ $ 
