target_pos,target_token,norm_suff,random_suff,norm_comp,random_comp
21, ,0.0,0.0005698791355825961,0.044124726206064224,0.014737355522811413
23, ,0.0,0.0,0.014792201109230518,0.00679467897862196
25, ,0.0,0.0,0.009708864614367485,0.005854932591319084
27, ,0.0,0.0640651136636734,0.009923174045979977,0.0033676938619464636
29, ,0.0,0.0,0.009445068426430225,0.005238938611000776
