target_pos,target_token,norm_suff,random_suff,norm_comp,random_comp
22, (,0.018872033804655075,0.016735224053263664,0.005261609330773354,0.004875803366303444
24,",",0.01300895493477583,0.025287523865699768,0.0004863655776716769,0.0008963730651885271
26, km,0.0030112212989479303,0.0021301493979990482,0.005182194989174604,0.0018097928259521723
28, from,0.0,0.004296981729567051,0.01567062921822071,0.003878910792991519
30, west,0.0,0.0,0.013012292794883251,0.011898824945092201
