norm_suff_mean,random_suff_mean,norm_comp_mean,random_comp_mean,final suff,final comp,target_tokens
0.0069784424267709255,0.009689976461231709,0.00792261864989996,0.004671941045671701,0.7201712727546692,0.6694819331169128," ($,$ km$ from$ west"
