target_pos,target_token,norm_suff,random_suff,norm_comp,random_comp
26, by,0.0,0.0,0.01168420072644949,0.012608137913048267
28, B,0.0,0.0,0.003933683503419161,0.0019825284834951162
30,en,0.0003386593598406762,0.0012902874732390046,0.0036180950701236725,0.002254728227853775
32, based,0.0033484601881355047,0.0,0.034064583480358124,0.025623779743909836
34, the,0.0059163314290344715,0.02585669420659542,0.014367198571562767,0.0087010832503438
