norm_suff_mean,random_suff_mean,norm_comp_mean,random_comp_mean,final suff,final comp,target_tokens
0.0019206901779398322,0.005429396405816078,0.013533552177250385,0.010234052315354347,0.3537575900554657,5.328320026397705, by$ B$en$ based$ the
