target_pos,target_token,norm_suff,random_suff,norm_comp,random_comp
22, by,0.0,0.01728176139295101,0.060875263065099716,0.0248800627887249
24, National,0.0,0.0,0.01899588853120804,0.008105656132102013
26, of,0.012346952222287655,0.010432993061840534,0.006302537862211466,0.002588873729109764
28, Arts,0.0004700211575254798,0.0015038254205137491,0.0046299719251692295,0.005981322377920151
30, Sciences,0.0,4.143484602536773e-06,0.006020051892846823,0.0020834258757531643
