norm_suff_mean,random_suff_mean,norm_comp_mean,random_comp_mean,final suff,final comp,target_tokens
0.002563394606113434,0.005844544619321823,0.019364742562174797,0.00872786808758974,0.43859612941741943,3.404808521270752, by$ National$ of$ Arts$ Sciences
