target_pos,target_token,norm_suff,random_suff,norm_comp,random_comp
28, The,0.016713587567210197,0.06527216732501984,0.013257462531328201,0.0056634321808815
30,eng,0.001388154341839254,0.001074980478733778,0.0038536195643246174,0.0013493255246430635
32, period,0.013637089170515537,0.0,0.02158639207482338,0.009348800405859947
34, often,0.004806224722415209,0.0009319692035205662,0.011681346222758293,0.004102068021893501
36, to,0.0,0.0,0.002013332676142454,0.000828260846901685
