norm_suff_mean,random_suff_mean,norm_comp_mean,random_comp_mean,final suff,final comp,target_tokens
0.007309011649340391,0.013455823063850403,0.010478430427610874,0.004258377477526665,0.5431857705116272,0.5826201438903809, The$eng$ period$ often$ to
