target_pos,target_token,norm_suff,random_suff,norm_comp,random_comp
18, in,0.0,0.0,0.014197306707501411,0.015616933815181255
20, middle,0.0,0.0004399009339977056,0.011904706247150898,0.011761784553527832
22,.,0.02265365980565548,0.025441797450184822,0.005593310575932264,0.005644234828650951
24, was,0.0,0.0008225383935496211,0.01313835009932518,0.006152041256427765
26, in,0.0,0.0,0.018167586997151375,0.008189767599105835
