norm_suff_mean,random_suff_mean,norm_comp_mean,random_comp_mean,final suff,final comp,target_tokens
0.004530732054263353,0.0053408476524055,0.012600252404808998,0.009472953155636787,0.84831702709198,2.0908217430114746, in$ middle$.$ was$ in
