target_pos,target_token,norm_suff,random_suff,norm_comp,random_comp
17, ,0.0,0.0,0.02885131910443306,0.018927443772554398
19, ,0.0,0.0,0.015826642513275146,0.013712198473513126
21, ,0.0,0.0,0.019212648272514343,0.019336091354489326
23, ,0.0,0.002827055985108018,0.011728138662874699,0.014777956530451775
25, ,0.0,0.0,0.02352524921298027,0.00879860483109951
