target_pos,target_token,norm_suff,random_suff,norm_comp,random_comp
13, They,0.0,0.0,0.04628627374768257,0.053740356117486954
15, used,0.0,0.0033562355674803257,0.026709163561463356,0.02414008416235447
17, cooking,0.0,0.0,0.01631147786974907,0.011174608953297138
19, as,0.0,0.014653345569968224,0.0240618996322155,0.02050035074353218
21, source,0.0,0.0,0.021867329254746437,0.01657758839428425
