target_pos,target_token,norm_suff,random_suff,norm_comp,random_comp
21, until,0.0,0.0,0.014430797658860683,0.008678290992975235
23, French,0.0,0.0,0.013333183713257313,0.009974664077162743
25, in,0.0,0.0,0.015237650834023952,0.008953927084803581
27,89,0.0001563225087011233,0.0009327881271019578,0.0041398233734071255,0.0024379563983529806
29, The,0.0,0.0,0.009119722992181778,0.006157050374895334
