norm_suff_mean,random_suff_mean,norm_comp_mean,random_comp_mean,final suff,final comp,target_tokens
3.126450246782042e-05,0.0001865576341515407,0.011252235621213913,0.007240377366542816,0.1675862967967987,231.5845947265625, until$ French$ in$89$ The
