target_pos,target_token,norm_suff,random_suff,norm_comp,random_comp
16, He,0.0,0.009830481372773647,0.09253047406673431,0.040092166513204575
18, best,0.0,0.006762702018022537,0.054575979709625244,0.009201211854815483
20, for,0.02444860339164734,0.005960594862699509,0.006442255340516567,0.004837717395275831
22, role,0.0,0.0,0.00914983730763197,0.003427465446293354
24, the,0.0,0.0,0.018775060772895813,0.0050404309295117855
