norm_suff_mean,random_suff_mean,norm_comp_mean,random_comp_mean,final suff,final comp,target_tokens
0.00488972058519721,0.004510756116360426,0.03629472479224205,0.01251979824155569,1.0840134620666504,2.560432195663452, He$ best$ for$ role$ the
