target_pos,target_token,norm_suff,random_suff,norm_comp,random_comp
16, ,0.0,0.0,0.0764603465795517,0.025411313399672508
18, Mario,0.0,0.007267561741173267,0.009433070197701454,0.010127720423042774
20,.,0.018730733543634415,0.0,0.00787369254976511,0.013498262502253056
22, a,0.002099552657455206,0.0,0.010679470375180244,0.008492465130984783
24, side,0.0,0.0,0.011887773871421814,0.011610196903347969
