norm_suff_mean,random_suff_mean,norm_comp_mean,random_comp_mean,final suff,final comp,target_tokens
0.004166057333350182,0.0014535123482346535,0.02326687052845955,0.013827991671860218,2.8662002086639404,3.3192033767700195, $ Mario$.$ a$ side
