target_pos,target_token,norm_suff,random_suff,norm_comp,random_comp
25, of,0.0,0.0,0.01856488548219204,0.009647882543504238
27,ra,0.0007809280068613589,0.0,0.001157471677288413,0.001283754943870008
29, and,0.0029581249691545963,0.0,0.03070650063455105,0.014371149241924286
31, from,0.0,0.0,0.009326321072876453,0.005296155344694853
33,37,0.004934809170663357,0.0,0.015887001529335976,0.010950488969683647
