target_pos,target_token,norm_suff,random_suff,norm_comp,random_comp
12,"
",0.0,0.0,0.05799068883061409,0.03079979121685028
14, had,0.011701853014528751,0.023280389606952667,0.011376301757991314,0.011172669008374214
16, of,0.0,0.0,0.009844745509326458,0.007128561846911907
18, in,0.0,0.0276561938226223,0.008681329898536205,0.005974106024950743
20, early,0.0,0.0,0.01081350538879633,0.005645782686769962
