norm_suff_mean,random_suff_mean,norm_comp_mean,random_comp_mean,final suff,final comp,target_tokens
0.0023403705563396215,0.010187316685914993,0.01974131539463997,0.012144180946052074,0.22973376512527466,5.188999176025391,"
$ had$ of$ in$ early"
