target_pos,target_token,norm_suff,random_suff,norm_comp,random_comp
21, ,0.04620899632573128,0.0,0.050310660153627396,0.012479486875236034
23, ,0.0,0.01883849874138832,0.023092512041330338,0.007904650643467903
25, ,0.001965838950127363,0.0,0.020327899605035782,0.025576308369636536
27, ,0.06410019844770432,0.05867977440357208,0.013800784945487976,0.005479334853589535
29, ,0.0,0.0,0.02072671614587307,0.0065450966358184814
