norm_suff_mean,random_suff_mean,norm_comp_mean,random_comp_mean,final suff,final comp,target_tokens
0.02245500683784485,0.01550365425646305,0.025651713833212852,0.011596976779401302,1.4483686685562134,0.5164539217948914, $ $ $ $ 
