target_pos,target_token,norm_suff,random_suff,norm_comp,random_comp
22, for,0.029481668025255203,0.02887890860438347,0.02795366384088993,0.010539837181568146
24, Los,0.0,0.0,0.01705099269747734,0.016277482733130455
26, Dodgers,0.00023796255118213594,0.0,0.0019244691357016563,0.0024965484626591206
28, Major,0.0004686851752921939,0.004425127059221268,0.0014542181743308902,0.00070434738881886
30, Baseball,0.0,0.0004642251878976822,0.00040635824552737176,0.0008150966605171561
