norm_suff_mean,random_suff_mean,norm_comp_mean,random_comp_mean,final suff,final comp,target_tokens
0.0060376632027328014,0.006753651890903711,0.009757940657436848,0.006166662555187941,0.8939849734306335,1.021365761756897, for$ Los$ Dodgers$ Major$ Baseball
