target_pos,target_token,norm_suff,random_suff,norm_comp,random_comp
26, ,0.0,0.0745723620057106,0.018726151436567307,0.006229536607861519
28, ,0.032638613134622574,0.04427780210971832,0.006151196546852589,0.00486789271235466
30, ,0.0,0.0,0.007606574334204197,0.005270834546536207
32, ,0.01939966343343258,0.04692760854959488,0.008067063055932522,0.004113330040127039
34, ,0.0,0.04849153757095337,0.007282169070094824,0.004749722313135862
