norm_suff_mean,random_suff_mean,norm_comp_mean,random_comp_mean,final suff,final comp,target_tokens
0.010407655499875546,0.042853862047195435,0.00956663116812706,0.005046263337135315,0.24286389350891113,0.48486071825027466, $ $ $ $ 
