target_pos,target_token,norm_suff,random_suff,norm_comp,random_comp
44, He,0.0,0.0,0.019691461697220802,0.021315883845090866
46, a,0.0,0.0,0.1266903281211853,0.012149777263402939
48, kid,0.0,0.0,0.011637361720204353,0.02138889767229557
50, He,0.010047856718301773,0.0,0.014351590536534786,0.011664869263768196
52, a,0.0,0.0,0.014096674509346485,0.040675826370716095
