target_pos,target_token,norm_suff,random_suff,norm_comp,random_comp
44, Because,0.0,0.0018804750870913267,0.01166869793087244,0.008007758297026157
46, was,0.00369475269690156,0.014732841402292252,0.005769114010035992,0.003778223181143403
48, good,0.0020069226156920195,0.012806606478989124,0.05062234774231911,0.0069139692932367325
50,.,0.007595117203891277,0.0,0.0045610289089381695,0.008806977421045303
52, was,0.005246457643806934,0.0013408183585852385,0.003622801974415779,0.007457920350134373
