norm_suff_mean,random_suff_mean,norm_comp_mean,random_comp_mean,final suff,final comp,target_tokens
0.0037086501251906157,0.006152148824185133,0.015248797833919525,0.006992969661951065,0.6028218865394592,1.885583519935608, Because$ was$ good$.$ was
