target_pos,target_token,norm_suff,random_suff,norm_comp,random_comp
49, I,0.0062469965778291225,0.005331657361239195,0.004058333579450846,0.007077720016241074
51,'t,0.00027400683029554784,0.00048709666589275,0.0003217773337382823,0.00023695141135249287
53,.,0.025323519483208656,0.012824395671486855,0.016675077378749847,0.01454093586653471
55, was,0.006765618920326233,0.0004991089808754623,0.005932647734880447,0.004691846203058958
57, happy,0.006309842690825462,0.002356910379603505,0.004025179892778397,0.011198633350431919
