target_pos,target_token,norm_suff,random_suff,norm_comp,random_comp
49, I,0.003090736223384738,0.009808437898755074,0.05216079205274582,0.017298180609941483
51, so,0.0,0.0,0.06938967853784561,0.03345922753214836
53,.,0.0,0.0,0.021352998912334442,0.00877720583230257
55, was,0.0,0.0004067813861183822,0.042464450001716614,0.012724309228360653
57, happy,0.0,0.0,0.022380337119102478,0.04847000911831856
