norm_suff_mean,random_suff_mean,norm_comp_mean,random_comp_mean,final suff,final comp,target_tokens
0.008983996696770191,0.004299833904951811,0.0062026032246649265,0.007549217436462641,2.0893821716308594,0.8402960896492004, I$'t$.$ was$ happy
