norm_suff_mean,random_suff_mean,norm_comp_mean,random_comp_mean,final suff,final comp,target_tokens
0.0006181472563184798,0.002043043961748481,0.04154965281486511,0.024145785719156265,0.3025619089603424,39.06154251098633, I$ so$.$ was$ happy
