target_pos,target_token,norm_suff,random_suff,norm_comp,random_comp
75, I,0.0001457059697713703,0.0,0.006377146113663912,0.005292968824505806
77, I,0.010420293547213078,0.0,0.003893899731338024,0.003266596933826804
79, don,0.005070713348686695,0.003751453710719943,0.003633811604231596,0.0026242423336952925
81, know,0.0,0.0010767715284600854,0.003910913597792387,0.003509060014039278
83, to,0.012407827191054821,0.0,0.003865070641040802,0.0034480204340070486
