target_pos,target_token,norm_suff,random_suff,norm_comp,random_comp
75, I,0.007212452124804258,0.021836504340171814,0.02179071307182312,0.014682892709970474
77, not,0.0,0.0,0.015579571016132832,0.010015972889959812
79,.,0.006827523931860924,0.016809701919555664,0.011489376425743103,0.009028224274516106
81,'m,0.0,0.0,0.018530433997511864,0.010263935662806034
83, sure,0.0,0.0,0.006011505611240864,0.008607132360339165
