norm_suff_mean,random_suff_mean,norm_comp_mean,random_comp_mean,final suff,final comp,target_tokens
0.005608908366411924,0.00096564507111907,0.004336168523877859,0.003628178033977747,5.808457374572754,0.6468599438667297, I$ I$ don$ know$ to
