norm_suff_mean,random_suff_mean,norm_comp_mean,random_comp_mean,final suff,final comp,target_tokens
0.002807995304465294,0.007729241158813238,0.014680320397019386,0.010519632138311863,0.3632950782775879,3.74631404876709, I$ not$.$'m$ sure
