target_pos,target_token,norm_suff,random_suff,norm_comp,random_comp
51, She,0.010939362458884716,0.0011340939672663808,0.01308050099760294,0.0035917351488023996
53,'t,3.3701526263030246e-05,0.0012300758389756083,0.00032053622999228537,0.0002903227577917278
55,.,0.0004604289133567363,0.0009988709352910519,0.006260362453758717,0.006268918048590422
57, just,0.012125005945563316,0.0,0.003920955583453178,0.004914664197713137
59, that,0.004401934798806906,0.0,0.005197389051318169,0.003972641192376614
