target_pos,target_token,norm_suff,random_suff,norm_comp,random_comp
51, She,0.01263874676078558,0.009564626961946487,0.01654420793056488,0.014462579973042011
53,.,0.0,0.0,0.059071484953165054,0.006911620497703552
55, went,0.0,1.960739609785378e-05,0.01071653887629509,0.0111285001039505
57, to,0.0,0.0,0.057424839586019516,0.00505267595872283
59, cup,0.0,0.0002246956864837557,0.01596134714782238,0.013088235631585121
