norm_suff_mean,random_suff_mean,norm_comp_mean,random_comp_mean,final suff,final comp,target_tokens
0.00559208681806922,0.0006726081483066082,0.005755949299782515,0.003807656466960907,8.314033508300781,0.6809008121490479, She$'t$.$ just$ that
