norm_suff_mean,random_suff_mean,norm_comp_mean,random_comp_mean,final suff,final comp,target_tokens
0.0025277493987232447,0.0019617860671132803,0.03194368630647659,0.010128723457455635,1.2884938716888428,4.007012367248535, She$.$ went$ to$ cup
