target_pos,target_token,norm_suff,random_suff,norm_comp,random_comp
47, She,0.014471550472080708,0.025849023833870888,0.0398438386619091,0.04191586375236511
49,'t,0.00041016784962266684,0.0,0.00041578468517400324,0.0003290582390036434
51,.,0.0027788879815489054,0.0,0.04334205389022827,0.015917686745524406
53, didn,0.0,0.0,0.010176463983952999,0.030207019299268723
55, know,0.0,0.0,0.012502685189247131,0.00924478005617857
