target_pos,target_token,norm_suff,random_suff,norm_comp,random_comp
47, She,0.0066077071242034435,0.0033051606733351946,0.006647683680057526,0.005904982332140207
49, going,0.0008029901655390859,0.0,0.009478889405727386,0.006953501142561436
51, the,0.0,0.011906553991138935,0.00457104342058301,0.004983167629688978
53, to,0.00499382521957159,0.00013478285109158605,0.012828676961362362,0.007098768372088671
55, her,0.002491552382707596,0.001373696024529636,0.009353956207633018,0.0077329897321760654
