norm_suff_mean,random_suff_mean,norm_comp_mean,random_comp_mean,final suff,final comp,target_tokens
0.0029792150016874075,0.0033440389670431614,0.008576050400733948,0.006534682121127844,0.8909031748771667,2.1934242248535156, She$ going$ the$ to$ her
