norm_suff_mean,random_suff_mean,norm_comp_mean,random_comp_mean,final suff,final comp,target_tokens
0.0035321214236319065,0.00516980467364192,0.021256165578961372,0.019522881135344505,0.6832214593887329,5.5272393226623535, She$'t$.$ didn$ know
