target_pos,target_token,norm_suff,random_suff,norm_comp,random_comp
46, Because,0.0047271172516047955,0.010625672526657581,0.009655581787228584,0.006036684382706881
48, was,0.002207539277151227,0.004830113146454096,0.006950396578758955,0.007268052082508802
50,.,0.00527892354875803,0.0,0.01208594348281622,0.005982313305139542
52, was,0.0,0.006027740892022848,0.0050177075900137424,0.003927590325474739
54, of,0.0006928968941792846,0.002651740564033389,0.006732798647135496,0.004715200513601303
