target_pos,target_token,norm_suff,random_suff,norm_comp,random_comp
46, Because,0.0,0.029607847332954407,0.0200844444334507,0.010092707350850105
48, was,0.0,0.0,0.011377536691725254,0.004931854084134102
50,.,0.014379730448126793,0.0,0.026467006653547287,0.007960204966366291
52, was,0.0,0.0,0.008314560167491436,0.013237332925200462
54, of,0.0,0.0,0.06155792623758316,0.023876385763287544
