norm_suff_mean,random_suff_mean,norm_comp_mean,random_comp_mean,final suff,final comp,target_tokens
0.0028759462293237448,0.005921569652855396,0.025560295209288597,0.012019697576761246,0.4856729507446289,4.179388999938965, Because$ was$.$ was$ of
