norm_suff_mean,random_suff_mean,norm_comp_mean,random_comp_mean,final suff,final comp,target_tokens
0.0025812953244894743,0.004827053751796484,0.008088486269116402,0.005585968028753996,0.5347558856010437,2.16401743888855, Because$ was$.$ was$ of
