target_pos,target_token,norm_suff,random_suff,norm_comp,random_comp
57, I,0.006595803424715996,0.0,0.00930638238787651,0.011658942326903343
59, so,0.0,0.0,0.011019054800271988,0.014527704566717148
61, to,0.0,0.0,0.022363411262631416,0.00946830678731203
63, it,0.008884529583156109,0.0,0.0131802037358284,0.014906325377523899
65,.,0.0,0.0,0.017005784437060356,0.047509804368019104
