target_pos,target_token,norm_suff,random_suff,norm_comp,random_comp
57, I,0.00624766806140542,0.00235593318939209,0.0024354050401598215,0.007770481985062361
59, to,0.0,0.0,0.003124219598248601,0.0026979183312505484
61, a,0.007918722927570343,0.006093010772019625,0.014179158955812454,0.007071899715811014
63,.,0.003200931940227747,0.003294812748208642,0.0026406922843307257,0.0061972602270543575
65, sat,0.0,0.0,0.0007903539226390421,0.0016895531443879008
