norm_suff_mean,random_suff_mean,norm_comp_mean,random_comp_mean,final suff,final comp,target_tokens
0.003473464399576187,0.0023487515281885862,0.004633966367691755,0.005085423123091459,1.4788556098937988,1.4640780687332153, I$ to$ a$.$ sat
