target_pos,target_token,norm_suff,random_suff,norm_comp,random_comp
51, Because,0.0,0.00483779376372695,0.013392673805356026,0.04581926390528679
53, wanted,0.0,0.0,0.01863214187324047,0.007761580869555473
55, show,0.0,0.0,0.011442498303949833,0.1283770203590393
57, to,0.0,0.0,0.00835527665913105,0.015023457817733288
59, dog,0.0,0.0,0.03317198529839516,0.018652772530913353
