target_pos,target_token,norm_suff,random_suff,norm_comp,random_comp
51, Because,7.140461093513295e-05,0.00405110651627183,0.00836754310876131,0.006918760947883129
53, loved,0.002109596272930503,0.0,0.0064643011428415775,0.0043789977207779884
55, dog,0.005431348457932472,0.0008698123274371028,0.012830868363380432,0.009707721881568432
57,"
",0.008421995677053928,0.0,0.006210213527083397,0.005490399897098541
59,The,0.004745308309793472,0.020495856180787086,0.004549495875835419,0.005991727579385042
