norm_suff_mean,random_suff_mean,norm_comp_mean,random_comp_mean,final suff,final comp,target_tokens
0.0041559310629963875,0.005083355121314526,0.007684484124183655,0.006497521884739399,0.8175566792488098,1.5634335279464722," Because$ loved$ dog$
$The"
