target_pos,target_token,norm_suff,random_suff,norm_comp,random_comp
68, She,0.002356584882363677,0.00039774400647729635,0.004738474730402231,0.005956090986728668
70, to,0.008475513197481632,0.0045081209391355515,0.003378693712875247,0.003391510806977749
72, a,0.004061304032802582,0.0022755444515496492,0.006682120263576508,0.005624827928841114
74, meal,0.011703643016517162,0.0033635913860052824,0.029071351513266563,0.004400763660669327
76, her,0.0,0.0,0.004793194122612476,0.00445541413500905
