target_pos,target_token,norm_suff,random_suff,norm_comp,random_comp
68, She,0.01398515235632658,0.0020354515872895718,0.039325371384620667,0.011850306764245033
70, to,0.09159541875123978,0.0038090574089437723,0.006965924520045519,0.02240205556154251
72, Asian,0.0,0.0,0.08153749257326126,0.05805854871869087
74,ard,0.0008757095783948898,0.00014476758951786906,0.003621079260483384,0.0014576045796275139
76, her,0.0043520801700651646,0.0,0.011334515176713467,0.00480630761012435
