norm_suff_mean,random_suff_mean,norm_comp_mean,random_comp_mean,final suff,final comp,target_tokens
0.02216167375445366,0.001197855337522924,0.028556877747178078,0.0197149645537138,18.501127243041992,0.8895972967147827, She$ to$ Asian$ard$ her
