norm_suff_mean,random_suff_mean,norm_comp_mean,random_comp_mean,final suff,final comp,target_tokens
0.005319409072399139,0.002109000226482749,0.009732767008244991,0.004765721503645182,2.5222420692443848,0.8959118127822876, She$ to$ a$ meal$ her
