target_pos,target_token,norm_suff,random_suff,norm_comp,random_comp
62, She,0.11632167547941208,0.011689790524542332,0.01185113936662674,0.012505212798714638
64, to,0.0,0.0,0.006654373835772276,0.009815665893256664
66, out,0.0,0.0,0.00645363237708807,0.00790470652282238
68, cheer,0.0,0.041719745844602585,0.025561703369021416,0.004537145607173443
70, at,0.40518367290496826,0.0032475017942488194,0.021562159061431885,0.020500842481851578
