target_pos,target_token,norm_suff,random_suff,norm_comp,random_comp
62, She,0.0,0.0033927217591553926,0.008782490156590939,0.004647665191441774
64, to,0.00023579636763315648,0.0013326631160452962,0.0013991791056469083,0.0012681109365075827
66, out,8.769808482611552e-05,0.0,0.0031650513410568237,0.00594255281612277
68, cheer,0.0,0.003360475180670619,0.014873187057673931,0.005833747331053019
70,.,0.007589520420879126,0.008017901331186295,0.008107295259833336,0.008249004371464252
