norm_suff_mean,random_suff_mean,norm_comp_mean,random_comp_mean,final suff,final comp,target_tokens
0.001582602970302105,0.0032207523472607136,0.007265441119670868,0.005188216455280781,0.4913767874240875,3.27828049659729, She$ to$ out$ cheer$.
