norm_suff_mean,random_suff_mean,norm_comp_mean,random_comp_mean,final suff,final comp,target_tokens
0.1043010726571083,0.01133140828460455,0.014416602440178394,0.011052715592086315,9.204599380493164,0.10596933960914612, She$ to$ out$ cheer$ at
