target_pos,target_token,norm_suff,random_suff,norm_comp,random_comp
55, Because,0.0,0.0019825941417366266,0.0041771032847464085,0.0032592169009149075
57, wanted,0.0,0.0,0.003244123188778758,0.003436872037127614
59, to,0.0040711467154324055,0.0,0.0010496298782527447,0.0014323899522423744
61, successful,0.0,0.010558460839092731,0.006412817165255547,0.004528888501226902
63, She,0.0005352282314561307,0.0,0.002486404962837696,0.0034238069783896208
