target_pos,target_token,norm_suff,random_suff,norm_comp,random_comp
55, Because,0.0028119978960603476,0.0,0.06104722246527672,0.006168294697999954
57, wanted,0.0028231411706656218,0.0012381678679957986,0.010088181123137474,0.010569296777248383
59, to,0.0,0.0,0.005877761170268059,0.002899503568187356
61, French,0.0011384568642824888,0.0,0.03135222569108009,0.017526358366012573
63, She,0.0,0.0,0.01691899262368679,0.007875675335526466
