norm_suff_mean,random_suff_mean,norm_comp_mean,random_comp_mean,final suff,final comp,target_tokens
0.0013547191629186273,0.0002476335794199258,0.025056874379515648,0.009007825516164303,5.470660209655762,6.649219989776611, Because$ wanted$ to$ French$ She
