norm_suff_mean,random_suff_mean,norm_comp_mean,random_comp_mean,final suff,final comp,target_tokens
0.0009212750010192394,0.002508210949599743,0.0034740157425403595,0.0032162347342818975,0.36730363965034485,3.4910690784454346, Because$ wanted$ to$ successful$ She
