target_pos,target_token,norm_suff,random_suff,norm_comp,random_comp
53, Because,0.0,0.0019255130318924785,0.0071765705943107605,0.005855557508766651
55, was,0.0,0.0028008134104311466,0.009453833103179932,0.0038371337577700615
57, black,0.01174858771264553,0.008048860356211662,0.014828567393124104,0.01180363167077303
59,.,0.02156653068959713,0.0,0.012683063745498657,0.006662692874670029
61, was,0.005512718111276627,0.0,0.008449079468846321,0.004181461874395609
