target_pos,target_token,norm_suff,random_suff,norm_comp,random_comp
53, Because,0.0,0.010999144986271858,0.02703867480158806,0.011285972781479359
55, was,0.0010719287674874067,0.0014774460578337312,0.04326832666993141,0.010339598171412945
57, black,0.0,0.0,0.035318199545145035,0.040230102837085724
59, player,0.0,0.0,0.045923613011837006,0.01787603832781315
61, He,0.0,0.014242484234273434,0.02116728015244007,0.010459890589118004
