norm_suff_mean,random_suff_mean,norm_comp_mean,random_comp_mean,final suff,final comp,target_tokens
0.0002143857564078644,0.005343814846128225,0.034543219953775406,0.018038321286439896,0.04011848568916321,84.1395492553711, Because$ was$ black$ player$ He
