norm_suff_mean,random_suff_mean,norm_comp_mean,random_comp_mean,final suff,final comp,target_tokens
0.007765567395836115,0.002555037382990122,0.01051822304725647,0.006468095816671848,3.0393166542053223,0.8329199552536011, Because$ was$ black$.$ was
