target_pos,target_token,norm_suff,random_suff,norm_comp,random_comp
67, Mary,0.006904182024300098,0.16256612539291382,0.07535397261381149,0.01214577816426754
69, so,0.061221443116664886,0.05814710631966591,0.009602024219930172,0.008843737654387951
71, that,0.14742517471313477,0.08666466921567917,0.04601733386516571,0.009035677649080753
73, didn,0.0,0.006108433939516544,0.01060183160007,0.00683398824185133
75, want,0.0003731310134753585,0.0027325733099132776,0.013647598214447498,0.028516452759504318
