target_pos,target_token,norm_suff,random_suff,norm_comp,random_comp
67, Mary,0.004184294026345015,0.0,0.0321689136326313,0.004264364019036293
69, a,0.008484456688165665,0.0,0.004083407577127218,0.008763140067458153
71, bow,0.0021864648442715406,0.00043532135896384716,0.06384320557117462,0.01411057636141777
73,",",0.008809071034193039,0.0133059648796916,0.0046377298422157764,0.0029950509779155254
75, Steve,0.0006681641680188477,0.000861216161865741,0.025984199717640877,0.007408707402646542
