norm_suff_mean,random_suff_mean,norm_comp_mean,random_comp_mean,final suff,final comp,target_tokens
0.004866490606218576,0.0029205007012933493,0.02614349126815796,0.007508368231356144,1.6663206815719604,1.5428712368011475," Mary$ a$ bow$,$ Steve"
