norm_suff_mean,random_suff_mean,norm_comp_mean,random_comp_mean,final suff,final comp,target_tokens
0.0431847870349884,0.06324378401041031,0.031044555827975273,0.013075127266347408,0.6828305125236511,0.30277159810066223, Mary$ so$ that$ didn$ want
