target_pos,target_token,norm_suff,random_suff,norm_comp,random_comp
56, They,0.0,0.011983297765254974,0.16168434917926788,0.028667517006397247
58, to,0.0,0.0071688988246023655,0.01072030421346426,0.004675327800214291
60, it,0.0,0.0012001213617622852,0.020185036584734917,0.0029305685311555862
62, a,0.003047540783882141,0.0035963121335953474,0.0028398155700415373,0.018272221088409424
64, way,0.002495552645996213,0.0012096227146685123,0.010698390193283558,0.008953811600804329
