target_pos,target_token,norm_suff,random_suff,norm_comp,random_comp
56, Because,0.0,0.0,0.23973044753074646,0.08720985800027847
58, wanted,0.0,0.00038241036236286163,0.015934472903609276,0.009482539258897305
60, show,0.0,0.0,0.03457102179527283,0.03275433927774429
62, they,0.0,0.004124184139072895,0.01542250532656908,0.024069318547844887
64, not,0.001172606716863811,0.0009918904397636652,0.011987847276031971,0.08782415837049484
