norm_suff_mean,random_suff_mean,norm_comp_mean,random_comp_mean,final suff,final comp,target_tokens
0.0011086186859756708,0.005031650420278311,0.041225578635931015,0.01269988901913166,0.22032903134822845,11.455596923828125, They$ to$ it$ a$ way
