norm_suff_mean,random_suff_mean,norm_comp_mean,random_comp_mean,final suff,final comp,target_tokens
0.0002345213433727622,0.00109969696495682,0.06352925300598145,0.048268042504787445,0.2132599651813507,205.8151397705078, Because$ wanted$ show$ they$ not
