target_pos,target_token,norm_suff,random_suff,norm_comp,random_comp
54, Martha,0.0,0.000568145012948662,0.4524064064025879,0.052026212215423584
56, boyfriend,0.0003332301275804639,0.000652134942356497,0.02269578166306019,0.014000003226101398
58, really,0.0,0.0,0.003929624799638987,0.010920948348939419
60, Dungeons,2.0140036212978885e-05,0.0002609762887004763,0.0034311164636164904,0.004305361304432154
62, Dragons,0.00011479900422273204,0.0,0.003872343571856618,0.002392726019024849
