target_pos,target_token,norm_suff,random_suff,norm_comp,random_comp
54, She,0.0,0.0,0.11105011403560638,0.019250156357884407
56, a,0.0,0.01143569964915514,0.019805949181318283,0.010339212603867054
58, bit,0.0008300880435854197,0.003353516571223736,0.014249499887228012,0.011669925414025784
60, a,0.0015203783987089992,0.0,0.0016657550586387515,0.005667717661708593
62,oy,0.0002109312918037176,0.0004767870414070785,0.0008270082180388272,0.0014267810620367527
