norm_suff_mean,random_suff_mean,norm_comp_mean,random_comp_mean,final suff,final comp,target_tokens
9.36338328756392e-05,0.0002962512371595949,0.09726705402135849,0.016729051247239113,0.31606224179267883,178.6645965576172, Martha$ boyfriend$ really$ Dungeons$ Dragons
