norm_suff_mean,random_suff_mean,norm_comp_mean,random_comp_mean,final suff,final comp,target_tokens
0.0005122795118950307,0.003053200663998723,0.029519665986299515,0.009670758619904518,0.1677844226360321,18.87789535522461, She$ a$ bit$ a$oy
