target_pos,target_token,norm_suff,random_suff,norm_comp,random_comp
43, She,0.00931435264647007,0.009167184121906757,0.051813915371894836,0.031745582818984985
45, learning,0.0,0.0,0.10474612563848495,0.024027636274695396
47, draw,0.0,0.00010859547910513356,0.003446616930887103,0.0029826974496245384
49, face,0.00020637174020521343,0.0,0.0012028723722323775,0.0026084990240633488
51, She,0.0015442469157278538,0.0,0.027188509702682495,0.031047603115439415
