target_pos,target_token,norm_suff,random_suff,norm_comp,random_comp
43, Because,0.011533156037330627,0.0017038905061781406,0.23540633916854858,0.03689885884523392
45, was,0.0,0.0030819738749414682,0.014221729710698128,0.0068686953745782375
47, to,0.003947471268475056,0.0036547784693539143,0.009058893658220768,0.006034355144947767
49, a,0.0,0.001414200640283525,0.01871170848608017,0.006411130074411631
51,.,0.0022033213172107935,0.02423286996781826,0.01271746028214693,0.007299434393644333
