norm_suff_mean,random_suff_mean,norm_comp_mean,random_comp_mean,final suff,final comp,target_tokens
0.0022129942663013935,0.0018551560351625085,0.037679608911275864,0.018482405692338943,1.1928884983062744,8.351763725280762, She$ learning$ draw$ face$ She
