norm_suff_mean,random_suff_mean,norm_comp_mean,random_comp_mean,final suff,final comp,target_tokens
0.0035367899108678102,0.00681754294782877,0.058023225516080856,0.012702494859695435,0.5187777876853943,3.5915322303771973, Because$ was$ to$ a$.
