target_pos,target_token,norm_suff,random_suff,norm_comp,random_comp
56, Because,0.0,0.0005318131879903376,0.24235494434833527,0.03200158849358559
58, was,0.0,0.0,0.04113897308707237,0.007750389631837606
60, of,0.0,0.0,0.017736224457621574,0.01810542494058609
62,.,0.023731227964162827,0.0,0.017794925719499588,0.01188213936984539
64, was,0.0,0.0012023000745102763,0.05264505371451378,0.012943001464009285
