target_pos,target_token,norm_suff,random_suff,norm_comp,random_comp
56, He,0.0,0.006987127009779215,0.09329625964164734,0.018991485238075256
58, playing,0.0,0.005507133435457945,0.014654844999313354,0.007832071743905544
60, his,0.0,0.00018342888506595045,0.00840014684945345,0.014051257632672787
62,.,0.012514892034232616,0.0,0.0413951575756073,0.009654081426560879
64, friend,0.000926848326344043,0.0004110235895495862,0.004640136379748583,0.0020072206389158964
