norm_suff_mean,random_suff_mean,norm_comp_mean,random_comp_mean,final suff,final comp,target_tokens
0.0026883480604737997,0.002617742633447051,0.03247731178998947,0.010507223196327686,1.0269718170166016,3.908431053161621, He$ playing$ his$.$ friend
