norm_suff_mean,random_suff_mean,norm_comp_mean,random_comp_mean,final suff,final comp,target_tokens
0.004746245685964823,0.00034682266414165497,0.0743340253829956,0.01653650961816311,13.684935569763184,3.484124183654785, Because$ was$ of$.$ was
