target_pos,target_token,norm_suff,random_suff,norm_comp,random_comp
50, Because,0.003866655984893441,0.006511648651212454,0.004824004136025906,0.003961756359785795
52, wanted,0.005146680399775505,0.002822668058797717,0.004523927345871925,0.004373548086732626
54, paint,0.008253012783825397,0.006621976383030415,0.007150201126933098,0.012926346622407436
56, bedroom,0.001263180049136281,0.002035941230133176,0.004856249317526817,0.008525066077709198
58,.,0.0,0.016726983711123466,0.004458237439393997,0.005411920137703419
