target_pos,target_token,norm_suff,random_suff,norm_comp,random_comp
50, She,0.0,0.008251603692770004,0.010843407362699509,0.022532790899276733
52, to,0.0,0.0006022726884111762,0.02279171347618103,0.05349091812968254
54, her,0.0,0.0,0.04077782854437828,0.01271465141326189
56, walls,0.0,0.0,0.031246129423379898,0.09188706427812576
58, She,0.0,0.0015542261535301805,0.009945693425834179,0.010205339640378952
