norm_suff_mean,random_suff_mean,norm_comp_mean,random_comp_mean,final suff,final comp,target_tokens
0.0037059057503938675,0.0069438437931239605,0.005162523593753576,0.0070397271774709225,0.5336965918540955,1.899596929550171, Because$ wanted$ paint$ bedroom$.
