target_pos,target_token,norm_suff,random_suff,norm_comp,random_comp
63, Because,0.014553156681358814,0.0,0.1299353837966919,0.07454926520586014
65, was,0.0,0.0,0.012647619470953941,0.02164379134774208
67,!,0.0,0.0,0.04196858033537865,0.01868642494082451
69, was,0.0,0.0,0.01879950799047947,0.01279251929372549
71, hungry,0.007243672385811806,0.00942314974963665,0.029286010190844536,0.006944416090846062
