target_pos,target_token,norm_suff,random_suff,norm_comp,random_comp
63, She,0.0027918999549001455,0.004495102912187576,0.01917359046638012,0.01400536485016346
65, hungry,0.005165806971490383,0.0015530725941061974,0.016136741265654564,0.01123887114226818
67, She,0.0,0.00558636337518692,0.012747565284371376,0.013001365587115288
69, hungry,0.0005913499626331031,0.0,0.050160039216279984,0.007876410149037838
71, she,0.010164260864257812,0.0,0.0042525846511125565,0.0033032589126378298
