norm_suff_mean,random_suff_mean,norm_comp_mean,random_comp_mean,final suff,final comp,target_tokens
0.0043593659065663815,0.00188462994992733,0.046527422964572906,0.0269232839345932,2.313115119934082,6.175963401794434, Because$ was$!$ was$ hungry
