norm_suff_mean,random_suff_mean,norm_comp_mean,random_comp_mean,final suff,final comp,target_tokens
0.003742663888260722,0.0023269078228622675,0.02049410529434681,0.00988505408167839,1.6084281206130981,2.641181468963623, She$ hungry$ She$ hungry$ she
