target_pos,target_token,norm_suff,random_suff,norm_comp,random_comp
51, She,0.0013607031432911754,0.0023564668372273445,0.004856274463236332,0.007192958611994982
53, at,0.027455901727080345,0.0,0.009771761484444141,0.011669927276670933
55, beach,0.00268612802028656,0.0025826082564890385,0.0325063094496727,0.012376080267131329
57, get,0.00227696867659688,0.004930103197693825,0.006070791278034449,0.009701748378574848
59, from,0.0011523672146722674,0.0,0.0029413369484245777,0.0020474132616072893
