target_pos,target_token,norm_suff,random_suff,norm_comp,random_comp
51, She,0.002138755051419139,0.0,0.010789751075208187,0.010311181657016277
53, in,0.0023598799016326666,0.0,0.010806920006871223,0.03147927671670914
55, relationship,0.00046539807226508856,0.0002916117082349956,0.01735626347362995,0.006717072334140539
57, a,0.0,0.002154617104679346,0.11017359793186188,0.026407793164253235
59,.,0.0,0.0,0.014211003668606281,0.007735177408903837
