norm_suff_mean,random_suff_mean,norm_comp_mean,random_comp_mean,final suff,final comp,target_tokens
0.0009928066283464432,0.0004892458091489971,0.032667506486177444,0.016530100256204605,2.029259443283081,16.64986801147461, She$ in$ relationship$ a$.
