norm_suff_mean,random_suff_mean,norm_comp_mean,random_comp_mean,final suff,final comp,target_tokens
0.006986414082348347,0.001973835751414299,0.01122929435223341,0.008597626350820065,3.5395114421844482,1.2306207418441772, She$ at$ beach$ get$ from
