target_pos,target_token,norm_suff,random_suff,norm_comp,random_comp
56, I,0.0,0.0,0.016937414184212685,0.04081518575549126
58,'t,0.0,2.425207640044391e-05,9.557120210956782e-05,0.00016095848695840687
60,.,0.0,0.0,0.0684439018368721,0.013608317822217941
62, was,0.0,5.648133810609579e-05,0.00525508401915431,0.006375433411449194
64, like,0.0,0.0,0.02776043303310871,0.010597320273518562
