target_pos,target_token,norm_suff,random_suff,norm_comp,random_comp
56, I,0.0,0.0028018737211823463,0.004797670524567366,0.006610657554119825
58, a,0.018476519733667374,0.01437640842050314,0.005289715249091387,0.0037575731985270977
60,.,0.003212406998500228,0.000909373804461211,0.005027804058045149,0.008203781209886074
62, didn,0.0008604649920016527,0.00426111463457346,0.004285224247723818,0.003858856623992324
64, know,0.0006413006922230124,0.0006185276433825493,0.003112746635451913,0.004833938088268042
