norm_suff_mean,random_suff_mean,norm_comp_mean,random_comp_mean,final suff,final comp,target_tokens
0.004638138692826033,0.004593459889292717,0.004502632189542055,0.005452961660921574,1.009726643562317,1.1756788492202759, I$ a$.$ didn$ know
