target_pos,target_token,norm_suff,random_suff,norm_comp,random_comp
48, Because,0.0,0.005288255866616964,0.0517403781414032,0.01081729494035244
50, was,0.0,0.000513223756570369,0.03473897650837898,0.010060310363769531
52, working,0.0,0.0,0.016919929534196854,0.024851592257618904
54, his,0.0,0.004466748796403408,0.04250504449009895,0.010519989766180515
56,.,0.0,0.0,0.04496504366397858,0.08293940126895905
