target_pos,target_token,norm_suff,random_suff,norm_comp,random_comp
48, Because,0.0029158282559365034,0.0019409229280427098,0.008001305162906647,0.0066803740337491035
50, tutor,0.0007285689353011549,0.0002570955839473754,0.013000469654798508,0.007605354767292738
52, a,0.00026165967574343085,0.0,0.007114466279745102,0.008787394501268864
54, person,0.0,0.0024144910275936127,0.017900845035910606,0.007978118024766445
56,"
",0.005453290417790413,0.008317997679114342,0.009242022410035133,0.007278106175363064
