norm_suff_mean,random_suff_mean,norm_comp_mean,random_comp_mean,final suff,final comp,target_tokens
0.0018718695500865579,0.0025861014146357775,0.011051821522414684,0.007665869779884815,0.7238190770149231,4.095301151275635," Because$ tutor$ a$ person$
"
