target_pos,target_token,norm_suff,random_suff,norm_comp,random_comp
59, Because,0.0,0.008942043408751488,0.01612192951142788,0.02044028416275978
61, was,0.0,0.0,0.04556355997920036,0.008541540242731571
63, ge,0.0,0.0,0.009888303466141224,0.010008856654167175
65,.,0.0,0.0,0.016756119206547737,0.01213542278856039
67, was,0.0,0.0,0.013535797595977783,0.00569502916187048
