target_pos,target_token,norm_suff,random_suff,norm_comp,random_comp
59, Well,0.0,0.0008776809554547071,0.007003397215157747,0.004432640504091978
61, he,0.0,0.009637018665671349,0.004757633898407221,0.004341854713857174
63, a,0.0,0.005092917941510677,0.00625454680994153,0.004994029179215431
65,ologist,0.0011298446916043758,0.0008756266324780881,0.029745474457740784,0.010256803594529629
67, He,0.0006204176461324096,0.004676504526287317,0.0050333174876868725,0.005296432413160801
