norm_suff_mean,random_suff_mean,norm_comp_mean,random_comp_mean,final suff,final comp,target_tokens
0.000350052461726591,0.004231949802488089,0.010558873414993286,0.005864351987838745,0.08271659165620804,16.75278091430664, Well$ he$ a$ologist$ He
