target_pos,target_token,norm_suff,random_suff,norm_comp,random_comp
53, Because,0.014501893892884254,0.0,0.014197534881532192,0.012487094849348068
55, was,0.002058061771094799,0.002521586837247014,0.021721554920077324,0.018165195360779762
57, only,0.0,0.0,0.01299274992197752,0.019239382818341255
59, who,0.0,0.0,0.010499020107090473,0.04317861422896385
61, sit,0.0,0.0,0.019707486033439636,0.012049646116793156
