target_pos,target_token,norm_suff,random_suff,norm_comp,random_comp
53, Stan,0.0,0.009451828896999359,0.016948072239756584,0.008266457356512547
55,'t,0.0006831259233877063,0.0019419848686084151,0.00032004108652472496,0.00031402043532580137
57,.,0.0,0.0,0.005237432662397623,0.004629997070878744
59,"
",0.008103686384856701,0.002016848884522915,0.0033400985412299633,0.004103851970285177
61, was,0.007581302430480719,0.006087335292249918,0.010888831689953804,0.007067176513373852
