norm_suff_mean,random_suff_mean,norm_comp_mean,random_comp_mean,final suff,final comp,target_tokens
0.0033119909930974245,0.0005043174023739994,0.015823669731616974,0.021023986861109734,6.567275047302246,6.34783935546875, Because$ was$ only$ who$ sit
