norm_suff_mean,random_suff_mean,norm_comp_mean,random_comp_mean,final suff,final comp,target_tokens
0.0032736228313297033,0.0038995996583253145,0.007346895523369312,0.004876300692558289,0.8394766449928284,1.4895731210708618," Stan$'t$.$
$ was"
