target_pos,target_token,norm_suff,random_suff,norm_comp,random_comp
64, Because,0.0,0.005611888598650694,0.006932280957698822,0.004924174398183823
66, were,0.0,0.0,0.004591672215610743,0.0075336056761443615
68, of,0.0,0.006989998277276754,0.005447378847748041,0.005025167483836412
70, foreigners,0.0,0.00019182584946975112,0.07811389863491058,0.018978191539645195
72,"
",0.0,0.002775339875370264,0.004352541174739599,0.003200778504833579
