target_pos,target_token,norm_suff,random_suff,norm_comp,random_comp
64, Because,0.0,0.0,0.014547455124557018,0.011233258992433548
66, were,0.0,0.0,0.007742166519165039,0.020997963845729828
68, of,0.12689431011676788,0.0,0.009745508432388306,0.014623044058680534
70, barb,0.015470433980226517,0.004486553370952606,0.07886733114719391,0.03988395258784294
72,.,0.0,0.026838524267077446,0.021457146853208542,0.030205195769667625
