norm_suff_mean,random_suff_mean,norm_comp_mean,random_comp_mean,final suff,final comp,target_tokens
0.02847294881939888,0.006265015807002783,0.026471922174096107,0.023388681933283806,4.544753074645996,0.8214352130889893, Because$ were$ of$ barb$.
