suff,comp,random_suff,random_comp
0.05887477390747149,0.9473032008747093,0.04421895601983014,0.9240347066112666
