suff,comp,random_suff,random_comp
0.02896028552732665,0.905980272114227,0.009964044897497854,0.7965090023231446
