suff,comp,random_suff,random_comp
0.011945138439379232,0.8337679058718225,0.004481619682666668,0.6029766849379002
