suff,comp,random_suff,random_comp
0.0449298901180998,0.932697066394502,0.027627570227774078,0.8847513592351566
