suff,comp,random_suff,random_comp
0.05960529713928222,0.9461940127115179,0.030829990926384408,0.90933986773907
