suff,comp,random_suff,random_comp
0.06939863780933654,0.9580413723852436,0.05670691111210299,0.9436752867527575
