suff,comp,random_suff,random_comp
0.003986544517233548,0.23622287868611583,0.0010338050124024658,0.031086050553283975
