suff,comp,random_suff,random_comp
0.043958715350938884,0.9381774271375137,0.024601424816790767,0.8558675927906575
