suff,comp,random_suff,random_comp
0.009824680676572207,0.8221452299046976,0.005932551998475273,0.6596369230679616
