target_pos,target_token,norm_suff,random_suff,norm_comp,random_comp
45, Because,0.013822386041283607,0.0,0.008856415748596191,0.009743882343173027
47, was,0.0,0.0017125727608799934,0.005466490052640438,0.003537870245054364
49, out,0.0,0.0,0.002238171175122261,0.002757214242592454
51,"
",0.0,0.0,0.011027196422219276,0.0031805250328034163
53,'m,0.0,0.0007696073153056204,0.004526945762336254,0.0022755444515496492
