norm_suff_mean,random_suff_mean,norm_comp_mean,random_comp_mean,final suff,final comp,target_tokens
0.0027644771616905928,0.000496436026878655,0.0064230444841086864,0.00429900735616684,5.568647384643555,1.555088758468628," Because$ was$ out$
$'m"
