target_pos,target_token,norm_suff,random_suff,norm_comp,random_comp
50, Because,0.15664896368980408,0.08216873556375504,0.004996397532522678,0.005583037156611681
52, was,0.01117783784866333,0.0007813955307938159,0.00930827297270298,0.008402268402278423
54,.,0.0,0.0,0.009493623860180378,0.011023257859051228
56,I,0.004890737123787403,0.0,0.01794484816491604,0.008088044822216034
58, sorry,0.04451438784599304,0.048373300582170486,0.006198623683303595,0.008052529767155647
