target_pos,target_token,norm_suff,random_suff,norm_comp,random_comp
50,"
",0.0,0.023731635883450508,0.010169800370931625,0.002561628120020032
52, she,0.0,0.0,0.0024834477808326483,0.0014528168831020594
54, you,0.0,0.0,0.0027414753567427397,0.0011201149318367243
56, present,0.0012699367944151163,0.0021011868957430124,0.005155359394848347,0.002134748501703143
58,"
",0.0,0.0,0.005089438054710627,0.002163485623896122
