norm_suff_mean,random_suff_mean,norm_comp_mean,random_comp_mean,final suff,final comp,target_tokens
0.00025398735306225717,0.005166564602404833,0.00512790447100997,0.0018865587189793587,0.04915981367230415,7.4277663230896,"
$ she$ you$ present$
"
