target_pos,target_token,norm_suff,random_suff,norm_comp,random_comp
52, She,0.05196913331747055,0.0,0.014216737821698189,0.010420823469758034
54,'t,0.0021224399097263813,0.0,0.00175702222622931,0.0039396812207996845
56,.,0.05886422470211983,0.2709100544452667,0.0044138324446976185,0.004901804495602846
58, was,0.0,0.004028101917356253,0.011754310689866543,0.0076980250887572765
60, thirsty,0.0,0.0,0.014646768569946289,0.007341599091887474
