target_pos,target_token,norm_suff,random_suff,norm_comp,random_comp
47, Because,0.08634024113416672,0.08781137317419052,0.011701649986207485,0.0071350387297570705
49, was,0.007535854820162058,0.0,0.006966363172978163,0.007432137615978718
51, of,0.0,0.2506723701953888,0.01691938005387783,0.012158854864537716
53, a,0.010876740328967571,0.04098489135503769,0.014619750902056694,0.01787223480641842
55, bum,0.0,0.0006516581634059548,0.019147004932165146,0.012680280953645706
