norm_suff_mean,random_suff_mean,norm_comp_mean,random_comp_mean,final suff,final comp,target_tokens
0.020950566977262497,0.07602406293153763,0.013870829716324806,0.011455710045993328,0.275578111410141,0.5467971563339233, Because$ was$ of$ a$ bum
