target_pos,target_token,norm_suff,random_suff,norm_comp,random_comp
69, Because,0.0,0.0,0.01887262426316738,0.005883808713406324
71, wanted,0.0,0.0,0.005469976924359798,0.002288742223754525
73, make,0.0,0.0,0.0049425591714680195,0.006129759829491377
75, stir,0.0,0.00031156244222074747,0.006162978708744049,0.0039873551577329636
77,f,0.0003993769350927323,0.0,0.001629678881727159,0.0009860636200755835
