target_pos,target_token,norm_suff,random_suff,norm_comp,random_comp
69, She,0.0,0.0,0.008693551644682884,0.008531421422958374
71, hungry,0.0,0.0,0.00869130901992321,0.009700811468064785
73, She,0.04843692481517792,0.013336967676877975,0.009618009440600872,0.0058611659333109856
75, not,0.0,0.08771944791078568,0.011921494267880917,0.004152728710323572
77, since,0.0,0.06247057765722275,0.0070471386425197124,0.0073180594481527805
