norm_suff_mean,random_suff_mean,norm_comp_mean,random_comp_mean,final suff,final comp,target_tokens
7.987538992892951e-05,6.231248698895797e-05,0.007415563799440861,0.0038551457691937685,1.2818520069122314,48.26449966430664, Because$ wanted$ make$ stir$f
