target_pos,target_token,norm_suff,random_suff,norm_comp,random_comp
54, Because,0.16727298498153687,0.0,0.020299412310123444,0.008140507154166698
56, was,0.0,0.0,0.013492284342646599,0.0055544632486999035
58, black,0.007055943366140127,0.022483862936496735,0.013302084989845753,0.007483980618417263
60, with,0.0340956449508667,0.0,0.03275633230805397,0.017778435721993446
62, friend,0.029152316972613335,0.0,0.04060658812522888,0.013951783999800682
