target_pos,target_token,norm_suff,random_suff,norm_comp,random_comp
68, Mary,0.0,0.0,0.01347583532333374,0.012381047010421753
70, about,0.05585736408829689,0.024939069524407387,0.007495440077036619,0.01009785383939743
72, for,0.13843369483947754,0.006097239907830954,0.00649472838267684,0.003146597184240818
74, long,0.003307746723294258,0.003602162702009082,0.0028204729314893484,0.006727270781993866
76,.,0.04148641228675842,0.014099237509071827,0.0031628429424017668,0.0024600194301456213
