norm_suff_mean,random_suff_mean,norm_comp_mean,random_comp_mean,final suff,final comp,target_tokens
0.04781704396009445,0.009747542440891266,0.006689863745123148,0.006962557788938284,4.905548572540283,0.14560829102993011, Mary$ about$ for$ long$.
