target_pos,target_token,norm_suff,random_suff,norm_comp,random_comp
44, Because,0.0,0.0,0.017857370898127556,0.009650343097746372
46, was,0.0027570794336497784,0.0004568976873997599,0.004959836136549711,0.00494231516495347
48, to,0.0,0.0,0.00903285201638937,0.005879705771803856
50, a,0.00256815692409873,0.0,0.014060440473258495,0.010692637413740158
52,.,0.0,0.0,0.005899732932448387,0.0041076852940022945
