target_pos,target_token,norm_suff,random_suff,norm_comp,random_comp
44, She,0.0947316363453865,0.11677367985248566,0.028806380927562714,0.013776625506579876
46,'t,0.0021942907478660345,0.0036044875159859657,0.033691901713609695,0.024774333462119102
48,.,0.0,0.2264760434627533,0.011456945911049843,0.011077940464019775
50, just,0.002206377685070038,0.0038842163048684597,0.00763736292719841,0.00850578024983406
52,.,0.10799341648817062,0.12102819234132767,0.004735637456178665,0.006204982288181782
