norm_suff_mean,random_suff_mean,norm_comp_mean,random_comp_mean,final suff,final comp,target_tokens
0.0010650473413988948,9.137953747995198e-05,0.010362046770751476,0.007054537534713745,11.655205726623535,6.623684406280518, Because$ was$ to$ a$.
