target_pos,target_token,norm_suff,random_suff,norm_comp,random_comp
51, Because,0.019665101543068886,0.0,0.006948011927306652,0.007574618794023991
53, wanted,0.0,0.0,0.008663145825266838,0.008370640687644482
55, paint,0.0,0.004353123717010021,0.008396192453801632,0.013207003474235535
57, bedroom,0.0,0.0049587138928473,0.011663498356938362,0.01223365031182766
59,.,0.0,0.0,0.012930385768413544,0.02062707394361496
