norm_suff_mean,random_suff_mean,norm_comp_mean,random_comp_mean,final suff,final comp,target_tokens
0.003933020401746035,0.0018623676151037216,0.00972024630755186,0.01240259688347578,2.1118388175964355,3.1534535884857178, Because$ wanted$ paint$ bedroom$.
