target_pos,target_token,norm_suff,random_suff,norm_comp,random_comp
64, She,0.014665313996374607,0.0,0.025417914614081383,0.01970747299492359
66,'t,0.0,0.0,0.002484733471646905,0.00540901767089963
68,.,0.0,0.0808502808213234,0.01130758412182331,0.01701025664806366
70, just,0.06047387421131134,0.016587844118475914,0.00916486606001854,0.007956446148455143
72,.,0.017628874629735947,0.049994394183158875,0.012464728206396103,0.004220085684210062
