target_pos,target_token,norm_suff,random_suff,norm_comp,random_comp
52, She,0.19840987026691437,0.042533859610557556,0.005658365320414305,0.00526442052796483
54, going,0.03322920575737953,0.028313541784882545,0.008645724505186081,0.005591042805463076
56, the,0.05223687365651131,0.0,0.00888880155980587,0.007911442779004574
58, to,0.005329031962901354,0.07972156256437302,0.008364399895071983,0.005175214260816574
60, married,0.0,0.0,0.007603819947689772,0.00948663242161274
