target_pos,target_token,norm_suff,random_suff,norm_comp,random_comp
57, I,0.0,0.025800947099924088,0.010215884074568748,0.004067420493811369
59, a,0.0,0.0,0.011897917836904526,0.009619953110814095
61,.,0.006401850841939449,0.0,0.004052107222378254,0.002458174480125308
63, didn,0.0,0.0,0.009064357727766037,0.002667674794793129
65, know,0.0009985100477933884,0.0,0.006430729292333126,0.001758788712322712
