norm_suff_mean,random_suff_mean,norm_comp_mean,random_comp_mean,final suff,final comp,target_tokens
0.0014800721546635032,0.00516018969938159,0.008332199417054653,0.004114401992410421,0.28682515025138855,2.7798657417297363, I$ a$.$ didn$ know
