target_pos,target_token,norm_suff,random_suff,norm_comp,random_comp
49, Chris,0.08208397030830383,0.002610067604109645,0.012425042688846588,0.00479086022824049
51, happy,0.0,0.0,0.007834227755665779,0.006140465848147869
53, he,0.0,0.0,0.00631306879222393,0.005978564731776714
55, learning,0.0,0.0,0.0051096160896122456,0.006785283330827951
57,.,0.0,0.0,0.010091804899275303,0.01018758025020361
