target_pos,target_token,norm_suff,random_suff,norm_comp,random_comp
45, Because,0.01412311289459467,0.0,0.011568069458007812,0.0027269613929092884
47, was,0.006354577373713255,0.0,0.003320195246487856,0.0031826260965317488
49, out,0.008271662518382072,0.005124532617628574,0.0023803948424756527,0.002134123584255576
51,"
",0.016619602218270302,0.011803374625742435,0.0038997288793325424,0.00312836654484272
53,'m,0.0,0.013040557503700256,0.0021778219379484653,0.003006447572261095
