norm_suff_mean,random_suff_mean,norm_comp_mean,random_comp_mean,final suff,final comp,target_tokens
0.009073791094124317,0.005993693135678768,0.004669242072850466,0.002835705177858472,1.5138897895812988,0.3125160336494446," Because$ was$ out$
$'m"
