target_pos,target_token,norm_suff,random_suff,norm_comp,random_comp
50,"
",0.0,0.012894603423774242,0.0031310750637203455,0.004078519530594349
52, she,0.0,0.0,0.0015375437214970589,0.0017153127118945122
54, you,0.0,0.0008485743892379105,0.0010602612746879458,0.0007343043689616024
56, present,0.0010734106181189418,0.00046972022391855717,0.004446740262210369,0.0019334076205268502
58,"
",0.0,0.0,0.0015775266801938415,0.0015627434477210045
