norm_suff_mean,random_suff_mean,norm_comp_mean,random_comp_mean,final suff,final comp,target_tokens
0.0002146821207134053,0.002842579735442996,0.0023506295401602983,0.0020048576407134533,0.07552369683980942,9.338726997375488,"
$ she$ you$ present$
"
