target_pos,target_token,norm_suff,random_suff,norm_comp,random_comp
52, She,0.1463381052017212,0.0,0.009320789016783237,0.006700742058455944
54,'t,0.0,0.008267078548669815,0.003513026051223278,0.00346489273943007
56,.,0.13934378325939178,0.0,0.007116781547665596,0.009489141404628754
58, was,0.0006000410066917539,0.0,0.013456260785460472,0.009722762741148472
60, thirsty,0.0,0.0,0.013520101085305214,0.006536749191582203
