target_pos,target_token,norm_suff,random_suff,norm_comp,random_comp
48, She,0.05404996871948242,0.0,0.014687953516840935,0.011547825299203396
50,'t,0.001774893025867641,0.0,0.002381666097790003,0.002119740005582571
52,.,0.0,0.0,0.007428004872053862,0.006994010880589485
54, walked,0.0032248226925730705,0.0016652891645208001,0.0043562911450862885,0.009889199398458004
56, to,0.05188858136534691,0.0,0.010456186719238758,0.004076444543898106
