norm_suff_mean,random_suff_mean,norm_comp_mean,random_comp_mean,final suff,final comp,target_tokens
0.022187653928995132,0.00033305783290416,0.007862021215260029,0.006925444584339857,66.6180191040039,0.31213054060935974, She$'t$.$ walked$ to
