target_pos,target_token,norm_suff,random_suff,norm_comp,random_comp
47, Because,0.0,0.006478878669440746,0.00960062351077795,0.022692253813147545
49, was,0.033274441957473755,0.0,0.010087420232594013,0.012728125788271427
51, of,0.0437748059630394,0.0,0.005044604651629925,0.015880461782217026
53, a,0.005958785302937031,0.0,0.014541838318109512,0.009713595733046532
55, bum,0.0,0.0006855764077045023,0.02242451161146164,0.013063549064099789
