target_pos,target_token,norm_suff,random_suff,norm_comp,random_comp
69, Because,0.0,0.0,0.0028438717126846313,0.003908783197402954
71, wanted,0.0,0.0,0.00185899727512151,0.0019906486850231886
73, make,0.0,0.0,0.002926080720499158,0.004647612106055021
75, stir,0.0,0.0,0.00630903197452426,0.004513444844633341
77,f,0.0,0.000793395156506449,0.0008420821977779269,0.0010409781243652105
