norm_suff_mean,random_suff_mean,norm_comp_mean,random_comp_mean,final suff,final comp,target_tokens
0.023999780416488647,0.014767664484679699,0.015664322301745415,0.010635941289365292,1.6251574754714966,0.4431682825088501, Because$ was$ black$ with$ friend
