norm_suff_mean,random_suff_mean,norm_comp_mean,random_comp_mean,final suff,final comp,target_tokens
0.03607860580086708,0.025739237666130066,0.005417550448328257,0.004472433589398861,1.401696801185608,0.12396359443664551, Mary$ about$ for$ long$.
