target_pos,target_token,norm_suff,random_suff,norm_comp,random_comp
44, Because,0.0,0.0,0.0051791067235171795,0.009376163594424725
46, was,0.00041469873394817114,0.002718155039474368,0.0049784923903644085,0.005287580657750368
48, to,0.026638014242053032,0.0,0.004763644654303789,0.0076101659797132015
50, a,0.0,0.013339745812118053,0.004258173517882824,0.011101007461547852
52,.,0.0,0.0,0.002293630735948682,0.0037541266065090895
