target_pos,target_token,norm_suff,random_suff,norm_comp,random_comp
44, She,0.012705548666417599,0.0,0.015323382802307606,0.011053348891437054
46,'t,0.001999928615987301,0.0009497576975263655,0.012184674851596355,0.00977199524641037
48,.,0.0,0.0,0.007882206700742245,0.009753184393048286
50, just,0.001375196035951376,0.002446680096909404,0.01310976967215538,0.011883724480867386
52,.,0.10734064131975174,0.0,0.0038701174780726433,0.017829596996307373
