norm_suff_mean,random_suff_mean,norm_comp_mean,random_comp_mean,final suff,final comp,target_tokens
0.0054105427116155624,0.003211580216884613,0.004294609650969505,0.007425808813422918,1.6846979856491089,1.3724702596664429, Because$ was$ to$ a$.
