target_pos,target_token,norm_suff,random_suff,norm_comp,random_comp
51, Because,0.0017744975630193949,0.0,0.005297098308801651,0.009600024670362473
53, wanted,0.026460833847522736,0.0,0.011203935369849205,0.006351933348923922
55, paint,0.0,0.0,0.007667145226150751,0.010329442098736763
57, bedroom,0.003387726377695799,0.0,0.006219082977622747,0.020071109756827354
59,.,0.0092351995408535,0.0,0.016958462074398994,0.009263629093766212
