target_pos,target_token,norm_suff,random_suff,norm_comp,random_comp
52, She,0.12567663192749023,0.039649587124586105,0.008001613430678844,0.006494414992630482
54, going,0.0123045165091753,0.017014633864164352,0.01207683514803648,0.011224794201552868
56, the,0.006143595091998577,0.07203662395477295,0.013669281266629696,0.009408273734152317
58, to,0.09639563411474228,0.0,0.010078376159071922,0.009738832712173462
60, married,0.0,0.0,0.012565412558615208,0.011680250987410545
