norm_suff_mean,random_suff_mean,norm_comp_mean,random_comp_mean,final suff,final comp,target_tokens
0.048104073852300644,0.02574017085134983,0.011278304271399975,0.00970931351184845,1.8688327074050903,0.20183973014354706, She$ going$ the$ to$ married
