target_pos,target_token,norm_suff,random_suff,norm_comp,random_comp
57, I,0.03474586457014084,0.006813322193920612,0.0034788502380251884,0.0055006579495966434
59, a,0.0,0.0,0.004496713634580374,0.006423444487154484
61,.,0.009166814386844635,0.000863433291669935,0.0033773460891097784,0.0038453359156847
63, didn,0.0,0.0,0.0049306428991258144,0.0024277190677821636
65, know,1.402744373990572e-06,0.0011797690531238914,0.0026760452892631292,0.0021958588622510433
