norm_suff_mean,random_suff_mean,norm_comp_mean,random_comp_mean,final suff,final comp,target_tokens
0.008782817050814629,0.0017713047564029694,0.003791919443756342,0.004078603349626064,4.958388328552246,0.46438440680503845, I$ a$.$ didn$ know
