target_pos,target_token,norm_suff,random_suff,norm_comp,random_comp
33, ,0.007835899479687214,0.0031895809806883335,0.011187104508280754,0.015857122838497162
35,see,0.036543186753988266,0.06273012608289719,0.017209311947226524,0.018885837867856026
37, below,0.043670862913131714,0.05342693254351616,0.007445429917424917,0.08237255364656448
39, It,0.0,0.03195669874548912,0.014214243739843369,0.012132376432418823
41, a,0.0,0.0,0.00840380322188139,0.013296608813107014
