target_pos,target_token,norm_suff,random_suff,norm_comp,random_comp
33, ,0.00017938451492227614,0.0001647224125918001,0.009491684846580029,0.027714023366570473
35,see,0.03459732234477997,0.1659683734178543,0.01796448603272438,0.029608894139528275
37, below,0.006423072423785925,0.0,0.007964045740664005,0.007600211538374424
39, It,0.0,0.04838204011321068,0.010755885392427444,0.02267724834382534
41, a,0.0,0.0,0.030615299940109253,0.011059677228331566
