norm_suff_mean,random_suff_mean,norm_comp_mean,random_comp_mean,final suff,final comp,target_tokens
0.017609989270567894,0.030260667204856873,0.011691979132592678,0.028508901596069336,0.5819432139396667,1.6189050674438477, $see$ below$ It$ a
