norm_suff_mean,random_suff_mean,norm_comp_mean,random_comp_mean,final suff,final comp,target_tokens
0.008239955641329288,0.042903028428554535,0.015358281321823597,0.01973201148211956,0.19205999374389648,2.39467453956604, $see$ below$ It$ a
