target_pos,target_token,norm_suff,random_suff,norm_comp,random_comp
17, ,0.0009133809944614768,0.001534540788270533,0.020387722179293633,0.04217987135052681
19, 18,0.00625707907602191,0.0,0.10727953165769577,0.10586035251617432
21,.,0.029024675488471985,0.0,0.027197685092687607,0.057329822331666946
23, is,0.0,0.0007518908241763711,0.007811086252331734,0.04097587615251541
25, highest,0.0,0.0,0.01756671629846096,0.054643645882606506
