target_pos,target_token,norm_suff,random_suff,norm_comp,random_comp
17, ,0.0007384251803159714,0.000286202848656103,0.07579923421144485,0.02537539415061474
19, 18,0.0006525126518681645,0.0031715489458292723,0.07582069933414459,0.040346529334783554
21,.,0.0,0.0,0.05201955512166023,0.04256085306406021
23, is,0.0006833528750576079,8.051367331063375e-05,0.021935850381851196,0.009613278321921825
25, highest,0.0,0.0,0.030466698110103607,0.01638389192521572
