norm_suff_mean,random_suff_mean,norm_comp_mean,random_comp_mean,final suff,final comp,target_tokens
0.007239027414470911,0.0004572863399516791,0.03604855015873909,0.06019791588187218,15.830403327941895,8.315746307373047, $ 18$.$ is$ highest
