norm_suff_mean,random_suff_mean,norm_comp_mean,random_comp_mean,final suff,final comp,target_tokens
0.0004148581647314131,0.0007076531182974577,0.05120840668678284,0.026855990290641785,0.586245059967041,64.7353515625, $ 18$.$ is$ highest
