target_pos,target_token,norm_suff,random_suff,norm_comp,random_comp
18, ,0.000671182875521481,0.00017274914716836065,0.02903139777481556,0.03662889823317528
20,including,0.0,0.0,0.11376034468412399,0.03538881614804268
22, largest,8.92046227818355e-05,0.0020373445004224777,0.025329621508717537,0.025255130603909492
24, Titan,0.0015915880212560296,0.0030280135106295347,0.03466471657156944,0.06660787016153336
26, and,0.0,0.0,0.02040407806634903,0.024636998772621155
