target_pos,target_token,norm_suff,random_suff,norm_comp,random_comp
18, ,5.8168780014966615e-06,0.0012243922101333737,0.031980711966753006,0.04690027981996536
20,including,0.0,0.0,0.2001463621854782,0.03968935087323189
22, largest,0.00170819740742445,0.0,0.048307791352272034,0.07960681617259979
24, Titan,0.0,0.0014485582942143083,0.043160587549209595,0.018040593713521957
26, and,0.0,0.0,0.035576000809669495,0.02256569266319275
