norm_suff_mean,random_suff_mean,norm_comp_mean,random_comp_mean,final suff,final comp,target_tokens
0.00034280287218280137,0.0005345901008695364,0.07183428853750229,0.04136054962873459,0.6412443518638611,120.65403747558594, $including$ largest$ Titan$ and
