norm_suff_mean,random_suff_mean,norm_comp_mean,random_comp_mean,final suff,final comp,target_tokens
0.00047039511264301836,0.0010476214811205864,0.04463803395628929,0.03770354390144348,0.44901248812675476,80.15292358398438, $including$ largest$ Titan$ and
