target_pos,target_token,norm_suff,random_suff,norm_comp,random_comp
15, ,0.001892570056952536,0.00011877492215717211,0.047355640679597855,0.03175503760576248
17,also,0.0,0.0,0.05983485281467438,0.04956522211432457
19, as,0.00435049831867218,0.0017839777283370495,0.03546716645359993,0.0277868639677763
21,h,0.0,0.0,0.17040368914604187,0.04502331092953682
23, bees,0.002269510645419359,0.003011168912053108,0.05325408652424812,0.08359283953905106
