target_pos,target_token,norm_suff,random_suff,norm_comp,random_comp
15, ,0.001179125509224832,0.0,0.029273761436343193,0.024986324831843376
17,also,0.0,0.0,0.02969728596508503,0.057872224599123
19, as,0.00960592646151781,0.00024306437990162522,0.005188374780118465,0.004961658269166946
21,h,0.0034994736779481173,0.0,0.053346868604421616,0.05313451588153839
23, bees,0.004266137722879648,0.0,0.04517362639307976,0.03269828110933304
