norm_suff_mean,random_suff_mean,norm_comp_mean,random_comp_mean,final suff,final comp,target_tokens
0.0037101327907294035,4.8612877435516566e-05,0.03253598138689995,0.03473060205578804,76.31996154785156,9.361013412475586, $also$ as$h$ bees
