norm_suff_mean,random_suff_mean,norm_comp_mean,random_comp_mean,final suff,final comp,target_tokens
0.0017025157576426864,0.0009827843168750405,0.07326308637857437,0.047544654458761215,1.7323391437530518,27.926116943359375, $also$ as$h$ bees
