target_pos,target_token,norm_suff,random_suff,norm_comp,random_comp
24, ,3.564641883713193e-05,0.0,0.012301038950681686,0.08057007193565369
26, benign,0.0,0.0,0.03627987578511238,0.011358500458300114
28, It,0.0016301756259053946,0.0011950338957831264,0.030347606167197227,0.016687899827957153
30, usually,0.0,0.0,0.014650569297373295,0.019055766984820366
32, by,0.0,0.0017598388949409127,0.005886010359972715,0.004589169751852751
