target_pos,target_token,norm_suff,random_suff,norm_comp,random_comp
24, ,0.0,0.0007330100052058697,0.03218848630785942,0.03135203942656517
26, benign,0.0,0.0,0.0053594280034303665,0.023523209616541862
28, It,0.0014400609070435166,0.0025965555105358362,0.015533083118498325,0.05271974951028824
30, usually,0.0,0.0,0.030507473275065422,0.01541146356612444
32, by,0.0,0.004936583805829287,0.007325632032006979,0.0039536296389997005
