norm_suff_mean,random_suff_mean,norm_comp_mean,random_comp_mean,final suff,final comp,target_tokens
0.0003331644111312926,0.0005909745814278722,0.019893020391464233,0.026452282443642616,0.5637542009353638,79.39707946777344, $ benign$ It$ usually$ by
