norm_suff_mean,random_suff_mean,norm_comp_mean,random_comp_mean,final suff,final comp,target_tokens
0.00028801217558793724,0.0016532298177480698,0.018182819709181786,0.025392020121216774,0.17421181499958038,88.16300964355469, $ benign$ It$ usually$ by
