target_pos,target_token,norm_suff,random_suff,norm_comp,random_comp
20, ,0.0007753455429337919,0.0006621475331485271,0.02278979867696762,0.02222600392997265
22, is,0.00392164709046483,0.0,0.0225260928273201,0.03407115489244461
24, head,0.0017568923067301512,0.0005248758825473487,0.02348008006811142,0.01793445646762848
26, the,0.0,0.0,0.028427554294466972,0.03435468673706055
28,di,0.00151924102101475,0.0017868154682219028,0.0032331475522369146,0.002293847966939211
