target_pos,target_token,norm_suff,random_suff,norm_comp,random_comp
20, ,0.00042132785893045366,9.299277735408396e-05,0.043983545154333115,0.041325345635414124
22, is,0.002597304293885827,0.0014370091957971454,0.04998127743601799,0.0285891555249691
24, head,0.002092646202072501,0.00048636578139849007,0.031144140288233757,0.026091326028108597
26, the,0.0,0.0,0.014945280738174915,0.030625304207205772
28,di,0.0019491275306791067,0.00216470193117857,0.0033801028039306402,0.00378937809728086
