norm_suff_mean,random_suff_mean,norm_comp_mean,random_comp_mean,final suff,final comp,target_tokens
0.0014120811829343438,0.0008362139924429357,0.028686869889497757,0.02608410082757473,1.6886600255966187,18.472097396850586, $ is$ head$ the$di
