norm_suff_mean,random_suff_mean,norm_comp_mean,random_comp_mean,final suff,final comp,target_tokens
0.0015946252970024943,0.0005947678000666201,0.020091336220502853,0.02217603102326393,2.681088924407959,13.906734466552734, $ is$ head$ the$di
