target_pos,target_token,norm_suff,random_suff,norm_comp,random_comp
21, north,0.00111522083170712,0.009226799011230469,0.08662953227758408,0.014564991928637028
23, Hawaii,8.953058568295091e-05,0.0,0.042531199753284454,0.0270850732922554
25, It,0.0,0.001938777742907405,0.05581199377775192,0.22101108729839325
27, the,0.0,0.0,0.019034409895539284,0.01191593799740076
29, largest,0.020444845780730247,0.020569927990436554,0.010425833985209465,0.16494233906269073
