target_pos,target_token,norm_suff,random_suff,norm_comp,random_comp
21, north,0.0046327924355864525,0.00372620252892375,0.13166122138500214,0.1113576591014862
23, Hawaii,0.0,0.0,0.23178835213184357,0.2081085592508316
25, It,0.0,0.0,0.13034626841545105,0.07264383137226105
27, the,0.0,0.0,0.01669328846037388,0.018383940681815147
29, largest,0.02234984189271927,0.023597626015543938,0.10214970260858536,0.07582565397024155
