norm_suff_mean,random_suff_mean,norm_comp_mean,random_comp_mean,final suff,final comp,target_tokens
0.004329919349402189,0.006347101181745529,0.04288659617304802,0.08790388703346252,0.6821885108947754,20.30150604248047, north$ Hawaii$ It$ the$ largest
