norm_suff_mean,random_suff_mean,norm_comp_mean,random_comp_mean,final suff,final comp,target_tokens
0.005396527238190174,0.0054647657088935375,0.12252777069807053,0.09726392477750778,0.98751300573349,18.023427963256836, north$ Hawaii$ It$ the$ largest
