target_pos,target_token,norm_suff,random_suff,norm_comp,random_comp
25, ,0.001080421032384038,0.0008678851299919188,0.011839840561151505,0.022059349343180656
27, David,0.0,0.0,0.024797489866614342,0.031207634136080742
29,inc,0.0,0.0,0.0030797317158430815,0.010800868272781372
31, and,0.0,0.0,0.12006568163633347,0.024495311081409454
33, Matthew,0.0,0.0,0.021884029731154442,0.027584249153733253
