target_pos,target_token,norm_suff,random_suff,norm_comp,random_comp
25, ,0.00045035648508928716,0.00093251490034163,0.016913680359721184,0.012013173662126064
27, David,0.0,0.0,0.03180568292737007,0.066102035343647
29,inc,0.0,0.0,0.012608909048140049,0.007586921099573374
31, and,0.0,0.0,0.023996103554964066,0.01998819410800934
33, Matthew,0.011659083887934685,0.0016761405859142542,0.026504650712013245,0.021847818046808243
