norm_suff_mean,random_suff_mean,norm_comp_mean,random_comp_mean,final suff,final comp,target_tokens
0.0024218882899731398,0.0005217310972511768,0.022365806624293327,0.025507628917694092,4.642024040222168,10.532124519348145, $ David$inc$ and$ Matthew
