norm_suff_mean,random_suff_mean,norm_comp_mean,random_comp_mean,final suff,final comp,target_tokens
0.00021608421229757369,0.0001735770347295329,0.0363333560526371,0.023229483515024185,1.2448893785476685,107.50199127197266, $ David$inc$ and$ Matthew
