target_pos,target_token,norm_suff,random_suff,norm_comp,random_comp
21, ,0.0,0.0,0.013602268882095814,0.014885752461850643
23, the,0.0,0.0006791349151171744,0.024033736437559128,0.01524780597537756
25, who,0.0,0.0,0.029994230717420578,0.015361804515123367
27, exempl,0.0,0.0,0.014331217855215073,0.015097151510417461
29, the,0.0,0.0,0.030196020379662514,0.04149772226810455
