target_pos,target_token,norm_suff,random_suff,norm_comp,random_comp
21, ,0.00031032561673782766,0.0,0.015419254079461098,0.016381701454520226
23, the,0.0031863306649029255,0.0010376712307333946,0.01812564581632614,0.04279622808098793
25, who,0.0,0.0,0.013230957090854645,0.012875317595899105
27, exempl,0.0,0.0,0.02238326333463192,0.01772225834429264
29, the,0.0,0.0,0.011386356316506863,0.013777682557702065
