norm_suff_mean,random_suff_mean,norm_comp_mean,random_comp_mean,final suff,final comp,target_tokens
0.0006993312272243202,0.00020753424905706197,0.016109095886349678,0.020710637792944908,3.3697147369384766,29.614919662475586, $ the$ who$ exempl$ the
