target_pos,target_token,norm_suff,random_suff,norm_comp,random_comp
27, The,0.0012118659215047956,0.0007694729720242321,0.026961078867316246,0.010592242702841759
29, were,0.0,0.0,0.030706772580742836,0.03331419453024864
31, first,0.0,0.0,0.043688371777534485,0.06272884458303452
33, use,0.008220655843615532,0.009493524208664894,0.022690709680318832,0.013938398100435734
35, sword,0.015794016420841217,0.0,0.030267663300037384,0.02738589234650135
