target_pos,target_token,norm_suff,random_suff,norm_comp,random_comp
27, The,0.0019229714525863528,0.0021007324103266,0.012655597180128098,0.013186631724238396
29, were,0.0,0.0,0.03728771582245827,0.03069446049630642
31, first,0.0062844459898769855,0.0,0.011654401198029518,0.06352336704730988
33, use,0.003956029657274485,0.006506319623440504,0.010259640403091908,0.017123494297266006
35, sword,0.010108248330652714,0.013601796701550484,0.04821830987930298,0.036250777542591095
