norm_suff_mean,random_suff_mean,norm_comp_mean,random_comp_mean,final suff,final comp,target_tokens
0.004454339388757944,0.004441769793629646,0.024015134200453758,0.03215574845671654,1.002829909324646,7.218971252441406, The$ were$ first$ use$ sword
