norm_suff_mean,random_suff_mean,norm_comp_mean,random_comp_mean,final suff,final comp,target_tokens
0.0050453078001737595,0.0020525993313640356,0.030862921848893166,0.029591912403702736,2.4580090045928955,5.865234375, The$ were$ first$ use$ sword
