target_pos,target_token,norm_suff,random_suff,norm_comp,random_comp
17, in,0.008978143334388733,0.01222856156527996,0.10426324605941772,0.0693797916173935
19, middle,0.0,0.0025404123589396477,0.024400396272540092,0.020928433164954185
21, the,0.004072221927344799,0.0026667274069041014,0.03186889737844467,0.03572293743491173
23,.,0.025560937821865082,0.12940073013305664,0.026300178840756416,0.017203321680426598
25, was,0.0,0.0,0.031118938699364662,0.04696694761514664
