target_pos,target_token,norm_suff,random_suff,norm_comp,random_comp
17, in,0.0037402308080345392,0.0,0.07658136636018753,0.087093286216259
19, middle,0.0013149605365470052,0.0019169810693711042,0.03827815502882004,0.06793366372585297
21, the,0.001129054930061102,0.00628436217084527,0.15816889703273773,0.03480461612343788
23,.,0.059324827045202255,0.10043221712112427,0.012862677685916424,0.07943739742040634
25, was,0.0,0.0,0.011456687934696674,0.01471735630184412
