norm_suff_mean,random_suff_mean,norm_comp_mean,random_comp_mean,final suff,final comp,target_tokens
0.007722260896116495,0.02936728671193123,0.04359033331274986,0.03804028779268265,0.2629545331001282,4.926055908203125, in$ middle$ the$.$ was
