norm_suff_mean,random_suff_mean,norm_comp_mean,random_comp_mean,final suff,final comp,target_tokens
0.01310181524604559,0.021726712584495544,0.0594695582985878,0.05679726600646973,0.6030279397964478,4.335068225860596, in$ middle$ the$.$ was
