target_pos,target_token,norm_suff,random_suff,norm_comp,random_comp
16, ,0.0,7.547143923147814e-06,0.08644334226846695,0.10448181629180908
18, ,0.002512468723580241,0.0,0.04660329967737198,0.057799357920885086
20,L,0.0,0.0,0.06637383252382278,0.03881248086690903
22,ster,0.0,0.0,0.025661300867795944,0.034298524260520935
24, ,0.0,9.88374013104476e-05,0.003986815456300974,0.0058493041433393955
