target_pos,target_token,norm_suff,random_suff,norm_comp,random_comp
16, ,0.0,0.001020534778945148,0.06782923638820648,0.07089032977819443
18, ,0.0,0.0,0.09882772713899612,0.06168471276760101
20,L,0.0,0.0,0.08092904090881348,0.06564150750637054
22,ster,0.0,0.0,0.031073331832885742,0.034407276660203934
24, ,0.0,0.0,0.004971111658960581,0.002201128052547574
