norm_suff_mean,random_suff_mean,norm_comp_mean,random_comp_mean,final suff,final comp,target_tokens
0.0005024937563575804,2.1276910047163256e-05,0.04581372067332268,0.0482482984662056,23.616857528686523,96.01770782470703, $ $L$ster$ 
