target_pos,target_token,norm_suff,random_suff,norm_comp,random_comp
12, They,0.0,0.0,0.05454433336853981,0.05632617324590683
14, used,0.004558797925710678,0.0,0.036419857293367386,0.1666514128446579
16, cooking,0.0,2.5848325094557367e-05,0.046568822115659714,0.04962555319070816
18, baking,0.0,0.012654350139200687,0.04655753821134567,0.040705498307943344
20, and,0.0,0.005882028490304947,0.05478295683860779,0.06196562200784683
