target_pos,target_token,norm_suff,random_suff,norm_comp,random_comp
12, They,0.0,0.0,0.10851101577281952,0.04837101697921753
14, used,0.0,0.0,0.1160820871591568,0.03221946954727173
16, cooking,0.0,0.008023838512599468,0.053944990038871765,0.07296030968427658
18, baking,0.0024977566208690405,0.002039983170107007,0.03559963405132294,0.046732060611248016
20, and,0.003492282936349511,0.003913338761776686,0.055623047053813934,0.053751710802316666
