norm_suff_mean,random_suff_mean,norm_comp_mean,random_comp_mean,final suff,final comp,target_tokens
0.001198007958009839,0.0027954322285950184,0.07395216077566147,0.0508069172501564,0.4285591244697571,42.40950012207031, They$ used$ cooking$ baking$ and
