norm_suff_mean,random_suff_mean,norm_comp_mean,random_comp_mean,final suff,final comp,target_tokens
0.0009117596200667322,0.0037124454975128174,0.047774698585271835,0.07505485415458679,0.24559542536735535,82.31868743896484, They$ used$ cooking$ baking$ and
