target_pos,target_token,norm_suff,random_suff,norm_comp,random_comp
20,.,0.0,0.0,0.02483033575117588,0.06531089544296265
22, French,0.0013536486076191068,0.0,0.06233653053641319,0.02110935002565384
24, was,0.003659564070403576,0.01310045924037695,0.0694347396492958,0.035774752497673035
26, by,0.0,0.0,0.01237315870821476,0.027394292876124382
28, XIV,0.0,0.0,0.05578186362981796,0.03445354476571083
