target_pos,target_token,norm_suff,random_suff,norm_comp,random_comp
20,.,0.07076279819011688,0.07888013124465942,0.042792677879333496,0.07278738915920258
22, French,0.0,0.00010583629045868292,0.025320427492260933,0.021799985319375992
24, was,0.0,0.0,0.034791499376297,0.023441528901457787
26, by,0.0,0.0,0.026201659813523293,0.052153538912534714
28, XIV,0.0,0.0,0.01961001381278038,0.04252058267593384
