norm_suff_mean,random_suff_mean,norm_comp_mean,random_comp_mean,final suff,final comp,target_tokens
0.014152559451758862,0.015797194093465805,0.0297432541847229,0.04254060611128807,0.8958907127380371,3.005859613418579,.$ French$ was$ by$ XIV
