norm_suff_mean,random_suff_mean,norm_comp_mean,random_comp_mean,final suff,final comp,target_tokens
0.001002642558887601,0.0026200918946415186,0.04495132714509964,0.036808568984270096,0.38267457485198975,36.71155548095703,.$ French$ was$ by$ XIV
