target_pos,target_token,norm_suff,random_suff,norm_comp,random_comp
15, ,0.0,0.001784911029972136,0.032464127987623215,0.05049486830830574
17, has,0.002810330130159855,0.0,0.02413828857243061,0.018694857135415077
19, in,0.00693514384329319,0.00713005056604743,0.009430945850908756,0.014966016635298729
21, such,0.0030247096437960863,0.021146683022379875,0.04707656055688858,0.018289467319846153
23, The,0.0,0.004215318709611893,0.021162521094083786,0.04273681342601776
