target_pos,target_token,norm_suff,random_suff,norm_comp,random_comp
15, ,0.0007719226996414363,0.0,0.05697077140212059,0.028853783383965492
17, has,0.0007493754965253174,0.00504121370613575,0.017977464944124222,0.016495773568749428
19, in,0.0064277080819010735,0.009989473037421703,0.01609542965888977,0.024434629827737808
21, such,0.009742611087858677,0.006240543909370899,0.04237988591194153,0.06252157688140869
23, The,0.014086784794926643,0.006913561373949051,0.017218217253684998,0.03948935493826866
