norm_suff_mean,random_suff_mean,norm_comp_mean,random_comp_mean,final suff,final comp,target_tokens
0.006355680525302887,0.005636958405375481,0.03012835420668125,0.03435902297496796,1.1275017261505127,5.406033515930176, $ has$ in$ such$ The
