norm_suff_mean,random_suff_mean,norm_comp_mean,random_comp_mean,final suff,final comp,target_tokens
0.0025540366768836975,0.00685539236292243,0.026854488998651505,0.029036402702331543,0.3725588023662567,11.368827819824219, $ has$ in$ such$ The
