target_pos,target_token,norm_suff,random_suff,norm_comp,random_comp
15, ,0.0,0.0009026426705531776,0.02807900309562683,0.025428414344787598
17, by,0.017688598483800888,0.0,0.0066868700087070465,0.010507456958293915
19, and,0.03370225429534912,0.0,0.021755609661340714,0.03167489543557167
21, by,0.0006849682540632784,0.0019244170980527997,0.004197177942842245,0.005436282139271498
23,.,0.016505977138876915,0.0172810610383749,0.12275678664445877,0.0256207175552845
