target_pos,target_token,norm_suff,random_suff,norm_comp,random_comp
15, ,0.0006552935228683054,0.00029506091959774494,0.044821396470069885,0.049973029643297195
17, by,0.0026251287199556828,0.0024881488643586636,0.030021347105503082,0.017887212336063385
19, and,0.022541087120771408,0.013224982656538486,0.024330757558345795,0.04377293214201927
21, by,0.0,0.0027469659689813852,0.011767802760004997,0.0038003185763955116
23,.,0.016666144132614136,0.013784724287688732,0.06539826095104218,0.020759500563144684
