norm_suff_mean,random_suff_mean,norm_comp_mean,random_comp_mean,final suff,final comp,target_tokens
0.008497530594468117,0.006507976446300745,0.035267915576696396,0.027238598093390465,1.3057100772857666,3.205472230911255, $ by$ and$ by$.
