norm_suff_mean,random_suff_mean,norm_comp_mean,random_comp_mean,final suff,final comp,target_tokens
0.013716359622776508,0.004021624568849802,0.03669508919119835,0.019733553752303123,3.410651445388794,1.4386874437332153, $ by$ and$ by$.
