target_pos,target_token,norm_suff,random_suff,norm_comp,random_comp
24,ern,4.836874722968787e-05,0.0,0.08186452090740204,0.10000431537628174
26, in,0.0,0.0,0.02361767180263996,0.0878036767244339
28,48,0.01982039213180542,0.0302434004843235,0.014919938519597054,0.012839103117585182
30, It,0.0,0.0,0.04818296059966087,0.014074856415390968
32, the,0.0,0.0,0.12009982764720917,0.027647415176033974
