target_pos,target_token,norm_suff,random_suff,norm_comp,random_comp
24,ern,0.00041039587813429534,0.00010886044765356928,0.05741000175476074,0.08832558989524841
26, in,0.0,0.0,0.03588074818253517,0.07302285730838776
28,48,0.02103326842188835,0.02221527509391308,0.014105617068707943,0.020050805062055588
30, It,0.0,0.0,0.04133748263120651,0.013291189447045326
32, the,0.0,0.0,0.017365792766213417,0.018375152722001076
