norm_suff_mean,random_suff_mean,norm_comp_mean,random_comp_mean,final suff,final comp,target_tokens
0.00397375226020813,0.006048680283129215,0.05773698166012764,0.04847387596964836,0.6569618582725525,12.198514938354492,ern$ in$48$ It$ the
