norm_suff_mean,random_suff_mean,norm_comp_mean,random_comp_mean,final suff,final comp,target_tokens
0.004288733005523682,0.004464827012270689,0.03321992978453636,0.04261311888694763,0.9605597257614136,9.936062812805176,ern$ in$48$ It$ the
