target_pos,target_token,norm_suff,random_suff,norm_comp,random_comp
11, ,0.00023776806483510882,0.00029197990079410374,0.028095794841647148,0.01226984616369009
13, was,0.0,0.0,0.08051314949989319,0.0711439773440361
15, first,0.0,0.0,0.013585648499429226,0.06375890225172043
17, radio,0.0019148456631228328,0.001373089151456952,0.0976816937327385,0.08979751169681549
19, to,0.0020697948057204485,0.04923884570598602,0.03401908650994301,0.027607332915067673
