target_pos,target_token,norm_suff,random_suff,norm_comp,random_comp
11, ,0.00013977439084555954,4.081048246007413e-05,0.02250836417078972,0.012867670506238937
13, was,0.0,0.0022951506543904543,0.07093930244445801,0.037142716348171234
15, first,0.0,0.0,0.019966287538409233,0.020335469394922256
17, radio,0.002427638042718172,0.0,0.08736705780029297,0.12394587695598602
19, to,0.012824146077036858,0.0073623438365757465,0.02250838465988636,0.10589388012886047
