norm_suff_mean,random_suff_mean,norm_comp_mean,random_comp_mean,final suff,final comp,target_tokens
0.0008444816921837628,0.010180783458054066,0.0507790744304657,0.05291551351547241,0.08294859528541565,62.660343170166016, $ was$ first$ radio$ to
