norm_suff_mean,random_suff_mean,norm_comp_mean,random_comp_mean,final suff,final comp,target_tokens
0.0030783116817474365,0.0019396611023694277,0.044657882302999496,0.060037124902009964,1.587035894393921,19.503263473510742, $ was$ first$ radio$ to
