target_pos,target_token,norm_suff,random_suff,norm_comp,random_comp
20, ,0.0,0.0,0.018488163128495216,0.028074070811271667
22, can,0.010001038201153278,0.0036296332255005836,0.028969770297408104,0.20544077455997467
24, a,0.0034191948361694813,0.0,0.03426986187696457,0.1384238302707672
26, hit,0.0,0.0,0.022732147946953773,0.01741805672645569
28, a,0.0,0.0,0.013203375972807407,0.09993263334035873
