target_pos,target_token,norm_suff,random_suff,norm_comp,random_comp
20, ,0.0008093321230262518,0.00019452681590337306,0.026206491515040398,0.02720693312585354
22, can,0.0059081315994262695,0.004346086643636227,0.05647224560379982,0.02599162794649601
24, a,0.0,3.080468741245568e-05,0.04810396209359169,0.08152464777231216
26, hit,0.0,0.0,0.012474790215492249,0.03276238590478897
28, a,0.0,0.0,0.015463626012206078,0.01259750034660101
