norm_suff_mean,random_suff_mean,norm_comp_mean,random_comp_mean,final suff,final comp,target_tokens
0.002684046747162938,0.0007259266567416489,0.02353266440331936,0.09785787016153336,3.6974077224731445,36.45907974243164, $ can$ a$ hit$ a
