norm_suff_mean,random_suff_mean,norm_comp_mean,random_comp_mean,final suff,final comp,target_tokens
0.0013434927677735686,0.0009142836788669229,0.03174422308802605,0.03601662069559097,1.469448447227478,26.808198928833008, $ can$ a$ hit$ a
