target_pos,target_token,norm_suff,random_suff,norm_comp,random_comp
22, ,0.0001957287749974057,0.0017897498328238726,0.025563089177012444,0.04975123703479767
24,18,0.0,0.0,0.04693267121911049,0.04626384750008583
26,-,0.0,0.0,0.05373375490307808,0.01155836321413517
28,40,0.026175152510404587,0.02256782539188862,0.013768618926405907,0.014275879599153996
30, It,0.0,0.0,0.04253586754202843,0.011652092449367046
