target_pos,target_token,norm_suff,random_suff,norm_comp,random_comp
22, ,0.0024066108744591475,0.0020634981337934732,0.02760379947721958,0.0605827271938324
24,18,0.024473808705806732,0.0,0.03422841802239418,0.028195761144161224
26,-,0.0,0.0,0.08740227669477463,0.02242693305015564
28,40,0.025422073900699615,0.038124486804008484,0.03736761584877968,0.021323569118976593
30, It,0.0,0.0,0.03286373242735863,0.040618740022182465
