norm_suff_mean,random_suff_mean,norm_comp_mean,random_comp_mean,final suff,final comp,target_tokens
0.010460498742759228,0.008037596940994263,0.04389316961169243,0.03462954983115196,1.3014460802078247,3.310506582260132, $18$-$40$ It
