norm_suff_mean,random_suff_mean,norm_comp_mean,random_comp_mean,final suff,final comp,target_tokens
0.0052741761319339275,0.004871515091508627,0.03650680184364319,0.02670028619468212,1.0826562643051147,5.062456130981445, $18$-$40$ It
