target_pos,target_token,norm_suff,random_suff,norm_comp,random_comp
21, ,0.00010733579256338999,0.0002721470082178712,0.03257258981466293,0.01123054139316082
23, is,0.0023772676941007376,0.0023086639121174812,0.017625775188207626,0.012027251534163952
25, playing,0.0,0.0,0.016558390110731125,0.04770282283425331
27, the,0.0,0.0,0.00929760280996561,0.019704092293977737
29, Angeles,0.0,0.0,0.0028856759890913963,0.0013588911388069391
