target_pos,target_token,norm_suff,random_suff,norm_comp,random_comp
21, ,0.0003848616615869105,0.0011415306944400072,0.016316687688231468,0.011333469301462173
23, is,0.0032573090866208076,0.00678555341437459,0.015180435962975025,0.09892874956130981
25, playing,0.0,0.0,0.23369590938091278,0.015410978347063065
27, the,0.000518588989507407,0.0,0.12435279786586761,0.08282396197319031
29, Angeles,0.0,0.0,0.003226785222068429,0.0011512349592521787
