norm_suff_mean,random_suff_mean,norm_comp_mean,random_comp_mean,final suff,final comp,target_tokens
0.0008321519126184285,0.0015854168450459838,0.07855452597141266,0.04192968085408211,0.5248789191246033,50.38705062866211, $ is$ playing$ the$ Angeles
