norm_suff_mean,random_suff_mean,norm_comp_mean,random_comp_mean,final suff,final comp,target_tokens
0.0004969207220710814,0.0005161621957086027,0.015788007527589798,0.018404720351099968,0.9627220630645752,37.03753662109375, $ is$ playing$ the$ Angeles
