target_pos,target_token,norm_suff,random_suff,norm_comp,random_comp
25, ,0.0,0.0,0.028629347681999207,0.02304721064865589
27,usually,0.058381401002407074,0.06375950574874878,0.035021331161260605,0.015380271710455418
29, 30,0.0,0.0,0.016962192952632904,0.010359336622059345
31, fat,0.0,0.0,0.01689941994845867,0.04981507360935211
33, ,0.0,0.0,0.03348816558718681,0.022235441952943802
