target_pos,target_token,norm_suff,random_suff,norm_comp,random_comp
25, ,0.0,0.0,0.03248819708824158,0.020402422174811363
27,usually,0.06910867989063263,0.026914652436971664,0.03186437115073204,0.024414682760834694
29, 30,0.0,0.0,0.006560228765010834,0.011884860694408417
31, fat,0.0,0.0,0.018554354086518288,0.027115827426314354
33, ,0.0,0.0,0.03460327908396721,0.018788155168294907
