norm_suff_mean,random_suff_mean,norm_comp_mean,random_comp_mean,final suff,final comp,target_tokens
0.01167628075927496,0.012751901522278786,0.02620009146630764,0.024167466908693314,0.9156501889228821,2.069791555404663, $usually$ 30$ fat$ 
