norm_suff_mean,random_suff_mean,norm_comp_mean,random_comp_mean,final suff,final comp,target_tokens
0.013821735978126526,0.005382930394262075,0.02481408789753914,0.020521190017461777,2.567697286605835,1.4847042560577393, $usually$ 30$ fat$ 
