target_pos,target_token,norm_suff,random_suff,norm_comp,random_comp
33, in,0.0,0.055234216153621674,0.041686732321977615,0.02163683995604515
35, in,0.03894258663058281,0.0,0.04370842128992081,0.029335038736462593
37, United,0.00019832652469631284,0.00047580443788319826,0.0016829000087454915,0.0037363660521805286
39,.,0.0,0.0,0.02909500151872635,0.021865766495466232
41, is,0.0,0.011059708893299103,0.015118430368602276,0.015509473159909248
