target_pos,target_token,norm_suff,random_suff,norm_comp,random_comp
33, in,0.03387267887592316,0.025362784042954445,0.05719602853059769,0.025452444329857826
35, in,0.03267865628004074,0.08955225348472595,0.14697672426700592,0.036679305136203766
37, United,0.0,0.0011229939991608262,0.003347231773659587,0.002282317029312253
39,.,0.0,0.0,0.006686130538582802,0.00794267375022173
41, is,0.028637565672397614,0.0,0.02958957850933075,0.01231869775801897
