norm_suff_mean,random_suff_mean,norm_comp_mean,random_comp_mean,final suff,final comp,target_tokens
0.019037781283259392,0.023207606747746468,0.04875914007425308,0.016935087740421295,0.8203250765800476,0.8895515203475952, in$ in$ United$.$ is
