norm_suff_mean,random_suff_mean,norm_comp_mean,random_comp_mean,final suff,final comp,target_tokens
0.00782818254083395,0.013353945687413216,0.02625829540193081,0.018416697159409523,0.5862074494361877,2.352614641189575, in$ in$ United$.$ is
