target_pos,target_token,norm_suff,random_suff,norm_comp,random_comp
17, in,0.022278932854533195,0.09215517342090607,0.03824973851442337,0.05364236235618591
19,75,0.0,0.0,0.021124903112649918,0.03556075319647789
21, and,0.0,0.01761253923177719,0.04942072927951813,0.019169166684150696
23, located,0.0,0.0,0.020089196041226387,0.016579851508140564
25, Ottawa,0.0036242238711565733,0.0,0.019538920372724533,0.010827326215803623
