target_pos,target_token,norm_suff,random_suff,norm_comp,random_comp
17, in,0.0009804873261600733,0.12316857278347015,0.06373719871044159,0.025192296132445335
19,75,0.0,0.0,0.0684097409248352,0.020193977281451225
21, and,0.0,4.149085725657642e-05,0.01752522774040699,0.02492007613182068
23, located,0.0031784106977283955,0.03908262401819229,0.044510114938020706,0.03610306605696678
25, Ottawa,0.0021402540151029825,0.010075965896248817,0.028405217453837395,0.018928295001387596
