norm_suff_mean,random_suff_mean,norm_comp_mean,random_comp_mean,final suff,final comp,target_tokens
0.0012598304310813546,0.034473732113838196,0.04451749846339226,0.025067541748285294,0.03654464706778526,19.897552490234375, in$75$ and$ located$ Ottawa
