norm_suff_mean,random_suff_mean,norm_comp_mean,random_comp_mean,final suff,final comp,target_tokens
0.005180631298571825,0.02195354364812374,0.029684698209166527,0.027155891060829163,0.2359815537929535,5.241811275482178, in$75$ and$ located$ Ottawa
