target_pos,target_token,norm_suff,random_suff,norm_comp,random_comp
18,"
",0.06752186268568039,0.06724372506141663,0.034472692757844925,0.18119938671588898
20,The,0.0,0.0,0.13344016671180725,0.14210094511508942
22, of,0.068450927734375,0.027439268305897713,0.04148295149207115,0.021794842556118965
24, moons,0.02754572220146656,0.05434291809797287,0.03717224299907684,0.025778522714972496
26, Miranda,0.0,0.0,0.1528974324464798,0.2977408766746521
