target_pos,target_token,norm_suff,random_suff,norm_comp,random_comp
18,"
",0.12590132653713226,0.024592792615294456,0.07115916162729263,0.08558755367994308
20,The,0.0,0.0,0.13235071301460266,0.13862286508083344
22, of,0.0033090903889387846,0.0,0.03394953906536102,0.027981329709291458
24, moons,0.0,0.015176745131611824,0.048356980085372925,0.015783127397298813
26, Miranda,0.04044949263334274,0.018385307863354683,0.05155690759420395,0.04096094146370888
