norm_suff_mean,random_suff_mean,norm_comp_mean,random_comp_mean,final suff,final comp,target_tokens
0.0327037051320076,0.02980518341064453,0.07989310473203659,0.1337229162454605,1.097248911857605,4.088922500610352,"
$The$ of$ moons$ Miranda"
