norm_suff_mean,random_suff_mean,norm_comp_mean,random_comp_mean,final suff,final comp,target_tokens
0.03393198177218437,0.011630969122052193,0.06747466325759888,0.06178716570138931,2.91738224029541,1.8209123611450195,"
$The$ of$ moons$ Miranda"
