target_pos,target_token,norm_suff,random_suff,norm_comp,random_comp
15, or,0.050384771078825,0.0,0.049040257930755615,0.08282844722270966
17,com,0.0053086839616298676,0.06150227412581444,0.09322161227464676,0.11583240330219269
19,.,0.10135386139154434,0.0,0.054989323019981384,0.03997630253434181
21, genus,0.0,0.0,0.03863038867712021,0.058741286396980286
23,ill,0.0,0.005779378116130829,0.004257512278854847,0.006438512820750475
