target_pos,target_token,norm_suff,random_suff,norm_comp,random_comp
15, or,0.07784780114889145,0.06474347412586212,0.046534158289432526,0.041385453194379807
17,com,0.05672726780176163,0.0,0.16560998558998108,0.1175169050693512
19,.,0.2443111389875412,0.009766523726284504,0.07797802239656448,0.038769397884607315
21, genus,0.0,0.014833441935479641,0.04238833859562874,0.041933245956897736
23,ill,0.000844811147544533,0.0,0.006889902520924807,0.003830407978966832
