norm_suff_mean,random_suff_mean,norm_comp_mean,random_comp_mean,final suff,final comp,target_tokens
0.07594620436429977,0.017868688330054283,0.06788008660078049,0.048687081784009933,4.250239372253418,0.6410732865333557, or$com$.$ genus$ill
