norm_suff_mean,random_suff_mean,norm_comp_mean,random_comp_mean,final suff,final comp,target_tokens
0.03140946477651596,0.013456329703330994,0.04802782088518143,0.0607633963227272,2.3341777324676514,1.9345568418502808, or$com$.$ genus$ill
