target_pos,target_token,norm_suff,random_suff,norm_comp,random_comp
24, or,0.0,0.06548721343278885,0.033702302724123,0.06514997780323029
26,.,0.06755412369966507,0.10340484976768494,0.031774990260601044,0.015649933367967606
28,"
",0.0,0.0,0.016050096601247787,0.021705985069274902
30,ign,0.0009743688860908151,8.24783492134884e-05,0.0012053739046677947,0.001116321887820959
32, tumors,0.0054123662412166595,0.004821585491299629,0.029693590477108955,0.007568927016109228
