target_pos,target_token,norm_suff,random_suff,norm_comp,random_comp
24, or,0.04576487094163895,0.0,0.05847930908203125,0.04032289981842041
26,.,0.0676828995347023,0.062103088945150375,0.024091675877571106,0.04547913745045662
28,"
",0.03920142352581024,0.0,0.0158860981464386,0.01532430574297905
30,ign,0.007906796410679817,0.008462433703243732,0.0009093693806789815,0.0019822472240775824
32, tumors,0.0,0.0,0.025122428312897682,0.007165561895817518
