norm_suff_mean,random_suff_mean,norm_comp_mean,random_comp_mean,final suff,final comp,target_tokens
0.03211119771003723,0.014113104902207851,0.024897774681448936,0.022054830566048622,2.275275230407715,0.686826765537262," or$.$
$ign$ tumors"
