norm_suff_mean,random_suff_mean,norm_comp_mean,random_comp_mean,final suff,final comp,target_tokens
0.014788172207772732,0.03475922718644142,0.022485271096229553,0.02223822847008705,0.42544594407081604,1.5037847757339478," or$.$
$ign$ tumors"
