target_pos,target_token,norm_suff,random_suff,norm_comp,random_comp
20, and,0.005468587391078472,0.11610805243253708,0.04788533225655556,0.052529361099004745
22, pr,0.011548301205039024,0.0,0.05440852418541908,0.17152413725852966
24, of,0.07783393561840057,0.08049531280994415,0.02331984043121338,0.03716465085744858
26, Ecc,0.0,0.02058386616408825,0.04713403061032295,0.07592123746871948
28, Province,0.0013766261981800199,0.00850770529359579,0.055648885667324066,0.04505982995033264
