norm_suff_mean,random_suff_mean,norm_comp_mean,random_comp_mean,final suff,final comp,target_tokens
0.019245490431785583,0.04513898864388466,0.04567932337522507,0.07643985003232956,0.42636069655418396,3.971831798553467, and$ pr$ of$ Ecc$ Province
