norm_suff_mean,random_suff_mean,norm_comp_mean,random_comp_mean,final suff,final comp,target_tokens
0.012055552564561367,0.015762848779559135,0.040221597999334335,0.07914955914020538,0.7648079991340637,6.565402984619141, and$ pr$ of$ Ecc$ Province
