target_pos,target_token,norm_suff,random_suff,norm_comp,random_comp
21, (,0.020176289603114128,0.0,0.07402464747428894,0.039759229868650436
23,",",0.07768514007329941,0.0,0.014180398546159267,0.004379699472337961
25, km,0.0013647343730553985,0.006617197301238775,0.013385258615016937,0.03323569893836975
27, west,0.011153514496982098,0.0,0.018301989883184433,0.015276629477739334
29, the,0.03382731229066849,0.0,0.07682632654905319,0.061847854405641556
