target_pos,target_token,norm_suff,random_suff,norm_comp,random_comp
21, (,0.04098624736070633,0.02107662707567215,0.08665159344673157,0.06607237458229065
23,",",0.0,0.0,0.011907009407877922,0.01703529804944992
25, km,0.0034633632749319077,0.0,0.014586410485208035,0.03139456361532211
27, west,0.006540755275636911,0.0030241140630096197,0.0593714565038681,0.041292205452919006
29, the,0.02816416136920452,0.006047558970749378,0.02235785312950611,0.03617211431264877
