norm_suff_mean,random_suff_mean,norm_comp_mean,random_comp_mean,final suff,final comp,target_tokens
0.015830906108021736,0.006029659882187843,0.038974862545728683,0.03839331492781639,2.6255056858062744,2.4252126216888428," ($,$ km$ west$ the"
