norm_suff_mean,random_suff_mean,norm_comp_mean,random_comp_mean,final suff,final comp,target_tokens
0.028841396793723106,0.0013234395300969481,0.03934372588992119,0.03089982271194458,21.792757034301758,1.0713704824447632," ($,$ km$ west$ the"
