target_pos,target_token,norm_suff,random_suff,norm_comp,random_comp
25, by,0.0,0.007242862600833178,0.04263054206967354,0.011548898182809353
27, B,0.03443518280982971,0.07449136674404144,0.03212738782167435,0.21297822892665863
29,en,0.003962549846619368,0.014604520052671432,0.029520180076360703,0.03973601385951042
31, Mel,0.002312683966010809,0.0033335015177726746,0.032361648976802826,0.03536240756511688
33, Wall,0.017062723636627197,0.014276258647441864,0.045516982674598694,0.03214230760931969
