target_pos,target_token,norm_suff,random_suff,norm_comp,random_comp
25, by,0.02474343590438366,0.026911413297057152,0.07203622907400131,0.026244157925248146
27, B,0.016293631866574287,5.769054405391216e-05,0.03455258905887604,0.034564677625894547
29,en,0.010992110706865788,0.007028174586594105,0.02635130286216736,0.013820791617035866
31, Mel,0.010470547713339329,0.0,0.069802425801754,0.05955544486641884
33, Wall,0.0,0.00405936548486352,0.04488218203186989,0.08315654844045639
