norm_suff_mean,random_suff_mean,norm_comp_mean,random_comp_mean,final suff,final comp,target_tokens
0.012499945238232613,0.007611328270286322,0.0495249442756176,0.04346832260489464,1.6422817707061768,3.4774811267852783, by$ B$en$ Mel$ Wall
