norm_suff_mean,random_suff_mean,norm_comp_mean,random_comp_mean,final suff,final comp,target_tokens
0.011554627679288387,0.02278970181941986,0.03643134981393814,0.06635357439517975,0.5070109367370605,5.742597579956055, by$ B$en$ Mel$ Wall
