target_pos,target_token,norm_suff,random_suff,norm_comp,random_comp
21, by,0.011478131636977196,0.03187979757785797,0.21051961183547974,0.04227601736783981
23, American,0.0,0.01517648808658123,0.12414507567882538,0.05946947634220123
25, industry,0.009260112419724464,0.0,0.07535821199417114,0.11992348730564117
27, It,0.008203303441405296,0.019076280295848846,0.020395180210471153,0.025027036666870117
29, given,0.0,0.012795068323612213,0.0887792780995369,0.10602686554193497
