target_pos,target_token,norm_suff,random_suff,norm_comp,random_comp
21, by,0.004545277915894985,0.011759225279092789,0.044945187866687775,0.07148464769124985
23, American,0.0,0.0,0.08586596697568893,0.14229080080986023
25, industry,0.014307794161140919,0.011465689167380333,0.07967917621135712,0.08424890041351318
27, It,0.003102349117398262,0.014348069205880165,0.05305727943778038,0.03979513421654701
29, given,0.012294521555304527,0.0,0.04947996139526367,0.10750780999660492
