norm_suff_mean,random_suff_mean,norm_comp_mean,random_comp_mean,final suff,final comp,target_tokens
0.005788309499621391,0.01578552834689617,0.10383947193622589,0.07054457813501358,0.36668455600738525,12.187423706054688, by$ American$ industry$ It$ given
