norm_suff_mean,random_suff_mean,norm_comp_mean,random_comp_mean,final suff,final comp,target_tokens
0.006849988829344511,0.007514596916735172,0.06260551512241364,0.08906545490026474,0.9115577340126038,13.002277374267578, by$ American$ industry$ It$ given
