target_pos,target_token,norm_suff,random_suff,norm_comp,random_comp
27, The,0.01262972503900528,0.006384443491697311,0.03689756616950035,0.025570383295416832
29,eng,0.0,0.0,0.013995748944580555,0.035457510501146317
31, period,0.031344715505838394,0.0,0.05965348333120346,0.05368763580918312
33, a,0.04903681203722954,0.03936269134283066,0.022853398695588112,0.02723538503050804
35, of,0.0,0.0,0.01156739704310894,0.009095187298953533
