target_pos,target_token,norm_suff,random_suff,norm_comp,random_comp
27, The,0.0,0.031628984957933426,0.02631393074989319,0.0688621923327446
29,eng,0.0,0.001998755382373929,0.01760425977408886,0.02460973523557186
31, period,0.03707918897271156,0.06438549607992172,0.05598888546228409,0.08466257899999619
33, a,0.0,0.009532053954899311,0.015336984768509865,0.01639190874993801
35, of,0.03790738433599472,0.023809803649783134,0.02023486979305744,0.010028066113591194
