norm_suff_mean,random_suff_mean,norm_comp_mean,random_comp_mean,final suff,final comp,target_tokens
0.018602250143885612,0.009149427525699139,0.02899351716041565,0.030209219083189964,2.0331599712371826,1.6239551305770874, The$eng$ period$ a$ of
