norm_suff_mean,random_suff_mean,norm_comp_mean,random_comp_mean,final suff,final comp,target_tokens
0.014997315593063831,0.026271019130945206,0.02709578536450863,0.04091089591383934,0.5708692073822021,2.7278811931610107, The$eng$ period$ a$ of
