target_pos,target_token,norm_suff,random_suff,norm_comp,random_comp
17, at,0.05328366532921791,0.0318499393761158,0.15063989162445068,0.040594037622213364
19, top,0.0,0.0,0.04177464172244072,0.10668304562568665
21, the,0.029427971690893173,0.0,0.05966433137655258,0.019272709265351295
23, social,0.003929757978767157,0.0,0.03643537312746048,0.03004344366490841
25,.,0.07595011591911316,0.0,0.006566368974745274,0.02295139990746975
