target_pos,target_token,norm_suff,random_suff,norm_comp,random_comp
17, at,0.052803438156843185,0.03293665125966072,0.061337899416685104,0.02220611646771431
19, top,0.018081368878483772,0.0,0.10482712090015411,0.09557978063821793
21, the,0.007013704162091017,0.0,0.027445178478956223,0.023608123883605003
23, social,0.005534942727535963,0.018436258658766747,0.07929164171218872,0.05341166630387306
25,.,0.1597185581922531,0.21987274289131165,0.016364814713597298,0.008728506974875927
