norm_suff_mean,random_suff_mean,norm_comp_mean,random_comp_mean,final suff,final comp,target_tokens
0.03251830115914345,0.006369987968355417,0.05901611968874931,0.04390892758965492,5.104923248291016,1.3502836227416992, at$ top$ the$ social$.
