norm_suff_mean,random_suff_mean,norm_comp_mean,random_comp_mean,final suff,final comp,target_tokens
0.048630401492118835,0.05424913391470909,0.0578533299267292,0.04070683941245079,0.8964272141456604,0.8370656371116638, at$ top$ the$ social$.
