target_pos,target_token,norm_suff,random_suff,norm_comp,random_comp
16, is,0.04732377454638481,0.07115321606397629,0.06722821295261383,0.054140619933605194
18, species,0.014119904488325119,0.009984062984585762,0.03790021687746048,0.03621727600693703
20, lobster,0.0,0.026815151795744896,0.12228144705295563,0.038891423493623734
22, the,0.0,0.0,0.00352815561927855,0.006851730868220329
24, Neph,0.0,0.027811318635940552,0.08473481982946396,0.07042183727025986
