target_pos,target_token,norm_suff,random_suff,norm_comp,random_comp
16, is,0.0,0.12666064500808716,0.11980775743722916,0.08337210863828659
18, species,0.0,0.011371956206858158,0.03087511844933033,0.17883124947547913
20, lobster,0.0,0.0,0.03032124973833561,0.06375470757484436
22, the,0.009766539558768272,0.0,0.004313895478844643,0.005176393780857325
24, Neph,0.04076043516397476,0.03593882545828819,0.11004526913166046,0.07830583304166794
