norm_suff_mean,random_suff_mean,norm_comp_mean,random_comp_mean,final suff,final comp,target_tokens
0.012288736179471016,0.02715275064110756,0.0631345734000206,0.0413045771420002,0.45257794857025146,3.361173629760742, is$ species$ lobster$ the$ Neph
