norm_suff_mean,random_suff_mean,norm_comp_mean,random_comp_mean,final suff,final comp,target_tokens
0.010105395689606667,0.03479428589344025,0.05907266214489937,0.08188805729150772,0.2904326319694519,8.103399276733398, is$ species$ lobster$ the$ Neph
