target_pos,target_token,norm_suff,random_suff,norm_comp,random_comp
12, They,0.0,0.0,0.05028762295842171,0.02715681865811348
14, used,0.05581008270382881,0.07453437149524689,0.07777933776378632,0.04365120828151703
16, cooking,0.0,0.03906504437327385,0.04228951781988144,0.054435696452856064
18, as,0.0048310342244803905,0.09414884448051453,0.05934661254286766,0.052640363574028015
20, lubric,0.0,0.0,0.05583498626947403,0.07559433579444885
