target_pos,target_token,norm_suff,random_suff,norm_comp,random_comp
12, They,0.0,0.0032915370538830757,0.051378652453422546,0.021446045488119125
14, used,0.039546992629766464,0.03318190947175026,0.04698064923286438,0.05746476352214813
16, cooking,0.04787714034318924,0.0,0.07013901323080063,0.042697157710790634
18, as,0.0,0.04436381533741951,0.059830062091350555,0.06680697947740555
20, lubric,0.0,0.0,0.0602152943611145,0.06793170422315598
