norm_suff_mean,random_suff_mean,norm_comp_mean,random_comp_mean,final suff,final comp,target_tokens
0.01748482696712017,0.016167452558875084,0.0577087365090847,0.05126933008432388,1.0814831256866455,2.932218313217163, They$ used$ cooking$ as$ lubric
