norm_suff_mean,random_suff_mean,norm_comp_mean,random_comp_mean,final suff,final comp,target_tokens
0.012128223665058613,0.04154965281486511,0.05710761621594429,0.05069568380713463,0.29189711809158325,4.179975986480713, They$ used$ cooking$ as$ lubric
