target_pos,target_token,norm_suff,random_suff,norm_comp,random_comp
20, until,0.06011676415801048,0.0735689103603363,0.03213915973901749,0.026262596249580383
22, French,0.0,0.0,0.03569277748465538,0.04622162878513336
24, in,0.0,0.07958092540502548,0.056538913398981094,0.04353635385632515
26,89,0.0,0.0,0.019005263224244118,0.022129198536276817
28, The,0.0,0.0,0.022773152217268944,0.016874972730875015
