target_pos,target_token,norm_suff,random_suff,norm_comp,random_comp
20, until,0.06900732219219208,0.0,0.026419207453727722,0.01677984930574894
22, French,0.0,0.0,0.07301129400730133,0.023207321763038635
24, in,0.07622019946575165,0.17343956232070923,0.02499518170952797,0.02277335524559021
26,89,0.0002864668203983456,0.0,0.025418685749173164,0.01664143055677414
28, The,0.019978972151875496,0.01813829131424427,0.052952300757169724,0.031908635050058365
