norm_suff_mean,random_suff_mean,norm_comp_mean,random_comp_mean,final suff,final comp,target_tokens
0.03309858962893486,0.03831557184457779,0.04055933281779289,0.022262118756771088,0.863841712474823,0.6726002097129822, until$ French$ in$89$ The
