norm_suff_mean,random_suff_mean,norm_comp_mean,random_comp_mean,final suff,final comp,target_tokens
0.012023353017866611,0.030629968270659447,0.033229853957891464,0.031004948541522026,0.39253559708595276,2.5787272453308105, until$ French$ in$89$ The
