target_pos,target_token,norm_suff,random_suff,norm_comp,random_comp
15, who,0.00699976971372962,0.0,0.2421446442604065,0.07181137800216675
17, appeared,0.0,0.003134422469884157,0.026119301095604897,0.018621176481246948
19, many,0.0,0.0,0.022714894264936447,0.024020781740546227
21, television,0.0,0.017198855057358742,0.05162115767598152,0.036011550575494766
23, and,0.06677784025669098,0.09570649266242981,0.028729815036058426,0.03018050268292427
