target_pos,target_token,norm_suff,random_suff,norm_comp,random_comp
15, who,0.0,0.036422502249479294,0.04414791986346245,0.11848948150873184
17, appeared,0.024003157392144203,0.014953440986573696,0.027154527604579926,0.016025586053729057
19, many,0.020182689651846886,0.0,0.04751400277018547,0.03956209123134613
21, television,0.005603442434221506,0.0,0.07999768853187561,0.06559231132268906
23, and,0.047432295978069305,0.1666375696659088,0.020543495193123817,0.03703610599040985
