norm_suff_mean,random_suff_mean,norm_comp_mean,random_comp_mean,final suff,final comp,target_tokens
0.014755521900951862,0.023207953199744225,0.0742659643292427,0.03612907603383064,0.6357958912849426,2.448512315750122, who$ appeared$ many$ television$ and
