norm_suff_mean,random_suff_mean,norm_comp_mean,random_comp_mean,final suff,final comp,target_tokens
0.019444316625595093,0.043602701276540756,0.04387152940034866,0.055341120809316635,0.4459429383277893,2.8461334705352783, who$ appeared$ many$ television$ and
