target_pos,target_token,norm_suff,random_suff,norm_comp,random_comp
15, developed,0.003963470924645662,0.07543381303548813,0.030931517481803894,0.029164597392082214
17, published,0.0007375834393315017,0.004216522444039583,0.0158711988478899,0.021033894270658493
19, Nintendo,0.004612447693943977,0.005405011121183634,0.016383551061153412,0.029119564220309258
21, the,0.03981669619679451,0.0,0.017986176535487175,0.010584584437310696
23, Boy,0.00037856787093915045,0.0,0.010049386881291866,0.006724999751895666
