target_pos,target_token,norm_suff,random_suff,norm_comp,random_comp
15, developed,0.07587721198797226,0.0600399523973465,0.031809087842702866,0.03392007574439049
17, published,0.0027649160474538803,0.0009834646480157971,0.009770067408680916,0.010354740545153618
19, Nintendo,0.0058138552121818066,0.0028145441319793463,0.07259596139192581,0.06427892297506332
21, the,0.0,0.02486645244061947,0.005357688292860985,0.011388199403882027
23, Boy,0.00026541814440861344,0.007557416334748268,0.006557646673172712,0.02284586802124977
