norm_suff_mean,random_suff_mean,norm_comp_mean,random_comp_mean,final suff,final comp,target_tokens
0.01694427989423275,0.019252365455031395,0.025218090042471886,0.028557563200592995,0.8801141977310181,1.6853806972503662, developed$ published$ Nintendo$ the$ Boy
