norm_suff_mean,random_suff_mean,norm_comp_mean,random_comp_mean,final suff,final comp,target_tokens
0.00990175362676382,0.017011068761348724,0.018244367092847824,0.019325528293848038,0.5820770859718323,1.9517278671264648, developed$ published$ Nintendo$ the$ Boy
