target_pos,target_token,norm_suff,random_suff,norm_comp,random_comp
24, of,0.010577759705483913,0.050861187279224396,0.06639952212572098,0.04369465261697769
26, Mint,0.0021370963659137487,0.0003157939645461738,0.008965366519987583,0.008906681090593338
28, 18,0.0,0.00684793246909976,0.034845173358917236,0.04564017429947853
30, to,0.0,0.048751577734947205,0.008824627846479416,0.03016640432178974
32,.,0.1261681169271469,0.0,0.031909529119729996,0.01706806756556034
