target_pos,target_token,norm_suff,random_suff,norm_comp,random_comp
24, of,0.045207418501377106,0.0,0.045141417533159256,0.025833729654550552
26, Mint,0.0021124493796378374,0.0017732676351442933,0.03246461972594261,0.014924567192792892
28, 18,0.021261312067508698,0.004822998773306608,0.01710646040737629,0.01835045777261257
30, to,0.01904808171093464,0.0298591498285532,0.00796602200716734,0.007849421352148056
32,.,0.1018998771905899,0.09942587465047836,0.018563315272331238,0.0175800584256649
