norm_suff_mean,random_suff_mean,norm_comp_mean,random_comp_mean,final suff,final comp,target_tokens
0.02777659334242344,0.021355299279093742,0.030188843607902527,0.029095197096467018,1.3006885051727295,1.0474717617034912, of$ Mint$ 18$ to$.
