norm_suff_mean,random_suff_mean,norm_comp_mean,random_comp_mean,final suff,final comp,target_tokens
0.03790583088994026,0.027176259085536003,0.024248367175459862,0.016907647252082825,1.394814133644104,0.4460434317588806, of$ Mint$ 18$ to$.
