target_pos,target_token,norm_suff,random_suff,norm_comp,random_comp
11, and,0.0869586169719696,0.1364888995885849,0.07724647223949432,0.05884971097111702
13, the,0.04227401688694954,0.0,0.03669087961316109,0.03517851233482361
15, program,0.023224102333188057,0.07384420186281204,0.08259886503219604,0.09752105176448822
17, scientific,0.05635994300246239,0.030655305832624435,0.10370869189500809,0.1486736536026001
19,.,0.05359804630279541,0.12075545638799667,0.03966420516371727,0.04117982089519501
