target_pos,target_token,norm_suff,random_suff,norm_comp,random_comp
11, and,0.16724969446659088,0.0,0.03444112837314606,0.049261510372161865
13, the,0.04158688709139824,0.033456169068813324,0.03606180474162102,0.0379444845020771
15, program,0.03457990661263466,0.028678635135293007,0.05632954463362694,0.05286993831396103
17, scientific,0.0,0.031757909804582596,0.21308158338069916,0.15712308883666992
19,.,0.13639427721500397,0.1742836833000183,0.04639182984828949,0.042298536747694016
