norm_suff_mean,random_suff_mean,norm_comp_mean,random_comp_mean,final suff,final comp,target_tokens
0.07596214860677719,0.05363528057932854,0.07726117223501205,0.06789951771497726,1.4162720441818237,0.89385986328125, and$ the$ program$ scientific$.
