norm_suff_mean,random_suff_mean,norm_comp_mean,random_comp_mean,final suff,final comp,target_tokens
0.05248294398188591,0.07234877347946167,0.06798182427883148,0.07628054916858673,0.725415825843811,1.4534350633621216, and$ the$ program$ scientific$.
