target_pos,target_token,norm_suff,random_suff,norm_comp,random_comp
20, thick,0.078514464199543,0.0033348759170621634,0.05988485366106033,0.07074881345033646
22, The,0.0,0.0808807760477066,0.02456507831811905,0.044789090752601624
24, is,0.024394812062382698,0.0,0.060614462941884995,0.03604879975318909
26, to,0.0,0.06923830509185791,0.016003431752324104,0.01689835637807846
28, a,0.01416015438735485,0.013183578848838806,0.04497383534908295,0.04272060468792915
