target_pos,target_token,norm_suff,random_suff,norm_comp,random_comp
20, thick,0.029457762837409973,0.016963046044111252,0.12081975489854813,0.043500546365976334
22, The,0.03897406905889511,0.06511897593736649,0.016201402992010117,0.018539661541581154
24, is,0.010201468132436275,0.03710256889462471,0.03658469393849373,0.054616887122392654
26, to,0.03906508535146713,0.0,0.016664111986756325,0.030310219153761864
28, a,0.0009441906004212797,0.0,0.026066377758979797,0.02426193095743656
