norm_suff_mean,random_suff_mean,norm_comp_mean,random_comp_mean,final suff,final comp,target_tokens
0.023728515952825546,0.02383691631257534,0.04326727241277695,0.034245848655700684,0.9954524040222168,1.443235993385315, thick$ The$ is$ to$ a
