norm_suff_mean,random_suff_mean,norm_comp_mean,random_comp_mean,final suff,final comp,target_tokens
0.0234138872474432,0.033327508717775345,0.041208334267139435,0.042241133749485016,0.7025393843650818,1.8041059970855713, thick$ The$ is$ to$ a
