target_pos,target_token,norm_suff,random_suff,norm_comp,random_comp
22, and,0.0,0.04537566751241684,0.10221628844738007,0.07468203455209732
24, written,0.0,0.0,0.027892472222447395,0.024275682866573334
26, 1942,0.0,0.004530168604105711,0.05341897904872894,0.2216828316450119
28, It,0.0,0.044185057282447815,0.033796172589063644,0.014623383991420269
30, a,0.0,0.06568658351898193,0.04135927930474281,0.08517752587795258
