target_pos,target_token,norm_suff,random_suff,norm_comp,random_comp
22, and,0.0,0.0,0.12296320497989655,0.09372091293334961
24, written,0.0,0.008012190461158752,0.038155607879161835,0.018834497779607773
26, 1942,0.0,0.010097507387399673,0.3000505566596985,0.26233649253845215
28, It,0.0,0.0663001537322998,0.0881461575627327,0.028204945847392082
30, a,0.0,0.0682637169957161,0.045204438269138336,0.08723954856395721
