target_pos,target_token,norm_suff,random_suff,norm_comp,random_comp
21, for,0.0132748456671834,0.009569189511239529,0.10733874887228012,0.04124825820326805
23, Los,0.0,0.0,0.040220487862825394,0.05874650925397873
25, Dodgers,0.0008574037346988916,0.0014286452205851674,0.11424389481544495,0.038623079657554626
27, Major,0.0012195371091365814,0.001111735706217587,0.005830369424074888,0.019256409257650375
29, Baseball,0.0007121074013411999,0.0,0.0032068025320768356,0.0010802503675222397
