target_pos,target_token,norm_suff,random_suff,norm_comp,random_comp
21, for,0.06820044666528702,0.0012420162092894316,0.06995271146297455,0.059111371636390686
23, Los,0.008631573989987373,0.007426711264997721,0.05097711831331253,0.0547112338244915
25, Dodgers,0.0,0.00034607757697813213,0.020363645628094673,0.02522382326424122
27, Major,0.0021587784867733717,0.000431385007686913,0.004650905728340149,0.011132194660604
29, Baseball,0.0005828998982906342,0.0013333087554201484,0.004921423736959696,0.004763776436448097
