norm_suff_mean,random_suff_mean,norm_comp_mean,random_comp_mean,final suff,final comp,target_tokens
0.015914738178253174,0.0021558997686952353,0.030173158273100853,0.030988479033112526,7.381947040557861,1.9471560716629028, for$ Los$ Dodgers$ Major$ Baseball
