norm_suff_mean,random_suff_mean,norm_comp_mean,random_comp_mean,final suff,final comp,target_tokens
0.0032127785962074995,0.0024219141341745853,0.05416806414723396,0.031790900975465775,1.326545238494873,9.895142555236816, for$ Los$ Dodgers$ Major$ Baseball
