target_pos,target_token,norm_suff,random_suff,norm_comp,random_comp
25,"
",0.0,0.18454980850219727,0.04535906761884689,0.02389203943312168
27,Nut,0.026048772037029266,0.0,0.06121267378330231,0.06639023125171661
29,"
",0.055946264415979385,0.048819467425346375,0.026375195011496544,0.067392498254776
31,A,0.018493542447686195,0.0,0.04308241605758667,0.34116998314857483
33, is,0.09097715467214584,0.04649989306926727,0.02529999427497387,0.08253377676010132
