target_pos,target_token,norm_suff,random_suff,norm_comp,random_comp
25,"
",0.16654787957668304,0.069697804749012,0.08581338077783585,0.0814066082239151
27,Nut,0.022912917658686638,0.0,0.06018109619617462,0.12944495677947998
29,"
",0.028670871630311012,0.06576821953058243,0.08773422241210938,0.07522479444742203
31,A,0.0,0.0,0.035071492195129395,0.03662411868572235
33, is,0.02657664753496647,0.07526355981826782,0.0579366460442543,0.0262282881885767
