norm_suff_mean,random_suff_mean,norm_comp_mean,random_comp_mean,final suff,final comp,target_tokens
0.03829314932227135,0.0559738352894783,0.04026586934924126,0.11627570539712906,0.6841259002685547,3.0364623069763184,"
$Nut$
$A$ is"
