norm_suff_mean,random_suff_mean,norm_comp_mean,random_comp_mean,final suff,final comp,target_tokens
0.04894166812300682,0.04214591532945633,0.06534736603498459,0.06978575885295868,1.1612434387207031,1.4258966445922852,"
$Nut$
$A$ is"
