target_pos,target_token,norm_suff,random_suff,norm_comp,random_comp
34, southeast,0.002608218463137746,0.009125069715082645,0.20192600786685944,0.2779991924762726
36, Philadelphia,0.0,0.0,0.168987438082695,0.12369406968355179
38, It,0.0,0.0,0.12251602113246918,0.07766910642385483
40, a,0.0047490475699305534,0.0,0.039612624794244766,0.08205811679363251
42,ribut,0.0,0.0,0.0008726342930458486,0.0009430614300072193
