target_pos,target_token,norm_suff,random_suff,norm_comp,random_comp
34, southeast,0.0,0.0,0.11121786385774612,0.31308233737945557
36, Philadelphia,0.0,0.0,0.16286030411720276,0.1543220430612564
38, It,0.0,0.0,0.07266795635223389,0.09546396881341934
40, a,0.0,0.0042184810154139996,0.08493989706039429,0.05828114598989487
42,ribut,0.0,0.0,0.0010257144458591938,0.0009260475635528564
