norm_suff_mean,random_suff_mean,norm_comp_mean,random_comp_mean,final suff,final comp,target_tokens
0.0014714532298967242,0.0018250140128657222,0.1067829355597496,0.11247270554304123,0.8062695264816284,76.43647766113281, southeast$ Philadelphia$ It$ a$ribut
