target_pos,target_token,norm_suff,random_suff,norm_comp,random_comp
18, in,0.008970401249825954,0.007036593742668629,0.10386668890714645,0.14495910704135895
20,67,0.0,0.005596791859716177,0.06080913916230202,0.055371154099702835
22,"
",0.0,0.0,0.19302384555339813,0.13627968728542328
24, know,0.0,0.0,0.03855101764202118,0.04270518571138382
26, I,0.0,0.0,0.11344427615404129,0.05620446428656578
