target_pos,target_token,norm_suff,random_suff,norm_comp,random_comp
18, in,0.0,0.0,0.07551886141300201,0.16501742601394653
20,67,0.00036558916326612234,0.0017712268745526671,0.06129002198576927,0.049641795456409454
22,"
",0.0,0.0,0.14393803477287292,0.2090681940317154
24, know,0.006387118715792894,0.0,0.0774243026971817,0.03431203216314316
26, I,0.0,0.0,0.052119046449661255,0.09527568519115448
