norm_suff_mean,random_suff_mean,norm_comp_mean,random_comp_mean,final suff,final comp,target_tokens
0.0017940802499651909,0.002526676980778575,0.10193898528814316,0.08710392564535141,0.7100552320480347,48.55073928833008," in$67$
$ know$ I"
