norm_suff_mean,random_suff_mean,norm_comp_mean,random_comp_mean,final suff,final comp,target_tokens
0.0013505415990948677,0.0003542453923728317,0.08205805718898773,0.1106630340218544,3.8124465942382812,81.93974304199219," in$67$
$ know$ I"
