target_pos,target_token,norm_suff,random_suff,norm_comp,random_comp
19,"
",0.0,0.0,0.6842662692070007,0.4063907861709595
21,'m,0.0,0.0,0.17258720099925995,0.24448063969612122
23, sure,0.012450942769646645,0.0,0.07228326797485352,0.11658269912004471
25, this,0.004431124310940504,0.0,0.21604512631893158,0.09856066852807999
27, a,0.0,0.0,0.1407565176486969,0.12500809133052826
