target_pos,target_token,norm_suff,random_suff,norm_comp,random_comp
19,"
",0.0,0.0,0.5815331339836121,0.5744379162788391
21,'m,0.0,0.0,0.19128061830997467,0.15368245542049408
23, sure,0.0,0.0,0.13576620817184448,0.12050540000200272
25, this,0.0,0.0,0.21891219913959503,0.2135421186685562
27, a,0.0,0.0,0.22540804743766785,0.08438219130039215
