target_pos,target_token,norm_suff,random_suff,norm_comp,random_comp
16, ,0.0,0.004334455821663141,0.2516607940196991,0.46124333143234253
18, ,0.0,0.0,0.25896966457366943,0.19637298583984375
20, ,0.0,0.0,0.2289322316646576,0.1318540871143341
22, ,0.0,0.0,0.26411178708076477,0.18757016956806183
24, ,0.03731644153594971,0.0,0.08559117466211319,0.07288578897714615
