target_pos,target_token,norm_suff,random_suff,norm_comp,random_comp
16, ,0.0,0.0,0.46233007311820984,0.174963116645813
18, ,0.0,0.023689651861786842,0.5973842144012451,0.162399023771286
20, ,0.0,0.10509462654590607,0.3363569974899292,0.17129908502101898
22, ,0.0,0.03188442066311836,0.11003121733665466,0.305500328540802
24, ,0.047104861587285995,0.03186222165822983,0.05692227557301521,0.21286261081695557
