norm_suff_mean,random_suff_mean,norm_comp_mean,random_comp_mean,final suff,final comp,target_tokens
0.009420972317457199,0.03850618377327919,0.31260496377944946,0.2054048627614975,0.24466128647327423,21.802936553955078, $ $ $ $ 
