norm_suff_mean,random_suff_mean,norm_comp_mean,random_comp_mean,final suff,final comp,target_tokens
0.007463288493454456,0.0008668911759741604,0.2178531140089035,0.20998528599739075,8.609256744384766,28.135759353637695, $ $ $ $ 
