target_pos,target_token,norm_suff,random_suff,norm_comp,random_comp
25, ,0.0,0.0,0.24048542976379395,0.12740685045719147
27, ,0.0,0.0,0.10839899629354477,0.09677177667617798
29, ,0.018316876143217087,0.020932652056217194,0.14837691187858582,0.3364686667919159
31, ,0.012088221497833729,0.0487096905708313,0.15040786564350128,0.1583966761827469
33, ,0.0,0.002491988940164447,0.045216843485832214,0.07288123667240143
