target_pos,target_token,norm_suff,random_suff,norm_comp,random_comp
25, ,0.0,0.0,0.1610444188117981,0.16623391211032867
27, ,0.0,0.023695381358265877,0.0834667980670929,0.08951305598020554
29, ,0.0,0.0,0.1566229909658432,0.07565996795892715
31, ,0.0,0.0,0.0833115428686142,0.07864830642938614
33, ,0.03166423365473747,0.05692532658576965,0.06928903609514236,0.08086692541837692
