norm_suff_mean,random_suff_mean,norm_comp_mean,random_comp_mean,final suff,final comp,target_tokens
0.006081019528210163,0.014426866546273232,0.13857722282409668,0.1583850383758545,0.4215066134929657,26.04580307006836, $ $ $ $ 
