norm_suff_mean,random_suff_mean,norm_comp_mean,random_comp_mean,final suff,final comp,target_tokens
0.006332846824079752,0.016124142333865166,0.11074695736169815,0.09818442910909653,0.39275556802749634,15.503995895385742, $ $ $ $ 
