target_pos,target_token,norm_suff,random_suff,norm_comp,random_comp
21, ,0.03650060296058655,0.0,0.13519227504730225,0.20164483785629272
23, ,0.0,0.0,0.10030955821275711,0.15840066969394684
25, ,0.0,0.0,0.10622908174991608,0.12531711161136627
27, ,0.0,0.0,0.10825163125991821,0.27999377250671387
29, ,0.12293729186058044,0.0,0.04089367017149925,0.03433091938495636
