target_pos,target_token,norm_suff,random_suff,norm_comp,random_comp
21, ,0.0,0.0,0.20613664388656616,0.12658987939357758
23, ,0.0,0.0,0.11789160221815109,0.18613049387931824
25, ,0.0,0.0,0.21831677854061127,0.062310151755809784
27, ,0.0,0.0043376898393034935,0.12709461152553558,0.1606292873620987
29, ,0.002676981734111905,0.0,0.038849540054798126,0.0450664721429348
