norm_suff_mean,random_suff_mean,norm_comp_mean,random_comp_mean,final suff,final comp,target_tokens
0.0005353963351808488,0.0008675379795022309,0.14165782928466797,0.11614525318145752,0.6171445250511169,216.9332275390625, $ $ $ $ 
