target_pos,target_token,norm_suff,random_suff,norm_comp,random_comp
22, (,0.0,0.0,0.18248005211353302,0.23494455218315125
24,",",0.0,0.004117931704968214,0.01082655880600214,0.004385370761156082
26, kilometers,0.0,0.0,0.03691219910979271,0.040438875555992126
28, east,0.0,0.0007060514762997627,0.0694512277841568,0.14384585618972778
30, Hawaii,0.0,0.0,0.28693920373916626,0.04431597888469696
