target_pos,target_token,norm_suff,random_suff,norm_comp,random_comp
22, (,0.0,0.0,0.15835104882717133,0.13205580413341522
24,",",0.003851574147120118,0.0,0.005587242543697357,0.008847505785524845
26, kilometers,0.0,0.0011041483376175165,0.029198594391345978,0.07017707079648972
28, east,0.0,0.002119623124599457,0.08882415294647217,0.06717848777770996
30, Hawaii,0.0,0.0,0.1224152147769928,0.10053745657205582
