norm_suff_mean,random_suff_mean,norm_comp_mean,random_comp_mean,final suff,final comp,target_tokens
0.0007703148294240236,0.0006447543273679912,0.08087524771690369,0.07575926929712296,1.1947416067123413,98.34844970703125," ($,$ kilometers$ east$ Hawaii"
