target_pos,target_token,norm_suff,random_suff,norm_comp,random_comp
26, by,0.0,0.0,0.23261478543281555,0.20098230242729187
28,-,0.0,0.0,0.1392369568347931,0.20626085996627808
30, Vall,0.0,0.0,0.37599101662635803,0.10900585353374481
32, and,0.05174257233738899,0.0,0.06460758298635483,0.08283104002475739
34, S,0.0,0.0,0.13039377331733704,0.14144541323184967
