target_pos,target_token,norm_suff,random_suff,norm_comp,random_comp
26, by,0.0,0.0,0.13455718755722046,0.24647541344165802
28,-,0.0,0.0,0.1638147532939911,0.10111409425735474
30, Vall,0.0,0.0,0.0711655542254448,0.09312640130519867
32, and,0.03727652132511139,0.0,0.14605394005775452,0.05713910982012749
34, S,0.0,0.0,0.15196967124938965,0.13448213040828705
