target_pos,target_token,norm_suff,random_suff,norm_comp,random_comp
22, to,0.0,0.0,0.11686145514249802,0.08278130739927292
24, best,0.0005675435531884432,0.0030637350864708424,0.13917194306850433,0.07358651608228683
26, actor,0.01736278086900711,0.0006366402958519757,0.12014861404895782,0.12277977913618088
28, a,0.0,0.0,0.09961745887994766,0.03723021596670151
30, series,0.0,0.0,0.03506344184279442,0.11419114470481873
