target_pos,target_token,norm_suff,random_suff,norm_comp,random_comp
22, to,0.0,0.0038486351259052753,0.13031776249408722,0.14312751591205597
24, best,0.0012245826655998826,0.002738348441198468,0.07125233113765717,0.09148020297288895
26, actor,0.0,0.0,0.12119423598051071,0.10297958552837372
28, a,0.0,0.0,0.027746621519327164,0.024470264092087746
30, series,0.0,0.00015284129767678678,0.031861744821071625,0.05165352672338486
