norm_suff_mean,random_suff_mean,norm_comp_mean,random_comp_mean,final suff,final comp,target_tokens
0.003586065024137497,0.0007400750764645636,0.10217259079217911,0.08611380308866501,4.8455424308776855,24.013452529907227, to$ best$ actor$ a$ series
