norm_suff_mean,random_suff_mean,norm_comp_mean,random_comp_mean,final suff,final comp,target_tokens
0.0002449165331199765,0.0013479649787768722,0.07647453993558884,0.08274221420288086,0.18169353902339935,337.8384094238281, to$ best$ actor$ a$ series
