target_pos,target_token,norm_suff,random_suff,norm_comp,random_comp
28, The,0.0,0.0,0.16599594056606293,0.0739835724234581
30, Empire,0.0,0.023670407012104988,0.143253892660141,0.11347965151071548
32, a,0.0,0.0,0.09853549301624298,0.09366491436958313
34, power,0.0,0.016926907002925873,0.05210699141025543,0.06426983326673508
36, the,0.01725524477660656,0.0,0.051245611160993576,0.17571520805358887
