target_pos,target_token,norm_suff,random_suff,norm_comp,random_comp
28, The,0.0,0.003623947035521269,0.12490193545818329,0.09307267516851425
30, Empire,0.007045591250061989,0.0,0.13719670474529266,0.1480182707309723
32, a,0.0,0.0,0.09823746979236603,0.10321128368377686
34, power,0.0031517399474978447,0.0,0.09884967654943466,0.1384621411561966
36, the,0.0,0.0,0.06919816136360168,0.08504365384578705
