norm_suff_mean,random_suff_mean,norm_comp_mean,random_comp_mean,final suff,final comp,target_tokens
0.003451049095019698,0.008119462989270687,0.1022275909781456,0.10422263294458389,0.42503416538238525,30.200275421142578, The$ Empire$ a$ power$ the
