norm_suff_mean,random_suff_mean,norm_comp_mean,random_comp_mean,final suff,final comp,target_tokens
0.0020394662860780954,0.0007247893954627216,0.1056767925620079,0.11356160789728165,2.8138742446899414,55.68202209472656, The$ Empire$ a$ power$ the
