target_pos,target_token,norm_suff,random_suff,norm_comp,random_comp
18, in,0.0,0.0,0.1466379016637802,0.23079514503479004
20, south,0.006010161712765694,0.02963540516793728,0.16711914539337158,0.2509992718696594
22, England,0.0,0.0,0.04597185179591179,0.10677722096443176
24,"
",0.0,0.0,0.1288760006427765,0.07079511880874634
26,Jane,0.0,0.0024586254730820656,0.1086871549487114,0.09675736725330353
