target_pos,target_token,norm_suff,random_suff,norm_comp,random_comp
18, in,0.048749297857284546,0.0,0.11674055457115173,0.12098720669746399
20, south,0.0,0.0,0.1831175684928894,0.1882558912038803
22, England,0.0,0.0,0.12866197526454926,0.1948406994342804
24,"
",0.0,0.0,0.11923876404762268,0.09880728274583817
26,Jane,0.0,0.021900366991758347,0.11948035657405853,0.07636938244104385
