norm_suff_mean,random_suff_mean,norm_comp_mean,random_comp_mean,final suff,final comp,target_tokens
0.0012020323192700744,0.006418806500732899,0.11945841461420059,0.15122483670711517,0.1872672587633133,125.80763244628906," in$ south$ England$
$Jane"
