norm_suff_mean,random_suff_mean,norm_comp_mean,random_comp_mean,final suff,final comp,target_tokens
0.00974985957145691,0.004380073398351669,0.13344784080982208,0.13585209846496582,2.2259581089019775,13.933749198913574," in$ south$ England$
$Jane"
