target_pos,target_token,norm_suff,random_suff,norm_comp,random_comp
17, ,0.0,0.0,0.4751337766647339,0.5319319367408752
19, ,0.0,0.0,0.2767380475997925,0.14571650326251984
21, ,0.0,0.04925205558538437,0.2849102020263672,0.19173209369182587
23, ,0.018947502598166466,0.0,0.21868623793125153,0.19769912958145142
25, ,0.0,0.0,0.10000154376029968,0.053319305181503296
