target_pos,target_token,norm_suff,random_suff,norm_comp,random_comp
17, ,0.0,0.030487356707453728,0.23374250531196594,0.35878363251686096
19, ,0.0,0.004849493037909269,0.1330672800540924,0.24320578575134277
21, ,0.0,0.0005689213867299259,0.36216866970062256,0.1649029552936554
23, ,0.0,0.0,0.14137321710586548,0.1227521300315857
25, ,0.0,0.0,0.0695689246058464,0.1384516805410385
