norm_suff_mean,random_suff_mean,norm_comp_mean,random_comp_mean,final suff,final comp,target_tokens
0.003789500566199422,0.009850411675870419,0.2710939645767212,0.22407980263233185,0.3847047984600067,59.131752014160156, $ $ $ $ 
