target_pos,target_token,norm_suff,random_suff,norm_comp,random_comp
13, They,0.0,0.0,0.2865990996360779,0.18533207476139069
15, used,0.0,0.0,0.1810043305158615,0.2040429562330246
17, many,0.0,0.0003461892483755946,0.1943778395652771,0.20824721455574036
19,",",0.0330841988325119,0.0,0.10645274817943573,0.08229447156190872
21, cosmetics,0.04413331300020218,0.0,0.28578945994377136,0.13532128930091858
