target_pos,target_token,norm_suff,random_suff,norm_comp,random_comp
13, They,0.0,0.09189867973327637,0.3220153748989105,0.33534327149391174
15, used,0.007836797274649143,0.0,0.1550227701663971,0.10750150680541992
17, many,0.0,0.0,0.292535662651062,0.2736254930496216
19,",",0.0,0.0,0.17693601548671722,0.06334914267063141
21, cosmetics,0.0,0.0,0.23272362351417542,0.12181821465492249
