norm_suff_mean,random_suff_mean,norm_comp_mean,random_comp_mean,final suff,final comp,target_tokens
0.015443502925336361,6.923785258550197e-05,0.2108447104692459,0.16304759681224823,223.0500030517578,10.557682037353516," They$ used$ many$,$ cosmetics"
