norm_suff_mean,random_suff_mean,norm_comp_mean,random_comp_mean,final suff,final comp,target_tokens
0.0015673594316467643,0.018379736691713333,0.23584668338298798,0.18032751977443695,0.08527649194002151,115.05179595947266," They$ used$ many$,$ cosmetics"
