target_pos,target_token,norm_suff,random_suff,norm_comp,random_comp
21, to,0.0,0.0,0.16551412642002106,0.2532649040222168
23, establishment,0.004217470996081829,0.0,0.286352276802063,0.20257265865802765
25, the,0.0,0.0,0.0685153380036354,0.14313443005084991
27, of,0.0,0.030028780922293663,0.03014642931520939,0.01707087643444538
29, in,0.0,0.006399661302566528,0.2129455953836441,0.16366596519947052
