target_pos,target_token,norm_suff,random_suff,norm_comp,random_comp
21, to,0.0,0.0022216499783098698,0.07738196849822998,0.45319461822509766
23, establishment,0.0056755454279482365,0.0014877482317388058,0.11864608526229858,0.14018754661083221
25, the,0.007783339358866215,0.0,0.07283701747655869,0.10118336975574493
27, of,0.0,0.0,0.02897460199892521,0.02083372138440609
29, in,0.0,0.0017357588512822986,0.06487900763750076,0.05147890746593475
