norm_suff_mean,random_suff_mean,norm_comp_mean,random_comp_mean,final suff,final comp,target_tokens
0.0008434941992163658,0.007285689003765583,0.15269474685192108,0.15594176948070526,0.11577411741018295,184.8759307861328, to$ establishment$ the$ of$ in
