norm_suff_mean,random_suff_mean,norm_comp_mean,random_comp_mean,final suff,final comp,target_tokens
0.002691777190193534,0.0010890314588323236,0.07254373282194138,0.15337564051151276,2.4717166423797607,56.97932434082031, to$ establishment$ the$ of$ in
