target_pos,target_token,norm_suff,random_suff,norm_comp,random_comp
16, who,0.0,0.0,0.17132703959941864,0.2665807008743286
18, appeared,0.0,0.0,0.0832764059305191,0.10346336662769318
20, over,0.00757103506475687,0.0,0.07091837376356125,0.073402039706707
22, films,0.0,0.0,0.07321097701787949,0.04749441519379616
24, television,0.02479572221636772,0.0,0.11944504827260971,0.05547602102160454
