target_pos,target_token,norm_suff,random_suff,norm_comp,random_comp
16, who,0.0,0.017902564257383347,0.2705979645252228,0.3522905111312866
18, appeared,0.0,0.0,0.0740474984049797,0.04087996110320091
20, over,0.0,0.013303100131452084,0.08983535319566727,0.06756103038787842
22, films,0.0,0.0,0.05295202508568764,0.07876770943403244
24, television,0.0,0.0,0.16530895233154297,0.110892653465271
