target_pos,target_token,norm_suff,random_suff,norm_comp,random_comp
16, ,0.0,0.09856182336807251,0.31067243218421936,0.37772223353385925
18, ,0.0,0.04185853525996208,0.18793527781963348,0.17326796054840088
20, ,0.0,0.0,0.44572070240974426,0.17985866963863373
22, ,0.0,0.0,0.2002263367176056,0.1100081205368042
24, ,0.002231680555269122,0.013628396205604076,0.07371649146080017,0.14159038662910461
