target_pos,target_token,norm_suff,random_suff,norm_comp,random_comp
16, ,0.0,0.0,0.36006513237953186,0.5467149615287781
18, ,0.00025467920931987464,0.0,0.1849328577518463,0.34640592336654663
20, ,0.0,0.0,0.1847221702337265,0.1601058840751648
22, ,4.595067002810538e-05,0.038695864379405975,0.06321318447589874,0.1113867461681366
24, ,0.0,0.0,0.05923202261328697,0.06704266369342804
