norm_suff_mean,random_suff_mean,norm_comp_mean,random_comp_mean,final suff,final comp,target_tokens
6.012597805238329e-05,0.007739172782748938,0.17043308913707733,0.24633124470710754,0.007769044488668442,4096.9189453125, $ $ $ $ 
