norm_suff_mean,random_suff_mean,norm_comp_mean,random_comp_mean,final suff,final comp,target_tokens
0.0004463361110538244,0.03080975078046322,0.2436542510986328,0.19648948311805725,0.014486845582723618,440.2276306152344, $ $ $ $ 
