target_pos,target_token,norm_suff,random_suff,norm_comp,random_comp
25, of,0.0,0.0,0.16791875660419464,0.1372048556804657
27,ra,0.0002475949004292488,0.0008108388283289969,0.07457274943590164,0.17154066264629364
29, and,0.0,0.0,0.2916044294834137,0.1283770203590393
31, in,0.06311988830566406,0.0,0.18553240597248077,0.2192550152540207
33,48,0.0,0.0,0.13008488714694977,0.07791676372289658
