target_pos,target_token,norm_suff,random_suff,norm_comp,random_comp
25, of,0.0,0.0,0.3629979193210602,0.1614202857017517
27,ra,0.0018030155915766954,0.0,0.3678937554359436,0.07291539013385773
29, and,0.007672990206629038,0.0,0.2484152764081955,0.38582322001457214
31, in,0.0,0.0,0.10138600319623947,0.11653352528810501
33,48,0.0011911134934052825,0.0010806574719026685,0.02857610397040844,0.12456169724464417
