norm_suff_mean,random_suff_mean,norm_comp_mean,random_comp_mean,final suff,final comp,target_tokens
0.0021334239281713963,0.00021613149147015065,0.2218538075685501,0.17225083708763123,9.870953559875488,80.73915100097656, of$ra$ and$ in$48
