norm_suff_mean,random_suff_mean,norm_comp_mean,random_comp_mean,final suff,final comp,target_tokens
0.012673497200012207,0.00016216776566579938,0.16994264721870422,0.14685887098312378,78.1505355834961,11.587872505187988, of$ra$ and$ in$48
