target_pos,target_token,norm_suff,random_suff,norm_comp,random_comp
12, ,0.0,0.009665371850132942,0.3207051157951355,0.23746341466903687
14, ,0.0,0.04595528542995453,0.26027822494506836,0.1567504107952118
16, ,0.0,0.029223114252090454,0.21523401141166687,0.18646451830863953
18, ,0.05655090510845184,0.0,0.24351145327091217,0.2888493537902832
20, ,0.03802863880991936,0.0,0.192452535033226,0.1883510947227478
