target_pos,target_token,norm_suff,random_suff,norm_comp,random_comp
12, ,0.0314444974064827,0.0,0.3794543147087097,0.2971992790699005
14, ,0.006306804716587067,0.0,0.2733226418495178,0.17684464156627655
16, ,0.07244569063186646,0.0,0.28102099895477295,0.23135142028331757
18, ,0.0,0.0,0.15060259401798248,0.16813884675502777
20, ,0.0,0.023552369326353073,0.1254635900259018,0.06743872165679932
