norm_suff_mean,random_suff_mean,norm_comp_mean,random_comp_mean,final suff,final comp,target_tokens
0.022039398550987244,0.0047104740515351295,0.24197283387184143,0.18819458782672882,4.678806781768799,8.539007186889648, $ $ $ $ 
