norm_suff_mean,random_suff_mean,norm_comp_mean,random_comp_mean,final suff,final comp,target_tokens
0.01891591027379036,0.016968755051493645,0.24643626809120178,0.21157577633857727,1.1147494316101074,11.185070037841797, $ $ $ $ 
