target_pos,target_token,norm_suff,random_suff,norm_comp,random_comp
21, ,0.0,0.0,0.36050498485565186,0.14664189517498016
23, ,0.0,0.0,0.11680744588375092,0.1930961310863495
25, ,0.0,0.0,0.16613148152828217,0.0891585722565651
27, ,0.0,0.0,0.10783866047859192,0.11336000263690948
29, ,0.0,0.0,0.048569343984127045,0.07203437387943268
