target_pos,target_token,norm_suff,random_suff,norm_comp,random_comp
21, ,0.0,0.0,0.5178194046020508,0.230618417263031
23, ,0.0,0.0,0.27278807759284973,0.369607537984848
25, ,0.0,0.0,0.13495256006717682,0.20319803059101105
27, ,0.04185432195663452,0.0,0.0918269157409668,0.12494856864213943
29, ,0.0,0.0,0.03254072740674019,0.07874765992164612
