target_pos,target_token,norm_suff,random_suff,norm_comp,random_comp
23, (,0.0,0.0,0.16464951634407043,0.24466896057128906
25,92,0.0,0.002268366515636444,0.04538128525018692,0.19559523463249207
27,"
",0.0,0.010338208638131618,0.15193811058998108,0.08299703896045685
29,The,0.0,0.0007469273405149579,0.17072641849517822,0.15912938117980957
31, is,0.0,0.0,0.11647983640432358,0.0400446355342865
