target_pos,target_token,norm_suff,random_suff,norm_comp,random_comp
23, (,0.0,0.0,0.5195779204368591,0.18538856506347656
25,92,0.0002652219554875046,0.0,0.1009766161441803,0.06759166717529297
27,"
",0.003587335115298629,0.0,0.0772232636809349,0.1530226469039917
29,The,0.0,0.0009186743409372866,0.19908608496189117,0.15256637334823608
31, is,0.0,0.0,0.08193924278020859,0.0962618812918663
