norm_suff_mean,random_suff_mean,norm_comp_mean,random_comp_mean,final suff,final comp,target_tokens
0.0007705114549025893,0.00018373486818745732,0.19576063752174377,0.13096623122692108,4.193604946136475,169.97311401367188," ($92$
$The$ is"
