target_pos,target_token,norm_suff,random_suff,norm_comp,random_comp
22, for,0.0,0.0,0.3980249762535095,0.30961373448371887
24, Los,0.0,0.03447571396827698,0.08309491723775864,0.11766257882118225
26, Dodgers,0.0,0.0,0.0840596854686737,0.09171490371227264
28, Major,0.0,0.0,0.09291427582502365,0.04130091518163681
30, Baseball,0.0,0.0,0.027423188090324402,0.010378717444837093
