target_pos,target_token,norm_suff,random_suff,norm_comp,random_comp
22, for,0.0,0.0,0.29407018423080444,0.39353054761886597
24, Los,0.0072047472931444645,0.0,0.15016908943653107,0.1669168621301651
26, Dodgers,0.0,0.002751168329268694,0.06338854134082794,0.07520096749067307
28, Major,0.0035875453613698483,0.0,0.09437251091003418,0.027472279965877533
30, Baseball,1.9720990167115815e-05,0.0,0.013787083327770233,0.02563629113137722
