norm_suff_mean,random_suff_mean,norm_comp_mean,random_comp_mean,final suff,final comp,target_tokens
0.0021624029614031315,0.0005502337007783353,0.12315747886896133,0.13775138556957245,3.929971933364868,63.70292282104492, for$ Los$ Dodgers$ Major$ Baseball
