target_pos,target_token,norm_suff,random_suff,norm_comp,random_comp
26, ,0.0,0.0,0.1272771954536438,0.17129726707935333
28, ,0.0,0.0,0.07387932389974594,0.08994834870100021
30, ,0.0,0.0,0.11680445075035095,0.08670180290937424
32, ,0.0,0.0,0.06578244268894196,0.2511378526687622
34, ,0.05431658402085304,0.0,0.03913072496652603,0.048667967319488525
