target_pos,target_token,norm_suff,random_suff,norm_comp,random_comp
26, ,0.0,0.0,0.3432122468948364,0.15773126482963562
28, ,0.0,0.0,0.1265442669391632,0.09361076354980469
30, ,0.0,0.0,0.0894525945186615,0.11531748622655869
32, ,0.0,0.0,0.12082504481077194,0.09951736032962799
34, ,0.07732480019330978,0.0,0.047767676413059235,0.037838831543922424
