suff,comp,random_suff,random_comp
0.07171189332359003,0.967223327335417,0.025452636090180076,0.8878099360386167
