suff,comp,random_suff,random_comp
0.0008046185821815027,0.027601175123742053,0.0007974218288662716,0.029549514283427166
