{
    "$schema": "../docs/rationalization.schema.json",
    "id": 11,
    "input-text": [
        "</s>",
        "I",
        " initially",
        " invited",
        " my",
        " son",
        ",",
        " who",
        " gladly",
        " accepted",
        " my",
        " invitation",
        ".",
        " (",
        "My",
        " favorite",
        " song",
        " just",
        " came",
        " on",
        ",",
        " so",
        " I",
        " was",
        " able",
        " to",
        " relax",
        ").",
        " When",
        " I",
        " learned",
        " that",
        " women",
        " were",
        " allowed",
        ",",
        " I",
        " went",
        " ahead",
        " and",
        " also",
        " invited",
        " my"
    ],
    "input-tokens": [
        2,
        100,
        3225,
        4036,
        127,
        979,
        6,
        54,
        36811,
        3903,
        127,
        10021,
        4,
        36,
        2387,
        2674,
        2214,
        95,
        376,
        15,
        6,
        98,
        38,
        21,
        441,
        7,
        12327,
        322,
        520,
        38,
        2435,
        14,
        390,
        58,
        1220,
        6,
        38,
        439,
        789,
        8,
        67,
        4036,
        127
    ],
    "target-text": " daughter",
    "target-token": 1354,
    "rational-size": 5,
    "rational-positions": [
        6,
        42,
        4,
        41,
        5
    ],
    "rational-text": [
        ",",
        " my",
        " my",
        " invited",
        " son"
    ],
    "rational-tokens": [
        6,
        127,
        127,
        4036,
        979
    ],
    "importance-scores": [
        0.0,
        0.0,
        0.026063313707709312,
        0.036832667887210846,
        0.05201391503214836,
        0.04356776550412178,
        0.1396208256483078,
        0.022155990824103355,
        0.015631336718797684,
        0.017498033121228218,
        0.010508574545383453,
        0.00866694375872612,
        0.028386851772665977,
        0.015577535144984722,
        0.012772413901984692,
        0.00688187824562192,
        0.01047602854669094,
        0.010706125758588314,
        0.005558865610510111,
        0.006666738539934158,
        0.0049560097977519035,
        0.009587658569216728,
        0.0061067552305758,
        0.006352998316287994,
        0.007782803848385811,
        0.010211124084889889,
        0.013469468802213669,
        0.013531913049519062,
        0.015182731673121452,
        0.014486980624496937,
        0.011096362955868244,
        0.019585181027650833,
        0.0141178909689188,
        0.03672916814684868,
        0.010378093458712101,
        0.014919083565473557,
        0.021138055250048637,
        0.017049824818968773,
        0.02545538730919361,
        0.035695306956768036,
        0.02801736257970333,
        0.04678938165307045,
        0.08577856421470642
    ],
    "comments": {
        "created-by": "run_analogies.py",
        "args": {
            "model": "facebook/opt-350m",
            "cache_dir": "./cache/",
            "tokenizer": "facebook/opt-350m",
            "data_dir": "data/analogies/OPT350M/",
            "importance_results_dir": "rationalization_results/analogies/OPT350M_gradient_shap",
            "device": "cuda",
            "rationalization_config": "config/eva_gradient_shap.json",
            "input_num_ratio": 1,
            "logfolder": "logs/analogies/OPT350M_gradient_shap",
            "loglevel": 20
        },
        "time_elapsed": 0.07172226905822754
    }
}