{
    "$schema": "../docs/rationalization.schema.json",
    "id": 25,
    "input-text": [
        "</s>",
        "I",
        " had",
        " never",
        " been",
        " friends",
        " with",
        " any",
        " Russian",
        " people",
        " before",
        ".",
        " (",
        "The",
        " funn",
        "iest",
        " thing",
        " happened",
        " to",
        " me",
        " the",
        " other",
        " day",
        ",",
        " but",
        " that",
        "'s",
        " a",
        " story",
        " for",
        " another",
        " time",
        ").",
        " In",
        " fact",
        ",",
        " I",
        " had",
        " never",
        " even",
        " been",
        " to"
    ],
    "input-tokens": [
        2,
        100,
        56,
        393,
        57,
        964,
        19,
        143,
        1083,
        82,
        137,
        4,
        36,
        133,
        29310,
        7098,
        631,
        1102,
        7,
        162,
        5,
        97,
        183,
        6,
        53,
        14,
        18,
        10,
        527,
        13,
        277,
        86,
        322,
        96,
        754,
        6,
        38,
        56,
        393,
        190,
        57,
        7
    ],
    "target-text": " Russia",
    "target-token": 798,
    "rational-size": 5,
    "rational-positions": [
        21,
        9,
        19,
        12,
        20
    ],
    "rational-text": [
        " other",
        " people",
        " me",
        " (",
        " the"
    ],
    "rational-tokens": [
        97,
        82,
        162,
        36,
        5
    ],
    "importance-scores": [
        0.0,
        0.0,
        0.021739192306995392,
        0.019968943670392036,
        0.013737973757088184,
        0.014269477687776089,
        0.017558971419930458,
        0.020099198445677757,
        0.013295366428792477,
        0.05938343703746796,
        0.027533311396837234,
        0.011474624276161194,
        0.039496392011642456,
        0.019697654992341995,
        0.020278705283999443,
        0.013257595710456371,
        0.013057682663202286,
        0.013737563975155354,
        0.018278056755661964,
        0.05605245754122734,
        0.030955146998167038,
        0.32931798696517944,
        0.003554717870429158,
        0.005236347205936909,
        0.004346998408436775,
        0.003749488154426217,
        0.0031170786824077368,
        0.003403245471417904,
        0.004047561436891556,
        0.005793634802103043,
        0.004143266938626766,
        0.004119941499084234,
        0.005010615102946758,
        0.011490426026284695,
        0.011182966642081738,
        0.022719990462064743,
        0.010318590328097343,
        0.010494313202798367,
        0.01321922242641449,
        0.017376074567437172,
        0.02258063107728958,
        0.026881126686930656
    ],
    "comments": {
        "created-by": "run_analogies.py",
        "args": {
            "model": "facebook/opt-350m",
            "cache_dir": "./cache/",
            "tokenizer": "facebook/opt-350m",
            "data_dir": "data/analogies/OPT350M/",
            "importance_results_dir": "rationalization_results/analogies/OPT350M_gradient_shap",
            "device": "cuda",
            "rationalization_config": "config/eva_gradient_shap.json",
            "input_num_ratio": 1,
            "logfolder": "logs/analogies/OPT350M_gradient_shap",
            "loglevel": 20
        },
        "time_elapsed": 0.07600545883178711
    }
}