{
    "$schema": "../docs/rationalization.schema.json",
    "id": 26,
    "input-text": [
        "</s>",
        "I",
        " had",
        " never",
        " been",
        " friends",
        " with",
        " any",
        " Spanish",
        " people",
        " before",
        ".",
        " (",
        "The",
        " funn",
        "iest",
        " thing",
        " happened",
        " to",
        " me",
        " the",
        " other",
        " day",
        ",",
        " but",
        " that",
        "'s",
        " a",
        " story",
        " for",
        " another",
        " time",
        ").",
        " In",
        " fact",
        ",",
        " I",
        " had",
        " never",
        " even",
        " been",
        " to"
    ],
    "input-tokens": [
        2,
        100,
        56,
        393,
        57,
        964,
        19,
        143,
        3453,
        82,
        137,
        4,
        36,
        133,
        29310,
        7098,
        631,
        1102,
        7,
        162,
        5,
        97,
        183,
        6,
        53,
        14,
        18,
        10,
        527,
        13,
        277,
        86,
        322,
        96,
        754,
        6,
        38,
        56,
        393,
        190,
        57,
        7
    ],
    "target-text": " Spain",
    "target-token": 2809,
    "rational-size": 5,
    "rational-positions": [
        9,
        41,
        7,
        6,
        8
    ],
    "rational-text": [
        " people",
        " to",
        " any",
        " with",
        " Spanish"
    ],
    "rational-tokens": [
        82,
        7,
        143,
        19,
        3453
    ],
    "importance-scores": [
        0.0,
        0.0,
        0.02651527337729931,
        0.035163942724466324,
        0.025111885741353035,
        0.024529771879315376,
        0.04642810672521591,
        0.05053906887769699,
        0.04049069061875343,
        0.2120560258626938,
        0.03362176939845085,
        0.009257016703486443,
        0.012234152294695377,
        0.006574180908501148,
        0.00410883966833353,
        0.007056363392621279,
        0.006095917429775,
        0.0036302441731095314,
        0.007315809838473797,
        0.007257775403559208,
        0.004659898579120636,
        0.017977414652705193,
        0.005886675789952278,
        0.008022063411772251,
        0.008289983496069908,
        0.006582724396139383,
        0.005456168204545975,
        0.005954876076430082,
        0.00710210669785738,
        0.00984330102801323,
        0.008265090174973011,
        0.00793056283146143,
        0.011195636354386806,
        0.021191440522670746,
        0.01916152983903885,
        0.036265965551137924,
        0.01993882842361927,
        0.01985391415655613,
        0.024508295580744743,
        0.03561081737279892,
        0.03945149481296539,
        0.054340910166502
    ],
    "comments": {
        "created-by": "run_analogies.py",
        "args": {
            "model": "facebook/opt-350m",
            "cache_dir": "./cache/",
            "tokenizer": "facebook/opt-350m",
            "data_dir": "data/analogies/OPT350M/",
            "importance_results_dir": "rationalization_results/analogies/OPT350M_gradient_shap",
            "device": "cuda",
            "rationalization_config": "config/eva_gradient_shap.json",
            "input_num_ratio": 1,
            "logfolder": "logs/analogies/OPT350M_gradient_shap",
            "loglevel": 20
        },
        "time_elapsed": 0.06318354606628418
    }
}