{
    "$schema": "../docs/rationalization.schema.json",
    "id": 3,
    "input-text": [
        "</s>",
        "When",
        " my",
        " flight",
        " landed",
        " in",
        " England",
        ",",
        " I",
        " converted",
        " my",
        " currency",
        " and",
        " slowly",
        " fell",
        " asleep",
        ".",
        " (",
        "I",
        " was",
        " behind",
        " on",
        " a",
        " couple",
        " of",
        " assignments",
        ",",
        " but",
        " I",
        " tried",
        " not",
        " to",
        " think",
        " about",
        " them",
        ").",
        " I",
        " was",
        " staying",
        " in",
        " the",
        " capital",
        ","
    ],
    "input-tokens": [
        2,
        1779,
        127,
        2524,
        5932,
        11,
        1156,
        6,
        38,
        8417,
        127,
        2593,
        8,
        5764,
        1064,
        15028,
        4,
        36,
        100,
        21,
        639,
        15,
        10,
        891,
        9,
        21350,
        6,
        53,
        38,
        1381,
        45,
        7,
        206,
        59,
        106,
        322,
        38,
        21,
        4959,
        11,
        5,
        812,
        6
    ],
    "target-text": " London",
    "target-token": 928,
    "rational-size": 5,
    "rational-positions": [
        42,
        39,
        7,
        41,
        40
    ],
    "rational-text": [
        ",",
        " in",
        ",",
        " capital",
        " the"
    ],
    "rational-tokens": [
        6,
        11,
        6,
        812,
        5
    ],
    "importance-scores": [
        0.0,
        0.0,
        0.020544487982988358,
        0.01640949957072735,
        0.033852849155664444,
        0.01551367063075304,
        0.015510202385485172,
        0.05237364023923874,
        0.013609003275632858,
        0.009363764896988869,
        0.020128129050135612,
        0.005693890154361725,
        0.04136792942881584,
        0.008813583292067051,
        0.010066892951726913,
        0.007621108554303646,
        0.01885133981704712,
        0.017467984929680824,
        0.014121538028120995,
        0.006063309032469988,
        0.006241255905479193,
        0.009041995741426945,
        0.008149897679686546,
        0.00796631071716547,
        0.0073788524605333805,
        0.007375233806669712,
        0.025113333016633987,
        0.014420528896152973,
        0.00963369756937027,
        0.005546927452087402,
        0.008240828290581703,
        0.006268513388931751,
        0.012841097079217434,
        0.00800237338989973,
        0.008190708234906197,
        0.011599991470575333,
        0.03694918379187584,
        0.020534206181764603,
        0.027885572984814644,
        0.06830979138612747,
        0.04297659546136856,
        0.049351658672094345,
        0.20034238696098328
    ],
    "comments": {
        "created-by": "run_analogies.py",
        "args": {
            "model": "facebook/opt-350m",
            "cache_dir": "./cache/",
            "tokenizer": "facebook/opt-350m",
            "data_dir": "data/analogies/OPT350M/",
            "importance_results_dir": "rationalization_results/analogies/OPT350M_gradient_shap",
            "device": "cuda",
            "rationalization_config": "config/eva_gradient_shap.json",
            "input_num_ratio": 1,
            "logfolder": "logs/analogies/OPT350M_gradient_shap",
            "loglevel": 20
        },
        "time_elapsed": 0.07102227210998535
    }
}