suff,comp,random_suff,random_comp
0.04352353055272626,0.9266330760142643,0.03312060015077525,0.9077994216713875
