suff,comp,random_suff,random_comp
0.006633135787461512,0.7896408774688276,0.005246620154421618,0.6274847272118851
