suff,comp,random_suff,random_comp
0.07222635785533445,0.9848447842693222,0.05349864619764086,0.9445901318415049
