suff,comp,random_suff,random_comp
0.000838883812858954,0.03159452172684392,0.0007779676344656812,0.02873623304166541
