suff,comp,random_suff,random_comp
0.019067195957456234,0.8634967151901204,0.011875809046355022,0.7822432067787635
