suff,comp,random_suff,random_comp
0.07035441330182941,0.9733128183084685,0.03435828120774186,0.9114835882425624
