suff,comp,random_suff,random_comp
0.0692974389812161,0.9876224607312998,0.042551529029274976,0.930760976548399
