suff,comp,random_suff,random_comp
0.000794244329047504,0.08569669963329318,0.0012843128342737633,0.03251666314865714
