suff,comp,random_suff,random_comp
0.06096727713538939,0.9451119088679821,0.024992479570934485,0.8833643311383204
