suff,comp,random_suff,random_comp
0.002010810299080646,0.009923367241584855,0.0017386359271582088,0.0016525518162658363
