{
    "$schema": "../docs/rationalization.schema.json",
    "id": 100,
    "input-text": [
        "I",
        " thought",
        " it",
        " would",
        " be",
        " the",
        " darkest",
        " thing",
        " I",
        "'d",
        " ever",
        " encounter",
        ".",
        " (",
        "I",
        " tried",
        " to",
        " ignore",
        " my",
        " phone",
        " vibr",
        "ating",
        " in",
        " my",
        " pocket",
        ").",
        " But",
        " when",
        " I",
        " did",
        " end",
        " up",
        " encountering",
        " it",
        ",",
        " it",
        " turned",
        " out",
        " it",
        " wasn",
        "'t",
        " so"
    ],
    "input-tokens": [
        40,
        1807,
        340,
        561,
        307,
        262,
        35995,
        1517,
        314,
        1549,
        1683,
        8791,
        13,
        357,
        40,
        3088,
        284,
        8856,
        616,
        3072,
        12611,
        803,
        287,
        616,
        10000,
        737,
        887,
        618,
        314,
        750,
        886,
        510,
        42398,
        340,
        11,
        340,
        2900,
        503,
        340,
        2492,
        470,
        523
    ],
    "target-text": " dark",
    "target-token": 3223,
    "rational-size": 5,
    "rational-positions": [
        6,
        41,
        32,
        5,
        26
    ],
    "rational-text": [
        " darkest",
        " so",
        " encountering",
        " the",
        " But"
    ],
    "rational-tokens": [
        35995,
        523,
        42398,
        262,
        887
    ],
    "importance-scores": [
        0.024622324854135513,
        0.0323716402053833,
        0.02396729402244091,
        0.030615365132689476,
        0.02237696573138237,
        0.037167154252529144,
        0.2117675393819809,
        0.01037759892642498,
        0.007579452823847532,
        0.007857014425098896,
        0.006635317113250494,
        0.029305903241038322,
        0.018994832411408424,
        0.014851786196231842,
        0.0073654986917972565,
        0.008398803882300854,
        0.014078955166041851,
        0.019299129024147987,
        0.006853151600807905,
        0.02628396637737751,
        0.024645786732435226,
        0.006805798504501581,
        0.013245182111859322,
        0.00629250705242157,
        0.012365889735519886,
        0.018829897046089172,
        0.03304913640022278,
        0.015187331475317478,
        0.005283489357680082,
        0.009974334388971329,
        0.013618864119052887,
        0.027996519580483437,
        0.06057487800717354,
        0.008410983718931675,
        0.011229149997234344,
        0.004779607057571411,
        0.03009413368999958,
        0.018105844035744667,
        0.004910482559353113,
        0.021124986931681633,
        0.016753023490309715,
        0.07595247030258179
    ],
    "comments": {
        "created-by": "run_analogies.py",
        "args": {
            "model": "gpt2-medium",
            "cache_dir": "./cache/",
            "tokenizer": "gpt2-medium",
            "data_dir": "data/analogies/gpt2/",
            "importance_results_dir": "rationalization_results/analogies/gpt2_gradient_shap",
            "device": "cuda",
            "rationalization_config": "config/eva_gradient_shap.json",
            "input_num_ratio": 1,
            "logfolder": "logs/analogies/gpt2_gradient_shap",
            "loglevel": 20
        },
        "time_elapsed": 0.06826257705688477
    }
}