{
    "$schema": "../docs/rationalization.schema.json",
    "id": 102,
    "input-text": [
        "I",
        " thought",
        " it",
        " would",
        " be",
        " the",
        " fastest",
        " thing",
        " I",
        "'d",
        " ever",
        " encounter",
        ".",
        " (",
        "I",
        " tried",
        " to",
        " ignore",
        " my",
        " phone",
        " vibr",
        "ating",
        " in",
        " my",
        " pocket",
        ").",
        " But",
        " when",
        " I",
        " did",
        " end",
        " up",
        " encountering",
        " it",
        ",",
        " it",
        " turned",
        " out",
        " it",
        " wasn",
        "'t",
        " so"
    ],
    "input-tokens": [
        40,
        1807,
        340,
        561,
        307,
        262,
        14162,
        1517,
        314,
        1549,
        1683,
        8791,
        13,
        357,
        40,
        3088,
        284,
        8856,
        616,
        3072,
        12611,
        803,
        287,
        616,
        10000,
        737,
        887,
        618,
        314,
        750,
        886,
        510,
        42398,
        340,
        11,
        340,
        2900,
        503,
        340,
        2492,
        470,
        523
    ],
    "target-text": " fast",
    "target-token": 3049,
    "rational-size": 5,
    "rational-positions": [
        6,
        32,
        5,
        20,
        11
    ],
    "rational-text": [
        " fastest",
        " encountering",
        " the",
        " vibr",
        " encounter"
    ],
    "rational-tokens": [
        14162,
        42398,
        262,
        12611,
        8791
    ],
    "importance-scores": [
        0.03423299267888069,
        0.041480086743831635,
        0.01900072768330574,
        0.026086794212460518,
        0.016293054446578026,
        0.06131432577967644,
        0.16299979388713837,
        0.01080995611846447,
        0.009861191734671593,
        0.011510833166539669,
        0.00949134398251772,
        0.052663397043943405,
        0.02168370597064495,
        0.016109110787510872,
        0.007723047863692045,
        0.014348126016557217,
        0.012204348109662533,
        0.041342269629240036,
        0.006762111093848944,
        0.023092936724424362,
        0.054311156272888184,
        0.006155007518827915,
        0.008986102417111397,
        0.006003635935485363,
        0.015326181426644325,
        0.01587371528148651,
        0.016163773834705353,
        0.006207677535712719,
        0.005586864892393351,
        0.007654313463717699,
        0.008622881025075912,
        0.00947467889636755,
        0.1075792908668518,
        0.007188062183558941,
        0.008594096638262272,
        0.004061531275510788,
        0.014135033823549747,
        0.010255745612084866,
        0.006393238436430693,
        0.025811659172177315,
        0.01276946347206831,
        0.04383563995361328
    ],
    "comments": {
        "created-by": "run_analogies.py",
        "args": {
            "model": "gpt2-medium",
            "cache_dir": "./cache/",
            "tokenizer": "gpt2-medium",
            "data_dir": "data/analogies/gpt2/",
            "importance_results_dir": "rationalization_results/analogies/gpt2_gradient_shap",
            "device": "cuda",
            "rationalization_config": "config/eva_gradient_shap.json",
            "input_num_ratio": 1,
            "logfolder": "logs/analogies/gpt2_gradient_shap",
            "loglevel": 20
        },
        "time_elapsed": 0.11377716064453125
    }
}