{
    "$schema": "../docs/rationalization.schema.json",
    "id": 125,
    "input-text": [
        "I",
        " had",
        " never",
        " been",
        " friends",
        " with",
        " any",
        " Egyptian",
        " people",
        " before",
        ".",
        " (",
        "The",
        " funn",
        "iest",
        " thing",
        " happened",
        " to",
        " me",
        " the",
        " other",
        " day",
        ",",
        " but",
        " that",
        "'s",
        " a",
        " story",
        " for",
        " another",
        " time",
        ").",
        " In",
        " fact",
        ",",
        " I",
        " had",
        " never",
        " even",
        " been",
        " to"
    ],
    "input-tokens": [
        40,
        550,
        1239,
        587,
        2460,
        351,
        597,
        14075,
        661,
        878,
        13,
        357,
        464,
        36090,
        6386,
        1517,
        3022,
        284,
        502,
        262,
        584,
        1110,
        11,
        475,
        326,
        338,
        257,
        1621,
        329,
        1194,
        640,
        737,
        554,
        1109,
        11,
        314,
        550,
        1239,
        772,
        587,
        284
    ],
    "target-text": " Egypt",
    "target-token": 6365,
    "rational-size": 5,
    "rational-positions": [
        7,
        10,
        40,
        5,
        11
    ],
    "rational-text": [
        " Egyptian",
        ".",
        " to",
        " with",
        " ("
    ],
    "rational-tokens": [
        14075,
        13,
        284,
        351,
        357
    ],
    "importance-scores": [
        0.024125361815094948,
        0.023083830252289772,
        0.01893826387822628,
        0.01570805348455906,
        0.028160858899354935,
        0.03689034655690193,
        0.019240068271756172,
        0.21127337217330933,
        0.015438801608979702,
        0.009422777220606804,
        0.11736372113227844,
        0.033771682530641556,
        0.01070374995470047,
        0.018355388194322586,
        0.010058986023068428,
        0.00782820489257574,
        0.011489714495837688,
        0.02264181151986122,
        0.00886466447263956,
        0.019865090027451515,
        0.010542009957134724,
        0.008341778069734573,
        0.024671919643878937,
        0.0048087951727211475,
        0.006716166157275438,
        0.005584798287600279,
        0.013118027709424496,
        0.008044804446399212,
        0.007452792953699827,
        0.005476461257785559,
        0.00512252701446414,
        0.014045014046132565,
        0.013409453444182873,
        0.018394380807876587,
        0.019973034039139748,
        0.0061392588540911674,
        0.008816404268145561,
        0.013805104419589043,
        0.026895876973867416,
        0.023380804806947708,
        0.09203583747148514
    ],
    "comments": {
        "created-by": "run_analogies.py",
        "args": {
            "model": "gpt2-medium",
            "cache_dir": "./cache/",
            "tokenizer": "gpt2-medium",
            "data_dir": "data/analogies/gpt2/",
            "importance_results_dir": "rationalization_results/analogies/gpt2_gradient_shap",
            "device": "cuda",
            "rationalization_config": "config/eva_gradient_shap.json",
            "input_num_ratio": 1,
            "logfolder": "logs/analogies/gpt2_gradient_shap",
            "loglevel": 20
        },
        "time_elapsed": 0.06831693649291992
    }
}