{
    "$schema": "../docs/rationalization.schema.json",
    "id": 126,
    "input-text": [
        "I",
        " had",
        " never",
        " been",
        " friends",
        " with",
        " any",
        " English",
        " people",
        " before",
        ".",
        " (",
        "The",
        " funn",
        "iest",
        " thing",
        " happened",
        " to",
        " me",
        " the",
        " other",
        " day",
        ",",
        " but",
        " that",
        "'s",
        " a",
        " story",
        " for",
        " another",
        " time",
        ").",
        " In",
        " fact",
        ",",
        " I",
        " had",
        " never",
        " even",
        " been",
        " to"
    ],
    "input-tokens": [
        40,
        550,
        1239,
        587,
        2460,
        351,
        597,
        3594,
        661,
        878,
        13,
        357,
        464,
        36090,
        6386,
        1517,
        3022,
        284,
        502,
        262,
        584,
        1110,
        11,
        475,
        326,
        338,
        257,
        1621,
        329,
        1194,
        640,
        737,
        554,
        1109,
        11,
        314,
        550,
        1239,
        772,
        587,
        284
    ],
    "target-text": " England",
    "target-token": 4492,
    "rational-size": 5,
    "rational-positions": [
        7,
        10,
        11,
        40,
        4
    ],
    "rational-text": [
        " English",
        ".",
        " (",
        " to",
        " friends"
    ],
    "rational-tokens": [
        3594,
        13,
        357,
        284,
        2460
    ],
    "importance-scores": [
        0.03708536922931671,
        0.03100316785275936,
        0.027505869045853615,
        0.025694582611322403,
        0.04638666287064552,
        0.03562602028250694,
        0.029919765889644623,
        0.13408496975898743,
        0.01618620939552784,
        0.016756562516093254,
        0.08362506330013275,
        0.05477197840809822,
        0.016956327483057976,
        0.01981174945831299,
        0.016302864998579025,
        0.011738143861293793,
        0.01681186817586422,
        0.02345515601336956,
        0.01173203531652689,
        0.02119051292538643,
        0.015580455772578716,
        0.013524639420211315,
        0.020959580317139626,
        0.008971044793725014,
        0.009943235665559769,
        0.010311036370694637,
        0.012501169927418232,
        0.012130359187722206,
        0.009918549098074436,
        0.00795196183025837,
        0.007689200807362795,
        0.031002117320895195,
        0.009541300125420094,
        0.01771693117916584,
        0.017409129068255424,
        0.005782246123999357,
        0.007811897434294224,
        0.017875460907816887,
        0.014046313241124153,
        0.02269967831671238,
        0.049988746643066406
    ],
    "comments": {
        "created-by": "run_analogies.py",
        "args": {
            "model": "gpt2-medium",
            "cache_dir": "./cache/",
            "tokenizer": "gpt2-medium",
            "data_dir": "data/analogies/gpt2/",
            "importance_results_dir": "rationalization_results/analogies/gpt2_gradient_shap",
            "device": "cuda",
            "rationalization_config": "config/eva_gradient_shap.json",
            "input_num_ratio": 1,
            "logfolder": "logs/analogies/gpt2_gradient_shap",
            "loglevel": 20
        },
        "time_elapsed": 0.06801152229309082
    }
}