{
    "$schema": "../docs/rationalization.schema.json",
    "id": 144,
    "input-text": [
        "I",
        " had",
        " never",
        " been",
        " friends",
        " with",
        " any",
        " Swiss",
        " people",
        " before",
        ".",
        " (",
        "The",
        " funn",
        "iest",
        " thing",
        " happened",
        " to",
        " me",
        " the",
        " other",
        " day",
        ",",
        " but",
        " that",
        "'s",
        " a",
        " story",
        " for",
        " another",
        " time",
        ").",
        " In",
        " fact",
        ",",
        " I",
        " had",
        " never",
        " even",
        " been",
        " to"
    ],
    "input-tokens": [
        40,
        550,
        1239,
        587,
        2460,
        351,
        597,
        14780,
        661,
        878,
        13,
        357,
        464,
        36090,
        6386,
        1517,
        3022,
        284,
        502,
        262,
        584,
        1110,
        11,
        475,
        326,
        338,
        257,
        1621,
        329,
        1194,
        640,
        737,
        554,
        1109,
        11,
        314,
        550,
        1239,
        772,
        587,
        284
    ],
    "target-text": " Switzerland",
    "target-token": 14679,
    "rational-size": 5,
    "rational-positions": [
        7,
        10,
        40,
        38,
        11
    ],
    "rational-text": [
        " Swiss",
        ".",
        " to",
        " even",
        " ("
    ],
    "rational-tokens": [
        14780,
        13,
        284,
        772,
        357
    ],
    "importance-scores": [
        0.023969128727912903,
        0.021921496838331223,
        0.019348924979567528,
        0.016093051061034203,
        0.02427355945110321,
        0.0328553169965744,
        0.02242889814078808,
        0.14824824035167694,
        0.020204748958349228,
        0.020659472793340683,
        0.10218729823827744,
        0.042793162167072296,
        0.01590942032635212,
        0.018635984510183334,
        0.013537763617932796,
        0.011343722231686115,
        0.021223247051239014,
        0.03745663911104202,
        0.014358941465616226,
        0.02273367904126644,
        0.0156243946403265,
        0.013748131692409515,
        0.026470497250556946,
        0.008997214958071709,
        0.0073417117819190025,
        0.007274538278579712,
        0.012027900665998459,
        0.007521464955061674,
        0.006649681366980076,
        0.004806567449122667,
        0.0056176683865487576,
        0.0186455175280571,
        0.009195167571306229,
        0.01729992777109146,
        0.02155996486544609,
        0.006747004576027393,
        0.008630222640931606,
        0.01717771403491497,
        0.04291681572794914,
        0.03131181001663208,
        0.060253411531448364
    ],
    "comments": {
        "created-by": "run_analogies.py",
        "args": {
            "model": "gpt2-medium",
            "cache_dir": "./cache/",
            "tokenizer": "gpt2-medium",
            "data_dir": "data/analogies/gpt2/",
            "importance_results_dir": "rationalization_results/analogies/gpt2_gradient_shap",
            "device": "cuda",
            "rationalization_config": "config/eva_gradient_shap.json",
            "input_num_ratio": 1,
            "logfolder": "logs/analogies/gpt2_gradient_shap",
            "loglevel": 20
        },
        "time_elapsed": 0.06754159927368164
    }
}