{
    "$schema": "../docs/rationalization.schema.json",
    "id": 147,
    "input-text": [
        "Although",
        " I",
        " danced",
        " yesterday",
        ",",
        " I",
        " had",
        " a",
        " million",
        " things",
        " to",
        " do",
        " today",
        ".",
        " (",
        "I",
        " suddenly",
        " felt",
        " a",
        " pin",
        "ched",
        " nerve",
        ",",
        " so",
        " I",
        " made",
        " a",
        " mental",
        " note",
        " to",
        " get",
        " that",
        " checked",
        " out",
        ").",
        " So",
        " today",
        " I",
        " wouldn",
        "'t",
        " have",
        " time",
        " to",
        " do",
        " any",
        " more"
    ],
    "input-tokens": [
        7003,
        314,
        39480,
        7415,
        11,
        314,
        550,
        257,
        1510,
        1243,
        284,
        466,
        1909,
        13,
        357,
        40,
        6451,
        2936,
        257,
        6757,
        1740,
        16384,
        11,
        523,
        314,
        925,
        257,
        5110,
        3465,
        284,
        651,
        326,
        10667,
        503,
        737,
        1406,
        1909,
        314,
        3636,
        470,
        423,
        640,
        284,
        466,
        597,
        517
    ],
    "target-text": " dancing",
    "target-token": 15360,
    "rational-size": 5,
    "rational-positions": [
        43,
        2,
        42,
        4,
        44
    ],
    "rational-text": [
        " do",
        " danced",
        " to",
        ",",
        " any"
    ],
    "rational-tokens": [
        466,
        39480,
        284,
        11,
        597
    ],
    "importance-scores": [
        0.030051281675696373,
        0.028160538524389267,
        0.08421394228935242,
        0.0238394346088171,
        0.03663788363337517,
        0.012597738765180111,
        0.011273812502622604,
        0.026882484555244446,
        0.018905170261859894,
        0.011458032764494419,
        0.013908053748309612,
        0.011887808330357075,
        0.012234446592628956,
        0.02862580120563507,
        0.01703350432217121,
        0.00870560947805643,
        0.010091195814311504,
        0.008412277325987816,
        0.01828005723655224,
        0.010279585607349873,
        0.007794142235070467,
        0.02397582307457924,
        0.016528062522411346,
        0.009308557957410812,
        0.01013036910444498,
        0.009157553315162659,
        0.01931336708366871,
        0.011877955868840218,
        0.009897255338728428,
        0.014343186281621456,
        0.01282631978392601,
        0.013455403968691826,
        0.011380478739738464,
        0.009176433086395264,
        0.02275061048567295,
        0.018323257565498352,
        0.015851009637117386,
        0.010887324810028076,
        0.013751423917710781,
        0.00994672067463398,
        0.015350643545389175,
        0.028526848182082176,
        0.04078301414847374,
        0.17211371660232544,
        0.03326478227972984,
        0.015807081013917923
    ],
    "comments": {
        "created-by": "run_analogies.py",
        "args": {
            "model": "gpt2-medium",
            "cache_dir": "./cache/",
            "tokenizer": "gpt2-medium",
            "data_dir": "data/analogies/gpt2/",
            "importance_results_dir": "rationalization_results/analogies/gpt2_gradient_shap",
            "device": "cuda",
            "rationalization_config": "config/eva_gradient_shap.json",
            "input_num_ratio": 1,
            "logfolder": "logs/analogies/gpt2_gradient_shap",
            "loglevel": 20
        },
        "time_elapsed": 0.12171149253845215
    }
}