{
    "$schema": "../docs/rationalization.schema.json",
    "id": 18,
    "input-text": [
        "When",
        " my",
        " flight",
        " landed",
        " in",
        " Iran",
        ",",
        " I",
        " converted",
        " my",
        " currency",
        " and",
        " slowly",
        " fell",
        " asleep",
        ".",
        " (",
        "I",
        " had",
        " a",
        " terrifying",
        " dream",
        " about",
        " my",
        " grandmother",
        ",",
        " but",
        " that",
        "'s",
        " a",
        " story",
        " for",
        " another",
        " time",
        ").",
        " I",
        " was",
        " staying",
        " in",
        " the",
        " capital",
        ","
    ],
    "input-tokens": [
        2215,
        616,
        5474,
        11406,
        287,
        4068,
        11,
        314,
        11513,
        616,
        7395,
        290,
        6364,
        3214,
        16039,
        13,
        357,
        40,
        550,
        257,
        17623,
        4320,
        546,
        616,
        18410,
        11,
        475,
        326,
        338,
        257,
        1621,
        329,
        1194,
        640,
        737,
        314,
        373,
        10589,
        287,
        262,
        3139,
        11
    ],
    "target-text": " Tehran",
    "target-token": 20882,
    "rational-size": 5,
    "rational-positions": [
        40,
        5,
        37,
        41,
        14
    ],
    "rational-text": [
        " capital",
        " Iran",
        " staying",
        ",",
        " asleep"
    ],
    "rational-tokens": [
        3139,
        4068,
        10589,
        11,
        16039
    ],
    "importance-scores": [
        0.019587524235248566,
        0.018438922241330147,
        0.026525000110268593,
        0.020417707040905952,
        0.02696840465068817,
        0.07833636552095413,
        0.022448798641562462,
        0.013598179444670677,
        0.017554402351379395,
        0.009887714870274067,
        0.021230194717645645,
        0.016264205798506737,
        0.018304986879229546,
        0.012327434495091438,
        0.029789011925458908,
        0.018454989418387413,
        0.017296047881245613,
        0.009660749696195126,
        0.00778184924274683,
        0.018948284909129143,
        0.0198149885982275,
        0.011556146666407585,
        0.008952650241553783,
        0.007882975041866302,
        0.021226830780506134,
        0.015635041519999504,
        0.01122083980590105,
        0.011109722778201103,
        0.01562638022005558,
        0.017826713621616364,
        0.02878001146018505,
        0.012553186155855656,
        0.01658722758293152,
        0.022899465635418892,
        0.013343038968741894,
        0.010917306877672672,
        0.014877280220389366,
        0.05124880373477936,
        0.02787700667977333,
        0.01531380508095026,
        0.17427903413772583,
        0.046650830656290054
    ],
    "comments": {
        "created-by": "run_analogies.py",
        "args": {
            "model": "gpt2-medium",
            "cache_dir": "./cache/",
            "tokenizer": "gpt2-medium",
            "data_dir": "data/analogies/gpt2/",
            "importance_results_dir": "rationalization_results/analogies/gpt2_gradient_shap",
            "device": "cuda",
            "rationalization_config": "config/eva_gradient_shap.json",
            "input_num_ratio": 1,
            "logfolder": "logs/analogies/gpt2_gradient_shap",
            "loglevel": 20
        },
        "time_elapsed": 0.06935572624206543
    }
}