{
    "$schema": "../docs/rationalization.schema.json",
    "id": 24,
    "input-text": [
        "When",
        " my",
        " flight",
        " landed",
        " in",
        " China",
        ",",
        " I",
        " converted",
        " my",
        " currency",
        " and",
        " slowly",
        " fell",
        " asleep",
        ".",
        " (",
        "I",
        " was",
        " behind",
        " on",
        " a",
        " couple",
        " of",
        " assignments",
        ",",
        " but",
        " I",
        " tried",
        " not",
        " to",
        " think",
        " about",
        " them",
        ").",
        " I",
        " was",
        " staying",
        " in",
        " the",
        " capital",
        ","
    ],
    "input-tokens": [
        2215,
        616,
        5474,
        11406,
        287,
        2807,
        11,
        314,
        11513,
        616,
        7395,
        290,
        6364,
        3214,
        16039,
        13,
        357,
        40,
        373,
        2157,
        319,
        257,
        3155,
        286,
        25815,
        11,
        475,
        314,
        3088,
        407,
        284,
        892,
        546,
        606,
        737,
        314,
        373,
        10589,
        287,
        262,
        3139,
        11
    ],
    "target-text": " Beijing",
    "target-token": 11618,
    "rational-size": 5,
    "rational-positions": [
        40,
        24,
        37,
        5,
        2
    ],
    "rational-text": [
        " capital",
        " assignments",
        " staying",
        " China",
        " flight"
    ],
    "rational-tokens": [
        3139,
        25815,
        10589,
        2807,
        5474
    ],
    "importance-scores": [
        0.026227151975035667,
        0.020571624860167503,
        0.05284945294260979,
        0.028407244011759758,
        0.028046155348420143,
        0.06188749521970749,
        0.019177546724677086,
        0.01163282711058855,
        0.02306470088660717,
        0.010454165749251842,
        0.04663301259279251,
        0.01183315273374319,
        0.013474952429533005,
        0.011174479499459267,
        0.02903064526617527,
        0.02089938521385193,
        0.015962783247232437,
        0.007676729932427406,
        0.009897072799503803,
        0.008989710360765457,
        0.00886652059853077,
        0.009834355674684048,
        0.015446039848029613,
        0.010127536021173,
        0.0741489976644516,
        0.01060426700860262,
        0.007369778584688902,
        0.009671350941061974,
        0.013779116794466972,
        0.009672016836702824,
        0.009165252558887005,
        0.016153322532773018,
        0.010085581801831722,
        0.008010008372366428,
        0.02363569289445877,
        0.011984555050730705,
        0.0142521308735013,
        0.07024560868740082,
        0.015023209154605865,
        0.010766967199742794,
        0.16732686758041382,
        0.015940483659505844
    ],
    "comments": {
        "created-by": "run_analogies.py",
        "args": {
            "model": "gpt2-medium",
            "cache_dir": "./cache/",
            "tokenizer": "gpt2-medium",
            "data_dir": "data/analogies/gpt2/",
            "importance_results_dir": "rationalization_results/analogies/gpt2_gradient_shap",
            "device": "cuda",
            "rationalization_config": "config/eva_gradient_shap.json",
            "input_num_ratio": 1,
            "logfolder": "logs/analogies/gpt2_gradient_shap",
            "loglevel": 20
        },
        "time_elapsed": 0.26114702224731445
    }
}