{
    "$schema": "../docs/rationalization.schema.json",
    "id": 27,
    "input-text": [
        "When",
        " my",
        " flight",
        " landed",
        " in",
        " Belgium",
        ",",
        " I",
        " converted",
        " my",
        " currency",
        " and",
        " slowly",
        " fell",
        " asleep",
        ".",
        " (",
        "I",
        " was",
        " behind",
        " on",
        " a",
        " couple",
        " of",
        " assignments",
        ",",
        " but",
        " I",
        " tried",
        " not",
        " to",
        " think",
        " about",
        " them",
        ").",
        " I",
        " was",
        " staying",
        " in",
        " the",
        " capital",
        ","
    ],
    "input-tokens": [
        2215,
        616,
        5474,
        11406,
        287,
        15664,
        11,
        314,
        11513,
        616,
        7395,
        290,
        6364,
        3214,
        16039,
        13,
        357,
        40,
        373,
        2157,
        319,
        257,
        3155,
        286,
        25815,
        11,
        475,
        314,
        3088,
        407,
        284,
        892,
        546,
        606,
        737,
        314,
        373,
        10589,
        287,
        262,
        3139,
        11
    ],
    "target-text": " Brussels",
    "target-token": 16445,
    "rational-size": 5,
    "rational-positions": [
        40,
        5,
        24,
        2,
        10
    ],
    "rational-text": [
        " capital",
        " Belgium",
        " assignments",
        " flight",
        " currency"
    ],
    "rational-tokens": [
        3139,
        15664,
        25815,
        5474,
        7395
    ],
    "importance-scores": [
        0.028038911521434784,
        0.020389487966895103,
        0.05082507058978081,
        0.02371157705783844,
        0.04013385996222496,
        0.11160978674888611,
        0.031179945915937424,
        0.012679077684879303,
        0.025200579315423965,
        0.00889455433934927,
        0.04828212037682533,
        0.01689065992832184,
        0.015983322635293007,
        0.009690769016742706,
        0.028421657159924507,
        0.02865632250905037,
        0.017540236935019493,
        0.007477291859686375,
        0.008211477659642696,
        0.00978255458176136,
        0.008498549461364746,
        0.012677731923758984,
        0.011021782644093037,
        0.008356567472219467,
        0.05491350591182709,
        0.011757196858525276,
        0.005881655961275101,
        0.00620744563639164,
        0.008976683020591736,
        0.01095461193472147,
        0.011552291922271252,
        0.011539080180227757,
        0.018166281282901764,
        0.0083647221326828,
        0.016265789046883583,
        0.007386259734630585,
        0.00927765853703022,
        0.04782180115580559,
        0.020112846046686172,
        0.011849232017993927,
        0.12420277297496796,
        0.030616315081715584
    ],
    "comments": {
        "created-by": "run_analogies.py",
        "args": {
            "model": "gpt2-medium",
            "cache_dir": "./cache/",
            "tokenizer": "gpt2-medium",
            "data_dir": "data/analogies/gpt2/",
            "importance_results_dir": "rationalization_results/analogies/gpt2_gradient_shap",
            "device": "cuda",
            "rationalization_config": "config/eva_gradient_shap.json",
            "input_num_ratio": 1,
            "logfolder": "logs/analogies/gpt2_gradient_shap",
            "loglevel": 20
        },
        "time_elapsed": 0.1164391040802002
    }
}