{
    "$schema": "../docs/rationalization.schema.json",
    "id": 63,
    "input-text": [
        "As",
        " soon",
        " as",
        " I",
        " arrived",
        " in",
        " Texas",
        ",",
        " I",
        " checked",
        " into",
        " my",
        " hotel",
        " and",
        " watched",
        " a",
        " movie",
        " before",
        " falling",
        " asleep",
        ".",
        " (",
        "I",
        " had",
        " a",
        " great",
        " call",
        " with",
        " my",
        " husband",
        ",",
        " although",
        " I",
        " wish",
        " it",
        " were",
        " longer",
        ").",
        " I",
        " was",
        " staying",
        " in",
        " my",
        " favorite",
        " city",
        ","
    ],
    "input-tokens": [
        1722,
        2582,
        355,
        314,
        5284,
        287,
        3936,
        11,
        314,
        10667,
        656,
        616,
        7541,
        290,
        7342,
        257,
        3807,
        878,
        7463,
        16039,
        13,
        357,
        40,
        550,
        257,
        1049,
        869,
        351,
        616,
        5229,
        11,
        3584,
        314,
        4601,
        340,
        547,
        2392,
        737,
        314,
        373,
        10589,
        287,
        616,
        4004,
        1748,
        11
    ],
    "target-text": " Austin",
    "target-token": 9533,
    "rational-size": 5,
    "rational-positions": [
        44,
        43,
        6,
        45,
        7
    ],
    "rational-text": [
        " city",
        " favorite",
        " Texas",
        ",",
        ","
    ],
    "rational-tokens": [
        1748,
        4004,
        3936,
        11,
        11
    ],
    "importance-scores": [
        0.021177055314183235,
        0.01943817362189293,
        0.017307275906205177,
        0.015194391831755638,
        0.01905837468802929,
        0.024602729827165604,
        0.06957422941923141,
        0.03133699297904968,
        0.011635232716798782,
        0.011135231703519821,
        0.009663022123277187,
        0.008132671937346458,
        0.019079197198152542,
        0.01773032173514366,
        0.010148984380066395,
        0.02787790261209011,
        0.01719917170703411,
        0.011130665428936481,
        0.00957100372761488,
        0.014109489507973194,
        0.030436446890234947,
        0.022578390315175056,
        0.008713437244296074,
        0.00827418640255928,
        0.01797807589173317,
        0.00989576242864132,
        0.007934756577014923,
        0.009686405770480633,
        0.007621217984706163,
        0.01498324517160654,
        0.01793375425040722,
        0.026702361181378365,
        0.009540661238133907,
        0.009661322459578514,
        0.008036637678742409,
        0.009389468468725681,
        0.013121945783495903,
        0.022995484992861748,
        0.012465078383684158,
        0.011989976279437542,
        0.023534679785370827,
        0.02136419154703617,
        0.02611934021115303,
        0.10239280760288239,
        0.12706996500492096,
        0.034478235989809036
    ],
    "comments": {
        "created-by": "run_analogies.py",
        "args": {
            "model": "gpt2-medium",
            "cache_dir": "./cache/",
            "tokenizer": "gpt2-medium",
            "data_dir": "data/analogies/gpt2/",
            "importance_results_dir": "rationalization_results/analogies/gpt2_gradient_shap",
            "device": "cuda",
            "rationalization_config": "config/eva_gradient_shap.json",
            "input_num_ratio": 1,
            "logfolder": "logs/analogies/gpt2_gradient_shap",
            "loglevel": 20
        },
        "time_elapsed": 0.11986303329467773
    }
}