{
    "$schema": "../docs/rationalization.schema.json",
    "id": 81,
    "input-text": [
        "I",
        " knew",
        " it",
        " was",
        " bad",
        ",",
        " but",
        " that",
        "'s",
        " before",
        " I",
        " saw",
        " it",
        " in",
        " person",
        ".",
        " (",
        "Just",
        " then",
        " I",
        " thought",
        " about",
        " my",
        " ex",
        "-",
        "wife",
        ",",
        " but",
        " I",
        " had",
        " to",
        " stop",
        " thinking",
        " about",
        " her",
        ").",
        " When",
        " I",
        " did",
        " end",
        " up",
        " seeing",
        " it",
        " in",
        " person",
        ",",
        " it",
        " was",
        " even"
    ],
    "input-tokens": [
        40,
        2993,
        340,
        373,
        2089,
        11,
        475,
        326,
        338,
        878,
        314,
        2497,
        340,
        287,
        1048,
        13,
        357,
        5703,
        788,
        314,
        1807,
        546,
        616,
        409,
        12,
        22095,
        11,
        475,
        314,
        550,
        284,
        2245,
        3612,
        546,
        607,
        737,
        1649,
        314,
        750,
        886,
        510,
        4379,
        340,
        287,
        1048,
        11,
        340,
        373,
        772
    ],
    "target-text": " worse",
    "target-token": 4785,
    "rational-size": 5,
    "rational-positions": [
        36,
        14,
        5,
        48,
        35
    ],
    "rational-text": [
        " When",
        " person",
        ",",
        " even",
        ")."
    ],
    "rational-tokens": [
        1649,
        1048,
        11,
        772,
        737
    ],
    "importance-scores": [
        0.017819389700889587,
        0.03435996547341347,
        0.019074950367212296,
        0.021066680550575256,
        0.0425412692129612,
        0.052337370812892914,
        0.012122342362999916,
        0.01607627235352993,
        0.01498255506157875,
        0.019785555079579353,
        0.008964713662862778,
        0.009423524141311646,
        0.011004012078046799,
        0.017898619174957275,
        0.05538150668144226,
        0.02968725562095642,
        0.023313313722610474,
        0.012736791744828224,
        0.00951224286109209,
        0.008200114592909813,
        0.011060371994972229,
        0.012917360290884972,
        0.007032911293208599,
        0.011062078177928925,
        0.011080059222877026,
        0.012633529491722584,
        0.017440972849726677,
        0.01097366027534008,
        0.00890725664794445,
        0.01054929755628109,
        0.013961884193122387,
        0.015195668675005436,
        0.013245352543890476,
        0.020182397216558456,
        0.009621950797736645,
        0.0429653525352478,
        0.13794830441474915,
        0.013401939533650875,
        0.019069291651248932,
        0.027216099202632904,
        0.00828271359205246,
        0.016246182844042778,
        0.007827752269804478,
        0.008690480142831802,
        0.025515984743833542,
        0.009217053651809692,
        0.006699137855321169,
        0.00853066984564066,
        0.0462358333170414
    ],
    "comments": {
        "created-by": "run_analogies.py",
        "args": {
            "model": "gpt2-medium",
            "cache_dir": "./cache/",
            "tokenizer": "gpt2-medium",
            "data_dir": "data/analogies/gpt2/",
            "importance_results_dir": "rationalization_results/analogies/gpt2_gradient_shap",
            "device": "cuda",
            "rationalization_config": "config/eva_gradient_shap.json",
            "input_num_ratio": 1,
            "logfolder": "logs/analogies/gpt2_gradient_shap",
            "loglevel": 20
        },
        "time_elapsed": 0.11956048011779785
    }
}