{
    "$schema": "../docs/rationalization.schema.json",
    "id": 89,
    "input-text": [
        "I",
        " knew",
        " it",
        " was",
        " loud",
        ",",
        " but",
        " that",
        "'s",
        " before",
        " I",
        " saw",
        " it",
        " in",
        " person",
        ".",
        " (",
        "Just",
        " then",
        " I",
        " thought",
        " about",
        " my",
        " ex",
        "-",
        "wife",
        ",",
        " but",
        " I",
        " had",
        " to",
        " stop",
        " thinking",
        " about",
        " her",
        ").",
        " When",
        " I",
        " did",
        " end",
        " up",
        " seeing",
        " it",
        " in",
        " person",
        ",",
        " it",
        " was",
        " even"
    ],
    "input-tokens": [
        40,
        2993,
        340,
        373,
        7812,
        11,
        475,
        326,
        338,
        878,
        314,
        2497,
        340,
        287,
        1048,
        13,
        357,
        5703,
        788,
        314,
        1807,
        546,
        616,
        409,
        12,
        22095,
        11,
        475,
        314,
        550,
        284,
        2245,
        3612,
        546,
        607,
        737,
        1649,
        314,
        750,
        886,
        510,
        4379,
        340,
        287,
        1048,
        11,
        340,
        373,
        772
    ],
    "target-text": " louder",
    "target-token": 27089,
    "rational-size": 5,
    "rational-positions": [
        4,
        36,
        5,
        15,
        1
    ],
    "rational-text": [
        " loud",
        " When",
        ",",
        ".",
        " knew"
    ],
    "rational-tokens": [
        7812,
        1649,
        11,
        13,
        2993
    ],
    "importance-scores": [
        0.02181350067257881,
        0.03628051280975342,
        0.02125447988510132,
        0.022246938198804855,
        0.11367017030715942,
        0.08177898079156876,
        0.008929206989705563,
        0.010854998603463173,
        0.008930740877985954,
        0.009483370929956436,
        0.008926416747272015,
        0.01065521128475666,
        0.010102660395205021,
        0.021589264273643494,
        0.01717442274093628,
        0.04953080043196678,
        0.026358991861343384,
        0.013418192975223064,
        0.010173847898840904,
        0.007893531583249569,
        0.008297987282276154,
        0.00831342488527298,
        0.006303875241428614,
        0.010576890781521797,
        0.013043313287198544,
        0.014265867881476879,
        0.022314751520752907,
        0.009532704018056393,
        0.008423973806202412,
        0.016118699684739113,
        0.019194213673472404,
        0.01115115825086832,
        0.012184888124465942,
        0.01386911328881979,
        0.008860474452376366,
        0.034911032766103745,
        0.10650133341550827,
        0.010087831877171993,
        0.017870528623461723,
        0.008737572468817234,
        0.02931874245405197,
        0.020731879398226738,
        0.00435309112071991,
        0.0027763163670897484,
        0.013497911393642426,
        0.010573731735348701,
        0.003941272385418415,
        0.008081420324742794,
        0.03509968891739845
    ],
    "comments": {
        "created-by": "run_analogies.py",
        "args": {
            "model": "gpt2-medium",
            "cache_dir": "./cache/",
            "tokenizer": "gpt2-medium",
            "data_dir": "data/analogies/gpt2/",
            "importance_results_dir": "rationalization_results/analogies/gpt2_gradient_shap",
            "device": "cuda",
            "rationalization_config": "config/eva_gradient_shap.json",
            "input_num_ratio": 1,
            "logfolder": "logs/analogies/gpt2_gradient_shap",
            "loglevel": 20
        },
        "time_elapsed": 0.07265162467956543
    }
}