{
    "$schema": "../docs/rationalization.schema.json",
    "id": 95,
    "input-text": [
        "I",
        " knew",
        " it",
        " was",
        " tall",
        ",",
        " but",
        " that",
        "'s",
        " before",
        " I",
        " saw",
        " it",
        " in",
        " person",
        ".",
        " (",
        "Just",
        " then",
        " I",
        " thought",
        " about",
        " my",
        " ex",
        "-",
        "wife",
        ",",
        " but",
        " I",
        " had",
        " to",
        " stop",
        " thinking",
        " about",
        " her",
        ").",
        " When",
        " I",
        " did",
        " end",
        " up",
        " seeing",
        " it",
        " in",
        " person",
        ",",
        " it",
        " was",
        " even"
    ],
    "input-tokens": [
        40,
        2993,
        340,
        373,
        7331,
        11,
        475,
        326,
        338,
        878,
        314,
        2497,
        340,
        287,
        1048,
        13,
        357,
        5703,
        788,
        314,
        1807,
        546,
        616,
        409,
        12,
        22095,
        11,
        475,
        314,
        550,
        284,
        2245,
        3612,
        546,
        607,
        737,
        1649,
        314,
        750,
        886,
        510,
        4379,
        340,
        287,
        1048,
        11,
        340,
        373,
        772
    ],
    "target-text": " taller",
    "target-token": 25242,
    "rational-size": 5,
    "rational-positions": [
        4,
        36,
        5,
        15,
        35
    ],
    "rational-text": [
        " tall",
        " When",
        ",",
        ".",
        ")."
    ],
    "rational-tokens": [
        7331,
        1649,
        11,
        13,
        737
    ],
    "importance-scores": [
        0.02413756027817726,
        0.03446569666266441,
        0.02121831849217415,
        0.02362634800374508,
        0.11395425349473953,
        0.07027871161699295,
        0.00935410987585783,
        0.009267842397093773,
        0.008300075307488441,
        0.011708143167197704,
        0.007645395118743181,
        0.008725358173251152,
        0.009193272329866886,
        0.020153507590293884,
        0.021349644288420677,
        0.04688244313001633,
        0.025284966453909874,
        0.010533193126320839,
        0.009736292995512486,
        0.007078369148075581,
        0.008032226003706455,
        0.007869557477533817,
        0.006272600498050451,
        0.009366923943161964,
        0.010406817309558392,
        0.011419137008488178,
        0.017586244270205498,
        0.007895715534687042,
        0.008591363206505775,
        0.01029188372194767,
        0.01830265484750271,
        0.011406484059989452,
        0.009526466019451618,
        0.015493545681238174,
        0.008821219205856323,
        0.03950067609548569,
        0.10488803684711456,
        0.009839878417551517,
        0.010184289887547493,
        0.012258173897862434,
        0.02587994560599327,
        0.017597690224647522,
        0.004908897913992405,
        0.035391177982091904,
        0.03840787708759308,
        0.007056951988488436,
        0.005071601830422878,
        0.007771485950797796,
        0.027067141607403755
    ],
    "comments": {
        "created-by": "run_analogies.py",
        "args": {
            "model": "gpt2-medium",
            "cache_dir": "./cache/",
            "tokenizer": "gpt2-medium",
            "data_dir": "data/analogies/gpt2/",
            "importance_results_dir": "rationalization_results/analogies/gpt2_gradient_shap",
            "device": "cuda",
            "rationalization_config": "config/eva_gradient_shap.json",
            "input_num_ratio": 1,
            "logfolder": "logs/analogies/gpt2_gradient_shap",
            "loglevel": 20
        },
        "time_elapsed": 0.07311391830444336
    }
}