suff,comp,random_suff,random_comp
0.003247984501970352,0.005524384229842804,0.001773041414912858,0.004618126765230393
