suff,comp,random_suff,random_comp
0.058683192681531056,0.7396698898839471,0.03501212263040208,0.34675147774967646
