suff,comp,random_suff,random_comp
0.08159481123539886,0.8914444101011614,0.04633556572776457,0.5341768236846764
