suff,comp,random_suff,random_comp
0.03003773576529441,0.7494203963323548,0.013456547110262429,0.23432913030880048
