suff,comp,random_suff,random_comp
0.003495587217271174,0.013339069829552366,0.0037386203894868276,0.006054065093620209
