suff,comp,random_suff,random_comp
0.6852850398727267,1.0014579407926687,0.13100711771480172,0.8942598449665241
