suff,comp,random_suff,random_comp
0.03003773576529441,0.7494203963323548,0.005585716197455394,0.19642739594124883
