suff,comp,random_suff,random_comp
0.23321290172292772,0.9684233640256091,0.028467001269621383,0.5644753053107607
