suff,comp,random_suff,random_comp
0.14355776984388452,0.9573836760422828,0.02202126204067924,0.4491274681300273
