suff,comp,random_suff,random_comp
0.38130858546162966,0.9889489066016254,0.032145201286445164,0.6692250542694149
