suff,comp,random_suff,random_comp
0.38130858546162966,0.9889489066016254,0.0638374619519373,0.7377623867332149
