suff,comp,random_suff,random_comp
0.5829550015508504,0.9990033225364886,0.07574545984119758,0.8332882137204031
