suff,comp,random_suff,random_comp
0.000719964611109441,0.11109470937017496,0.0012263346147966569,0.0792071608741869
