suff,comp,random_suff,random_comp
0.0011537382914547788,0.10790259654761576,0.0008784174101692484,0.08715956557383639
