suff,comp,random_suff,random_comp
0.23321290172292772,0.9684233640256091,0.029451666348025953,0.6141415750420814
