suff,comp,random_suff,random_comp
0.05819034307574167,0.8871648565299303,0.007402015197506291,0.3385046425302431
