suff,comp,random_suff,random_comp
0.05819034307574167,0.8871648565299303,0.0087359851624545,0.32873898040940996
