target_pos,target_token,norm_suff,random_suff,norm_comp,random_comp
45,"
",0.11893843114376068,0.2109145075082779,0.012619281187653542,0.007805704139173031
47,The,0.004309038165956736,0.09508270770311356,0.010876231826841831,0.008584852330386639
49, asked,0.0,0.0,1.0,0.01005514431744814
51, kid,0.0,0.0005847441498190165,0.015754327178001404,0.007957285270094872
53," """,0.008228705264627934,0.020878631621599197,0.005549931433051825,0.0042676497250795364
