norm_suff_mean,random_suff_mean,norm_comp_mean,random_comp_mean,final suff,final comp,target_tokens
0.026295235380530357,0.06549211591482162,0.20895996689796448,0.007734127342700958,0.4015023112297058,0.29412657022476196,"
$The$ asked$ kid$ """
