target_pos,target_token,norm_suff,random_suff,norm_comp,random_comp
50, Because,0.009724588133394718,0.04462490230798721,0.7151007652282715,0.007636990863829851
52, was,0.0,0.0,0.007494612596929073,0.006291087716817856
54,.,0.007284361869096756,0.0,0.007317662239074707,0.007476155646145344
56,I,0.010908901691436768,0.0,0.0111384317278862,0.0051635620184242725
58, sorry,0.06898865848779678,0.02192944660782814,0.02244526706635952,0.005697859916836023
