norm_suff_mean,random_suff_mean,norm_comp_mean,random_comp_mean,final suff,final comp,target_tokens
0.01938130334019661,0.013310871087014675,0.15269935131072998,0.006453131325542927,1.4560507535934448,0.3329565227031708, Because$ was$.$I$ sorry
