target_pos,target_token,norm_suff,random_suff,norm_comp,random_comp
76,"
",0.0,0.03636975586414337,0.012467305175960064,0.029359420761466026
78,I,0.019494662061333656,0.0,0.007759749889373779,0.0065289149060845375
80, shopping,0.023230237886309624,0.03187590837478638,0.11407540738582611,0.0031918121967464685
82, an,0.026823490858078003,0.027024345472455025,0.11420631408691406,0.003008805448189378
84, mall,0.00030526850605383515,0.00035131859476678073,0.0058339061215519905,0.00023739633616060019
