norm_suff_mean,random_suff_mean,norm_comp_mean,random_comp_mean,final suff,final comp,target_tokens
0.013970732688903809,0.019124265760183334,0.05086853727698326,0.008465270511806011,0.7305238842964172,0.605928897857666,"
$I$ shopping$ an$ mall"
