target_pos,target_token,norm_suff,random_suff,norm_comp,random_comp
52, She,0.08570611476898193,0.0,0.009711198508739471,0.011514565907418728
54,'t,0.0031180246733129025,0.0,0.004976487252861261,0.002444787183776498
56,.,0.0,0.0,0.0075951870530843735,0.006865962874144316
58, was,0.010877546854317188,0.004083801060914993,0.004505172837525606,0.006202072836458683
60, thirsty,0.0,0.0,1.0,0.01300216093659401
