norm_suff_mean,random_suff_mean,norm_comp_mean,random_comp_mean,final suff,final comp,target_tokens
0.019940337166190147,0.000816760235466063,0.2053575962781906,0.008005909621715546,24.413942337036133,0.4014931917190552, She$'t$.$ was$ thirsty
