target_pos,target_token,norm_suff,random_suff,norm_comp,random_comp
48, She,0.0,0.0,0.008207552134990692,0.010194371454417706
50,'t,0.013880756683647633,0.0013334673130884767,0.005680503789335489,0.0035685908515006304
52,.,0.027355631813406944,0.03755512461066246,0.007994295097887516,0.014785746112465858
54, walked,0.01234553661197424,0.006396925076842308,0.030293093994259834,0.00386008620262146
56, to,0.0036289433483034372,0.08280984312295914,0.00882926769554615,0.007265943568199873
