norm_suff_mean,random_suff_mean,norm_comp_mean,random_comp_mean,final suff,final comp,target_tokens
0.011442174203693867,0.02561907283961773,0.012200943194329739,0.00793494749814272,0.4466271698474884,0.693482518196106, She$'t$.$ walked$ to
