target_pos,target_token,norm_suff,random_suff,norm_comp,random_comp
47, Because,0.19516777992248535,0.0,0.022310730069875717,0.009051581844687462
49, was,0.006445214617997408,0.0,0.010439998470246792,0.0063455491326749325
51, of,0.0,0.10541017353534698,0.06879808008670807,0.016559889540076256
53, a,0.0376177579164505,0.04091137647628784,0.01637718454003334,0.014811718836426735
55, bum,0.0,0.0,0.09904424846172333,0.017602287232875824
