norm_suff_mean,random_suff_mean,norm_comp_mean,random_comp_mean,final suff,final comp,target_tokens
0.047846149653196335,0.029264310374855995,0.043394047766923904,0.012874205596745014,1.6349658966064453,0.26907506585121155, Because$ was$ of$ a$ bum
