target_pos,target_token,norm_suff,random_suff,norm_comp,random_comp
58, I,0.04448741301894188,0.016426239162683487,0.009330165572464466,0.004096651449799538
60,'t,0.002419915981590748,0.0,0.015454932115972042,0.0008944208966568112
62,.,0.0,0.0,0.011992163956165314,0.005501404404640198
64, just,0.0,0.025121305137872696,1.0,0.007151910103857517
66, to,0.0,0.0,0.0036954605020582676,0.004479056224226952
