norm_suff_mean,random_suff_mean,norm_comp_mean,random_comp_mean,final suff,final comp,target_tokens
0.00938146561384201,0.008309508673846722,0.2080945521593094,0.004424688871949911,1.129003643989563,0.47164154052734375, I$'t$.$ just$ to
