target_pos,target_token,norm_suff,random_suff,norm_comp,random_comp
52, Because,0.16998954117298126,0.0,0.019839951768517494,0.01050597708672285
54, loved,0.013738946057856083,0.0,0.0774122104048729,0.013462008908390999
56,.,0.03813290223479271,0.05972635746002197,0.008428771048784256,0.00536759477108717
58,"
",0.5317081212997437,0.02095947042107582,0.05310741439461708,0.008156435564160347
60, loved,0.0,0.0,0.06549472361803055,0.012082087807357311
