norm_suff_mean,random_suff_mean,norm_comp_mean,random_comp_mean,final suff,final comp,target_tokens
0.15071390569210052,0.01613716594874859,0.044856615364551544,0.00991482101380825,9.33955192565918,0.06578570604324341," Because$ loved$.$
$ loved"
