target_pos,target_token,norm_suff,random_suff,norm_comp,random_comp
69, She,0.0,0.0,0.012817516922950745,0.016263462603092194
71, hungry,0.0,0.0,1.0,0.009943416342139244
73, She,0.1309065818786621,0.02498374693095684,0.00643904460594058,0.00830521434545517
75, not,0.1011684313416481,0.0,0.011236248537898064,0.0059426878578960896
77, since,0.0,0.0,0.047969769686460495,0.0055372994393110275
