norm_suff_mean,random_suff_mean,norm_comp_mean,random_comp_mean,final suff,final comp,target_tokens
0.04641500115394592,0.004996749572455883,0.21569252014160156,0.009198416024446487,9.28903865814209,0.19817765057086945, She$ hungry$ She$ not$ since
