target_pos,target_token,norm_suff,random_suff,norm_comp,random_comp
63,"
",0.0,0.0,0.013355748727917671,0.007849296554923058
65,S,0.0,0.0,0.015337822027504444,0.016704579815268517
67,tha,0.0014516531955450773,0.0,0.10952898114919662,0.0009049705695360899
69, to,0.0,0.0426381416618824,0.0007681787246838212,0.0012516656424850225
71, out,0.0035494959447532892,0.00029726786306127906,0.041892100125551224,0.002354550641030073
