norm_suff_mean,random_suff_mean,norm_comp_mean,random_comp_mean,final suff,final comp,target_tokens
0.0010002298513427377,0.008587081916630268,0.036176569759845734,0.005813012830913067,0.1164807602763176,5.811676979064941,"
$S$tha$ to$ out"
