target_pos,target_token,norm_suff,random_suff,norm_comp,random_comp
56, Because,0.07711539417505264,0.07881146669387817,0.6357486844062805,0.006058152299374342
58, wanted,0.0,0.0,1.0,0.006047202739864588
60, to,0.0,0.0,0.0012641588691622019,0.0009785250294953585
62, ahead,0.0,0.0,0.9423298239707947,0.0016506095416843891
64,"
",0.0,0.1339772641658783,0.0069255889393389225,0.0059217833913862705
