norm_suff_mean,random_suff_mean,norm_comp_mean,random_comp_mean,final suff,final comp,target_tokens
0.015423079021275043,0.042557746171951294,0.5172536373138428,0.004131254740059376,0.3624035716056824,0.26786187291145325," Because$ wanted$ to$ ahead$
"
