target_pos,target_token,norm_suff,random_suff,norm_comp,random_comp
54, Because,0.11196457594633102,0.0,0.41288676857948303,0.014760905876755714
56, was,0.0,0.0,0.00795658677816391,0.010333067737519741
58, black,0.051408134400844574,0.048746295273303986,0.7215656638145447,0.008190099149942398
60, with,0.09244900941848755,0.0,0.09375465661287308,0.013067587278783321
62, friend,0.020813554525375366,0.02015477605164051,0.07265029102563858,0.008735856972634792
