norm_suff_mean,random_suff_mean,norm_comp_mean,random_comp_mean,final suff,final comp,target_tokens
0.05532705783843994,0.01378021389245987,0.261762797832489,0.011017504148185253,4.014963626861572,0.19913411140441895, Because$ was$ black$ with$ friend
