target_pos,target_token,norm_suff,random_suff,norm_comp,random_comp
68, Mary,0.0,0.0,0.016186971217393875,0.015364018268883228
70, about,0.07765255123376846,0.012789417058229446,1.0184364318847656,0.009003791958093643
72, for,0.039702340960502625,0.0,0.3049129247665405,0.0082775317132473
74, long,0.025786295533180237,0.009405357763171196,0.0217219740152359,0.0039972662925720215
76,.,0.02201997861266136,0.020228585228323936,0.0029640246648341417,0.00311386794783175
