norm_suff_mean,random_suff_mean,norm_comp_mean,random_comp_mean,final suff,final comp,target_tokens
0.03303223475813866,0.0084846718236804,0.27284446358680725,0.00795129593461752,3.8931658267974854,0.2407132238149643, Mary$ about$ for$ long$.
