target_pos,target_token,norm_suff,random_suff,norm_comp,random_comp
57,"
",0.03845437988638878,0.15601252019405365,0.02210603654384613,0.011897629126906395
59,Matt,0.16134369373321533,0.0,0.06723916530609131,0.01310235820710659
61, Sarah,0.0,0.00014184819883666933,0.013261057436466217,0.0010976206976920366
63, to,0.0,0.0,0.00889199785888195,0.007747477851808071
65, their,0.0,0.0,0.05781925097107887,0.02200610563158989
