norm_suff_mean,random_suff_mean,norm_comp_mean,random_comp_mean,final suff,final comp,target_tokens
0.039959616959095,0.031230872496962547,0.03386349976062775,0.011170238256454468,1.2794909477233887,0.27953818440437317,"
$Matt$ Sarah$ to$ their"
