target_pos,target_token,norm_suff,random_suff,norm_comp,random_comp
55,	,0.0,0.008778835646808147,0.02518557943403721,0.008053245954215527
57, she,0.0,0.0038851886056363583,0.054868798702955246,0.009679385460913181
59, to,0.0,0.0,0.0036201481707394123,0.0025555461179465055
61,"
",0.020483650267124176,0.002556523773819208,0.016142794862389565,0.009318454191088676
63,What,0.0,8.935794903663918e-05,1.0,0.013281798921525478
