norm_suff_mean,random_suff_mean,norm_comp_mean,random_comp_mean,final suff,final comp,target_tokens
0.004096730146557093,0.0030619811732321978,0.21996347606182098,0.008577686734497547,1.3379344940185547,2.0937886238098145,"	$ she$ to$
$What"
