target_pos,target_token,norm_suff,random_suff,norm_comp,random_comp
44, She,0.07330768555402756,0.1528160721063614,0.024925628677010536,0.010146760381758213
46,'t,0.005522309336811304,0.001589696272276342,0.036919549107551575,0.004127839580178261
48,.,0.0,0.0,0.009022909216582775,0.005943623371422291
50, just,0.0,0.0,1.0,0.006759939715266228
52,.,0.03620632365345955,0.0028008774388581514,0.0037535973824560642,0.003053618362173438
