norm_suff_mean,random_suff_mean,norm_comp_mean,random_comp_mean,final suff,final comp,target_tokens
0.023007264360785484,0.031441330909729004,0.21492433547973633,0.006006356328725815,0.7317522168159485,0.26106348633766174, She$'t$.$ just$.
