target_pos,target_token,norm_suff,random_suff,norm_comp,random_comp
57,"
",0.0,0.23212116956710815,0.008872216567397118,0.008643669076263905
59,Michael,0.12384989857673645,0.0,0.5143082737922668,0.007811621762812138
61, playing,0.0,0.0,0.09297698736190796,0.02374272793531418
63, with,0.00032570655457675457,0.0,0.5013219118118286,0.002806334989145398
65, friends,0.0003514015406835824,0.0,0.00282279122620821,0.00232422212138772
