norm_suff_mean,random_suff_mean,norm_comp_mean,random_comp_mean,final suff,final comp,target_tokens
0.024905402213335037,0.04642423614859581,0.22406044602394104,0.009065715596079826,0.5364741683006287,0.364005982875824,"
$Michael$ playing$ with$ friends"
