target_pos,target_token,norm_suff,random_suff,norm_comp,random_comp
51, Because,0.11505426466464996,0.11853457987308502,0.5582971572875977,0.010146190412342548
53, wanted,0.04390475153923035,0.01192148495465517,0.058499909937381744,0.004565326031297445
55, paint,0.0,0.003248075023293495,0.009263833984732628,0.00798485241830349
57, bedroom,0.0,0.0050722952000796795,0.050066087394952774,0.019462889060378075
59,.,0.0,0.0,0.02059158682823181,0.010066313669085503
