norm_suff_mean,random_suff_mean,norm_comp_mean,random_comp_mean,final suff,final comp,target_tokens
0.031791802495718,0.027755288407206535,0.139343723654747,0.01044511515647173,1.1454322338104248,0.3285474479198456, Because$ wanted$ paint$ bedroom$.
