target_pos,target_token,norm_suff,random_suff,norm_comp,random_comp
64, She,0.0,0.09536802768707275,0.008812662214040756,0.029966356232762337
66,'t,0.008473798632621765,0.0,0.03017280250787735,0.003613943001255393
68,.,0.0159540306776762,0.01792605035007,0.01589088700711727,0.01429344154894352
70, just,0.0,0.02975572645664215,1.0,0.019187267869710922
72,.,0.08566582202911377,0.0,0.0027104527689516544,0.008439520373940468
