norm_suff_mean,random_suff_mean,norm_comp_mean,random_comp_mean,final suff,final comp,target_tokens
0.022018730640411377,0.02860996127128601,0.2115173637866974,0.015100106596946716,0.7696176171302795,0.685784637928009, She$'t$.$ just$.
