target_pos,target_token,norm_suff,random_suff,norm_comp,random_comp
52, She,0.0,0.08392801135778427,0.012159627862274647,0.009317487478256226
54, going,0.07693850994110107,0.0,1.0185776948928833,0.011337550356984138
56, the,0.011817554011940956,0.0023680557496845722,0.005812396761029959,0.012638098560273647
58, to,0.08952540159225464,0.013117622584104538,0.00898749753832817,0.012971330434083939
60, married,0.025198599323630333,0.0,0.7311239242553711,0.008679907768964767
