norm_suff_mean,random_suff_mean,norm_comp_mean,random_comp_mean,final suff,final comp,target_tokens
0.04069601371884346,0.01988273859024048,0.35533225536346436,0.010988875292241573,2.0468013286590576,0.270023375749588, She$ going$ the$ to$ married
