target_pos,target_token,norm_suff,random_suff,norm_comp,random_comp
57, I,0.08898100256919861,0.12803350389003754,0.010460862889885902,0.011078773997724056
59,'t,0.0,0.0003827736945822835,0.07396669685840607,0.028744574636220932
61,.,0.1747710257768631,0.0,0.0031831911765038967,0.003513132221996784
63, just,0.0,0.0,1.0,0.0057581341825425625
65, them,0.009718241170048714,0.02226964943110943,0.012803686782717705,0.0032303116749972105
