norm_suff_mean,random_suff_mean,norm_comp_mean,random_comp_mean,final suff,final comp,target_tokens
0.05469405651092529,0.030137186869978905,0.22008290886878967,0.010464985854923725,1.8148361444473267,0.19133679568767548, I$'t$.$ just$ them
