target_pos,target_token,norm_suff,random_suff,norm_comp,random_comp
49, Chris,0.0,0.009948891587555408,0.00742677878588438,0.005885733757168055
51, happy,0.05971343070268631,0.0,0.9809350967407227,0.013824780471622944
53, he,0.0,0.0055387746542692184,0.007374122738838196,0.006292571779340506
55, learning,0.0,0.0002625021443236619,1.0,0.006127999629825354
57,.,0.0,0.00765572115778923,0.017379919067025185,0.008078392595052719
