norm_suff_mean,random_suff_mean,norm_comp_mean,random_comp_mean,final suff,final comp,target_tokens
0.011942686513066292,0.004681177902966738,0.40262317657470703,0.008041895925998688,2.5512139797210693,0.6733741164207458, Chris$ happy$ he$ learning$.
