target_pos,target_token,norm_suff,random_suff,norm_comp,random_comp
60, Because,0.06833550333976746,0.08490820974111557,0.4206705391407013,0.008233295753598213
62, was,0.0,0.0,0.005848592612892389,0.00750369718298316
64, ge,0.05742880702018738,0.002429951447993517,0.09228193014860153,0.007773979566991329
66,.,0.0,0.0,0.010534146800637245,0.0067033711820840836
68,"
",0.1278916448354721,0.0,0.019338324666023254,0.003863203339278698
