norm_suff_mean,random_suff_mean,norm_comp_mean,random_comp_mean,final suff,final comp,target_tokens
0.05073119327425957,0.01746763288974762,0.10973470658063889,0.006815509404987097,2.904296875,0.13434553146362305," Because$ was$ ge$.$
"
