target_pos,target_token,norm_suff,random_suff,norm_comp,random_comp
54,"
",0.004446014296263456,0.0,0.005134918726980686,0.011600648984313011
56,Tim,0.20496180653572083,0.029357094317674637,0.046713922172784805,0.011360565200448036
58, Stan,0.0022061332128942013,0.004385997541248798,0.020185627043247223,0.00292605091817677
60, in,0.007218626327812672,0.0,0.6262961030006409,0.001578984665684402
62, ice,0.009184295311570168,0.0,0.968802809715271,0.00036308023845776916
