norm_suff_mean,random_suff_mean,norm_comp_mean,random_comp_mean,final suff,final comp,target_tokens
0.045603375881910324,0.006748618092387915,0.33342668414115906,0.005565866362303495,6.757439136505127,0.12204943597316742,"
$Tim$ Stan$ in$ ice"
