target_pos,target_token,norm_suff,random_suff,norm_comp,random_comp
65, Because,0.0,0.0,0.5844323635101318,0.005112347658723593
67, were,0.0,0.0,0.006856097374111414,0.005467122420668602
69, of,0.0,0.014937753789126873,0.005879852920770645,0.007826386950910091
71, foreigners,0.0,0.0,0.5687023401260376,0.010236942209303379
73,"
",0.0,0.09086424112319946,0.005644476506859064,0.01005669217556715
