target_pos,target_token,norm_suff,random_suff,norm_comp,random_comp
33, ,0.01768312230706215,0.008644948713481426,0.08053519576787949,0.009132856503129005
35, Pennsylvania,0.0,0.003780151717364788,1.0,0.006340148858726025
37, It,0.3064402937889099,0.005077596288174391,0.008922528475522995,0.005761595442891121
39, the,0.0,0.004860007204115391,0.006083497311919928,0.006405791267752647
41, longest,0.0,0.00232412526383996,1.0,0.004762277007102966
