norm_suff_mean,random_suff_mean,norm_comp_mean,random_comp_mean,final suff,final comp,target_tokens
0.06482468545436859,0.004937365651130676,0.41910824179649353,0.006480533629655838,13.12940788269043,0.09997015446424484, $ Pennsylvania$ It$ the$ longest
