target_pos,target_token,norm_suff,random_suff,norm_comp,random_comp
17, ,0.003031250787898898,0.0,0.018938085064291954,0.008597061969339848
19, 18,0.0,0.0,0.044974859803915024,0.006707269232720137
21, and,0.0,0.0,0.007797606289386749,0.0055912877433001995
23, the,0.0,0.0,0.005503727123141289,0.006187385879456997
25, court,0.06528383493423462,0.0,0.6645170450210571,0.006894113030284643
