target_pos,target_token,norm_suff,random_suff,norm_comp,random_comp
18, ,0.002436515176668763,0.0,0.039327096194028854,0.018609678372740746
20, is,0.0,0.0,0.008065109141170979,0.017290281131863594
22, largest,0.130833700299263,0.0,0.014044871553778648,0.013303379528224468
24, in,0.0,0.0,0.013099949806928635,0.011187654919922352
26, Solar,0.007189237978309393,0.0,0.0043783835135400295,0.008756556548178196
