target_pos,target_token,norm_suff,random_suff,norm_comp,random_comp
15, ,0.005059840623289347,0.0,0.03905552253127098,0.01746881753206253
17, is,0.0,0.008466726168990135,0.015065586194396019,0.018388552591204643
19, in,0.0,0.0,0.011361679993569851,0.01535005122423172
21, temper,0.0,0.0,0.8951305150985718,0.02292335219681263
23, regions,0.032182224094867706,0.0,0.07623276859521866,0.01082500722259283
