norm_suff_mean,random_suff_mean,norm_comp_mean,random_comp_mean,final suff,final comp,target_tokens
0.007448413409292698,0.0016933452570810914,0.20736920833587646,0.016991157084703445,4.3986382484436035,2.2811779975891113, $ is$ in$ temper$ regions
