target_pos,target_token,norm_suff,random_suff,norm_comp,random_comp
24, ,0.0,0.0,0.016136623919010162,0.014747046865522861
26, benign,0.0,0.0,1.0,0.004601448308676481
28, ,0.017092538997530937,0.0,0.011751648038625717,0.012431198731064796
30,Brain,0.0,0.013483826071023941,1.0,0.008591389283537865
32, are,0.013321894221007824,0.0,0.03164081647992134,0.009657373651862144
