norm_suff_mean,random_suff_mean,norm_comp_mean,random_comp_mean,final suff,final comp,target_tokens
0.00608288636431098,0.0026967653539031744,0.41190582513809204,0.010005692020058632,2.2556231021881104,1.6448920965194702, $ benign$ $Brain$ are
