target_pos,target_token,norm_suff,random_suff,norm_comp,random_comp
20, ,0.0,0.0,0.007591121830046177,0.006076461169868708
22, is,0.0,0.0,0.0077703469432890415,0.00775309419259429
24, highest,0.14882077276706696,0.0,0.9046158790588379,0.0076798503287136555
26, Catholic,0.040039561688899994,0.0,0.7561005353927612,0.010385774075984955
28, the,0.008461578749120235,0.0,0.0043494924902915955,0.00633522542193532
