target_pos,target_token,norm_suff,random_suff,norm_comp,random_comp
21, east,0.0,0.0,0.019459780305624008,0.006090554874390364
23, Hawaii,0.14088530838489532,0.0,0.7564177513122559,0.021871143952012062
25, The,0.0,0.003658807370811701,0.006546801421791315,0.006306501105427742
27, is,0.023077448830008507,0.0,0.004908123519271612,0.005156355910003185
29,ordered,0.007624013815075159,0.0003792264324147254,0.9994072914123535,0.0004279775603208691
