norm_suff_mean,random_suff_mean,norm_comp_mean,random_comp_mean,final suff,final comp,target_tokens
0.03431735560297966,0.0008076067897491157,0.35734793543815613,0.007970507256686687,42.492652893066406,0.23225878179073334, east$ Hawaii$ The$ is$ordered
