target_pos,target_token,norm_suff,random_suff,norm_comp,random_comp
25, ,0.14974597096443176,0.0,0.34290561079978943,0.010976247489452362
27, David,0.012873937375843525,0.020976433530449867,0.05669013038277626,0.03031066060066223
29,enzie,0.01405698899179697,0.001082358998246491,0.03100145049393177,0.00755465030670166
31, The,0.009990256279706955,0.04862884059548378,0.008308385498821735,0.005988582968711853
33, is,0.005893666762858629,0.005064602009952068,0.007637988775968552,0.007040179334580898
