norm_suff_mean,random_suff_mean,norm_comp_mean,random_comp_mean,final suff,final comp,target_tokens
0.03851216286420822,0.015150447376072407,0.0893087089061737,0.01237406488507986,2.5419819355010986,0.32130277156829834, $ David$enzie$ The$ is
