target_pos,target_token,norm_suff,random_suff,norm_comp,random_comp
21, ,0.0,0.0,0.024008451029658318,0.013377406634390354
23, an,0.03829305246472359,0.0,0.19249890744686127,0.01418241299688816
25, who,0.0,0.0,0.0189429372549057,0.011905292049050331
27, played,0.11167053133249283,0.006055570673197508,0.7249440550804138,0.011162145994603634
29, significant,0.022427573800086975,0.0008416774217039347,0.07134409248828888,0.008482449688017368
