norm_suff_mean,random_suff_mean,norm_comp_mean,random_comp_mean,final suff,final comp,target_tokens
0.03447823226451874,0.0013794497353956103,0.20634770393371582,0.01182194147258997,24.994192123413086,0.34288132190704346, $ an$ who$ played$ significant
