target_pos,target_token,norm_suff,random_suff,norm_comp,random_comp
27, The,0.014367696829140186,0.0,0.005722860340029001,0.00628702063113451
29,eng,0.020237477496266365,0.0,0.9961369037628174,0.0029167907778173685
31, period,0.0618339478969574,0.014755087904632092,0.28907570242881775,0.013097662478685379
33, marked,0.16880159080028534,0.0,0.5276082158088684,0.006062354426831007
35, the,0.005880096927285194,0.006333669647574425,0.006116604432463646,0.006675756070762873
