norm_suff_mean,random_suff_mean,norm_comp_mean,random_comp_mean,final suff,final comp,target_tokens
0.0542241632938385,0.004217751324176788,0.3649320602416992,0.007007916923612356,12.856178283691406,0.1292397379875183, The$eng$ period$ marked$ the
