target_pos,target_token,norm_suff,random_suff,norm_comp,random_comp
17, in,0.018131908029317856,0.0,0.016064774245023727,0.026451686397194862
19, upper,0.005940509494394064,0.0,0.44200950860977173,0.028047742322087288
21,.,0.0,0.0,0.007349707186222076,0.012032365426421165
23, was,0.0,0.0,0.011716606095433235,0.007278716191649437
25, in,0.0,0.0,0.008719692006707191,0.00787634588778019
