target_pos,target_token,norm_suff,random_suff,norm_comp,random_comp
16, ,0.012519271112978458,0.0,0.07431997358798981,0.05528455600142479
18, the,0.0,0.0,0.01602027751505375,0.011618725024163723
20, States,0.004223245661705732,0.0,0.8736863136291504,0.002273667836561799
22, is,0.0,0.0,0.01815451867878437,0.013256167992949486
24, large,0.042667586356401443,0.0,0.028684312477707863,0.015028908848762512
