target_pos,target_token,norm_suff,random_suff,norm_comp,random_comp
12, They,0.038860149681568146,0.0,0.01578517071902752,0.022882571443915367
14, used,0.0034214965999126434,0.0,0.016230491921305656,0.015216799452900887
16, many,0.004170967265963554,0.010133093222975731,0.02218857780098915,0.016904978081583977
18,",",0.0,0.0,0.018512386828660965,0.01062155980616808
20, cooking,0.0,0.0,1.0,0.04652757942676544
