norm_suff_mean,random_suff_mean,norm_comp_mean,random_comp_mean,final suff,final comp,target_tokens
0.009290522895753384,0.002026618691161275,0.21454332768917084,0.022430697456002235,4.584248065948486,2.414363384246826," They$ used$ many$,$ cooking"
