target_pos,target_token,norm_suff,random_suff,norm_comp,random_comp
20, until,0.0,0.0,0.4798251986503601,0.019715052098035812
22, French,0.018394310027360916,0.0,0.022505944594740868,0.011139890179038048
24, in,0.0,0.0,0.01702551171183586,0.01091541163623333
26,89,0.013310364447534084,0.0,0.13753417134284973,0.0045842453837394714
28, The,0.02585640922188759,0.0,0.00890151783823967,0.006108669098466635
