target_pos,target_token,norm_suff,random_suff,norm_comp,random_comp
15, ,0.032317303121089935,0.001541155856102705,0.026102425530552864,0.0071909199468791485
17, has,0.01762780174612999,0.017845571041107178,0.006809210404753685,0.007535622920840979
19, in,0.002313188510015607,0.0,0.00569992745295167,0.003591278800740838
21, number,0.0686134323477745,0.0,0.04049474000930786,0.00941443257033825
23, films,0.06320782005786896,0.0,0.05505798012018204,0.008007187396287918
