norm_suff_mean,random_suff_mean,norm_comp_mean,random_comp_mean,final suff,final comp,target_tokens
0.036815907806158066,0.003877345472574234,0.026832858100533485,0.007147889118641615,9.495132446289062,0.19415219128131866, $ has$ in$ number$ films
