target_pos,target_token,norm_suff,random_suff,norm_comp,random_comp
15, ,0.05337122455239296,0.011743217706680298,0.049287933856248856,0.008942168205976486
17, by,0.0503603033721447,0.0,0.01564645767211914,0.003234753618016839
19, for,0.0,0.0,0.01628189906477928,0.010557405650615692
21, Nintendo,0.0,0.0,0.6383008360862732,0.01412208005785942
23, System,0.019347816705703735,0.0,0.987695574760437,0.00402467418462038
