norm_suff_mean,random_suff_mean,norm_comp_mean,random_comp_mean,final suff,final comp,target_tokens
0.02461586892604828,0.002348643494769931,0.3414425551891327,0.00817621685564518,10.480887413024902,0.33215227723121643, $ by$ for$ Nintendo$ System
