target_pos,target_token,norm_suff,random_suff,norm_comp,random_comp
24, ,0.0,0.0,0.04826975613832474,0.03273492678999901
26, Eng,0.0,0.0,0.880268394947052,0.01631300337612629
28,ving,0.007246516179293394,0.0,0.9960789084434509,0.001620603958144784
30, Printing,0.016603689640760422,0.0002337834011996165,0.8441133499145508,0.004292767029255629
32, the,0.0,0.009826261550188065,0.00927872397005558,0.010490036569535732
