norm_suff_mean,random_suff_mean,norm_comp_mean,random_comp_mean,final suff,final comp,target_tokens
0.0047700414434075356,0.002012009033933282,0.5556018352508545,0.013090267777442932,2.3707852363586426,2.744266986846924, $ Eng$ving$ Printing$ the
