target_pos,target_token,norm_suff,random_suff,norm_comp,random_comp
11, ,0.1545749008655548,0.0,0.9287481904029846,0.01025494746863842
13, was,0.0,0.0,0.008691647090017796,0.01886909082531929
15, first,0.019346628338098526,0.0,0.009799052029848099,0.013583706691861153
17,mable,0.04141305759549141,0.0006740436656400561,0.0036181891337037086,0.0014274494023993611
19, to,0.0,0.0,0.013871115632355213,0.013521447777748108
