norm_suff_mean,random_suff_mean,norm_comp_mean,random_comp_mean,final suff,final comp,target_tokens
0.04306691884994507,0.00013480873894877732,0.19294564425945282,0.011531327851116657,319.4668273925781,0.2677537202835083, $ was$ first$mable$ to
