target_pos,target_token,norm_suff,random_suff,norm_comp,random_comp
20, ,0.0,0.0,0.07465917617082596,0.012848365120589733
22, are,0.0,0.0,0.021549727767705917,0.014476574957370758
24, to,0.0,0.0,0.007168720010668039,0.004436829127371311
26, the,0.0015336081851273775,0.0,0.013981102965772152,0.01743210479617119
28, of,0.0348157174885273,0.0015452634543180466,0.01221182756125927,0.006172495894134045
