norm_suff_mean,random_suff_mean,norm_comp_mean,random_comp_mean,final suff,final comp,target_tokens
0.007269865367561579,0.0003090527025051415,0.025914112105965614,0.011073274537920952,23.523059844970703,1.5231746435165405, $ are$ to$ the$ of
