target_pos,target_token,norm_suff,random_suff,norm_comp,random_comp
22, ,0.10853143781423569,0.0,0.17210158705711365,0.0072450898587703705
24, the,0.0,0.0,0.008361909538507462,0.00897512212395668
26, of,0.0,0.0,0.011753140948712826,0.011167247779667377
28," """,0.04176140949130058,0.029092298820614815,0.019150836393237114,0.02059432491660118
30, Waste,0.007078196387737989,0.005573777481913567,0.13511595129966736,0.030254686251282692
