norm_suff_mean,random_suff_mean,norm_comp_mean,random_comp_mean,final suff,final comp,target_tokens
0.03147421032190323,0.006933215539902449,0.06929668039083481,0.015647295862436295,4.539626598358154,0.4971465766429901," $ the$ of$ ""$ Waste"
