target_pos,target_token,norm_suff,random_suff,norm_comp,random_comp
21, ,0.10412987321615219,0.0,0.9793782830238342,0.006378581281751394
23, played,0.015413081273436546,0.0,0.03567430004477501,0.013548598624765873
25, the,0.012207095511257648,0.0,0.007298826705664396,0.0033904830925166607
27, Angeles,0.0,0.0,0.00390302250161767,0.0008400767110288143
29, from,0.04152621328830719,0.01028392929583788,0.014763490296900272,0.013711517676711082
