norm_suff_mean,random_suff_mean,norm_comp_mean,random_comp_mean,final suff,final comp,target_tokens
0.03465525060892105,0.002056785859167576,0.20820358395576477,0.0075738513842225075,16.849225997924805,0.21854844689369202, $ played$ the$ Angeles$ from
