target_pos,target_token,norm_suff,random_suff,norm_comp,random_comp
25, ,0.0,0.0,0.023664947599172592,0.01711772382259369
27,usually,0.04990816116333008,0.0,0.4886859357357025,0.008611335419118404
29, 10,0.00017902677063830197,0.0009155050502158701,0.0034384483005851507,0.0038337160367518663
31,20,0.0018955196719616652,0.0031785578466951847,0.0036159560550004244,0.003598826704546809
33, ,0.013725665397942066,0.0,0.010281741619110107,0.009373602457344532
