norm_suff_mean,random_suff_mean,norm_comp_mean,random_comp_mean,final suff,final comp,target_tokens
0.013141675852239132,0.000818812579382211,0.1059373989701271,0.00850704126060009,16.04967498779297,0.6473330855369568, $usually$ 10$20$ 
