suff,comp,random_suff,random_comp
0.07765703652243354,0.9749463955922388,0.03373817981858223,0.9078916533990982
