suff,comp,random_suff,random_comp
0.01806202693215836,0.7775948243801314,0.007100471857227572,0.6079501321988382
