suff,comp,random_suff,random_comp
0.09195877057316508,0.9731474657088524,0.047653176209614546,0.9341288402939333
