suff,comp,random_suff,random_comp
0.01806202693215836,0.7775948243801314,0.00761271986354412,0.6153289889274567
