suff,comp,random_suff,random_comp
0.06282713545197073,0.9500624496012676,0.025865677511601484,0.8481365186790597
