suff,comp,random_suff,random_comp
0.04707492382244803,0.9072551206118578,0.015964534219342307,0.8025546885729219
