suff,comp,random_suff,random_comp
0.07765703652243354,0.9749463955922388,0.03513215824680793,0.9071714071581051
