suff,comp,random_suff,random_comp
0.0014717765794405474,0.0013152102540064747,0.0016877532383020822,0.0016493802389237668
