suff,comp,random_suff,random_comp
0.09960365137623964,0.975372186667303,0.04713446899752283,0.9386653563031361
