suff,comp,random_suff,random_comp
0.00112416356344823,0.02772314786525493,0.0010443838006848755,0.027925856052484106
