suff,comp,random_suff,random_comp
0.07171189332359003,0.967223327335417,0.029387273504962712,0.8940139359513364
