suff,comp,random_suff,random_comp
0.04707492382244803,0.9072551206118578,0.011412635034374776,0.7747885067427085
