target_pos,target_token,norm_suff,random_suff,norm_comp,random_comp
44, He,0.02044629491865635,0.0,0.014484592713415623,0.01541663333773613
46, a,0.0,0.0,0.08386799693107605,0.01053102407604456
48, kid,0.0015413996297866106,0.0,0.021116049960255623,0.00858213845640421
50, He,0.0064887418411672115,0.0,0.01469359826296568,0.014466720633208752
52, a,0.0004055709869135171,0.0,0.012437659315764904,0.10048206150531769
