target_pos,target_token,norm_suff,random_suff,norm_comp,random_comp
44, He,0.0038953199982643127,0.0,0.018965542316436768,0.022683314979076385
46, a,0.0,0.004803560674190521,0.050867412239313126,0.010139320977032185
48, kid,0.00014874468615744263,0.0,0.011800676584243774,0.007840700447559357
50, He,0.0,0.0,0.038672447204589844,0.0123303746804595
52, a,0.0,0.0,0.012039672583341599,0.16595785319805145
