norm_suff_mean,random_suff_mean,norm_comp_mean,random_comp_mean,final suff,final comp,target_tokens
0.0008088129688985646,0.0009607121464796364,0.026469150558114052,0.0437903106212616,0.841888964176178,54.14145278930664, He$ a$ kid$ He$ a
