target_pos,target_token,norm_suff,random_suff,norm_comp,random_comp
49, I,0.007987036369740963,0.0,0.10353364050388336,0.011889318004250526
51, so,0.0,0.0,0.028125260025262833,0.030217647552490234
53,.,0.0,0.0,0.00819978304207325,0.016854137182235718
55, was,0.0,0.0,0.012854055501520634,0.009237556718289852
57, happy,0.0,0.0,0.019458992406725883,0.03955303132534027
