target_pos,target_token,norm_suff,random_suff,norm_comp,random_comp
49, I,0.0,0.007499196566641331,0.05999232456088066,0.01166544295847416
51, so,0.0,0.0,0.008855000138282776,0.009707351215183735
53,.,0.0,0.0,0.015166803263127804,0.011055349372327328
55, was,0.0,0.0,0.008585312403738499,0.011110484600067139
57, happy,0.0,0.0,0.024964693933725357,0.0111616812646389
