target_pos,target_token,norm_suff,random_suff,norm_comp,random_comp
75, I,0.014255449175834656,0.02506132796406746,0.012984351254999638,0.009093011729419231
77, not,0.0,0.0,0.008424383588135242,0.006163378246128559
79,.,0.034924592822790146,0.0,0.012310212478041649,0.007795874960720539
81,'m,0.0,0.0,0.006272363010793924,0.0036749360151588917
83, sure,0.0,0.0,0.03185741975903511,0.006262915208935738
