target_pos,target_token,norm_suff,random_suff,norm_comp,random_comp
75, I,0.014912150800228119,0.0,0.011211465112864971,0.007696312852203846
77, not,0.0011655119014903903,0.0,0.011875278316438198,0.007563608232885599
79,.,0.025611810386180878,0.02752073109149933,0.007926502265036106,0.012837440706789494
81,'m,0.0007058780756779015,0.0,0.006664506159722805,0.005669696722179651
83, sure,0.0,0.0,0.00948512926697731,0.0106919901445508
