norm_suff_mean,random_suff_mean,norm_comp_mean,random_comp_mean,final suff,final comp,target_tokens
0.00983600877225399,0.005012265872210264,0.01436974573880434,0.006598023232072592,1.9623876810073853,0.670802891254425, I$ not$.$'m$ sure
