norm_suff_mean,random_suff_mean,norm_comp_mean,random_comp_mean,final suff,final comp,target_tokens
0.008479069918394089,0.005504146218299866,0.009432576596736908,0.008891809731721878,1.5404877662658691,1.0486774444580078, I$ not$.$'m$ sure
