target_pos,target_token,norm_suff,random_suff,norm_comp,random_comp
51, She,0.0,0.0,0.019786428660154343,0.017405040562152863
53,.,0.0,0.0,0.01201494038105011,0.014028678648173809
55, went,0.0,0.0,0.009992185980081558,0.018089642748236656
57, to,0.0,0.0,0.007826857268810272,0.005035028792917728
59, cup,0.00046535072033293545,0.0,0.008750403299927711,0.02980169653892517
