target_pos,target_token,norm_suff,random_suff,norm_comp,random_comp
51, She,0.0,0.0025017596781253815,0.009767035953700542,0.009822477586567402
53,.,0.0,0.0,0.01396922767162323,0.014987998642027378
55, went,0.0,0.0,0.010525318793952465,0.00855722464621067
57, to,0.004289858043193817,0.0,0.00592507841065526,0.005869372747838497
59, cup,0.0,0.0,0.013606023043394089,0.014590178616344929
