norm_suff_mean,random_suff_mean,norm_comp_mean,random_comp_mean,final suff,final comp,target_tokens
0.0008579716086387634,0.0005003519472666085,0.010758536867797375,0.01076545100659132,1.7147362232208252,12.547560691833496, She$.$ went$ to$ cup
