target_pos,target_token,norm_suff,random_suff,norm_comp,random_comp
47, She,0.0,0.0,0.01327122375369072,0.017456084489822388
49,'t,0.0,0.0006890652002766728,0.000737096939701587,0.00039516284596174955
51,.,0.0,0.0,0.010549419559538364,0.01601932942867279
53, didn,0.0009524381603114307,0.0009041252196766436,0.008801666088402271,0.010839788243174553
55, know,0.0,0.0,0.011980601586401463,0.0061118085868656635
