target_pos,target_token,norm_suff,random_suff,norm_comp,random_comp
47, She,0.0006336864898912609,0.00517847016453743,0.033230260014534,0.018689215183258057
49,'t,0.0,0.0,0.0006055574049241841,0.0004904163652099669
51,.,0.0,0.0,0.00947656575590372,0.04209296777844429
53, didn,0.0,0.0,0.013386464677751064,0.008806831203401089
55, know,0.0,0.0,0.011386314406991005,0.0088912108913064
