norm_suff_mean,random_suff_mean,norm_comp_mean,random_comp_mean,final suff,final comp,target_tokens
0.00012673730088863522,0.001035694032907486,0.013617033138871193,0.01579412817955017,0.1223694384098053,124.6209945678711, She$'t$.$ didn$ know
