norm_suff_mean,random_suff_mean,norm_comp_mean,random_comp_mean,final suff,final comp,target_tokens
0.00019048764079343528,0.00031863810727372766,0.009068001993000507,0.010164435021579266,0.59781813621521,53.360076904296875, She$'t$.$ didn$ know
