target_pos,target_token,norm_suff,random_suff,norm_comp,random_comp
46, Because,0.0045041050761938095,0.0,0.013029013760387897,0.010611784644424915
48, was,0.0,0.0,0.01443035900592804,0.011146321892738342
50,.,0.0,0.0,0.020258529111742973,0.012740302830934525
52, was,0.0,0.0,0.020598361268639565,0.01662641018629074
54, of,0.0,0.018518084660172462,0.01228303462266922,0.026112016290426254
