target_pos,target_token,norm_suff,random_suff,norm_comp,random_comp
46, Because,0.0,0.04620835557579994,0.07713205367326736,0.02160602994263172
48, was,0.0,0.0019138510106131434,0.03440628945827484,0.009085826575756073
50,.,0.0,0.0,0.016136828809976578,0.01324608363211155
52, was,0.0008175984839908779,0.0007493539596907794,0.02490382269024849,0.00970533024519682
54, of,0.0,0.013904771767556667,0.013845911249518394,0.02375755086541176
