norm_suff_mean,random_suff_mean,norm_comp_mean,random_comp_mean,final suff,final comp,target_tokens
0.0009008210035972297,0.00370361702516675,0.016119858250021935,0.015447366051375866,0.24322736263275146,17.14809799194336, Because$ was$.$ was$ of
