norm_suff_mean,random_suff_mean,norm_comp_mean,random_comp_mean,final suff,final comp,target_tokens
0.00016351969679817557,0.012555266730487347,0.033284980803728104,0.015480163507163525,0.01302399206906557,94.66849517822266, Because$ was$.$ was$ of
