target_pos,target_token,norm_suff,random_suff,norm_comp,random_comp
57, I,0.0016467984532937407,0.0,0.010893150232732296,0.010448957793414593
59, so,0.0,0.0,0.007769863121211529,0.025399692356586456
61, to,0.0,0.0,0.027666468173265457,0.00928599014878273
63, it,0.0,0.0,0.012414696626365185,0.007372747175395489
65,.,0.0,0.0,0.030655179172754288,0.025717800483107567
