target_pos,target_token,norm_suff,random_suff,norm_comp,random_comp
57, I,0.0,0.005556381773203611,0.04545532912015915,0.017233263701200485
59, so,0.0,0.0,0.02753778174519539,0.0074423253536224365
61, to,0.0,0.06542645394802094,0.010063089430332184,0.03259484842419624
63, it,0.0,0.0,0.026305140927433968,0.006612266879528761
65,.,0.0,0.0,0.027621755376458168,0.05795148015022278
