target_pos,target_token,norm_suff,random_suff,norm_comp,random_comp
51, Because,0.0,0.0,0.013607466593384743,0.018413037061691284
53, wanted,0.0,0.0,0.036656275391578674,0.0073514035902917385
55, show,0.0,0.0,0.01178495679050684,0.02445720136165619
57, to,0.0,0.0,0.024510767310857773,0.0142143489792943
59, dog,0.0003861401928588748,0.0,0.025128193199634552,0.00543555524200201
