target_pos,target_token,norm_suff,random_suff,norm_comp,random_comp
51, Because,0.0,0.0,0.03851445019245148,0.01674274541437626
53, wanted,0.0,0.0,0.03830442577600479,0.022348763421177864
55, show,0.0,0.0,0.007224277593195438,0.03044884093105793
57, to,0.0,0.0,0.015072344802320004,0.01608354225754738
59, dog,0.0,0.00023959811369422823,0.030252551659941673,0.011296861805021763
