target_pos,target_token,norm_suff,random_suff,norm_comp,random_comp
68, She,0.0,0.007723481860011816,0.012317768298089504,0.011863513849675655
70, to,0.09269732236862183,0.09793819487094879,0.016211550682783127,0.006627827417105436
72, Asian,0.0003284875419922173,0.0013762859161943197,0.13392244279384613,0.019144458696246147
74,ard,0.0007935651810839772,0.00018386976444162428,0.00181359495036304,0.001711041433736682
76, her,0.00047180679393932223,0.0,0.005303175654262304,0.004160597454756498
