target_pos,target_token,norm_suff,random_suff,norm_comp,random_comp
68, She,0.0,0.004273782018572092,0.011045848950743675,0.03035839833319187
70, to,0.08999154716730118,0.09864133596420288,0.007204848807305098,0.015472948551177979
72, Asian,0.0,0.0,0.018971791490912437,0.017116021364927292
74,ard,0.0009133192943409085,0.00039645424112677574,0.0014949123142287135,0.0009531123796477914
76, her,0.0001570633758092299,0.0,0.00334766018204391,0.015398714691400528
