norm_suff_mean,random_suff_mean,norm_comp_mean,random_comp_mean,final suff,final comp,target_tokens
0.01885823719203472,0.02144436724483967,0.03391370549798012,0.008701487444341183,0.8794028162956238,0.46141573786735535, She$ to$ Asian$ard$ her
