norm_suff_mean,random_suff_mean,norm_comp_mean,random_comp_mean,final suff,final comp,target_tokens
0.018212387338280678,0.02066231332719326,0.008413012139499187,0.01585984043776989,0.8814302086830139,0.8708270788192749, She$ to$ Asian$ard$ her
