target_pos,target_token,norm_suff,random_suff,norm_comp,random_comp
62, She,0.0,0.0,0.03972191736102104,0.014168011955916882
64, to,0.0003387277538422495,0.0,0.0074774120002985,0.002673228969797492
66, out,0.0,0.0,0.010185742750763893,0.006624549627304077
68, cheer,0.0,0.0,0.023136161267757416,0.005532611161470413
70, at,0.3673117756843567,0.19678297638893127,0.01781579665839672,0.023815929889678955
