target_pos,target_token,norm_suff,random_suff,norm_comp,random_comp
62, She,0.0,0.0,0.014767886139452457,0.015769222751259804
64, to,0.10648758709430695,0.0,0.0033492748625576496,0.0037580167409032583
66, out,0.0,0.0,0.007994481362402439,0.03412362560629845
68, cheer,0.01581760123372078,0.0,0.04229522496461868,0.025162653997540474
70, at,0.27251094579696655,0.366976261138916,0.03170143440365791,0.030070768669247627
