norm_suff_mean,random_suff_mean,norm_comp_mean,random_comp_mean,final suff,final comp,target_tokens
0.07353010028600693,0.039356596767902374,0.019667405635118484,0.010562865994870663,1.8683043718338013,0.14365363121032715, She$ to$ out$ cheer$ at
