norm_suff_mean,random_suff_mean,norm_comp_mean,random_comp_mean,final suff,final comp,target_tokens
0.07896322757005692,0.0733952522277832,0.02002166025340557,0.02177685871720314,1.0758628845214844,0.27578482031822205, She$ to$ out$ cheer$ at
