target_pos,target_token,norm_suff,random_suff,norm_comp,random_comp
55, Because,0.0,0.0,0.00782286748290062,0.007772187702357769
57, wanted,0.0,0.0,0.010804648511111736,0.010430888272821903
59, to,0.001186518114991486,0.0,0.0045472183264791965,0.012033154256641865
61, French,0.0,0.0022698501124978065,0.018715377897024155,0.015932543203234673
63, She,0.0,0.0,0.05211807042360306,0.051259782165288925
