target_pos,target_token,norm_suff,random_suff,norm_comp,random_comp
55, Because,0.0048775505274534225,0.0017000039806589484,0.009226443246006966,0.008607035502791405
57, wanted,0.0017418042989447713,0.0,0.008313736878335476,0.006668738089501858
59, to,0.00039742537774145603,0.0,0.003380035748705268,0.002645910019055009
61, French,0.00010024071525549516,0.0015788526507094502,0.01097168866544962,0.023642567917704582
63, She,0.004198865033686161,0.0,0.012652711011469364,0.02109691873192787
