norm_suff_mean,random_suff_mean,norm_comp_mean,random_comp_mean,final suff,final comp,target_tokens
0.00023730362590868026,0.0004539700166787952,0.01880163699388504,0.0194857120513916,0.522729754447937,82.11299896240234, Because$ wanted$ to$ French$ She
