norm_suff_mean,random_suff_mean,norm_comp_mean,random_comp_mean,final suff,final comp,target_tokens
0.0022631771862506866,0.0006557713495567441,0.008908923715353012,0.012532234191894531,3.4511680603027344,5.53745174407959, Because$ wanted$ to$ French$ She
