target_pos,target_token,norm_suff,random_suff,norm_comp,random_comp
53, Because,0.0,0.0,0.01201951876282692,0.03620323911309242
55, was,6.206834223121405e-05,0.0005889785825274885,0.05043632537126541,0.007903320714831352
57, black,0.0,0.0,0.009427135810256004,0.04599466174840927
59, player,0.0003247467102482915,0.0,0.025958679616451263,0.01529399212449789
61, He,0.0562741719186306,0.02746909111738205,0.008357840590178967,0.00690100435167551
