target_pos,target_token,norm_suff,random_suff,norm_comp,random_comp
53, Because,0.005281941965222359,0.0016144159017130733,0.02398037351667881,0.01680629700422287
55, was,0.0,0.0,0.049448154866695404,0.01207922212779522
57, black,0.0,0.0,0.008074069395661354,0.013118073344230652
59, player,0.0006980367470532656,0.0,0.014951043762266636,0.013764621689915657
61, He,0.0,0.0,0.009210379794239998,0.008856302127242088
