norm_suff_mean,random_suff_mean,norm_comp_mean,random_comp_mean,final suff,final comp,target_tokens
0.011332198046147823,0.005611613858491182,0.021239900961518288,0.02245924435555935,2.019418716430664,1.9818965196609497, Because$ was$ black$ player$ He
