norm_suff_mean,random_suff_mean,norm_comp_mean,random_comp_mean,final suff,final comp,target_tokens
0.0011959957191720605,0.00032288319198414683,0.021132802590727806,0.012924904003739357,3.7041127681732178,10.806814193725586, Because$ was$ black$ player$ He
