target_pos,target_token,norm_suff,random_suff,norm_comp,random_comp
67, Mary,0.006976749747991562,0.0,0.008290290832519531,0.016052644699811935
69, so,0.051561128348112106,0.04591458663344383,0.03892207890748978,0.022167103365063667
71, that,0.10129609704017639,0.13988715410232544,0.009627597406506538,0.014556936919689178
73, didn,0.002250728430226445,0.006131970323622227,0.00997224822640419,0.03692103549838066
75, want,0.0,0.0,0.010720965452492237,0.008252615109086037
