target_pos,target_token,norm_suff,random_suff,norm_comp,random_comp
67, Mary,0.02713918872177601,0.009233957156538963,0.02287822775542736,0.06120021268725395
69, so,0.03829286992549896,0.030125757679343224,0.07952803373336792,0.011674579232931137
71, that,0.2116030603647232,0.0740770548582077,0.01524987444281578,0.012912712059915066
73, didn,0.009272335097193718,0.007760476320981979,0.008160379715263844,0.04251217097043991
75, want,0.0,0.0,0.016849910840392113,0.01019421685487032
