norm_suff_mean,random_suff_mean,norm_comp_mean,random_comp_mean,final suff,final comp,target_tokens
0.0324169397354126,0.038386743515729904,0.015506635420024395,0.019590068608522415,0.8444826602935791,0.6043158173561096, Mary$ so$ that$ didn$ want
