norm_suff_mean,random_suff_mean,norm_comp_mean,random_comp_mean,final suff,final comp,target_tokens
0.05726149305701256,0.024239450693130493,0.02853328548371792,0.027698779478669167,2.3623263835906982,0.48372435569763184, Mary$ so$ that$ didn$ want
