target_pos,target_token,norm_suff,random_suff,norm_comp,random_comp
56, Because,4.9112350097857416e-05,0.0,0.043825697153806686,0.025142928585410118
58, wanted,0.0,0.0,0.013743930496275425,0.0062692672945559025
60, show,0.0,0.0,0.010080315172672272,0.008876984007656574
62, they,0.0,0.0,0.012466970831155777,0.016816504299640656
64, not,0.0,0.0,0.012807647697627544,0.011847294867038727
