target_pos,target_token,norm_suff,random_suff,norm_comp,random_comp
56, Because,0.0067445505410432816,0.00412079319357872,0.03688213974237442,0.04875378683209419
58, wanted,0.0,0.0,0.007330689113587141,0.007227986119687557
60, show,0.0,0.0,0.010947644710540771,0.009169993922114372
62, they,0.0,0.0,0.024113064631819725,0.015147569589316845
64, not,0.0,0.010623263195157051,0.008124700747430325,0.0765044316649437
