norm_suff_mean,random_suff_mean,norm_comp_mean,random_comp_mean,final suff,final comp,target_tokens
0.001348910154774785,0.0029488112777471542,0.01747964881360531,0.03136075660586357,0.4574420154094696,23.248958587646484, Because$ wanted$ show$ they$ not
