target_pos,target_token,norm_suff,random_suff,norm_comp,random_comp
54, Martha,0.02306542731821537,0.005390693433582783,0.04448257014155388,0.048565659672021866
56, boyfriend,0.0,0.0,0.016445711255073547,0.010188626125454903
58, really,0.0,0.0,0.010970977135002613,0.010564182884991169
60, Dungeons,0.0,0.0,0.0039075817912817,0.0028321347199380398
62, Dragons,0.00021627845126204193,0.0,0.002253769664093852,0.0016752817900851369
