target_pos,target_token,norm_suff,random_suff,norm_comp,random_comp
54, Martha,0.0,0.0008595321560278535,0.07091829925775528,0.07169152051210403
56, boyfriend,0.0,0.0,0.01557133812457323,0.014296761713922024
58, really,0.00036169265513308346,0.0,0.009475795552134514,0.006753473076969385
60, Dungeons,0.0,5.143547969055362e-05,0.0035005309619009495,0.02418963983654976
62, Dragons,0.0,1.9113256257696776e-06,0.00183687184471637,0.0011647758074104786
