norm_suff_mean,random_suff_mean,norm_comp_mean,random_comp_mean,final suff,final comp,target_tokens
7.233853102661669e-05,0.00018257579358760267,0.02026056870818138,0.023619234561920166,0.3962109684944153,326.5097351074219, Martha$ boyfriend$ really$ Dungeons$ Dragons
