norm_suff_mean,random_suff_mean,norm_comp_mean,random_comp_mean,final suff,final comp,target_tokens
0.004656341392546892,0.001078138709999621,0.015612122602760792,0.014765175990760326,4.318870544433594,3.1709823608398438, Martha$ boyfriend$ really$ Dungeons$ Dragons
