target_pos,target_token,norm_suff,random_suff,norm_comp,random_comp
43, She,0.009323621168732643,0.0,0.024601062759757042,0.06470577418804169
45, learning,0.00041129838791675866,0.0005592946545220912,0.014549869112670422,0.02102326974272728
47, draw,0.0001739560830174014,0.0,0.001449880306608975,0.001310469233430922
49, face,0.0,0.0,0.00250285305082798,0.0027363665867596865
51, She,0.0009403511648997664,0.003303193487226963,0.01274292916059494,0.010124190710484982
