target_pos,target_token,norm_suff,random_suff,norm_comp,random_comp
43, She,0.007735666818916798,0.0,0.0511164590716362,0.0460253469645977
45, learning,0.0,0.0,0.03280622512102127,0.011181715875864029
47, draw,0.0,0.0,0.00816487055271864,0.0009215028840117157
49, face,0.0,0.0,0.001361763570457697,0.0014437299687415361
51, She,0.0007232403731904924,0.00040589223499409854,0.008082205429673195,0.011551485396921635
