norm_suff_mean,random_suff_mean,norm_comp_mean,random_comp_mean,final suff,final comp,target_tokens
0.0016917813336476684,8.117844845401123e-05,0.020306304097175598,0.014224755577743053,20.84027671813965,8.40815258026123, She$ learning$ draw$ face$ She
