norm_suff_mean,random_suff_mean,norm_comp_mean,random_comp_mean,final suff,final comp,target_tokens
0.0021698453929275274,0.0007724976167082787,0.011169319972395897,0.019980015233159065,2.8088700771331787,9.208036422729492, She$ learning$ draw$ face$ She
