target_pos,target_token,norm_suff,random_suff,norm_comp,random_comp
56, Because,0.0,0.001195378485135734,0.036537010222673416,0.026140807196497917
58, was,0.0,0.0,0.045567091554403305,0.015799619257450104
60, of,0.0,0.0,0.017255499958992004,0.010418142192065716
62,.,0.0,0.0,0.01203039288520813,0.010385869070887566
64, was,0.003119575558230281,0.003998275846242905,0.006554823834449053,0.07120218873023987
