target_pos,target_token,norm_suff,random_suff,norm_comp,random_comp
56, Because,0.0005478712846525013,0.0,0.042408574372529984,0.027875471860170364
58, was,0.0,0.0,0.023218510672450066,0.012462601065635681
60, of,0.001593405962921679,0.0,0.020295748487114906,0.028971785679459572
62,.,0.0,0.0,0.013352969661355019,0.014376708306372166
64, was,0.0005434887716546655,0.0,0.00871994998306036,0.007384395692497492
