norm_suff_mean,random_suff_mean,norm_comp_mean,random_comp_mean,final suff,final comp,target_tokens
0.0006239151116460562,0.0010387309594079852,0.023588964715600014,0.02678932622075081,0.6006513237953186,42.93745422363281, Because$ was$ of$.$ was
