target_pos,target_token,norm_suff,random_suff,norm_comp,random_comp
50, She,0.0,0.004789229016751051,0.011821015737950802,0.024983569979667664
52, to,0.0,0.0,0.005783889442682266,0.014457338489592075
54, her,0.0,0.0,0.06578976660966873,0.02050463855266571
56, walls,0.0,0.0,0.01749175786972046,0.018248150125145912
58, She,0.0,0.02170858159661293,0.010470451787114143,0.038053613156080246
