target_pos,target_token,norm_suff,random_suff,norm_comp,random_comp
50, She,0.0075986054725945,0.006701986771076918,0.020886681973934174,0.008817293681204319
52, to,0.0015303781256079674,0.0,0.010993008501827717,0.009435132145881653
54, her,0.0,0.0,0.02286624163389206,0.008417011238634586
56, walls,0.0,0.0,0.007409452460706234,0.008881243877112865
58, She,0.0019105100072920322,0.024323521181941032,0.01154061034321785,0.018071990460157394
