norm_suff_mean,random_suff_mean,norm_comp_mean,random_comp_mean,final suff,final comp,target_tokens
0.0022078987676650286,0.00620510196313262,0.014739199541509151,0.010724534280598164,0.3558199107646942,4.857348918914795, She$ to$ her$ walls$ She
