target_pos,target_token,norm_suff,random_suff,norm_comp,random_comp
63, Because,0.0,0.0,0.05926220491528511,0.022691262885928154
65, was,0.0,0.0,0.03230516240000725,0.01229256484657526
67,!,0.0,0.0,0.015462899580597878,0.011924846097826958
69, was,0.0,0.0028719885740429163,0.009136999025940895,0.007230854593217373
71, hungry,0.0,0.003591907676309347,0.015960440039634705,0.013803851790726185
