target_pos,target_token,norm_suff,random_suff,norm_comp,random_comp
63, Because,0.007570876274257898,0.0,0.018528152257204056,0.05011848360300064
65, was,0.0,0.0,0.019109167158603668,0.033883389085531235
67,!,0.0,0.0,0.02309790439903736,0.016977591440081596
69, was,0.0,0.0,0.009474711492657661,0.008232370018959045
71, hungry,0.011766533367335796,0.00793580710887909,0.005773489363491535,0.013522385619580746
