norm_suff_mean,random_suff_mean,norm_comp_mean,random_comp_mean,final suff,final comp,target_tokens
0.003867482068017125,0.0015871614450588822,0.015196683816611767,0.024546844884753227,2.4367289543151855,6.346983432769775, Because$ was$!$ was$ hungry
