target_pos,target_token,norm_suff,random_suff,norm_comp,random_comp
51, She,0.007504240144044161,0.0,0.016515465453267097,0.023121783509850502
53, in,0.0,0.0,0.01000610925257206,0.014940345659852028
55, relationship,0.0,0.0,0.01522854994982481,0.013958762399852276
57, a,0.0,0.0,0.012140829116106033,0.07922845333814621
59,.,0.0,0.0,0.013111168518662453,0.016845528036355972
