target_pos,target_token,norm_suff,random_suff,norm_comp,random_comp
51, She,0.011353661306202412,0.0,0.01987258903682232,0.01249178871512413
53, in,0.0,0.0,0.008491368032991886,0.05878361687064171
55, relationship,0.0,0.0,0.0084762591868639,0.011652229353785515
57, a,0.0,0.0018247406696900725,0.010488257743418217,0.023016231134533882
59,.,0.0,0.0,0.012313381768763065,0.03462448716163635
