norm_suff_mean,random_suff_mean,norm_comp_mean,random_comp_mean,final suff,final comp,target_tokens
0.002270732307806611,0.0003649481514003128,0.011928371153771877,0.02811366878449917,6.2220683097839355,12.380882263183594, She$ in$ relationship$ a$.
