target_pos,target_token,norm_suff,random_suff,norm_comp,random_comp
56, I,0.0,0.0,0.00865393690764904,0.008456507697701454
58,'t,0.0,0.000191321931197308,0.00033095412072725594,0.00020398650667630136
60,.,0.0,0.0,0.06105542555451393,0.00889063160866499
62, was,0.0,0.0,0.008033237420022488,0.0472368523478508
64, like,0.0,0.0,0.009899435564875603,0.012001041322946548
