target_pos,target_token,norm_suff,random_suff,norm_comp,random_comp
56, I,0.0,0.011813431978225708,0.009015067480504513,0.008482036180794239
58,'t,0.00014706938236486167,0.0,7.202505366876721e-05,0.00015815954247955233
60,.,0.0,0.0,0.01484351884573698,0.009310281835496426
62, was,0.0,1.3172963917895686e-05,0.007835173979401588,0.016105199232697487
64, like,0.0,0.0,0.01229939330369234,0.006683831103146076
