norm_suff_mean,random_suff_mean,norm_comp_mean,random_comp_mean,final suff,final comp,target_tokens
2.9413877200568095e-05,0.002365320920944214,0.008813035674393177,0.008147901855409145,0.012435469776391983,277.0087585449219, I$'t$.$ was$ like
