target_pos,target_token,norm_suff,random_suff,norm_comp,random_comp
48, Because,0.0,0.0006641244399361312,0.011574927717447281,0.015424110926687717
50, was,0.0,0.0,0.0218863096088171,0.09458639472723007
52, working,0.0,0.0,0.010792117565870285,0.01686810702085495
54, his,0.0,0.0,0.045393895357847214,0.01103459857404232
56,.,0.0,0.0,0.012088141404092312,0.06160883605480194
