target_pos,target_token,norm_suff,random_suff,norm_comp,random_comp
48, Because,0.017638901248574257,0.003904026700183749,0.05830461531877518,0.05745081603527069
50, was,0.0,0.0,0.009578046388924122,0.034194834530353546
52, working,0.0,0.0,0.08124911785125732,0.032535698264837265
54, his,0.0,0.0006134267896413803,0.06703425943851471,0.010371270589530468
56,.,0.0,0.0,0.023604195564985275,0.012391380034387112
