norm_suff_mean,random_suff_mean,norm_comp_mean,random_comp_mean,final suff,final comp,target_tokens
0.00352778029628098,0.0009034907561726868,0.047954048961400986,0.029388800263404846,3.904611349105835,8.33067798614502, Because$ was$ working$ his$.
