target_pos,target_token,norm_suff,random_suff,norm_comp,random_comp
59, Because,0.030469225719571114,0.006498780567198992,0.024692164734005928,0.01367645151913166
61, was,0.0,0.0,0.005986246280372143,0.026478463783860207
63, ge,0.0,0.0,0.017321955412626266,0.02435404621064663
65,.,0.0,0.0,0.02465389296412468,0.08276128768920898
67, was,0.0,0.0,0.012527569197118282,0.008287789300084114
