target_pos,target_token,norm_suff,random_suff,norm_comp,random_comp
59, Because,0.02048203907907009,0.0,0.015670171007514,0.020240040495991707
61, was,0.0,0.0,0.00835494976490736,0.00619886489585042
63, ge,0.00022679855464957654,0.0,0.027079759165644646,0.016375022009015083
65,.,0.001963596325367689,0.0,0.008972027339041233,0.024839995428919792
67, was,0.0,0.0,0.03993716463446617,0.007723292801529169
