norm_suff_mean,random_suff_mean,norm_comp_mean,random_comp_mean,final suff,final comp,target_tokens
0.00609384523704648,0.0012997561134397984,0.01703636720776558,0.031111611053347588,4.68845272064209,5.105415344238281, Because$ was$ ge$.$ was
