target_pos,target_token,norm_suff,random_suff,norm_comp,random_comp
53, Because,0.0,0.008135199546813965,0.04662885144352913,0.011641387827694416
55, was,0.0,0.0,0.024033978581428528,0.008582382462918758
57, only,0.0,0.0,0.040891338139772415,0.015051585622131824
59, who,0.0,0.0,0.041253212839365005,0.012757093645632267
61, sit,0.0,0.0,0.011135873384773731,0.02870730310678482
