target_pos,target_token,norm_suff,random_suff,norm_comp,random_comp
53, Because,0.009441290982067585,0.0005656952271237969,0.012654871679842472,0.01131429336965084
55, was,0.0,0.0005644808406941593,0.06392158567905426,0.0667746439576149
57, only,0.00019641064864117652,0.0,0.008896861225366592,0.011130295693874359
59, who,0.0,0.0,0.009663127362728119,0.005762438289821148
61, sit,0.0,0.0008378007914870977,0.008449926972389221,0.01603102870285511
