norm_suff_mean,random_suff_mean,norm_comp_mean,random_comp_mean,final suff,final comp,target_tokens
0.0019275402883067727,0.0003935953718610108,0.020717276260256767,0.022202540189027786,4.897263526916504,11.518587112426758, Because$ was$ only$ who$ sit
