target_pos,target_token,norm_suff,random_suff,norm_comp,random_comp
64, Because,0.0058347019366919994,0.0,0.04785940796136856,0.014295295812189579
66, were,0.0,0.0,0.0342898927628994,0.0158688947558403
68, of,0.0,0.0578446239233017,0.012968504801392555,0.04588979110121727
70, barb,0.014900450594723225,0.017559116706252098,0.032104264944791794,0.017499735578894615
72,.,0.05976152420043945,0.0,0.010876910760998726,0.00807266030460596
