target_pos,target_token,norm_suff,random_suff,norm_comp,random_comp
64, Because,0.0,0.004080319311469793,0.009472008794546127,0.013547559268772602
66, were,0.0,0.0,0.024548428133130074,0.006606685929000378
68, of,0.0,0.0,0.010885954834520817,0.028233228251338005
70, barb,0.01885436289012432,0.0,0.021113447844982147,0.0362309068441391
72,.,0.2965846061706543,0.0983394905924797,0.048885777592659,0.020999299362301826
