norm_suff_mean,random_suff_mean,norm_comp_mean,random_comp_mean,final suff,final comp,target_tokens
0.016099335625767708,0.015080749057233334,0.027619797736406326,0.020325275138020515,1.0675421953201294,1.2624915838241577, Because$ were$ of$ barb$.
