norm_suff_mean,random_suff_mean,norm_comp_mean,random_comp_mean,final suff,final comp,target_tokens
0.06308779120445251,0.020483961328864098,0.022981123998761177,0.02112353779375553,3.0798628330230713,0.3348276615142822, Because$ were$ of$ barb$.
