suff,comp,random_suff,random_comp
0.13267196733518027,0.9006770377421667,0.07588124329247492,0.7869963845633423
