suff,comp,random_suff,random_comp
0.19539273646712774,0.9180841384557571,0.11587711997458788,0.8706229796341297
