suff,comp,random_suff,random_comp
0.0051432881040045396,0.007862645530054595,0.004698245776228496,0.007752387163887153
