suff,comp,random_suff,random_comp
0.09528188082466907,0.6869575331120218,0.02871137797729067,0.42016736768459917
