suff,comp,random_suff,random_comp
0.010488919292382456,8.330400776012284e-05,0.008851282692964348,7.910348847712132e-05
