suff,comp,random_suff,random_comp
0.13322777869083344,0.8748733940615485,0.05796033387703312,0.6856396370965233
