suff,comp,random_suff,random_comp
0.058143151381698156,0.4204804319243718,0.016908994921154347,0.26430938934493026
