suff,comp,random_suff,random_comp
0.004989841647666622,0.008068525143682389,0.005478444718615849,0.007575419739526866
