suff,comp,random_suff,random_comp
0.13322777869083344,0.8748733940615485,0.05602432853778558,0.6978671980400084
