suff,comp,random_suff,random_comp
0.1578814952040033,0.9059966244393393,0.09489792691928557,0.8266352603524194
