suff,comp,random_suff,random_comp
0.09528188082466907,0.6869575331120218,0.03426960868358354,0.4660046120477016
