suff,comp,random_suff,random_comp
0.13267196733518027,0.9006770377421667,0.07201864178164383,0.766816816145311
