suff,comp,random_suff,random_comp
0.058143151381698156,0.4204804319243718,0.01813837395722922,0.2978744134009757
