{
    "$schema": "../docs/rationalization.schema.json",
    "id": 4,
    "input-text": [
        "</s>",
        "When",
        " my",
        " flight",
        " landed",
        " in",
        " Russia",
        ",",
        " I",
        " converted",
        " my",
        " currency",
        " and",
        " slowly",
        " fell",
        " asleep",
        ".",
        " (",
        "I",
        " was",
        " behind",
        " on",
        " a",
        " couple",
        " of",
        " assignments",
        ",",
        " but",
        " I",
        " tried",
        " not",
        " to",
        " think",
        " about",
        " them",
        ").",
        " I",
        " was",
        " staying",
        " in",
        " the",
        " capital",
        ","
    ],
    "input-tokens": [
        2,
        1779,
        127,
        2524,
        5932,
        11,
        798,
        6,
        38,
        8417,
        127,
        2593,
        8,
        5764,
        1064,
        15028,
        4,
        36,
        100,
        21,
        639,
        15,
        10,
        891,
        9,
        21350,
        6,
        53,
        38,
        1381,
        45,
        7,
        206,
        59,
        106,
        322,
        38,
        21,
        4959,
        11,
        5,
        812,
        6
    ],
    "target-text": " Moscow",
    "target-token": 3467,
    "rational-size": 5,
    "rational-positions": [
        0,
        7,
        16,
        1,
        5
    ],
    "rational-text": [
        "</s>",
        ",",
        ".",
        "When",
        " in"
    ],
    "rational-tokens": [
        2,
        6,
        4,
        1779,
        11
    ],
    "importance-scores": [
        0.06077783927321434,
        0.02236263081431389,
        0.02236255630850792,
        0.022362517192959785,
        0.022362496703863144,
        0.02236255817115307,
        0.022362474352121353,
        0.022362664341926575,
        0.022362472489476204,
        0.02236245945096016,
        0.02236243337392807,
        0.02236243151128292,
        0.02236253209412098,
        0.022362416610121727,
        0.022362418472766876,
        0.022362422198057175,
        0.022362664341926575,
        0.022362418472766876,
        0.02236238680779934,
        0.02236238680779934,
        0.022362377494573593,
        0.02236238494515419,
        0.022362401708960533,
        0.022362371906638145,
        0.02236238121986389,
        0.022362371906638145,
        0.022362418472766876,
        0.022362379357218742,
        0.022362370043992996,
        0.022362371906638145,
        0.022362366318702698,
        0.02236238867044449,
        0.022362368181347847,
        0.02236236445605755,
        0.02236236445605755,
        0.022362420335412025,
        0.022362371906638145,
        0.022362371906638145,
        0.022362370043992996,
        0.022362379357218742,
        0.02236245386302471,
        0.02236235700547695,
        0.022362355142831802
    ],
    "comments": {
        "created-by": "run_analogies.py",
        "args": {
            "model": "facebook/opt-350m",
            "cache_dir": "./cache/",
            "tokenizer": "facebook/opt-350m",
            "data_dir": "data/analogies/OPT350M/",
            "importance_results_dir": "rationalization_results/analogies/OPT350M_attention_rollout",
            "device": "cuda",
            "rationalization_config": "config/eva_attention_rollout.json",
            "input_num_ratio": 1,
            "logfolder": "logs/analogies/OPT350M_attention_rollout",
            "loglevel": 20
        },
        "time_elapsed": 0.012773275375366211
    }
}