{
    "$schema": "../docs/rationalization.schema.json",
    "id": 7,
    "input-text": [
        "</s>",
        "As",
        " soon",
        " as",
        " I",
        " arrived",
        " in",
        " Oregon",
        ",",
        " I",
        " checked",
        " into",
        " my",
        " hotel",
        " and",
        " watched",
        " a",
        " movie",
        " before",
        " falling",
        " asleep",
        ".",
        " (",
        "I",
        " had",
        " a",
        " great",
        " call",
        " with",
        " my",
        " husband",
        ",",
        " although",
        " I",
        " wish",
        " it",
        " were",
        " longer",
        ").",
        " I",
        " was",
        " staying",
        " in",
        " my",
        " favorite",
        " city",
        ","
    ],
    "input-tokens": [
        2,
        1620,
        1010,
        25,
        38,
        2035,
        11,
        4316,
        6,
        38,
        7869,
        88,
        127,
        2303,
        8,
        3996,
        10,
        1569,
        137,
        3064,
        15028,
        4,
        36,
        100,
        56,
        10,
        372,
        486,
        19,
        127,
        1623,
        6,
        1712,
        38,
        2813,
        24,
        58,
        1181,
        322,
        38,
        21,
        4959,
        11,
        127,
        2674,
        343,
        6
    ],
    "target-text": " Portland",
    "target-token": 5926,
    "rational-size": 5,
    "rational-positions": [
        0,
        8,
        1,
        21,
        2
    ],
    "rational-text": [
        "</s>",
        ",",
        "As",
        ".",
        " soon"
    ],
    "rational-tokens": [
        2,
        6,
        1620,
        4,
        1010
    ],
    "importance-scores": [
        0.05578923597931862,
        0.0205264613032341,
        0.020526420325040817,
        0.02052638866007328,
        0.020526405423879623,
        0.020526394248008728,
        0.02052641473710537,
        0.020526358857750893,
        0.020526494830846786,
        0.020526355132460594,
        0.02052634209394455,
        0.020526336506009102,
        0.020526327192783356,
        0.02052631974220276,
        0.02052639052271843,
        0.020526323467493057,
        0.020526351407170296,
        0.020526302978396416,
        0.020526306703686714,
        0.020526299253106117,
        0.020526302978396416,
        0.020526451990008354,
        0.020526301115751266,
        0.020526286214590073,
        0.020526284351944923,
        0.02052628993988037,
        0.020526276901364326,
        0.020526276901364326,
        0.020526280626654625,
        0.020526276901364326,
        0.020526278764009476,
        0.02052629366517067,
        0.020526276901364326,
        0.020526275038719177,
        0.020526275038719177,
        0.020526275038719177,
        0.020526275038719177,
        0.02052627131342888,
        0.020526306703686714,
        0.020526278764009476,
        0.020526275038719177,
        0.020526275038719177,
        0.020526275038719177,
        0.02052627131342888,
        0.020526273176074028,
        0.02052627131342888,
        0.02052626945078373
    ],
    "comments": {
        "created-by": "run_analogies.py",
        "args": {
            "model": "facebook/opt-350m",
            "cache_dir": "./cache/",
            "tokenizer": "facebook/opt-350m",
            "data_dir": "data/analogies/OPT350M/",
            "importance_results_dir": "rationalization_results/analogies/OPT350M_attention_rollout",
            "device": "cuda",
            "rationalization_config": "config/eva_attention_rollout.json",
            "input_num_ratio": 1,
            "logfolder": "logs/analogies/OPT350M_attention_rollout",
            "loglevel": 20
        },
        "time_elapsed": 0.013724088668823242
    }
}