suff,comp,random_suff,random_comp
0.007352637368761628,0.10790534948275607,0.000662837721195093,0.0245413912030979
