suff,comp,random_suff,random_comp
0.04030145568466918,0.9275765235154827,0.022032141550927385,0.8564725918768963
