suff,comp,random_suff,random_comp
0.04030145568466918,0.9275765235154827,0.023829853193808696,0.8340834514426664
