suff,comp,random_suff,random_comp
0.04030145568466918,0.9275765235154827,0.020991939990570564,0.8472203539385206
