suff,comp,random_suff,random_comp
0.04030145568466918,0.9275765235154827,0.023987920817165394,0.8444395780585269
