suff,comp,random_suff,random_comp
0.04030145568466918,0.9275765235154827,0.024189260163377684,0.8584937188470814
