{
    "$schema": "../docs/rationalization.schema.json",
    "id": 15,
    "input-text": [
        "</s>",
        "I",
        " initially",
        " invited",
        " my",
        " boy",
        ",",
        " who",
        " gladly",
        " accepted",
        " my",
        " invitation",
        ".",
        " (",
        "My",
        " favorite",
        " song",
        " just",
        " came",
        " on",
        ",",
        " so",
        " I",
        " was",
        " able",
        " to",
        " relax",
        ").",
        " When",
        " I",
        " learned",
        " that",
        " women",
        " were",
        " allowed",
        ",",
        " I",
        " went",
        " ahead",
        " and",
        " also",
        " invited",
        " my"
    ],
    "input-tokens": [
        2,
        100,
        3225,
        4036,
        127,
        2143,
        6,
        54,
        36811,
        3903,
        127,
        10021,
        4,
        36,
        2387,
        2674,
        2214,
        95,
        376,
        15,
        6,
        98,
        38,
        21,
        441,
        7,
        12327,
        322,
        520,
        38,
        2435,
        14,
        390,
        58,
        1220,
        6,
        38,
        439,
        789,
        8,
        67,
        4036,
        127
    ],
    "target-text": " girl",
    "target-token": 1816,
    "rational-size": 5,
    "rational-positions": [
        0,
        41,
        5,
        42,
        27
    ],
    "rational-text": [
        "</s>",
        " invited",
        " boy",
        " my",
        ")."
    ],
    "rational-tokens": [
        2,
        4036,
        2143,
        127,
        322
    ],
    "importance-scores": [
        0.03866112604737282,
        0.022808147594332695,
        0.022719668224453926,
        0.022795571014285088,
        0.022834138944745064,
        0.023355092853307724,
        0.02302229031920433,
        0.02287101186811924,
        0.022723060101270676,
        0.022730518132448196,
        0.022771799936890602,
        0.022749174386262894,
        0.023131314665079117,
        0.02280103601515293,
        0.022784000262618065,
        0.022818922996520996,
        0.02274354174733162,
        0.02271527610719204,
        0.02270434983074665,
        0.022752245888113976,
        0.022828174754977226,
        0.022722959518432617,
        0.02273455262184143,
        0.022730529308319092,
        0.02270647883415222,
        0.022754838690161705,
        0.02272127941250801,
        0.023250402882695198,
        0.022834427654743195,
        0.022790776565670967,
        0.022786399349570274,
        0.022842610254883766,
        0.023041624575853348,
        0.02283509448170662,
        0.022814620286226273,
        0.023141227662563324,
        0.022996800020337105,
        0.022884869948029518,
        0.022844461724162102,
        0.02303534746170044,
        0.023062095046043396,
        0.023802202194929123,
        0.02334592118859291
    ],
    "comments": {
        "created-by": "run_analogies.py",
        "args": {
            "model": "facebook/opt-1.3b",
            "cache_dir": "./cache/",
            "tokenizer": "facebook/opt-1.3b",
            "data_dir": "data/analogies/OPT1B/",
            "importance_results_dir": "rationalization_results/analogies/OPT1B_attention",
            "device": "cuda",
            "rationalization_config": "config/eva_attention.json",
            "input_num_ratio": 1,
            "logfolder": "logs/analogies/OPT1B_attention",
            "loglevel": 20
        },
        "time_elapsed": 0.021232128143310547
    }
}