{
    "$schema": "../docs/rationalization.schema.json",
    "id": 32,
    "input-text": [
        "</s>",
        "Although",
        " I",
        " wrote",
        " yesterday",
        ",",
        " I",
        " had",
        " a",
        " million",
        " things",
        " to",
        " do",
        " today",
        ".",
        " (",
        "I",
        " suddenly",
        " felt",
        " a",
        " pin",
        "ched",
        " nerve",
        ",",
        " so",
        " I",
        " made",
        " a",
        " mental",
        " note",
        " to",
        " get",
        " that",
        " checked",
        " out",
        ").",
        " So",
        " today",
        " I",
        " wouldn",
        "'t",
        " have",
        " time",
        " to",
        " do",
        " any",
        " more"
    ],
    "input-tokens": [
        2,
        13863,
        38,
        875,
        2350,
        6,
        38,
        56,
        10,
        153,
        383,
        7,
        109,
        452,
        4,
        36,
        100,
        6017,
        1299,
        10,
        7756,
        3804,
        10387,
        6,
        98,
        38,
        156,
        10,
        2536,
        1591,
        7,
        120,
        14,
        7869,
        66,
        322,
        407,
        452,
        38,
        1979,
        75,
        33,
        86,
        7,
        109,
        143,
        55
    ],
    "target-text": " writing",
    "target-token": 2410,
    "rational-size": 1,
    "rational-positions": [
        45
    ],
    "rational-text": [
        " any"
    ],
    "rational-tokens": [
        143
    ],
    "importance-scores": [
        0.0,
        3.749614193956898e-27,
        1.75139054327993e-14,
        0.0,
        0.0,
        0.0,
        0.0,
        1.401298464324817e-45,
        0.0,
        0.0,
        6.341306324118592e-21,
        3.0930580743348822e-40,
        6.197180337851472e-27,
        1.0824885151736167e-21,
        5.783066700770946e-34,
        1.195307590069069e-42,
        0.0,
        0.0,
        0.0,
        1.5960856294989537e-26,
        0.0,
        7.187496485739589e-16,
        0.0,
        0.0,
        6.486055531926298e-17,
        6.421885325217936e-28,
        0.0,
        3.6466940384727994e-27,
        8.043608481835777e-21,
        1.1012524371435872e-40,
        9.795250026640048e-39,
        0.0,
        7.862491519411332e-37,
        5.735810107052306e-26,
        7.2241433075890455e-22,
        0.0,
        4.731737801599335e-19,
        1.5414283107572988e-44,
        0.0,
        0.0,
        3.3094605961805637e-40,
        4.4402309578123144e-32,
        2.2561015555755404e-12,
        0.0,
        3.8466124230107965e-26,
        1.0,
        0.0
    ],
    "comments": {
        "created-by": "run_analogies.py",
        "args": {
            "model": "KoboldAI/OPT-6.7B-Erebus",
            "cache_dir": "cache/",
            "tokenizer": "KoboldAI/OPT-6.7B-Erebus",
            "data_dir": "data/analogies/OPT6B/",
            "importance_results_dir": "rationalization_results/analogies/OPT6B_ours",
            "device": "cuda",
            "rationalization_config": "config/aggregation.replacing_delta_prob.postag.json",
            "input_num_ratio": 1.0,
            "logfile": "logs/analogies/OPT6B_ours_extracting.log",
            "loglevel": 20
        },
        "time_elapsed": 2421.20365524292,
        "separate_rational": [
            [
                " any",
                " time",
                " I",
                "ched",
                " so"
            ],
            [
                " any",
                " wrote",
                "ched",
                " a",
                " more"
            ],
            [
                ",",
                " so",
                " do",
                " had",
                " I"
            ],
            [
                " mental",
                " time",
                " a",
                " to",
                " any"
            ],
            [
                " any",
                " get",
                " I",
                " a",
                " do"
            ]
        ]
    }
}