suff,comp,random_suff,random_comp
0.07167719013596116,0.8712644431577651,0.07177007892952679,0.7789199266369052
