suff,comp,random_suff,random_comp
0.07167719013596116,0.8712644431577651,0.07554596718042084,0.7972545098918955
