suff,comp,random_suff,random_comp
0.10931643597188423,0.8994012308045558,0.09175744842303284,0.8346151539546731
