suff,comp,random_suff,random_comp
0.006363745408163289,0.001198016715176322,0.009474258269449438,7.118961621580322e-05
