suff,comp,random_suff,random_comp
0.026850925059274198,0.7663661578532542,0.03251156703897064,0.45733776322325403
