suff,comp,random_suff,random_comp
0.15307040472232522,0.9138948403744669,0.12370522774276177,0.8718424005646419
