suff,comp,random_suff,random_comp
0.053694202713845125,0.8196545596805805,0.056863355975989294,0.6834257381489505
