suff,comp,random_suff,random_comp
0.002833819913792227,0.028170333816729384,0.005028712769527996,0.008040058004480006
