suff,comp,random_suff,random_comp
0.0025421762042765754,0.025839948131409288,0.0054716603130297884,0.008078191157701933
