suff,comp,random_suff,random_comp
0.009040025398495655,0.6919970747513112,0.01638188066414176,0.3060064949341981
