suff,comp,random_suff,random_comp
0.009040025398495655,0.6919970747513112,0.02293194664361482,0.2668417750353573
