suff,comp,random_suff,random_comp
0.026850925059274198,0.7663661578532542,0.03142743158944612,0.4479247343082168
