suff,comp,random_suff,random_comp
0.053694202713845125,0.8196545596805805,0.05504041359979607,0.6938121985363216
