{
    "$schema": "../docs/rationalization.schema.json",
    "id": 10,
    "input-text": [
        "When",
        " my",
        " flight",
        " landed",
        " in",
        " Afghanistan",
        ",",
        " I",
        " converted",
        " my",
        " currency",
        " and",
        " slowly",
        " fell",
        " asleep",
        ".",
        " (",
        "I",
        " had",
        " a",
        " terrifying",
        " dream",
        " about",
        " my",
        " grandmother",
        ",",
        " but",
        " that",
        "'s",
        " a",
        " story",
        " for",
        " another",
        " time",
        ").",
        " I",
        " was",
        " staying",
        " in",
        " the",
        " capital",
        ","
    ],
    "input-tokens": [
        2215,
        616,
        5474,
        11406,
        287,
        8037,
        11,
        314,
        11513,
        616,
        7395,
        290,
        6364,
        3214,
        16039,
        13,
        357,
        40,
        550,
        257,
        17623,
        4320,
        546,
        616,
        18410,
        11,
        475,
        326,
        338,
        257,
        1621,
        329,
        1194,
        640,
        737,
        314,
        373,
        10589,
        287,
        262,
        3139,
        11
    ],
    "target-text": " Kabul",
    "target-token": 34753,
    "rational-size": 5,
    "rational-positions": [
        0,
        40,
        41,
        5,
        37
    ],
    "rational-text": [
        "When",
        " capital",
        ",",
        " Afghanistan",
        " staying"
    ],
    "rational-tokens": [
        2215,
        3139,
        11,
        8037,
        10589
    ],
    "importance-scores": [
        0.03813837841153145,
        0.02330770716071129,
        0.023301970213651657,
        0.023318622261285782,
        0.023382553830742836,
        0.02420811913907528,
        0.02338523417711258,
        0.02333260513842106,
        0.023279381915926933,
        0.023258261382579803,
        0.023274194449186325,
        0.02328341268002987,
        0.023256098851561546,
        0.023250887170433998,
        0.023292871192097664,
        0.02347893826663494,
        0.023306434974074364,
        0.02325546368956566,
        0.023249415680766106,
        0.02324516512453556,
        0.023255476728081703,
        0.023274851962924004,
        0.023267587646842003,
        0.02323678322136402,
        0.02328571490943432,
        0.023297302424907684,
        0.023293107748031616,
        0.023254891857504845,
        0.023244790732860565,
        0.023245856165885925,
        0.023246360942721367,
        0.023254578933119774,
        0.023263070732355118,
        0.023251179605722427,
        0.023767760023474693,
        0.023644382134079933,
        0.023757385089993477,
        0.02393297664821148,
        0.023882810026407242,
        0.02379491552710533,
        0.025304263457655907,
        0.02443823777139187
    ],
    "comments": {
        "created-by": "run_analogies.py",
        "args": {
            "model": "gpt2-medium",
            "cache_dir": null,
            "tokenizer": "gpt2-medium",
            "data_dir": "data/analogies/gpt2/",
            "importance_results_dir": "rationalization_results/analogies/gpt2-medium_all_attention",
            "device": "cuda",
            "rationalization_config": "config/gpt2-medium_all_attention.json",
            "input_num_ratio": 1,
            "logfile": "logs/analogies/gpt2-medium_all_attention_extracting.log",
            "loglevel": 20
        },
        "time_elapsed": 0.013344526290893555
    }
}