{
    "$schema": "../docs/rationalization.schema.json",
    "id": 154,
    "input-text": [
        "I",
        " really",
        " wanted",
        " to",
        " buy",
        " the",
        " machine",
        ",",
        " more",
        " than",
        " I",
        " ever",
        " wanted",
        " to",
        " buy",
        " anything",
        " before",
        ".",
        " (",
        "I",
        " was",
        " also",
        " behind",
        " on",
        " my",
        " homework",
        ",",
        " but",
        " that",
        "'s",
        " another",
        " story",
        ").",
        " So",
        " I",
        " went",
        " to",
        " the",
        " store",
        " and",
        " asked",
        " if",
        " they",
        " had",
        " any"
    ],
    "input-tokens": [
        40,
        1107,
        2227,
        284,
        2822,
        262,
        4572,
        11,
        517,
        621,
        314,
        1683,
        2227,
        284,
        2822,
        1997,
        878,
        13,
        357,
        40,
        373,
        635,
        2157,
        319,
        616,
        26131,
        11,
        475,
        326,
        338,
        1194,
        1621,
        737,
        1406,
        314,
        1816,
        284,
        262,
        3650,
        290,
        1965,
        611,
        484,
        550,
        597
    ],
    "target-text": " machines",
    "target-token": 8217,
    "rational-size": 5,
    "rational-positions": [
        0,
        43,
        44,
        42,
        41
    ],
    "rational-text": [
        "I",
        " had",
        " any",
        " they",
        " if"
    ],
    "rational-tokens": [
        40,
        550,
        597,
        484,
        611
    ],
    "importance-scores": [
        0.035740915685892105,
        0.02175872027873993,
        0.021769408136606216,
        0.021753501147031784,
        0.021918557584285736,
        0.021929869428277016,
        0.0225249994546175,
        0.021886814385652542,
        0.021733447909355164,
        0.02173202484846115,
        0.021718641743063927,
        0.021717142313718796,
        0.021731970831751823,
        0.021727893501520157,
        0.02176508493721485,
        0.021789822727441788,
        0.021762002259492874,
        0.021928081288933754,
        0.02176668308675289,
        0.021730275824666023,
        0.02172459289431572,
        0.021734483540058136,
        0.021735450252890587,
        0.021766891703009605,
        0.02173157036304474,
        0.021851366385817528,
        0.02178799919784069,
        0.021757012233138084,
        0.02173178270459175,
        0.021723825484514236,
        0.021729327738285065,
        0.02174791321158409,
        0.02201838791370392,
        0.021848997101187706,
        0.02184269391000271,
        0.021837996318936348,
        0.021886395290493965,
        0.021893778815865517,
        0.022137798368930817,
        0.02204870618879795,
        0.02224176563322544,
        0.02254623919725418,
        0.022566664963960648,
        0.02310146763920784,
        0.022621093317866325
    ],
    "comments": {
        "created-by": "run_analogies.py",
        "args": {
            "model": "gpt2-medium",
            "cache_dir": null,
            "tokenizer": "gpt2-medium",
            "data_dir": "data/analogies/gpt2/",
            "importance_results_dir": "rationalization_results/analogies/gpt2-medium_all_attention",
            "device": "cuda",
            "rationalization_config": "config/gpt2-medium_all_attention.json",
            "input_num_ratio": 1,
            "logfile": "logs/analogies/gpt2-medium_all_attention_extracting.log",
            "loglevel": 20
        },
        "time_elapsed": 0.013901710510253906
    }
}