{
    "$schema": "../docs/rationalization.schema.json",
    "id": 95,
    "input-text": [
        "I",
        " knew",
        " it",
        " was",
        " tall",
        ",",
        " but",
        " that",
        "'s",
        " before",
        " I",
        " saw",
        " it",
        " in",
        " person",
        ".",
        " (",
        "Just",
        " then",
        " I",
        " thought",
        " about",
        " my",
        " ex",
        "-",
        "wife",
        ",",
        " but",
        " I",
        " had",
        " to",
        " stop",
        " thinking",
        " about",
        " her",
        ").",
        " When",
        " I",
        " did",
        " end",
        " up",
        " seeing",
        " it",
        " in",
        " person",
        ",",
        " it",
        " was",
        " even"
    ],
    "input-tokens": [
        40,
        2993,
        340,
        373,
        7331,
        11,
        475,
        326,
        338,
        878,
        314,
        2497,
        340,
        287,
        1048,
        13,
        357,
        5703,
        788,
        314,
        1807,
        546,
        616,
        409,
        12,
        22095,
        11,
        475,
        314,
        550,
        284,
        2245,
        3612,
        546,
        607,
        737,
        1649,
        314,
        750,
        886,
        510,
        4379,
        340,
        287,
        1048,
        11,
        340,
        373,
        772
    ],
    "target-text": " taller",
    "target-token": 25242,
    "rational-size": 5,
    "rational-positions": [
        0,
        47,
        46,
        4,
        45
    ],
    "rational-text": [
        "I",
        " was",
        " it",
        " tall",
        ","
    ],
    "rational-tokens": [
        40,
        373,
        340,
        7331,
        11
    ],
    "importance-scores": [
        0.033341288566589355,
        0.020064566284418106,
        0.020022984594106674,
        0.02003246173262596,
        0.020747613161802292,
        0.02021963521838188,
        0.02009713277220726,
        0.020033353939652443,
        0.020003855228424072,
        0.020047878846526146,
        0.02000259794294834,
        0.020040132105350494,
        0.020053979009389877,
        0.020032968372106552,
        0.020040487870573997,
        0.020180799067020416,
        0.02003445103764534,
        0.02000405639410019,
        0.02001379430294037,
        0.019998909905552864,
        0.019998488947749138,
        0.020014967769384384,
        0.020000610500574112,
        0.019992362707853317,
        0.01998661458492279,
        0.019996002316474915,
        0.020023077726364136,
        0.02002657763659954,
        0.01998913660645485,
        0.020002886652946472,
        0.01999995857477188,
        0.01999318227171898,
        0.019997702911496162,
        0.020000962540507317,
        0.01998727023601532,
        0.020305057987570763,
        0.020258808508515358,
        0.020064426586031914,
        0.020089726895093918,
        0.02009221725165844,
        0.020122742280364037,
        0.020185215398669243,
        0.02028292790055275,
        0.02016337402164936,
        0.02018905244767666,
        0.020611297339200974,
        0.020775804296135902,
        0.021272767335176468,
        0.020563848316669464
    ],
    "comments": {
        "created-by": "run_analogies.py",
        "args": {
            "model": "gpt2-medium",
            "cache_dir": null,
            "tokenizer": "gpt2-medium",
            "data_dir": "data/analogies/gpt2/",
            "importance_results_dir": "rationalization_results/analogies/gpt2-medium_all_attention",
            "device": "cuda",
            "rationalization_config": "config/gpt2-medium_all_attention.json",
            "input_num_ratio": 1,
            "logfile": "logs/analogies/gpt2-medium_all_attention_extracting.log",
            "loglevel": 20
        },
        "time_elapsed": 0.014130592346191406
    }
}