{
    "$schema": "../docs/rationalization.schema.json",
    "id": 100,
    "input-text": [
        "I",
        " thought",
        " it",
        " would",
        " be",
        " the",
        " darkest",
        " thing",
        " I",
        "'d",
        " ever",
        " encounter",
        ".",
        " (",
        "I",
        " tried",
        " to",
        " ignore",
        " my",
        " phone",
        " vibr",
        "ating",
        " in",
        " my",
        " pocket",
        ").",
        " But",
        " when",
        " I",
        " did",
        " end",
        " up",
        " encountering",
        " it",
        ",",
        " it",
        " turned",
        " out",
        " it",
        " wasn",
        "'t",
        " so"
    ],
    "input-tokens": [
        40,
        1807,
        340,
        561,
        307,
        262,
        35995,
        1517,
        314,
        1549,
        1683,
        8791,
        13,
        357,
        40,
        3088,
        284,
        8856,
        616,
        3072,
        12611,
        803,
        287,
        616,
        10000,
        737,
        887,
        618,
        314,
        750,
        886,
        510,
        42398,
        340,
        11,
        340,
        2900,
        503,
        340,
        2492,
        470,
        523
    ],
    "target-text": " dark",
    "target-token": 3223,
    "rational-size": 5,
    "rational-positions": [
        6,
        32,
        12,
        41,
        5
    ],
    "rational-text": [
        " darkest",
        " encountering",
        ".",
        " so",
        " the"
    ],
    "rational-tokens": [
        35995,
        42398,
        13,
        523,
        262
    ],
    "importance-scores": [
        0.03697756305336952,
        0.031824883073568344,
        0.024424755945801735,
        0.026944775134325027,
        0.02535611018538475,
        0.042272619903087616,
        0.29261887073516846,
        0.012958591803908348,
        0.005999433808028698,
        0.007153641432523727,
        0.006757993716746569,
        0.029941165819764137,
        0.055424463003873825,
        0.011370740830898285,
        0.005945583805441856,
        0.008299819193780422,
        0.00660395622253418,
        0.014598681591451168,
        0.004506903234869242,
        0.024343907833099365,
        0.03485836088657379,
        0.00388944149017334,
        0.005554748233407736,
        0.0059372428804636,
        0.01307905837893486,
        0.014074831269681454,
        0.0077710640616714954,
        0.005234774202108383,
        0.005209452472627163,
        0.006791556719690561,
        0.009763175621628761,
        0.00452585332095623,
        0.056138165295124054,
        0.011189525946974754,
        0.00743649760261178,
        0.005788879469037056,
        0.012035975232720375,
        0.010508541949093342,
        0.005558861419558525,
        0.03479822352528572,
        0.015980657190084457,
        0.049550630152225494
    ],
    "comments": {
        "created-by": "run_analogies.py",
        "args": {
            "model": "gpt2-medium",
            "cache_dir": "./cache/",
            "tokenizer": "gpt2-medium",
            "data_dir": "data/analogies/gpt2/",
            "importance_results_dir": "rationalization_results/analogies/gpt2_input_x_gradient",
            "device": "cuda",
            "rationalization_config": "config/eva_input_x_gradient.json",
            "input_num_ratio": 1,
            "logfolder": "logs/analogies/gpt2_input_x_gradient",
            "loglevel": 20
        },
        "time_elapsed": 0.08944272994995117
    }
}