{
    "$schema": "../docs/rationalization.schema.json",
    "id": 11,
    "input-text": [
        "When",
        " my",
        " flight",
        " landed",
        " in",
        " England",
        ",",
        " I",
        " converted",
        " my",
        " currency",
        " and",
        " slowly",
        " fell",
        " asleep",
        ".",
        " (",
        "I",
        " had",
        " a",
        " terrifying",
        " dream",
        " about",
        " my",
        " grandmother",
        ",",
        " but",
        " that",
        "'s",
        " a",
        " story",
        " for",
        " another",
        " time",
        ").",
        " I",
        " was",
        " staying",
        " in",
        " the",
        " capital",
        ","
    ],
    "input-tokens": [
        2215,
        616,
        5474,
        11406,
        287,
        4492,
        11,
        314,
        11513,
        616,
        7395,
        290,
        6364,
        3214,
        16039,
        13,
        357,
        40,
        550,
        257,
        17623,
        4320,
        546,
        616,
        18410,
        11,
        475,
        326,
        338,
        257,
        1621,
        329,
        1194,
        640,
        737,
        314,
        373,
        10589,
        287,
        262,
        3139,
        11
    ],
    "target-text": " London",
    "target-token": 3576,
    "rational-size": 5,
    "rational-positions": [
        40,
        5,
        10,
        37,
        2
    ],
    "rational-text": [
        " capital",
        " England",
        " currency",
        " staying",
        " flight"
    ],
    "rational-tokens": [
        3139,
        4492,
        7395,
        10589,
        5474
    ],
    "importance-scores": [
        0.0316966213285923,
        0.0226916316896677,
        0.050505537539720535,
        0.033126264810562134,
        0.027208486571907997,
        0.08446633815765381,
        0.013593057170510292,
        0.012767698615789413,
        0.02652440033853054,
        0.01135335024446249,
        0.07221148163080215,
        0.011118553578853607,
        0.014656326733529568,
        0.009725647047162056,
        0.029769547283649445,
        0.015609560534358025,
        0.02185807004570961,
        0.007570912595838308,
        0.006590459030121565,
        0.008622528985142708,
        0.03492669016122818,
        0.017316102981567383,
        0.006666439585387707,
        0.009722060523927212,
        0.025654267519712448,
        0.0066200983710587025,
        0.006694081239402294,
        0.007483787834644318,
        0.00869977567344904,
        0.005406917538493872,
        0.015467449091374874,
        0.006312379613518715,
        0.005143072456121445,
        0.00907252635806799,
        0.020526103675365448,
        0.012646458111703396,
        0.012763532809913158,
        0.05508173257112503,
        0.014198471792042255,
        0.01103963516652584,
        0.15406979620456696,
        0.042822111397981644
    ],
    "comments": {
        "created-by": "run_analogies.py",
        "args": {
            "model": "gpt2-medium",
            "cache_dir": "./cache/",
            "tokenizer": "gpt2-medium",
            "data_dir": "data/analogies/gpt2/",
            "importance_results_dir": "rationalization_results/analogies/gpt2_input_x_gradient",
            "device": "cuda",
            "rationalization_config": "config/eva_input_x_gradient.json",
            "input_num_ratio": 1,
            "logfolder": "logs/analogies/gpt2_input_x_gradient",
            "loglevel": 20
        },
        "time_elapsed": 0.04794788360595703
    }
}