{
    "$schema": "../docs/rationalization.schema.json",
    "id": 54,
    "input-text": [
        "When",
        " my",
        " flight",
        " landed",
        " in",
        " Libya",
        ",",
        " I",
        " converted",
        " my",
        " currency",
        " and",
        " slowly",
        " fell",
        " asleep",
        ".",
        " (",
        "I",
        " was",
        " behind",
        " on",
        " a",
        " couple",
        " of",
        " assignments",
        ",",
        " but",
        " I",
        " tried",
        " not",
        " to",
        " think",
        " about",
        " them",
        ").",
        " I",
        " was",
        " staying",
        " in",
        " the",
        " capital",
        ","
    ],
    "input-tokens": [
        2215,
        616,
        5474,
        11406,
        287,
        13465,
        11,
        314,
        11513,
        616,
        7395,
        290,
        6364,
        3214,
        16039,
        13,
        357,
        40,
        373,
        2157,
        319,
        257,
        3155,
        286,
        25815,
        11,
        475,
        314,
        3088,
        407,
        284,
        892,
        546,
        606,
        737,
        314,
        373,
        10589,
        287,
        262,
        3139,
        11
    ],
    "target-text": " Tripoli",
    "target-token": 47318,
    "rational-size": 5,
    "rational-positions": [
        5,
        40,
        4,
        24,
        2
    ],
    "rational-text": [
        " Libya",
        " capital",
        " in",
        " assignments",
        " flight"
    ],
    "rational-tokens": [
        13465,
        3139,
        287,
        25815,
        5474
    ],
    "importance-scores": [
        0.031567685306072235,
        0.02229490503668785,
        0.04442908614873886,
        0.03297622501850128,
        0.08567893505096436,
        0.24914902448654175,
        0.02886740118265152,
        0.007957033812999725,
        0.016478708013892174,
        0.006790832616388798,
        0.03646712377667427,
        0.005201768130064011,
        0.010338559746742249,
        0.006063228938728571,
        0.022252071648836136,
        0.008174858056008816,
        0.012430360540747643,
        0.00568348029628396,
        0.005205049179494381,
        0.005932738538831472,
        0.004364791326224804,
        0.0050793979316949844,
        0.012989496812224388,
        0.004569000564515591,
        0.04490892216563225,
        0.01817125640809536,
        0.004260031972080469,
        0.004322385881096125,
        0.007878038100898266,
        0.0033503728918731213,
        0.0043905689381062984,
        0.008334485813975334,
        0.006772623863071203,
        0.005238678306341171,
        0.016953343525528908,
        0.006779737304896116,
        0.006651323288679123,
        0.024566514417529106,
        0.008869227953255177,
        0.007289274595677853,
        0.12529316544532776,
        0.0250282883644104
    ],
    "comments": {
        "created-by": "run_analogies.py",
        "args": {
            "model": "gpt2-medium",
            "cache_dir": "./cache/",
            "tokenizer": "gpt2-medium",
            "data_dir": "data/analogies/gpt2/",
            "importance_results_dir": "rationalization_results/analogies/gpt2_input_x_gradient",
            "device": "cuda",
            "rationalization_config": "config/eva_input_x_gradient.json",
            "input_num_ratio": 1,
            "logfolder": "logs/analogies/gpt2_input_x_gradient",
            "loglevel": 20
        },
        "time_elapsed": 0.048487186431884766
    }
}