target_pos,target_token,norm_suff,random_suff,norm_comp,random_comp
34, southeast,0.0,0.0,0.5210825800895691,0.5470621585845947
36, Philadelphia,0.0,0.0,0.20901013910770416,0.24079552292823792
38, It,0.025474663823843002,0.0,0.06150052696466446,0.08300725370645523
40, a,0.01850699633359909,0.0,0.10110463201999664,0.10834228247404099
42,ribut,6.441061941586668e-06,0.0,0.0009453891543671489,0.0007822400657460093
