target_pos,target_token,norm_suff,random_suff,norm_comp,random_comp
34, southeast,0.0,0.0,0.365975558757782,0.293077290058136
36, Philadelphia,0.0,0.0,0.15484343469142914,0.36307719349861145
38, It,0.0,0.0,0.09289085119962692,0.060020122677087784
40, a,0.0,0.0,0.0892120823264122,0.057961758226156235
42,ribut,0.0,0.0,0.0016445934306830168,0.002048889873549342
