target_pos,target_token,norm_suff,random_suff,norm_comp,random_comp
18, in,0.0,0.0,0.09105107188224792,0.146346777677536
20,67,0.0,0.0012024655006825924,0.053542610257864,0.03569961339235306
22,"
",0.022294262424111366,0.0,0.1203782856464386,0.05109616369009018
24, know,0.003723679343238473,0.0,0.059877168387174606,0.032094936817884445
26, I,0.0,0.0,0.09794725477695465,0.044013965874910355
