target_pos,target_token,norm_suff,random_suff,norm_comp,random_comp
18, in,0.022840460762381554,0.013997775502502918,0.10639771819114685,0.15864874422550201
20,67,0.000490032194647938,0.001493195304647088,0.05280718952417374,0.035738252103328705
22,"
",0.02269619330763817,0.0,0.23973527550697327,0.09785254299640656
24, know,0.011782387271523476,0.0,0.08765293657779694,0.03615584224462509
26, I,0.0,0.0,0.08215200155973434,0.07918449491262436
