norm_suff_mean,random_suff_mean,norm_comp_mean,random_comp_mean,final suff,final comp,target_tokens
0.005203588400036097,0.00024049310013651848,0.08455928415060043,0.06185029074549675,21.637163162231445,11.88608455657959," in$67$
$ know$ I"
