norm_suff_mean,random_suff_mean,norm_comp_mean,random_comp_mean,final suff,final comp,target_tokens
0.01156181562691927,0.0030981942545622587,0.11374902725219727,0.08151597529649734,3.7317917346954346,7.050447463989258," in$67$
$ know$ I"
