target_pos,target_token,norm_suff,random_suff,norm_comp,random_comp
19,"
",0.0,0.044294390827417374,0.6410314440727234,0.5797858834266663
21,'m,0.0,0.0029965287540107965,0.13755959272384644,0.0675356313586235
23, sure,0.0,0.0,0.05825752764940262,0.09607930481433868
25, this,0.012140659615397453,0.023049382492899895,0.2037808746099472,0.11165047436952591
27, a,0.011044582352042198,0.0,0.09362297505140305,0.10650507360696793
