target_pos,target_token,norm_suff,random_suff,norm_comp,random_comp
19,"
",0.0,0.0,0.8385431170463562,0.34810569882392883
21,'m,0.007890171371400356,0.023244155570864677,0.06023482605814934,0.21170422434806824
23, sure,0.0,0.0,0.09281562268733978,0.0751456767320633
25, this,0.0,0.03476983308792114,0.16177040338516235,0.16818010807037354
27, a,0.0,0.0,0.07658260315656662,0.22959323227405548
