norm_suff_mean,random_suff_mean,norm_comp_mean,random_comp_mean,final suff,final comp,target_tokens
0.001578034250997007,0.011602798476815224,0.24598932266235352,0.20654581487178802,0.13600462675094604,130.88804626464844,"
$'m$ sure$ this$ a"
