norm_suff_mean,random_suff_mean,norm_comp_mean,random_comp_mean,final suff,final comp,target_tokens
0.004637048579752445,0.014068061485886574,0.2268504947423935,0.19231128692626953,0.3296153247356415,41.4727783203125,"
$'m$ sure$ this$ a"
