target_pos,target_token,norm_suff,random_suff,norm_comp,random_comp
16, ,0.0,0.0,0.252168208360672,0.32503050565719604
18, ,0.0,0.0,0.1616481989622116,0.18079820275306702
20, ,0.0,0.0,0.14777079224586487,0.2377113699913025
22, ,0.05299312621355057,0.0,0.23205946385860443,0.07427317649126053
24, ,0.0,0.05303109437227249,0.09092807024717331,0.1181129664182663
