target_pos,target_token,norm_suff,random_suff,norm_comp,random_comp
16, ,0.0,0.0,0.300392210483551,0.45347392559051514
18, ,0.0,0.010884897783398628,0.4786507189273834,0.13756684958934784
20, ,0.06732623279094696,0.0,0.40532976388931274,0.23413504660129547
22, ,0.04636763408780098,0.0,0.16284626722335815,0.3533662259578705
24, ,0.0,0.0,0.08674806356430054,0.07715611904859543
