norm_suff_mean,random_suff_mean,norm_comp_mean,random_comp_mean,final suff,final comp,target_tokens
0.010598625056445599,0.010606219060719013,0.17691494524478912,0.18718524277210236,0.999284029006958,17.66127586364746, $ $ $ $ 
