norm_suff_mean,random_suff_mean,norm_comp_mean,random_comp_mean,final suff,final comp,target_tokens
0.022738773375749588,0.0021769795566797256,0.28679341077804565,0.25113964080810547,10.445101737976074,11.0445556640625, $ $ $ $ 
