target_pos,target_token,norm_suff,random_suff,norm_comp,random_comp
25, ,0.0,0.0016147843562066555,0.2064770758152008,0.217296302318573
27, ,0.0,0.0,0.11318347603082657,0.05286405235528946
29, ,0.0,0.004800882190465927,0.11298675835132599,0.11211281269788742
31, ,0.0,0.0,0.08271988481283188,0.07120109349489212
33, ,0.007335086353123188,0.13710840046405792,0.05848005414009094,0.09749327600002289
