target_pos,target_token,norm_suff,random_suff,norm_comp,random_comp
25, ,0.0,0.0,0.18244382739067078,0.21670767664909363
27, ,0.0,0.0,0.07437606155872345,0.08433075249195099
29, ,0.0,0.0,0.3072547912597656,0.19709067046642303
31, ,0.0,0.0,0.03837772086262703,0.085226871073246
33, ,0.0,0.0,0.031024007126688957,0.07353055477142334
