norm_suff_mean,random_suff_mean,norm_comp_mean,random_comp_mean,final suff,final comp,target_tokens
0.0014670173404738307,0.0287048127502203,0.11476945132017136,0.11019351333379745,0.0511070154607296,75.11398315429688, $ $ $ $ 
