target_pos,target_token,norm_suff,random_suff,norm_comp,random_comp
21, ,0.06573837250471115,0.0,0.1550510674715042,0.160811185836792
23, ,0.0,0.0,0.1158965677022934,0.1197202131152153
25, ,0.0,0.03931909054517746,0.09760600328445435,0.10963904857635498
27, ,0.003912445157766342,0.0,0.13445237278938293,0.18558664619922638
29, ,0.03213552385568619,0.04254363477230072,0.07068870216608047,0.07084186375141144
