target_pos,target_token,norm_suff,random_suff,norm_comp,random_comp
21, ,0.0,0.0,0.27282634377479553,0.12460612505674362
23, ,0.006724637467414141,0.0,0.08102692663669586,0.14052456617355347
25, ,0.0,0.010665141977369785,0.12405385076999664,0.09092259407043457
27, ,0.08212902396917343,0.0,0.10908383876085281,0.08027809113264084
29, ,0.0,0.04606924206018448,0.06660440564155579,0.05795283243060112
