norm_suff_mean,random_suff_mean,norm_comp_mean,random_comp_mean,final suff,final comp,target_tokens
0.020357269793748856,0.016372544690966606,0.11473894119262695,0.12931978702545166,1.2433785200119019,6.352511405944824, $ $ $ $ 
