norm_suff_mean,random_suff_mean,norm_comp_mean,random_comp_mean,final suff,final comp,target_tokens
0.017770733684301376,0.011346876621246338,0.13071906566619873,0.0988568440079689,1.5661343336105347,5.562901496887207, $ $ $ $ 
