target_pos,target_token,norm_suff,random_suff,norm_comp,random_comp
22, (,0.0,0.0,0.1032521054148674,0.1190648302435875
24,",",0.00042997102718800306,0.0,0.036511898040771484,0.018217595294117928
26, kilometers,0.0005587271298281848,5.97260041104164e-05,0.10371676087379456,0.1518881469964981
28, east,0.0,0.0,0.12238363921642303,0.07875147461891174
30, Hawaii,0.0,0.0,0.1016140729188919,0.10250093787908554
