target_pos,target_token,norm_suff,random_suff,norm_comp,random_comp
22, (,0.0,0.005101474467664957,0.1595829874277115,0.07624758780002594
24,",",0.0,0.0,0.010923863388597965,0.013338291086256504
26, kilometers,0.002508130855858326,0.0,0.07408972829580307,0.04977476969361305
28, east,0.003236772958189249,0.0,0.07984679937362671,0.09389610588550568
30, Hawaii,0.013858112506568432,0.005653490778058767,0.18182550370693207,0.12344911694526672
