norm_suff_mean,random_suff_mean,norm_comp_mean,random_comp_mean,final suff,final comp,target_tokens
0.00019773961685132235,1.1945200640184339e-05,0.0934956893324852,0.09408459812402725,16.553895950317383,475.8004455566406," ($,$ kilometers$ east$ Hawaii"
