norm_suff_mean,random_suff_mean,norm_comp_mean,random_comp_mean,final suff,final comp,target_tokens
0.0039206030778586864,0.0021509930957108736,0.10125377029180527,0.07134117931127548,1.8226944208145142,18.196481704711914," ($,$ kilometers$ east$ Hawaii"
