target_pos,target_token,norm_suff,random_suff,norm_comp,random_comp
26, by,0.0,0.0,0.18371577560901642,0.1663857102394104
28,-,0.0,0.0,0.12827348709106445,0.14872774481773376
30, Vall,0.0,0.0,0.11957522481679916,0.14421547949314117
32, and,0.0,0.0,0.07380110770463943,0.28207555413246155
34, S,0.0,0.0,0.1504085659980774,0.23618854582309723
