target_pos,target_token,norm_suff,random_suff,norm_comp,random_comp
26, by,0.0,0.0,0.1554058939218521,0.19576814770698547
28,-,0.0,0.0,0.07449392974376678,0.07200309634208679
30, Vall,0.0,0.0,0.07443215698003769,0.15451808273792267
32, and,0.0,0.0,0.07709508389234543,0.09501762688159943
34, S,0.0,0.0,0.1512489765882492,0.13943418860435486
