target_pos,target_token,norm_suff,random_suff,norm_comp,random_comp
22, to,0.008161461912095547,0.0,0.09529704600572586,0.15995721518993378
24, best,0.00048038980457931757,0.0,0.08709773421287537,0.07890567928552628
26, actor,0.0,0.0,0.08120007067918777,0.1878768801689148
28, a,0.0,0.0,0.026357809081673622,0.10223669558763504
30, series,0.0,0.004042805638164282,0.03360183537006378,0.04085072502493858
