target_pos,target_token,norm_suff,random_suff,norm_comp,random_comp
22, to,0.0,0.0,0.1122402772307396,0.07562622427940369
24, best,0.0,0.0,0.07737758755683899,0.0738498792052269
26, actor,0.0,0.0,0.11707241833209991,0.11300058662891388
28, a,0.0,0.0,0.04567126929759979,0.03633652254939079
30, series,0.00443031033501029,0.0,0.033536773175001144,0.040912557393312454
