norm_suff_mean,random_suff_mean,norm_comp_mean,random_comp_mean,final suff,final comp,target_tokens
0.0017283704364672303,0.0008085611625574529,0.06471090763807297,0.11396544426679611,2.137587785720825,65.9380874633789, to$ best$ actor$ a$ series
