target_pos,target_token,norm_suff,random_suff,norm_comp,random_comp
28, The,0.0025639745872467756,0.025157300755381584,0.06440594792366028,0.08299592137336731
30, Empire,0.027567125856876373,0.012993902899324894,0.14261911809444427,0.08429145067930222
32, a,0.0,0.0,0.09234142303466797,0.06693185865879059
34, power,0.0010491826105862856,0.0017922928091138601,0.08168156445026398,0.12433657795190811
36, the,0.0,0.0,0.0660175010561943,0.06256996840238571
