target_pos,target_token,norm_suff,random_suff,norm_comp,random_comp
28, The,0.0,0.0,0.08380813896656036,0.059104692190885544
30, Empire,0.03235775977373123,0.015514267608523369,0.14315937459468842,0.1268197000026703
32, a,0.0,0.0,0.06087387725710869,0.11580851674079895
34, power,0.009441818110644817,0.0,0.10188412666320801,0.14597611129283905
36, the,0.0,0.008277075365185738,0.11291157454252243,0.06926648318767548
