norm_suff_mean,random_suff_mean,norm_comp_mean,random_comp_mean,final suff,final comp,target_tokens
0.00835991557687521,0.004758268594741821,0.10052742063999176,0.10339510440826416,1.756923794746399,12.367959976196289, The$ Empire$ a$ power$ the
