norm_suff_mean,random_suff_mean,norm_comp_mean,random_comp_mean,final suff,final comp,target_tokens
0.006236056797206402,0.007988699711859226,0.0894131064414978,0.08422516286373138,0.7806097269058228,13.506156921386719, The$ Empire$ a$ power$ the
