target_pos,target_token,norm_suff,random_suff,norm_comp,random_comp
18, in,0.0,0.0,0.2406013160943985,0.19650128483772278
20, south,0.001185127068310976,0.006703129969537258,0.1357010304927826,0.162898451089859
22, England,0.0,0.0,0.10397005826234818,0.15419985353946686
24,"
",0.0,0.0,0.09777373820543289,0.127081498503685
26,Jane,0.0,0.0,0.09812656790018082,0.21089458465576172
