target_pos,target_token,norm_suff,random_suff,norm_comp,random_comp
18, in,0.0,0.0,0.21989741921424866,0.16038669645786285
20, south,0.0,0.0,0.14730191230773926,0.16779813170433044
22, England,0.0,0.005667470395565033,0.14096711575984955,0.131760373711586
24,"
",0.0,0.0,0.10187911987304688,0.1360388994216919
26,Jane,0.0,0.008143334649503231,0.07254423201084137,0.11054947227239609
