norm_suff_mean,random_suff_mean,norm_comp_mean,random_comp_mean,final suff,final comp,target_tokens
0.00023702542239334434,0.0013406260404735804,0.1352345496416092,0.17031513154506683,0.17680203914642334,718.5521850585938," in$ south$ England$
$Jane"
