target_pos,target_token,norm_suff,random_suff,norm_comp,random_comp
17, ,0.0,0.0,0.19693708419799805,0.2105366438627243
19, ,0.0,0.0,0.26005345582962036,0.2199389785528183
21, ,0.0,0.037462830543518066,0.18631099164485931,0.1783466935157776
23, ,0.0,0.007300516590476036,0.17263676226139069,0.19415977597236633
25, ,0.0,8.797510417934973e-06,0.12341564893722534,0.1594848483800888
