target_pos,target_token,norm_suff,random_suff,norm_comp,random_comp
17, ,0.0,0.0,0.17785847187042236,0.6536680459976196
19, ,0.0,0.0,0.1601891815662384,0.25588321685791016
21, ,0.0,0.0,0.21994322538375854,0.1427629292011261
23, ,0.0,0.0047102863900363445,0.20299507677555084,0.16642679274082184
25, ,0.0,0.0,0.07622617483139038,0.11707943677902222
