target_pos,target_token,norm_suff,random_suff,norm_comp,random_comp
13, They,0.016627199947834015,0.011471228674054146,0.42519018054008484,0.48894399404525757
15, used,0.0,0.0,0.11414036899805069,0.18795554339885712
17, many,0.0,0.0,0.17853966355323792,0.15948833525180817
19,",",0.0,0.0,0.06453432887792587,0.1899043172597885
21, cosmetics,0.0,0.007484974805265665,0.12959609925746918,0.11668986827135086
