target_pos,target_token,norm_suff,random_suff,norm_comp,random_comp
13, They,0.0,0.0,0.20487727224826813,0.21983684599399567
15, used,0.0,0.0,0.1903362274169922,0.25409600138664246
17, many,0.0,0.0,0.1704634428024292,0.13069605827331543
19,",",0.0,0.0,0.08743901550769806,0.16685692965984344
21, cosmetics,0.0,0.0,0.19531945884227753,0.2357875555753708
