norm_suff_mean,random_suff_mean,norm_comp_mean,random_comp_mean,final suff,final comp,target_tokens
0.003325439989566803,0.003791240742430091,0.18240013718605042,0.22859640419483185,0.8771376609802246,68.74169921875," They$ used$ many$,$ cosmetics"
