target_pos,target_token,norm_suff,random_suff,norm_comp,random_comp
21, to,0.0,0.0,0.29869937896728516,0.2624232769012451
23, establishment,0.0027343803085386753,0.0,0.1030631810426712,0.10827825218439102
25, the,0.0,0.0,0.05103733018040657,0.08417222648859024
27, of,0.0,0.003840874647721648,0.05373533070087433,0.057486772537231445
29, in,0.0,0.004622709006071091,0.03882021829485893,0.03357284888625145
