target_pos,target_token,norm_suff,random_suff,norm_comp,random_comp
21, to,0.0,0.0,0.1196807250380516,0.3761794865131378
23, establishment,0.015415934845805168,0.0055404165759682655,0.18845422565937042,0.15682490170001984
25, the,0.0,0.0,0.07392223179340363,0.12107694149017334
27, of,0.0,0.0,0.012021047994494438,0.061068203300237656
29, in,0.0,0.004414514638483524,0.04698343202471733,0.07040729373693466
