norm_suff_mean,random_suff_mean,norm_comp_mean,random_comp_mean,final suff,final comp,target_tokens
0.003083186922594905,0.0019909862894564867,0.08821233361959457,0.15711136162281036,1.5485726594924927,50.957454681396484, to$ establishment$ the$ of$ in
