norm_suff_mean,random_suff_mean,norm_comp_mean,random_comp_mean,final suff,final comp,target_tokens
0.0005468760500662029,0.0016927168471738696,0.10907109081745148,0.10918667167425156,0.32307592034339905,199.65524291992188, to$ establishment$ the$ of$ in
