target_pos,target_token,norm_suff,random_suff,norm_comp,random_comp
16, who,0.0,0.0,0.16596992313861847,0.14722873270511627
18, appeared,0.0,0.0,0.11870239675045013,0.06557714939117432
20, over,0.0,0.0,0.05818210914731026,0.07345857471227646
22, films,0.0,0.0024706770200282335,0.06566489487886429,0.0608784519135952
24, television,0.0015005007153376937,0.012888873927295208,0.07751387357711792,0.06982435286045074
