target_pos,target_token,norm_suff,random_suff,norm_comp,random_comp
16, who,0.0,0.0,0.1462610810995102,0.20106764137744904
18, appeared,0.0,0.0,0.05610750615596771,0.057686999440193176
20, over,0.0,0.0,0.0930757224559784,0.07939843088388443
22, films,0.0,0.0,0.06346173584461212,0.04180236905813217
24, television,0.0,0.0,0.09386447817087173,0.08691012859344482
