norm_suff_mean,random_suff_mean,norm_comp_mean,random_comp_mean,final suff,final comp,target_tokens
0.000300100160529837,0.003071910236030817,0.09720664471387863,0.08339345455169678,0.09769170731306076,277.8854064941406, who$ appeared$ over$ films$ television
