target_pos,target_token,norm_suff,random_suff,norm_comp,random_comp
16, ,0.0,0.03699846193194389,0.3031848669052124,0.3272579312324524
18, ,0.0,0.0,0.0995040312409401,0.23094621300697327
20, ,0.0,0.0,0.22169381380081177,0.17685164511203766
22, ,0.003761591389775276,0.0,0.21916450560092926,0.2853502333164215
24, ,0.0,0.0,0.19036085903644562,0.0950244888663292
