target_pos,target_token,norm_suff,random_suff,norm_comp,random_comp
16, ,0.0,0.0,0.2256452739238739,0.4004989564418793
18, ,0.04458336904644966,0.022576168179512024,0.09789557754993439,0.30880993604660034
20, ,0.0,0.028296327218413353,0.3116224408149719,0.31290218234062195
22, ,0.0,0.0,0.1004081517457962,0.16419771313667297
24, ,0.0,0.0,0.08862734586000443,0.07456476986408234
