norm_suff_mean,random_suff_mean,norm_comp_mean,random_comp_mean,final suff,final comp,target_tokens
0.0007523183012381196,0.007399692665785551,0.20678162574768066,0.22308611869812012,0.10166885703802109,296.53155517578125, $ $ $ $ 
