norm_suff_mean,random_suff_mean,norm_comp_mean,random_comp_mean,final suff,final comp,target_tokens
0.008916674181818962,0.010174499824643135,0.1648397594690323,0.25219473242759705,0.8763747215270996,28.283496856689453, $ $ $ $ 
