target_pos,target_token,norm_suff,random_suff,norm_comp,random_comp
25, of,0.0,0.0,0.35134950280189514,0.2794843018054962
27,ra,5.325716483639553e-05,0.0011085757287219167,0.2065967470407486,0.2800096571445465
29, and,0.0,0.023015206679701805,0.4071793258190155,0.06840876489877701
31, in,0.0,0.0,0.15162858366966248,0.1649923324584961
33,48,0.0,0.0,0.04246267303824425,0.04674919322133064
