target_pos,target_token,norm_suff,random_suff,norm_comp,random_comp
25, of,0.0,0.0,0.05643683299422264,0.1379658430814743
27,ra,0.0006930620293132961,0.0012733194744214416,0.17235682904720306,0.17932333052158356
29, and,0.0,0.0,0.21577602624893188,0.6246544718742371
31, in,0.09718763083219528,0.037134356796741486,0.11085659265518188,0.12123993784189224
33,48,0.0006975625292398036,0.0,0.14343418180942535,0.0710090696811676
