norm_suff_mean,random_suff_mean,norm_comp_mean,random_comp_mean,final suff,final comp,target_tokens
0.019715650007128716,0.007681535091251135,0.13977210223674774,0.22683854401111603,2.566628932952881,11.50550651550293, of$ra$ and$ in$48
