norm_suff_mean,random_suff_mean,norm_comp_mean,random_comp_mean,final suff,final comp,target_tokens
1.0651433512975927e-05,0.004824756644666195,0.23184338212013245,0.16792884469032288,0.00220766244456172,15765.8447265625, of$ra$ and$ in$48
