target_pos,target_token,norm_suff,random_suff,norm_comp,random_comp
12, ,0.0,0.0,0.2772567868232727,0.2620570659637451
14, ,0.0,0.0,0.26489007472991943,0.26826831698417664
16, ,0.0,0.018742984160780907,0.158589169383049,0.2413834184408188
18, ,0.1144590675830841,0.0,0.14839650690555573,0.15713372826576233
20, ,0.026039674878120422,0.0,0.08332845568656921,0.2048448920249939
