target_pos,target_token,norm_suff,random_suff,norm_comp,random_comp
12, ,0.028865566477179527,0.0,0.42873865365982056,0.25356775522232056
14, ,0.0,0.0,0.18323177099227905,0.16440211236476898
16, ,0.05796486511826515,0.00995463877916336,0.23599779605865479,0.27406737208366394
18, ,0.023068571463227272,0.0,0.2667403221130371,0.23451969027519226
20, ,0.00045695542939938605,0.0,0.10308462381362915,0.14520786702632904
