norm_suff_mean,random_suff_mean,norm_comp_mean,random_comp_mean,final suff,final comp,target_tokens
0.022071192041039467,0.0019909278489649296,0.24355864524841309,0.21435296535491943,11.085882186889648,9.711889266967773, $ $ $ $ 
