norm_suff_mean,random_suff_mean,norm_comp_mean,random_comp_mean,final suff,final comp,target_tokens
0.028099749237298965,0.00374859687872231,0.1864921897649765,0.22673748433589935,7.4960713386535645,8.069021224975586, $ $ $ $ 
