target_pos,target_token,norm_suff,random_suff,norm_comp,random_comp
21, ,0.0,0.0,0.37925371527671814,0.23524288833141327
23, ,0.0,0.0,0.2548374533653259,0.33756351470947266
25, ,0.0,0.0,0.25443947315216064,0.11986255645751953
27, ,0.0,0.0,0.18540328741073608,0.10592348873615265
29, ,0.0,0.0,0.07305697351694107,0.12030293047428131
