target_pos,target_token,norm_suff,random_suff,norm_comp,random_comp
21, ,0.0,0.0,0.48219022154808044,0.2895597219467163
23, ,0.01352850440889597,0.0,0.19743144512176514,0.1609756052494049
25, ,0.0,0.0,0.1791844666004181,0.2623583972454071
27, ,0.0,0.08600688725709915,0.10747696459293365,0.10698483884334564
29, ,0.0,0.02354721911251545,0.0687611922621727,0.06785515695810318
