norm_suff_mean,random_suff_mean,norm_comp_mean,random_comp_mean,final suff,final comp,target_tokens
0.0027057009283453226,0.02191082201898098,0.20700886845588684,0.17754673957824707,0.1234869658946991,65.61949920654297, $ $ $ $ 
