target_pos,target_token,norm_suff,random_suff,norm_comp,random_comp
23, (,0.0,0.0,0.17015708982944489,0.22868438065052032
25,92,0.0014608738711103797,0.0005744150839745998,0.10970541089773178,0.04373715817928314
27,"
",0.009151184000074863,0.003244374878704548,0.10675020515918732,0.1919759064912796
29,The,0.003857643809169531,0.0,0.12340762466192245,0.13731913268566132
31, is,0.0,0.0,0.09302618354558945,0.09549951553344727
