target_pos,target_token,norm_suff,random_suff,norm_comp,random_comp
23, (,0.0,0.0,0.20161797106266022,0.25584855675697327
25,92,0.0,0.0014010124141350389,0.07415884733200073,0.059040118008852005
27,"
",0.0,0.0,0.12026196718215942,0.19088777899742126
29,The,0.00522261019796133,0.0,0.12201551347970963,0.2176084816455841
31, is,0.0,0.0,0.37672942876815796,0.058411628007888794
