norm_suff_mean,random_suff_mean,norm_comp_mean,random_comp_mean,final suff,final comp,target_tokens
0.0028939403127878904,0.0007637580274604261,0.12060930579900742,0.13944321870803833,3.7890801429748535,48.18455123901367," ($92$
$The$ is"
