norm_suff_mean,random_suff_mean,norm_comp_mean,random_comp_mean,final suff,final comp,target_tokens
0.001044522039592266,0.00028020248282700777,0.1789567470550537,0.15635931491851807,3.7277400493621826,149.69461059570312," ($92$
$The$ is"
