target_pos,target_token,norm_suff,random_suff,norm_comp,random_comp
22, for,0.0,0.0,0.38288232684135437,0.32313230633735657
24, Los,0.0,0.0,0.17036911845207214,0.07505414634943008
26, Dodgers,0.0,0.0,0.0387386754155159,0.17028459906578064
28, Major,0.0,0.0,0.08835615962743759,0.053088925778865814
30, Baseball,0.0,0.0,0.013613536022603512,0.008196578361093998
