target_pos,target_token,norm_suff,random_suff,norm_comp,random_comp
22, for,0.0020794367883354425,0.0,0.2871783971786499,0.30386197566986084
24, Los,0.0,0.0,0.12255910038948059,0.08539263159036636
26, Dodgers,0.0007616818184033036,0.0006667613633908331,0.06768534332513809,0.03896661475300789
28, Major,0.0,0.0,0.011413251981139183,0.037967246025800705
30, Baseball,0.0,0.0,0.011250535026192665,0.014242100529372692
