norm_suff_mean,random_suff_mean,norm_comp_mean,random_comp_mean,final suff,final comp,target_tokens
0.000568223767913878,0.00013335228140931576,0.10001732409000397,0.09608611464500427,4.261072635650635,169.0990753173828, for$ Los$ Dodgers$ Major$ Baseball
