target_pos,target_token,norm_suff,random_suff,norm_comp,random_comp
26, ,0.0,0.0,0.12098697572946548,0.11537621915340424
28, ,0.0,0.0,0.07098375260829926,0.11559583991765976
30, ,0.0,0.00989583320915699,0.08611302822828293,0.1364726424217224
32, ,0.0032087781000882387,0.0,0.07158325612545013,0.08200792223215103
34, ,0.0,0.0,0.07635050266981125,0.07653830200433731
