target_pos,target_token,norm_suff,random_suff,norm_comp,random_comp
26, ,0.0,0.0,0.2367209792137146,0.12071758508682251
28, ,0.030858123674988747,0.0,0.08221570402383804,0.11928841471672058
30, ,0.05417729541659355,0.03650844469666481,0.08443167805671692,0.07748499512672424
32, ,0.0,0.0,0.15377746522426605,0.13920195400714874
34, ,0.0,0.0,0.08247978240251541,0.05457162484526634
