norm_suff_mean,random_suff_mean,norm_comp_mean,random_comp_mean,final suff,final comp,target_tokens
0.0006417556433007121,0.001979166641831398,0.08520349860191345,0.1051981970667839,0.32425549626350403,163.92251586914062, $ $ $ $ 
