norm_suff_mean,random_suff_mean,norm_comp_mean,random_comp_mean,final suff,final comp,target_tokens
0.01700708456337452,0.007301689125597477,0.12792512774467468,0.10225291550159454,2.3291985988616943,6.012372016906738, $ $ $ $ 
