suff,comp,random_suff,random_comp
0.039364810945280514,0.7050210460254269,0.017507152009260462,0.2717133194919716
