suff,comp,random_suff,random_comp
0.07593194256312895,0.7843216422256637,0.03461821647367406,0.4941731420368271
