suff,comp,random_suff,random_comp
0.21633732169532083,0.8945858673135838,0.11132925388365926,0.8730413277052627
