suff,comp,random_suff,random_comp
0.10688657663666229,0.8451764634908664,0.05802637974169963,0.6709022527023824
