suff,comp,random_suff,random_comp
0.1183757379153957,0.8584682655061072,0.0745369677488963,0.7949561516187358
