suff,comp,random_suff,random_comp
0.0052728940067526,0.23959950240638422,0.005069761654956128,0.00784599401983784
