suff,comp,random_suff,random_comp
0.15844357640219445,0.87947503063383,0.09483069767241861,0.8492403334619535
