{
    "$schema": "../docs/rationalization.schema.json",
    "id": 108,
    "input-text": [
        "I",
        " thought",
        " it",
        " would",
        " be",
        " the",
        " simplest",
        " thing",
        " I",
        "'d",
        " ever",
        " encounter",
        ".",
        " (",
        "I",
        " tried",
        " to",
        " ignore",
        " my",
        " phone",
        " vibr",
        "ating",
        " in",
        " my",
        " pocket",
        ").",
        " But",
        " when",
        " I",
        " did",
        " end",
        " up",
        " encountering",
        " it",
        ",",
        " it",
        " turned",
        " out",
        " it",
        " wasn",
        "'t",
        " so"
    ],
    "input-tokens": [
        40,
        1807,
        340,
        561,
        307,
        262,
        24043,
        1517,
        314,
        1549,
        1683,
        8791,
        13,
        357,
        40,
        3088,
        284,
        8856,
        616,
        3072,
        12611,
        803,
        287,
        616,
        10000,
        737,
        887,
        618,
        314,
        750,
        886,
        510,
        42398,
        340,
        11,
        340,
        2900,
        503,
        340,
        2492,
        470,
        523
    ],
    "target-text": " simple",
    "target-token": 2829,
    "rational-size": 5,
    "rational-positions": [
        0,
        40,
        6,
        12,
        41
    ],
    "rational-text": [
        "I",
        "'t",
        " simplest",
        ".",
        " so"
    ],
    "rational-tokens": [
        40,
        470,
        24043,
        13,
        523
    ],
    "importance-scores": [
        0.03400148078799248,
        0.023469826206564903,
        0.023392224684357643,
        0.023434104397892952,
        0.023564927279949188,
        0.023501818999648094,
        0.024184636771678925,
        0.023515667766332626,
        0.0232597216963768,
        0.023254403844475746,
        0.02329372428357601,
        0.023599063977599144,
        0.023818226531147957,
        0.023450680077075958,
        0.023367317393422127,
        0.023397918790578842,
        0.023377425968647003,
        0.023458803072571754,
        0.02340807020664215,
        0.023425083607435226,
        0.023405712097883224,
        0.02355343848466873,
        0.023380333557724953,
        0.02328941598534584,
        0.023592442274093628,
        0.02361251600086689,
        0.023493608459830284,
        0.023390408605337143,
        0.023348694667220116,
        0.023282617330551147,
        0.023238951340317726,
        0.02341218665242195,
        0.023665620014071465,
        0.023709161207079887,
        0.023507023230195045,
        0.02357352524995804,
        0.02357097528874874,
        0.02358180098235607,
        0.02355271205306053,
        0.0233263298869133,
        0.026580341160297394,
        0.023757053539156914
    ],
    "comments": {
        "created-by": "run_analogies.py",
        "args": {
            "model": "gpt2-medium",
            "cache_dir": null,
            "tokenizer": "gpt2-medium",
            "data_dir": "data/analogies/gpt2/",
            "importance_results_dir": "rationalization_results/analogies/gpt2-medium_last_attention",
            "device": "cuda",
            "rationalization_config": "config/gpt2-medium_last_attention.json",
            "input_num_ratio": 1,
            "logfile": "logs/analogies/gpt2-medium_last_attention_extracting.log",
            "loglevel": 20
        },
        "time_elapsed": 0.01343393325805664
    }
}