{
    "$schema": "../docs/rationalization.schema.json",
    "id": 31,
    "input-text": [
        "When",
        " my",
        " flight",
        " landed",
        " in",
        " Denmark",
        ",",
        " I",
        " converted",
        " my",
        " currency",
        " and",
        " slowly",
        " fell",
        " asleep",
        ".",
        " (",
        "I",
        " was",
        " behind",
        " on",
        " a",
        " couple",
        " of",
        " assignments",
        ",",
        " but",
        " I",
        " tried",
        " not",
        " to",
        " think",
        " about",
        " them",
        ").",
        " I",
        " was",
        " staying",
        " in",
        " the",
        " capital",
        ","
    ],
    "input-tokens": [
        2215,
        616,
        5474,
        11406,
        287,
        16490,
        11,
        314,
        11513,
        616,
        7395,
        290,
        6364,
        3214,
        16039,
        13,
        357,
        40,
        373,
        2157,
        319,
        257,
        3155,
        286,
        25815,
        11,
        475,
        314,
        3088,
        407,
        284,
        892,
        546,
        606,
        737,
        314,
        373,
        10589,
        287,
        262,
        3139,
        11
    ],
    "target-text": " Copenhagen",
    "target-token": 31104,
    "rational-size": 5,
    "rational-positions": [
        0,
        38,
        41,
        5,
        40
    ],
    "rational-text": [
        "When",
        " in",
        ",",
        " Denmark",
        " capital"
    ],
    "rational-tokens": [
        2215,
        287,
        11,
        16490,
        3139
    ],
    "importance-scores": [
        0.03569904714822769,
        0.023463895544409752,
        0.02338886447250843,
        0.023478487506508827,
        0.024473002180457115,
        0.02451704628765583,
        0.02369428053498268,
        0.023438213393092155,
        0.023314906284213066,
        0.02339571714401245,
        0.023303596302866936,
        0.023342745378613472,
        0.023296495899558067,
        0.02322131209075451,
        0.02343791164457798,
        0.023585092276334763,
        0.023400841280817986,
        0.023320747539401054,
        0.023327695205807686,
        0.02334708906710148,
        0.02333000674843788,
        0.02329239249229431,
        0.023231344297528267,
        0.023256801068782806,
        0.02334253303706646,
        0.02333618514239788,
        0.0233166441321373,
        0.023296073079109192,
        0.023235788568854332,
        0.02319638803601265,
        0.023301947861909866,
        0.023213332518935204,
        0.023264557123184204,
        0.023257534950971603,
        0.02352892793715,
        0.023406555876135826,
        0.023340633139014244,
        0.023436278104782104,
        0.02501382865011692,
        0.023569151759147644,
        0.024475259706377983,
        0.02491091564297676
    ],
    "comments": {
        "created-by": "run_analogies.py",
        "args": {
            "model": "gpt2-medium",
            "cache_dir": null,
            "tokenizer": "gpt2-medium",
            "data_dir": "data/analogies/gpt2/",
            "importance_results_dir": "rationalization_results/analogies/gpt2-medium_last_attention",
            "device": "cuda",
            "rationalization_config": "config/gpt2-medium_last_attention.json",
            "input_num_ratio": 1,
            "logfile": "logs/analogies/gpt2-medium_last_attention_extracting.log",
            "loglevel": 20
        },
        "time_elapsed": 0.013667106628417969
    }
}