{
    "$schema": "../docs/rationalization.schema.json",
    "id": 75,
    "input-text": [
        "I",
        " initially",
        " invited",
        " my",
        " brother",
        ",",
        " who",
        " gladly",
        " accepted",
        " my",
        " invitation",
        ".",
        " (",
        "My",
        " favorite",
        " song",
        " just",
        " came",
        " on",
        ",",
        " so",
        " I",
        " was",
        " able",
        " to",
        " relax",
        ").",
        " When",
        " I",
        " learned",
        " that",
        " women",
        " were",
        " allowed",
        ",",
        " I",
        " went",
        " ahead",
        " and",
        " also",
        " invited",
        " my"
    ],
    "input-tokens": [
        40,
        7317,
        9392,
        616,
        3956,
        11,
        508,
        35092,
        6292,
        616,
        17023,
        13,
        357,
        3666,
        4004,
        3496,
        655,
        1625,
        319,
        11,
        523,
        314,
        373,
        1498,
        284,
        8960,
        737,
        1649,
        314,
        4499,
        326,
        1466,
        547,
        3142,
        11,
        314,
        1816,
        4058,
        290,
        635,
        9392,
        616
    ],
    "target-text": " sister",
    "target-token": 6621,
    "rational-size": 5,
    "rational-positions": [
        0,
        40,
        4,
        31,
        5
    ],
    "rational-text": [
        "I",
        " invited",
        " brother",
        " women",
        ","
    ],
    "rational-tokens": [
        40,
        9392,
        3956,
        1466,
        11
    ],
    "importance-scores": [
        0.034963324666023254,
        0.023471415042877197,
        0.023794522508978844,
        0.024012651294469833,
        0.024124259129166603,
        0.02403167448937893,
        0.023552972823381424,
        0.02335100620985031,
        0.023468783125281334,
        0.02341531589627266,
        0.023454096168279648,
        0.023750530555844307,
        0.023594927042722702,
        0.023711908608675003,
        0.023492494598031044,
        0.02342190593481064,
        0.023263273760676384,
        0.023232020437717438,
        0.02331160008907318,
        0.02338530123233795,
        0.023265725001692772,
        0.023257818073034286,
        0.023267123848199844,
        0.023249788209795952,
        0.023293770849704742,
        0.023383531719446182,
        0.02367093227803707,
        0.023637231439352036,
        0.02339020185172558,
        0.023344580084085464,
        0.023788079619407654,
        0.024044383317232132,
        0.023439617827534676,
        0.02342546172440052,
        0.023584680631756783,
        0.023425213992595673,
        0.02332739159464836,
        0.0232801903039217,
        0.023426657542586327,
        0.02340393327176571,
        0.024297207593917847,
        0.023992488160729408
    ],
    "comments": {
        "created-by": "run_analogies.py",
        "args": {
            "model": "gpt2-medium",
            "cache_dir": null,
            "tokenizer": "gpt2-medium",
            "data_dir": "data/analogies/gpt2/",
            "importance_results_dir": "rationalization_results/analogies/gpt2-medium_last_attention",
            "device": "cuda",
            "rationalization_config": "config/gpt2-medium_last_attention.json",
            "input_num_ratio": 1,
            "logfile": "logs/analogies/gpt2-medium_last_attention_extracting.log",
            "loglevel": 20
        },
        "time_elapsed": 0.013338804244995117
    }
}