target_pos,target_token,norm_suff,random_suff,norm_comp,random_comp
33, ,0.011468995362520218,0.000309855880914256,0.01219700463116169,0.013153539970517159
35, Pennsylvania,0.004705970175564289,0.003920684568583965,0.006148875690996647,0.011995314620435238
37, It,0.008613221347332,0.0029005182441323996,0.010344781912863255,0.007132114376872778
39, the,0.005634441040456295,0.0,0.005109065677970648,0.007798818405717611
41, longest,0.0018920771544799209,0.0,0.005423318594694138,0.004022527020424604
