target_pos,target_token,norm_suff,random_suff,norm_comp,random_comp
33, ,0.007839924655854702,0.0,0.010618443600833416,0.008118238300085068
35, Pennsylvania,0.0017317443853244185,0.004038962069898844,0.016231486573815346,0.006486904341727495
37, It,0.005468519404530525,0.0024488961789757013,0.00746603449806571,0.008080029860138893
39, the,0.0025606954004615545,0.016095729544758797,0.006251315586268902,0.005002185236662626
41, longest,0.002926054410636425,0.001251290668733418,0.011003074236214161,0.00801158044487238
