norm_suff_mean,random_suff_mean,norm_comp_mean,random_comp_mean,final suff,final comp,target_tokens
0.004105387721210718,0.004766975995153189,0.010314070619642735,0.0071397870779037476,0.861214280128479,1.7391260862350464, $ Pennsylvania$ It$ the$ longest
