norm_suff_mean,random_suff_mean,norm_comp_mean,random_comp_mean,final suff,final comp,target_tokens
0.006462941411882639,0.001426211791113019,0.007844609208405018,0.008820462971925735,4.531543731689453,1.36477530002594, $ Pennsylvania$ It$ the$ longest
