target_pos,target_token,norm_suff,random_suff,norm_comp,random_comp
17, ,0.0,0.0,0.011558015830814838,0.007435140199959278
19, 18,0.0,0.0,0.00910806842148304,0.006091120652854443
21, and,0.0,0.0,0.0061544571071863174,0.008257534354925156
23, the,0.0,0.0,0.008088153786957264,0.012086251750588417
25, court,0.0,0.00567515566945076,0.018726332113146782,0.0035254089161753654
