target_pos,target_token,norm_suff,random_suff,norm_comp,random_comp
17, ,0.0,0.0,0.008051027543842793,0.006411162205040455
19, 18,0.0,0.0,0.010830773040652275,0.005970650352537632
21, and,0.0,0.0,0.007748332340270281,0.006268017925322056
23, the,0.0,0.0,0.00589589960873127,0.007633700966835022
25, court,0.0,0.0,0.011318064294755459,0.006423951592296362
