target_pos,target_token,norm_suff,random_suff,norm_comp,random_comp
18, ,0.0,0.0,0.024121278896927834,0.017912061884999275
20, is,0.0,0.0,0.008039847016334534,0.010579799301922321
22, largest,0.0,0.0,0.015363907441496849,0.01892682909965515
24, in,0.0,0.0,0.010743476450443268,0.006685804575681686
26, Solar,0.0,0.0,0.005631759762763977,0.00449339859187603
