target_pos,target_token,norm_suff,random_suff,norm_comp,random_comp
18, ,0.0,0.0,0.018782716244459152,0.01801155135035515
20, is,0.0,0.0,0.013051532208919525,0.013119366019964218
22, largest,0.0,0.0,0.012005756609141827,0.016422657296061516
24, in,0.0,0.0,0.013754873536527157,0.009404994547367096
26, Solar,0.0,0.0,0.0035394933074712753,0.011364366859197617
