target_pos,target_token,norm_suff,random_suff,norm_comp,random_comp
15, ,0.0012195055605843663,0.011054783128201962,0.01843036524951458,0.015266167931258678
17, is,0.01626403070986271,0.03676546737551689,0.022681303322315216,0.017224086448550224
19, in,0.0,0.0,0.007549282629042864,0.009483490139245987
21, temper,0.0,0.004809410311281681,0.022121364250779152,0.012342916801571846
23, regions,0.0,0.0,0.010789062827825546,0.011230617761611938
