target_pos,target_token,norm_suff,random_suff,norm_comp,random_comp
15, ,0.006010148674249649,0.0,0.02479713223874569,0.02307971753180027
17, is,0.0533706396818161,0.035464487969875336,0.016648024320602417,0.015179966576397419
19, in,0.0,0.0,0.006025619339197874,0.006817928049713373
21, temper,0.0,0.0013436704175546765,0.024442432448267937,0.036391112953424454
23, regions,0.0,0.0,0.01230313815176487,0.01702570915222168
