norm_suff_mean,random_suff_mean,norm_comp_mean,random_comp_mean,final suff,final comp,target_tokens
0.003496707184240222,0.010525932535529137,0.016314275562763214,0.013109455816447735,0.3321992754936218,3.7490859031677246, $ is$ in$ temper$ regions
