norm_suff_mean,random_suff_mean,norm_comp_mean,random_comp_mean,final suff,final comp,target_tokens
0.011876157484948635,0.007361631840467453,0.016843270510435104,0.019698886200785637,1.6132506132125854,1.6586918830871582, $ is$ in$ temper$ regions
