target_pos,target_token,norm_suff,random_suff,norm_comp,random_comp
24, ,0.0,0.0,0.012126424349844456,0.02110453136265278
26, benign,3.791485505644232e-05,0.001496261334978044,0.005632335320115089,0.004663547035306692
28, ,0.0,0.004080045036971569,0.008114228956401348,0.008229987695813179
30,Brain,0.0012644208036363125,0.008485659025609493,0.00959810335189104,0.00789737980812788
32, are,0.007002627477049828,0.009505340829491615,0.008488578721880913,0.009548484347760677
