target_pos,target_token,norm_suff,random_suff,norm_comp,random_comp
24, ,0.0,0.0,0.046142954379320145,0.018961425870656967
26, benign,0.0,0.0,0.002555632498115301,0.003906432539224625
28, ,0.0002890016767196357,0.0,0.011470621451735497,0.005772272124886513
30,Brain,0.0027449445333331823,0.0,0.012604220770299435,0.009327927604317665
32, are,0.002116946503520012,0.010673565790057182,0.005244133062660694,0.006567107513546944
