norm_suff_mean,random_suff_mean,norm_comp_mean,random_comp_mean,final suff,final comp,target_tokens
0.0016609926242381334,0.004713461268693209,0.00879193376749754,0.010288785211741924,0.35239338874816895,6.194359302520752, $ benign$ $Brain$ are
