norm_suff_mean,random_suff_mean,norm_comp_mean,random_comp_mean,final suff,final comp,target_tokens
0.0010301786242052913,0.0021347131114453077,0.015603512525558472,0.008907034061849117,0.4825841188430786,8.646106719970703, $ benign$ $Brain$ are
