target_pos,target_token,norm_suff,random_suff,norm_comp,random_comp
20, ,0.0,0.0,0.006126125808805227,0.0067678652703762054
22, is,0.0,0.0,0.007500936742872,0.010097755119204521
24, highest,0.0,0.0,0.011927381157875061,0.008243373595178127
26, Catholic,0.0,0.0,0.010645297355949879,0.014066547155380249
28, the,0.002373381517827511,0.0,0.003814570140093565,0.004658746533095837
