target_pos,target_token,norm_suff,random_suff,norm_comp,random_comp
20, ,0.0,0.0,0.006686884444206953,0.007193193305283785
22, is,0.0,0.0,0.009469900280237198,0.007927187718451023
24, highest,0.0,0.0,0.01251734234392643,0.00991439912468195
26, Catholic,0.0,0.0,0.007485773880034685,0.008362025022506714
28, the,0.000390080880606547,0.0,0.00739120040088892,0.003064976306632161
