target_pos,target_token,norm_suff,random_suff,norm_comp,random_comp
21, east,0.0,0.0,0.00796473678201437,0.010764054954051971
23, Hawaii,0.0,0.0,0.013744423165917397,0.01910390518605709
25, The,0.0,0.0,0.010717898607254028,0.0061707161366939545
27, is,0.00569928390905261,7.530447328463197e-05,0.00902955885976553,0.007019910961389542
29,ordered,0.00015937292482703924,5.7319375628139824e-05,0.00014981909771449864,0.00016310960927512497
