target_pos,target_token,norm_suff,random_suff,norm_comp,random_comp
21, east,0.0,0.0,0.005190455820411444,0.007265832740813494
23, Hawaii,0.0,0.0,0.021815331652760506,0.015487207099795341
25, The,0.0,0.0,0.007966079749166965,0.0062708258628845215
27, is,0.003409184282645583,0.01812223345041275,0.009418666362762451,0.005094453692436218
29,ordered,0.0004576006904244423,0.0,0.0002428954903734848,0.0002649837115313858
