norm_suff_mean,random_suff_mean,norm_comp_mean,random_comp_mean,final suff,final comp,target_tokens
0.0007733569946140051,0.00362444669008255,0.008926684968173504,0.006876660976558924,0.21337242424488068,8.891962051391602, east$ Hawaii$ The$ is$ordered
