norm_suff_mean,random_suff_mean,norm_comp_mean,random_comp_mean,final suff,final comp,target_tokens
0.0011717313900589943,2.6524770873948e-05,0.008321288041770458,0.008644339628517628,44.17498779296875,7.377407073974609, east$ Hawaii$ The$ is$ordered
