target_pos,target_token,norm_suff,random_suff,norm_comp,random_comp
25, ,0.0,0.0,0.009756900370121002,0.007169151213020086
27, David,0.0013147646095603704,0.0,0.03527744486927986,0.06084592267870903
29,enzie,0.001218482619151473,0.0014823677483946085,0.010804593563079834,0.008390876464545727
31, The,0.00847649946808815,0.014784331433475018,0.008691193535923958,0.008134509436786175
33, is,0.008640891872346401,0.006114015355706215,0.009827809408307076,0.00667611975222826
