target_pos,target_token,norm_suff,random_suff,norm_comp,random_comp
25, ,0.0,0.0,0.00864018127322197,0.006027807015925646
27, David,0.0,0.0,0.036557361483573914,0.023151634261012077
29,enzie,0.0005176759441383183,0.0004415805160533637,0.01192347053438425,0.0034770499914884567
31, The,0.008214559406042099,0.0,0.008099180646240711,0.012068632990121841
33, is,0.004501741845160723,0.006855564191937447,0.008897904306650162,0.0072328741662204266
