norm_suff_mean,random_suff_mean,norm_comp_mean,random_comp_mean,final suff,final comp,target_tokens
0.002646795241162181,0.0014594289241358638,0.014823620207607746,0.010391599498689175,1.8135827779769897,3.9261062145233154, $ David$enzie$ The$ is
