norm_suff_mean,random_suff_mean,norm_comp_mean,random_comp_mean,final suff,final comp,target_tokens
0.003930127713829279,0.004476143047213554,0.014871588908135891,0.018243316560983658,0.8780165314674377,4.641914367675781, $ David$enzie$ The$ is
