target_pos,target_token,norm_suff,random_suff,norm_comp,random_comp
21, ,0.0,0.0,0.007153641432523727,0.013247690163552761
23, an,0.0,0.0,0.01415941957384348,0.011673196218907833
25, who,0.0,0.0,0.010872811079025269,0.011862451210618019
27, played,0.0,0.0015366185689345002,0.00961691327393055,0.008528822101652622
29, significant,0.008518347516655922,0.006081062369048595,0.007595323491841555,0.00656759412959218
