target_pos,target_token,norm_suff,random_suff,norm_comp,random_comp
21, ,0.0,0.0,0.012435223907232285,0.00797547958791256
23, an,0.0,0.0,0.010801872238516808,0.006008707918226719
25, who,0.0,0.0,0.009248941205441952,0.014452309347689152
27, played,0.0,0.003695817431434989,0.013177203945815563,0.01017492264509201
29, significant,0.0016781474696472287,0.007974028587341309,0.006361566483974457,0.007415832951664925
