norm_suff_mean,random_suff_mean,norm_comp_mean,random_comp_mean,final suff,final comp,target_tokens
0.0017036695498973131,0.0015235361643135548,0.009879621677100658,0.010375951416790485,1.1182337999343872,6.0903544425964355, $ an$ who$ played$ significant
