norm_suff_mean,random_suff_mean,norm_comp_mean,random_comp_mean,final suff,final comp,target_tokens
0.0003356295055709779,0.0023339693434536457,0.010404962114989758,0.009205450303852558,0.14380201697349548,27.42741584777832, $ an$ who$ played$ significant
