target_pos,target_token,norm_suff,random_suff,norm_comp,random_comp
27, The,0.0,0.0034779184497892857,0.005682514049112797,0.00583310890942812
29,eng,0.0,0.0,0.0019168421858921647,0.0035012830048799515
31, period,0.0018144610803574324,0.001675196923315525,0.02100186236202717,0.01780151203274727
33, marked,0.005468360148370266,0.012330024503171444,0.005676328204572201,0.00555695965886116
35, the,0.0,0.008135352283716202,0.00617078086361289,0.006422986276447773
