target_pos,target_token,norm_suff,random_suff,norm_comp,random_comp
27, The,0.047927357256412506,0.01879790611565113,0.006539155263453722,0.004665073938667774
29,eng,0.0,0.00021127086074557155,0.0017894842894747853,0.002067691646516323
31, period,0.00919954851269722,0.0,0.020197758451104164,0.024892736226320267
33, marked,0.009421463124454021,0.006961585953831673,0.00831641536206007,0.007799702696502209
35, the,0.01628687232732773,0.0005202301545068622,0.0058281198143959045,0.006599770858883858
