norm_suff_mean,random_suff_mean,norm_comp_mean,random_comp_mean,final suff,final comp,target_tokens
0.0165670495480299,0.005298198666423559,0.008534186519682407,0.009204995818436146,3.1269211769104004,0.5556207299232483, The$eng$ period$ marked$ the
