norm_suff_mean,random_suff_mean,norm_comp_mean,random_comp_mean,final suff,final comp,target_tokens
0.0014565642923116684,0.005123698618263006,0.008089665323495865,0.00782317016273737,0.28427985310554504,5.370975017547607, The$eng$ period$ marked$ the
