target_pos,target_token,norm_suff,random_suff,norm_comp,random_comp
17, in,0.006982532329857349,0.008668760769069195,0.01311936229467392,0.011648070998489857
19, upper,0.004735290072858334,0.0,0.03362337872385979,0.02565554715692997
21,.,0.0,0.0,0.008614855818450451,0.007888047024607658
23, was,0.0,0.0,0.014746414497494698,0.012331823818385601
25, in,0.0,0.0,0.011886300519108772,0.008880021050572395
