target_pos,target_token,norm_suff,random_suff,norm_comp,random_comp
17, in,0.0,0.0007934113382361829,0.013647505082190037,0.04558970034122467
19, upper,0.003462171647697687,0.002928828587755561,0.02393490821123123,0.024736585095524788
21,.,0.0,0.0,0.012944494374096394,0.0061567239463329315
23, was,0.0,0.0,0.013847915455698967,0.008645683526992798
25, in,0.0,0.0,0.0118925916031003,0.009760307148098946
