norm_suff_mean,random_suff_mean,norm_comp_mean,random_comp_mean,final suff,final comp,target_tokens
0.0006924343178980052,0.0007444479851983488,0.01525348424911499,0.018977800384163857,0.9301312565803528,27.407365798950195, in$ upper$.$ was$ in
