norm_suff_mean,random_suff_mean,norm_comp_mean,random_comp_mean,final suff,final comp,target_tokens
0.0023435645271092653,0.0017337522003799677,0.01639806292951107,0.013280701823532581,1.3517297506332397,5.666881084442139, in$ upper$.$ was$ in
