target_pos,target_token,norm_suff,random_suff,norm_comp,random_comp
16, ,0.006918807048350573,0.0,0.03970183804631233,0.01700941100716591
18, the,0.0,0.0,0.019231488928198814,0.02693042904138565
20, States,0.0,0.0,0.007107659243047237,0.0014832926681265235
22, is,0.0065009272657334805,0.0,0.015726204961538315,0.014328270219266415
24, large,0.0,0.0,0.01795520819723606,0.01571442000567913
