target_pos,target_token,norm_suff,random_suff,norm_comp,random_comp
16, ,0.009054373018443584,0.0,0.035007212311029434,0.05786985903978348
18, the,0.0,0.0,0.0332472138106823,0.015936076641082764
20, States,0.0,0.0,0.008095230907201767,0.007068932056427002
22, is,0.0007579962257295847,0.0,0.011497913859784603,0.01712772063910961
24, large,0.0,0.0,0.02953934669494629,0.014916460029780865
