target_pos,target_token,norm_suff,random_suff,norm_comp,random_comp
12, They,0.0,0.026515264064073563,0.020402854308485985,0.01407221145927906
14, used,0.015583461150527,0.0030797715298831463,0.025515763089060783,0.03855001926422119
16, many,0.0,0.001432529534213245,0.012890679761767387,0.01666445843875408
18,",",0.0,0.0,0.013904315419495106,0.015082372352480888
20, cooking,0.0,0.0,0.03985324501991272,0.009941411204636097
