target_pos,target_token,norm_suff,random_suff,norm_comp,random_comp
12, They,0.019146814942359924,0.0,0.020489830523729324,0.03519490361213684
14, used,0.007370109669864178,0.0,0.019829317927360535,0.016642194241285324
16, many,0.005554573144763708,0.007326127495616674,0.01991615630686283,0.025718413293361664
18,",",0.0,0.0,0.016634589061141014,0.011314996518194675
20, cooking,0.0,0.0,0.025144770741462708,0.02153734490275383
