norm_suff_mean,random_suff_mean,norm_comp_mean,random_comp_mean,final suff,final comp,target_tokens
0.0031166921835392714,0.006205513142049313,0.022513372823596,0.018862096592783928,0.5022456645965576,6.051959991455078," They$ used$ many$,$ cooking"
