norm_suff_mean,random_suff_mean,norm_comp_mean,random_comp_mean,final suff,final comp,target_tokens
0.006414299365133047,0.0014652254758402705,0.020402932539582253,0.022081570699810982,4.377687454223633,3.442553758621216," They$ used$ many$,$ cooking"
