target_pos,target_token,norm_suff,random_suff,norm_comp,random_comp
20, until,0.0,0.0,0.020232321694493294,0.0131875891238451
22, French,0.0,0.0,0.023630715906620026,0.01289790403097868
24, in,0.0,0.0,0.008012579753994942,0.011713918298482895
26,89,6.762069824617356e-05,0.0,0.008346213027834892,0.0091019282117486
28, The,0.011656852439045906,0.054859459400177,0.010839580558240414,0.007481385488063097
