target_pos,target_token,norm_suff,random_suff,norm_comp,random_comp
20, until,0.0,0.0,0.015256557613611221,0.011904004029929638
22, French,0.0,0.0,0.034148432314395905,0.012025658041238785
24, in,0.0,0.0,0.00887967087328434,0.02433544211089611
26,89,0.0,0.0,0.0074102734215557575,0.005959681235253811
28, The,0.014253370463848114,0.006341559812426567,0.0092681385576725,0.010581288486719131
