norm_suff_mean,random_suff_mean,norm_comp_mean,random_comp_mean,final suff,final comp,target_tokens
0.002850674092769623,0.0012683119857683778,0.014992614276707172,0.01296121533960104,2.247612714767456,4.546719551086426, until$ French$ in$89$ The
