norm_suff_mean,random_suff_mean,norm_comp_mean,random_comp_mean,final suff,final comp,target_tokens
0.00234489468857646,0.010971891693770885,0.014212282374501228,0.010876544751226902,0.21371835470199585,4.638393878936768, until$ French$ in$89$ The
