target_pos,target_token,norm_suff,random_suff,norm_comp,random_comp
15, ,0.004676421172916889,0.015350746922194958,0.009602646343410015,0.009726806543767452
17, has,0.016789697110652924,0.018118446692824364,0.008356841281056404,0.01096262875944376
19, in,0.03026929683983326,0.004011237528175116,0.004477949347347021,0.0037563105579465628
21, number,0.0,0.0,0.009000346064567566,0.007023370824754238
23, films,0.0,0.0,0.006151248700916767,0.0074711693450808525
