target_pos,target_token,norm_suff,random_suff,norm_comp,random_comp
15, ,0.03181648254394531,0.01383933238685131,0.010299818590283394,0.011515573598444462
17, has,0.0013635322684422135,0.0,0.00925023015588522,0.01238147635012865
19, in,0.0,0.011535728350281715,0.005804040469229221,0.003042889991775155
21, number,0.0,0.0,0.010242030955851078,0.005358598195016384
23, films,0.0,0.0,0.011044913902878761,0.009326004423201084
