norm_suff_mean,random_suff_mean,norm_comp_mean,random_comp_mean,final suff,final comp,target_tokens
0.006636002566665411,0.00507501233369112,0.009328207932412624,0.008324909023940563,1.3075835704803467,1.2545065879821777, $ has$ in$ number$ films
