norm_suff_mean,random_suff_mean,norm_comp_mean,random_comp_mean,final suff,final comp,target_tokens
0.01034708321094513,0.007496085949242115,0.0075178067199885845,0.007788057904690504,1.3803313970565796,0.7526814937591553, $ has$ in$ number$ films
