target_pos,target_token,norm_suff,random_suff,norm_comp,random_comp
15, ,0.0033279871568083763,0.0,0.007471025455743074,0.006416975520551205
17, by,0.0,0.0,0.009610367938876152,0.008121352642774582
19, for,0.0,0.0,0.008968607522547245,0.01146161463111639
21, Nintendo,0.0,0.0,0.011699721217155457,0.009673656895756721
23, System,0.0,0.0,0.0013239734107628465,0.0015529016964137554
