target_pos,target_token,norm_suff,random_suff,norm_comp,random_comp
15, ,0.0,0.0,0.009443473070859909,0.009085765108466148
17, by,0.0,0.0,0.006712826434522867,0.005550234112888575
19, for,0.0,0.0,0.00999455712735653,0.006493116728961468
21, Nintendo,0.0,0.0,0.018563643097877502,0.01685834862291813
23, System,0.0,0.0,0.0018196016317233443,0.0018575402209535241
