target_pos,target_token,norm_suff,random_suff,norm_comp,random_comp
24, ,0.0,0.0,0.02380293607711792,0.0325244702398777
26, Eng,0.0,0.0,0.00874639768153429,0.008390998467803001
28,ving,4.209831968182698e-05,0.0001636229280848056,0.002291766693815589,0.001302915858104825
30, Printing,0.001074866857379675,0.00027553041581995785,0.004539214074611664,0.01187369879335165
32, the,0.003043239936232567,0.0016405073693022132,0.011612292379140854,0.0153802540153265
