target_pos,target_token,norm_suff,random_suff,norm_comp,random_comp
24, ,0.0,0.0,0.020492272451519966,0.036262527108192444
26, Eng,0.0,0.0,0.006061649415642023,0.004492823500186205
28,ving,0.00048049326869659126,0.00010673653014237061,0.003844986669719219,0.0033804618287831545
30, Printing,0.0,0.0007814448326826096,0.010808986611664295,0.005519882310181856
32, the,0.0016282200813293457,0.005872021429240704,0.01477876864373684,0.026820331811904907
