norm_suff_mean,random_suff_mean,norm_comp_mean,random_comp_mean,final suff,final comp,target_tokens
0.0008320409688167274,0.0004159321542829275,0.010198521427810192,0.013894467614591122,2.00042462348938,16.69925880432129, $ Eng$ving$ Printing$ the
