norm_suff_mean,random_suff_mean,norm_comp_mean,random_comp_mean,final suff,final comp,target_tokens
0.0004217426758259535,0.0013520405627787113,0.011197333224117756,0.015295206569135189,0.31193047761917114,36.26668167114258, $ Eng$ving$ Printing$ the
