target_pos,target_token,norm_suff,random_suff,norm_comp,random_comp
11, ,0.0025193195324391127,0.0,0.007024548947811127,0.00994074810296297
13, was,8.058678940869868e-05,0.0,0.011842363514006138,0.02670467272400856
15, first,0.003044468816369772,0.0024896771647036076,0.00990369264036417,0.00966667104512453
17,mable,0.0,0.00010285460302839056,0.001331760548055172,0.0015197787433862686
19, to,0.0,0.0,0.019057929515838623,0.012497514486312866
