target_pos,target_token,norm_suff,random_suff,norm_comp,random_comp
11, ,0.0,0.0,0.007948982529342175,0.008992455899715424
13, was,0.0,0.00033097490086220205,0.014673651196062565,0.010730729438364506
15, first,0.006227440200746059,0.0,0.01258534099906683,0.010563083924353123
17,mable,0.0,0.0002268289972562343,0.0021590657997876406,0.0036523682065308094
19, to,0.0,0.0,0.009933806955814362,0.009403487667441368
