norm_suff_mean,random_suff_mean,norm_comp_mean,random_comp_mean,final suff,final comp,target_tokens
0.0012454880634322762,0.00011156078107887879,0.00946016889065504,0.008668425492942333,11.164210319519043,6.959862232208252, $ was$ first$mable$ to
