norm_suff_mean,random_suff_mean,norm_comp_mean,random_comp_mean,final suff,final comp,target_tokens
0.0011288750683888793,0.0005185063346289098,0.009832059033215046,0.012065877206623554,2.1771674156188965,10.688407897949219, $ was$ first$mable$ to
