target_pos,target_token,norm_suff,random_suff,norm_comp,random_comp
20, ,0.0,0.0,0.02746591344475746,0.024617353454232216
22, are,0.0,0.0,0.01676534302532673,0.015370580367743969
24, to,0.0,0.0,0.004437573719769716,0.005417818669229746
26, the,0.0,0.0,0.013718830421566963,0.015221865847706795
28, of,0.000951000489294529,0.0,0.004526193253695965,0.005261784885078669
