target_pos,target_token,norm_suff,random_suff,norm_comp,random_comp
20, ,0.0,0.0,0.02767132595181465,0.0155569389462471
22, are,0.0,0.0,0.018995681777596474,0.013708746060729027
24, to,0.0,0.0,0.004963001701980829,0.0058095138520002365
26, the,0.0,0.0,0.015003971755504608,0.012589617632329464
28, of,0.0015490393852815032,8.594786049798131e-05,0.0052785323932766914,0.005000656936317682
