norm_suff_mean,random_suff_mean,norm_comp_mean,random_comp_mean,final suff,final comp,target_tokens
0.0003098078886978328,1.718957173579838e-05,0.014382502995431423,0.01053309440612793,18.023014068603516,33.99879455566406, $ are$ to$ the$ of
