target_pos,target_token,norm_suff,random_suff,norm_comp,random_comp
22, ,0.0,0.0,0.01147861685603857,0.010134853422641754
24, the,0.0,0.0,0.012845962308347225,0.007782953791320324
26, of,0.0,0.0,0.009256764315068722,0.01944800838828087
28," """,0.00690856808796525,0.008560067042708397,0.012230243533849716,0.015586735680699348
30, Waste,0.027104679495096207,0.008298390544950962,0.015728391706943512,0.019248509779572487
