target_pos,target_token,norm_suff,random_suff,norm_comp,random_comp
22, ,0.0,0.0,0.016732655465602875,0.006963515188544989
24, the,0.0,0.0,0.010304753668606281,0.007216389290988445
26, of,0.0,0.0,0.023752426728606224,0.017099611461162567
28," """,0.018039992079138756,0.0007802979089319706,0.015965022146701813,0.012802950106561184
30, Waste,0.004769275896251202,0.0003755785000976175,0.020948022603988647,0.029126355424523354
