norm_suff_mean,random_suff_mean,norm_comp_mean,random_comp_mean,final suff,final comp,target_tokens
0.0045618535950779915,0.00023117529053706676,0.017540577799081802,0.01464176457375288,19.733308792114258,3.209608554840088," $ the$ of$ ""$ Waste"
