norm_suff_mean,random_suff_mean,norm_comp_mean,random_comp_mean,final suff,final comp,target_tokens
0.006802649702876806,0.003371691796928644,0.012307996861636639,0.014440211467444897,2.017577648162842,2.1227333545684814," $ the$ of$ ""$ Waste"
