target_pos,target_token,norm_suff,random_suff,norm_comp,random_comp
21, ,0.0,0.0,0.005565340630710125,0.004585925955325365
23, played,0.0,0.0,0.010887863114476204,0.008442765101790428
25, the,0.0,0.0,0.006500689312815666,0.003437928156927228
27, Angeles,0.0,0.0,0.0010473054135218263,0.0011431261664256454
29, from,0.0,0.0,0.01836446300148964,0.01030995137989521
