target_pos,target_token,norm_suff,random_suff,norm_comp,random_comp
21, ,0.0,0.0,0.0038237697444856167,0.008245243690907955
23, played,0.0,0.0,0.00900230836123228,0.009670150466263294
25, the,0.0,0.0,0.00456675048917532,0.0039255800656974316
27, Angeles,0.0,0.0,0.0006324205896817148,0.001082562142983079
29, from,0.0,0.0,0.008672263473272324,0.010364399291574955
