target_pos,target_token,norm_suff,random_suff,norm_comp,random_comp
25, ,0.0,0.0,0.02319611795246601,0.007541578728705645
27,usually,0.0,0.0,0.007800096180289984,0.011354779824614525
29, 10,0.0,0.0035212193615734577,0.006825033575296402,0.004789202474057674
31,20,0.005655848421156406,0.006339788902550936,0.004636270459741354,0.003772471332922578
33, ,0.0,0.001969709526747465,0.009218533523380756,0.005798059049993753
