target_pos,target_token,norm_suff,random_suff,norm_comp,random_comp
25, ,0.0,0.0,0.02380903996527195,0.008564470335841179
27,usually,0.03233082965016365,0.0,0.008698067627847195,0.007882860489189625
29, 10,0.003331527579575777,0.0,0.0038123722188174725,0.0033942051231861115
31,20,0.0037044039927423,0.0015652301954105496,0.006375052500516176,0.0038329921662807465
33, ,0.0,0.006928959395736456,0.009121378883719444,0.010762953199446201
