norm_suff_mean,random_suff_mean,norm_comp_mean,random_comp_mean,final suff,final comp,target_tokens
0.00113116973079741,0.002366143511608243,0.010335209779441357,0.006651218514889479,0.47806471586227417,5.879947185516357, $usually$ 10$20$ 
