norm_suff_mean,random_suff_mean,norm_comp_mean,random_comp_mean,final suff,final comp,target_tokens
0.0078733516857028,0.0016988379647955298,0.010363182984292507,0.0068874964490532875,4.634551525115967,0.874785840511322, $usually$ 10$20$ 
