target_pos,target_token,norm_suff,random_suff,norm_comp,random_comp
34, southeast,0.013524784706532955,0.011667462065815926,0.45217570662498474,0.1677865982055664
36, Philadelphia,0.0066122254356741905,0.0,0.24506935477256775,0.15724115073680878
38, It,0.0,0.0,0.06228312849998474,0.08767030388116837
40, a,0.0016337924171239138,0.0,0.07626215368509293,0.07543674856424332
42,ribut,0.0,0.0,0.0020854922477155924,0.001044767559505999
