norm_suff_mean,random_suff_mean,norm_comp_mean,random_comp_mean,final suff,final comp,target_tokens
0.0043541607446968555,0.0023334925062954426,0.1675751656293869,0.09783591330051422,1.8659416437149048,22.46952247619629, southeast$ Philadelphia$ It$ a$ribut
