target_pos,target_token,norm_suff,random_suff,norm_comp,random_comp
18, in,0.0,0.0,0.07919584214687347,0.16258317232131958
20,67,0.0,0.0005423369584605098,0.09765509516000748,0.05790003761649132
22,"
",0.0,0.0,0.052965451031923294,0.19956710934638977
24, know,0.0,0.002788232872262597,0.05768263712525368,0.03292987495660782
26, I,0.030657628551125526,0.016300974413752556,0.07916685193777084,0.061107784509658813
