norm_suff_mean,random_suff_mean,norm_comp_mean,random_comp_mean,final suff,final comp,target_tokens
0.006131525617092848,0.003926308825612068,0.07333317399024963,0.1028175950050354,1.561651349067688,16.768680572509766," in$67$
$ know$ I"
