target_pos,target_token,norm_suff,random_suff,norm_comp,random_comp
19,"
",0.0,0.0,0.6378024816513062,0.42613762617111206
21,'m,0.0,0.0,0.21963544189929962,0.19045956432819366
23, sure,0.0,0.0,0.16122770309448242,0.09206786006689072
25, this,0.0,0.011246073059737682,0.2137584239244461,0.2532305121421814
27, a,0.0,0.0,0.12024896591901779,0.1670236438512802
