target_pos,target_token,norm_suff,random_suff,norm_comp,random_comp
16, ,0.0,0.0,0.23083966970443726,0.20725874602794647
18, ,0.017335066571831703,0.08267522603273392,0.2358013093471527,0.21015135943889618
20, ,0.024028832092881203,0.0,0.3070717751979828,0.21044297516345978
22, ,0.0,0.0,0.28536731004714966,0.11440186202526093
24, ,0.0,0.0,0.09204167127609253,0.14227628707885742
