norm_suff_mean,random_suff_mean,norm_comp_mean,random_comp_mean,final suff,final comp,target_tokens
0.008272780105471611,0.016535045579075813,0.2302243560552597,0.1769062578678131,0.5003179311752319,21.384136199951172, $ $ $ $ 
