target_pos,target_token,norm_suff,random_suff,norm_comp,random_comp
25, ,0.0,0.0,0.21069496870040894,0.10086657106876373
27, ,0.00425876397639513,0.00683228624984622,0.31392738223075867,0.11782100051641464
29, ,0.0,0.0,0.29488375782966614,0.06622178852558136
31, ,0.0,0.0,0.17987078428268433,0.04401582479476929
33, ,0.006895655300468206,0.0,0.12185370177030563,0.09762335568666458
