norm_suff_mean,random_suff_mean,norm_comp_mean,random_comp_mean,final suff,final comp,target_tokens
0.0022308838088065386,0.001366457319818437,0.22424612939357758,0.0853097066283226,1.6326041221618652,38.240318298339844, $ $ $ $ 
