target_pos,target_token,norm_suff,random_suff,norm_comp,random_comp
21, ,0.0,0.0,0.1945946216583252,0.11726213246583939
23, ,0.0,0.0,0.15771952271461487,0.09114944934844971
25, ,0.0,0.0,0.251385360956192,0.1454785168170929
27, ,0.0,0.0,0.17919743061065674,0.07703141868114471
29, ,0.0,0.0486685186624527,0.1041763424873352,0.0899355560541153
