target_pos,target_token,norm_suff,random_suff,norm_comp,random_comp
22, (,0.0,0.0,0.09999513626098633,0.2133633941411972
24,",",0.0,0.0,0.12433629482984543,0.0051730237901210785
26, kilometers,0.0,0.0,0.0419490672647953,0.01692391000688076
28, east,0.00024391758779529482,0.0,0.08280910551548004,0.08702930808067322
30, Hawaii,0.0,0.0,0.3621677756309509,0.18594560027122498
