target_pos,target_token,norm_suff,random_suff,norm_comp,random_comp
26, by,0.0,0.0,0.25362837314605713,0.2284059226512909
28,-,0.0003517756122164428,0.0,0.10598854720592499,0.07479490339756012
30, Vall,0.00045991578372195363,0.0,0.14206771552562714,0.10154636949300766
32, and,0.0,0.0,0.21849887073040009,0.2492566853761673
34, S,0.04442094638943672,0.0,0.14457258582115173,0.16081228852272034
