target_pos,target_token,norm_suff,random_suff,norm_comp,random_comp
22, to,0.006130972411483526,0.0,0.789954423904419,0.11025272309780121
24, best,0.005316883325576782,0.0,0.08723607659339905,0.06631400436162949
26, actor,0.027823522686958313,0.0,0.06707312911748886,0.09927045553922653
28, a,0.0,0.0,0.06047547608613968,0.08293657004833221
30, series,0.0014364012749865651,0.0,0.07818761467933655,0.09000913798809052
