target_pos,target_token,norm_suff,random_suff,norm_comp,random_comp
28, The,0.0,0.0,0.07501857727766037,0.10841137170791626
30, Empire,0.0,0.0067461892031133175,0.113604336977005,0.11466097831726074
32, a,0.0,0.0,0.19097909331321716,0.07608361542224884
34, power,0.0024549311492592096,0.019802743569016457,0.1458977907896042,0.058164484798908234
36, the,0.007272791583091021,0.006254876963794231,0.05207046866416931,0.06384459882974625
