norm_suff_mean,random_suff_mean,norm_comp_mean,random_comp_mean,final suff,final comp,target_tokens
0.0019455446163192391,0.006560762412846088,0.11551405489444733,0.08423300832509995,0.2965424656867981,43.29533767700195, The$ Empire$ a$ power$ the
