target_pos,target_token,norm_suff,random_suff,norm_comp,random_comp
17, ,0.0,0.0,0.16415047645568848,0.2649354934692383
19, ,0.0,0.0,0.10591583698987961,0.0887555256485939
21, ,0.0,0.0,0.19087733328342438,0.14538152515888214
23, ,0.0,0.0,0.2364812195301056,0.13504724204540253
25, ,0.07366491109132767,0.02066594921052456,0.06469500809907913,0.26105791330337524
