norm_suff_mean,random_suff_mean,norm_comp_mean,random_comp_mean,final suff,final comp,target_tokens
0.014732982032001019,0.004133190028369427,0.15242397785186768,0.17903554439544678,3.5645546913146973,12.152023315429688, $ $ $ $ 
