target_pos,target_token,norm_suff,random_suff,norm_comp,random_comp
13, They,0.00210896716453135,0.0,0.2676464319229126,0.32425791025161743
15, used,0.0,0.0,0.15385253727436066,0.15927352011203766
17, many,0.0,0.0077382829040288925,0.15810130536556244,0.2810121178627014
19,",",0.0,0.0,0.1895771473646164,0.0972224771976471
21, cosmetics,0.0,0.0,0.13937616348266602,0.30618271231651306
