norm_suff_mean,random_suff_mean,norm_comp_mean,random_comp_mean,final suff,final comp,target_tokens
0.00042179343290627003,0.0015476566040888429,0.18171072006225586,0.2335897535085678,0.27253684401512146,553.8013305664062," They$ used$ many$,$ cosmetics"
