target_pos,target_token,norm_suff,random_suff,norm_comp,random_comp
21, to,0.0,0.0,0.07966536283493042,0.12088701128959656
23, establishment,0.0,0.0022555410396307707,0.19348804652690887,0.16906951367855072
25, the,0.0,0.0,0.06631931662559509,0.10741381347179413
27, of,0.0,0.0,0.06406927853822708,0.011958165094256401
29, in,0.0,0.013697000220417976,0.11031626909971237,0.15708386898040771
