target_pos,target_token,norm_suff,random_suff,norm_comp,random_comp
16, who,0.0,0.0,0.3485395610332489,0.21834801137447357
18, appeared,0.0,0.0,0.1201774924993515,0.07137438654899597
20, over,0.003190371673554182,0.0,0.08003320544958115,0.09236282855272293
22, films,0.0,0.003652091370895505,0.05666192248463631,0.059144407510757446
24, television,0.0,0.0,0.33100447058677673,0.12934337556362152
