norm_suff_mean,random_suff_mean,norm_comp_mean,random_comp_mean,final suff,final comp,target_tokens
0.0006380743579939008,0.0007304183091036975,0.18728333711624146,0.11411459743976593,0.873573899269104,178.8421630859375, who$ appeared$ over$ films$ television
