target_pos,target_token,norm_suff,random_suff,norm_comp,random_comp
16, ,0.0,0.0,0.19355197250843048,0.26870736479759216
18, ,0.0,0.022239170968532562,0.21292497217655182,0.1805262714624405
20, ,0.039791904389858246,0.010650493204593658,0.342225581407547,0.2558889389038086
22, ,0.0,0.0,0.2056902050971985,0.0862630307674408
24, ,0.0,0.0,0.10147277265787125,0.12952087819576263
