norm_suff_mean,random_suff_mean,norm_comp_mean,random_comp_mean,final suff,final comp,target_tokens
0.007958381436765194,0.006577932741492987,0.21117310225963593,0.18418128788471222,1.2098605632781982,23.14305877685547, $ $ $ $ 
