target_pos,target_token,norm_suff,random_suff,norm_comp,random_comp
25, of,0.0,0.0,0.14190220832824707,0.7801610231399536
27,ra,0.002399447839707136,0.0005304149817675352,0.4419538378715515,0.6242974400520325
29, and,0.0,0.0,0.57368004322052,0.24364884197711945
31, in,0.0,0.005636292044073343,0.1275889128446579,0.12876154482364655
33,48,3.8387966924346983e-05,0.0,0.05222703143954277,0.06739932298660278
