norm_suff_mean,random_suff_mean,norm_comp_mean,random_comp_mean,final suff,final comp,target_tokens
0.0004875671584159136,0.0012333414051681757,0.26747041940689087,0.3688536584377289,0.39532214403152466,756.5186767578125, of$ra$ and$ in$48
