target_pos,target_token,norm_suff,random_suff,norm_comp,random_comp
12, ,0.0,0.0,0.2319178283214569,0.3878737986087799
14, ,0.0,0.0,0.22940443456172943,0.1945243626832962
16, ,0.0,0.025077417492866516,0.18289430439472198,0.3750252425670624
18, ,0.0,0.0094744972884655,0.15250301361083984,0.1650257706642151
20, ,0.0,0.028517434373497963,0.12139640748500824,0.06579437106847763
