target_pos,target_token,norm_suff,random_suff,norm_comp,random_comp
21, ,0.0,0.0,0.35039523243904114,0.31437429785728455
23, ,0.0,0.00965408980846405,0.2738577425479889,0.08031492680311203
25, ,0.0,0.0,0.3421785533428192,0.08651898056268692
27, ,0.0,0.0,0.1752804070711136,0.10448598861694336
29, ,0.0,0.009498628787696362,0.07786257565021515,0.08768079429864883
