target_pos,target_token,norm_suff,random_suff,norm_comp,random_comp
22, for,0.0035751427058130503,0.022206781432032585,0.3753904700279236,0.34737545251846313
24, Los,0.002048241440206766,0.009564383886754513,0.1520286202430725,0.08059094846248627
26, Dodgers,0.0008240267634391785,0.0,0.07286930084228516,0.07558270543813705
28, Major,0.0,0.0,0.036443475633859634,0.11115698516368866
30, Baseball,0.0008298400789499283,0.0,0.09842192381620407,0.0161733441054821
