norm_suff_mean,random_suff_mean,norm_comp_mean,random_comp_mean,final suff,final comp,target_tokens
0.0014554501976817846,0.006354232784360647,0.1470307558774948,0.1261758804321289,0.22905206680297852,86.6919937133789, for$ Los$ Dodgers$ Major$ Baseball
