target_pos,target_token,norm_suff,random_suff,norm_comp,random_comp
26, ,0.0,0.0,0.17872914671897888,0.5523721575737
28, ,0.0,0.0,0.2169899195432663,0.09774989634752274
30, ,0.02513175643980503,0.0,0.18918859958648682,0.07691125571727753
32, ,0.0,0.0,0.1412496417760849,0.06360470503568649
34, ,0.0,0.005586468148976564,0.10993407666683197,0.07100807875394821
