norm_suff_mean,random_suff_mean,norm_comp_mean,random_comp_mean,final suff,final comp,target_tokens
0.005026351194828749,0.0011172936065122485,0.16721828281879425,0.17232921719551086,4.498684406280518,34.285152435302734, $ $ $ $ 
