suff,comp,random_suff,random_comp
0.062219078857592335,0.5879109238651955,0.036317375278792384,0.35810739527676266
