suff,comp,random_suff,random_comp
0.100223124862449,0.905490853051448,0.06607437847333414,0.8103868491901035
