suff,comp,random_suff,random_comp
0.005940197056198703,5.554258134515039e-05,0.0036718012486581797,2.8508994497291943e-05
