suff,comp,random_suff,random_comp
0.06970384409855442,0.6525509261180562,0.04701095981679761,0.45165946776079907
