suff,comp,random_suff,random_comp
0.0026474525167852953,0.005191340871594764,0.0009914823477484805,0.004921426902627839
