suff,comp,random_suff,random_comp
0.21746732890065223,0.9912914634227852,0.11690421488285312,0.9030014512311899
