suff,comp,random_suff,random_comp
0.04210777994431235,0.34504762523543236,0.015357858177810987,0.1689540404125836
