suff,comp,random_suff,random_comp
0.1580864003203062,0.9487942734638578,0.07899768473278798,0.8092119328977658
