suff,comp,random_suff,random_comp
0.07710330305574764,0.7473899214763622,0.0646121810617606,0.5156116757645025
