suff,comp,random_suff,random_comp
0.0033412994076576835,0.0056124737467084735,0.002871508629801568,0.00421335481105162
