suff,comp,random_suff,random_comp
0.06970384409855442,0.6525509261180562,0.05183109917872887,0.4126129981319839
