target_pos,target_token,norm_suff,random_suff,norm_comp,random_comp
34, in,0.0,0.0,0.02055232971906662,0.02095096744596958
36, U,0.002741049975156784,0.0,0.017726711928844452,0.01581525430083275
38,S,0.0,0.0013056416064500809,0.0006306727882474661,0.0005146469920873642
40, state,0.0010429344838485122,0.0,0.006114093586802483,0.008178438059985638
42, Pennsylvania,0.00022233306663110852,0.00010032540012616664,0.01549045741558075,0.0037691558245569468
