target_pos,target_token,norm_suff,random_suff,norm_comp,random_comp
34, in,0.0,0.0,0.022763971239328384,0.015944480895996094
36, U,0.0,0.0,0.025183219462633133,0.014673605561256409
38,S,0.003463225904852152,0.015799209475517273,0.0016706651076674461,0.0013453630963340402
40, state,0.0005366153782233596,0.0,0.0037949210964143276,0.009103106334805489
42, Pennsylvania,0.00035799696343019605,0.0006247127894312143,0.009973117150366306,0.003183897351846099
