norm_suff_mean,random_suff_mean,norm_comp_mean,random_comp_mean,final suff,final comp,target_tokens
0.0008715676958672702,0.003284784499555826,0.012677179649472237,0.008850091136991978,0.265334814786911,10.154221534729004, in$ U$S$ state$ Pennsylvania
