norm_suff_mean,random_suff_mean,norm_comp_mean,random_comp_mean,final suff,final comp,target_tokens
0.0008012634934857488,0.00028119341004639864,0.012102852575480938,0.009845691733062267,2.8495101928710938,12.287708282470703, in$ U$S$ state$ Pennsylvania
