target_pos,target_token,norm_suff,random_suff,norm_comp,random_comp
18, in,0.0,0.0,0.09721590578556061,0.06158394739031792
20,67,0.001959980931133032,0.009175908751785755,0.042074210941791534,0.011171363294124603
22,"
",0.059765417128801346,0.0,0.08432692289352417,0.021490884944796562
24, know,0.0,0.0,0.00972446147352457,0.013306407257914543
26, I,0.0,0.0,0.005026085767894983,0.008348866365849972
