target_pos,target_token,norm_suff,random_suff,norm_comp,random_comp
18, in,0.0,0.005940665956586599,0.06893369555473328,0.04350275546312332
20,67,0.0010910554556176066,0.0010525924153625965,0.020817279815673828,0.00551679078489542
22,"
",0.0,0.10115310549736023,0.08591382205486298,0.00850678887218237
24, know,0.0,0.0002637817815411836,0.02055072970688343,0.00667401310056448
26, I,0.0,0.0,0.005892079323530197,0.006170881446450949
