norm_suff_mean,random_suff_mean,norm_comp_mean,random_comp_mean,final suff,final comp,target_tokens
0.012345079332590103,0.0018351817270740867,0.04767351970076561,0.023180294781923294,6.726897716522217,1.877695083618164," in$67$
$ know$ I"
