norm_suff_mean,random_suff_mean,norm_comp_mean,random_comp_mean,final suff,final comp,target_tokens
0.00021821109112352133,0.021682029590010643,0.04042152315378189,0.01407424546778202,0.010064144618809223,64.49830627441406," in$67$
$ know$ I"
