target_pos,target_token,norm_suff,random_suff,norm_comp,random_comp
19, Edit,0.12073886394500732,0.04777902364730835,0.06351633369922638,0.027545135468244553
21, I,0.013759550638496876,0.0,0.023334430530667305,0.03052162192761898
23, wrong,0.0,0.0,0.02129853330552578,0.01827430911362171
25, it,0.0,0.0,0.017711549997329712,0.01931566372513771
27, 28,0.0,0.0,0.02118605375289917,0.029218804091215134
