target_pos,target_token,norm_suff,random_suff,norm_comp,random_comp
19, Edit,0.20591329038143158,0.0005084647564217448,0.12787269055843353,0.03925441578030586
21, I,0.0,0.0,0.016172917559742928,0.03461112082004547
23, wrong,0.0,0.0,0.01165043655782938,0.010610956698656082
25, it,0.0,0.0,0.013149554841220379,0.016537509858608246
27, 28,0.0,0.0,0.013496949337422848,0.018803874030709267
