norm_suff_mean,random_suff_mean,norm_comp_mean,random_comp_mean,final suff,final comp,target_tokens
0.026899684220552444,0.009555804543197155,0.02940937876701355,0.024975107982754707,2.815009832382202,0.9284535646438599, Edit$ I$ wrong$ it$ 28
