norm_suff_mean,random_suff_mean,norm_comp_mean,random_comp_mean,final suff,final comp,target_tokens
0.041182659566402435,0.00010169295273954049,0.0364685095846653,0.023963576182723045,404.97064208984375,0.5818850994110107, Edit$ I$ wrong$ it$ 28
