target_pos,target_token,norm_suff,random_suff,norm_comp,random_comp
16, and,0.0,0.029600489884614944,0.11069142073392868,0.022893471643328667
18, a,0.017287610098719597,0.007673840969800949,0.031154388561844826,0.030270759016275406
20, of,0.06714990735054016,0.0,0.0029241356533020735,0.004161936230957508
22, family,0.0381026528775692,0.00024180799664463848,0.039112333208322525,0.02623991295695305
24,mill,0.0034484509378671646,0.002645422238856554,0.07682210952043533,0.060784079134464264
