target_pos,target_token,norm_suff,random_suff,norm_comp,random_comp
16, and,0.045317281037569046,0.0,0.06106073781847954,0.06403892487287521
18, a,0.0,0.0,0.03442970663309097,0.02648916281759739
20, of,0.0,0.0,0.003250265261158347,0.0031166456174105406
22, family,0.0005969434860162437,0.0013878170866519213,0.0333874374628067,0.036368630826473236
24,mill,0.008114575408399105,0.0008805220131762326,0.06128216162323952,0.06737730652093887
