norm_suff_mean,random_suff_mean,norm_comp_mean,random_comp_mean,final suff,final comp,target_tokens
0.010805760510265827,0.0004536678025033325,0.038682062178850174,0.039478134363889694,23.818662643432617,3.6534340381622314, and$ a$ of$ family$mill
