norm_suff_mean,random_suff_mean,norm_comp_mean,random_comp_mean,final suff,final comp,target_tokens
0.025197727605700493,0.008032312616705894,0.05214088037610054,0.028870034962892532,3.13704514503479,1.1457396745681763, and$ a$ of$ family$mill
