target_pos,target_token,norm_suff,random_suff,norm_comp,random_comp
25, ,0.0,0.008715427480638027,0.07844503223896027,0.03323395177721977
27, tumor,0.0008129467023536563,0.004298505373299122,0.021234141662716866,0.024916192516684532
29, a,0.0,0.0,0.013778784312307835,0.020303530618548393
31, of,0.0,0.0,0.01436176523566246,0.01616009697318077
33, within,0.0,0.0,0.028504453599452972,0.023647496476769447
