target_pos,target_token,norm_suff,random_suff,norm_comp,random_comp
25, ,0.04468191787600517,0.051698945462703705,0.03677569329738617,0.045866649597883224
27, tumor,0.0,0.0,0.012671420350670815,0.022408101707696915
29, a,0.0,0.0,0.01931428536772728,0.021694347262382507
31, of,0.0,0.0,0.012416001409292221,0.016225863248109818
33, within,0.0,0.0,0.038190506398677826,0.012202002108097076
