norm_suff_mean,random_suff_mean,norm_comp_mean,random_comp_mean,final suff,final comp,target_tokens
0.0001625893492018804,0.002602786524221301,0.031264837831258774,0.023652253672480583,0.062467414885759354,145.47235107421875, $ tumor$ a$ of$ within
