norm_suff_mean,random_suff_mean,norm_comp_mean,random_comp_mean,final suff,final comp,target_tokens
0.00893638376146555,0.010339789092540741,0.023873580619692802,0.023679394274950027,0.8642714023590088,2.649773597717285, $ tumor$ a$ of$ within
