target_pos,target_token,norm_suff,random_suff,norm_comp,random_comp
21, ,0.01044272631406784,0.04651806131005287,0.07318850606679916,0.03348500281572342
23, Archbishop,0.0,0.0,0.048159003257751465,0.03618559241294861
25, Washington,0.0,0.0,0.030102480202913284,0.021595068275928497
27, the,0.009694409556686878,0.0,0.018230365589261055,0.006068074610084295
29, of,0.0,0.0,0.0022817186545580626,0.0015878110425546765
