target_pos,target_token,norm_suff,random_suff,norm_comp,random_comp
21, ,0.02170383743941784,0.03252066299319267,0.04259081184864044,0.05037447065114975
23, Archbishop,0.0,0.0,0.034867990761995316,0.02336627058684826
25, Washington,0.0,0.0,0.031069189310073853,0.013524181209504604
27, the,0.0,0.0,0.0058359019458293915,0.0031066760420799255
29, of,0.0,0.07345007359981537,0.002426957245916128,0.0032855418976396322
