norm_suff_mean,random_suff_mean,norm_comp_mean,random_comp_mean,final suff,final comp,target_tokens
0.00434076739475131,0.021194148808717728,0.023358169943094254,0.018731428310275078,0.20480971038341522,4.315234184265137, $ Archbishop$ Washington$ the$ of
