norm_suff_mean,random_suff_mean,norm_comp_mean,random_comp_mean,final suff,final comp,target_tokens
0.004027427174150944,0.009303612634539604,0.03439241647720337,0.019784310832619667,0.43288853764533997,4.9123945236206055, $ Archbishop$ Washington$ the$ of
