target_pos,target_token,norm_suff,random_suff,norm_comp,random_comp
22, (,0.009474499151110649,0.006360010709613562,0.021615590900182724,0.018189292401075363
24,",",0.0,0.001430728705599904,0.0007822479819878936,0.0011369086569175124
26, km,0.004986227955669165,0.0017647662898525596,0.00934123620390892,0.0056350380182266235
28, from,0.0,0.0,0.02042500488460064,0.009927656501531601
30, equ,0.003582048462703824,0.0,0.01892073079943657,0.017955521121621132
