target_pos,target_token,norm_suff,random_suff,norm_comp,random_comp
22, (,0.0,0.0012913182144984603,0.019832829013466835,0.012461522594094276
24,",",0.0,0.0,0.0005526214954443276,0.001166627393104136
26, km,0.002125905128195882,0.0,0.0034476425498723984,0.004397465381771326
28, from,0.0,0.0,0.010545657947659492,0.015576246194541454
30, equ,0.0,0.0,0.01883707009255886,0.011203313246369362
