norm_suff_mean,random_suff_mean,norm_comp_mean,random_comp_mean,final suff,final comp,target_tokens
0.00042518103145994246,0.00025826363707892597,0.01064316462725401,0.008961035870015621,1.6463062763214111,21.07581329345703," ($,$ km$ from$ equ"
