norm_suff_mean,random_suff_mean,norm_comp_mean,random_comp_mean,final suff,final comp,target_tokens
0.003608555067330599,0.0019111011642962694,0.014216962270438671,0.010568884201347828,1.888207197189331,2.9288411140441895," ($,$ km$ from$ equ"
