target_pos,target_token,norm_suff,random_suff,norm_comp,random_comp
26, by,0.0,0.0,0.011387120001018047,0.011813412420451641
28, Weiner,0.0,0.0,0.04636284336447716,0.061117179691791534
30, David,0.0,0.0,0.03718370944261551,0.041958242654800415
32,.,0.0,0.024497829377651215,0.00559369008988142,0.003342451062053442
34,.,0.0,0.0,0.006945089437067509,0.01083832886070013
