target_pos,target_token,norm_suff,random_suff,norm_comp,random_comp
26, by,0.0,0.0,0.009744919836521149,0.004745590966194868
28, Weiner,0.0025695599615573883,0.0,0.052594371140003204,0.03216123580932617
30, David,0.0022645217832177877,0.0,0.035204529762268066,0.025621825829148293
32,.,0.0,0.06780484318733215,0.01099475473165512,0.004600032698363066
34,.,0.0,0.0,0.015096953138709068,0.010802911594510078
