norm_suff_mean,random_suff_mean,norm_comp_mean,random_comp_mean,final suff,final comp,target_tokens
0.0009668163838796318,0.013560968451201916,0.02472710609436035,0.015586319379508495,0.07129405438899994,16.12128257751465, by$ Weiner$ David$.$.
