target_pos,target_token,norm_suff,random_suff,norm_comp,random_comp
22, to,0.0022033751010894775,0.0,0.011024722829461098,0.01862429827451706
24, actor,0.0,0.0,0.026942210271954536,0.013382142409682274
26, has,0.0,0.0,0.014648682437837124,0.00817109178751707
28, a,0.0,0.0,0.019686458632349968,0.023076867684721947
30, role,0.000712280860170722,0.0,0.005719958338886499,0.004413214977830648
