target_pos,target_token,norm_suff,random_suff,norm_comp,random_comp
22, to,0.0,0.0,0.014694619923830032,0.027563774958252907
24, actor,0.0,0.0,0.007001948077231646,0.013088898733258247
26, has,0.0,0.0,0.011260968632996082,0.017776070162653923
28, a,0.0,0.0,0.017384007573127747,0.0182986818253994
30, role,0.0,0.0036376481875777245,0.0074744997546076775,0.0032891342416405678
