target_pos,target_token,norm_suff,random_suff,norm_comp,random_comp
28, The,0.1523767113685608,0.0,0.010394690558314323,0.013896508142352104
30, were,0.0,0.0,0.02033829130232334,0.010543412528932095
32, war,0.0,0.0,0.006297650281339884,0.003265884006395936
34, the,0.0,0.0,0.019424034282565117,0.011538680642843246
36,",",0.0,0.04582194983959198,0.013311144895851612,0.010122218169271946
