target_pos,target_token,norm_suff,random_suff,norm_comp,random_comp
28, The,0.0011474484344944358,0.19955362379550934,0.010730771347880363,0.012147361412644386
30, were,0.0,0.0,0.023829687386751175,0.019626764580607414
32, war,0.006447101943194866,0.0,0.005673978943377733,0.011827771551907063
34, the,0.009900637902319431,0.05110720172524452,0.020178470760583878,0.019974268972873688
36,",",0.0,0.0,0.01431267149746418,0.01782621629536152
