norm_suff_mean,random_suff_mean,norm_comp_mean,random_comp_mean,final suff,final comp,target_tokens
0.030475342646241188,0.009164390154182911,0.013953163288533688,0.009873340837657452,3.325408697128296,0.3239780068397522," The$ were$ war$ the$,"
