norm_suff_mean,random_suff_mean,norm_comp_mean,random_comp_mean,final suff,final comp,target_tokens
0.003499037818983197,0.05013216659426689,0.014945116825401783,0.01628047600388527,0.06979626417160034,4.652843475341797," The$ were$ war$ the$,"
