target_pos,target_token,norm_suff,random_suff,norm_comp,random_comp
18, in,0.0,0.0,0.026493169367313385,0.03011319227516651
20, middle,0.0,0.0,0.04042471945285797,0.03390542417764664
22, the,0.0,0.011491900309920311,0.024573586881160736,0.03501196205615997
24,th,0.004369392525404692,0.005537171382457018,0.0019123933743685484,0.0015348392771556973
26,.,0.0,0.02094753459095955,0.0178545955568552,0.031022578477859497
