target_pos,target_token,norm_suff,random_suff,norm_comp,random_comp
18, in,0.0,0.0,0.020006725564599037,0.06055546924471855
20, middle,0.005527731496840715,0.00605989433825016,0.02112807333469391,0.03529348224401474
22, the,0.0,0.0,0.023785613477230072,0.029786640778183937
24,th,0.00885516032576561,0.0,0.0011872353497892618,0.0021435969974845648
26,.,0.012168925255537033,0.10934031754732132,0.022649824619293213,0.014570781029760838
