norm_suff_mean,random_suff_mean,norm_comp_mean,random_comp_mean,final suff,final comp,target_tokens
0.005310363601893187,0.023080041632056236,0.01775149442255497,0.0284699946641922,0.23008465766906738,5.361213684082031, in$ middle$ the$th$.
