norm_suff_mean,random_suff_mean,norm_comp_mean,random_comp_mean,final suff,final comp,target_tokens
0.0008738785400055349,0.007595321629196405,0.022251693531870842,0.026317600160837173,0.11505484580993652,30.115856170654297, in$ middle$ the$th$.
