target_pos,target_token,norm_suff,random_suff,norm_comp,random_comp
17, ,0.007003134116530418,0.04636500030755997,0.03421695902943611,0.03011494316160679
19, ,0.0867447629570961,0.008531712926924229,0.020779583603143692,0.028723394498229027
21, ,0.0,0.10763508826494217,0.023352961987257004,0.026293732225894928
23, ,0.0,0.0,0.027964893728494644,0.015552780590951443
25, ,0.0,0.010966871865093708,0.025105053558945656,0.017670318484306335
