target_pos,target_token,norm_suff,random_suff,norm_comp,random_comp
17, ,0.0,0.05210861191153526,0.029822906479239464,0.020545821636915207
19, ,0.013804555870592594,0.0,0.022559411823749542,0.05130743607878685
21, ,0.0,0.006328289862722158,0.029800832271575928,0.018469998612999916
23, ,0.0,0.0,0.010900533758103848,0.015851786360144615
25, ,0.005467367824167013,0.0,0.01723283715546131,0.017782283946871758
