norm_suff_mean,random_suff_mean,norm_comp_mean,random_comp_mean,final suff,final comp,target_tokens
0.018749579787254333,0.034699734300374985,0.02628389000892639,0.02367103472352028,0.540337860584259,1.2624834775924683, $ $ $ $ 
