norm_suff_mean,random_suff_mean,norm_comp_mean,random_comp_mean,final suff,final comp,target_tokens
0.003854384645819664,0.011687380261719227,0.022063305601477623,0.02479146420955658,0.32979029417037964,6.432015895843506, $ $ $ $ 
