target_pos,target_token,norm_suff,random_suff,norm_comp,random_comp
13, They,0.0,0.0,0.13149121403694153,0.08787009865045547
15, not,0.0,0.0,0.07032062113285065,0.06843505799770355
17,.,0.04475799575448036,0.0,0.06102852150797844,0.04090844467282295
19,I,0.03523034229874611,0.0,0.03664639592170715,0.017106959596276283
21,",",0.018937330693006516,0.0,0.014494090341031551,0.007870467379689217
