target_pos,target_token,norm_suff,random_suff,norm_comp,random_comp
13, They,0.002527410164475441,0.0,0.07576189190149307,0.057195793837308884
15, not,0.0,0.0,0.056984446942806244,0.07359818369150162
17,.,0.0,0.019209276884794235,0.03379526361823082,0.058099593967199326
19,I,0.0368671789765358,0.04141785576939583,0.032695312052965164,0.01960483379662037
21,",",0.0,0.014723017811775208,0.011223945766687393,0.008917015977203846
