norm_suff_mean,random_suff_mean,norm_comp_mean,random_comp_mean,final suff,final comp,target_tokens
0.007878917269408703,0.015070030465722084,0.04209217056632042,0.04348308593034744,0.522820234298706,5.518916606903076," They$ not$.$I$,"
