target_pos,target_token,norm_suff,random_suff,norm_comp,random_comp
21, until,0.010542910546064377,0.0,0.03216008469462395,0.020341306924819946
23, French,0.0,0.0,0.016762234270572662,0.01433101762086153
25, in,0.0,0.0,0.010654773563146591,0.02556765452027321
27,89,0.005792402662336826,0.004993396811187267,0.006158544681966305,0.003273917594924569
29, The,0.058059029281139374,0.17846842110157013,0.018647361546754837,0.009560060687363148
