target_pos,target_token,norm_suff,random_suff,norm_comp,random_comp
21, until,0.0,0.0,0.023819779977202415,0.016525492072105408
23, French,0.0,0.0011125531746074557,0.04158894717693329,0.03939773887395859
25, in,0.04162997379899025,0.0,0.0241306833922863,0.02106601372361183
27,89,0.0,0.0,0.0031206875573843718,0.0034577329643070698
29, The,0.07058747112751007,0.1334647536277771,0.011660588905215263,0.012401162646710873
