norm_suff_mean,random_suff_mean,norm_comp_mean,random_comp_mean,final suff,final comp,target_tokens
0.014878868125379086,0.036692362278699875,0.016876598820090294,0.014614790678024292,0.40550315380096436,0.9822515249252319, until$ French$ in$89$ The
