norm_suff_mean,random_suff_mean,norm_comp_mean,random_comp_mean,final suff,final comp,target_tokens
0.022443488240242004,0.02691546082496643,0.020864136517047882,0.01856962777674198,0.833851158618927,0.8273949027061462, until$ French$ in$89$ The
