target_pos,target_token,norm_suff,random_suff,norm_comp,random_comp
16, and,0.0,0.0,0.09814430773258209,0.023026738315820694
18,.,0.0,0.00201745075173676,0.022111013531684875,0.015160644426941872
20, is,0.0,0.01333622820675373,0.029584046453237534,0.008085978217422962
22, known,0.0,0.0,0.0019806181080639362,0.0016244269208982587
24, his,0.0,0.0,0.0091482512652874,0.00848743412643671
