target_pos,target_token,norm_suff,random_suff,norm_comp,random_comp
16, and,0.0,0.0,0.09045200049877167,0.0753171443939209
18,.,0.04295012354850769,0.1776573210954666,0.02001757174730301,0.015438150614500046
20, is,0.008187507279217243,0.01752719096839428,0.028528297320008278,0.012171812355518341
22, known,0.0,0.0,0.0028112877625972033,0.002042703563347459
24, his,0.0,0.0,0.009921237826347351,0.009071065112948418
