norm_suff_mean,random_suff_mean,norm_comp_mean,random_comp_mean,final suff,final comp,target_tokens
0.010227526538074017,0.03903690353035927,0.030346078798174858,0.022808177396655083,0.2619963586330414,2.2300775051116943, and$.$ is$ known$ his
