target_pos,target_token,norm_suff,random_suff,norm_comp,random_comp
16, ,0.00591164268553257,0.0,0.12258035689592361,0.07760719209909439
18, ,0.0,0.0,0.03716069087386131,0.019319046288728714
20, ,0.04675590991973877,0.012340576387941837,0.03431999683380127,0.03420167416334152
22, ,0.0,0.0,0.017196327447891235,0.01152353547513485
24, ,0.01601840741932392,0.005511792376637459,0.02493358962237835,0.01109493151307106
