target_pos,target_token,norm_suff,random_suff,norm_comp,random_comp
16, ,0.0,0.06663598865270615,0.19769927859306335,0.055519137531518936
18, ,0.038952991366386414,0.0,0.02968577854335308,0.01252536941319704
20, ,0.04913938045501709,0.006232894491404295,0.043447211384773254,0.03467399626970291
22, ,0.0,0.0,0.016977228224277496,0.017466625198721886
24, ,0.0114155113697052,0.0,0.020271869376301765,0.013079412281513214
