norm_suff_mean,random_suff_mean,norm_comp_mean,random_comp_mean,final suff,final comp,target_tokens
0.013737193308770657,0.003570473985746503,0.047238193452358246,0.030749276280403137,3.847442388534546,2.238395929336548, $ $ $ $ 
