norm_suff_mean,random_suff_mean,norm_comp_mean,random_comp_mean,final suff,final comp,target_tokens
0.0199015773832798,0.014573777094483376,0.06161627173423767,0.026652907952666283,1.3655744791030884,1.3392359018325806, $ $ $ $ 
