target_pos,target_token,norm_suff,random_suff,norm_comp,random_comp
25, of,0.0,0.0,0.026341713964939117,0.025312120094895363
27,ra,0.0,0.00029523507691919804,0.001154132536612451,0.0030360452365130186
29, and,0.008512118831276894,0.0,0.013777084648609161,0.016548480838537216
31, from,0.0,0.0,0.011207261122763157,0.01184699684381485
33,78,0.0005795121542178094,0.0012814615620300174,0.018570540472865105,0.012195026502013206
