target_pos,target_token,norm_suff,random_suff,norm_comp,random_comp
25, of,0.0,0.0,0.04949711635708809,0.02033613808453083
27,ra,3.1991785363061354e-05,0.003761251689866185,0.0019168878206983209,0.0023099971003830433
29, and,0.0,0.0,0.01232701726257801,0.009367644786834717
31, from,0.02668924257159233,0.05158944055438042,0.02748117409646511,0.010824893601238728
33,78,0.0010427209781482816,0.024806363508105278,0.030340157449245453,0.018116537481546402
