norm_suff_mean,random_suff_mean,norm_comp_mean,random_comp_mean,final suff,final comp,target_tokens
0.0018183261854574084,0.0003153393336106092,0.014210146851837635,0.01378773432224989,5.766252517700195,7.582651615142822, of$ra$ and$ from$78
