norm_suff_mean,random_suff_mean,norm_comp_mean,random_comp_mean,final suff,final comp,target_tokens
0.005552791059017181,0.016031412407755852,0.024312471970915794,0.012191042304039001,0.3463694155216217,2.1954801082611084, of$ra$ and$ from$78
