target_pos,target_token,norm_suff,random_suff,norm_comp,random_comp
12,"
",0.0,0.0,0.20419816672801971,0.13093751668930054
14, was,0.0,0.0,0.03266282007098198,0.014334040693938732
16, Sinclair,0.0,0.001035796944051981,0.05307936295866966,0.03108868934214115
18, in,0.0,0.0,0.0439036563038826,0.027101367712020874
20, early,0.0,0.0,0.011677594855427742,0.013530944474041462
