target_pos,target_token,norm_suff,random_suff,norm_comp,random_comp
12,"
",0.01699795573949814,0.024076055735349655,0.20858190953731537,0.07137300819158554
14, was,0.0,0.0,0.023738330230116844,0.010630499571561813
16, Sinclair,0.001062846160493791,0.0,0.12116121500730515,0.01805228367447853
18, in,0.0,0.0,0.010716663673520088,0.0220885518938303
20, early,0.0,0.0053390576504170895,0.014101781882345676,0.011410822160542011
