norm_suff_mean,random_suff_mean,norm_comp_mean,random_comp_mean,final suff,final comp,target_tokens
0.003612160449847579,0.005883022677153349,0.07565998286008835,0.026711035519838333,0.6139973402023315,7.394753456115723,"
$ was$ Sinclair$ in$ early"
