target_pos,target_token,norm_suff,random_suff,norm_comp,random_comp
21, ,0.06308919936418533,0.0,0.05225376412272453,0.029944155365228653
23, ,0.0,0.002718582982197404,0.02426929958164692,0.015469224192202091
25, ,0.0028167422860860825,0.0,0.025942783802747726,0.02102082222700119
27, ,0.05165020003914833,0.001212189206853509,0.019223544746637344,0.020062489435076714
29, ,0.0,0.0,0.02011367678642273,0.019477522000670433
