target_pos,target_token,norm_suff,random_suff,norm_comp,random_comp
21, ,0.08436699211597443,0.0,0.04202597960829735,0.03877721726894379
23, ,0.06768084317445755,0.05348186567425728,0.017811492085456848,0.01473103929311037
25, ,0.025829434394836426,0.0,0.034662116318941116,0.01723213493824005
27, ,0.0,0.0,0.024554239585995674,0.018360169604420662
29, ,0.0,0.05778735503554344,0.014181598089635372,0.01494018267840147
