norm_suff_mean,random_suff_mean,norm_comp_mean,random_comp_mean,final suff,final comp,target_tokens
0.03557545691728592,0.022253844887018204,0.026647085323929787,0.020808149129152298,1.5986206531524658,0.5849018096923828, $ $ $ $ 
