norm_suff_mean,random_suff_mean,norm_comp_mean,random_comp_mean,final suff,final comp,target_tokens
0.02351122908294201,0.0007861544727347791,0.02836061455309391,0.02119484357535839,29.906627655029297,0.9014774560928345, $ $ $ $ 
