target_pos,target_token,norm_suff,random_suff,norm_comp,random_comp
23, (,0.03596111014485359,0.1239776611328125,0.13271120190620422,0.04960188269615173
25,22,0.0005046298028901219,0.028892533853650093,0.13385827839374542,0.044216785579919815
27, It,0.0,0.0,0.014956518076360226,0.012751700356602669
29, a,0.0,0.0,0.01668798178434372,0.017106452956795692
31, on,0.0,0.0,0.005237145349383354,0.0034029048401862383
