target_pos,target_token,norm_suff,random_suff,norm_comp,random_comp
23, (,0.12170431017875671,0.018295787274837494,0.11616172641515732,0.048778269439935684
25,22,0.0015206437092274427,0.005952781531959772,0.08504395186901093,0.014393140561878681
27, It,0.0,0.027236204594373703,0.013884901069104671,0.009763449430465698
29, a,0.0,0.0,0.015323903411626816,0.01950943097472191
31, on,0.01639239676296711,0.0,0.0063394661992788315,0.003811751026660204
