norm_suff_mean,random_suff_mean,norm_comp_mean,random_comp_mean,final suff,final comp,target_tokens
0.027923470363020897,0.010296954773366451,0.04735079035162926,0.019251210615038872,2.711818218231201,0.6894275546073914, ($22$ It$ a$ on
