norm_suff_mean,random_suff_mean,norm_comp_mean,random_comp_mean,final suff,final comp,target_tokens
0.007293148431926966,0.03057403862476349,0.060690224170684814,0.025415945798158646,0.23854056000709534,3.4849071502685547, ($22$ It$ a$ on
