target_pos,target_token,norm_suff,random_suff,norm_comp,random_comp
22, who,0.0,0.0032706756610423326,0.03286565840244293,0.06789077073335648
24, a,0.0,0.004643317312002182,0.012224855832755566,0.007498995866626501
26, agent,0.0009034447139129043,0.0008366472902707756,0.002227858640253544,0.002766259480267763
28, He,0.02935178205370903,0.0,0.039741139858961105,0.04678397998213768
30, played,0.0,0.00043471044045872986,0.01298357080668211,0.010234723798930645
