target_pos,target_token,norm_suff,random_suff,norm_comp,random_comp
22, who,0.008774518966674805,0.0,0.0347461998462677,0.058361709117889404
24, a,0.0029783030040562153,0.0,0.02077251486480236,0.023700151592493057
26, agent,0.0,0.005377256311476231,0.0006812106585130095,0.0013447285164147615
28, He,0.052934300154447556,0.06456788629293442,0.030787240713834763,0.014888527803122997
30, played,0.00028619615477509797,0.0004219700931571424,0.0052551389671862125,0.008823970332741737
