norm_suff_mean,random_suff_mean,norm_comp_mean,random_comp_mean,final suff,final comp,target_tokens
0.006051045376807451,0.0018370701000094414,0.020008618012070656,0.02703494392335415,3.293856620788574,4.467813968658447, who$ a$ agent$ He$ played
