norm_suff_mean,random_suff_mean,norm_comp_mean,random_comp_mean,final suff,final comp,target_tokens
0.012994663789868355,0.014073423109948635,0.018448462709784508,0.021423818543553352,0.9233477711677551,1.648662805557251, who$ a$ agent$ He$ played
