target_pos,target_token,norm_suff,random_suff,norm_comp,random_comp
26, ,0.0,0.0,0.04422933608293533,0.029783939942717552
28, ,0.0,0.17718520760536194,0.02340148389339447,0.019725725054740906
30, ,0.006601909641176462,0.008275658823549747,0.029104091227054596,0.01496203988790512
32, ,0.09796439111232758,0.005635309964418411,0.012162125669419765,0.015977514907717705
34, ,0.019225984811782837,0.04342048242688179,0.014506293460726738,0.006813223008066416
