target_pos,target_token,norm_suff,random_suff,norm_comp,random_comp
26, ,0.0,0.0,0.04633215069770813,0.020651042461395264
28, ,0.0,0.0,0.015512507408857346,0.02247234620153904
30, ,0.057102371007204056,0.0,0.01899830438196659,0.013742806389927864
32, ,0.0008197498973459005,0.00020163506269454956,0.009445126168429852,0.009134240448474884
34, ,0.07645519822835922,0.0,0.01332453265786171,0.008725377731025219
