norm_suff_mean,random_suff_mean,norm_comp_mean,random_comp_mean,final suff,final comp,target_tokens
0.024758456274867058,0.0469033308327198,0.024680666625499725,0.017452489584684372,0.5278613567352295,0.7049102783203125, $ $ $ $ 
