norm_suff_mean,random_suff_mean,norm_comp_mean,random_comp_mean,final suff,final comp,target_tokens
0.026875464245676994,4.0327013266505674e-05,0.02072252333164215,0.014945163391530514,666.438232421875,0.5560895204544067, $ $ $ $ 
