suff,comp,random_suff,random_comp
0.16416197758015433,0.8460878327743726,0.056564862363803134,0.5026179050849989
