suff,comp,random_suff,random_comp
0.0019703242269426846,0.0055062499955862015,0.0031933225568943203,0.005336396267136574
