{
    "$schema": "../docs/rationalization.schema.json",
    "id": 0,
    "input-text": [
        "</s>",
        "When",
        " my",
        " flight",
        " landed",
        " in",
        " Russia",
        ",",
        " I",
        " converted",
        " my",
        " currency",
        " and",
        " slowly",
        " fell",
        " asleep",
        ".",
        " (",
        "I",
        " had",
        " a",
        " terrifying",
        " dream",
        " about",
        " my",
        " grandmother",
        ",",
        " but",
        " that",
        "'s",
        " a",
        " story",
        " for",
        " another",
        " time",
        ").",
        " I",
        " was",
        " staying",
        " in",
        " the",
        " capital",
        ","
    ],
    "input-tokens": [
        2,
        1779,
        127,
        2524,
        5932,
        11,
        798,
        6,
        38,
        8417,
        127,
        2593,
        8,
        5764,
        1064,
        15028,
        4,
        36,
        100,
        56,
        10,
        15567,
        3366,
        59,
        127,
        8853,
        6,
        53,
        14,
        18,
        10,
        527,
        13,
        277,
        86,
        322,
        38,
        21,
        4959,
        11,
        5,
        812,
        6
    ],
    "target-text": " Moscow",
    "target-token": 3467,
    "rational-size": 5,
    "rational-positions": [
        4,
        42,
        2,
        7,
        5
    ],
    "rational-text": [
        " landed",
        ",",
        " my",
        ",",
        " in"
    ],
    "rational-tokens": [
        5932,
        6,
        127,
        6,
        11
    ],
    "importance-scores": [
        0.0,
        0.0,
        0.0608191080391407,
        0.049272771924734116,
        0.06557945162057877,
        0.05409254506230354,
        0.03508826345205307,
        0.0546942874789238,
        0.02119295299053192,
        0.016431495547294617,
        0.024011917412281036,
        0.01690954901278019,
        0.02153744176030159,
        0.013644972816109657,
        0.016775526106357574,
        0.01667322777211666,
        0.020356595516204834,
        0.021340183913707733,
        0.02599349245429039,
        0.010640681721270084,
        0.009044366888701916,
        0.011182717978954315,
        0.02474292553961277,
        0.01603015512228012,
        0.009311212226748466,
        0.012123126536607742,
        0.01654961332678795,
        0.011453721672296524,
        0.011150387115776539,
        0.011844304390251637,
        0.012025774456560612,
        0.010393613018095493,
        0.013805120252072811,
        0.010424010455608368,
        0.011714106425642967,
        0.016347583383321762,
        0.03618805482983589,
        0.01584663987159729,
        0.019660789519548416,
        0.03177640587091446,
        0.017365537583827972,
        0.030097801238298416,
        0.062628835439682
    ],
    "comments": {
        "created-by": "run_analogies.py",
        "args": {
            "model": "KoboldAI/OPT-6.7B-Erebus",
            "cache_dir": "cache/",
            "tokenizer": "KoboldAI/OPT-6.7B-Erebus",
            "data_dir": "data/analogies/OPT6B/",
            "importance_results_dir": "rationalization_results/analogies/OPT6B_inseq_gradient_shap",
            "device": "cuda",
            "rationalization_config": "config/inseq_gradient_shap.json",
            "input_num_ratio": 1.0,
            "logfolder": "logs/analogies/OPT6B_inseq_gradient_shap",
            "loglevel": 20
        },
        "time_elapsed": 1.4170372486114502
    }
}