{
    "$schema": "../docs/rationalization.schema.json",
    "id": 13,
    "input-text": [
        "</s>",
        "I",
        " knew",
        " it",
        " was",
        " low",
        ",",
        " but",
        " that",
        "'s",
        " before",
        " I",
        " saw",
        " it",
        " in",
        " person",
        ".",
        " (",
        "Just",
        " then",
        " I",
        " thought",
        " about",
        " my",
        " ex",
        "-",
        "wife",
        ",",
        " but",
        " I",
        " had",
        " to",
        " stop",
        " thinking",
        " about",
        " her",
        ").",
        " When",
        " I",
        " did",
        " end",
        " up",
        " seeing",
        " it",
        " in",
        " person",
        ",",
        " it",
        " was",
        " even"
    ],
    "input-tokens": [
        2,
        100,
        1467,
        24,
        21,
        614,
        6,
        53,
        14,
        18,
        137,
        38,
        794,
        24,
        11,
        621,
        4,
        36,
        6785,
        172,
        38,
        802,
        59,
        127,
        1931,
        12,
        12295,
        6,
        53,
        38,
        56,
        7,
        912,
        2053,
        59,
        69,
        322,
        520,
        38,
        222,
        253,
        62,
        1782,
        24,
        11,
        621,
        6,
        24,
        21,
        190
    ],
    "target-text": " lower",
    "target-token": 795,
    "rational-size": 5,
    "rational-positions": [
        6,
        33,
        5,
        3,
        2
    ],
    "rational-text": [
        ",",
        " thinking",
        " low",
        " it",
        " knew"
    ],
    "rational-tokens": [
        6,
        2053,
        614,
        24,
        1467
    ],
    "importance-scores": [
        0.0,
        0.0,
        0.04215585067868233,
        0.04318428784608841,
        0.03545958176255226,
        0.044929731637239456,
        0.059092458337545395,
        0.030605586245656013,
        0.02053895965218544,
        0.014803487807512283,
        0.020782504230737686,
        0.023488495498895645,
        0.01483749970793724,
        0.01907382719218731,
        0.01442227978259325,
        0.03440175950527191,
        0.030103297904133797,
        0.017377091571688652,
        0.013161441311240196,
        0.016878973692655563,
        0.013734957203269005,
        0.008169610984623432,
        0.010807212442159653,
        0.010453452356159687,
        0.009608536958694458,
        0.0170791894197464,
        0.009421329945325851,
        0.018932949751615524,
        0.011569133959710598,
        0.009629134088754654,
        0.006604827009141445,
        0.010241571813821793,
        0.023447470739483833,
        0.05107630789279938,
        0.007198292296379805,
        0.007072138600051403,
        0.010874880477786064,
        0.01712794229388237,
        0.013668052852153778,
        0.008233530446887016,
        0.012155834585428238,
        0.014615911059081554,
        0.017720581963658333,
        0.024471769109368324,
        0.017561333253979683,
        0.02762945555150509,
        0.01912623643875122,
        0.01608271524310112,
        0.01587887480854988,
        0.027223048731684685
    ],
    "comments": {
        "created-by": "run_analogies.py",
        "args": {
            "model": "KoboldAI/OPT-6.7B-Erebus",
            "cache_dir": "./cache/",
            "tokenizer": "KoboldAI/OPT-6.7B-Erebus",
            "data_dir": "data/analogies/OPT6B/",
            "importance_results_dir": "rationalization_results/analogies/OPT6B_gradient_shap",
            "device": "cuda",
            "rationalization_config": "config/eva_gradient_shap.json",
            "input_num_ratio": 1,
            "logfolder": "logs/analogies/OPT6B_gradient_shap",
            "loglevel": 20
        },
        "time_elapsed": 0.4656083583831787
    }
}