{
    "$schema": "../docs/rationalization.schema.json",
    "id": 106,
    "input-text": [
        "I",
        " thought",
        " it",
        " would",
        " be",
        " the",
        " lowest",
        " thing",
        " I",
        "'d",
        " ever",
        " encounter",
        ".",
        " (",
        "I",
        " tried",
        " to",
        " ignore",
        " my",
        " phone",
        " vibr",
        "ating",
        " in",
        " my",
        " pocket",
        ").",
        " But",
        " when",
        " I",
        " did",
        " end",
        " up",
        " encountering",
        " it",
        ",",
        " it",
        " turned",
        " out",
        " it",
        " wasn",
        "'t",
        " so"
    ],
    "input-tokens": [
        40,
        1807,
        340,
        561,
        307,
        262,
        9016,
        1517,
        314,
        1549,
        1683,
        8791,
        13,
        357,
        40,
        3088,
        284,
        8856,
        616,
        3072,
        12611,
        803,
        287,
        616,
        10000,
        737,
        887,
        618,
        314,
        750,
        886,
        510,
        42398,
        340,
        11,
        340,
        2900,
        503,
        340,
        2492,
        470,
        523
    ],
    "target-text": " low",
    "target-token": 1877,
    "rational-size": 20,
    "rational-positions": [
        0,
        1,
        3,
        6,
        13,
        14,
        15,
        16,
        19,
        21,
        24,
        25,
        30,
        33,
        35,
        37,
        38,
        39,
        40,
        41
    ],
    "rational-text": [
        "I",
        " thought",
        " would",
        " lowest",
        " (",
        "I",
        " tried",
        " to",
        " phone",
        "ating",
        " pocket",
        ").",
        " end",
        " it",
        " it",
        " out",
        " it",
        " wasn",
        "'t",
        " so"
    ],
    "rational-tokens": [
        40,
        1807,
        561,
        9016,
        357,
        40,
        3088,
        284,
        3072,
        803,
        10000,
        737,
        886,
        340,
        340,
        503,
        340,
        2492,
        470,
        523
    ],
    "importance-scores": [
        5.059069735580124e-06,
        0.2416299283504486,
        2.1262407389225843e-15,
        0.12402866035699844,
        2.442573895677924e-05,
        2.1232422113826033e-06,
        3.2141318229150784e-07,
        6.240890508373009e-13,
        6.876785409505202e-20,
        2.4665911535493024e-09,
        6.159120435889065e-11,
        6.695058529381133e-16,
        3.079726415295553e-14,
        0.12238045036792755,
        0.006960818078368902,
        9.297538053942844e-05,
        1.853935646067839e-05,
        3.3071177462935374e-15,
        1.0202296785166709e-08,
        0.12635934352874756,
        0.12404747307300568,
        1.8066582674336473e-09,
        8.11289993518649e-11,
        9.974267505680201e-13,
        0.12362278252840042,
        0.000952550966758281,
        5.596724670961875e-16,
        1.563761179568246e-05,
        9.327555159025032e-21,
        2.2874937892231745e-15,
        1.0769639402496978e-06,
        1.6101032542792382e-06,
        6.081162930529106e-15,
        1.1342057405272499e-05,
        8.338943757735251e-09,
        5.2330557082314044e-05,
        0.002618152881041169,
        0.001228246372193098,
        0.12497519701719284,
        0.0009708943543955684,
        2.3539054386234604e-11,
        1.7312308031591783e-08
    ],
    "comments": {
        "created-by": "run_analogies.py",
        "args": {
            "model": "gpt2-medium",
            "cache_dir": "cache/",
            "tokenizer": "gpt2-medium",
            "data_dir": "data/analogies/gpt2/",
            "importance_results_dir": "rationalization_results/analogies/gpt2_ours/top3_replace0.3_max5000_batch8",
            "device": "cuda",
            "rationalization_config": "config/gpt2/top3_replace0.3_max5000_batch8.json",
            "input_num_ratio": 1.0,
            "logfolder": "logs/analogies/gpt2_ours/top3_replace0.3_max5000_batch8",
            "loglevel": 20
        },
        "time_elapsed": 123.28319501876831,
        "separate_rational": [
            [
                " pocket",
                " phone",
                " when",
                " the",
                " my",
                " lowest",
                "I",
                "I"
            ],
            [
                " phone",
                " thought",
                " ignore",
                "ating",
                " lowest",
                " (",
                " end",
                " it"
            ],
            [
                " thought",
                " be",
                " it",
                " tried",
                "'t",
                " encounter",
                " lowest",
                " ("
            ],
            [
                " thought",
                "I",
                " out",
                " tried",
                " it",
                ").",
                " lowest",
                " so"
            ],
            [
                " vibr",
                ").",
                " lowest",
                " to",
                " end",
                " my",
                " it",
                " would"
            ],
            [
                " would",
                " wasn",
                " to",
                " up",
                " so",
                " pocket",
                " lowest",
                "'t"
            ],
            [
                " it",
                " to",
                "I",
                " wasn",
                ",",
                "'d",
                "ating",
                " out"
            ],
            [
                " (",
                " turned",
                " end",
                " lowest",
                " in",
                " ever",
                " it",
                " it"
            ]
        ]
    }
}