{
    "$schema": "../docs/rationalization.schema.json",
    "id": 11,
    "input-text": [
        "When",
        " my",
        " flight",
        " landed",
        " in",
        " England",
        ",",
        " I",
        " converted",
        " my",
        " currency",
        " and",
        " slowly",
        " fell",
        " asleep",
        ".",
        " (",
        "I",
        " had",
        " a",
        " terrifying",
        " dream",
        " about",
        " my",
        " grandmother",
        ",",
        " but",
        " that",
        "'s",
        " a",
        " story",
        " for",
        " another",
        " time",
        ").",
        " I",
        " was",
        " staying",
        " in",
        " the",
        " capital",
        ","
    ],
    "input-tokens": [
        2215,
        616,
        5474,
        11406,
        287,
        4492,
        11,
        314,
        11513,
        616,
        7395,
        290,
        6364,
        3214,
        16039,
        13,
        357,
        40,
        550,
        257,
        17623,
        4320,
        546,
        616,
        18410,
        11,
        475,
        326,
        338,
        257,
        1621,
        329,
        1194,
        640,
        737,
        314,
        373,
        10589,
        287,
        262,
        3139,
        11
    ],
    "target-text": " London",
    "target-token": 3576,
    "rational-size": 15,
    "rational-positions": [
        0,
        2,
        3,
        4,
        5,
        12,
        16,
        18,
        22,
        24,
        34,
        35,
        37,
        39,
        40
    ],
    "rational-text": [
        "When",
        " flight",
        " landed",
        " in",
        " England",
        " slowly",
        " (",
        " had",
        " about",
        " grandmother",
        ").",
        " I",
        " staying",
        " the",
        " capital"
    ],
    "rational-tokens": [
        2215,
        5474,
        11406,
        287,
        4492,
        6364,
        357,
        550,
        546,
        18410,
        737,
        314,
        10589,
        262,
        3139
    ],
    "importance-scores": [
        3.995736790329829e-07,
        1.479255568029858e-18,
        0.1311342865228653,
        0.12499304115772247,
        9.72524139797315e-05,
        0.12502841651439667,
        3.085508515354718e-10,
        2.6810269559973676e-08,
        7.961568145205267e-13,
        3.505048251639664e-09,
        8.809552615391195e-14,
        5.069371582067106e-06,
        0.12449820339679718,
        1.1179370146621737e-12,
        1.637279112287615e-08,
        2.48090905458076e-11,
        7.754756648425155e-22,
        2.1826503278365994e-12,
        2.5360830022691516e-06,
        1.8245856214793577e-11,
        2.13944950644418e-09,
        2.7863214199896902e-05,
        4.447726908995975e-13,
        8.165930496899232e-13,
        0.0005308949621394277,
        9.554232826032223e-19,
        9.743538576878832e-14,
        1.6234725804976512e-15,
        2.550372073528706e-07,
        3.3263601380702433e-20,
        9.73018974420592e-12,
        0.125,
        4.3223310347562105e-11,
        1.3833845180499793e-10,
        4.8445887301795665e-09,
        1.607616297860659e-07,
        5.7484982052269373e-11,
        2.8305630870641976e-17,
        3.0669855336383888e-18,
        2.072673623843002e-06,
        0.3686795234680176,
        2.33857644044795e-15
    ],
    "comments": {
        "created-by": "run_analogies.py",
        "args": {
            "model": "gpt2-medium",
            "cache_dir": "cache/",
            "tokenizer": "gpt2-medium",
            "data_dir": "data/analogies/gpt2/",
            "importance_results_dir": "rationalization_results/analogies/gpt2_ours/top3_replace0.3_max5000_batch8",
            "device": "cuda",
            "rationalization_config": "config/gpt2/top3_replace0.3_max5000_batch8.json",
            "input_num_ratio": 1.0,
            "logfolder": "logs/analogies/gpt2_ours/top3_replace0.3_max5000_batch8",
            "loglevel": 20
        },
        "time_elapsed": 295.8047602176666,
        "separate_rational": [
            [
                " flight",
                " capital",
                " grandmother",
                " landed",
                " the",
                " fell",
                " but",
                " staying"
            ],
            [
                " capital",
                " flight",
                " and",
                " landed",
                " my",
                " England",
                " about",
                " in"
            ],
            [
                " England",
                " a",
                " the",
                " landed",
                " (",
                " I",
                " about",
                " capital"
            ],
            [
                " capital",
                " I",
                " story",
                ").",
                " asleep",
                " had",
                " England",
                " staying"
            ],
            [
                " slowly",
                " grandmother",
                " capital",
                " dream",
                " England",
                " had",
                " the",
                "When"
            ],
            [
                " capital",
                " slowly",
                " in",
                " the",
                " England",
                ",",
                " time",
                ")."
            ],
            [
                " for",
                ").",
                ".",
                " about",
                " capital",
                "I",
                " currency",
                " ("
            ],
            [
                " landed",
                " England",
                "When",
                " capital",
                " was",
                " had",
                ").",
                " ("
            ]
        ]
    }
}