{
    "$schema": "../docs/rationalization.schema.json",
    "id": 116,
    "input-text": [
        "I",
        " had",
        " never",
        " been",
        " friends",
        " with",
        " any",
        " Australian",
        " people",
        " before",
        ".",
        " (",
        "The",
        " funn",
        "iest",
        " thing",
        " happened",
        " to",
        " me",
        " the",
        " other",
        " day",
        ",",
        " but",
        " that",
        "'s",
        " a",
        " story",
        " for",
        " another",
        " time",
        ").",
        " In",
        " fact",
        ",",
        " I",
        " had",
        " never",
        " even",
        " been",
        " to"
    ],
    "input-tokens": [
        40,
        550,
        1239,
        587,
        2460,
        351,
        597,
        6638,
        661,
        878,
        13,
        357,
        464,
        36090,
        6386,
        1517,
        3022,
        284,
        502,
        262,
        584,
        1110,
        11,
        475,
        326,
        338,
        257,
        1621,
        329,
        1194,
        640,
        737,
        554,
        1109,
        11,
        314,
        550,
        1239,
        772,
        587,
        284
    ],
    "target-text": " Australia",
    "target-token": 4505,
    "rational-size": 13,
    "rational-positions": [
        0,
        5,
        6,
        7,
        11,
        16,
        24,
        25,
        32,
        36,
        37,
        38,
        39
    ],
    "rational-text": [
        "I",
        " with",
        " any",
        " Australian",
        " (",
        " happened",
        " that",
        "'s",
        " In",
        " had",
        " never",
        " even",
        " been"
    ],
    "rational-tokens": [
        40,
        351,
        597,
        6638,
        357,
        3022,
        326,
        338,
        554,
        550,
        1239,
        772,
        587
    ],
    "importance-scores": [
        0.24533110857009888,
        0.00027174694696441293,
        1.663833791099023e-05,
        3.0442259230767377e-05,
        3.716984065249562e-05,
        0.01680722087621689,
        0.09758789837360382,
        0.12761038541793823,
        0.09801735728979111,
        1.234693854712532e-06,
        0.0002853836340364069,
        2.9926119168521836e-05,
        1.933579369506333e-05,
        4.132171852688771e-06,
        1.3482173017109744e-05,
        2.5636145437601954e-05,
        0.0015813222853466868,
        0.026257457211613655,
        0.0003375595551915467,
        0.027808360755443573,
        4.9753700295696035e-05,
        8.239921100994252e-08,
        1.890345083666034e-05,
        1.3195623296269332e-06,
        0.0004946287954226136,
        1.3673564353666734e-05,
        1.303433600696735e-05,
        3.0402981110455585e-07,
        2.8209313313709572e-05,
        1.7205802294029127e-07,
        1.883236473076977e-05,
        0.0027372916229069233,
        0.014662465080618858,
        0.003039705101400614,
        8.323210209937315e-08,
        0.00025489050312899053,
        0.03218524530529976,
        0.018245896324515343,
        0.0008583898306824267,
        0.2560444176197052,
        0.029258904978632927
    ],
    "comments": {
        "created-by": "run_analogies.py",
        "args": {
            "model": "gpt2-medium",
            "cache_dir": "cache/",
            "tokenizer": "gpt2-medium",
            "data_dir": "data/analogies/gpt2/",
            "importance_results_dir": "rationalization_results/analogies/gpt2_ours/top3_replace0.3_max5000_batch8",
            "device": "cuda",
            "rationalization_config": "config/gpt2/top3_replace0.3_max5000_batch8.json",
            "input_num_ratio": 1.0,
            "logfolder": "logs/analogies/gpt2_ours/top3_replace0.3_max5000_batch8",
            "loglevel": 20
        },
        "time_elapsed": 17.055005311965942,
        "separate_rational": [
            [
                " been",
                " never",
                " with",
                " In",
                " me",
                " happened",
                " been",
                " Australian"
            ],
            [
                " been",
                " I",
                " In",
                " Australian",
                "'s",
                " had",
                " before",
                " ("
            ],
            [
                " any",
                " to",
                " even",
                " been",
                " with",
                "I",
                " Australian",
                " ("
            ],
            [
                "I",
                " happened",
                " had",
                " friends",
                " never",
                " been",
                " Australian",
                " a"
            ],
            [
                " been",
                " to",
                " the",
                " In",
                " had",
                ").",
                " Australian",
                " that"
            ],
            [
                " Australian",
                " any",
                " other",
                "'s",
                "I",
                " been",
                " In",
                " never"
            ],
            [
                " people",
                " had",
                ".",
                " funn",
                " even",
                " happened",
                " that",
                " Australian"
            ],
            [
                "I",
                " fact",
                " happened",
                " Australian",
                " for",
                " In",
                " been",
                " never"
            ]
        ]
    }
}