{
    "$schema": "../docs/rationalization.schema.json",
    "id": 117,
    "input-text": [
        "I",
        " had",
        " never",
        " been",
        " friends",
        " with",
        " any",
        " Austrian",
        " people",
        " before",
        ".",
        " (",
        "The",
        " funn",
        "iest",
        " thing",
        " happened",
        " to",
        " me",
        " the",
        " other",
        " day",
        ",",
        " but",
        " that",
        "'s",
        " a",
        " story",
        " for",
        " another",
        " time",
        ").",
        " In",
        " fact",
        ",",
        " I",
        " had",
        " never",
        " even",
        " been",
        " to"
    ],
    "input-tokens": [
        40,
        550,
        1239,
        587,
        2460,
        351,
        597,
        25691,
        661,
        878,
        13,
        357,
        464,
        36090,
        6386,
        1517,
        3022,
        284,
        502,
        262,
        584,
        1110,
        11,
        475,
        326,
        338,
        257,
        1621,
        329,
        1194,
        640,
        737,
        554,
        1109,
        11,
        314,
        550,
        1239,
        772,
        587,
        284
    ],
    "target-text": " Austria",
    "target-token": 17322,
    "rational-size": 16,
    "rational-positions": [
        1,
        4,
        6,
        7,
        8,
        17,
        20,
        24,
        28,
        30,
        32,
        33,
        36,
        37,
        39,
        40
    ],
    "rational-text": [
        " had",
        " friends",
        " any",
        " Austrian",
        " people",
        " to",
        " other",
        " that",
        " for",
        " time",
        " In",
        " fact",
        " had",
        " never",
        " been",
        " to"
    ],
    "rational-tokens": [
        550,
        2460,
        597,
        25691,
        661,
        284,
        584,
        326,
        329,
        640,
        554,
        1109,
        550,
        1239,
        587,
        284
    ],
    "importance-scores": [
        0.00016947122639976442,
        0.0014902274124324322,
        3.866281986120157e-05,
        3.5551736345951213e-06,
        0.0010309666395187378,
        0.0013529387069866061,
        0.00035487665445543826,
        0.24760326743125916,
        3.389646008145064e-05,
        3.384709998499602e-05,
        0.00015132574480958283,
        0.0003142602799925953,
        2.416875986455125e-06,
        2.6782428903970867e-05,
        0.00011609984358074144,
        0.00010704525629989803,
        5.939114998909645e-05,
        0.0001592210028320551,
        0.022950245067477226,
        0.00018364937568549067,
        0.12492747604846954,
        0.0066746314987540245,
        0.0010953840101137757,
        0.00013939602649770677,
        0.00016031466657295823,
        2.7258347472525202e-05,
        0.00017386837862432003,
        2.066115484922193e-05,
        2.5993778763222508e-05,
        3.2489730074303225e-05,
        0.007733577862381935,
        0.012540257535874844,
        0.10394188016653061,
        0.0027862563729286194,
        0.0010485704988241196,
        0.07058589160442352,
        2.420511191303376e-05,
        0.01108209416270256,
        0.0001439588813809678,
        0.3804042637348175,
        0.00024943382595665753
    ],
    "comments": {
        "created-by": "run_analogies.py",
        "args": {
            "model": "gpt2-medium",
            "cache_dir": "cache/",
            "tokenizer": "gpt2-medium",
            "data_dir": "data/analogies/gpt2/",
            "importance_results_dir": "rationalization_results/analogies/gpt2_ours/top3_replace0.3_max5000_batch8",
            "device": "cuda",
            "rationalization_config": "config/gpt2/top3_replace0.3_max5000_batch8.json",
            "input_num_ratio": 1.0,
            "logfolder": "logs/analogies/gpt2_ours/top3_replace0.3_max5000_batch8",
            "loglevel": 20
        },
        "time_elapsed": 44.067129135131836,
        "separate_rational": [
            [
                " other",
                " any",
                " people",
                " Austrian",
                " had",
                " friends",
                " never",
                " that"
            ],
            [
                " Austrian",
                " been",
                " had",
                " that",
                " In",
                ",",
                " to",
                " friends"
            ],
            [
                " been",
                " the",
                " to",
                " before",
                " thing",
                " Austrian",
                " had",
                " had"
            ],
            [
                " In",
                " never",
                " time",
                " fact",
                " been",
                " any",
                " (",
                " Austrian"
            ],
            [
                " Austrian",
                " been",
                " for",
                " people",
                " had",
                "I",
                "iest",
                " to"
            ],
            [
                " been",
                " Austrian",
                " any",
                " fact",
                " to",
                " other",
                " never",
                " for"
            ],
            [
                " I",
                " me",
                ").",
                " day",
                " Austrian",
                " had",
                " been",
                " time"
            ],
            [
                " been",
                " with",
                " even",
                " fact",
                " that",
                " Austrian",
                " never",
                " had"
            ]
        ]
    }
}