{
    "$schema": "../docs/rationalization.schema.json",
    "id": 140,
    "input-text": [
        "I",
        " had",
        " never",
        " been",
        " friends",
        " with",
        " any",
        " Portuguese",
        " people",
        " before",
        ".",
        " (",
        "The",
        " funn",
        "iest",
        " thing",
        " happened",
        " to",
        " me",
        " the",
        " other",
        " day",
        ",",
        " but",
        " that",
        "'s",
        " a",
        " story",
        " for",
        " another",
        " time",
        ").",
        " In",
        " fact",
        ",",
        " I",
        " had",
        " never",
        " even",
        " been",
        " to"
    ],
    "input-tokens": [
        40,
        550,
        1239,
        587,
        2460,
        351,
        597,
        21813,
        661,
        878,
        13,
        357,
        464,
        36090,
        6386,
        1517,
        3022,
        284,
        502,
        262,
        584,
        1110,
        11,
        475,
        326,
        338,
        257,
        1621,
        329,
        1194,
        640,
        737,
        554,
        1109,
        11,
        314,
        550,
        1239,
        772,
        587,
        284
    ],
    "target-text": " Portugal",
    "target-token": 19101,
    "rational-size": 17,
    "rational-positions": [
        4,
        6,
        7,
        9,
        12,
        13,
        22,
        27,
        30,
        31,
        32,
        33,
        36,
        37,
        38,
        39,
        40
    ],
    "rational-text": [
        " friends",
        " any",
        " Portuguese",
        " before",
        "The",
        " funn",
        ",",
        " story",
        " time",
        ").",
        " In",
        " fact",
        " had",
        " never",
        " even",
        " been",
        " to"
    ],
    "rational-tokens": [
        2460,
        597,
        21813,
        878,
        464,
        36090,
        11,
        1621,
        640,
        737,
        554,
        1109,
        550,
        1239,
        772,
        587,
        284
    ],
    "importance-scores": [
        3.722917529813685e-10,
        4.1891605240215485e-16,
        1.0277363812413731e-13,
        1.8052677432933706e-06,
        4.798974728714711e-08,
        4.912938607049e-07,
        1.8203319996246137e-05,
        0.21048183739185333,
        2.914916363838671e-10,
        1.9104423699900508e-05,
        2.387143638316047e-07,
        3.066703720833175e-05,
        1.8975998550274653e-09,
        1.1701729585311682e-09,
        1.3510514135769354e-19,
        6.363852378399315e-08,
        2.2838747880164713e-17,
        6.354895993113119e-13,
        0.0009562023915350437,
        2.556820832055125e-15,
        1.2311322450386797e-07,
        1.1838365010508056e-10,
        0.00011878869554493576,
        4.4171895297040464e-07,
        1.8217555014434644e-13,
        3.668409326307298e-11,
        9.162136008916428e-15,
        3.2355080420432e-11,
        1.920655279263883e-07,
        6.416068032422118e-08,
        1.7617004459680174e-06,
        1.1339378325203597e-09,
        2.401775782345794e-05,
        0.0003035216068383306,
        1.2107496949465002e-10,
        1.073249475402882e-11,
        0.00020147835311945528,
        0.3746192753314972,
        2.261029585781671e-08,
        0.37664857506752014,
        0.036573104560375214
    ],
    "comments": {
        "created-by": "run_analogies.py",
        "args": {
            "model": "gpt2-medium",
            "cache_dir": "cache/",
            "tokenizer": "gpt2-medium",
            "data_dir": "data/analogies/gpt2/",
            "importance_results_dir": "rationalization_results/analogies/gpt2_ours/top3_replace0.3_max5000_batch8",
            "device": "cuda",
            "rationalization_config": "config/gpt2/top3_replace0.3_max5000_batch8.json",
            "input_num_ratio": 1.0,
            "logfolder": "logs/analogies/gpt2_ours/top3_replace0.3_max5000_batch8",
            "loglevel": 20
        },
        "time_elapsed": 29.52754235267639,
        "separate_rational": [
            [
                " Portuguese",
                " to",
                " been",
                " me",
                ",",
                " before",
                " any",
                " been"
            ],
            [
                " never",
                " to",
                " any",
                " people",
                ").",
                " story",
                " been",
                " but"
            ],
            [
                " been",
                " to",
                " Portuguese",
                " for",
                " friends",
                "The",
                ").",
                " funn"
            ],
            [
                " been",
                " friends",
                " time",
                ".",
                " to",
                " before",
                " Portuguese",
                " even"
            ],
            [
                " never",
                " had",
                " to",
                " In",
                " Portuguese",
                " time",
                " been",
                " with"
            ],
            [
                " never",
                " Portuguese",
                " (",
                ",",
                " had",
                " been",
                " I",
                " even"
            ],
            [
                " been",
                " never",
                " fact",
                " story",
                ",",
                " Portuguese",
                " In",
                " thing"
            ],
            [
                " Portuguese",
                " fact",
                " never",
                " to",
                " funn",
                "The",
                " been",
                " any"
            ]
        ]
    }
}