{
    "$schema": "../docs/rationalization.schema.json",
    "id": 27,
    "input-text": [
        "When",
        " my",
        " flight",
        " landed",
        " in",
        " Belgium",
        ",",
        " I",
        " converted",
        " my",
        " currency",
        " and",
        " slowly",
        " fell",
        " asleep",
        ".",
        " (",
        "I",
        " was",
        " behind",
        " on",
        " a",
        " couple",
        " of",
        " assignments",
        ",",
        " but",
        " I",
        " tried",
        " not",
        " to",
        " think",
        " about",
        " them",
        ").",
        " I",
        " was",
        " staying",
        " in",
        " the",
        " capital",
        ","
    ],
    "input-tokens": [
        2215,
        616,
        5474,
        11406,
        287,
        15664,
        11,
        314,
        11513,
        616,
        7395,
        290,
        6364,
        3214,
        16039,
        13,
        357,
        40,
        373,
        2157,
        319,
        257,
        3155,
        286,
        25815,
        11,
        475,
        314,
        3088,
        407,
        284,
        892,
        546,
        606,
        737,
        314,
        373,
        10589,
        287,
        262,
        3139,
        11
    ],
    "target-text": " Brussels",
    "target-token": 16445,
    "rational-size": 16,
    "rational-positions": [
        0,
        1,
        2,
        3,
        4,
        5,
        11,
        13,
        17,
        20,
        26,
        32,
        37,
        38,
        39,
        40
    ],
    "rational-text": [
        "When",
        " my",
        " flight",
        " landed",
        " in",
        " Belgium",
        " and",
        " fell",
        "I",
        " on",
        " but",
        " about",
        " staying",
        " in",
        " the",
        " capital"
    ],
    "rational-tokens": [
        2215,
        616,
        5474,
        11406,
        287,
        15664,
        290,
        3214,
        40,
        319,
        475,
        546,
        10589,
        287,
        262,
        3139
    ],
    "importance-scores": [
        1.1535649172000895e-11,
        4.381860297943703e-42,
        0.0,
        2.0160433025781725e-36,
        2.0848691640610942e-36,
        2.0848861157200318e-20,
        8.882486162976123e-28,
        7.202583423504993e-23,
        0.0,
        5.131908996713091e-22,
        0.0,
        2.534183973779136e-10,
        0.0,
        7.986868753235014e-40,
        0.4999999403953552,
        9.329488416096003e-36,
        2.1441470626349545e-33,
        9.656252526495991e-18,
        0.0,
        4.557300693866188e-21,
        1.2647798607046123e-11,
        3.5959154669112343e-23,
        6.279432953916362e-28,
        0.0,
        9.80908925027372e-45,
        5.871440565520984e-42,
        4.28589417227573e-21,
        5.729796521764193e-23,
        1.3655515086752334e-11,
        6.554695640900439e-17,
        3.9788244388284564e-39,
        3.0131888262831464e-38,
        2.3287302112021367e-24,
        3.776593438929083e-36,
        1.2272710928546878e-25,
        8.591417728228256e-21,
        1.1210387714598537e-44,
        2.3078024856044287e-35,
        5.228722276405497e-35,
        0.5000000596046448,
        5.090522739403265e-19,
        3.048772370165865e-26
    ],
    "comments": {
        "created-by": "run_analogies.py",
        "args": {
            "model": "gpt2-medium",
            "cache_dir": "cache/",
            "tokenizer": "gpt2-medium",
            "data_dir": "data/analogies/gpt2/",
            "importance_results_dir": "rationalization_results/analogies/gpt2_ours/top3_replace0.3_max5000_batch8",
            "device": "cuda",
            "rationalization_config": "config/gpt2/top3_replace0.3_max5000_batch8.json",
            "input_num_ratio": 1.0,
            "logfolder": "logs/analogies/gpt2_ours/top3_replace0.3_max5000_batch8",
            "loglevel": 20
        },
        "time_elapsed": 334.7041208744049,
        "separate_rational": [
            [
                " in",
                " flight",
                " capital",
                " I",
                " on",
                " staying",
                " and",
                "I"
            ],
            [
                " asleep",
                " the",
                " on",
                "When",
                " not",
                "I",
                " capital",
                " Belgium"
            ],
            [
                " staying",
                " flight",
                " about",
                " in",
                "When",
                " my",
                " the",
                " in"
            ],
            [
                " in",
                ").",
                " about",
                " capital",
                "When",
                " my",
                " flight",
                " landed"
            ],
            [
                " capital",
                " but",
                " in",
                " fell",
                " and",
                " staying",
                "When",
                " my"
            ],
            [
                " the",
                " and",
                " tried",
                " but",
                " on",
                " Belgium",
                " capital",
                " them"
            ],
            [
                " staying",
                "When",
                " my",
                " flight",
                " landed",
                " in",
                " Belgium",
                ","
            ],
            [
                " capital",
                " was",
                " in",
                " in",
                " of",
                " Belgium",
                " staying",
                " fell"
            ]
        ]
    }
}