{
    "$schema": "../docs/rationalization.schema.json",
    "id": 46,
    "input-text": [
        "When",
        " my",
        " flight",
        " landed",
        " in",
        " Russia",
        ",",
        " I",
        " converted",
        " my",
        " currency",
        " and",
        " slowly",
        " fell",
        " asleep",
        ".",
        " (",
        "I",
        " was",
        " behind",
        " on",
        " a",
        " couple",
        " of",
        " assignments",
        ",",
        " but",
        " I",
        " tried",
        " not",
        " to",
        " think",
        " about",
        " them",
        ").",
        " I",
        " was",
        " staying",
        " in",
        " the",
        " capital",
        ","
    ],
    "input-tokens": [
        2215,
        616,
        5474,
        11406,
        287,
        3284,
        11,
        314,
        11513,
        616,
        7395,
        290,
        6364,
        3214,
        16039,
        13,
        357,
        40,
        373,
        2157,
        319,
        257,
        3155,
        286,
        25815,
        11,
        475,
        314,
        3088,
        407,
        284,
        892,
        546,
        606,
        737,
        314,
        373,
        10589,
        287,
        262,
        3139,
        11
    ],
    "target-text": " Moscow",
    "target-token": 9070,
    "rational-size": 16,
    "rational-positions": [
        3,
        5,
        8,
        9,
        15,
        17,
        20,
        24,
        26,
        30,
        32,
        34,
        37,
        39,
        40,
        41
    ],
    "rational-text": [
        " landed",
        " Russia",
        " converted",
        " my",
        ".",
        "I",
        " on",
        " assignments",
        " but",
        " to",
        " about",
        ").",
        " staying",
        " the",
        " capital",
        ","
    ],
    "rational-tokens": [
        11406,
        3284,
        11513,
        616,
        13,
        40,
        319,
        25815,
        475,
        284,
        546,
        737,
        10589,
        262,
        3139,
        11
    ],
    "importance-scores": [
        1.402528232441469e-10,
        1.0826499163840708e-07,
        4.869335953117115e-06,
        5.361154762795195e-06,
        1.0323689458857643e-08,
        0.3017168343067169,
        1.9572669316403335e-06,
        5.040280302637257e-05,
        0.0028153506573289633,
        0.007929393090307713,
        7.576358194516606e-15,
        1.3674360255233609e-10,
        0.15197314321994781,
        8.457613813938822e-15,
        0.14864672720432281,
        1.1991819093282174e-08,
        1.7861184753442672e-09,
        0.0009575825533829629,
        9.394403832629905e-08,
        3.582907766030985e-07,
        0.015790129080414772,
        8.159410924690746e-09,
        7.22874986536226e-08,
        4.859571404135232e-13,
        5.9363845394955206e-08,
        4.1454727669705526e-19,
        0.010790095664560795,
        5.233622441132811e-14,
        4.633810349319312e-11,
        3.590924224639025e-09,
        6.584418427157956e-11,
        1.5175384049492921e-15,
        1.4517750335230062e-09,
        2.0392220796358346e-15,
        0.14734403789043427,
        7.494347920022904e-10,
        4.4510710672795994e-09,
        0.0005659364978782833,
        2.205584678449668e-06,
        0.019324177876114845,
        0.19201350212097168,
        6.756302900612354e-05
    ],
    "comments": {
        "created-by": "run_analogies.py",
        "args": {
            "model": "gpt2-medium",
            "cache_dir": "cache/",
            "tokenizer": "gpt2-medium",
            "data_dir": "data/analogies/gpt2/",
            "importance_results_dir": "rationalization_results/analogies/gpt2_ours/top3_replace0.3_max5000_batch8",
            "device": "cuda",
            "rationalization_config": "config/gpt2/top3_replace0.3_max5000_batch8.json",
            "input_num_ratio": 1.0,
            "logfolder": "logs/analogies/gpt2_ours/top3_replace0.3_max5000_batch8",
            "loglevel": 20
        },
        "time_elapsed": 348.1971049308777,
        "separate_rational": [
            [
                " Russia",
                " capital",
                " my",
                " staying",
                ").",
                " assignments",
                " about",
                " and"
            ],
            [
                " slowly",
                " but",
                " converted",
                "I",
                " capital",
                " I",
                ",",
                " Russia"
            ],
            [
                " asleep",
                " on",
                " capital",
                " Russia",
                ",",
                " but",
                " landed",
                " flight"
            ],
            [
                " capital",
                " about",
                " currency",
                ".",
                " converted",
                " assignments",
                ").",
                " tried"
            ],
            [
                " Russia",
                "When",
                " on",
                " capital",
                " landed",
                ").",
                " I",
                " the"
            ],
            [
                ").",
                " the",
                " capital",
                " was",
                " my",
                " was",
                " Russia",
                " fell"
            ],
            [
                " behind",
                " Russia",
                " the",
                " staying",
                ".",
                " to",
                " assignments",
                " capital"
            ],
            [
                " capital",
                ",",
                " to",
                "I",
                " about",
                ").",
                " Russia",
                " of"
            ]
        ]
    }
}