{
    "$schema": "../docs/rationalization.schema.json",
    "id": 54,
    "input-text": [
        "When",
        " my",
        " flight",
        " landed",
        " in",
        " Libya",
        ",",
        " I",
        " converted",
        " my",
        " currency",
        " and",
        " slowly",
        " fell",
        " asleep",
        ".",
        " (",
        "I",
        " was",
        " behind",
        " on",
        " a",
        " couple",
        " of",
        " assignments",
        ",",
        " but",
        " I",
        " tried",
        " not",
        " to",
        " think",
        " about",
        " them",
        ").",
        " I",
        " was",
        " staying",
        " in",
        " the",
        " capital",
        ","
    ],
    "input-tokens": [
        2215,
        616,
        5474,
        11406,
        287,
        13465,
        11,
        314,
        11513,
        616,
        7395,
        290,
        6364,
        3214,
        16039,
        13,
        357,
        40,
        373,
        2157,
        319,
        257,
        3155,
        286,
        25815,
        11,
        475,
        314,
        3088,
        407,
        284,
        892,
        546,
        606,
        737,
        314,
        373,
        10589,
        287,
        262,
        3139,
        11
    ],
    "target-text": " Tripoli",
    "target-token": 47318,
    "rational-size": 14,
    "rational-positions": [
        0,
        1,
        2,
        3,
        4,
        5,
        6,
        8,
        11,
        27,
        37,
        39,
        40,
        41
    ],
    "rational-text": [
        "When",
        " my",
        " flight",
        " landed",
        " in",
        " Libya",
        ",",
        " converted",
        " and",
        " I",
        " staying",
        " the",
        " capital",
        ","
    ],
    "rational-tokens": [
        2215,
        616,
        5474,
        11406,
        287,
        13465,
        11,
        11513,
        290,
        314,
        10589,
        262,
        3139,
        11
    ],
    "importance-scores": [
        1.3547329761904453e-14,
        3.399968566235312e-13,
        3.2015861961554037e-06,
        7.0666389406781605e-12,
        2.3702574248215065e-17,
        0.157319575548172,
        4.55143845101702e-06,
        7.2792272476363e-07,
        5.92422551987104e-12,
        2.7773090901725417e-13,
        5.562230120936817e-10,
        0.12905068695545197,
        2.273868425505448e-18,
        4.2668208376228645e-12,
        8.312594701465059e-08,
        8.93422111403197e-07,
        2.0348485396670668e-10,
        8.318681030475283e-13,
        0.10884735733270645,
        9.828276859025209e-08,
        2.729217685182306e-10,
        6.764196314179571e-06,
        1.9016134511320358e-16,
        3.2464872126323693e-14,
        1.4734813191807916e-07,
        3.2917455428105313e-06,
        5.258400052193801e-12,
        1.0911863682849798e-05,
        1.4624099573070332e-19,
        2.2321701431682328e-10,
        3.5420111288431144e-08,
        2.90019203097458e-10,
        6.019530013334773e-11,
        3.670161731861299e-06,
        1.4068979025877513e-15,
        4.413652554546843e-09,
        8.060814792347146e-14,
        8.82449242567418e-08,
        1.3241434317023959e-05,
        0.15230615437030792,
        0.452427476644516,
        1.027955249810475e-06
    ],
    "comments": {
        "created-by": "run_analogies.py",
        "args": {
            "model": "gpt2-medium",
            "cache_dir": "cache/",
            "tokenizer": "gpt2-medium",
            "data_dir": "data/analogies/gpt2/",
            "importance_results_dir": "rationalization_results/analogies/gpt2_ours/top3_replace0.3_max5000_batch8",
            "device": "cuda",
            "rationalization_config": "config/gpt2/top3_replace0.3_max5000_batch8.json",
            "input_num_ratio": 1.0,
            "logfolder": "logs/analogies/gpt2_ours/top3_replace0.3_max5000_batch8",
            "loglevel": 20
        },
        "time_elapsed": 341.5809586048126,
        "separate_rational": [
            [
                " capital",
                " staying",
                "When",
                " my",
                " flight",
                " landed",
                " in",
                " Libya"
            ],
            [
                " Libya",
                " on",
                " I",
                " think",
                " capital",
                " in",
                " converted",
                " the"
            ],
            [
                " and",
                " Libya",
                " I",
                " them",
                " staying",
                " capital",
                " I",
                ","
            ],
            [
                " Libya",
                "When",
                " my",
                " flight",
                " landed",
                " in",
                ",",
                " I"
            ],
            [
                " the",
                " a",
                " capital",
                " converted",
                ",",
                " landed",
                " in",
                " Libya"
            ],
            [
                " capital",
                " the",
                " flight",
                ".",
                ",",
                " and",
                " Libya",
                ")."
            ],
            [
                " was",
                " capital",
                " the",
                " Libya",
                " and",
                " in",
                ",",
                ","
            ],
            [
                " capital",
                " the",
                "When",
                " my",
                " flight",
                " landed",
                " in",
                " Libya"
            ]
        ]
    }
}