{
    "$schema": "../docs/rationalization.schema.json",
    "id": 71,
    "input-text": [
        "As",
        " soon",
        " as",
        " I",
        " arrived",
        " in",
        " Hawaii",
        ",",
        " I",
        " checked",
        " into",
        " my",
        " hotel",
        " and",
        " watched",
        " a",
        " movie",
        " before",
        " falling",
        " asleep",
        ".",
        " (",
        "I",
        " had",
        " a",
        " great",
        " call",
        " with",
        " my",
        " husband",
        ",",
        " although",
        " I",
        " wish",
        " it",
        " were",
        " longer",
        ").",
        " I",
        " was",
        " staying",
        " in",
        " my",
        " favorite",
        " city",
        ","
    ],
    "input-tokens": [
        1722,
        2582,
        355,
        314,
        5284,
        287,
        13708,
        11,
        314,
        10667,
        656,
        616,
        7541,
        290,
        7342,
        257,
        3807,
        878,
        7463,
        16039,
        13,
        357,
        40,
        550,
        257,
        1049,
        869,
        351,
        616,
        5229,
        11,
        3584,
        314,
        4601,
        340,
        547,
        2392,
        737,
        314,
        373,
        10589,
        287,
        616,
        4004,
        1748,
        11
    ],
    "target-text": " Honolulu",
    "target-token": 43296,
    "rational-size": 11,
    "rational-positions": [
        6,
        7,
        9,
        19,
        22,
        37,
        38,
        39,
        43,
        44,
        45
    ],
    "rational-text": [
        " Hawaii",
        ",",
        " checked",
        " asleep",
        "I",
        ").",
        " I",
        " was",
        " favorite",
        " city",
        ","
    ],
    "rational-tokens": [
        13708,
        11,
        10667,
        16039,
        40,
        737,
        314,
        373,
        4004,
        1748,
        11
    ],
    "importance-scores": [
        0.00013239761756267399,
        2.2040894691599533e-06,
        0.008341889828443527,
        3.249495077582395e-18,
        5.7760164706710526e-11,
        0.12228267639875412,
        0.1564667820930481,
        0.0006041086744517088,
        1.0798888909827054e-12,
        4.9647148614440084e-09,
        2.2656175980434456e-12,
        1.0362409541553319e-10,
        1.2801261384254303e-08,
        4.324300562075223e-08,
        3.7246308468019684e-12,
        3.8350782460838673e-07,
        0.11055713146924973,
        0.028733346611261368,
        1.4024210940988269e-05,
        1.0089935130963568e-05,
        4.8691095599906475e-08,
        2.4108987375925928e-11,
        3.933326198080067e-08,
        0.09722759574651718,
        0.12499921023845673,
        1.970349439162078e-09,
        2.0434548150816134e-12,
        3.804250751221483e-12,
        1.4927642268958152e-06,
        7.898794465721615e-12,
        1.2710047424258075e-11,
        2.7662301702729986e-13,
        0.0024339775554835796,
        3.4012631713918953e-14,
        9.929863875601797e-11,
        5.2454933729961795e-09,
        6.593630086371149e-10,
        0.014287566766142845,
        0.0007893568836152554,
        0.12577703595161438,
        4.6378198503838064e-10,
        4.482655580062556e-09,
        3.915734381708391e-14,
        1.6073927326942794e-05,
        0.20732247829437256,
        2.038960289496572e-08
    ],
    "comments": {
        "created-by": "run_analogies.py",
        "args": {
            "model": "gpt2-medium",
            "cache_dir": "cache/",
            "tokenizer": "gpt2-medium",
            "data_dir": "data/analogies/gpt2/",
            "importance_results_dir": "rationalization_results/analogies/gpt2_ours/top3_replace0.3_max5000_batch8",
            "device": "cuda",
            "rationalization_config": "config/gpt2/top3_replace0.3_max5000_batch8.json",
            "input_num_ratio": 1.0,
            "logfolder": "logs/analogies/gpt2_ours/top3_replace0.3_max5000_batch8",
            "loglevel": 20
        },
        "time_elapsed": 225.2597620487213,
        "separate_rational": [
            [
                " movie",
                ").",
                "As",
                " favorite",
                " asleep",
                " city",
                ",",
                " Hawaii"
            ],
            [
                " in",
                " I",
                ",",
                " my",
                " Hawaii",
                " favorite",
                " city",
                " longer"
            ],
            [
                " city",
                " Hawaii",
                " before",
                ",",
                " favorite",
                " asleep",
                " great",
                " staying"
            ],
            [
                " was",
                ",",
                " I",
                " soon",
                " favorite",
                " arrived",
                " city",
                " Hawaii"
            ],
            [
                " city",
                " Hawaii",
                " was",
                " and",
                " checked",
                " favorite",
                " were",
                ","
            ],
            [
                " Hawaii",
                " I",
                "I",
                " checked",
                " favorite",
                ").",
                " although",
                " city"
            ],
            [
                " a",
                " a",
                " was",
                " city",
                " in",
                " favorite",
                " Hawaii",
                "I"
            ],
            [
                " had",
                " city",
                " as",
                " falling",
                " Hawaii",
                " favorite",
                ".",
                " hotel"
            ]
        ]
    }
}