suff,comp,random_suff,random_comp
0.0031981480217370757,0.11268734761442199,0.0008823589996932985,0.029634345629470392
