suff,comp,random_suff,random_comp
0.023670608242375296,0.8820063681966649,0.01310948457388144,0.7912833971778642
