suff,comp,random_suff,random_comp
0.03072354559699966,0.9110505097240934,0.021151486682249577,0.8566110590452635
