suff,comp,random_suff,random_comp
0.049511239895773794,0.938365795666503,0.029939557632818983,0.9068922288571102
