suff,comp,random_suff,random_comp
0.008873395144855018,0.8248371189897435,0.004585516512213737,0.6344973383342231
