suff,comp,random_suff,random_comp
0.03732800426133523,0.9220442959378171,0.028587682120633135,0.8877304078679562
