{
    "$schema": "../docs/rationalization.schema.json",
    "id": 125,
    "input-text": [
        "I",
        " had",
        " never",
        " been",
        " friends",
        " with",
        " any",
        " Egyptian",
        " people",
        " before",
        ".",
        " (",
        "The",
        " funn",
        "iest",
        " thing",
        " happened",
        " to",
        " me",
        " the",
        " other",
        " day",
        ",",
        " but",
        " that",
        "'s",
        " a",
        " story",
        " for",
        " another",
        " time",
        ").",
        " In",
        " fact",
        ",",
        " I",
        " had",
        " never",
        " even",
        " been",
        " to"
    ],
    "input-tokens": [
        40,
        550,
        1239,
        587,
        2460,
        351,
        597,
        14075,
        661,
        878,
        13,
        357,
        464,
        36090,
        6386,
        1517,
        3022,
        284,
        502,
        262,
        584,
        1110,
        11,
        475,
        326,
        338,
        257,
        1621,
        329,
        1194,
        640,
        737,
        554,
        1109,
        11,
        314,
        550,
        1239,
        772,
        587,
        284
    ],
    "target-text": " Egypt",
    "target-token": 6365,
    "rational-size": 14,
    "rational-positions": [
        2,
        4,
        5,
        6,
        7,
        11,
        12,
        15,
        19,
        24,
        37,
        38,
        39,
        40
    ],
    "rational-text": [
        " never",
        " friends",
        " with",
        " any",
        " Egyptian",
        " (",
        "The",
        " thing",
        " the",
        " that",
        " never",
        " even",
        " been",
        " to"
    ],
    "rational-tokens": [
        1239,
        2460,
        351,
        597,
        14075,
        357,
        464,
        1517,
        262,
        326,
        1239,
        772,
        587,
        284
    ],
    "importance-scores": [
        6.386107287426057e-08,
        1.311595525521625e-07,
        0.000591921794693917,
        1.415296413398437e-08,
        0.125,
        6.970988579269033e-06,
        1.1200552307855105e-06,
        0.374534547328949,
        7.385284744865217e-11,
        3.2519993642399214e-14,
        5.236067135427902e-11,
        1.1053231901314575e-05,
        0.10968757420778275,
        3.398701597934206e-10,
        5.7924755270111206e-11,
        0.0034334396477788687,
        9.264456424240564e-10,
        1.5672478505951437e-13,
        5.758230697816558e-12,
        1.885558376102381e-08,
        4.070787804066889e-11,
        7.855930350686435e-10,
        9.28628729468528e-09,
        1.346120257039729e-06,
        0.12185628712177277,
        9.884993865116876e-12,
        1.019032858096125e-08,
        1.8667642084913005e-11,
        2.000520721301413e-10,
        1.2379567237985611e-07,
        6.471187474765827e-10,
        5.427991567330537e-08,
        1.6891100741408052e-14,
        7.528194032602187e-07,
        4.0439937509795243e-10,
        5.264826086204266e-08,
        0.1249631866812706,
        0.010476658120751381,
        0.001653421437367797,
        0.1277669370174408,
        1.4303608622867614e-05
    ],
    "comments": {
        "created-by": "run_analogies.py",
        "args": {
            "model": "gpt2-medium",
            "cache_dir": "cache/",
            "tokenizer": "gpt2-medium",
            "data_dir": "data/analogies/gpt2/",
            "importance_results_dir": "rationalization_results/analogies/gpt2_ours/top3_replace0.3_max3000_batch8",
            "device": "cuda",
            "rationalization_config": "config/gpt2/top3_replace0.3_max3000_batch8.json",
            "input_num_ratio": 1.0,
            "logfolder": "logs/analogies/gpt2_ours/top3_replace0.3_max3000_batch8",
            "loglevel": 20
        },
        "time_elapsed": 14.072662115097046,
        "separate_rational": [
            [
                " Egyptian",
                " never",
                " never",
                " been",
                " to",
                " me",
                " friends",
                " any"
            ],
            [
                " friends",
                " even",
                " Egyptian",
                " the",
                " never",
                " people",
                " (",
                " been"
            ],
            [
                "The",
                " never",
                " thing",
                " been",
                " even",
                " Egyptian",
                " with",
                " to"
            ],
            [
                " had",
                " (",
                " been",
                " to",
                " thing",
                " I",
                ",",
                " Egyptian"
            ],
            [
                " that",
                " never",
                " to",
                " been",
                " friends",
                " to",
                " another",
                " Egyptian"
            ],
            [
                " Egyptian",
                " to",
                " that",
                " even",
                " never",
                "The",
                " thing",
                " been"
            ],
            [
                " been",
                " the",
                " never",
                " happened",
                " funn",
                " any",
                " with",
                " Egyptian"
            ],
            [
                " Egyptian",
                " for",
                " but",
                " any",
                " even",
                " to",
                " had",
                " been"
            ]
        ]
    }
}