{
    "$schema": "../docs/rationalization.schema.json",
    "id": 126,
    "input-text": [
        "I",
        " had",
        " never",
        " been",
        " friends",
        " with",
        " any",
        " English",
        " people",
        " before",
        ".",
        " (",
        "The",
        " funn",
        "iest",
        " thing",
        " happened",
        " to",
        " me",
        " the",
        " other",
        " day",
        ",",
        " but",
        " that",
        "'s",
        " a",
        " story",
        " for",
        " another",
        " time",
        ").",
        " In",
        " fact",
        ",",
        " I",
        " had",
        " never",
        " even",
        " been",
        " to"
    ],
    "input-tokens": [
        40,
        550,
        1239,
        587,
        2460,
        351,
        597,
        3594,
        661,
        878,
        13,
        357,
        464,
        36090,
        6386,
        1517,
        3022,
        284,
        502,
        262,
        584,
        1110,
        11,
        475,
        326,
        338,
        257,
        1621,
        329,
        1194,
        640,
        737,
        554,
        1109,
        11,
        314,
        550,
        1239,
        772,
        587,
        284
    ],
    "target-text": " England",
    "target-token": 4492,
    "rational-size": 16,
    "rational-positions": [
        2,
        4,
        5,
        6,
        7,
        15,
        20,
        24,
        25,
        30,
        31,
        36,
        37,
        38,
        39,
        40
    ],
    "rational-text": [
        " never",
        " friends",
        " with",
        " any",
        " English",
        " thing",
        " other",
        " that",
        "'s",
        " time",
        ").",
        " had",
        " never",
        " even",
        " been",
        " to"
    ],
    "rational-tokens": [
        1239,
        2460,
        351,
        597,
        3594,
        1517,
        584,
        326,
        338,
        640,
        737,
        550,
        1239,
        772,
        587,
        284
    ],
    "importance-scores": [
        0.014161871746182442,
        2.635589453348075e-07,
        0.004096667282283306,
        9.999781468650326e-06,
        4.441819328349084e-06,
        0.0010780185693874955,
        0.11795119196176529,
        0.21300284564495087,
        1.1850261216750368e-05,
        5.403545628723805e-07,
        0.0012765340507030487,
        0.0017128634499385953,
        4.4382966279954417e-07,
        4.633917342289351e-06,
        5.447355761134531e-06,
        0.12430334091186523,
        5.391412560129538e-05,
        4.008421967682807e-07,
        1.5072082533151843e-06,
        2.6714632284097206e-08,
        0.10012251138687134,
        0.00025952752912417054,
        2.8463941816880833e-06,
        0.012481309473514557,
        1.912297420858522e-06,
        9.28589070099406e-05,
        6.079712733253473e-08,
        5.453031008073594e-06,
        0.0005426836432889104,
        1.0897533684328664e-05,
        2.6103220079676248e-05,
        1.8593058484839275e-05,
        0.0004377358709461987,
        0.0013388789957389235,
        1.911886755578962e-07,
        1.807748049031943e-05,
        0.0023389747366309166,
        0.1261211484670639,
        0.0011101907584816217,
        0.257610946893692,
        0.019782239571213722
    ],
    "comments": {
        "created-by": "run_analogies.py",
        "args": {
            "model": "gpt2-medium",
            "cache_dir": "cache/",
            "tokenizer": "gpt2-medium",
            "data_dir": "data/analogies/gpt2/",
            "importance_results_dir": "rationalization_results/analogies/gpt2_ours/top3_replace0.3_max3000_batch8",
            "device": "cuda",
            "rationalization_config": "config/gpt2/top3_replace0.3_max3000_batch8.json",
            "input_num_ratio": 1.0,
            "logfolder": "logs/analogies/gpt2_ours/top3_replace0.3_max3000_batch8",
            "loglevel": 20
        },
        "time_elapsed": 107.39768171310425,
        "separate_rational": [
            [
                " been",
                " had",
                " never",
                "'s",
                " that",
                " English",
                ").",
                " to"
            ],
            [
                " English",
                " any",
                " never",
                " to",
                " friends",
                " I",
                " been",
                " with"
            ],
            [
                " been",
                " story",
                " had",
                " English",
                ").",
                " that",
                " never",
                " with"
            ],
            [
                " other",
                " to",
                " fact",
                ".",
                " never",
                " for",
                " In",
                " English"
            ],
            [
                " any",
                " been",
                " English",
                " thing",
                " even",
                " never",
                " friends",
                ","
            ],
            [
                " never",
                " to",
                " never",
                " even",
                " had",
                " other",
                " English",
                " time"
            ],
            [
                " English",
                "I",
                " but",
                " never",
                " had",
                " (",
                " been",
                " with"
            ],
            [
                " thing",
                " even",
                " never",
                " English",
                "'s",
                " had",
                " time",
                " been"
            ]
        ]
    }
}