{
    "$schema": "../docs/rationalization.schema.json",
    "id": 127,
    "input-text": [
        "I",
        " had",
        " never",
        " been",
        " friends",
        " with",
        " any",
        " French",
        " people",
        " before",
        ".",
        " (",
        "The",
        " funn",
        "iest",
        " thing",
        " happened",
        " to",
        " me",
        " the",
        " other",
        " day",
        ",",
        " but",
        " that",
        "'s",
        " a",
        " story",
        " for",
        " another",
        " time",
        ").",
        " In",
        " fact",
        ",",
        " I",
        " had",
        " never",
        " even",
        " been",
        " to"
    ],
    "input-tokens": [
        40,
        550,
        1239,
        587,
        2460,
        351,
        597,
        4141,
        661,
        878,
        13,
        357,
        464,
        36090,
        6386,
        1517,
        3022,
        284,
        502,
        262,
        584,
        1110,
        11,
        475,
        326,
        338,
        257,
        1621,
        329,
        1194,
        640,
        737,
        554,
        1109,
        11,
        314,
        550,
        1239,
        772,
        587,
        284
    ],
    "target-text": " France",
    "target-token": 4881,
    "rational-size": 13,
    "rational-positions": [
        4,
        6,
        7,
        13,
        14,
        20,
        28,
        31,
        33,
        36,
        38,
        39,
        40
    ],
    "rational-text": [
        " friends",
        " any",
        " French",
        " funn",
        "iest",
        " other",
        " for",
        ").",
        " fact",
        " had",
        " even",
        " been",
        " to"
    ],
    "rational-tokens": [
        2460,
        597,
        4141,
        36090,
        6386,
        584,
        329,
        737,
        1109,
        550,
        772,
        587,
        284
    ],
    "importance-scores": [
        3.7770681956317276e-05,
        1.1425787306507118e-05,
        1.0225312152556398e-08,
        1.8483407984604128e-05,
        3.719230880960822e-05,
        2.0205300188536057e-06,
        0.021022548899054527,
        0.029300758615136147,
        0.007883581332862377,
        1.8438237020745873e-05,
        0.09606605768203735,
        2.97810913707508e-08,
        6.6431148582069e-08,
        0.0003281933895777911,
        8.186436753021553e-05,
        7.13580334377184e-07,
        2.783920990623301e-06,
        2.399332288405276e-06,
        2.757494144134398e-07,
        3.044649247385678e-06,
        8.105804738534061e-08,
        2.1046442270744592e-05,
        9.755540125722106e-11,
        0.06360092014074326,
        9.960900797523209e-07,
        8.012951002456248e-05,
        6.200213675811028e-08,
        3.2009791084419703e-07,
        0.000185454249731265,
        0.12376591563224792,
        3.21551141269083e-09,
        0.12394799292087555,
        1.0914528729699668e-06,
        0.00042724961531348526,
        0.12185876071453094,
        6.678757927147672e-05,
        0.08298967778682709,
        0.02240498922765255,
        0.000112160574644804,
        0.3021226227283478,
        0.0035960960667580366
    ],
    "comments": {
        "created-by": "run_analogies.py",
        "args": {
            "model": "gpt2-medium",
            "cache_dir": "cache/",
            "tokenizer": "gpt2-medium",
            "data_dir": "data/analogies/gpt2/",
            "importance_results_dir": "rationalization_results/analogies/gpt2_ours/top3_replace0.3_max3000_batch8",
            "device": "cuda",
            "rationalization_config": "config/gpt2/top3_replace0.3_max3000_batch8.json",
            "input_num_ratio": 1.0,
            "logfolder": "logs/analogies/gpt2_ours/top3_replace0.3_max3000_batch8",
            "loglevel": 20
        },
        "time_elapsed": 26.265450716018677,
        "separate_rational": [
            [
                " another",
                " any",
                " funn",
                " the",
                " been",
                " had",
                " other",
                " French"
            ],
            [
                " been",
                " for",
                " other",
                ").",
                " to",
                " fact",
                " French",
                " funn"
            ],
            [
                " but",
                " never",
                " any",
                " been",
                " people",
                " French",
                " for",
                "'s"
            ],
            [
                " been",
                " fact",
                " had",
                " me",
                " In",
                " French",
                " even",
                " any"
            ],
            [
                " had",
                " been",
                " thing",
                ").",
                " French",
                " any",
                " fact",
                " been"
            ],
            [
                ").",
                " fact",
                " any",
                " even",
                "iest",
                " been",
                " French",
                " friends"
            ],
            [
                ",",
                " to",
                " been",
                " time",
                "iest",
                " French",
                " even",
                " other"
            ],
            [
                ".",
                " French",
                " to",
                " I",
                " been",
                " friends",
                " any",
                "I"
            ]
        ]
    }
}