{
    "$schema": "../docs/rationalization.schema.json",
    "id": 15,
    "input-text": [
        "When",
        " my",
        " flight",
        " landed",
        " in",
        " France",
        ",",
        " I",
        " converted",
        " my",
        " currency",
        " and",
        " slowly",
        " fell",
        " asleep",
        ".",
        " (",
        "I",
        " had",
        " a",
        " terrifying",
        " dream",
        " about",
        " my",
        " grandmother",
        ",",
        " but",
        " that",
        "'s",
        " a",
        " story",
        " for",
        " another",
        " time",
        ").",
        " I",
        " was",
        " staying",
        " in",
        " the",
        " capital",
        ","
    ],
    "input-tokens": [
        2215,
        616,
        5474,
        11406,
        287,
        4881,
        11,
        314,
        11513,
        616,
        7395,
        290,
        6364,
        3214,
        16039,
        13,
        357,
        40,
        550,
        257,
        17623,
        4320,
        546,
        616,
        18410,
        11,
        475,
        326,
        338,
        257,
        1621,
        329,
        1194,
        640,
        737,
        314,
        373,
        10589,
        287,
        262,
        3139,
        11
    ],
    "target-text": " Paris",
    "target-token": 6342,
    "rational-size": 18,
    "rational-positions": [
        0,
        2,
        4,
        5,
        16,
        18,
        20,
        22,
        24,
        26,
        31,
        34,
        36,
        37,
        38,
        39,
        40,
        41
    ],
    "rational-text": [
        "When",
        " flight",
        " in",
        " France",
        " (",
        " had",
        " terrifying",
        " about",
        " grandmother",
        " but",
        " for",
        ").",
        " was",
        " staying",
        " in",
        " the",
        " capital",
        ","
    ],
    "rational-tokens": [
        2215,
        5474,
        287,
        4881,
        357,
        550,
        17623,
        546,
        18410,
        475,
        329,
        737,
        373,
        10589,
        287,
        262,
        3139,
        11
    ],
    "importance-scores": [
        1.8888674689080694e-28,
        1.2973996977709233e-28,
        1.3485437018126467e-17,
        7.2333205040443435e-40,
        1.7961790887726154e-25,
        0.3758784532546997,
        1.5256783790992687e-32,
        2.5466605974065544e-18,
        1.097103496814981e-25,
        1.247619627903431e-31,
        3.459308157713556e-25,
        4.0616320278538525e-30,
        7.857726445968487e-15,
        2.906444724860828e-23,
        1.5059287785264353e-22,
        3.0305728362786514e-18,
        4.955967010374454e-16,
        0.0,
        4.37746273359527e-27,
        6.1643343653403e-39,
        9.740889233182111e-20,
        1.4604633930415012e-36,
        7.503602844417426e-20,
        1.2707278377495996e-25,
        4.661330002542208e-11,
        1.2103675947913385e-33,
        0.16666722297668457,
        0.1666666716337204,
        3.397950666015989e-36,
        2.771319038990321e-20,
        8.554516425620441e-20,
        1.897693442209147e-17,
        1.3023085621799572e-29,
        1.4406188992337714e-40,
        9.12889042137266e-10,
        4.093021341263793e-22,
        0.12412098795175552,
        4.075107603848206e-17,
        1.4465342166602204e-21,
        1.253852019210904e-16,
        0.1666666716337204,
        1.371117088326287e-23
    ],
    "comments": {
        "created-by": "run_analogies.py",
        "args": {
            "model": "gpt2-medium",
            "cache_dir": "cache/",
            "tokenizer": "gpt2-medium",
            "data_dir": "data/analogies/gpt2/",
            "importance_results_dir": "rationalization_results/analogies/gpt2_ours/top3_replace0.3_max3000_batch8",
            "device": "cuda",
            "rationalization_config": "config/gpt2/top3_replace0.3_max3000_batch8.json",
            "input_num_ratio": 1.0,
            "logfolder": "logs/analogies/gpt2_ours/top3_replace0.3_max3000_batch8",
            "loglevel": 20
        },
        "time_elapsed": 202.56662845611572,
        "separate_rational": [
            [
                " that",
                " capital",
                " staying",
                " about",
                " in",
                " in",
                " France",
                " was"
            ],
            [
                " the",
                " in",
                " had",
                " in",
                " a",
                " capital",
                ").",
                "When"
            ],
            [
                " France",
                " but",
                ").",
                " slowly",
                " I",
                " story",
                " (",
                " capital"
            ],
            [
                " France",
                " staying",
                " about",
                " terrifying",
                " my",
                " a",
                " the",
                " capital"
            ],
            [
                " capital",
                " (",
                ".",
                " France",
                " the",
                ").",
                ",",
                " grandmother"
            ],
            [
                " but",
                " France",
                " capital",
                " the",
                " for",
                " staying",
                " fell",
                " asleep"
            ],
            [
                " flight",
                " for",
                " France",
                " had",
                " grandmother",
                ").",
                "When",
                " my"
            ],
            [
                " was",
                " France",
                " grandmother",
                " flight",
                " terrifying",
                " capital",
                ",",
                " staying"
            ]
        ]
    }
}