{
    "$schema": "../docs/rationalization.schema.json",
    "id": 35,
    "input-text": [
        "When",
        " my",
        " flight",
        " landed",
        " in",
        " Finland",
        ",",
        " I",
        " converted",
        " my",
        " currency",
        " and",
        " slowly",
        " fell",
        " asleep",
        ".",
        " (",
        "I",
        " was",
        " behind",
        " on",
        " a",
        " couple",
        " of",
        " assignments",
        ",",
        " but",
        " I",
        " tried",
        " not",
        " to",
        " think",
        " about",
        " them",
        ").",
        " I",
        " was",
        " staying",
        " in",
        " the",
        " capital",
        ","
    ],
    "input-tokens": [
        2215,
        616,
        5474,
        11406,
        287,
        17837,
        11,
        314,
        11513,
        616,
        7395,
        290,
        6364,
        3214,
        16039,
        13,
        357,
        40,
        373,
        2157,
        319,
        257,
        3155,
        286,
        25815,
        11,
        475,
        314,
        3088,
        407,
        284,
        892,
        546,
        606,
        737,
        314,
        373,
        10589,
        287,
        262,
        3139,
        11
    ],
    "target-text": " Helsinki",
    "target-token": 47688,
    "rational-size": 18,
    "rational-positions": [
        0,
        5,
        6,
        7,
        13,
        15,
        21,
        25,
        26,
        27,
        34,
        35,
        36,
        37,
        38,
        39,
        40,
        41
    ],
    "rational-text": [
        "When",
        " Finland",
        ",",
        " I",
        " fell",
        ".",
        " a",
        ",",
        " but",
        " I",
        ").",
        " I",
        " was",
        " staying",
        " in",
        " the",
        " capital",
        ","
    ],
    "rational-tokens": [
        2215,
        17837,
        11,
        314,
        3214,
        13,
        257,
        11,
        475,
        314,
        737,
        314,
        373,
        10589,
        287,
        262,
        3139,
        11
    ],
    "importance-scores": [
        3.5880898963114305e-07,
        6.861609502806232e-09,
        5.671352033937115e-34,
        1.7143049675129307e-13,
        3.9774167922077555e-21,
        1.0634184945956804e-06,
        1.1959172155499761e-17,
        1.141696863120995e-15,
        7.641583010808972e-08,
        1.3060634899032256e-18,
        6.301117786369446e-21,
        8.502185064291021e-26,
        7.132156744115636e-20,
        4.716158019668626e-11,
        4.1887043014882455e-14,
        5.62944026437042e-29,
        0.24999913573265076,
        1.1134735444784383e-07,
        5.635786240525384e-19,
        8.036378230632038e-14,
        1.6400910468749693e-22,
        0.24999800324440002,
        1.2369177215750137e-27,
        6.037498805614621e-15,
        9.027227165583104e-17,
        1.8861118111670842e-14,
        0.25,
        5.4602068157533474e-18,
        1.1835983920883783e-19,
        3.248056749437659e-21,
        3.2748561895940266e-20,
        1.752140044736808e-28,
        4.260885206560499e-20,
        2.196953656632664e-18,
        0.2500000596046448,
        1.1001412758560036e-06,
        1.092965600892354e-24,
        1.1994922199595748e-12,
        6.681248986751728e-29,
        1.1662988630423143e-10,
        1.4286604255175916e-07,
        5.196158025644988e-16
    ],
    "comments": {
        "created-by": "run_analogies.py",
        "args": {
            "model": "gpt2-medium",
            "cache_dir": "cache/",
            "tokenizer": "gpt2-medium",
            "data_dir": "data/analogies/gpt2/",
            "importance_results_dir": "rationalization_results/analogies/gpt2_ours/top3_replace0.3_max3000_batch8",
            "device": "cuda",
            "rationalization_config": "config/gpt2/top3_replace0.3_max3000_batch8.json",
            "input_num_ratio": 1.0,
            "logfolder": "logs/analogies/gpt2_ours/top3_replace0.3_max3000_batch8",
            "loglevel": 20
        },
        "time_elapsed": 203.485591173172,
        "separate_rational": [
            [
                " I",
                " currency",
                " I",
                " staying",
                ").",
                " the",
                " was",
                " to"
            ],
            [
                ".",
                ").",
                " in",
                ",",
                " asleep",
                ",",
                "When",
                " my"
            ],
            [
                " (",
                "When",
                " capital",
                " Finland",
                "I",
                " converted",
                ").",
                " I"
            ],
            [
                ").",
                " Finland",
                " behind",
                " think",
                " capital",
                " the",
                " and",
                " staying"
            ],
            [
                " a",
                " I",
                " Finland",
                ").",
                " capital",
                ",",
                " I",
                " staying"
            ],
            [
                " Finland",
                " fell",
                " I",
                " on",
                " was",
                " in",
                ").",
                ","
            ],
            [
                ".",
                ",",
                " flight",
                " the",
                " but",
                " fell",
                " capital",
                " I"
            ],
            [
                " but",
                " of",
                ",",
                " was",
                ",",
                " Finland",
                " capital",
                " a"
            ]
        ]
    }
}