{
    "$schema": "../docs/rationalization.schema.json",
    "id": 57,
    "input-text": [
        "When",
        " my",
        " flight",
        " landed",
        " in",
        " Poland",
        ",",
        " I",
        " converted",
        " my",
        " currency",
        " and",
        " slowly",
        " fell",
        " asleep",
        ".",
        " (",
        "I",
        " was",
        " behind",
        " on",
        " a",
        " couple",
        " of",
        " assignments",
        ",",
        " but",
        " I",
        " tried",
        " not",
        " to",
        " think",
        " about",
        " them",
        ").",
        " I",
        " was",
        " staying",
        " in",
        " the",
        " capital",
        ","
    ],
    "input-tokens": [
        2215,
        616,
        5474,
        11406,
        287,
        12873,
        11,
        314,
        11513,
        616,
        7395,
        290,
        6364,
        3214,
        16039,
        13,
        357,
        40,
        373,
        2157,
        319,
        257,
        3155,
        286,
        25815,
        11,
        475,
        314,
        3088,
        407,
        284,
        892,
        546,
        606,
        737,
        314,
        373,
        10589,
        287,
        262,
        3139,
        11
    ],
    "target-text": " Warsaw",
    "target-token": 32955,
    "rational-size": 15,
    "rational-positions": [
        0,
        1,
        2,
        3,
        4,
        5,
        7,
        13,
        14,
        28,
        31,
        34,
        37,
        39,
        40
    ],
    "rational-text": [
        "When",
        " my",
        " flight",
        " landed",
        " in",
        " Poland",
        " I",
        " fell",
        " asleep",
        " tried",
        " think",
        ").",
        " staying",
        " the",
        " capital"
    ],
    "rational-tokens": [
        2215,
        616,
        5474,
        11406,
        287,
        12873,
        314,
        3214,
        16039,
        3088,
        892,
        737,
        10589,
        262,
        3139
    ],
    "importance-scores": [
        6.744204835357241e-35,
        1.616864718780541e-25,
        8.410524721114143e-09,
        0.0,
        1.496937512834305e-31,
        2.2167158375716158e-30,
        5.702809823968554e-35,
        4.851295283492517e-42,
        5.773349673018246e-43,
        0.0,
        1.1367333142602916e-40,
        0.0,
        2.4041333292993535e-35,
        0.5,
        5.38778015848173e-38,
        6.731781770677848e-40,
        0.0,
        0.0,
        0.0,
        0.0,
        0.0,
        0.0,
        0.0,
        1.4107897260263833e-29,
        1.3606338278293606e-09,
        0.0,
        0.0,
        0.0,
        1.381946880066636e-21,
        0.0,
        0.0,
        0.0,
        2.301296416022074e-40,
        0.0,
        4.194963179892481e-33,
        0.0,
        0.0,
        0.0,
        9.40336799979837e-31,
        1.8216880036222622e-44,
        0.5,
        1.8335157826466834e-20
    ],
    "comments": {
        "created-by": "run_analogies.py",
        "args": {
            "model": "gpt2-medium",
            "cache_dir": "cache/",
            "tokenizer": "gpt2-medium",
            "data_dir": "data/analogies/gpt2/",
            "importance_results_dir": "rationalization_results/analogies/gpt2_ours/top3_replace0.3_max3000_batch8",
            "device": "cuda",
            "rationalization_config": "config/gpt2/top3_replace0.3_max3000_batch8.json",
            "input_num_ratio": 1.0,
            "logfolder": "logs/analogies/gpt2_ours/top3_replace0.3_max3000_batch8",
            "loglevel": 20
        },
        "time_elapsed": 197.16639828681946,
        "separate_rational": [
            [
                " capital",
                " of",
                " flight",
                " asleep",
                " Poland",
                "When",
                " my",
                " landed"
            ],
            [
                " fell",
                " flight",
                " capital",
                " assignments",
                ",",
                " tried",
                " my",
                " Poland"
            ],
            [
                " tried",
                " the",
                " fell",
                " not",
                " staying",
                " couple",
                " in",
                " think"
            ],
            [
                " slowly",
                " capital",
                " a",
                " think",
                " I",
                " Poland",
                " and",
                "When"
            ],
            [
                " was",
                " flight",
                " I",
                " the",
                " Poland",
                ",",
                "When",
                " my"
            ],
            [
                " in",
                ").",
                " landed",
                "When",
                " my",
                " flight",
                " Poland",
                ","
            ],
            [
                " asleep",
                " capital",
                ").",
                ".",
                " Poland",
                "When",
                " my",
                " flight"
            ],
            [
                " staying",
                " in",
                " but",
                " converted",
                "When",
                " my",
                " flight",
                " landed"
            ]
        ]
    }
}