{
    "$schema": "../docs/rationalization.schema.json",
    "id": 80,
    "input-text": [
        "I",
        " initially",
        " invited",
        " my",
        " sons",
        ",",
        " who",
        " gladly",
        " accepted",
        " my",
        " invitation",
        ".",
        " (",
        "My",
        " favorite",
        " song",
        " just",
        " came",
        " on",
        ",",
        " so",
        " I",
        " was",
        " able",
        " to",
        " relax",
        ").",
        " When",
        " I",
        " learned",
        " that",
        " women",
        " were",
        " allowed",
        ",",
        " I",
        " went",
        " ahead",
        " and",
        " also",
        " invited",
        " my"
    ],
    "input-tokens": [
        40,
        7317,
        9392,
        616,
        11989,
        11,
        508,
        35092,
        6292,
        616,
        17023,
        13,
        357,
        3666,
        4004,
        3496,
        655,
        1625,
        319,
        11,
        523,
        314,
        373,
        1498,
        284,
        8960,
        737,
        1649,
        314,
        4499,
        326,
        1466,
        547,
        3142,
        11,
        314,
        1816,
        4058,
        290,
        635,
        9392,
        616
    ],
    "target-text": " daughters",
    "target-token": 14850,
    "rational-size": 16,
    "rational-positions": [
        0,
        1,
        4,
        20,
        23,
        24,
        25,
        26,
        27,
        28,
        31,
        32,
        34,
        35,
        40,
        41
    ],
    "rational-text": [
        "I",
        " initially",
        " sons",
        " so",
        " able",
        " to",
        " relax",
        ").",
        " When",
        " I",
        " women",
        " were",
        ",",
        " I",
        " invited",
        " my"
    ],
    "rational-tokens": [
        40,
        7317,
        11989,
        523,
        1498,
        284,
        8960,
        737,
        1649,
        314,
        1466,
        547,
        11,
        314,
        9392,
        616
    ],
    "importance-scores": [
        0.017951644957065582,
        0.09453783929347992,
        0.0011899841483682394,
        0.004382179584354162,
        0.4898031949996948,
        0.004458477720618248,
        0.005391201004385948,
        0.059975381940603256,
        0.002128367777913809,
        0.008723225444555283,
        0.06526685506105423,
        0.0008530837949365377,
        0.0003652578452602029,
        0.00538115669041872,
        0.003652379382401705,
        0.00015097878349479288,
        0.0014606614131480455,
        0.0011092424392700195,
        9.764360584085807e-05,
        0.025676416233181953,
        0.009460348635911942,
        0.0039029063191264868,
        0.0030052941292524338,
        0.012262953445315361,
        0.00948156975209713,
        0.0026384699158370495,
        0.03852046653628349,
        0.021550379693508148,
        0.00506280642002821,
        0.0001359019661322236,
        0.004811602178961039,
        0.04864994063973427,
        0.009548865258693695,
        0.0006851854268461466,
        0.004795894026756287,
        0.0030280339997261763,
        0.00110253831371665,
        0.0030312323942780495,
        0.0005474841454997659,
        0.005087399855256081,
        0.013965355232357979,
        0.006170222535729408
    ],
    "comments": {
        "created-by": "run_analogies.py",
        "args": {
            "model": "gpt2-medium",
            "cache_dir": "cache/",
            "tokenizer": "gpt2-medium",
            "data_dir": "data/analogies/gpt2/",
            "importance_results_dir": "rationalization_results/analogies/gpt2_ours/top3_replace0.3_max3000_batch8",
            "device": "cuda",
            "rationalization_config": "config/gpt2/top3_replace0.3_max3000_batch8.json",
            "input_num_ratio": 1.0,
            "logfolder": "logs/analogies/gpt2_ours/top3_replace0.3_max3000_batch8",
            "loglevel": 20
        },
        "time_elapsed": 104.74345207214355,
        "separate_rational": [
            [
                " sons",
                " women",
                " were",
                " also",
                " I",
                " I",
                ").",
                " relax"
            ],
            [
                " sons",
                "I",
                " my",
                " so",
                " When",
                ").",
                " who",
                "My"
            ],
            [
                " initially",
                ",",
                " women",
                " sons",
                " to",
                " ahead",
                " favorite",
                " my"
            ],
            [
                " invitation",
                " gladly",
                ",",
                " relax",
                " sons",
                " just",
                " accepted",
                " invited"
            ],
            [
                " sons",
                " invited",
                " my",
                " went",
                " initially",
                " able",
                " on",
                " were"
            ],
            [
                " sons",
                " invited",
                " my",
                " When",
                " song",
                ",",
                " and",
                " women"
            ],
            [
                " sons",
                " my",
                " able",
                ".",
                " so",
                " invited",
                " I",
                " I"
            ],
            [
                " initially",
                ").",
                " When",
                " able",
                "I",
                " invited",
                " sons",
                " to"
            ]
        ]
    }
}