{
    "$schema": "../docs/rationalization.schema.json",
    "id": 98,
    "input-text": [
        "I",
        " thought",
        " it",
        " would",
        " be",
        " the",
        " brightest",
        " thing",
        " I",
        "'d",
        " ever",
        " encounter",
        ".",
        " (",
        "I",
        " tried",
        " to",
        " ignore",
        " my",
        " phone",
        " vibr",
        "ating",
        " in",
        " my",
        " pocket",
        ").",
        " But",
        " when",
        " I",
        " did",
        " end",
        " up",
        " encountering",
        " it",
        ",",
        " it",
        " turned",
        " out",
        " it",
        " wasn",
        "'t",
        " so"
    ],
    "input-tokens": [
        40,
        1807,
        340,
        561,
        307,
        262,
        33871,
        1517,
        314,
        1549,
        1683,
        8791,
        13,
        357,
        40,
        3088,
        284,
        8856,
        616,
        3072,
        12611,
        803,
        287,
        616,
        10000,
        737,
        887,
        618,
        314,
        750,
        886,
        510,
        42398,
        340,
        11,
        340,
        2900,
        503,
        340,
        2492,
        470,
        523
    ],
    "target-text": " bright",
    "target-token": 6016,
    "rational-size": 16,
    "rational-positions": [
        0,
        1,
        2,
        5,
        6,
        7,
        9,
        14,
        18,
        21,
        32,
        36,
        37,
        38,
        40,
        41
    ],
    "rational-text": [
        "I",
        " thought",
        " it",
        " the",
        " brightest",
        " thing",
        "'d",
        "I",
        " my",
        "ating",
        " encountering",
        " turned",
        " out",
        " it",
        "'t",
        " so"
    ],
    "rational-tokens": [
        40,
        1807,
        340,
        262,
        33871,
        1517,
        1549,
        40,
        616,
        803,
        42398,
        2900,
        503,
        340,
        470,
        523
    ],
    "importance-scores": [
        1.3521213077183347e-05,
        0.0009435113170184195,
        0.18475070595741272,
        3.7031627764250175e-12,
        0.001570075866766274,
        2.770931574469504e-11,
        0.24571973085403442,
        6.784532615711214e-07,
        3.8529504586826135e-10,
        0.0001076591870514676,
        8.139519280803142e-09,
        0.00046831159852445126,
        4.929597285929788e-10,
        6.0947186284465715e-05,
        7.384218569939094e-09,
        2.5050107765878238e-08,
        0.0024560904130339622,
        2.407272159388185e-10,
        0.0005382390809245408,
        1.7132668617136915e-08,
        1.9924670247029042e-10,
        0.06028379499912262,
        7.484395325718651e-09,
        2.6961195089825196e-06,
        9.661031974417256e-10,
        2.227368428586729e-10,
        8.824989345157519e-05,
        2.7838003169994296e-12,
        0.003293259534984827,
        1.4005054169326236e-13,
        5.297724055708386e-05,
        4.0478460050508147e-07,
        0.057631995528936386,
        3.2481732432643184e-06,
        1.6970447399775046e-12,
        4.377569894131739e-06,
        4.225009035963012e-07,
        0.013615354895591736,
        0.05228112265467644,
        4.5640986172656994e-06,
        0.25,
        0.12610797584056854
    ],
    "comments": {
        "created-by": "run_analogies.py",
        "args": {
            "model": "gpt2-medium",
            "cache_dir": "cache/",
            "tokenizer": "gpt2-medium",
            "data_dir": "data/analogies/gpt2/",
            "importance_results_dir": "rationalization_results/analogies/gpt2_ours/top3_replace0.3_max3000_batch8",
            "device": "cuda",
            "rationalization_config": "config/gpt2/top3_replace0.3_max3000_batch8.json",
            "input_num_ratio": 1.0,
            "logfolder": "logs/analogies/gpt2_ours/top3_replace0.3_max3000_batch8",
            "loglevel": 20
        },
        "time_elapsed": 44.281492471694946,
        "separate_rational": [
            [
                "ating",
                " it",
                " so",
                " thought",
                "'d",
                " But",
                " (",
                " end"
            ],
            [
                " so",
                " to",
                " encountering",
                " thing",
                " thought",
                " brightest",
                ").",
                " wasn"
            ],
            [
                " it",
                "I",
                " turned",
                ",",
                " so",
                " brightest",
                " phone",
                " pocket"
            ],
            [
                "'t",
                " the",
                " vibr",
                "I",
                "ating",
                " brightest",
                "'d",
                " it"
            ],
            [
                " encountering",
                " it",
                " out",
                " be",
                "'d",
                " so",
                " up",
                "I"
            ],
            [
                "'t",
                " thing",
                " my",
                " brightest",
                " when",
                "I",
                " so",
                " thought"
            ],
            [
                " brightest",
                " I",
                " my",
                " encounter",
                " turned",
                " so",
                " it",
                " in"
            ],
            [
                " brightest",
                " turned",
                " it",
                " the",
                "'d",
                " out",
                " tried",
                " so"
            ]
        ]
    }
}