{
    "$schema": "../docs/rationalization.schema.json",
    "id": 100,
    "input-text": [
        "I",
        " thought",
        " it",
        " would",
        " be",
        " the",
        " darkest",
        " thing",
        " I",
        "'d",
        " ever",
        " encounter",
        ".",
        " (",
        "I",
        " tried",
        " to",
        " ignore",
        " my",
        " phone",
        " vibr",
        "ating",
        " in",
        " my",
        " pocket",
        ").",
        " But",
        " when",
        " I",
        " did",
        " end",
        " up",
        " encountering",
        " it",
        ",",
        " it",
        " turned",
        " out",
        " it",
        " wasn",
        "'t",
        " so"
    ],
    "input-tokens": [
        40,
        1807,
        340,
        561,
        307,
        262,
        35995,
        1517,
        314,
        1549,
        1683,
        8791,
        13,
        357,
        40,
        3088,
        284,
        8856,
        616,
        3072,
        12611,
        803,
        287,
        616,
        10000,
        737,
        887,
        618,
        314,
        750,
        886,
        510,
        42398,
        340,
        11,
        340,
        2900,
        503,
        340,
        2492,
        470,
        523
    ],
    "target-text": " dark",
    "target-token": 3223,
    "rational-size": 5,
    "rational-positions": [
        6,
        32,
        5,
        11,
        41
    ],
    "rational-text": [
        " darkest",
        " encountering",
        " the",
        " encounter",
        " so"
    ],
    "rational-tokens": [
        35995,
        42398,
        262,
        8791,
        523
    ],
    "importance-scores": [
        0.030488763004541397,
        0.03300337493419647,
        0.02784080058336258,
        0.030036991462111473,
        0.02273566834628582,
        0.0480252280831337,
        0.2678578794002533,
        0.011331235989928246,
        0.007104896940290928,
        0.0075821285136044025,
        0.006755303591489792,
        0.04496157914400101,
        0.01917233318090439,
        0.012198791839182377,
        0.00641534011811018,
        0.009006120264530182,
        0.009853429161012173,
        0.01876932941377163,
        0.0060779317282140255,
        0.02056821808218956,
        0.030876128003001213,
        0.004983114544302225,
        0.009415734559297562,
        0.006300966255366802,
        0.012016208842396736,
        0.017773441970348358,
        0.012583669275045395,
        0.007150266319513321,
        0.006026053801178932,
        0.008892497047781944,
        0.013691525906324387,
        0.014132696203887463,
        0.0731499195098877,
        0.007716132327914238,
        0.004673321731388569,
        0.0041173598729074,
        0.02251131646335125,
        0.012870869599282742,
        0.004582921974360943,
        0.03502614423632622,
        0.01649513654410839,
        0.03522920235991478
    ],
    "comments": {
        "created-by": "run_analogies.py",
        "args": {
            "model": "gpt2-medium",
            "cache_dir": "./cache/",
            "tokenizer": "gpt2-medium",
            "data_dir": "data/analogies/gpt2/",
            "importance_results_dir": "rationalization_results/analogies/gpt2_integrated_gradients",
            "device": "cuda",
            "rationalization_config": "config/eva_integrated_gradients.json",
            "input_num_ratio": 1,
            "logfolder": "logs/analogies/gpt2_integrated_gradients",
            "loglevel": 20
        },
        "time_elapsed": 0.25670647621154785
    }
}