{
    "$schema": "../docs/rationalization.schema.json",
    "id": 107,
    "input-text": [
        "I",
        " thought",
        " it",
        " would",
        " be",
        " the",
        " oldest",
        " thing",
        " I",
        "'d",
        " ever",
        " encounter",
        ".",
        " (",
        "I",
        " tried",
        " to",
        " ignore",
        " my",
        " phone",
        " vibr",
        "ating",
        " in",
        " my",
        " pocket",
        ").",
        " But",
        " when",
        " I",
        " did",
        " end",
        " up",
        " encountering",
        " it",
        ",",
        " it",
        " turned",
        " out",
        " it",
        " wasn",
        "'t",
        " so"
    ],
    "input-tokens": [
        40,
        1807,
        340,
        561,
        307,
        262,
        13325,
        1517,
        314,
        1549,
        1683,
        8791,
        13,
        357,
        40,
        3088,
        284,
        8856,
        616,
        3072,
        12611,
        803,
        287,
        616,
        10000,
        737,
        887,
        618,
        314,
        750,
        886,
        510,
        42398,
        340,
        11,
        340,
        2900,
        503,
        340,
        2492,
        470,
        523
    ],
    "target-text": " old",
    "target-token": 1468,
    "rational-size": 5,
    "rational-positions": [
        6,
        32,
        11,
        0,
        5
    ],
    "rational-text": [
        " oldest",
        " encountering",
        " encounter",
        "I",
        " the"
    ],
    "rational-tokens": [
        13325,
        42398,
        8791,
        40,
        262
    ],
    "importance-scores": [
        0.039207927882671356,
        0.036692503839731216,
        0.019348328933119774,
        0.02416374534368515,
        0.016193294897675514,
        0.036724984645843506,
        0.1231456845998764,
        0.015076792798936367,
        0.013122828677296638,
        0.013190430589020252,
        0.01163854543119669,
        0.06816591322422028,
        0.02111274190247059,
        0.025736376643180847,
        0.01062142476439476,
        0.01401233859360218,
        0.018369577825069427,
        0.02433611825108528,
        0.009749987162649632,
        0.030128393322229385,
        0.027958350256085396,
        0.008956211619079113,
        0.018634075298905373,
        0.009334995411336422,
        0.0139336958527565,
        0.033601950854063034,
        0.03129396587610245,
        0.010918334126472473,
        0.010348452255129814,
        0.011811676435172558,
        0.018862243741750717,
        0.03089599683880806,
        0.08062026649713516,
        0.005631687585264444,
        0.00551665248349309,
        0.004353334195911884,
        0.032068971544504166,
        0.013987688347697258,
        0.005688839592039585,
        0.020077774301171303,
        0.010772804729640484,
        0.023994140326976776
    ],
    "comments": {
        "created-by": "run_analogies.py",
        "args": {
            "model": "gpt2-medium",
            "cache_dir": "./cache/",
            "tokenizer": "gpt2-medium",
            "data_dir": "data/analogies/gpt2/",
            "importance_results_dir": "rationalization_results/analogies/gpt2_integrated_gradients",
            "device": "cuda",
            "rationalization_config": "config/eva_integrated_gradients.json",
            "input_num_ratio": 1,
            "logfolder": "logs/analogies/gpt2_integrated_gradients",
            "loglevel": 20
        },
        "time_elapsed": 0.3060159683227539
    }
}