{
    "$schema": "../docs/rationalization.schema.json",
    "id": 112,
    "input-text": [
        "I",
        " thought",
        " it",
        " would",
        " be",
        " the",
        " strongest",
        " thing",
        " I",
        "'d",
        " ever",
        " encounter",
        ".",
        " (",
        "I",
        " tried",
        " to",
        " ignore",
        " my",
        " phone",
        " vibr",
        "ating",
        " in",
        " my",
        " pocket",
        ").",
        " But",
        " when",
        " I",
        " did",
        " end",
        " up",
        " encountering",
        " it",
        ",",
        " it",
        " turned",
        " out",
        " it",
        " wasn",
        "'t",
        " so"
    ],
    "input-tokens": [
        40,
        1807,
        340,
        561,
        307,
        262,
        12841,
        1517,
        314,
        1549,
        1683,
        8791,
        13,
        357,
        40,
        3088,
        284,
        8856,
        616,
        3072,
        12611,
        803,
        287,
        616,
        10000,
        737,
        887,
        618,
        314,
        750,
        886,
        510,
        42398,
        340,
        11,
        340,
        2900,
        503,
        340,
        2492,
        470,
        523
    ],
    "target-text": " strong",
    "target-token": 1913,
    "rational-size": 5,
    "rational-positions": [
        6,
        5,
        11,
        32,
        0
    ],
    "rational-text": [
        " strongest",
        " the",
        " encounter",
        " encountering",
        "I"
    ],
    "rational-tokens": [
        12841,
        262,
        8791,
        42398,
        40
    ],
    "importance-scores": [
        0.04137353226542473,
        0.039551228284835815,
        0.02739851363003254,
        0.02693111076951027,
        0.019295938313007355,
        0.06785180419683456,
        0.2815253734588623,
        0.011236334219574928,
        0.00909468624740839,
        0.009227920323610306,
        0.007980081252753735,
        0.052481453865766525,
        0.017365317791700363,
        0.016444310545921326,
        0.007321353070437908,
        0.010432871989905834,
        0.010913902893662453,
        0.025057585909962654,
        0.007032685447484255,
        0.019586030393838882,
        0.02963528223335743,
        0.005316553171724081,
        0.009537828154861927,
        0.006227981764823198,
        0.013003152795135975,
        0.01663610339164734,
        0.010674437507987022,
        0.00633736839517951,
        0.006433485075831413,
        0.007430559489876032,
        0.010117652826011181,
        0.01380194816738367,
        0.046915918588638306,
        0.007279406301677227,
        0.009217316284775734,
        0.0036339694634079933,
        0.0172173622995615,
        0.007540826220065355,
        0.006053430959582329,
        0.024711759760975838,
        0.013074707239866257,
        0.021100906655192375
    ],
    "comments": {
        "created-by": "run_analogies.py",
        "args": {
            "model": "gpt2-medium",
            "cache_dir": "./cache/",
            "tokenizer": "gpt2-medium",
            "data_dir": "data/analogies/gpt2/",
            "importance_results_dir": "rationalization_results/analogies/gpt2_integrated_gradients",
            "device": "cuda",
            "rationalization_config": "config/eva_integrated_gradients.json",
            "input_num_ratio": 1,
            "logfolder": "logs/analogies/gpt2_integrated_gradients",
            "loglevel": 20
        },
        "time_elapsed": 0.2568180561065674
    }
}