{
    "$schema": "../docs/rationalization.schema.json",
    "id": 114,
    "input-text": [
        "I",
        " thought",
        " it",
        " would",
        " be",
        " the",
        " widest",
        " thing",
        " I",
        "'d",
        " ever",
        " encounter",
        ".",
        " (",
        "I",
        " tried",
        " to",
        " ignore",
        " my",
        " phone",
        " vibr",
        "ating",
        " in",
        " my",
        " pocket",
        ").",
        " But",
        " when",
        " I",
        " did",
        " end",
        " up",
        " encountering",
        " it",
        ",",
        " it",
        " turned",
        " out",
        " it",
        " wasn",
        "'t",
        " so"
    ],
    "input-tokens": [
        40,
        1807,
        340,
        561,
        307,
        262,
        46232,
        1517,
        314,
        1549,
        1683,
        8791,
        13,
        357,
        40,
        3088,
        284,
        8856,
        616,
        3072,
        12611,
        803,
        287,
        616,
        10000,
        737,
        887,
        618,
        314,
        750,
        886,
        510,
        42398,
        340,
        11,
        340,
        2900,
        503,
        340,
        2492,
        470,
        523
    ],
    "target-text": " wide",
    "target-token": 3094,
    "rational-size": 5,
    "rational-positions": [
        6,
        11,
        32,
        5,
        1
    ],
    "rational-text": [
        " widest",
        " encounter",
        " encountering",
        " the",
        " thought"
    ],
    "rational-tokens": [
        46232,
        8791,
        42398,
        262,
        1807
    ],
    "importance-scores": [
        0.03731905668973923,
        0.047200560569763184,
        0.023538293316960335,
        0.03032834455370903,
        0.020740393549203873,
        0.05607423558831215,
        0.21006201207637787,
        0.01718854159116745,
        0.010439470410346985,
        0.013721183873713017,
        0.010952186770737171,
        0.06558585911989212,
        0.019273756071925163,
        0.018382102251052856,
        0.007823585532605648,
        0.01649336703121662,
        0.010461829602718353,
        0.031925931572914124,
        0.006570471916347742,
        0.025523342192173004,
        0.03861551359295845,
        0.005143787711858749,
        0.006194120738655329,
        0.005214867647737265,
        0.012557960115373135,
        0.013597230426967144,
        0.009390071034431458,
        0.005437778774648905,
        0.006065483205020428,
        0.007353144697844982,
        0.008798688650131226,
        0.010474842973053455,
        0.059869907796382904,
        0.008805659599602222,
        0.012848789803683758,
        0.005504373926669359,
        0.01254168152809143,
        0.01296705286949873,
        0.005876806098967791,
        0.02639528550207615,
        0.013951096683740616,
        0.032791394740343094
    ],
    "comments": {
        "created-by": "run_analogies.py",
        "args": {
            "model": "gpt2-medium",
            "cache_dir": "./cache/",
            "tokenizer": "gpt2-medium",
            "data_dir": "data/analogies/gpt2/",
            "importance_results_dir": "rationalization_results/analogies/gpt2_integrated_gradients",
            "device": "cuda",
            "rationalization_config": "config/eva_integrated_gradients.json",
            "input_num_ratio": 1,
            "logfolder": "logs/analogies/gpt2_integrated_gradients",
            "loglevel": 20
        },
        "time_elapsed": 0.2554492950439453
    }
}