{
    "$schema": "../docs/rationalization.schema.json",
    "id": 125,
    "input-text": [
        "I",
        " had",
        " never",
        " been",
        " friends",
        " with",
        " any",
        " Egyptian",
        " people",
        " before",
        ".",
        " (",
        "The",
        " funn",
        "iest",
        " thing",
        " happened",
        " to",
        " me",
        " the",
        " other",
        " day",
        ",",
        " but",
        " that",
        "'s",
        " a",
        " story",
        " for",
        " another",
        " time",
        ").",
        " In",
        " fact",
        ",",
        " I",
        " had",
        " never",
        " even",
        " been",
        " to"
    ],
    "input-tokens": [
        40,
        550,
        1239,
        587,
        2460,
        351,
        597,
        14075,
        661,
        878,
        13,
        357,
        464,
        36090,
        6386,
        1517,
        3022,
        284,
        502,
        262,
        584,
        1110,
        11,
        475,
        326,
        338,
        257,
        1621,
        329,
        1194,
        640,
        737,
        554,
        1109,
        11,
        314,
        550,
        1239,
        772,
        587,
        284
    ],
    "target-text": " Egypt",
    "target-token": 6365,
    "rational-size": 5,
    "rational-positions": [
        39,
        7,
        38,
        10,
        37
    ],
    "rational-text": [
        " been",
        " Egyptian",
        " even",
        ".",
        " never"
    ],
    "rational-tokens": [
        587,
        14075,
        772,
        13,
        1239
    ],
    "importance-scores": [
        0.016448160633444786,
        0.01533497590571642,
        0.013498458079993725,
        0.011091699823737144,
        0.020529046654701233,
        0.020779667422175407,
        0.013165700249373913,
        0.09805852919816971,
        0.015311971306800842,
        0.016933482140302658,
        0.06349612772464752,
        0.025862086564302444,
        0.013228039257228374,
        0.018894536420702934,
        0.011923001147806644,
        0.01011812686920166,
        0.012534047476947308,
        0.016387099400162697,
        0.009329511784017086,
        0.0257637370377779,
        0.009833655320107937,
        0.01653478294610977,
        0.022235732525587082,
        0.009700648486614227,
        0.012953534722328186,
        0.015415241941809654,
        0.02125559002161026,
        0.01669834740459919,
        0.015923095867037773,
        0.009298127144575119,
        0.010249065235257149,
        0.01697458140552044,
        0.037252698093652725,
        0.02867325209081173,
        0.018444061279296875,
        0.010620340704917908,
        0.014675955288112164,
        0.0501566119492054,
        0.08250011503696442,
        0.11415520310401917,
        0.017761316150426865
    ],
    "comments": {
        "created-by": "run_analogies.py",
        "args": {
            "model": "gpt2-medium",
            "cache_dir": "./cache/",
            "tokenizer": "gpt2-medium",
            "data_dir": "data/analogies/gpt2/",
            "importance_results_dir": "rationalization_results/analogies/gpt2_integrated_gradients",
            "device": "cuda",
            "rationalization_config": "config/eva_integrated_gradients.json",
            "input_num_ratio": 1,
            "logfolder": "logs/analogies/gpt2_integrated_gradients",
            "loglevel": 20
        },
        "time_elapsed": 0.2994241714477539
    }
}