{
    "$schema": "../docs/rationalization.schema.json",
    "id": 143,
    "input-text": [
        "I",
        " had",
        " never",
        " been",
        " friends",
        " with",
        " any",
        " Swedish",
        " people",
        " before",
        ".",
        " (",
        "The",
        " funn",
        "iest",
        " thing",
        " happened",
        " to",
        " me",
        " the",
        " other",
        " day",
        ",",
        " but",
        " that",
        "'s",
        " a",
        " story",
        " for",
        " another",
        " time",
        ").",
        " In",
        " fact",
        ",",
        " I",
        " had",
        " never",
        " even",
        " been",
        " to"
    ],
    "input-tokens": [
        40,
        550,
        1239,
        587,
        2460,
        351,
        597,
        14023,
        661,
        878,
        13,
        357,
        464,
        36090,
        6386,
        1517,
        3022,
        284,
        502,
        262,
        584,
        1110,
        11,
        475,
        326,
        338,
        257,
        1621,
        329,
        1194,
        640,
        737,
        554,
        1109,
        11,
        314,
        550,
        1239,
        772,
        587,
        284
    ],
    "target-text": " Sweden",
    "target-token": 10710,
    "rational-size": 5,
    "rational-positions": [
        39,
        7,
        10,
        38,
        11
    ],
    "rational-text": [
        " been",
        " Swedish",
        ".",
        " even",
        " ("
    ],
    "rational-tokens": [
        587,
        14023,
        13,
        772,
        357
    ],
    "importance-scores": [
        0.018636520951986313,
        0.016282783821225166,
        0.014669188298285007,
        0.01084353681653738,
        0.018272316083312035,
        0.020359842106699944,
        0.013535739853978157,
        0.09088530391454697,
        0.015171105042099953,
        0.01455693133175373,
        0.07594897598028183,
        0.0445423386991024,
        0.012902528047561646,
        0.018469979986548424,
        0.011389857158064842,
        0.009874861687421799,
        0.015055770054459572,
        0.017702214419841766,
        0.009440199472010136,
        0.024851854890584946,
        0.009158755652606487,
        0.015166315250098705,
        0.020924687385559082,
        0.00875947717577219,
        0.011873853392899036,
        0.014095191843807697,
        0.019280346110463142,
        0.014647687785327435,
        0.013209322467446327,
        0.008137674070894718,
        0.012314696796238422,
        0.01584743708372116,
        0.03057274781167507,
        0.030694400891661644,
        0.01691892370581627,
        0.010384287685155869,
        0.01414535567164421,
        0.04278789088129997,
        0.07415900379419327,
        0.10399654507637024,
        0.0395335778594017
    ],
    "comments": {
        "created-by": "run_analogies.py",
        "args": {
            "model": "gpt2-medium",
            "cache_dir": "./cache/",
            "tokenizer": "gpt2-medium",
            "data_dir": "data/analogies/gpt2/",
            "importance_results_dir": "rationalization_results/analogies/gpt2_integrated_gradients",
            "device": "cuda",
            "rationalization_config": "config/eva_integrated_gradients.json",
            "input_num_ratio": 1,
            "logfolder": "logs/analogies/gpt2_integrated_gradients",
            "loglevel": 20
        },
        "time_elapsed": 0.25460195541381836
    }
}