{
    "$schema": "../docs/rationalization.schema.json",
    "id": 147,
    "input-text": [
        "Although",
        " I",
        " danced",
        " yesterday",
        ",",
        " I",
        " had",
        " a",
        " million",
        " things",
        " to",
        " do",
        " today",
        ".",
        " (",
        "I",
        " suddenly",
        " felt",
        " a",
        " pin",
        "ched",
        " nerve",
        ",",
        " so",
        " I",
        " made",
        " a",
        " mental",
        " note",
        " to",
        " get",
        " that",
        " checked",
        " out",
        ").",
        " So",
        " today",
        " I",
        " wouldn",
        "'t",
        " have",
        " time",
        " to",
        " do",
        " any",
        " more"
    ],
    "input-tokens": [
        7003,
        314,
        39480,
        7415,
        11,
        314,
        550,
        257,
        1510,
        1243,
        284,
        466,
        1909,
        13,
        357,
        40,
        6451,
        2936,
        257,
        6757,
        1740,
        16384,
        11,
        523,
        314,
        925,
        257,
        5110,
        3465,
        284,
        651,
        326,
        10667,
        503,
        737,
        1406,
        1909,
        314,
        3636,
        470,
        423,
        640,
        284,
        466,
        597,
        517
    ],
    "target-text": " dancing",
    "target-token": 15360,
    "rational-size": 5,
    "rational-positions": [
        2,
        4,
        0,
        1,
        43
    ],
    "rational-text": [
        " danced",
        ",",
        "Although",
        " I",
        " do"
    ],
    "rational-tokens": [
        39480,
        11,
        7003,
        314,
        466
    ],
    "importance-scores": [
        0.05381755530834198,
        0.05289950966835022,
        0.1615138053894043,
        0.04409896209836006,
        0.06471280753612518,
        0.012939532287418842,
        0.012070155702531338,
        0.028566721826791763,
        0.022769659757614136,
        0.0168304443359375,
        0.013959075324237347,
        0.009169946424663067,
        0.014711074531078339,
        0.04236737638711929,
        0.019924523308873177,
        0.007083547301590443,
        0.010725303553044796,
        0.00839015282690525,
        0.013236716389656067,
        0.014111703261733055,
        0.00953001156449318,
        0.04332736134529114,
        0.015430007129907608,
        0.006690125446766615,
        0.007103003095835447,
        0.0071619232185184956,
        0.011845924891531467,
        0.01250617578625679,
        0.009044770151376724,
        0.009888147003948689,
        0.006517394911497831,
        0.00923488475382328,
        0.01162982638925314,
        0.006309257820248604,
        0.024816250428557396,
        0.015702050179243088,
        0.018009986728429794,
        0.005725392606109381,
        0.015326329506933689,
        0.006627300754189491,
        0.008133409544825554,
        0.014658364467322826,
        0.006777304690331221,
        0.04456457495689392,
        0.02357981726527214,
        0.025961799547076225
    ],
    "comments": {
        "created-by": "run_analogies.py",
        "args": {
            "model": "gpt2-medium",
            "cache_dir": "./cache/",
            "tokenizer": "gpt2-medium",
            "data_dir": "data/analogies/gpt2/",
            "importance_results_dir": "rationalization_results/analogies/gpt2_integrated_gradients",
            "device": "cuda",
            "rationalization_config": "config/eva_integrated_gradients.json",
            "input_num_ratio": 1,
            "logfolder": "logs/analogies/gpt2_integrated_gradients",
            "loglevel": 20
        },
        "time_elapsed": 0.2773265838623047
    }
}