{
    "$schema": "../docs/rationalization.schema.json",
    "id": 21,
    "input-text": [
        "When",
        " my",
        " flight",
        " landed",
        " in",
        " Greece",
        ",",
        " I",
        " converted",
        " my",
        " currency",
        " and",
        " slowly",
        " fell",
        " asleep",
        ".",
        " (",
        "I",
        " was",
        " behind",
        " on",
        " a",
        " couple",
        " of",
        " assignments",
        ",",
        " but",
        " I",
        " tried",
        " not",
        " to",
        " think",
        " about",
        " them",
        ").",
        " I",
        " was",
        " staying",
        " in",
        " the",
        " capital",
        ","
    ],
    "input-tokens": [
        2215,
        616,
        5474,
        11406,
        287,
        10315,
        11,
        314,
        11513,
        616,
        7395,
        290,
        6364,
        3214,
        16039,
        13,
        357,
        40,
        373,
        2157,
        319,
        257,
        3155,
        286,
        25815,
        11,
        475,
        314,
        3088,
        407,
        284,
        892,
        546,
        606,
        737,
        314,
        373,
        10589,
        287,
        262,
        3139,
        11
    ],
    "target-text": " Athens",
    "target-token": 21891,
    "rational-size": 5,
    "rational-positions": [
        5,
        40,
        4,
        41,
        37
    ],
    "rational-text": [
        " Greece",
        " capital",
        " in",
        ",",
        " staying"
    ],
    "rational-tokens": [
        10315,
        3139,
        287,
        11,
        10589
    ],
    "importance-scores": [
        0.02256193198263645,
        0.02374682016670704,
        0.03971093147993088,
        0.0327623151242733,
        0.05364265292882919,
        0.22763606905937195,
        0.02513214945793152,
        0.009114380925893784,
        0.015026405453681946,
        0.007737805135548115,
        0.02732776291668415,
        0.009428558871150017,
        0.011502446606755257,
        0.007291867863386869,
        0.015803318470716476,
        0.017231717705726624,
        0.012360496446490288,
        0.005578862503170967,
        0.006520702503621578,
        0.008532502688467503,
        0.007092104759067297,
        0.011034770868718624,
        0.009775257669389248,
        0.007299246732145548,
        0.03289147838950157,
        0.008917982690036297,
        0.005281590390950441,
        0.005640548653900623,
        0.00783535372465849,
        0.007315036840736866,
        0.006755922455340624,
        0.008790513500571251,
        0.010906186886131763,
        0.006585273426026106,
        0.013109013438224792,
        0.006823470816016197,
        0.008168051019310951,
        0.0457029864192009,
        0.01318993791937828,
        0.013509965501725674,
        0.13143983483314514,
        0.053285788744688034
    ],
    "comments": {
        "created-by": "run_analogies.py",
        "args": {
            "model": "gpt2-medium",
            "cache_dir": "./cache/",
            "tokenizer": "gpt2-medium",
            "data_dir": "data/analogies/gpt2/",
            "importance_results_dir": "rationalization_results/analogies/gpt2_integrated_gradients",
            "device": "cuda",
            "rationalization_config": "config/eva_integrated_gradients.json",
            "input_num_ratio": 1,
            "logfolder": "logs/analogies/gpt2_integrated_gradients",
            "loglevel": 20
        },
        "time_elapsed": 0.29715490341186523
    }
}