{
    "$schema": "../docs/rationalization.schema.json",
    "id": 63,
    "input-text": [
        "As",
        " soon",
        " as",
        " I",
        " arrived",
        " in",
        " Texas",
        ",",
        " I",
        " checked",
        " into",
        " my",
        " hotel",
        " and",
        " watched",
        " a",
        " movie",
        " before",
        " falling",
        " asleep",
        ".",
        " (",
        "I",
        " had",
        " a",
        " great",
        " call",
        " with",
        " my",
        " husband",
        ",",
        " although",
        " I",
        " wish",
        " it",
        " were",
        " longer",
        ").",
        " I",
        " was",
        " staying",
        " in",
        " my",
        " favorite",
        " city",
        ","
    ],
    "input-tokens": [
        1722,
        2582,
        355,
        314,
        5284,
        287,
        3936,
        11,
        314,
        10667,
        656,
        616,
        7541,
        290,
        7342,
        257,
        3807,
        878,
        7463,
        16039,
        13,
        357,
        40,
        550,
        257,
        1049,
        869,
        351,
        616,
        5229,
        11,
        3584,
        314,
        4601,
        340,
        547,
        2392,
        737,
        314,
        373,
        10589,
        287,
        616,
        4004,
        1748,
        11
    ],
    "target-text": " Austin",
    "target-token": 9533,
    "rational-size": 5,
    "rational-positions": [
        44,
        6,
        43,
        45,
        40
    ],
    "rational-text": [
        " city",
        " Texas",
        " favorite",
        ",",
        " staying"
    ],
    "rational-tokens": [
        1748,
        3936,
        4004,
        11,
        10589
    ],
    "importance-scores": [
        0.025729157030582428,
        0.022471947595477104,
        0.017653431743383408,
        0.015485013835132122,
        0.024352801963686943,
        0.026013517752289772,
        0.10187699645757675,
        0.03388950973749161,
        0.008898715488612652,
        0.012455344200134277,
        0.008607165887951851,
        0.0058350092731416225,
        0.025481367483735085,
        0.01422378234565258,
        0.010893100872635841,
        0.02324473112821579,
        0.0193035788834095,
        0.008231563493609428,
        0.009992416948080063,
        0.01721840538084507,
        0.03521454706788063,
        0.0242888405919075,
        0.005892196670174599,
        0.005862843245267868,
        0.013493599370121956,
        0.008899295702576637,
        0.008603262715041637,
        0.006636663805693388,
        0.005615035071969032,
        0.016346510499715805,
        0.014533987268805504,
        0.020726528018712997,
        0.007258075755089521,
        0.008583585731685162,
        0.006541655398905277,
        0.008664114400744438,
        0.009965922683477402,
        0.0260452963411808,
        0.011172546073794365,
        0.011814698576927185,
        0.03590564802289009,
        0.0200803205370903,
        0.025742018595337868,
        0.08170299977064133,
        0.1077885851264,
        0.040763624012470245
    ],
    "comments": {
        "created-by": "run_analogies.py",
        "args": {
            "model": "gpt2-medium",
            "cache_dir": "./cache/",
            "tokenizer": "gpt2-medium",
            "data_dir": "data/analogies/gpt2/",
            "importance_results_dir": "rationalization_results/analogies/gpt2_integrated_gradients",
            "device": "cuda",
            "rationalization_config": "config/eva_integrated_gradients.json",
            "input_num_ratio": 1,
            "logfolder": "logs/analogies/gpt2_integrated_gradients",
            "loglevel": 20
        },
        "time_elapsed": 0.2787151336669922
    }
}