{
    "$schema": "../docs/rationalization.schema.json",
    "id": 66,
    "input-text": [
        "As",
        " soon",
        " as",
        " I",
        " arrived",
        " in",
        " Tennessee",
        ",",
        " I",
        " checked",
        " into",
        " my",
        " hotel",
        " and",
        " watched",
        " a",
        " movie",
        " before",
        " falling",
        " asleep",
        ".",
        " (",
        "I",
        " had",
        " a",
        " great",
        " call",
        " with",
        " my",
        " husband",
        ",",
        " although",
        " I",
        " wish",
        " it",
        " were",
        " longer",
        ").",
        " I",
        " was",
        " staying",
        " in",
        " my",
        " favorite",
        " city",
        ","
    ],
    "input-tokens": [
        1722,
        2582,
        355,
        314,
        5284,
        287,
        11287,
        11,
        314,
        10667,
        656,
        616,
        7541,
        290,
        7342,
        257,
        3807,
        878,
        7463,
        16039,
        13,
        357,
        40,
        550,
        257,
        1049,
        869,
        351,
        616,
        5229,
        11,
        3584,
        314,
        4601,
        340,
        547,
        2392,
        737,
        314,
        373,
        10589,
        287,
        616,
        4004,
        1748,
        11
    ],
    "target-text": " Nashville",
    "target-token": 19250,
    "rational-size": 5,
    "rational-positions": [
        6,
        44,
        43,
        7,
        20
    ],
    "rational-text": [
        " Tennessee",
        " city",
        " favorite",
        ",",
        "."
    ],
    "rational-tokens": [
        11287,
        1748,
        4004,
        11,
        13
    ],
    "importance-scores": [
        0.026302268728613853,
        0.021928315982222557,
        0.026078231632709503,
        0.02135959453880787,
        0.0228403490036726,
        0.037898365408182144,
        0.18723267316818237,
        0.04830591753125191,
        0.008883675560355186,
        0.011682112701237202,
        0.008003216236829758,
        0.005767056252807379,
        0.020961442962288857,
        0.018236948177218437,
        0.009429133497178555,
        0.025991367176175117,
        0.015284312888979912,
        0.01020488515496254,
        0.007937032729387283,
        0.018289629369974136,
        0.045143187046051025,
        0.025820594280958176,
        0.00585097586736083,
        0.005348223261535168,
        0.013075890019536018,
        0.007949262857437134,
        0.007906720042228699,
        0.006372108589857817,
        0.004967064596712589,
        0.015962468460202217,
        0.01623533107340336,
        0.015599534846842289,
        0.005865187384188175,
        0.008391357026994228,
        0.005694914609193802,
        0.007655676454305649,
        0.009463077411055565,
        0.020106712356209755,
        0.009241513907909393,
        0.00973503291606903,
        0.043250858783721924,
        0.014739951118826866,
        0.015862340107560158,
        0.05241803824901581,
        0.06248028203845024,
        0.012247201055288315
    ],
    "comments": {
        "created-by": "run_analogies.py",
        "args": {
            "model": "gpt2-medium",
            "cache_dir": "./cache/",
            "tokenizer": "gpt2-medium",
            "data_dir": "data/analogies/gpt2/",
            "importance_results_dir": "rationalization_results/analogies/gpt2_integrated_gradients",
            "device": "cuda",
            "rationalization_config": "config/eva_integrated_gradients.json",
            "input_num_ratio": 1,
            "logfolder": "logs/analogies/gpt2_integrated_gradients",
            "loglevel": 20
        },
        "time_elapsed": 0.3245849609375
    }
}