{
    "$schema": "../docs/rationalization.schema.json",
    "id": 67,
    "input-text": [
        "As",
        " soon",
        " as",
        " I",
        " arrived",
        " in",
        " Oregon",
        ",",
        " I",
        " checked",
        " into",
        " my",
        " hotel",
        " and",
        " watched",
        " a",
        " movie",
        " before",
        " falling",
        " asleep",
        ".",
        " (",
        "I",
        " had",
        " a",
        " great",
        " call",
        " with",
        " my",
        " husband",
        ",",
        " although",
        " I",
        " wish",
        " it",
        " were",
        " longer",
        ").",
        " I",
        " was",
        " staying",
        " in",
        " my",
        " favorite",
        " city",
        ","
    ],
    "input-tokens": [
        1722,
        2582,
        355,
        314,
        5284,
        287,
        8819,
        11,
        314,
        10667,
        656,
        616,
        7541,
        290,
        7342,
        257,
        3807,
        878,
        7463,
        16039,
        13,
        357,
        40,
        550,
        257,
        1049,
        869,
        351,
        616,
        5229,
        11,
        3584,
        314,
        4601,
        340,
        547,
        2392,
        737,
        314,
        373,
        10589,
        287,
        616,
        4004,
        1748,
        11
    ],
    "target-text": " Portland",
    "target-token": 10727,
    "rational-size": 5,
    "rational-positions": [
        6,
        44,
        43,
        5,
        40
    ],
    "rational-text": [
        " Oregon",
        " city",
        " favorite",
        " in",
        " staying"
    ],
    "rational-tokens": [
        8819,
        1748,
        4004,
        287,
        10589
    ],
    "importance-scores": [
        0.027128085494041443,
        0.025560688227415085,
        0.025551404803991318,
        0.019998837262392044,
        0.02598942443728447,
        0.0445825420320034,
        0.18711453676223755,
        0.02493087202310562,
        0.008691932074725628,
        0.008550237864255905,
        0.008680968545377254,
        0.005455849692225456,
        0.0199041198939085,
        0.012426505796611309,
        0.009787051007151604,
        0.015399480238556862,
        0.014050444588065147,
        0.010358184576034546,
        0.008145228028297424,
        0.015257248654961586,
        0.024683577939867973,
        0.017145546153187752,
        0.005241455975919962,
        0.00510983495041728,
        0.011520899832248688,
        0.0069388700649142265,
        0.008332890458405018,
        0.0062653799541294575,
        0.004851744510233402,
        0.015535395592451096,
        0.012090729549527168,
        0.015558082610368729,
        0.006573575083166361,
        0.0074755847454071045,
        0.005526401102542877,
        0.006819950882345438,
        0.008828314021229744,
        0.022870386019349098,
        0.009835829958319664,
        0.009613646194338799,
        0.03176737204194069,
        0.015239342115819454,
        0.023392263799905777,
        0.06589768081903458,
        0.10705315321683884,
        0.028268426656723022
    ],
    "comments": {
        "created-by": "run_analogies.py",
        "args": {
            "model": "gpt2-medium",
            "cache_dir": "./cache/",
            "tokenizer": "gpt2-medium",
            "data_dir": "data/analogies/gpt2/",
            "importance_results_dir": "rationalization_results/analogies/gpt2_integrated_gradients",
            "device": "cuda",
            "rationalization_config": "config/eva_integrated_gradients.json",
            "input_num_ratio": 1,
            "logfolder": "logs/analogies/gpt2_integrated_gradients",
            "loglevel": 20
        },
        "time_elapsed": 0.27776503562927246
    }
}