{
    "$schema": "../docs/rationalization.schema.json",
    "id": 81,
    "input-text": [
        "I",
        " knew",
        " it",
        " was",
        " bad",
        ",",
        " but",
        " that",
        "'s",
        " before",
        " I",
        " saw",
        " it",
        " in",
        " person",
        ".",
        " (",
        "Just",
        " then",
        " I",
        " thought",
        " about",
        " my",
        " ex",
        "-",
        "wife",
        ",",
        " but",
        " I",
        " had",
        " to",
        " stop",
        " thinking",
        " about",
        " her",
        ").",
        " When",
        " I",
        " did",
        " end",
        " up",
        " seeing",
        " it",
        " in",
        " person",
        ",",
        " it",
        " was",
        " even"
    ],
    "input-tokens": [
        40,
        2993,
        340,
        373,
        2089,
        11,
        475,
        326,
        338,
        878,
        314,
        2497,
        340,
        287,
        1048,
        13,
        357,
        5703,
        788,
        314,
        1807,
        546,
        616,
        409,
        12,
        22095,
        11,
        475,
        314,
        550,
        284,
        2245,
        3612,
        546,
        607,
        737,
        1649,
        314,
        750,
        886,
        510,
        4379,
        340,
        287,
        1048,
        11,
        340,
        373,
        772
    ],
    "target-text": " worse",
    "target-token": 4785,
    "rational-size": 5,
    "rational-positions": [
        36,
        5,
        31,
        48,
        15
    ],
    "rational-text": [
        " When",
        ",",
        " stop",
        " even",
        "."
    ],
    "rational-tokens": [
        1649,
        11,
        2245,
        772,
        13
    ],
    "importance-scores": [
        0.020475594326853752,
        0.032438091933727264,
        0.0159336868673563,
        0.017511947080492973,
        0.03345760330557823,
        0.07598256319761276,
        0.01171574555337429,
        0.016639694571495056,
        0.012484722770750523,
        0.012513604015111923,
        0.010015367530286312,
        0.011751564219594002,
        0.01052852999418974,
        0.020717546343803406,
        0.014418254606425762,
        0.04636742174625397,
        0.03174677863717079,
        0.01333104819059372,
        0.009314925409853458,
        0.00841094646602869,
        0.008529496379196644,
        0.008372416719794273,
        0.007855172269046307,
        0.010882527567446232,
        0.013019629754126072,
        0.01538818795233965,
        0.02193019911646843,
        0.009631318040192127,
        0.008676248602569103,
        0.012124058790504932,
        0.01643831469118595,
        0.06818608939647675,
        0.013437826186418533,
        0.01185397244989872,
        0.008219385519623756,
        0.03172459453344345,
        0.07919556647539139,
        0.009060950949788094,
        0.016495898365974426,
        0.010607562027871609,
        0.00833122804760933,
        0.015056191012263298,
        0.009624969214200974,
        0.013736430555582047,
        0.02976965345442295,
        0.02089729905128479,
        0.009743795730173588,
        0.024950815364718437,
        0.06050451472401619
    ],
    "comments": {
        "created-by": "run_analogies.py",
        "args": {
            "model": "gpt2-medium",
            "cache_dir": "./cache/",
            "tokenizer": "gpt2-medium",
            "data_dir": "data/analogies/gpt2/",
            "importance_results_dir": "rationalization_results/analogies/gpt2_integrated_gradients",
            "device": "cuda",
            "rationalization_config": "config/eva_integrated_gradients.json",
            "input_num_ratio": 1,
            "logfolder": "logs/analogies/gpt2_integrated_gradients",
            "loglevel": 20
        },
        "time_elapsed": 0.2966299057006836
    }
}