suff,comp,random_suff,random_comp
0.351148257835825,0.9731758350144035,0.05664329383201022,0.7399666634563454
