suff,comp,random_suff,random_comp
0.11880355174793601,0.9409068135028288,0.010117778479476064,0.35950689657863943
