suff,comp,random_suff,random_comp
0.004912996068918751,0.5536644759945768,0.001762985791414124,0.06779124813299871
