suff,comp,random_suff,random_comp
0.006071892981985239,0.4444340129336113,0.0023899420061126854,0.007556035430356467
