suff,comp,random_suff,random_comp
0.08491800777175497,0.9411299806487762,0.01497416746093128,0.439828784440834
