suff,comp,random_suff,random_comp
0.24519624927520062,0.9524987863610715,0.03486813149375292,0.553680077838564
