suff,comp,random_suff,random_comp
0.013494672557829086,0.894646730205228,0.003788315689439375,0.23171223939282484
