suff,comp,random_suff,random_comp
0.0006258671922902,0.5867743169964548,0.0013214824800419666,0.07624918215769314
