target_pos,target_token,norm_suff,random_suff,norm_comp,random_comp
44, Because,0.004730368033051491,0.011305381543934345,0.03027845360338688,0.005009417422115803
46, was,0.005423538852483034,0.004220825619995594,0.006384380627423525,0.00740049360319972
48, good,0.01538151316344738,0.009561333805322647,0.01836397871375084,0.012782943435013294
50,.,0.021851377561688423,0.009309551678597927,0.005001571029424667,0.009931935928761959
52, was,0.005938815418630838,0.0023881953675299883,0.00404730811715126,0.00829387828707695
