target_pos,target_token,norm_suff,random_suff,norm_comp,random_comp
44, Because,0.007757165003567934,0.01411027368158102,0.4131805896759033,0.009354238398373127
46, was,0.0,0.0,0.006431748624891043,0.00558081641793251
48, good,0.006969537120312452,0.003918894566595554,0.011070314794778824,0.034152429550886154
50,.,0.02086539752781391,0.0,0.010731465183198452,0.005090601276606321
52, was,0.013563408516347408,0.0026365199591964483,0.00992612075060606,0.010322853922843933
