norm_suff_mean,random_suff_mean,norm_comp_mean,random_comp_mean,final suff,final comp,target_tokens
0.009831102564930916,0.004133137408643961,0.09026804566383362,0.012900188565254211,2.378605365753174,1.3121812343597412, Because$ was$ good$.$ was
