norm_suff_mean,random_suff_mean,norm_comp_mean,random_comp_mean,final suff,final comp,target_tokens
0.010665122419595718,0.007357058115303516,0.012815139256417751,0.008683733642101288,1.4496450424194336,0.8142179250717163, Because$ was$ good$.$ was
