target_pos,target_token,norm_suff,random_suff,norm_comp,random_comp
49, I,0.0034169936552643776,0.0014747368404641747,0.007252369541674852,0.0029713124968111515
51,'t,0.014225675724446774,0.0019193044863641262,0.005313139408826828,0.00033963200985454023
53,.,0.004114099312573671,0.0,0.005104494746774435,0.004631830379366875
55, was,0.0008886574651114643,0.0,0.009085291065275669,0.005672666244208813
57, happy,0.06547782570123672,0.0,0.9565494656562805,0.014402056112885475
