target_pos,target_token,norm_suff,random_suff,norm_comp,random_comp
49, I,0.005214415956288576,0.004715566989034414,0.006167708430439234,0.005973361432552338
51,'t,0.003147697541862726,0.0002707754902075976,0.0022960437927395105,0.0003182180516887456
53,.,0.017888255417346954,0.0025805251207202673,0.010271635837852955,0.01386272069066763
55, was,0.010625370778143406,0.0,0.011111992411315441,0.0032830792479217052
57, happy,0.022848965600132942,0.0008898495580069721,0.12226903438568115,0.0043199630454182625
