norm_suff_mean,random_suff_mean,norm_comp_mean,random_comp_mean,final suff,final comp,target_tokens
0.01762465201318264,0.000678808253724128,0.19666096568107605,0.005603499710559845,25.964109420776367,0.31793534755706787, I$'t$.$ was$ happy
