norm_suff_mean,random_suff_mean,norm_comp_mean,random_comp_mean,final suff,final comp,target_tokens
0.011944941245019436,0.0016913434956222773,0.030423283576965332,0.005551468580961227,7.0623979568481445,0.46475479006767273, I$'t$.$ was$ happy
