target_pos,target_token,norm_suff,random_suff,norm_comp,random_comp
75, I,8.480849646730348e-05,0.0034654047340154648,0.004229699727147818,0.004826818127185106
77, I,0.0,0.0,0.003754722187295556,0.0030501887667924166
79, don,0.0,0.0,0.009567403234541416,0.0034282198175787926
81, know,0.0,0.0028079552575945854,0.0069811986759305,0.002930983202531934
83, to,0.008064722642302513,0.011897632852196693,0.005459617357701063,0.002700086450204253
