target_pos,target_token,norm_suff,random_suff,norm_comp,random_comp
75, I,0.0,0.0,0.003598317503929138,0.009472179226577282
77, I,0.006811684928834438,0.008023269474506378,0.00447140634059906,0.0032803197391331196
79, don,0.0,0.0,0.006650752387940884,0.003739959793165326
81, know,0.0,0.0,0.003370313672348857,0.003808939829468727
83, to,0.003050389466807246,0.0,0.0036764596588909626,0.0021567668300122023
