norm_suff_mean,random_suff_mean,norm_comp_mean,random_comp_mean,final suff,final comp,target_tokens
0.0016299061244353652,0.0036341988015919924,0.005998528096824884,0.0033872590865939856,0.4484911859035492,2.078192710876465, I$ I$ don$ know$ to
