norm_suff_mean,random_suff_mean,norm_comp_mean,random_comp_mean,final suff,final comp,target_tokens
0.001972415018826723,0.0016046538949012756,0.004353450145572424,0.004491633269935846,1.2291840314865112,2.2772252559661865, I$ I$ don$ know$ to
