target_pos,target_token,norm_suff,random_suff,norm_comp,random_comp
51, She,0.0,0.001148136449046433,0.006644695997238159,0.0057166204787790775
53,'t,0.00020149083866272122,0.00213654525578022,0.00162113131955266,0.00017757331079337746
55,.,0.006098619196563959,0.005452051293104887,0.005061424802988768,0.005048045888543129
57, just,0.0018489102367311716,0.0,0.01950169913470745,0.004082045052200556
59, that,0.00036415018257685006,0.0,0.015936682000756264,0.005879526492208242
