target_pos,target_token,norm_suff,random_suff,norm_comp,random_comp
51, She,0.0,0.0,0.005888067185878754,0.005222734995186329
53,'t,0.0023570118937641382,8.799511124379933e-05,0.0028277584351599216,0.0004997068317607045
55,.,0.029457494616508484,0.008563164621591568,0.003990765195339918,0.0060976287350058556
57, just,0.007092924322932959,0.004482455085963011,0.1003408282995224,0.005083071533590555
59, that,0.0007092744344845414,0.0029848958365619183,0.008038792759180069,0.006128174252808094
