norm_suff_mean,random_suff_mean,norm_comp_mean,random_comp_mean,final suff,final comp,target_tokens
0.0017026340356096625,0.0017473467160016298,0.00975312665104866,0.004180762451142073,0.9744110703468323,2.455467462539673, She$'t$.$ just$ that
