norm_suff_mean,random_suff_mean,norm_comp_mean,random_comp_mean,final suff,final comp,target_tokens
0.007923341356217861,0.003223702311515808,0.024217242375016212,0.004606263246387243,2.457839012145996,0.5813536047935486, She$'t$.$ just$ that
