target_pos,target_token,norm_suff,random_suff,norm_comp,random_comp
47, She,0.0008084928267635405,0.005209942813962698,0.005509254056960344,0.0060645113699138165
49, going,0.0,0.010303948074579239,1.0,0.009057714603841305
51, the,0.005093486979603767,0.0,0.005827540531754494,0.005394332110881805
53, to,0.051616206765174866,0.0,0.04143228009343147,0.00734397629275918
55, her,0.007505527697503567,0.0,0.009294825606048107,0.006576673127710819
