target_pos,target_token,norm_suff,random_suff,norm_comp,random_comp
47, She,0.0014805042883381248,0.007674450986087322,0.005069042555987835,0.006753264460712671
49, going,0.0,0.006102960091084242,1.0,0.007351963315159082
51, the,0.002692116191610694,0.0,0.006745120044797659,0.005544356536120176
53, to,0.028087547048926353,0.0,0.01918046921491623,0.005396242253482342
55, her,0.0,0.0,0.00702297780662775,0.005072029307484627
