norm_suff_mean,random_suff_mean,norm_comp_mean,random_comp_mean,final suff,final comp,target_tokens
0.013004742562770844,0.003102778224274516,0.2124127894639969,0.0068874419666826725,4.191321849822998,0.5296100378036499, She$ going$ the$ to$ her
