norm_suff_mean,random_suff_mean,norm_comp_mean,random_comp_mean,final suff,final comp,target_tokens
0.0064520337618887424,0.002755482215434313,0.20760352909564972,0.006023570895195007,2.3415262699127197,0.9335925579071045, She$ going$ the$ to$ her
