target_pos,target_token,norm_suff,random_suff,norm_comp,random_comp
46, Because,0.004841635003685951,0.009078050032258034,0.5044936537742615,0.005425659008324146
48, was,0.006503949873149395,0.0,0.005024475511163473,0.0036360234953463078
50,.,0.00948396697640419,0.009458997286856174,0.00925450213253498,0.005190050695091486
52, was,0.009924225509166718,0.0003164909139741212,0.0030369493179023266,0.0035667764022946358
54, of,0.0013206329895183444,0.01320968009531498,0.0062422193586826324,0.006097137462347746
