target_pos,target_token,norm_suff,random_suff,norm_comp,random_comp
46, Because,0.005391051527112722,0.0059547219425439835,0.5878899097442627,0.004751599859446287
48, was,0.007306746207177639,0.010895452462136745,0.004752268549054861,0.006590061821043491
50,.,0.00952090322971344,0.003311506938189268,0.0077576409094035625,0.007098656613379717
52, was,0.0,0.0031581870280206203,0.004343561828136444,0.0033360563684254885
54, of,0.016932858154177666,0.00634879432618618,0.005737439729273319,0.0071029700338840485
