norm_suff_mean,random_suff_mean,norm_comp_mean,random_comp_mean,final suff,final comp,target_tokens
0.007830312475562096,0.005933732725679874,0.12209615856409073,0.005775868892669678,1.319626808166504,0.7376294136047363, Because$ was$.$ was$ of
