norm_suff_mean,random_suff_mean,norm_comp_mean,random_comp_mean,final suff,final comp,target_tokens
0.006414882373064756,0.006412643939256668,0.10561036318540573,0.004783129319548607,1.0003490447998047,0.7456300854682922, Because$ was$.$ was$ of
