target_pos,target_token,norm_suff,random_suff,norm_comp,random_comp
57, I,0.0017470165621489286,0.0001367288059554994,0.007125514093786478,0.0027543643955141306
59, to,0.0020785145461559296,0.0,0.003164775436744094,0.002705744933336973
61, a,0.01868196576833725,0.0015596866142004728,0.04339819401502609,0.014234388247132301
63,.,0.0,0.0035132048651576042,0.004159712232649326,0.0034704962745308876
65, sat,0.0,0.0036766177508980036,0.014603042043745518,0.001968001015484333
