target_pos,target_token,norm_suff,random_suff,norm_comp,random_comp
57, I,0.00025132286828011274,0.006479570176452398,0.0036749267019331455,0.009114465676248074
59, to,0.004370414186269045,0.006810417398810387,0.002305453410372138,0.002106318948790431
61, a,0.06370650976896286,0.0,0.01163999829441309,0.003890076419338584
63,.,0.01920740120112896,0.005745843984186649,0.0035345356445759535,0.0017521646805107594
65, sat,0.0016827706713229418,0.0,0.8901987671852112,0.0006284966366365552
