norm_suff_mean,random_suff_mean,norm_comp_mean,random_comp_mean,final suff,final comp,target_tokens
0.017843684181571007,0.0038071663584560156,0.18227073550224304,0.003498304635286331,4.686867713928223,0.19605281949043274, I$ to$ a$.$ sat
