norm_suff_mean,random_suff_mean,norm_comp_mean,random_comp_mean,final suff,final comp,target_tokens
0.004501499235630035,0.0017772477585822344,0.014490246772766113,0.005026598926633596,2.532848358154297,1.1166499853134155, I$ to$ a$.$ sat
