target_pos,target_token,norm_suff,random_suff,norm_comp,random_comp
51, Because,0.004265017807483673,0.004720638506114483,0.5513331890106201,0.007262830622494221
53, loved,0.025640444830060005,0.0,0.06622873246669769,0.0037988414987921715
55, dog,0.030408190563321114,0.0,0.00813815277069807,0.006548773031681776
57,"
",0.004985848441720009,0.005040982738137245,0.006317656021565199,0.0059996298514306545
59,The,0.00020990101620554924,6.291511817835271e-05,0.005866681225597858,0.0060318633913993835
