target_pos,target_token,norm_suff,random_suff,norm_comp,random_comp
51, Because,0.00478102033957839,0.002564570400863886,0.49660688638687134,0.00779255386441946
53, loved,0.006305157206952572,0.001695461804047227,0.39989885687828064,0.00684474827721715
55, dog,0.11697841435670853,0.0,0.9193635582923889,0.012806502170860767
57,"
",0.0019035311415791512,0.003979796543717384,0.004854958038777113,0.0068908450193703175
59,The,0.0057959784753620625,0.004300303291529417,0.005586154293268919,0.0039091045036911964
