norm_suff_mean,random_suff_mean,norm_comp_mean,random_comp_mean,final suff,final comp,target_tokens
0.013101880438625813,0.001964907394722104,0.12757688760757446,0.005928387399762869,6.667937755584717,0.4524837136268616," Because$ loved$ dog$
$The"
