norm_suff_mean,random_suff_mean,norm_comp_mean,random_comp_mean,final suff,final comp,target_tokens
0.02715282142162323,0.0025080263148993254,0.36526209115982056,0.007648751139640808,10.826370239257812,0.2816926836967468," Because$ loved$ dog$
$The"
