target_pos,target_token,norm_suff,random_suff,norm_comp,random_comp
68, She,0.006649994291365147,0.0,0.004657655488699675,0.004055633209645748
70, to,0.007320285774767399,0.0037701944820582867,0.0036647734232246876,0.0030506462790071964
72, a,0.013542121276259422,0.009474611841142178,0.006277122534811497,0.0071159000508487225
74, meal,0.009827107191085815,0.002457850845530629,0.010859070345759392,0.006566329393535852
76, her,0.0,0.0,0.007116676773875952,0.005502898711711168
