target_pos,target_token,norm_suff,random_suff,norm_comp,random_comp
68, She,0.005676561966538429,0.0,0.004040985368192196,0.005048979539424181
70, to,0.0058309054002165794,0.00022322966833598912,0.004746591672301292,0.002413730602711439
72, a,0.0,0.006102389190346003,0.006692139431834221,0.009585325606167316
74, meal,0.01187841221690178,0.0037153095472604036,0.018445651978254318,0.005934188608080149
76, her,0.0,0.00090202153660357,0.006169644184410572,0.003301260992884636
