norm_suff_mean,random_suff_mean,norm_comp_mean,random_comp_mean,final suff,final comp,target_tokens
0.004677176009863615,0.002188590122386813,0.008019003085792065,0.005256697069853544,2.1370725631713867,1.1239041090011597, She$ to$ a$ meal$ her
