norm_suff_mean,random_suff_mean,norm_comp_mean,random_comp_mean,final suff,final comp,target_tokens
0.007467901799827814,0.0031405314803123474,0.006515060551464558,0.0052582817152142525,2.3779101371765137,0.7041176557540894, She$ to$ a$ meal$ her
