target_pos,target_token,norm_suff,random_suff,norm_comp,random_comp
62, She,0.0,0.0005019784439355135,0.005074251908808947,0.008366880007088184
64, to,0.0,0.0,0.002869261894375086,0.0017365077510476112
66, out,0.007957364432513714,0.0017662056488916278,0.014508440159261227,0.0031056192237883806
68, cheer,0.01074953656643629,0.003040352603420615,0.026111559942364693,0.01550960261374712
70,.,0.0018454412929713726,0.018154805526137352,0.010214210487902164,0.009434977546334267
