target_pos,target_token,norm_suff,random_suff,norm_comp,random_comp
62, She,0.00017644457693677396,0.0006772099295631051,0.010670690797269344,0.004984404891729355
64, to,0.00028608442516997457,0.0,0.002892829477787018,0.0011153084924444556
66, out,0.0032828878611326218,0.0,0.0024195390287786722,0.002061379374936223
68, cheer,0.0,0.0018099357839673758,0.7264546155929565,0.006096879485994577
70,.,0.008828677237033844,0.0013983271783217788,0.006874066311866045,0.009296819567680359
