norm_suff_mean,random_suff_mean,norm_comp_mean,random_comp_mean,final suff,final comp,target_tokens
0.0025148189160972834,0.0007770945667289197,0.1498623490333557,0.00471095833927393,3.2361812591552734,1.873279333114624, She$ to$ out$ cheer$.
