norm_suff_mean,random_suff_mean,norm_comp_mean,random_comp_mean,final suff,final comp,target_tokens
0.004110468551516533,0.0046926685608923435,0.011755544692277908,0.007630717940628529,0.8759341239929199,1.8564107418060303, She$ to$ out$ cheer$.
