target_pos,target_token,norm_suff,random_suff,norm_comp,random_comp
55, Because,0.0,0.004487123340368271,1.0,0.005137838888913393
57, wanted,0.17498299479484558,0.0,0.3304441571235657,0.002810788108035922
59, to,0.003370101097971201,0.0,0.0017363629303872585,0.0015206658281385899
61, successful,0.25531038641929626,0.010370301082730293,0.9194530248641968,0.00540673453360796
63, She,0.0,0.006668799091130495,0.005085941404104233,0.004017695784568787
