target_pos,target_token,norm_suff,random_suff,norm_comp,random_comp
55, Because,0.0,0.0017193052917718887,1.0,0.002916622906923294
57, wanted,0.07649831473827362,0.0,0.01767660863697529,0.003337695263326168
59, to,0.00018347427248954773,0.0010330412769690156,0.0010979508515447378,0.0017091246554628015
61, successful,0.0,0.0068770903162658215,1.0,0.005091862287372351
63, She,0.0,0.0,0.003944698255509138,0.0031562845688313246
