norm_suff_mean,random_suff_mean,norm_comp_mean,random_comp_mean,final suff,final comp,target_tokens
0.015336358919739723,0.0019258874235674739,0.4045438766479492,0.0032423180527985096,7.963268756866455,0.21141381561756134, Because$ wanted$ to$ successful$ She
