norm_suff_mean,random_suff_mean,norm_comp_mean,random_comp_mean,final suff,final comp,target_tokens
0.08673270046710968,0.004305244889110327,0.4513438642024994,0.003778744488954544,20.145822525024414,0.04356770217418671, Because$ wanted$ to$ successful$ She
