target_pos,target_token,norm_suff,random_suff,norm_comp,random_comp
53, Because,0.0014845133991912007,0.0,0.5846478939056396,0.00613565556704998
55, was,0.004476259462535381,0.0,0.005356146022677422,0.004751355387270451
57, black,0.38643667101860046,0.0,0.7415173053741455,0.011875174008309841
59,.,0.04300365597009659,0.00877286959439516,0.010197474621236324,0.005008419509977102
61, was,0.0,0.0,0.006561867892742157,0.003279498079791665
