target_pos,target_token,norm_suff,random_suff,norm_comp,random_comp
53, Because,0.003918853588402271,0.00548924133181572,0.5950095653533936,0.006891398690640926
55, was,0.0,0.0,0.0031120372004806995,0.005091299302875996
57, black,0.35735365748405457,0.0,0.8252013921737671,0.005308085586875677
59,.,0.004604591056704521,0.007344244513660669,0.008009501732885838,0.005925958044826984
61, was,0.0,0.004719293210655451,0.004653806798160076,0.004529708530753851
