norm_suff_mean,random_suff_mean,norm_comp_mean,random_comp_mean,final suff,final comp,target_tokens
0.07317542284727097,0.0035105557180941105,0.2871972620487213,0.0055492897517979145,20.844398498535156,0.07583542913198471, Because$ was$ black$.$ was
