norm_suff_mean,random_suff_mean,norm_comp_mean,random_comp_mean,final suff,final comp,target_tokens
0.087080217897892,0.0017545738955959678,0.26965615153312683,0.006210020277649164,49.630409240722656,0.07131379097700119, Because$ was$ black$.$ was
