target_pos,target_token,norm_suff,random_suff,norm_comp,random_comp
67, Mary,0.0,0.0,0.016420982778072357,0.008248158730566502
69, a,0.0,0.0,0.007125470787286758,0.007795139215886593
71, bow,0.0,0.010128267109394073,1.0,0.007230216171592474
73,",",0.001261737197637558,0.00674787349998951,0.002977455500513315,0.005113606341183186
75, Steve,0.0,0.0,1.0,0.005481477361172438
