target_pos,target_token,norm_suff,random_suff,norm_comp,random_comp
67, Mary,0.0,0.0010162123944610357,0.07125614583492279,0.004490855615586042
69, a,0.0066546062007546425,0.001128929783590138,0.009305573999881744,0.0052088224329054356
71, bow,0.0,0.00068860367173329,1.0,0.011090361513197422
73,",",0.0,0.00293806497938931,0.004808612167835236,0.00440202048048377
75, Steve,0.0,0.0029820711351931095,1.0,0.006271333433687687
