norm_suff_mean,random_suff_mean,norm_comp_mean,random_comp_mean,final suff,final comp,target_tokens
0.0002523474395275116,0.003375228261575103,0.40530481934547424,0.006773719098418951,0.07476455718278885,26.84282875061035," Mary$ a$ bow$,$ Steve"
