norm_suff_mean,random_suff_mean,norm_comp_mean,random_comp_mean,final suff,final comp,target_tokens
0.0013309213100001216,0.0017507764277979732,0.4170741140842438,0.006292678415775299,0.7601891756057739,4.728062152862549," Mary$ a$ bow$,$ Steve"
