target_pos,target_token,norm_suff,random_suff,norm_comp,random_comp
56, They,0.00680003734305501,0.0036221968475729227,0.03144495189189911,0.02324633114039898
58, to,0.0037347355391830206,0.0,0.00857553817331791,0.00947535689920187
60, it,0.004033393692225218,0.0,0.013886002823710442,0.003125932300463319
62, a,0.013730521313846111,0.0,0.012360764667391777,0.026658259332180023
64, way,0.007074945606291294,0.0016945952083915472,0.6619793176651001,0.0008521341369487345
