target_pos,target_token,norm_suff,random_suff,norm_comp,random_comp
56, They,0.003960025496780872,0.001680142479017377,0.018615758046507835,0.026518462225794792
58, to,0.0,0.0,0.024810662493109703,0.008296472020447254
60, it,0.004114263691008091,0.0007999806548468769,0.012843737378716469,0.02463272027671337
62, a,0.0,0.006385303568094969,0.005485577043145895,0.012057662010192871
64, way,0.044221412390470505,0.00022790599905420095,0.8340595960617065,0.0163197573274374
