norm_suff_mean,random_suff_mean,norm_comp_mean,random_comp_mean,final suff,final comp,target_tokens
0.007074727211147547,0.0010633583879098296,0.14564932882785797,0.012671601958572865,6.653191566467285,1.791108250617981, They$ to$ it$ a$ way
