norm_suff_mean,random_suff_mean,norm_comp_mean,random_comp_mean,final suff,final comp,target_tokens
0.010459139943122864,0.0018186665838584304,0.17916308343410492,0.017565015703439713,5.750993728637695,1.6793938875198364, They$ to$ it$ a$ way
