target_pos,target_token,norm_suff,random_suff,norm_comp,random_comp
54, She,0.0,0.0,0.02951756678521633,0.03401806950569153
56, a,0.000457405811175704,0.0,0.011191480793058872,0.006338031962513924
58, bit,0.0,0.0,0.013828289695084095,0.014139439910650253
60, a,0.0,0.0,0.002586307702586055,0.003745700465515256
62,oy,0.06901687383651733,1.8248509149998426e-05,0.9981248378753662,0.000438093877164647
