target_pos,target_token,norm_suff,random_suff,norm_comp,random_comp
54, She,0.0,0.0,0.01689981482923031,0.015408806502819061
56, a,0.0,0.0,0.009094416163861752,0.016143234446644783
58, bit,0.0,0.003465553279966116,0.00810321792960167,0.008054203353822231
60, a,0.0,0.000446028308942914,0.003520373720675707,0.0025691387709230185
62,oy,0.0678994208574295,3.5304306948091835e-05,0.9962193965911865,0.0007142198737710714
