norm_suff_mean,random_suff_mean,norm_comp_mean,random_comp_mean,final suff,final comp,target_tokens
0.01357988454401493,0.0007893771980889142,0.20676743984222412,0.008577920496463776,17.203289031982422,0.6316637396812439, She$ a$ bit$ a$oy
