norm_suff_mean,random_suff_mean,norm_comp_mean,random_comp_mean,final suff,final comp,target_tokens
0.013894855976104736,3.6497019664238906e-06,0.21104970574378967,0.011735866777598858,3807.12060546875,0.8446195125579834, She$ a$ bit$ a$oy
