target_pos,target_token,norm_suff,random_suff,norm_comp,random_comp
43, Because,0.01838069036602974,0.00933264009654522,0.051314663141965866,0.035895589739084244
45, was,0.007409269455820322,0.0,0.01326657272875309,0.007527749519795179
47, to,0.003812653012573719,0.0,0.014252053573727608,0.005580958444625139
49, a,0.02377750165760517,0.002366574015468359,0.009603031910955906,0.006825172808021307
51,.,0.021705539897084236,0.021484993398189545,0.010163592174649239,0.013089866377413273
