target_pos,target_token,norm_suff,random_suff,norm_comp,random_comp
43, Because,0.0,0.010994582436978817,0.11105234920978546,0.031229132786393166
45, was,2.4858043616404757e-05,0.008820432238280773,0.006121095735579729,0.012971937656402588
47, to,0.0,0.0,0.007447672076523304,0.008792614564299583
49, a,0.01493306364864111,0.0,0.013705468736588955,0.024406932294368744
51,.,0.006153847556561232,0.003263847203925252,0.009213743731379509,0.005895314272493124
