norm_suff_mean,random_suff_mean,norm_comp_mean,random_comp_mean,final suff,final comp,target_tokens
0.004222353920340538,0.004615772515535355,0.029508067294955254,0.016659187152981758,0.9147664904594421,3.9454739093780518, Because$ was$ to$ a$.
