norm_suff_mean,random_suff_mean,norm_comp_mean,random_comp_mean,final suff,final comp,target_tokens
0.015017131343483925,0.0066368416883051395,0.019719982519745827,0.013783867470920086,2.262692451477051,0.9178761839866638, Because$ was$ to$ a$.
