target_pos,target_token,norm_suff,random_suff,norm_comp,random_comp
56, He,0.00743785360828042,0.006196911912411451,0.02329610474407673,0.022940265014767647
58, playing,0.07028419524431229,0.006771224085241556,0.02448926493525505,0.012959061190485954
60, his,0.004703077487647533,0.0,0.0073260352946817875,0.00907216314226389
62,.,0.0,0.0030165016651153564,0.011325554922223091,0.03565848246216774
64, friend,0.0004312672244850546,6.0312919231364504e-05,0.0443904846906662,0.006103231571614742
