target_pos,target_token,norm_suff,random_suff,norm_comp,random_comp
56, He,0.022669747471809387,0.0022204224951565266,0.024217981845140457,0.02187945321202278
58, playing,0.03573467582464218,0.003071446670219302,0.026153774932026863,0.012885019183158875
60, his,0.0034596892073750496,0.0017157207475975156,0.018297331407666206,0.0066918861120939255
62,.,0.0,0.007269858382642269,0.009136933833360672,0.020190028473734856
64, friend,0.0003271826426498592,0.0005441299872472882,0.004487854894250631,0.004892035853117704
