norm_suff_mean,random_suff_mean,norm_comp_mean,random_comp_mean,final suff,final comp,target_tokens
0.012438259087502956,0.002964315703138709,0.016458775848150253,0.013307685032486916,4.1959967613220215,1.069899320602417, He$ playing$ his$.$ friend
