norm_suff_mean,random_suff_mean,norm_comp_mean,random_comp_mean,final suff,final comp,target_tokens
0.016571277752518654,0.0032089899759739637,0.022165490314364433,0.017346641048789024,5.1640167236328125,1.0467896461486816, He$ playing$ his$.$ friend
