target_pos,target_token,norm_suff,random_suff,norm_comp,random_comp
50, Because,0.0023615118116140366,0.0,0.6244691610336304,0.004960119724273682
52, wanted,0.0,0.004365310072898865,0.07715313136577606,0.004949136637151241
54, paint,0.003565381048247218,0.003701639361679554,0.009991173632442951,0.007008055225014687
56, bedroom,0.005095976404845715,0.0,0.02143619768321514,0.004660317208617926
58,.,0.016536211594939232,0.0,0.005283037666231394,0.0031220586970448494
