target_pos,target_token,norm_suff,random_suff,norm_comp,random_comp
50, Because,0.002266454044729471,0.008502301760017872,0.6233411431312561,0.005380196496844292
52, wanted,0.0,0.0,0.02392296865582466,0.004722359124571085
54, paint,0.0,0.0017442618263885379,0.006823031697422266,0.00577168632298708
56, bedroom,0.0018051806837320328,0.0005505674635060132,0.044301699846982956,0.004806683398783207
58,.,0.0,0.001975482562556863,0.0056890579871833324,0.003696068888530135
