norm_suff_mean,random_suff_mean,norm_comp_mean,random_comp_mean,final suff,final comp,target_tokens
0.0055118161253631115,0.0016133899334818125,0.1476665586233139,0.004939937498420477,3.416295051574707,0.896245002746582, Because$ wanted$ paint$ bedroom$.
