norm_suff_mean,random_suff_mean,norm_comp_mean,random_comp_mean,final suff,final comp,target_tokens
0.0008143269806168973,0.002554522594437003,0.1408156007528305,0.0048753987066447735,0.31877854466438293,5.987028121948242, Because$ wanted$ paint$ bedroom$.
