target_pos,target_token,norm_suff,random_suff,norm_comp,random_comp
63, She,0.00042386629502288997,0.003820889163762331,0.01332000270485878,0.0077601089142262936
65, hungry,0.0,0.018755359575152397,1.0,0.012880044989287853
67, She,0.003601666307076812,0.0006505348719656467,0.010673371143639088,0.01840966008603573
69, hungry,0.05758769065141678,0.010780638083815575,0.032009389251470566,0.011475875042378902
71, she,5.052791675552726e-05,0.00060512765776366,0.005904403980821371,0.0028897940646857023
