target_pos,target_token,norm_suff,random_suff,norm_comp,random_comp
63, She,0.0,0.004907575901597738,0.024543359875679016,0.011347408406436443
65, hungry,0.0,0.004908493719995022,1.0,0.011641286313533783
67, She,0.0,0.0,0.008125496096909046,0.006748930551111698
69, hungry,0.06495583802461624,0.007002382539212704,0.03271991014480591,0.011222531087696552
71, she,0.0021258550696074963,0.0,0.006867959629744291,0.006523826625198126
