norm_suff_mean,random_suff_mean,norm_comp_mean,random_comp_mean,final suff,final comp,target_tokens
0.01341633778065443,0.003363690571859479,0.21445134282112122,0.009496795944869518,3.988576650619507,0.7078530788421631, She$ hungry$ She$ hungry$ she
