norm_suff_mean,random_suff_mean,norm_comp_mean,random_comp_mean,final suff,final comp,target_tokens
0.012332750484347343,0.006922510452568531,0.21238143742084503,0.010683096013963223,1.7815430164337158,0.8662379384040833, She$ hungry$ She$ hungry$ she
