target_pos,target_token,norm_suff,random_suff,norm_comp,random_comp
51, She,0.0008837356581352651,0.00560752023011446,0.006855987478047609,0.006134139373898506
53, at,0.00821316335350275,0.0,0.014656122773885727,0.008060467429459095
55, beach,0.034556794911623,0.0,0.034461427479982376,0.018360016867518425
57, get,0.01043841801583767,0.014480804093182087,0.005704883020371199,0.005637022200971842
59, from,0.019845081493258476,0.003134554484859109,0.013840561732649803,0.0018123181071132421
