target_pos,target_token,norm_suff,random_suff,norm_comp,random_comp
51, She,0.0,0.006041810382157564,0.008063280023634434,0.004607130773365498
53, at,0.004428654443472624,0.011983882635831833,0.01483579445630312,0.007673087064176798
55, beach,0.003649191465228796,0.009702217765152454,0.012084977701306343,0.008656722493469715
57, get,0.0,0.0014724862994626164,0.011894695460796356,0.00687992200255394
59, from,0.0,0.0,0.002101999707520008,0.0017304355278611183
