norm_suff_mean,random_suff_mean,norm_comp_mean,random_comp_mean,final suff,final comp,target_tokens
0.014787438325583935,0.004644575994461775,0.015103796496987343,0.008000792935490608,3.1838080883026123,0.5410533547401428, She$ at$ beach$ get$ from
