norm_suff_mean,random_suff_mean,norm_comp_mean,random_comp_mean,final suff,final comp,target_tokens
0.0016155692283064127,0.005840079393237829,0.009796150028705597,0.005909459199756384,0.2766348123550415,3.657818555831909, She$ at$ beach$ get$ from
