target_pos,target_token,norm_suff,random_suff,norm_comp,random_comp
56, I,0.0,0.0,0.006155270617455244,0.0046064592897892
58, a,0.009732058271765709,0.007016139104962349,0.005645769648253918,0.004865243099629879
60,.,0.003530295332893729,0.004602963570505381,0.00816437229514122,0.005134408827871084
62, didn,0.016337551176548004,0.0023121715057641268,0.01570381410419941,0.003171740798279643
64, know,0.0023692946415394545,0.00022587257262784988,0.007015665993094444,0.004494981374591589
