target_pos,target_token,norm_suff,random_suff,norm_comp,random_comp
56, I,0.0012367115123197436,0.0058668931014835835,0.003132160287350416,0.006253010127693415
58, a,0.003060663118958473,0.016739729791879654,0.002357159275561571,0.004135985858738422
60,.,0.02525792270898819,0.013252509757876396,0.005391332320868969,0.0029415732715278864
62, didn,0.32006460428237915,0.0,0.9193435907363892,0.005216009449213743
64, know,0.00023084667918737978,0.001374772284179926,0.005498991347849369,0.0018469359492883086
