norm_suff_mean,random_suff_mean,norm_comp_mean,random_comp_mean,final suff,final comp,target_tokens
0.006393840070813894,0.002831429475918412,0.008536978624761105,0.00445456663146615,2.258166790008545,0.6966965794563293, I$ a$.$ didn$ know
