norm_suff_mean,random_suff_mean,norm_comp_mean,random_comp_mean,final suff,final comp,target_tokens
0.06997015327215195,0.007446780800819397,0.18714465200901031,0.004078703001141548,9.396026611328125,0.05829203873872757, I$ a$.$ didn$ know
