target_pos,target_token,norm_suff,random_suff,norm_comp,random_comp
48, Because,0.00376225751824677,0.002559360582381487,0.5194537043571472,0.00424647331237793
50, tutor,0.0,0.0,0.022127225995063782,0.01066772360354662
52, a,0.0,0.005938972346484661,0.008225698955357075,0.006032920908182859
54, person,0.00831926241517067,0.0006425451720133424,0.017549246549606323,0.006438334006816149
56,"
",0.009057928808033466,0.0,0.007962243631482124,0.0053144157864153385
