target_pos,target_token,norm_suff,random_suff,norm_comp,random_comp
48, Because,0.0,0.0049020349979400635,1.0,0.010343395173549652
50, tutor,0.12708142399787903,0.00048476201482117176,0.23287886381149292,0.011202310211956501
52, a,0.004495585337281227,0.005510332528501749,0.006245543714612722,0.009195055812597275
54, person,0.013233380392193794,0.003417125204578042,0.09904403239488602,0.00670453580096364
56,"
",0.0,0.001185508444905281,0.005681030917912722,0.011273389682173729
