norm_suff_mean,random_suff_mean,norm_comp_mean,random_comp_mean,final suff,final comp,target_tokens
0.004227889701724052,0.001828175620175898,0.1150636225938797,0.006539973895996809,2.3126277923583984,1.5468648672103882," Because$ tutor$ a$ person$
"
