norm_suff_mean,random_suff_mean,norm_comp_mean,random_comp_mean,final suff,final comp,target_tokens
0.02896207943558693,0.0030999525915831327,0.26876991987228394,0.009743737988173962,9.34274959564209,0.3364308774471283," Because$ tutor$ a$ person$
"
