target_pos,target_token,norm_suff,random_suff,norm_comp,random_comp
59, Well,0.0,0.0025865721981972456,1.0,0.008103468455374241
61, he,0.020051095634698868,0.0003568410174921155,0.006278287619352341,0.007839586585760117
63, a,0.0,0.0,0.005313525907695293,0.004914101213216782
65,ologist,0.002197728957980871,0.0019132525194436312,0.04872073978185654,0.008966286666691303
67, He,0.0005611757514998317,0.0,0.004260461777448654,0.004105102736502886
