target_pos,target_token,norm_suff,random_suff,norm_comp,random_comp
59, Well,0.0,0.0,1.0,0.0052890293300151825
61, he,0.010805890895426273,0.0,0.006665214896202087,0.009592312388122082
63, a,0.012676733545958996,0.002979051321744919,0.006849104072898626,0.005172779783606529
65,ologist,0.00038511690218001604,0.001212498638778925,0.012814783491194248,0.0043385266326367855
67, He,0.00022206698486115783,0.00031207141000777483,0.003311961656436324,0.00550764100626111
