norm_suff_mean,random_suff_mean,norm_comp_mean,random_comp_mean,final suff,final comp,target_tokens
0.004817962180823088,0.0009007242624647915,0.205928236246109,0.00598005810752511,5.348986625671387,1.2412006855010986, Well$ he$ a$ologist$ He
