norm_suff_mean,random_suff_mean,norm_comp_mean,random_comp_mean,final suff,final comp,target_tokens
0.004562000278383493,0.0009713331237435341,0.2129145860671997,0.006785709410905838,4.696638107299805,1.4874416589736938, Well$ he$ a$ologist$ He
