target_pos,target_token,norm_suff,random_suff,norm_comp,random_comp
53, Stan,0.004397289827466011,0.0036047669127583504,0.008038022555410862,0.006720039062201977
55,'t,0.006720695178955793,0.0016058065230026841,0.0012002678122371435,0.00028453522827476263
57,.,0.014916440472006798,0.0066720605827867985,0.0051172878593206406,0.004452702589333057
59,"
",0.013461648486554623,0.0037285706494003534,0.015971804037690163,0.0027360462117940187
61, was,0.05507167801260948,0.0027391845360398293,0.8141564726829529,0.00890407059341669
