target_pos,target_token,norm_suff,random_suff,norm_comp,random_comp
53, Stan,0.0002737119502853602,0.0064308918081223965,0.024479445070028305,0.0069936164654791355
55,'t,0.8110209703445435,0.0010681843850761652,0.9862207770347595,0.00019068788969889283
57,.,0.0006047337083145976,0.015375413931906223,0.006154373753815889,0.00483687361702323
59,"
",0.007689206395298243,0.0024278981145471334,0.01355853769928217,0.0013129952130839229
61, was,0.034591346979141235,0.002860340056940913,0.08110833913087845,0.008225496858358383
