norm_suff_mean,random_suff_mean,norm_comp_mean,random_comp_mean,final suff,final comp,target_tokens
0.018913550302386284,0.00367007777094841,0.16889677941799164,0.004619478713721037,5.153446674346924,0.24424175918102264," Stan$'t$.$
$ was"
