norm_suff_mean,random_suff_mean,norm_comp_mean,random_comp_mean,final suff,final comp,target_tokens
0.17083600163459778,0.005632545333355665,0.2223042994737625,0.0043119341135025024,30.33016014099121,0.02524019591510296," Stan$'t$.$
$ was"
