target_pos,target_token,norm_suff,random_suff,norm_comp,random_comp
64, Because,0.002360001439228654,0.0014742090133950114,0.48218369483947754,0.008865307085216045
66, were,0.0,0.00084016373148188,0.0042603095062077045,0.004675477743148804
68, of,0.01319229044020176,0.0,0.008230790495872498,0.0050717368721961975
70, foreigners,0.003562549129128456,0.005468244664371014,0.038953013718128204,0.012146896682679653
72,"
",0.0,0.0,0.004615700338035822,0.004682471510022879
