target_pos,target_token,norm_suff,random_suff,norm_comp,random_comp
64, Because,0.0038727624341845512,0.0,0.4804919362068176,0.004408075474202633
66, were,0.0,0.0035223569720983505,0.003992901183664799,0.007289620116353035
68, of,0.005635070614516735,0.008278725668787956,0.010827013291418552,0.005666906014084816
70, foreigners,0.0119441794231534,0.009635383263230324,0.013153106905519962,0.010015984997153282
72,"
",0.0026325960643589497,0.0,0.003676607506349683,0.0033796585630625486
