norm_suff_mean,random_suff_mean,norm_comp_mean,random_comp_mean,final suff,final comp,target_tokens
0.0038229681085795164,0.0015565234934911132,0.10764869302511215,0.007088378071784973,2.4560940265655518,1.8541556596755981," Because$ were$ of$ foreigners$
"
