norm_suff_mean,random_suff_mean,norm_comp_mean,random_comp_mean,final suff,final comp,target_tokens
0.004816921893507242,0.004287293180823326,0.10242831707000732,0.006152049172669649,1.1235345602035522,1.2771743535995483," Because$ were$ of$ foreigners$
"
