suff,comp,random_suff,random_comp
0.10733828730118825,0.9029484799126978,0.09117567988849211,0.8273307233608171
