suff,comp,random_suff,random_comp
0.025298606170340705,0.757111282025216,0.037974343382363177,0.4560621071999811
