suff,comp,random_suff,random_comp
0.0031118211549555855,0.030308177636526136,0.005149587313078637,0.007425789200895219
