suff,comp,random_suff,random_comp
0.025298606170340705,0.757111282025216,0.03490598334947726,0.5029417862651924
