suff,comp,random_suff,random_comp
0.08408003849267724,0.8746789653381559,0.07998519754595523,0.7736252516979903
