suff,comp,random_suff,random_comp
0.0025337120997796637,0.032921756053585084,0.004849239151962608,0.008027282444200251
