suff,comp,random_suff,random_comp
0.05660687400489214,0.8222581701585253,0.053897298516917255,0.6895020571178611
