suff,comp,random_suff,random_comp
0.006624759204064892,0.70068362872807,0.020048985488617305,0.3048718262983746
