suff,comp,random_suff,random_comp
0.005365566686494788,0.0011677398790856676,0.010262124944402592,8.329349160777096e-05
