suff,comp,random_suff,random_comp
0.14420625441257434,0.9264281683192911,0.12140018379473475,0.8672370709971496
