suff,comp,random_suff,random_comp
0.006624759204064892,0.70068362872807,0.014731025109204625,0.2818587588218036
