suff,comp,random_suff,random_comp
0.05660687400489214,0.8222581701585253,0.060788026154324916,0.6685585267842423
