suff,comp,random_suff,random_comp
0.08408003849267724,0.8746789653381559,0.07162615433842376,0.777566231790425
