suff,comp,random_suff,random_comp
0.00887389302549794,0.2371489764504549,0.03878394973880289,0.3435079759379375
