suff,comp,random_suff,random_comp
0.10565191127020224,0.7479905387795512,0.11129524319534498,0.9073048400365339
