suff,comp,random_suff,random_comp
0.0009578607498812859,0.007780255388989936,0.0022438109775790764,0.004782357872498834
