suff,comp,random_suff,random_comp
0.02195438509371288,0.3517628111196419,0.05943177618456887,0.44694721920401065
