suff,comp,random_suff,random_comp
0.02195438509371288,0.3517628111196419,0.033608009287435084,0.432517999509649
