suff,comp,random_suff,random_comp
0.0015444712094711734,0.006222872779288798,0.0024877516959532333,0.00472113948728105
