suff,comp,random_suff,random_comp
0.0202013662556298,0.1368387425787663,0.019946740568670844,0.15569025944319137
