suff,comp,random_suff,random_comp
0.05705526917037151,0.6982152807409998,0.06105296908781234,0.691096638977158
