suff,comp,random_suff,random_comp
0.03543552355785338,0.5069848825988948,0.05017056049717091,0.5259098160723776
