suff,comp,random_suff,random_comp
0.002339912513565297,7.98182598464883e-05,0.003948458170313514,4.378718532208376e-05
