suff,comp,random_suff,random_comp
0.06710529132924903,0.7309001925510933,0.04736957272541451,0.8207458698267095
