{
    "$schema": "../docs/rationalization.schema.json",
    "id": 151,
    "input-text": [
        "I",
        " really",
        " wanted",
        " to",
        " buy",
        " the",
        " computer",
        ",",
        " more",
        " than",
        " I",
        " ever",
        " wanted",
        " to",
        " buy",
        " anything",
        " before",
        ".",
        " (",
        "I",
        " was",
        " also",
        " behind",
        " on",
        " my",
        " homework",
        ",",
        " but",
        " that",
        "'s",
        " another",
        " story",
        ").",
        " So",
        " I",
        " went",
        " to",
        " the",
        " store",
        " and",
        " asked",
        " if",
        " they",
        " had",
        " any"
    ],
    "input-tokens": [
        40,
        1107,
        2227,
        284,
        2822,
        262,
        3644,
        11,
        517,
        621,
        314,
        1683,
        2227,
        284,
        2822,
        1997,
        878,
        13,
        357,
        40,
        373,
        635,
        2157,
        319,
        616,
        26131,
        11,
        475,
        326,
        338,
        1194,
        1621,
        737,
        1406,
        314,
        1816,
        284,
        262,
        3650,
        290,
        1965,
        611,
        484,
        550,
        597
    ],
    "target-text": " computers",
    "target-token": 9061,
    "rational-size": 5,
    "rational-positions": [
        7,
        6,
        17,
        38,
        5
    ],
    "rational-text": [
        ",",
        " computer",
        ".",
        " store",
        " the"
    ],
    "rational-tokens": [
        11,
        3644,
        13,
        3650,
        262
    ],
    "importance-scores": [
        0.038498666137456894,
        0.020434780046343803,
        0.019428985193371773,
        0.026661798357963562,
        0.03600525110960007,
        0.05002274736762047,
        0.12403685599565506,
        0.1644299477338791,
        0.007486231159418821,
        0.006162392906844616,
        0.009313803166151047,
        0.009689461439847946,
        0.010032756254076958,
        0.010348349809646606,
        0.014132645912468433,
        0.00927665363997221,
        0.005925185512751341,
        0.08249913156032562,
        0.031017061322927475,
        0.006995023228228092,
        0.004553500562906265,
        0.00465254345908761,
        0.009007657878100872,
        0.004595417995005846,
        0.006668378598988056,
        0.039033763110637665,
        0.018576115369796753,
        0.003407509531825781,
        0.0045352503657341,
        0.004570734221488237,
        0.005500786006450653,
        0.012463930994272232,
        0.020887428894639015,
        0.008430826477706432,
        0.008167530409991741,
        0.00941807683557272,
        0.007530398666858673,
        0.008449692279100418,
        0.052015647292137146,
        0.009450515732169151,
        0.016853006556630135,
        0.00748575059697032,
        0.007884923368692398,
        0.010664527304470539,
        0.03279830515384674
    ],
    "comments": {
        "created-by": "run_analogies.py",
        "args": {
            "model": "gpt2-medium",
            "cache_dir": "cache/",
            "tokenizer": "gpt2-medium",
            "data_dir": "data/analogies/gpt2/",
            "importance_results_dir": "rationalization_results/analogies/gpt2_inseq_ig",
            "device": "cuda",
            "rationalization_config": "config/eva_inseq_ig.json",
            "input_num_ratio": 1,
            "logfolder": "logs/analogies/gpt2_inseq_ig",
            "loglevel": 20
        },
        "time_elapsed": 0.09115719795227051
    }
}