{
    "$schema": "../docs/rationalization.schema.json",
    "id": 4,
    "input-text": [
        "When",
        " my",
        " flight",
        " landed",
        " in",
        " Germany",
        ",",
        " I",
        " converted",
        " my",
        " currency",
        " and",
        " slowly",
        " fell",
        " asleep",
        ".",
        " (",
        "I",
        " had",
        " a",
        " terrifying",
        " dream",
        " about",
        " my",
        " grandmother",
        ",",
        " but",
        " that",
        "'s",
        " a",
        " story",
        " for",
        " another",
        " time",
        ").",
        " I",
        " was",
        " staying",
        " in",
        " the",
        " capital",
        ","
    ],
    "input-tokens": [
        2215,
        616,
        5474,
        11406,
        287,
        4486,
        11,
        314,
        11513,
        616,
        7395,
        290,
        6364,
        3214,
        16039,
        13,
        357,
        40,
        550,
        257,
        17623,
        4320,
        546,
        616,
        18410,
        11,
        475,
        326,
        338,
        257,
        1621,
        329,
        1194,
        640,
        737,
        314,
        373,
        10589,
        287,
        262,
        3139,
        11
    ],
    "target-text": " Berlin",
    "target-token": 11307,
    "rational-size": 5,
    "rational-positions": [
        40,
        5,
        41,
        2,
        37
    ],
    "rational-text": [
        " capital",
        " Germany",
        ",",
        " flight",
        " staying"
    ],
    "rational-tokens": [
        3139,
        4486,
        11,
        5474,
        10589
    ],
    "importance-scores": [
        0.031740374863147736,
        0.02374233305454254,
        0.06658416241407394,
        0.0344323068857193,
        0.038255125284194946,
        0.09208059310913086,
        0.012797393836081028,
        0.011422798968851566,
        0.023816149681806564,
        0.010106104426085949,
        0.04848933219909668,
        0.00822820607572794,
        0.01424084510654211,
        0.01136383879929781,
        0.03290886804461479,
        0.017559560015797615,
        0.009199791587889194,
        0.00685190549120307,
        0.007984660565853119,
        0.008110297843813896,
        0.01915830932557583,
        0.015420163050293922,
        0.007185196038335562,
        0.009933333843946457,
        0.026607085019350052,
        0.007883857004344463,
        0.004812248516827822,
        0.005845084320753813,
        0.007458471227437258,
        0.006112073082476854,
        0.012400628998875618,
        0.0053336964920163155,
        0.004943705163896084,
        0.007738173473626375,
        0.024847213178873062,
        0.010693062096834183,
        0.0111553855240345,
        0.04973728209733963,
        0.018707647919654846,
        0.014367487281560898,
        0.14400774240493774,
        0.07573749125003815
    ],
    "comments": {
        "created-by": "run_analogies.py",
        "args": {
            "model": "gpt2-medium",
            "cache_dir": "cache/",
            "tokenizer": "gpt2-medium",
            "data_dir": "data/analogies/gpt2/",
            "importance_results_dir": "rationalization_results/analogies/gpt2_inseq_ig",
            "device": "cuda",
            "rationalization_config": "config/eva_inseq_ig.json",
            "input_num_ratio": 1,
            "logfolder": "logs/analogies/gpt2_inseq_ig",
            "loglevel": 20
        },
        "time_elapsed": 0.10266375541687012
    }
}