{
    "$schema": "../docs/rationalization.schema.json",
    "id": 60,
    "input-text": [
        "As",
        " soon",
        " as",
        " I",
        " arrived",
        " in",
        " Korea",
        ",",
        " I",
        " checked",
        " into",
        " my",
        " hotel",
        " and",
        " took",
        " a",
        " long",
        " nap",
        ".",
        " (",
        "I",
        " had",
        " finally",
        " finished",
        " the",
        " book",
        " I",
        " was",
        " reading",
        " and",
        " it",
        " was",
        " amazing",
        ").",
        " I",
        " had",
        " to",
        " figure",
        " out",
        " the",
        " exchange",
        " rate",
        " to",
        " the",
        " local",
        " currency",
        ",",
        " which",
        " is",
        " apparently",
        " called",
        " the"
    ],
    "input-tokens": [
        1722,
        2582,
        355,
        314,
        5284,
        287,
        4969,
        11,
        314,
        10667,
        656,
        616,
        7541,
        290,
        1718,
        257,
        890,
        25422,
        13,
        357,
        40,
        550,
        3443,
        5201,
        262,
        1492,
        314,
        373,
        3555,
        290,
        340,
        373,
        4998,
        737,
        314,
        550,
        284,
        3785,
        503,
        262,
        5163,
        2494,
        284,
        262,
        1957,
        7395,
        11,
        543,
        318,
        5729,
        1444,
        262
    ],
    "target-text": " Won",
    "target-token": 23306,
    "rational-size": 5,
    "rational-positions": [
        45,
        6,
        40,
        49,
        44
    ],
    "rational-text": [
        " currency",
        " Korea",
        " exchange",
        " apparently",
        " local"
    ],
    "rational-tokens": [
        7395,
        4969,
        5163,
        5729,
        1957
    ],
    "importance-scores": [
        0.020395318046212196,
        0.012977147474884987,
        0.018985841423273087,
        0.009665696881711483,
        0.020235449075698853,
        0.0329248309135437,
        0.07149747759103775,
        0.03798679634928703,
        0.006360090337693691,
        0.012058531865477562,
        0.00432860990986228,
        0.0058926246128976345,
        0.030765535309910774,
        0.007751599419862032,
        0.005451717413961887,
        0.012290870770812035,
        0.00552350515499711,
        0.027703983709216118,
        0.033154331147670746,
        0.012186521664261818,
        0.012416001409292221,
        0.004937679506838322,
        0.008369195275008678,
        0.01387732196599245,
        0.008820428512990475,
        0.014621241949498653,
        0.005109424702823162,
        0.00529957702383399,
        0.01304453145712614,
        0.006441974546760321,
        0.005709259305149317,
        0.006005873903632164,
        0.013263856992125511,
        0.01565619930624962,
        0.005872353911399841,
        0.007088968064635992,
        0.004644324537366629,
        0.018241891637444496,
        0.007363141048699617,
        0.007512371055781841,
        0.04699905589222908,
        0.04270058870315552,
        0.008830798789858818,
        0.01496999990195036,
        0.04421922191977501,
        0.10795067995786667,
        0.031234873458743095,
        0.011521524749696255,
        0.010216766968369484,
        0.04588768258690834,
        0.03597076237201691,
        0.027066003531217575
    ],
    "comments": {
        "created-by": "run_analogies.py",
        "args": {
            "model": "gpt2-medium",
            "cache_dir": "cache/",
            "tokenizer": "gpt2-medium",
            "data_dir": "data/analogies/gpt2/",
            "importance_results_dir": "rationalization_results/analogies/gpt2_inseq_ig",
            "device": "cuda",
            "rationalization_config": "config/eva_inseq_ig.json",
            "input_num_ratio": 1,
            "logfolder": "logs/analogies/gpt2_inseq_ig",
            "loglevel": 20
        },
        "time_elapsed": 0.09747672080993652
    }
}