{
    "$schema": "../docs/rationalization.schema.json",
    "id": 91,
    "input-text": [
        "I",
        " knew",
        " it",
        " was",
        " short",
        ",",
        " but",
        " that",
        "'s",
        " before",
        " I",
        " saw",
        " it",
        " in",
        " person",
        ".",
        " (",
        "Just",
        " then",
        " I",
        " thought",
        " about",
        " my",
        " ex",
        "-",
        "wife",
        ",",
        " but",
        " I",
        " had",
        " to",
        " stop",
        " thinking",
        " about",
        " her",
        ").",
        " When",
        " I",
        " did",
        " end",
        " up",
        " seeing",
        " it",
        " in",
        " person",
        ",",
        " it",
        " was",
        " even"
    ],
    "input-tokens": [
        40,
        2993,
        340,
        373,
        1790,
        11,
        475,
        326,
        338,
        878,
        314,
        2497,
        340,
        287,
        1048,
        13,
        357,
        5703,
        788,
        314,
        1807,
        546,
        616,
        409,
        12,
        22095,
        11,
        475,
        314,
        550,
        284,
        2245,
        3612,
        546,
        607,
        737,
        1649,
        314,
        750,
        886,
        510,
        4379,
        340,
        287,
        1048,
        11,
        340,
        373,
        772
    ],
    "target-text": " shorter",
    "target-token": 12238,
    "rational-size": 5,
    "rational-positions": [
        5,
        15,
        4,
        48,
        35
    ],
    "rational-text": [
        ",",
        ".",
        " short",
        " even",
        ")."
    ],
    "rational-tokens": [
        11,
        13,
        1790,
        772,
        737
    ],
    "importance-scores": [
        0.02684822306036949,
        0.026258574798703194,
        0.02588541805744171,
        0.01956743188202381,
        0.06726955622434616,
        0.2059265524148941,
        0.010123717598617077,
        0.007293059024959803,
        0.009076615795493126,
        0.013926158659160137,
        0.006725531071424484,
        0.011182436719536781,
        0.006983424071222544,
        0.02348918281495571,
        0.021213140338659286,
        0.11872179806232452,
        0.02475855126976967,
        0.02452765591442585,
        0.013012567535042763,
        0.0048078503459692,
        0.010975154116749763,
        0.005914381705224514,
        0.003598008770495653,
        0.01647569239139557,
        0.006422452162951231,
        0.01727481558918953,
        0.01797395385801792,
        0.0057693179696798325,
        0.0037064675707370043,
        0.007027786690741777,
        0.0036649247631430626,
        0.007578960619866848,
        0.01401529461145401,
        0.005456152372062206,
        0.007524333894252777,
        0.02803625725209713,
        0.013437888585031033,
        0.004876512102782726,
        0.006772156804800034,
        0.012189732864499092,
        0.007072065025568008,
        0.016255540773272514,
        0.006276058964431286,
        0.004651439376175404,
        0.016382908448576927,
        0.017024492844939232,
        0.007282565347850323,
        0.012487158179283142,
        0.04628004878759384
    ],
    "comments": {
        "created-by": "run_analogies.py",
        "args": {
            "model": "gpt2-medium",
            "cache_dir": "cache/",
            "tokenizer": "gpt2-medium",
            "data_dir": "data/analogies/gpt2/",
            "importance_results_dir": "rationalization_results/analogies/gpt2_inseq_ig",
            "device": "cuda",
            "rationalization_config": "config/eva_inseq_ig.json",
            "input_num_ratio": 1,
            "logfolder": "logs/analogies/gpt2_inseq_ig",
            "loglevel": 20
        },
        "time_elapsed": 0.09850358963012695
    }
}