{
    "$schema": "../docs/rationalization.schema.json",
    "id": 117,
    "input-text": [
        "I",
        " had",
        " never",
        " been",
        " friends",
        " with",
        " any",
        " Austrian",
        " people",
        " before",
        ".",
        " (",
        "The",
        " funn",
        "iest",
        " thing",
        " happened",
        " to",
        " me",
        " the",
        " other",
        " day",
        ",",
        " but",
        " that",
        "'s",
        " a",
        " story",
        " for",
        " another",
        " time",
        ").",
        " In",
        " fact",
        ",",
        " I",
        " had",
        " never",
        " even",
        " been",
        " to"
    ],
    "input-tokens": [
        40,
        550,
        1239,
        587,
        2460,
        351,
        597,
        25691,
        661,
        878,
        13,
        357,
        464,
        36090,
        6386,
        1517,
        3022,
        284,
        502,
        262,
        584,
        1110,
        11,
        475,
        326,
        338,
        257,
        1621,
        329,
        1194,
        640,
        737,
        554,
        1109,
        11,
        314,
        550,
        1239,
        772,
        587,
        284
    ],
    "target-text": " Austria",
    "target-token": 17322,
    "rational-size": 5,
    "rational-positions": [
        7,
        28,
        37,
        39,
        40
    ],
    "rational-text": [
        " Austrian",
        " for",
        " never",
        " been",
        " to"
    ],
    "rational-tokens": [
        25691,
        329,
        1239,
        587,
        284
    ],
    "importance-scores": [
        5.17128522078622e-15,
        1.9060709954832333e-10,
        6.4563232584732986e-31,
        1.4019382309920703e-22,
        2.5903974827820814e-16,
        1.920627181939295e-23,
        4.6415275221673314e-15,
        0.3333333432674408,
        7.458791362324746e-10,
        6.353597032486651e-18,
        6.439064122661573e-24,
        7.669244753954799e-17,
        1.7289727321286724e-13,
        2.2989118606304614e-23,
        5.777424368695461e-26,
        7.728021646008151e-14,
        1.800851761685424e-15,
        9.651902693847305e-20,
        4.498799879851153e-21,
        3.5538685399816816e-19,
        3.144518143865769e-25,
        1.0178972465260672e-12,
        1.4061490008990454e-24,
        4.432217394121407e-22,
        3.3558419931800643e-10,
        1.0861260622414048e-16,
        1.0598897315361455e-09,
        8.26852228467289e-16,
        2.516712349631689e-08,
        2.653940835693915e-17,
        7.553997213300302e-27,
        1.1031506171529384e-15,
        8.113516969388002e-08,
        0.00022831732349004596,
        3.209532562748027e-15,
        4.513672855616102e-12,
        3.765055052820315e-20,
        0.00019674225768540055,
        3.4241495357585855e-15,
        0.33389925956726074,
        0.3323422074317932
    ],
    "comments": {
        "created-by": "run_analogies.py",
        "args": {
            "model": "gpt2-medium",
            "cache_dir": "cache/",
            "tokenizer": "gpt2-medium",
            "data_dir": "data/analogies/gpt2/",
            "importance_results_dir": "rationalization_results/analogies/gpt2_ours/top3_replace0.3_max3000_batch3",
            "device": "cuda",
            "rationalization_config": "config/gpt2/top3_replace0.3_max3000_batch3.json",
            "input_num_ratio": 1.0,
            "logfolder": "logs/analogies/gpt2_ours/top3_replace0.3_max3000_batch3",
            "loglevel": 20
        },
        "time_elapsed": 21.085041522979736,
        "separate_rational": [
            [
                " to",
                " been",
                " fact",
                " never",
                " In",
                " for",
                " Austrian",
                " a"
            ],
            [
                " been",
                " never",
                "I",
                " story",
                " before",
                " any",
                " Austrian",
                " for"
            ],
            [
                " Austrian",
                " to",
                " been",
                " I",
                " even",
                " had",
                " funn",
                " another"
            ]
        ]
    }
}