{
    "$schema": "../docs/rationalization.schema.json",
    "id": 123,
    "input-text": [
        "I",
        " had",
        " never",
        " been",
        " friends",
        " with",
        " any",
        " Croatian",
        " people",
        " before",
        ".",
        " (",
        "The",
        " funn",
        "iest",
        " thing",
        " happened",
        " to",
        " me",
        " the",
        " other",
        " day",
        ",",
        " but",
        " that",
        "'s",
        " a",
        " story",
        " for",
        " another",
        " time",
        ").",
        " In",
        " fact",
        ",",
        " I",
        " had",
        " never",
        " even",
        " been",
        " to"
    ],
    "input-tokens": [
        40,
        550,
        1239,
        587,
        2460,
        351,
        597,
        48853,
        661,
        878,
        13,
        357,
        464,
        36090,
        6386,
        1517,
        3022,
        284,
        502,
        262,
        584,
        1110,
        11,
        475,
        326,
        338,
        257,
        1621,
        329,
        1194,
        640,
        737,
        554,
        1109,
        11,
        314,
        550,
        1239,
        772,
        587,
        284
    ],
    "target-text": " Croatia",
    "target-token": 28975,
    "rational-size": 5,
    "rational-positions": [
        0,
        7,
        33,
        39,
        40
    ],
    "rational-text": [
        "I",
        " Croatian",
        " fact",
        " been",
        " to"
    ],
    "rational-tokens": [
        40,
        48853,
        1109,
        587,
        284
    ],
    "importance-scores": [
        0.06656418740749359,
        1.0726074606282054e-07,
        3.575514710973948e-07,
        5.062315267423401e-06,
        0.032620999962091446,
        1.3721951290790457e-06,
        1.0358572666291366e-08,
        0.3098326623439789,
        0.09859316796064377,
        2.0145043890806846e-05,
        0.008907309733331203,
        2.0317998585678287e-12,
        2.8010254027321935e-05,
        0.0003410162462387234,
        3.8180507644369754e-09,
        8.910239301940237e-08,
        5.885972242936077e-08,
        4.137946874038789e-08,
        1.0489860869711265e-05,
        0.012843407690525055,
        2.3540437155133986e-08,
        1.100517238228349e-05,
        7.380455002703457e-08,
        2.1949115858177493e-09,
        7.049328996799886e-05,
        3.114049462737967e-08,
        2.5753142836038023e-06,
        7.890776743124661e-08,
        2.6257848730892874e-06,
        1.972351837409292e-09,
        1.211884523399931e-06,
        5.111659096002086e-09,
        9.260557817469817e-06,
        3.2009320420911536e-05,
        1.3863631131982856e-08,
        1.290158735400837e-07,
        6.622890941798687e-05,
        0.22044473886489868,
        4.442339104571147e-06,
        4.631338015315123e-05,
        0.24954019486904144
    ],
    "comments": {
        "created-by": "run_analogies.py",
        "args": {
            "model": "gpt2-medium",
            "cache_dir": "cache/",
            "tokenizer": "gpt2-medium",
            "data_dir": "data/analogies/gpt2/",
            "importance_results_dir": "rationalization_results/analogies/gpt2_ours/top3_replace0.3_max3000_batch3",
            "device": "cuda",
            "rationalization_config": "config/gpt2/top3_replace0.3_max3000_batch3.json",
            "input_num_ratio": 1.0,
            "logfolder": "logs/analogies/gpt2_ours/top3_replace0.3_max3000_batch3",
            "loglevel": 20
        },
        "time_elapsed": 5.803360462188721,
        "separate_rational": [
            [
                " never",
                " people",
                " the",
                " Croatian",
                " had",
                " fact",
                " been",
                " before"
            ],
            [
                " to",
                "I",
                " Croatian",
                "The",
                " fact",
                " In",
                " even",
                " been"
            ],
            [
                " Croatian",
                " friends",
                ".",
                " to",
                " funn",
                " that",
                "I",
                " been"
            ]
        ]
    }
}