{
    "$schema": "../docs/rationalization.schema.json",
    "id": 137,
    "input-text": [
        "I",
        " had",
        " never",
        " been",
        " friends",
        " with",
        " any",
        " Mexican",
        " people",
        " before",
        ".",
        " (",
        "The",
        " funn",
        "iest",
        " thing",
        " happened",
        " to",
        " me",
        " the",
        " other",
        " day",
        ",",
        " but",
        " that",
        "'s",
        " a",
        " story",
        " for",
        " another",
        " time",
        ").",
        " In",
        " fact",
        ",",
        " I",
        " had",
        " never",
        " even",
        " been",
        " to"
    ],
    "input-tokens": [
        40,
        550,
        1239,
        587,
        2460,
        351,
        597,
        10816,
        661,
        878,
        13,
        357,
        464,
        36090,
        6386,
        1517,
        3022,
        284,
        502,
        262,
        584,
        1110,
        11,
        475,
        326,
        338,
        257,
        1621,
        329,
        1194,
        640,
        737,
        554,
        1109,
        11,
        314,
        550,
        1239,
        772,
        587,
        284
    ],
    "target-text": " Mexico",
    "target-token": 5828,
    "rational-size": 5,
    "rational-positions": [
        6,
        7,
        9,
        10,
        20
    ],
    "rational-text": [
        " any",
        " Mexican",
        " before",
        ".",
        " other"
    ],
    "rational-tokens": [
        597,
        10816,
        878,
        13,
        584
    ],
    "importance-scores": [
        0.003697371343150735,
        7.226330126286484e-06,
        9.985076133978144e-12,
        0.0026602435391396284,
        5.59209563590513e-17,
        9.109042480304197e-07,
        0.002224105643108487,
        0.5026507377624512,
        1.964689478814452e-12,
        0.009396548382937908,
        0.12065019458532333,
        2.177025448801828e-09,
        2.3158812107598736e-12,
        1.6188760672709163e-13,
        9.01163943467509e-09,
        0.32874342799186707,
        0.0002861332322936505,
        1.1496864544824348e-06,
        8.24873058746789e-09,
        3.3548938627170344e-10,
        1.8372724298387766e-05,
        5.321485787135316e-06,
        2.4040787138801534e-06,
        3.0560460118067567e-07,
        6.511011729770644e-10,
        0.028580136597156525,
        4.0070626816657295e-09,
        8.789816205619083e-13,
        2.017417656541287e-11,
        1.068487593731569e-15,
        1.1962782986429943e-09,
        4.608417055081138e-13,
        4.0149767954744675e-09,
        2.432223595860705e-07,
        6.965926877455786e-05,
        1.267125213644249e-07,
        0.00012201912613818422,
        2.4252976471746124e-13,
        1.707082419215647e-13,
        0.0008813755121082067,
        1.9881720163539285e-06
    ],
    "comments": {
        "created-by": "run_analogies.py",
        "args": {
            "model": "gpt2-medium",
            "cache_dir": "cache/",
            "tokenizer": "gpt2-medium",
            "data_dir": "data/analogies/gpt2/",
            "importance_results_dir": "rationalization_results/analogies/gpt2_ours/top3_replace0.3_max3000_batch3",
            "device": "cuda",
            "rationalization_config": "config/gpt2/top3_replace0.3_max3000_batch3.json",
            "input_num_ratio": 1.0,
            "logfolder": "logs/analogies/gpt2_ours/top3_replace0.3_max3000_batch3",
            "loglevel": 20
        },
        "time_elapsed": 3.421708345413208,
        "separate_rational": [
            [
                " thing",
                "I",
                " been",
                " other",
                " day",
                ",",
                " to",
                " Mexican"
            ],
            [
                " Mexican",
                ".",
                "'s",
                " before",
                " been",
                " any",
                " happened",
                " had"
            ],
            [
                " Mexican",
                " had",
                " any",
                " other",
                " to",
                " time",
                ".",
                " before"
            ]
        ]
    }
}