{
    "$schema": "../docs/rationalization.schema.json",
    "id": 154,
    "input-text": [
        "I",
        " really",
        " wanted",
        " to",
        " buy",
        " the",
        " machine",
        ",",
        " more",
        " than",
        " I",
        " ever",
        " wanted",
        " to",
        " buy",
        " anything",
        " before",
        ".",
        " (",
        "I",
        " was",
        " also",
        " behind",
        " on",
        " my",
        " homework",
        ",",
        " but",
        " that",
        "'s",
        " another",
        " story",
        ").",
        " So",
        " I",
        " went",
        " to",
        " the",
        " store",
        " and",
        " asked",
        " if",
        " they",
        " had",
        " any"
    ],
    "input-tokens": [
        40,
        1107,
        2227,
        284,
        2822,
        262,
        4572,
        11,
        517,
        621,
        314,
        1683,
        2227,
        284,
        2822,
        1997,
        878,
        13,
        357,
        40,
        373,
        635,
        2157,
        319,
        616,
        26131,
        11,
        475,
        326,
        338,
        1194,
        1621,
        737,
        1406,
        314,
        1816,
        284,
        262,
        3650,
        290,
        1965,
        611,
        484,
        550,
        597
    ],
    "target-text": " machines",
    "target-token": 8217,
    "rational-size": 4,
    "rational-positions": [
        4,
        6,
        33,
        43
    ],
    "rational-text": [
        " buy",
        " machine",
        " So",
        " had"
    ],
    "rational-tokens": [
        2822,
        4572,
        1406,
        550
    ],
    "importance-scores": [
        0.01039088424295187,
        0.0025228725280612707,
        0.07159862667322159,
        0.011065761558711529,
        0.03056379221379757,
        0.00794167909771204,
        0.0957065224647522,
        0.013746272772550583,
        0.015946578234434128,
        0.004565577954053879,
        0.0051818229258060455,
        0.010154995135962963,
        0.01792052946984768,
        0.009761673398315907,
        0.01674155704677105,
        0.009292475879192352,
        0.021816616877913475,
        0.006376749370247126,
        0.02119515649974346,
        0.01657480001449585,
        0.003363183932378888,
        0.01773248426616192,
        0.0306107010692358,
        0.0038110625464469194,
        0.03244680166244507,
        0.006279637571424246,
        0.015587913803756237,
        0.01015754509717226,
        0.012128941714763641,
        0.01375455129891634,
        0.0085615748539567,
        0.014976839534938335,
        0.006675890181213617,
        0.07611671835184097,
        0.02564111165702343,
        0.014043782837688923,
        0.012850716710090637,
        0.008590242825448513,
        0.03165460750460625,
        0.03010478802025318,
        0.029596341773867607,
        0.02472526766359806,
        0.017992641776800156,
        0.1347038298845291,
        0.01882786676287651
    ],
    "comments": {
        "created-by": "run_analogies.py",
        "args": {
            "model": "gpt2-medium",
            "cache_dir": "cache/",
            "tokenizer": "gpt2-medium",
            "data_dir": "data/analogies/gpt2/",
            "importance_results_dir": "rationalization_results/analogies/gpt2_ours/top3_replace0.3_max3000_batch3",
            "device": "cuda",
            "rationalization_config": "config/gpt2/top3_replace0.3_max3000_batch3.json",
            "input_num_ratio": 1.0,
            "logfolder": "logs/analogies/gpt2_ours/top3_replace0.3_max3000_batch3",
            "loglevel": 20
        },
        "time_elapsed": 15.528234958648682,
        "separate_rational": [
            [
                " behind",
                " machine",
                " more",
                " (",
                " went",
                " So",
                " I",
                " buy"
            ],
            [
                " machine",
                " So",
                " my",
                " had",
                " and",
                " also",
                " buy",
                " asked"
            ],
            [
                " had",
                " wanted",
                " store",
                " machine",
                " So",
                " story",
                " buy",
                " wanted"
            ]
        ]
    }
}