{
    "$schema": "../docs/rationalization.schema.json",
    "id": 53,
    "input-text": [
        "When",
        " my",
        " flight",
        " landed",
        " in",
        " Japan",
        ",",
        " I",
        " converted",
        " my",
        " currency",
        " and",
        " slowly",
        " fell",
        " asleep",
        ".",
        " (",
        "I",
        " was",
        " behind",
        " on",
        " a",
        " couple",
        " of",
        " assignments",
        ",",
        " but",
        " I",
        " tried",
        " not",
        " to",
        " think",
        " about",
        " them",
        ").",
        " I",
        " was",
        " staying",
        " in",
        " the",
        " capital",
        ","
    ],
    "input-tokens": [
        2215,
        616,
        5474,
        11406,
        287,
        2869,
        11,
        314,
        11513,
        616,
        7395,
        290,
        6364,
        3214,
        16039,
        13,
        357,
        40,
        373,
        2157,
        319,
        257,
        3155,
        286,
        25815,
        11,
        475,
        314,
        3088,
        407,
        284,
        892,
        546,
        606,
        737,
        314,
        373,
        10589,
        287,
        262,
        3139,
        11
    ],
    "target-text": " Tokyo",
    "target-token": 11790,
    "rational-size": 5,
    "rational-positions": [
        5,
        20,
        25,
        36,
        40
    ],
    "rational-text": [
        " Japan",
        " on",
        ",",
        " was",
        " capital"
    ],
    "rational-tokens": [
        2869,
        319,
        11,
        373,
        3139
    ],
    "importance-scores": [
        4.234435271497326e-14,
        9.425127778933673e-13,
        5.982581097185857e-10,
        2.6127805931110723e-16,
        3.835617600985754e-15,
        1.3728171666116395e-07,
        3.4575596915718473e-15,
        1.2926409665881287e-16,
        4.335659689749067e-15,
        2.234692653146908e-09,
        6.3779118875118e-08,
        6.327286250495945e-09,
        0.0001420070620952174,
        3.732915194944349e-14,
        0.5,
        1.1397186363074074e-12,
        8.062810366027406e-07,
        8.283931873798167e-11,
        1.980210266594451e-12,
        4.178780929346335e-16,
        1.1243790822845767e-06,
        1.3524849643009595e-11,
        1.4046768847912616e-13,
        1.821084732664402e-12,
        4.37785363516241e-09,
        1.3711284711781513e-12,
        1.695575829998755e-17,
        5.388539549462668e-13,
        2.1068985298137955e-15,
        1.9801799089336214e-12,
        7.704396880669692e-14,
        4.987379398357916e-09,
        5.992073699202793e-13,
        1.3998707748541506e-09,
        2.6104798322990064e-08,
        1.2732652709956938e-09,
        0.49982941150665283,
        1.2581948503898044e-11,
        1.2619248528078497e-11,
        1.0873308298187112e-07,
        2.6313498892704956e-05,
        2.2087566151074434e-11
    ],
    "comments": {
        "created-by": "run_analogies.py",
        "args": {
            "model": "gpt2-medium",
            "cache_dir": "cache/",
            "tokenizer": "gpt2-medium",
            "data_dir": "data/analogies/gpt2/",
            "importance_results_dir": "rationalization_results/analogies/gpt2_ours/top3_replace0.3_max3000_batch3",
            "device": "cuda",
            "rationalization_config": "config/gpt2/top3_replace0.3_max3000_batch3.json",
            "input_num_ratio": 1.0,
            "logfolder": "logs/analogies/gpt2_ours/top3_replace0.3_max3000_batch3",
            "loglevel": 20
        },
        "time_elapsed": 112.43750429153442,
        "separate_rational": [
            [
                " asleep",
                " to",
                " not",
                " Japan",
                " was",
                ",",
                " capital",
                " on"
            ],
            [
                " was",
                " slowly",
                " capital",
                " on",
                " (",
                " Japan",
                " the",
                " currency"
            ],
            [
                " Japan",
                " a",
                ".",
                " couple",
                " converted",
                " I",
                ",",
                ")."
            ]
        ]
    }
}