suff,comp,random_suff,random_comp
0.048491968200727195,0.8653070022044325,0.009401801974334715,0.4300149594255601
