suff,comp,random_suff,random_comp
0.3712907990978481,0.9858334663790015,0.045545281350135025,0.7215187405089145
