suff,comp,random_suff,random_comp
0.048491968200727195,0.8653070022044325,0.008242260226192793,0.29564406128820003
