suff,comp,random_suff,random_comp
0.027655054352472817,0.5853567572216026,0.00411214315772609,0.28597662927665624
