suff,comp,random_suff,random_comp
0.0026631502785047006,0.013579382845193496,0.005263537145556672,0.011681258467237216
