suff,comp,random_suff,random_comp
0.6527827644088168,1.0011526877669896,0.06945810321276538,0.8616589295684471
