suff,comp,random_suff,random_comp
0.5206590242542575,0.9922386755714837,0.08149215438819857,0.7819275815000101
