suff,comp,random_suff,random_comp
0.0010682149152102223,0.11029478068956271,0.0017748044517225045,0.08026085654416033
