suff,comp,random_suff,random_comp
0.2205114875078777,0.9715350997484152,0.025266256349385334,0.5878701845723361
