suff,comp,random_suff,random_comp
0.2205114875078777,0.9715350997484152,0.04230365145302934,0.596316305290036
