suff,comp,random_suff,random_comp
0.0005238583591150724,0.12135778897537595,0.0006278201021530189,0.07287504624654649
