suff,comp,random_suff,random_comp
0.3712907990978481,0.9858334663790015,0.033450019233584316,0.6264243862877744
