suff,comp,random_suff,random_comp
0.027655054352472817,0.5853567572216026,0.005236515324260098,0.18567445976364189
