suff,comp,random_suff,random_comp
0.13328045728986407,0.9387595796032853,0.012680129991118243,0.404532954707244
