,FAs,5% Comp,10% Comp,20% Comp,30% Comp,Mean Comp,Soft Comp
0,Input X Gradient,0.2783548894752812,0.3520551232330708,0.20834189037418882,0.3219361573372238,0.29017201510494117,0.005749359217574
1,Integrated Gradients,0.23993792798607233,0.2008914583572572,0.1795816382894716,0.18501537322645373,0.20135659946481366,0.0013991189356567998
2,Gradient Shap,0.4030728641356137,0.3929184121342707,0.35726758641648493,0.29145293131688155,0.36117794850081275,0.0009062574646125001
3,Attention Rollout,-0.09518440808436868,-0.11193821378351249,-0.08075518839000706,-0.11065869102457809,-0.09963412532061655,0.0029978975164911
4,Attention Last,0.41955210117163955,0.4539016228203239,0.37864170119562524,0.4112870944360002,0.41584562990589724,0.0021941049242385005
5,Attention,0.3478552544239326,0.4089841425912556,0.3434699276893737,0.3962206300210312,0.37413248868139826,0.00016985372844970006
6,Ours,0.3678507880731355,0.4601290402570757,0.4214237012706196,0.4366706203439638,0.42151853748619866,0.27098795711025564
