,FAs,5% Suff,10% Suff,20% Suff,Mean Suff,Soft Suff
0,Input X Gradient,0.001038325386625901,-0.020123388807764903,-0.0436429265636274,-0.02090932999492213,-0.0015737730642788998
1,Integrated Gradients,0.0267499217665014,0.0259017035788,0.012491121993986998,0.021714249113096135,0.0016559701690367998
2,Gradient Shap,0.014711420188092999,0.018166590475744003,0.0316054196029139,0.021494476755583636,-0.0003223625290865999
3,Attention Rollout,0.0002546256869590015,-0.029910056713304902,-0.014735036939317596,-0.014796822655221167,-0.0009432804864821
4,Attention Last,0.0205341049102925,0.024160266985918,0.0599063027059961,0.03486689153406886,0.0008152794986516002
5,Attention,0.029026244275502003,0.0337195690590728,0.1725557522147776,0.07843385518311746,0.0024882040425733
6,Ours,0.0627386992999977,0.05593989863309571,0.06986362480610561,0.062847407579733,0.0029655205381837
