,FAs,Soft Suff
0,Input X Gradient,-0.0015737730642788998
1,Integrated Gradients,0.0014040034984636
2,Gradient Shap,-0.0003223625290865999
3,Attention Rollout,0.0011099280563557
4,Attention Last,-0.0021958221869435
5,Attention,0.000799715881863
6,Ours,0.0034434889375658997
