{
    "$schema": "../docs/rationalization.schema.json",
    "id": 103,
    "input-text": [
        "I",
        " thought",
        " it",
        " would",
        " be",
        " the",
        " greatest",
        " thing",
        " I",
        "'d",
        " ever",
        " encounter",
        ".",
        " (",
        "I",
        " tried",
        " to",
        " ignore",
        " my",
        " phone",
        " vibr",
        "ating",
        " in",
        " my",
        " pocket",
        ").",
        " But",
        " when",
        " I",
        " did",
        " end",
        " up",
        " encountering",
        " it",
        ",",
        " it",
        " turned",
        " out",
        " it",
        " wasn",
        "'t",
        " so"
    ],
    "input-tokens": [
        40,
        1807,
        340,
        561,
        307,
        262,
        6000,
        1517,
        314,
        1549,
        1683,
        8791,
        13,
        357,
        40,
        3088,
        284,
        8856,
        616,
        3072,
        12611,
        803,
        287,
        616,
        10000,
        737,
        887,
        618,
        314,
        750,
        886,
        510,
        42398,
        340,
        11,
        340,
        2900,
        503,
        340,
        2492,
        470,
        523
    ],
    "target-text": " great",
    "target-token": 1049,
    "rational-size": 7,
    "rational-positions": [
        6,
        26,
        31,
        34,
        36,
        40,
        41
    ],
    "rational-text": [
        " greatest",
        " But",
        " up",
        ",",
        " turned",
        "'t",
        " so"
    ],
    "rational-tokens": [
        6000,
        887,
        510,
        11,
        2900,
        470,
        523
    ],
    "importance-scores": [
        2.4631637529637374e-07,
        0.001528911991044879,
        1.8588904993066535e-07,
        1.0199048574577319e-06,
        3.5603281389740005e-07,
        0.0112361004576087,
        0.00024283565289806575,
        1.2339993418208905e-06,
        7.498732884414494e-05,
        0.18099166452884674,
        0.0006883637397550046,
        1.9034130673389882e-05,
        2.186308689644534e-09,
        5.5839122069301084e-05,
        3.4948408256241237e-07,
        0.0005537704564630985,
        2.2695703592034988e-05,
        1.2526136378143704e-11,
        9.537718531626993e-11,
        1.0796708238558494e-07,
        2.070871960313525e-05,
        9.20762886380544e-06,
        6.435754767153412e-05,
        1.745905251482327e-06,
        5.898465715858947e-09,
        1.3646491652252735e-06,
        0.15019585192203522,
        0.00012108321243431419,
        4.0077942742300365e-08,
        4.368164496781901e-08,
        1.1507018825795967e-05,
        0.03872355818748474,
        1.9377473847725923e-08,
        0.00011980772251263261,
        0.25204721093177795,
        2.449153324590725e-09,
        0.026775047183036804,
        6.084911001380533e-05,
        7.222614658530802e-05,
        8.428433062590557e-09,
        0.08540614694356918,
        0.25095152854919434
    ],
    "comments": {
        "created-by": "run_analogies.py",
        "args": {
            "model": "gpt2-medium",
            "cache_dir": "cache/",
            "tokenizer": "gpt2-medium",
            "data_dir": "data/analogies/gpt2/",
            "importance_results_dir": "rationalization_results/analogies/gpt2_ours",
            "device": "cuda",
            "rationalization_config": "config/aggregation.replacing_delta_prob.postag.json",
            "input_num_ratio": 1.0,
            "logfolder": "logs/analogies/gpt2_ours",
            "loglevel": 20
        },
        "time_elapsed": 166.35760259628296,
        "separate_rational": [
            [
                ",",
                " tried",
                " ever",
                " greatest",
                " so"
            ],
            [
                " But",
                "'t",
                " the",
                " thought",
                " so"
            ],
            [
                "'d",
                " up",
                " turned",
                ",",
                " so"
            ],
            [
                " so",
                " out",
                " turned",
                " up",
                " greatest"
            ],
            [
                "'t",
                " would",
                " be",
                " up",
                " But"
            ]
        ]
    }
}