{
    "$schema": "../docs/rationalization.schema.json",
    "id": 115,
    "input-text": [
        "I",
        " thought",
        " it",
        " would",
        " be",
        " the",
        " youngest",
        " thing",
        " I",
        "'d",
        " ever",
        " encounter",
        ".",
        " (",
        "I",
        " tried",
        " to",
        " ignore",
        " my",
        " phone",
        " vibr",
        "ating",
        " in",
        " my",
        " pocket",
        ").",
        " But",
        " when",
        " I",
        " did",
        " end",
        " up",
        " encountering",
        " it",
        ",",
        " it",
        " turned",
        " out",
        " it",
        " wasn",
        "'t",
        " so"
    ],
    "input-tokens": [
        40,
        1807,
        340,
        561,
        307,
        262,
        18887,
        1517,
        314,
        1549,
        1683,
        8791,
        13,
        357,
        40,
        3088,
        284,
        8856,
        616,
        3072,
        12611,
        803,
        287,
        616,
        10000,
        737,
        887,
        618,
        314,
        750,
        886,
        510,
        42398,
        340,
        11,
        340,
        2900,
        503,
        340,
        2492,
        470,
        523
    ],
    "target-text": " young",
    "target-token": 1862,
    "rational-size": 4,
    "rational-positions": [
        6,
        9,
        21,
        27
    ],
    "rational-text": [
        " youngest",
        "'d",
        "ating",
        " when"
    ],
    "rational-tokens": [
        18887,
        1549,
        803,
        618
    ],
    "importance-scores": [
        0.00927606038749218,
        2.5812693138504983e-07,
        9.313399459642824e-06,
        0.0019296752288937569,
        0.04299626871943474,
        0.0012080458691343665,
        0.08191892504692078,
        0.00028109343838877976,
        0.0016754871467128396,
        0.023601943626999855,
        9.231650324181828e-07,
        0.22987891733646393,
        1.881620664789807e-05,
        0.05633752420544624,
        0.00026768006500788033,
        1.567128947499441e-06,
        6.463895715569379e-06,
        6.709105218760669e-05,
        1.7976124411234196e-07,
        0.017912322655320168,
        0.00012156058801338077,
        0.2571117579936981,
        0.0014331011334434152,
        5.719756245525787e-06,
        0.00015173210704233497,
        6.118409032751515e-07,
        0.001939912443049252,
        0.005076321307569742,
        6.076181307435036e-05,
        4.04453800229021e-07,
        0.18322785198688507,
        2.0220129499648465e-06,
        0.016336999833583832,
        8.057994818955194e-06,
        1.326644564869639e-06,
        3.6357337762638053e-07,
        0.00021466075850185007,
        1.1582677871047053e-05,
        0.0008301230263896286,
        0.009100024588406086,
        4.1882169171003625e-05,
        0.05693460628390312
    ],
    "comments": {
        "created-by": "run_analogies.py",
        "args": {
            "model": "gpt2-medium",
            "cache_dir": "cache/",
            "tokenizer": "gpt2-medium",
            "data_dir": "data/analogies/gpt2/",
            "importance_results_dir": "rationalization_results/analogies/gpt2_ours",
            "device": "cuda",
            "rationalization_config": "config/aggregation.replacing_delta_prob.postag.json",
            "input_num_ratio": 1.0,
            "logfolder": "logs/analogies/gpt2_ours",
            "loglevel": 20
        },
        "time_elapsed": 166.34026098251343,
        "separate_rational": [
            [
                " my",
                ").",
                " youngest",
                " when",
                " tried"
            ],
            [
                " encounter",
                " youngest",
                "'d",
                " encountering",
                "I"
            ],
            [
                "ating",
                " so",
                " (",
                " be",
                " youngest"
            ],
            [
                " thing",
                " did",
                "'t",
                " But",
                "'d"
            ],
            [
                " end",
                "ating",
                " phone",
                " youngest",
                " when"
            ]
        ]
    }
}