{
    "$schema": "../docs/rationalization.schema.json",
    "id": 121,
    "input-text": [
        "I",
        " had",
        " never",
        " been",
        " friends",
        " with",
        " any",
        " Chinese",
        " people",
        " before",
        ".",
        " (",
        "The",
        " funn",
        "iest",
        " thing",
        " happened",
        " to",
        " me",
        " the",
        " other",
        " day",
        ",",
        " but",
        " that",
        "'s",
        " a",
        " story",
        " for",
        " another",
        " time",
        ").",
        " In",
        " fact",
        ",",
        " I",
        " had",
        " never",
        " even",
        " been",
        " to"
    ],
    "input-tokens": [
        40,
        550,
        1239,
        587,
        2460,
        351,
        597,
        3999,
        661,
        878,
        13,
        357,
        464,
        36090,
        6386,
        1517,
        3022,
        284,
        502,
        262,
        584,
        1110,
        11,
        475,
        326,
        338,
        257,
        1621,
        329,
        1194,
        640,
        737,
        554,
        1109,
        11,
        314,
        550,
        1239,
        772,
        587,
        284
    ],
    "target-text": " China",
    "target-token": 2807,
    "rational-size": 5,
    "rational-positions": [
        7,
        11,
        33,
        39,
        40
    ],
    "rational-text": [
        " Chinese",
        " (",
        " fact",
        " been",
        " to"
    ],
    "rational-tokens": [
        3999,
        357,
        1109,
        587,
        284
    ],
    "importance-scores": [
        0.012204242870211601,
        0.004191759508103132,
        0.0033166129142045975,
        0.00015605881344527006,
        0.0037597394548356533,
        0.0004686170141212642,
        0.002325508277863264,
        0.3296164870262146,
        0.08611472696065903,
        0.0025492373388260603,
        0.006036451552063227,
        0.1264783889055252,
        0.0012827886966988444,
        0.0001488109992351383,
        0.00011648937652353197,
        0.0047201309353113174,
        0.00021615088917315006,
        0.0034095882438123226,
        0.0037861657328903675,
        0.0035555739887058735,
        0.007502096705138683,
        0.0025330386124551296,
        0.003838927950710058,
        0.019041933119297028,
        0.00010438866593176499,
        0.001964840106666088,
        0.007195244077593088,
        0.0019032176351174712,
        0.001540539087727666,
        0.0036367797292768955,
        0.0038730527739971876,
        0.00014948454918339849,
        9.983886411646381e-05,
        0.1806742548942566,
        0.00013949218555353582,
        0.008669472299516201,
        0.002728467807173729,
        0.0025330008938908577,
        0.03428488224744797,
        0.011260734871029854,
        0.11187281459569931
    ],
    "comments": {
        "created-by": "run_analogies.py",
        "args": {
            "model": "gpt2-medium",
            "cache_dir": "cache/",
            "tokenizer": "gpt2-medium",
            "data_dir": "data/analogies/gpt2/",
            "importance_results_dir": "rationalization_results/analogies/gpt2_ours",
            "device": "cuda",
            "rationalization_config": "config/aggregation.replacing_delta_prob.postag.json",
            "input_num_ratio": 1.0,
            "logfolder": "logs/analogies/gpt2_ours",
            "loglevel": 20
        },
        "time_elapsed": 4.276121616363525,
        "separate_rational": [
            [
                " (",
                " to",
                ".",
                " Chinese",
                " I"
            ],
            [
                " Chinese",
                " to",
                " but",
                "I",
                " been"
            ],
            [
                " fact",
                " Chinese",
                " even",
                ",",
                " been"
            ],
            [
                " fact",
                " people",
                " Chinese",
                " the",
                " been"
            ],
            [
                " Chinese",
                " other",
                " been",
                " (",
                "'s"
            ]
        ]
    }
}