{
    "$schema": "../docs/rationalization.schema.json",
    "id": 131,
    "input-text": [
        "I",
        " had",
        " never",
        " been",
        " friends",
        " with",
        " any",
        " Indian",
        " people",
        " before",
        ".",
        " (",
        "The",
        " funn",
        "iest",
        " thing",
        " happened",
        " to",
        " me",
        " the",
        " other",
        " day",
        ",",
        " but",
        " that",
        "'s",
        " a",
        " story",
        " for",
        " another",
        " time",
        ").",
        " In",
        " fact",
        ",",
        " I",
        " had",
        " never",
        " even",
        " been",
        " to"
    ],
    "input-tokens": [
        40,
        550,
        1239,
        587,
        2460,
        351,
        597,
        3942,
        661,
        878,
        13,
        357,
        464,
        36090,
        6386,
        1517,
        3022,
        284,
        502,
        262,
        584,
        1110,
        11,
        475,
        326,
        338,
        257,
        1621,
        329,
        1194,
        640,
        737,
        554,
        1109,
        11,
        314,
        550,
        1239,
        772,
        587,
        284
    ],
    "target-text": " India",
    "target-token": 3794,
    "rational-size": 4,
    "rational-positions": [
        7,
        23,
        37,
        39
    ],
    "rational-text": [
        " Indian",
        " but",
        " never",
        " been"
    ],
    "rational-tokens": [
        3942,
        475,
        1239,
        587
    ],
    "importance-scores": [
        4.682815557544018e-08,
        8.003232210285205e-07,
        1.2131872608733829e-05,
        0.08000481873750687,
        2.718317793082292e-10,
        6.250868409551913e-06,
        3.176880227329093e-06,
        0.5996772050857544,
        0.015197415836155415,
        0.0824962928891182,
        8.71290296799998e-07,
        1.7016716356010875e-06,
        1.129751490225317e-05,
        0.0004958728095516562,
        4.877905190880938e-09,
        0.000233957776799798,
        4.4478071004050435e-08,
        5.519484425065002e-09,
        1.3150434824638069e-05,
        3.879726317990162e-09,
        9.263609968002129e-08,
        0.007767706178128719,
        2.6626105409377487e-06,
        0.004409172106534243,
        0.00048322277143597603,
        6.806358783251198e-07,
        4.6930804842304497e-07,
        3.4036582974295015e-07,
        2.2401172827812843e-07,
        0.008127482607960701,
        2.2095400709076785e-06,
        1.501170754636405e-05,
        1.4934478258510353e-06,
        0.1129000335931778,
        2.2565094695892185e-05,
        2.5838792225840734e-06,
        9.743371265358292e-06,
        2.2044808645205194e-08,
        0.08709095418453217,
        0.00034397514536976814,
        0.0006643090746365488
    ],
    "comments": {
        "created-by": "run_analogies.py",
        "args": {
            "model": "gpt2-medium",
            "cache_dir": "cache/",
            "tokenizer": "gpt2-medium",
            "data_dir": "data/analogies/gpt2/",
            "importance_results_dir": "rationalization_results/analogies/gpt2_ours",
            "device": "cuda",
            "rationalization_config": "config/aggregation.replacing_delta_prob.postag.json",
            "input_num_ratio": 1.0,
            "logfolder": "logs/analogies/gpt2_ours",
            "loglevel": 20
        },
        "time_elapsed": 17.567813873291016,
        "separate_rational": [
            [
                " Indian",
                " never",
                " been",
                " other",
                " but"
            ],
            [
                " Indian",
                " been",
                ",",
                " never",
                "iest"
            ],
            [
                " fact",
                " even",
                " to",
                "The",
                " Indian"
            ],
            [
                " Indian",
                " never",
                ".",
                " but",
                ")."
            ],
            [
                " before",
                " been",
                " people",
                " another",
                " day"
            ]
        ]
    }
}