{
    "$schema": "../docs/rationalization.schema.json",
    "id": 137,
    "input-text": [
        "I",
        " had",
        " never",
        " been",
        " friends",
        " with",
        " any",
        " Mexican",
        " people",
        " before",
        ".",
        " (",
        "The",
        " funn",
        "iest",
        " thing",
        " happened",
        " to",
        " me",
        " the",
        " other",
        " day",
        ",",
        " but",
        " that",
        "'s",
        " a",
        " story",
        " for",
        " another",
        " time",
        ").",
        " In",
        " fact",
        ",",
        " I",
        " had",
        " never",
        " even",
        " been",
        " to"
    ],
    "input-tokens": [
        40,
        550,
        1239,
        587,
        2460,
        351,
        597,
        10816,
        661,
        878,
        13,
        357,
        464,
        36090,
        6386,
        1517,
        3022,
        284,
        502,
        262,
        584,
        1110,
        11,
        475,
        326,
        338,
        257,
        1621,
        329,
        1194,
        640,
        737,
        554,
        1109,
        11,
        314,
        550,
        1239,
        772,
        587,
        284
    ],
    "target-text": " Mexico",
    "target-token": 5828,
    "rational-size": 2,
    "rational-positions": [
        7,
        39
    ],
    "rational-text": [
        " Mexican",
        " been"
    ],
    "rational-tokens": [
        10816,
        587
    ],
    "importance-scores": [
        4.1884156587457255e-08,
        1.3299078852058166e-11,
        1.6466731977970994e-08,
        9.343375682521748e-13,
        5.345170920462161e-12,
        2.57156049926488e-11,
        1.4593639630078314e-09,
        0.21703536808490753,
        8.563806659367401e-07,
        1.0080340375131262e-18,
        2.0242590589858445e-11,
        8.302391663050912e-09,
        0.00023316839360632002,
        6.030915242032087e-15,
        1.4328779229799693e-07,
        4.240604175720364e-05,
        5.634299687776786e-15,
        2.0701049763260926e-08,
        2.921663355692772e-09,
        2.3726226572762243e-05,
        2.8767854587385955e-07,
        9.580035332731884e-13,
        3.8696046367192594e-10,
        1.8930226852210963e-13,
        9.099432318748768e-10,
        9.323444793984947e-12,
        4.014302085186827e-11,
        1.2262857396194704e-11,
        3.01512872828702e-12,
        1.7024063907709885e-13,
        1.2656668602062382e-08,
        3.18330500848063e-11,
        1.5286797605540414e-08,
        0.0024596990551799536,
        3.0525787453328235e-10,
        4.7194101925052134e-12,
        1.512192504549148e-08,
        5.39969323654077e-06,
        0.14748656749725342,
        0.4481589198112488,
        0.1845533400774002
    ],
    "comments": {
        "created-by": "run_analogies.py",
        "args": {
            "model": "gpt2-medium",
            "cache_dir": "cache/",
            "tokenizer": "gpt2-medium",
            "data_dir": "data/analogies/gpt2/",
            "importance_results_dir": "rationalization_results/analogies/gpt2_ours",
            "device": "cuda",
            "rationalization_config": "config/aggregation.replacing_delta_prob.postag.json",
            "input_num_ratio": 1.0,
            "logfolder": "logs/analogies/gpt2_ours",
            "loglevel": 20
        },
        "time_elapsed": 9.46521258354187,
        "separate_rational": [
            [
                " been",
                "The",
                " the",
                " Mexican",
                "iest"
            ],
            [
                " been",
                " people",
                " to",
                " Mexican",
                " but"
            ],
            [
                " Mexican",
                " never",
                " other",
                " In",
                " been"
            ],
            [
                " even",
                " been",
                " fact",
                " Mexican",
                " thing"
            ],
            [
                " to",
                " Mexican",
                " any",
                ",",
                " been"
            ]
        ]
    }
}