{
    "$schema": "../docs/rationalization.schema.json",
    "id": 155,
    "input-text": [
        "I",
        " really",
        " wanted",
        " to",
        " buy",
        " the",
        " snake",
        ",",
        " more",
        " than",
        " I",
        " ever",
        " wanted",
        " to",
        " buy",
        " anything",
        " before",
        ".",
        " (",
        "I",
        " was",
        " also",
        " behind",
        " on",
        " my",
        " homework",
        ",",
        " but",
        " that",
        "'s",
        " another",
        " story",
        ").",
        " So",
        " I",
        " went",
        " to",
        " the",
        " store",
        " and",
        " asked",
        " if",
        " they",
        " had",
        " any"
    ],
    "input-tokens": [
        40,
        1107,
        2227,
        284,
        2822,
        262,
        17522,
        11,
        517,
        621,
        314,
        1683,
        2227,
        284,
        2822,
        1997,
        878,
        13,
        357,
        40,
        373,
        635,
        2157,
        319,
        616,
        26131,
        11,
        475,
        326,
        338,
        1194,
        1621,
        737,
        1406,
        314,
        1816,
        284,
        262,
        3650,
        290,
        1965,
        611,
        484,
        550,
        597
    ],
    "target-text": " snakes",
    "target-token": 26042,
    "rational-size": 4,
    "rational-positions": [
        6,
        12,
        41,
        43
    ],
    "rational-text": [
        " snake",
        " wanted",
        " if",
        " had"
    ],
    "rational-tokens": [
        17522,
        2227,
        611,
        550
    ],
    "importance-scores": [
        0.005450764205306768,
        0.01691771298646927,
        0.1454208493232727,
        0.012667275965213776,
        0.013089495711028576,
        0.005407548975199461,
        0.24267485737800598,
        0.01384800486266613,
        0.004241907503455877,
        0.005807237699627876,
        0.009707393124699593,
        0.013626853004097939,
        0.025846067816019058,
        0.0036045361775904894,
        0.006947015877813101,
        0.010074028745293617,
        0.016899464651942253,
        0.012703570537269115,
        0.0063936240039765835,
        0.00963771902024746,
        0.0059876954182982445,
        0.016293302178382874,
        0.0046581244096159935,
        0.002850182820111513,
        0.005146568175405264,
        0.01085082720965147,
        0.006205317098647356,
        0.014032503589987755,
        0.009345169179141521,
        0.006942828185856342,
        0.005005382467061281,
        0.026144813746213913,
        0.00565608823671937,
        0.024751268327236176,
        0.013398287817835808,
        0.0038192581851035357,
        0.0036967280320823193,
        0.00704420730471611,
        0.016496291384100914,
        0.010470492765307426,
        0.1159689873456955,
        0.03309566527605057,
        0.0061274017207324505,
        0.03535255789756775,
        0.02969411015510559
    ],
    "comments": {
        "created-by": "run_analogies.py",
        "args": {
            "model": "gpt2-medium",
            "cache_dir": "cache/",
            "tokenizer": "gpt2-medium",
            "data_dir": "data/analogies/gpt2/",
            "importance_results_dir": "rationalization_results/analogies/gpt2_ours",
            "device": "cuda",
            "rationalization_config": "config/aggregation.replacing_delta_prob.postag.json",
            "input_num_ratio": 1.0,
            "logfolder": "logs/analogies/gpt2_ours",
            "loglevel": 20
        },
        "time_elapsed": 39.30340886116028,
        "separate_rational": [
            [
                " wanted",
                " had",
                " snake",
                " if",
                " that"
            ],
            [
                " snake",
                " wanted",
                " if",
                " to",
                " but"
            ],
            [
                " store",
                " really",
                " buy",
                " snake",
                " wanted"
            ],
            [
                " asked",
                " snake",
                ".",
                " had",
                " homework"
            ],
            [
                " story",
                " any",
                " So",
                " before",
                " snake"
            ]
        ]
    }
}