{
    "$schema": "../docs/rationalization.schema.json",
    "id": 156,
    "input-text": [
        "I",
        " can",
        " usually",
        " sing",
        " by",
        " myself",
        ".",
        " (",
        "I",
        " was",
        " so",
        " behind",
        " on",
        " work",
        " but",
        " I",
        " tried",
        " to",
        " distract",
        " myself",
        ").",
        " Although",
        " it",
        "'s",
        " so",
        " much",
        " better",
        " when",
        " someone",
        " else",
        " also"
    ],
    "input-tokens": [
        40,
        460,
        3221,
        1702,
        416,
        3589,
        13,
        357,
        40,
        373,
        523,
        2157,
        319,
        670,
        475,
        314,
        3088,
        284,
        11786,
        3589,
        737,
        4900,
        340,
        338,
        523,
        881,
        1365,
        618,
        2130,
        2073,
        635
    ],
    "target-text": " sings",
    "target-token": 33041,
    "rational-size": 8,
    "rational-positions": [
        3,
        7,
        8,
        25,
        26,
        27,
        28,
        29
    ],
    "rational-text": [
        " sing",
        " (",
        "I",
        " much",
        " better",
        " when",
        " someone",
        " else"
    ],
    "rational-tokens": [
        1702,
        357,
        40,
        881,
        1365,
        618,
        2130,
        2073
    ],
    "importance-scores": [
        0.050898969173431396,
        0.0017150355270132422,
        0.10029371082782745,
        0.1648062765598297,
        0.004868602380156517,
        0.0019374493276700377,
        0.0011476846411824226,
        0.02351507730782032,
        0.023436956107616425,
        0.005521568935364485,
        0.0009180940687656403,
        0.004373845644295216,
        0.0039023677818477154,
        0.00038701706216670573,
        0.0011001226957887411,
        0.0011888268636539578,
        0.0027450737543404102,
        0.07272401452064514,
        0.00044944643741473556,
        0.003339078975841403,
        0.012700622901320457,
        0.03123081661760807,
        0.015661295503377914,
        0.006700652185827494,
        0.0014051172183826566,
        0.14704129099845886,
        0.0390247106552124,
        0.19933798909187317,
        0.03634976968169212,
        0.03263699263334274,
        0.008641498163342476
    ],
    "comments": {
        "created-by": "run_analogies.py",
        "args": {
            "model": "gpt2-medium",
            "cache_dir": "cache/",
            "tokenizer": "gpt2-medium",
            "data_dir": "data/analogies/gpt2/",
            "importance_results_dir": "rationalization_results/analogies/gpt2_ours",
            "device": "cuda",
            "rationalization_config": "config/aggregation.replacing_delta_prob.postag.json",
            "input_num_ratio": 1.0,
            "logfolder": "logs/analogies/gpt2_ours",
            "loglevel": 20
        },
        "time_elapsed": 8.720808267593384,
        "separate_rational": [
            [
                " much",
                " better",
                " sing",
                " else",
                " ("
            ],
            [
                " to",
                "I",
                " it",
                " sing",
                " much"
            ],
            [
                " when",
                " sing",
                " (",
                " else",
                " better"
            ],
            [
                " sing",
                " usually",
                ").",
                "I",
                " someone"
            ],
            [
                " when",
                " someone",
                " Although",
                "I",
                " sing"
            ]
        ]
    }
}