{
    "$schema": "../docs/rationalization.schema.json",
    "id": 36,
    "input-text": [
        "When",
        " my",
        " flight",
        " landed",
        " in",
        " Pakistan",
        ",",
        " I",
        " converted",
        " my",
        " currency",
        " and",
        " slowly",
        " fell",
        " asleep",
        ".",
        " (",
        "I",
        " was",
        " behind",
        " on",
        " a",
        " couple",
        " of",
        " assignments",
        ",",
        " but",
        " I",
        " tried",
        " not",
        " to",
        " think",
        " about",
        " them",
        ").",
        " I",
        " was",
        " staying",
        " in",
        " the",
        " capital",
        ","
    ],
    "input-tokens": [
        2215,
        616,
        5474,
        11406,
        287,
        7648,
        11,
        314,
        11513,
        616,
        7395,
        290,
        6364,
        3214,
        16039,
        13,
        357,
        40,
        373,
        2157,
        319,
        257,
        3155,
        286,
        25815,
        11,
        475,
        314,
        3088,
        407,
        284,
        892,
        546,
        606,
        737,
        314,
        373,
        10589,
        287,
        262,
        3139,
        11
    ],
    "target-text": " Islamabad",
    "target-token": 36878,
    "rational-size": 6,
    "rational-positions": [
        0,
        4,
        5,
        32,
        39,
        40
    ],
    "rational-text": [
        "When",
        " in",
        " Pakistan",
        " about",
        " the",
        " capital"
    ],
    "rational-tokens": [
        2215,
        287,
        7648,
        546,
        262,
        3139
    ],
    "importance-scores": [
        0.9993147850036621,
        5.497806915263009e-33,
        8.904594273965527e-36,
        0.0,
        0.0,
        1.4060310173057958e-17,
        3.496420372191758e-32,
        2.8188811564922054e-30,
        5.2028880186319964e-36,
        0.0,
        4.835636941429624e-30,
        0.0,
        2.503154092073931e-35,
        0.0,
        0.0,
        0.0,
        0.0,
        0.0,
        6.075296141234374e-23,
        7.146622168056567e-44,
        0.0,
        0.0,
        0.0,
        0.0,
        0.0,
        2.1019476964872256e-44,
        6.574213428960212e-34,
        9.518972184470619e-20,
        0.0,
        0.0,
        0.0,
        0.0,
        0.0,
        0.0,
        9.17967994951141e-08,
        0.0,
        3.7571614425476995e-40,
        2.564705398444197e-35,
        0.0,
        1.4805396418537548e-17,
        0.000685087637975812,
        0.0
    ],
    "comments": {
        "created-by": "run_analogies.py",
        "args": {
            "model": "gpt2-medium",
            "cache_dir": "cache/",
            "tokenizer": "gpt2-medium",
            "data_dir": "data/analogies/gpt2/",
            "importance_results_dir": "rationalization_results/analogies/gpt2_ours",
            "device": "cuda",
            "rationalization_config": "config/aggregation.replacing_delta_prob.postag.json",
            "input_num_ratio": 1.0,
            "logfolder": "logs/analogies/gpt2_ours",
            "loglevel": 20
        },
        "time_elapsed": 164.00614881515503,
        "separate_rational": [
            [
                " capital",
                "When",
                " my",
                " flight",
                " landed"
            ],
            [
                " in",
                " but",
                " staying",
                " was",
                " the"
            ],
            [
                "When",
                " capital",
                ").",
                " the",
                " Pakistan"
            ],
            [
                " Pakistan",
                " about",
                " the",
                " in",
                " asleep"
            ],
            [
                " in",
                " about",
                " my",
                " to",
                ","
            ]
        ]
    }
}