{
    "$schema": "../docs/rationalization.schema.json",
    "id": 46,
    "input-text": [
        "When",
        " my",
        " flight",
        " landed",
        " in",
        " Russia",
        ",",
        " I",
        " converted",
        " my",
        " currency",
        " and",
        " slowly",
        " fell",
        " asleep",
        ".",
        " (",
        "I",
        " was",
        " behind",
        " on",
        " a",
        " couple",
        " of",
        " assignments",
        ",",
        " but",
        " I",
        " tried",
        " not",
        " to",
        " think",
        " about",
        " them",
        ").",
        " I",
        " was",
        " staying",
        " in",
        " the",
        " capital",
        ","
    ],
    "input-tokens": [
        2215,
        616,
        5474,
        11406,
        287,
        3284,
        11,
        314,
        11513,
        616,
        7395,
        290,
        6364,
        3214,
        16039,
        13,
        357,
        40,
        373,
        2157,
        319,
        257,
        3155,
        286,
        25815,
        11,
        475,
        314,
        3088,
        407,
        284,
        892,
        546,
        606,
        737,
        314,
        373,
        10589,
        287,
        262,
        3139,
        11
    ],
    "target-text": " Moscow",
    "target-token": 9070,
    "rational-size": 8,
    "rational-positions": [
        5,
        9,
        15,
        19,
        34,
        36,
        39,
        40
    ],
    "rational-text": [
        " Russia",
        " my",
        ".",
        " behind",
        ").",
        " was",
        " the",
        " capital"
    ],
    "rational-tokens": [
        3284,
        616,
        13,
        2157,
        737,
        373,
        262,
        3139
    ],
    "importance-scores": [
        1.4930424674375331e-09,
        3.923912779853887e-26,
        4.1446791203096633e-13,
        4.528298416808629e-19,
        1.6429462618997943e-19,
        0.0006286032148636878,
        2.5311017171070205e-11,
        1.8174555194150344e-08,
        6.045452803493526e-25,
        3.409086923496069e-20,
        1.2868740668636747e-06,
        1.2143188114593252e-28,
        8.976326314168382e-22,
        2.7946123319487147e-23,
        1.3841376364150335e-20,
        1.2068082063670943e-16,
        4.355679906380486e-14,
        5.59481136420643e-21,
        1.6293111304577224e-09,
        1.2905347662252217e-16,
        0.07315503060817719,
        2.9248976408266224e-24,
        1.228001554609559e-11,
        4.999977584999256e-18,
        1.2635927731669688e-13,
        3.210954338559256e-29,
        0.1436508297920227,
        1.052404092424435e-16,
        1.2683491680976627e-14,
        9.643913159104311e-28,
        2.3512756412019664e-12,
        7.543154618692588e-22,
        5.654777979826079e-15,
        4.06826367027862e-15,
        3.553196847860818e-08,
        2.5075053326426963e-21,
        1.6659364046687358e-13,
        2.0748104569059261e-13,
        1.3900352350109353e-23,
        2.924166442840048e-13,
        0.7825642228126526,
        6.865515538948262e-18
    ],
    "comments": {
        "created-by": "run_analogies.py",
        "args": {
            "model": "gpt2-medium",
            "cache_dir": "cache/",
            "tokenizer": "gpt2-medium",
            "data_dir": "data/analogies/gpt2/",
            "importance_results_dir": "rationalization_results/analogies/gpt2_ours",
            "device": "cuda",
            "rationalization_config": "config/aggregation.replacing_delta_prob.postag.json",
            "input_num_ratio": 1.0,
            "logfolder": "logs/analogies/gpt2_ours",
            "loglevel": 20
        },
        "time_elapsed": 166.41769862174988,
        "separate_rational": [
            [
                " the",
                " in",
                ").",
                " behind",
                " was"
            ],
            [
                " capital",
                " but",
                " on",
                " Russia",
                " currency"
            ],
            [
                ").",
                " my",
                " behind",
                " was",
                " think"
            ],
            [
                " capital",
                " my",
                ".",
                " (",
                " was"
            ],
            [
                " the",
                " Russia",
                " was",
                " I",
                "."
            ]
        ]
    }
}