{
    "$schema": "../docs/rationalization.schema.json",
    "id": 47,
    "input-text": [
        "When",
        " my",
        " flight",
        " landed",
        " in",
        " Norway",
        ",",
        " I",
        " converted",
        " my",
        " currency",
        " and",
        " slowly",
        " fell",
        " asleep",
        ".",
        " (",
        "I",
        " was",
        " behind",
        " on",
        " a",
        " couple",
        " of",
        " assignments",
        ",",
        " but",
        " I",
        " tried",
        " not",
        " to",
        " think",
        " about",
        " them",
        ").",
        " I",
        " was",
        " staying",
        " in",
        " the",
        " capital",
        ","
    ],
    "input-tokens": [
        2215,
        616,
        5474,
        11406,
        287,
        15238,
        11,
        314,
        11513,
        616,
        7395,
        290,
        6364,
        3214,
        16039,
        13,
        357,
        40,
        373,
        2157,
        319,
        257,
        3155,
        286,
        25815,
        11,
        475,
        314,
        3088,
        407,
        284,
        892,
        546,
        606,
        737,
        314,
        373,
        10589,
        287,
        262,
        3139,
        11
    ],
    "target-text": " Oslo",
    "target-token": 39636,
    "rational-size": 6,
    "rational-positions": [
        0,
        1,
        3,
        5,
        19,
        40
    ],
    "rational-text": [
        "When",
        " my",
        " landed",
        " Norway",
        " behind",
        " capital"
    ],
    "rational-tokens": [
        2215,
        616,
        11406,
        15238,
        2157,
        3139
    ],
    "importance-scores": [
        0.0,
        1.186352821265068e-14,
        0.0,
        2.0040891168804364e-09,
        3.5678964667621324e-38,
        1.0,
        0.0,
        0.0,
        0.0,
        8.082966999321481e-39,
        0.0,
        0.0,
        0.0,
        2.7480023404795393e-40,
        0.0,
        0.0,
        0.0,
        1.401298464324817e-45,
        0.0,
        1.5785827732339818e-23,
        0.0,
        2.7914686590877564e-33,
        0.0,
        6.941354408649961e-36,
        0.0,
        6.165713243029195e-44,
        1.0557064218477879e-31,
        0.0,
        6.106896593918487e-28,
        0.0,
        0.0,
        4.1079648142496376e-26,
        0.0,
        0.0,
        0.0,
        0.0,
        7.51095976878102e-43,
        0.0,
        4.3613579241824284e-20,
        0.0,
        5.7983768635910876e-40,
        0.0
    ],
    "comments": {
        "created-by": "run_analogies.py",
        "args": {
            "model": "gpt2-medium",
            "cache_dir": "cache/",
            "tokenizer": "gpt2-medium",
            "data_dir": "data/analogies/gpt2/",
            "importance_results_dir": "rationalization_results/analogies/gpt2_ours",
            "device": "cuda",
            "rationalization_config": "config/aggregation.replacing_delta_prob.postag.json",
            "input_num_ratio": 1.0,
            "logfolder": "logs/analogies/gpt2_ours",
            "loglevel": 20
        },
        "time_elapsed": 161.89483213424683,
        "separate_rational": [
            [
                " my",
                " staying",
                " was",
                " in",
                " capital"
            ],
            [
                " and",
                ").",
                " capital",
                " I",
                " of"
            ],
            [
                " the",
                "When",
                " my",
                " flight",
                " landed"
            ],
            [
                " Norway",
                " landed",
                " my",
                " in",
                " behind"
            ],
            [
                " fell",
                " capital",
                " Norway",
                " behind",
                "When"
            ]
        ]
    }
}