{
    "$schema": "../docs/rationalization.schema.json",
    "id": 61,
    "input-text": [
        "As",
        " soon",
        " as",
        " I",
        " arrived",
        " in",
        " Illinois",
        ",",
        " I",
        " checked",
        " into",
        " my",
        " hotel",
        " and",
        " watched",
        " a",
        " movie",
        " before",
        " falling",
        " asleep",
        ".",
        " (",
        "I",
        " had",
        " a",
        " great",
        " call",
        " with",
        " my",
        " husband",
        ",",
        " although",
        " I",
        " wish",
        " it",
        " were",
        " longer",
        ").",
        " I",
        " was",
        " staying",
        " in",
        " my",
        " favorite",
        " city",
        ","
    ],
    "input-tokens": [
        1722,
        2582,
        355,
        314,
        5284,
        287,
        9486,
        11,
        314,
        10667,
        656,
        616,
        7541,
        290,
        7342,
        257,
        3807,
        878,
        7463,
        16039,
        13,
        357,
        40,
        550,
        257,
        1049,
        869,
        351,
        616,
        5229,
        11,
        3584,
        314,
        4601,
        340,
        547,
        2392,
        737,
        314,
        373,
        10589,
        287,
        616,
        4004,
        1748,
        11
    ],
    "target-text": " Chicago",
    "target-token": 4842,
    "rational-size": 4,
    "rational-positions": [
        6,
        12,
        43,
        44
    ],
    "rational-text": [
        " Illinois",
        " hotel",
        " favorite",
        " city"
    ],
    "rational-tokens": [
        9486,
        7541,
        4004,
        1748
    ],
    "importance-scores": [
        0.00026485545095056295,
        2.4922803277149796e-05,
        0.14405235648155212,
        1.694070717039864e-10,
        1.9493441868689843e-05,
        2.3389384296024218e-07,
        0.4094197154045105,
        7.673012447639849e-09,
        9.257366428983005e-08,
        0.051859300583601,
        2.508760871933191e-06,
        9.329063563323636e-12,
        1.3306067558005452e-05,
        3.139152582321003e-08,
        5.94733046455076e-06,
        2.970882914676842e-11,
        1.3163752328182454e-06,
        5.907924843784329e-11,
        0.0003737540391739458,
        0.0017600295832380652,
        1.469164095935227e-10,
        3.9769249005061624e-10,
        2.404640690656379e-05,
        5.0614477942190206e-08,
        5.0226350856164004e-11,
        1.984601372129191e-09,
        9.637680022933637e-07,
        3.652606395121438e-08,
        1.830416920256539e-07,
        7.121569556289842e-09,
        5.535688574198616e-11,
        6.885667062306311e-06,
        1.0433517765029432e-11,
        0.0014872162137180567,
        9.080526069737971e-05,
        8.903545676730573e-06,
        5.035603294345492e-07,
        0.19055624306201935,
        1.4982173013322608e-07,
        6.367028215423232e-13,
        3.8441038441305864e-07,
        1.4002782336319797e-05,
        2.5355664234893993e-09,
        0.20000000298023224,
        1.1697396985255182e-05,
        1.5481473880640806e-08
    ],
    "comments": {
        "created-by": "run_analogies.py",
        "args": {
            "model": "gpt2-medium",
            "cache_dir": "cache/",
            "tokenizer": "gpt2-medium",
            "data_dir": "data/analogies/gpt2/",
            "importance_results_dir": "rationalization_results/analogies/gpt2_ours",
            "device": "cuda",
            "rationalization_config": "config/aggregation.replacing_delta_prob.postag.json",
            "input_num_ratio": 1.0,
            "logfolder": "logs/analogies/gpt2_ours",
            "loglevel": 20
        },
        "time_elapsed": 119.09942936897278,
        "separate_rational": [
            [
                " Illinois",
                " hotel",
                " and",
                " favorite",
                " I"
            ],
            [
                ").",
                " Illinois",
                " soon",
                " favorite",
                " had"
            ],
            [
                " as",
                " checked",
                " asleep",
                " wish",
                " falling"
            ],
            [
                " Illinois",
                " longer",
                " favorite",
                " hotel",
                " city"
            ],
            [
                " favorite",
                " a",
                " city",
                " husband",
                " my"
            ]
        ]
    }
}