{
    "$schema": "../docs/rationalization.schema.json",
    "id": 71,
    "input-text": [
        "As",
        " soon",
        " as",
        " I",
        " arrived",
        " in",
        " Hawaii",
        ",",
        " I",
        " checked",
        " into",
        " my",
        " hotel",
        " and",
        " watched",
        " a",
        " movie",
        " before",
        " falling",
        " asleep",
        ".",
        " (",
        "I",
        " had",
        " a",
        " great",
        " call",
        " with",
        " my",
        " husband",
        ",",
        " although",
        " I",
        " wish",
        " it",
        " were",
        " longer",
        ").",
        " I",
        " was",
        " staying",
        " in",
        " my",
        " favorite",
        " city",
        ","
    ],
    "input-tokens": [
        1722,
        2582,
        355,
        314,
        5284,
        287,
        13708,
        11,
        314,
        10667,
        656,
        616,
        7541,
        290,
        7342,
        257,
        3807,
        878,
        7463,
        16039,
        13,
        357,
        40,
        550,
        257,
        1049,
        869,
        351,
        616,
        5229,
        11,
        3584,
        314,
        4601,
        340,
        547,
        2392,
        737,
        314,
        373,
        10589,
        287,
        616,
        4004,
        1748,
        11
    ],
    "target-text": " Honolulu",
    "target-token": 43296,
    "rational-size": 5,
    "rational-positions": [
        4,
        6,
        40,
        43,
        44
    ],
    "rational-text": [
        " arrived",
        " Hawaii",
        " staying",
        " favorite",
        " city"
    ],
    "rational-tokens": [
        5284,
        13708,
        10589,
        4004,
        1748
    ],
    "importance-scores": [
        8.128706302939304e-21,
        7.696386495019573e-21,
        1.2502608518046327e-18,
        8.970298154675045e-22,
        5.526691548851659e-09,
        2.712778126490363e-16,
        0.4999995827674866,
        6.549988079132452e-21,
        3.8428372921710064e-24,
        2.3688078735160685e-17,
        5.477653512481508e-29,
        1.0474696457419234e-17,
        3.0928637269008775e-15,
        5.165616366759937e-18,
        1.7042742079963e-19,
        3.3211675814826356e-27,
        0.24595995247364044,
        2.536589536123815e-21,
        4.067627386997672e-33,
        2.4752009737029165e-23,
        3.833469877070298e-26,
        2.4719877059613822e-27,
        3.267636845427093e-31,
        1.7628883075548885e-10,
        1.8999639171601168e-23,
        8.847771468321538e-26,
        4.877831926759389e-15,
        9.664023054023474e-13,
        1.0947001452077847e-28,
        1.4857900880738738e-18,
        2.947639758687538e-14,
        1.0523449655542497e-18,
        2.690298875542673e-26,
        1.900480209573289e-30,
        2.1150658945757844e-29,
        4.030129719647296e-31,
        4.776870698368918e-21,
        2.046428825008828e-11,
        1.0103170382828012e-23,
        5.858187330515924e-16,
        4.113207694445009e-07,
        1.408468553134867e-17,
        9.30766357557363e-30,
        3.688555239023117e-07,
        0.2540396451950073,
        1.0187973876772357e-22
    ],
    "comments": {
        "created-by": "run_analogies.py",
        "args": {
            "model": "gpt2-medium",
            "cache_dir": "cache/",
            "tokenizer": "gpt2-medium",
            "data_dir": "data/analogies/gpt2/",
            "importance_results_dir": "rationalization_results/analogies/gpt2_ours",
            "device": "cuda",
            "rationalization_config": "config/aggregation.replacing_delta_prob.postag.json",
            "input_num_ratio": 1.0,
            "logfolder": "logs/analogies/gpt2_ours",
            "loglevel": 20
        },
        "time_elapsed": 171.3198058605194,
        "separate_rational": [
            [
                " city",
                " favorite",
                " and",
                " I",
                " Hawaii"
            ],
            [
                " Hawaii",
                ").",
                " was",
                " hotel",
                " soon"
            ],
            [
                " Hawaii",
                " staying",
                " city",
                " arrived",
                " favorite"
            ],
            [
                " movie",
                " city",
                " favorite",
                " Hawaii",
                " arrived"
            ],
            [
                " Hawaii",
                " although",
                " city",
                " favorite",
                " staying"
            ]
        ]
    }
}