{
    "$schema": "../docs/rationalization.schema.json",
    "id": 88,
    "input-text": [
        "I",
        " knew",
        " it",
        " was",
        " long",
        ",",
        " but",
        " that",
        "'s",
        " before",
        " I",
        " saw",
        " it",
        " in",
        " person",
        ".",
        " (",
        "Just",
        " then",
        " I",
        " thought",
        " about",
        " my",
        " ex",
        "-",
        "wife",
        ",",
        " but",
        " I",
        " had",
        " to",
        " stop",
        " thinking",
        " about",
        " her",
        ").",
        " When",
        " I",
        " did",
        " end",
        " up",
        " seeing",
        " it",
        " in",
        " person",
        ",",
        " it",
        " was",
        " even"
    ],
    "input-tokens": [
        40,
        2993,
        340,
        373,
        890,
        11,
        475,
        326,
        338,
        878,
        314,
        2497,
        340,
        287,
        1048,
        13,
        357,
        5703,
        788,
        314,
        1807,
        546,
        616,
        409,
        12,
        22095,
        11,
        475,
        314,
        550,
        284,
        2245,
        3612,
        546,
        607,
        737,
        1649,
        314,
        750,
        886,
        510,
        4379,
        340,
        287,
        1048,
        11,
        340,
        373,
        772
    ],
    "target-text": " longer",
    "target-token": 2392,
    "rational-size": 4,
    "rational-positions": [
        4,
        25,
        28,
        48
    ],
    "rational-text": [
        " long",
        "wife",
        " I",
        " even"
    ],
    "rational-tokens": [
        890,
        22095,
        314,
        772
    ],
    "importance-scores": [
        1.429299789634797e-08,
        4.598083509186666e-19,
        8.192601512746478e-07,
        7.166358977593601e-13,
        2.0751891497639008e-05,
        5.388213821788668e-07,
        0.034602392464876175,
        3.58045190718137e-12,
        8.293675191062277e-10,
        5.348333234622693e-11,
        3.2974110109051935e-09,
        1.8176767035971153e-10,
        1.878743161043417e-09,
        7.190893569486434e-08,
        2.9770528726658085e-06,
        3.016662440680218e-12,
        8.043926413847657e-07,
        3.1697122704343883e-10,
        1.675143579404903e-08,
        2.5472765563527844e-10,
        1.9890200597671992e-10,
        6.850456202300848e-08,
        1.2296439422243566e-08,
        4.336659135687268e-17,
        4.055170695765886e-12,
        0.015674373134970665,
        7.656972833558484e-09,
        3.851747479993728e-13,
        0.3176513910293579,
        8.941031508918895e-13,
        6.539915974762035e-15,
        3.033361963389325e-06,
        3.3095031994889723e-06,
        5.0201554024909e-09,
        6.271988240769133e-05,
        9.568393721792745e-08,
        1.6897003544610878e-13,
        3.836700054882236e-12,
        8.092081316135591e-07,
        8.044133833703688e-15,
        7.307757243779633e-08,
        0.0036458552349358797,
        2.2066262662587266e-13,
        2.8523166051286353e-09,
        7.314771011124321e-10,
        3.9542232599387717e-08,
        2.5489487143204315e-07,
        7.679165636709229e-10,
        0.6283295154571533
    ],
    "comments": {
        "created-by": "run_analogies.py",
        "args": {
            "model": "gpt2-medium",
            "cache_dir": "cache/",
            "tokenizer": "gpt2-medium",
            "data_dir": "data/analogies/gpt2/",
            "importance_results_dir": "rationalization_results/analogies/gpt2_ours",
            "device": "cuda",
            "rationalization_config": "config/aggregation.replacing_delta_prob.postag.json",
            "input_num_ratio": 1.0,
            "logfolder": "logs/analogies/gpt2_ours",
            "loglevel": 20
        },
        "time_elapsed": 174.42587518692017,
        "separate_rational": [
            [
                " I",
                "wife",
                " thinking",
                " person",
                " it"
            ],
            [
                " long",
                " it",
                " to",
                " When",
                " up"
            ],
            [
                " even",
                " but",
                " seeing",
                " her",
                " long"
            ],
            [
                " even",
                " in",
                " long",
                " I",
                " in"
            ],
            [
                " was",
                " even",
                ".",
                " was",
                "wife"
            ]
        ]
    }
}