{
    "$schema": "../docs/rationalization.schema.json",
    "id": 91,
    "input-text": [
        "I",
        " knew",
        " it",
        " was",
        " short",
        ",",
        " but",
        " that",
        "'s",
        " before",
        " I",
        " saw",
        " it",
        " in",
        " person",
        ".",
        " (",
        "Just",
        " then",
        " I",
        " thought",
        " about",
        " my",
        " ex",
        "-",
        "wife",
        ",",
        " but",
        " I",
        " had",
        " to",
        " stop",
        " thinking",
        " about",
        " her",
        ").",
        " When",
        " I",
        " did",
        " end",
        " up",
        " seeing",
        " it",
        " in",
        " person",
        ",",
        " it",
        " was",
        " even"
    ],
    "input-tokens": [
        40,
        2993,
        340,
        373,
        1790,
        11,
        475,
        326,
        338,
        878,
        314,
        2497,
        340,
        287,
        1048,
        13,
        357,
        5703,
        788,
        314,
        1807,
        546,
        616,
        409,
        12,
        22095,
        11,
        475,
        314,
        550,
        284,
        2245,
        3612,
        546,
        607,
        737,
        1649,
        314,
        750,
        886,
        510,
        4379,
        340,
        287,
        1048,
        11,
        340,
        373,
        772
    ],
    "target-text": " shorter",
    "target-token": 12238,
    "rational-size": 6,
    "rational-positions": [
        2,
        3,
        4,
        8,
        47,
        48
    ],
    "rational-text": [
        " it",
        " was",
        " short",
        "'s",
        " was",
        " even"
    ],
    "rational-tokens": [
        340,
        373,
        1790,
        338,
        373,
        772
    ],
    "importance-scores": [
        6.400612912216657e-23,
        2.2770752699038004e-33,
        0.00015730448649264872,
        0.22612819075584412,
        0.23943519592285156,
        3.836049544675008e-27,
        4.743550604396907e-12,
        3.839821000332142e-19,
        5.408741799328709e-06,
        1.6531262048106615e-27,
        6.663978524557024e-07,
        5.483353138750171e-20,
        7.968885182669581e-28,
        0.24995310604572296,
        1.2564753645154551e-24,
        9.239358323887755e-26,
        2.976609484759168e-23,
        2.7724908831940663e-30,
        6.052927219581282e-19,
        1.277282757648691e-28,
        4.684798623794291e-14,
        2.329653572891698e-24,
        1.9667820766630194e-22,
        9.103308591347771e-17,
        8.641981081875121e-20,
        5.223416057080605e-24,
        5.9052064462023355e-21,
        2.287614098150925e-09,
        3.269028990917459e-25,
        6.615298857749058e-14,
        7.291394440404863e-18,
        1.3555840113683754e-15,
        1.1784645731647504e-19,
        3.189798495022015e-16,
        6.758624496732367e-22,
        1.5972796417033635e-17,
        7.443985606055378e-17,
        3.7341232664172314e-23,
        1.0108330719493985e-17,
        6.202414108741783e-16,
        2.7317662347783613e-20,
        2.084492856102571e-10,
        8.651293429512454e-18,
        3.287366255946833e-12,
        2.276061449330388e-20,
        7.386761868843905e-09,
        9.94109427665535e-07,
        0.033209554851055145,
        0.2511095702648163
    ],
    "comments": {
        "created-by": "run_analogies.py",
        "args": {
            "model": "gpt2-medium",
            "cache_dir": "cache/",
            "tokenizer": "gpt2-medium",
            "data_dir": "data/analogies/gpt2/",
            "importance_results_dir": "rationalization_results/analogies/gpt2_ours",
            "device": "cuda",
            "rationalization_config": "config/aggregation.replacing_delta_prob.postag.json",
            "input_num_ratio": 1.0,
            "logfolder": "logs/analogies/gpt2_ours",
            "loglevel": 20
        },
        "time_elapsed": 174.8743200302124,
        "separate_rational": [
            [
                " in",
                " even",
                " short",
                " it",
                " was"
            ],
            [
                " even",
                " it",
                " seeing",
                " it",
                " was"
            ],
            [
                " was",
                " was",
                " even",
                " it",
                " short"
            ],
            [
                " short",
                " was",
                " even",
                " it",
                "'s"
            ],
            [
                " even",
                " short",
                "'s",
                " but",
                " in"
            ]
        ]
    }
}