target_pos,target_token,norm_suff,random_suff,norm_comp,random_comp
45, Because,0.0,0.022892583161592484,0.6943792700767517,0.006020293105393648
47, was,0.0,0.0,0.005239354912191629,0.003958642948418856
49, out,0.0634961649775505,0.0,0.7068685293197632,0.002483118325471878
51,"
",0.0,0.03884648159146309,0.004865716677159071,0.003978819120675325
53,'m,0.003836904652416706,0.0,0.0016390319215133786,0.0024449529591947794
