target_pos,target_token,norm_suff,random_suff,norm_comp,random_comp
45,"
",0.0,0.0,0.006524961441755295,0.007228641305118799
47,The,0.0,0.01965888775885105,0.013252549804747105,0.011324618943035603
49, asked,0.0,0.011074339970946312,1.0,0.0114422757178545
51, kid,0.0010436346055939794,0.0,0.04081687331199646,0.01015823520720005
53," """,0.0,0.0,0.007624537218362093,0.0032946832943707705
