norm_suff_mean,random_suff_mean,norm_comp_mean,random_comp_mean,final suff,final comp,target_tokens
0.013466614298522472,0.0123478127643466,0.2825983762741089,0.0037771654315292835,1.0906072854995728,0.2804836630821228," Because$ was$ out$
$'m"
