norm_suff_mean,random_suff_mean,norm_comp_mean,random_comp_mean,final suff,final comp,target_tokens
0.00020872692402917892,0.00614664563909173,0.21364378929138184,0.008689691312611103,0.03395785763859749,41.631866455078125,"
$The$ asked$ kid$ """
