target_pos,target_token,norm_suff,random_suff,norm_comp,random_comp
50, Because,0.03141999989748001,0.06802059710025787,0.7200083136558533,0.006176778580993414
52, was,0.0,0.0,0.007908728905022144,0.009215003810822964
54,.,0.04850688576698303,0.0,0.004651499912142754,0.008184135891497135
56,I,0.05736597627401352,0.0,0.01617085002362728,0.005205079913139343
58, sorry,0.03554626554250717,0.019411737099289894,0.016719289124011993,0.005204269662499428
