target_pos,target_token,norm_suff,random_suff,norm_comp,random_comp
50,"
",0.0,0.0163042601197958,0.003437218489125371,0.003329245140776038
52, she,0.0,0.0,0.003409384749829769,0.002385793486610055
54, you,0.03722468018531799,0.0,0.9523504972457886,0.0008649169467389584
56, present,0.033370476216077805,0.0037571508437395096,0.16359496116638184,0.004237964283674955
58,"
",0.0,0.0,0.0017693903064355254,0.0018279931973665953
