norm_suff_mean,random_suff_mean,norm_comp_mean,random_comp_mean,final suff,final comp,target_tokens
0.034567829221487045,0.017486466094851494,0.15309172868728638,0.006797053851187229,1.9768333435058594,0.19662946462631226, Because$ was$.$I$ sorry
