norm_suff_mean,random_suff_mean,norm_comp_mean,random_comp_mean,final suff,final comp,target_tokens
0.014119031839072704,0.004012282472103834,0.22491228580474854,0.002529182704165578,3.5189526081085205,0.1791328638792038,"
$ she$ you$ present$
"
