target_pos,target_token,norm_suff,random_suff,norm_comp,random_comp
76,"
",0.0,0.0,0.006513301283121109,0.011295654810965061
78,I,0.0,0.0,0.00752184446901083,0.00534947169944644
80, shopping,0.0,0.0037418850697577,0.019545190036296844,0.0031350161880254745
82, an,0.045307695865631104,0.04156103730201721,0.8703969717025757,0.001006135600619018
84, mall,0.00016490829875692725,0.0,0.010439409874379635,0.000398733391193673
