target_pos,target_token,norm_suff,random_suff,norm_comp,random_comp
76,"
",0.046334318816661835,0.04760340228676796,0.0032758943270891905,0.003184678964316845
78,'m,0.0,0.012246385216712952,0.002118217758834362,0.0033674261067062616
80, to,0.0005219323793426156,0.0,0.0019418008159846067,0.0026673267129808664
82, that,0.009836453013122082,0.0,0.12401026487350464,0.0007408286910504103
84, I,0.0,0.0,0.0018028086051344872,0.0020802754443138838
