norm_suff_mean,random_suff_mean,norm_comp_mean,random_comp_mean,final suff,final comp,target_tokens
0.01133854128420353,0.011969957500696182,0.026629796251654625,0.002408107277005911,0.9472499489784241,0.2123824656009674,"
$'m$ to$ that$ I"
