norm_suff_mean,random_suff_mean,norm_comp_mean,random_comp_mean,final suff,final comp,target_tokens
0.009094520471990108,0.00906058494001627,0.1828833520412445,0.004237002693116665,1.003745436668396,0.4658852219581604,"
$I$ shopping$ an$ mall"
