target_pos,target_token,norm_suff,random_suff,norm_comp,random_comp
52,"
",0.0,0.0,0.009134415537118912,0.009659125469624996
54,M,0.036224495619535446,0.002400903031229973,0.01635541021823883,0.005086407996714115
56,ie,0.00045019618119113147,0.0,0.11370682716369629,0.00010865825606742874
58, drinking,0.03879442811012268,0.0,1.0245193243026733,0.006009076256304979
60, green,0.0018655747408047318,0.0,0.9588087201118469,0.0008568951743654907
