target_pos,target_token,norm_suff,random_suff,norm_comp,random_comp
52, She,0.0,0.0,0.008731454610824585,0.010427557863295078
54,'t,0.005513546522706747,0.0,0.0190905649214983,0.0028910001274198294
56,.,0.0,0.0,0.004273595288395882,0.005153966136276722
58, was,0.0,0.0019450306426733732,0.007057487964630127,0.007393469102680683
60, thirsty,0.0,0.008784813806414604,1.0,0.006598117295652628
