norm_suff_mean,random_suff_mean,norm_comp_mean,random_comp_mean,final suff,final comp,target_tokens
0.015466938726603985,0.00048018060624599457,0.42450496554374695,0.004344032611697912,32.210670471191406,0.28085923194885254,"
$M$ie$ drinking$ green"
