norm_suff_mean,random_suff_mean,norm_comp_mean,random_comp_mean,final suff,final comp,target_tokens
0.0011027093278244138,0.0021459690760821104,0.20783062279224396,0.006492821965366602,0.5138514637947083,5.888062953948975, She$'t$.$ was$ thirsty
