target_pos,target_token,norm_suff,random_suff,norm_comp,random_comp
48, She,0.0,0.0,0.015934262424707413,0.017285756766796112
50,'t,0.024225452914834023,0.0,0.020329203456640244,0.007026772014796734
52,.,0.0,0.005612583830952644,0.009793157689273357,0.00713380379602313
54, walked,0.013484375551342964,0.004842298571020365,0.9650304317474365,0.00785251148045063
56, to,0.08654753118753433,0.08484036475419998,0.005853714421391487,0.0035613931249827147
