target_pos,target_token,norm_suff,random_suff,norm_comp,random_comp
48,"
",0.0,0.0,0.007970165461301804,0.0045301965437829494
50,Su,0.32564106583595276,0.02235940843820572,0.024572281166911125,0.0037312416825443506
52, lived,0.019658906385302544,0.0,0.7242823839187622,0.0036705699749290943
54, the,0.0,0.0,0.0010667263995856047,0.0006700397934764624
56, from,0.01061267964541912,0.0,0.12851721048355103,0.0028520519845187664
