norm_suff_mean,random_suff_mean,norm_comp_mean,random_comp_mean,final suff,final comp,target_tokens
0.024851471185684204,0.01905905082821846,0.20338816940784454,0.008572048507630825,1.3039196729660034,0.3449312150478363, She$'t$.$ walked$ to
