norm_suff_mean,random_suff_mean,norm_comp_mean,random_comp_mean,final suff,final comp,target_tokens
0.07118252664804459,0.004471881780773401,0.17728176712989807,0.0030908200424164534,15.917801856994629,0.043421048671007156,"
$Su$ lived$ the$ from"
