target_pos,target_token,norm_suff,random_suff,norm_comp,random_comp
47,"
",0.030151110142469406,0.0,0.014176621101796627,0.005387857556343079
49,He,0.029417013749480247,0.025838451460003853,0.024698477238416672,0.003489450318738818
51, afraid,0.0,0.04044117406010628,1.0,0.006766618695110083
53, his,0.01223624125123024,0.0,0.006918027997016907,0.011715047061443329
55,.,0.0,0.0030656810849905014,0.00580210518091917,0.004573829006403685
