target_pos,target_token,norm_suff,random_suff,norm_comp,random_comp
47, Because,0.0,0.0016261859564110637,0.714801013469696,0.007090761326253414
49, was,0.0,0.008157568983733654,0.007612911053001881,0.00724693713709712
51, of,0.053369492292404175,0.0,0.016273459419608116,0.006223971489816904
53, a,0.0,0.0,0.014170583337545395,0.01690813899040222
55, bum,0.0,0.0,1.0,0.013324892148375511
