norm_suff_mean,random_suff_mean,norm_comp_mean,random_comp_mean,final suff,final comp,target_tokens
0.014360872097313404,0.013869062066078186,0.21031907200813293,0.0063865608535707,1.0354609489440918,0.4447195827960968,"
$He$ afraid$ his$."
