norm_suff_mean,random_suff_mean,norm_comp_mean,random_comp_mean,final suff,final comp,target_tokens
0.01067389827221632,0.0019567511044442654,0.3505716025829315,0.010158940218389034,5.45490837097168,0.9517554044723511, Because$ was$ of$ a$ bum
