target_pos,target_token,norm_suff,random_suff,norm_comp,random_comp
58, I,0.053580667823553085,0.04905848577618599,0.007581776473671198,0.004362369887530804
60,'t,0.0,0.0,0.00105369056109339,0.0007717049447819591
62,.,0.0,0.0,0.0066958703100681305,0.005019444972276688
64, just,0.0,0.0,1.0,0.008836052380502224
66, to,0.05399686098098755,0.0,0.00500194076448679,0.005319590214639902
