target_pos,target_token,norm_suff,random_suff,norm_comp,random_comp
58, I,0.0,0.0,0.004704647231847048,0.0052713267505168915
60, to,0.0,0.0,0.001994903665035963,0.0029323038179427385
62, a,0.0,0.0042644161731004715,0.05246313661336899,0.005214938428252935
64,.,0.0,0.0025597962085157633,0.003197839017957449,0.0022616740316152573
66,"
",0.0,0.0,0.005724181886762381,0.010923834517598152
