norm_suff_mean,random_suff_mean,norm_comp_mean,random_comp_mean,final suff,final comp,target_tokens
0.021515507251024246,0.009811697527766228,0.204066663980484,0.004861832596361637,2.192842483520508,0.22596876323223114, I$'t$.$ just$ to
