target_pos,target_token,norm_suff,random_suff,norm_comp,random_comp
52, Because,0.0,0.06419853121042252,0.02225029282271862,0.009380176663398743
54, loved,0.003234151052311063,0.020111896097660065,0.4952965974807739,0.013888663612306118
56,.,0.04638221487402916,0.023982949554920197,0.008108745329082012,0.003947616089135408
58,"
",0.5098742842674255,0.006936689838767052,0.045123856514692307,0.0035810323897749186
60, loved,0.0,0.0,0.05695946142077446,0.008835295215249062
