norm_suff_mean,random_suff_mean,norm_comp_mean,random_comp_mean,final suff,final comp,target_tokens
0.11189812421798706,0.023046014830470085,0.12554779648780823,0.007926556281745434,4.855422019958496,0.07083725929260254," Because$ loved$.$
$ loved"
