target_pos,target_token,norm_suff,random_suff,norm_comp,random_comp
69, She,0.0,0.0,0.011952211149036884,0.00917041301727295
71, hungry,0.0,0.0,1.0,0.010639417916536331
73, She,0.0,0.0,0.009000062942504883,0.005314961541444063
75, not,0.061643704771995544,0.0820857435464859,0.01017592754215002,0.012149442918598652
77, since,0.02563305012881756,0.03505609557032585,0.09116515517234802,0.0033586453646421432
