norm_suff_mean,random_suff_mean,norm_comp_mean,random_comp_mean,final suff,final comp,target_tokens
0.01745535247027874,0.02342836931347847,0.22445867955684662,0.0081265764310956,0.7450519800186157,0.4655635952949524, She$ hungry$ She$ not$ since
