target_pos,target_token,norm_suff,random_suff,norm_comp,random_comp
63,"
",0.007018615026026964,0.0791432335972786,0.007376260124146938,0.0068599758669734
65,S,0.25117528438568115,0.0,0.09750939160585403,0.011326340958476067
67,tha,0.003360701957717538,0.0,0.9836477041244507,0.00023634734679944813
69, to,0.0,0.0,0.0016469373367726803,0.0008233500993810594
71, out,0.00503626000136137,0.0029942805413156748,0.0030127873178571463,0.0014340321067720652
