norm_suff_mean,random_suff_mean,norm_comp_mean,random_comp_mean,final suff,final comp,target_tokens
0.053318168967962265,0.016427503898739815,0.218638613820076,0.004136009141802788,3.245664596557617,0.07757222652435303,"
$S$tha$ to$ out"
