target_pos,target_token,norm_suff,random_suff,norm_comp,random_comp
56, Because,0.03185052424669266,0.0010481737554073334,0.6265376210212708,0.007766475901007652
58, wanted,0.009787973947823048,0.0036593712866306305,0.2416181117296219,0.005378894042223692
60, to,0.022539997473359108,0.0,0.0014119286788627505,0.0015940727898851037
62, ahead,0.0,0.0,0.04606243222951889,0.006188509054481983
64,"
",0.18070518970489502,0.0,0.0060986243188381195,0.0054915901273489
