norm_suff_mean,random_suff_mean,norm_comp_mean,random_comp_mean,final suff,final comp,target_tokens
0.04897673800587654,0.0009415090316906571,0.18434575200080872,0.005283908452838659,52.01940155029297,0.10788608342409134," Because$ wanted$ to$ ahead$
"
