target_pos,target_token,norm_suff,random_suff,norm_comp,random_comp
54, Because,0.05778023600578308,0.0,0.5492223501205444,0.010369217954576015
56, was,0.0,0.00555817736312747,0.007241880055516958,0.00690615177154541
58, black,0.0719154104590416,0.055326394736766815,0.0896105170249939,0.007623620796948671
60, with,0.0,0.01587698794901371,0.062365151941776276,0.008540982380509377
62, friend,0.0,0.0,0.05075332149863243,0.011778990738093853
