target_pos,target_token,norm_suff,random_suff,norm_comp,random_comp
54,"
",0.0,0.0044933706521987915,0.007927358150482178,0.006513135973364115
56,Answer,0.0,0.003165308153256774,1.0,0.017212923616170883
58,"
",0.0,0.00451342947781086,0.005473624914884567,0.005077358800917864
60,Jon,0.05028507113456726,0.0,0.01772630587220192,0.010757174342870712
62, to,0.0,0.002267313888296485,0.0013920298079028726,0.0014193453826010227
