norm_suff_mean,random_suff_mean,norm_comp_mean,random_comp_mean,final suff,final comp,target_tokens
0.025939131155610085,0.015352311544120312,0.15183864533901215,0.009043793193995953,1.6895912885665894,0.34865444898605347, Because$ was$ black$ with$ friend
