norm_suff_mean,random_suff_mean,norm_comp_mean,random_comp_mean,final suff,final comp,target_tokens
0.010057014413177967,0.002887884620577097,0.20650386810302734,0.008195987902581692,3.482484817504883,0.8149523735046387,"
$Answer$
$Jon$ to"
