target_pos,target_token,norm_suff,random_suff,norm_comp,random_comp
68, Mary,0.09294770658016205,0.0,0.013266688212752342,0.007219178602099419
70, about,0.06456438452005386,0.15300311148166656,0.8965750336647034,0.0033398198429495096
72, for,0.0482330285012722,0.09353212267160416,0.1516425907611847,0.004260563291609287
74, long,0.0030926885083317757,0.0008713415008969605,0.005787717644125223,0.006083149928599596
76,.,0.029923908412456512,0.07342507690191269,0.004749748855829239,0.0028260990511626005
