norm_suff_mean,random_suff_mean,norm_comp_mean,random_comp_mean,final suff,final comp,target_tokens
0.047752346843481064,0.06416632980108261,0.2144043743610382,0.004745762329548597,0.7441962957382202,0.09938281029462814, Mary$ about$ for$ long$.
