target_pos,target_token,norm_suff,random_suff,norm_comp,random_comp
57,"
",0.03934852033853531,0.0,0.016183368861675262,0.026836179196834564
59,Matt,0.32746973633766174,0.011287698522210121,0.07285837084054947,0.015325326472520828
61, Sarah,0.0017865499248728156,0.0,0.8329773545265198,0.0017103396821767092
63, to,0.02374948002398014,0.0,0.011193335056304932,0.005859141703695059
65, their,0.005681993439793587,0.0,0.6584603190422058,0.006063053384423256
