norm_suff_mean,random_suff_mean,norm_comp_mean,random_comp_mean,final suff,final comp,target_tokens
0.07960725575685501,0.0022575396578758955,0.31833454966545105,0.011158808134496212,35.26283645629883,0.14017325639724731,"
$Matt$ Sarah$ to$ their"
