target_pos,target_token,norm_suff,random_suff,norm_comp,random_comp
55,	,0.0,0.06106186658143997,0.03876832500100136,0.011748835444450378
57, she,0.0,0.0,0.013325040228664875,0.010077071376144886
59, to,0.009486512281000614,0.012517071329057217,0.004404889419674873,0.001272277208045125
61,"
",0.005542459432035685,0.12508632242679596,0.011477167718112469,0.007599234580993652
63,What,0.0,0.0,1.0,0.031231092289090157
