norm_suff_mean,random_suff_mean,norm_comp_mean,random_comp_mean,final suff,final comp,target_tokens
0.003005794482305646,0.039733052253723145,0.21359507739543915,0.012385701760649681,0.07564972341060638,4.120608329772949,"	$ she$ to$
$What"
