target_pos,target_token,norm_suff,random_suff,norm_comp,random_comp
44, She,0.0,0.0,0.013899042271077633,0.009749890305101871
46,'t,0.002060829196125269,0.0,0.019211899489164352,0.021371394395828247
48,.,0.0,0.0,0.00959507841616869,0.008220840245485306
50, just,0.0,0.005800595972687006,1.0,0.005750094540417194
52,.,0.05695336312055588,0.008856147527694702,0.005595346912741661,0.009000027552247047
