norm_suff_mean,random_suff_mean,norm_comp_mean,random_comp_mean,final suff,final comp,target_tokens
0.011802839115262032,0.0029313487466424704,0.20966027677059174,0.010818449780344963,4.026419162750244,0.9165972471237183, She$'t$.$ just$.
