target_pos,target_token,norm_suff,random_suff,norm_comp,random_comp
57,"
",0.0,0.0,0.005449856165796518,0.003908689599484205
59,A,0.0,0.01872640661895275,0.006069432478398085,0.003966622985899448
61, He,0.003136194311082363,0.0,0.00429482851177454,0.007536263205111027
63, to,0.0,0.0,0.002236895961686969,0.0016169288428500295
65, with,0.0,0.0,0.05409080162644386,0.006086462642997503
