norm_suff_mean,random_suff_mean,norm_comp_mean,random_comp_mean,final suff,final comp,target_tokens
0.000627238885499537,0.003745281370356679,0.014428362250328064,0.004622993525117636,0.1674744337797165,7.370387077331543,"
$A$ He$ to$ with"
