target_pos,target_token,norm_suff,random_suff,norm_comp,random_comp
51,"
",0.001168157090432942,0.02749968320131302,0.005033050198107958,0.00529033737257123
53,A,0.0,0.0100245987996459,0.005770595744252205,0.004046700894832611
55, To,0.018941113725304604,0.0,0.03618653118610382,0.0033101309090852737
57, more,0.0,0.0,0.03314804658293724,0.004786074161529541
59,.,0.0,0.0,0.005364524200558662,0.0074391113594174385
