target_pos,target_token,norm_suff,random_suff,norm_comp,random_comp
51, Because,0.02996937371790409,0.0,0.688428521156311,0.006079480517655611
53, wanted,0.03385402262210846,0.0,0.0766543373465538,0.005224225576967001
55, paint,0.014408037066459656,0.0,0.2212677001953125,0.004710007458925247
57, bedroom,0.004301393870264292,0.0,0.11586311459541321,0.009524757042527199
59,.,0.0,0.01144194882363081,0.010224629193544388,0.010490615852177143
