norm_suff_mean,random_suff_mean,norm_comp_mean,random_comp_mean,final suff,final comp,target_tokens
0.016506565734744072,0.0022883897181600332,0.222487673163414,0.007205817382782698,7.213179588317871,0.43654248118400574, Because$ wanted$ paint$ bedroom$.
