norm_suff_mean,random_suff_mean,norm_comp_mean,random_comp_mean,final suff,final comp,target_tokens
0.004021854605525732,0.007504856679588556,0.01710055023431778,0.004974470939487219,0.5359002351760864,1.236859917640686,"
$A$ To$ more$."
