target_pos,target_token,norm_suff,random_suff,norm_comp,random_comp
64, She,0.054432179778814316,0.0,0.010928252711892128,0.01660683937370777
66,'t,0.0,0.0009109186939895153,0.010142597369849682,0.01684219390153885
68,.,0.0,0.0,0.009092462249100208,0.004346142988651991
70, just,0.08398818224668503,0.011634969152510166,1.0045748949050903,0.0060475729405879974
72,.,0.03592316806316376,0.0,0.001527815475128591,0.009601788595318794
