target_pos,target_token,norm_suff,random_suff,norm_comp,random_comp
64,"
",0.025615006685256958,0.0,0.01488245278596878,0.005113646853715181
66,Ann,0.037599001079797745,0.0,0.015576145611703396,0.005888982675969601
68, so,0.0,0.0,1.0,0.005223787855356932
70, she,0.040267616510391235,0.00026197891565971076,0.09804658591747284,0.001740668318234384
72, three,0.03293067589402199,0.0,0.8171183466911316,0.0024410143960267305
