norm_suff_mean,random_suff_mean,norm_comp_mean,random_comp_mean,final suff,final comp,target_tokens
0.027282459661364555,5.239578240434639e-05,0.38912469148635864,0.004081620369106531,520.6995239257812,0.14960601925849915,"
$Ann$ so$ she$ three"
