norm_suff_mean,random_suff_mean,norm_comp_mean,random_comp_mean,final suff,final comp,target_tokens
0.03486870601773262,0.00250917742960155,0.20725320279598236,0.010688907466828823,13.896469116210938,0.30654728412628174, She$'t$.$ just$.
