target_pos,target_token,norm_suff,random_suff,norm_comp,random_comp
52,"
",0.0,0.0,0.005280531011521816,0.005309303756803274
54,Jul,0.017459837719798088,0.0,0.010155250318348408,0.0034976424649357796
56, was,0.0,0.0,0.04185548797249794,0.002664142055436969
58, the,0.0,0.0,0.0007330853841267526,0.00045678712194785476
60, with,0.10409776121377945,0.0,0.502905011177063,0.002601440530270338
