target_pos,target_token,norm_suff,random_suff,norm_comp,random_comp
52, She,0.01523734163492918,0.04240584373474121,0.008685599081218243,0.005212257616221905
54, going,0.0,0.0,1.0,0.009162701666355133
56, the,0.012857111170887947,0.05709864944219589,0.010231113992631435,0.01522634457796812
58, to,0.04752514883875847,0.015005729161202908,0.02417999505996704,0.002949787536635995
60, married,0.01617034338414669,0.0064982580952346325,0.6906339526176453,0.006629433017224073
