norm_suff_mean,random_suff_mean,norm_comp_mean,random_comp_mean,final suff,final comp,target_tokens
0.01835799030959606,0.02420169673860073,0.34674614667892456,0.007836105301976204,0.758541464805603,0.4268498420715332, She$ going$ the$ to$ married
