target_pos,target_token,norm_suff,random_suff,norm_comp,random_comp
57, I,0.05498022958636284,0.07321274280548096,0.00554290134459734,0.007578328251838684
59,'t,0.003244975348934531,0.006746476516127586,0.07744504511356354,0.013091051019728184
61,.,0.023738423362374306,0.18968535959720612,0.003711416618898511,0.003577522002160549
63, just,0.0,0.0,1.0,0.005096029490232468
65, them,0.0,0.016917027533054352,0.00660530524328351,0.005146789830178022
