target_pos,target_token,norm_suff,random_suff,norm_comp,random_comp
57, I,0.0,0.04607127606868744,0.003074350766837597,0.003997353371232748
59, a,0.0,0.0,0.004721440374851227,0.01100569311529398
61,.,0.0,0.0104896929115057,0.002988563384860754,0.00356720807030797
63, didn,0.05585653707385063,0.0,0.03876335546374321,0.006879676599055529
65, know,0.0035014329478144646,0.0,0.19194522500038147,0.0017516589723527431
