norm_suff_mean,random_suff_mean,norm_comp_mean,random_comp_mean,final suff,final comp,target_tokens
0.01187159400433302,0.011312194168567657,0.048298586159944534,0.005440318025648594,1.0494509935379028,0.45826348662376404, I$ a$.$ didn$ know
