norm_suff_mean,random_suff_mean,norm_comp_mean,random_comp_mean,final suff,final comp,target_tokens
0.016392726451158524,0.05731232091784477,0.21866095066070557,0.006897944491356611,0.2860244810581207,0.42079299688339233, I$'t$.$ just$ them
