target_pos,target_token,norm_suff,random_suff,norm_comp,random_comp
49,"
",0.0,0.02248748019337654,0.007558559533208609,0.006331974640488625
51,Chris,0.33684998750686646,0.0,0.012062621302902699,0.005449989344924688
53, struggling,0.004776471760123968,0.0,0.4945547580718994,0.004552333615720272
55, English,0.0,0.0,0.04587966203689575,0.0010396428406238556
57,.,0.0,0.0,0.0011679277522489429,0.0011885551502928138
