target_pos,target_token,norm_suff,random_suff,norm_comp,random_comp
49, Chris,0.0,0.06757523119449615,0.014492802321910858,0.00817260704934597
51, happy,0.017277555540204048,0.0,0.9184402823448181,0.0097348066046834
53, he,0.0,0.0,0.011792834848165512,0.004759012255817652
55, learning,0.0,0.0,1.0,0.00719089712947607
57,.,0.0,0.0,0.012060988694429398,0.006946819834411144
