norm_suff_mean,random_suff_mean,norm_comp_mean,random_comp_mean,final suff,final comp,target_tokens
0.06832529604434967,0.004497495945543051,0.11224470287561417,0.0037124992813915014,15.191852569580078,0.05433565005660057,"
$Chris$ struggling$ English$."
