norm_suff_mean,random_suff_mean,norm_comp_mean,random_comp_mean,final suff,final comp,target_tokens
0.003455511061474681,0.013515046797692776,0.3913573920726776,0.007360828574746847,0.25567880272865295,2.1301708221435547, Chris$ happy$ he$ learning$.
