target_pos,target_token,norm_suff,random_suff,norm_comp,random_comp
60, Because,0.10464701056480408,0.0,0.040909938514232635,0.007705998606979847
62, was,0.007699038367718458,0.01279173232614994,0.004651223309338093,0.004957335535436869
64, ge,0.07140012830495834,0.0,0.8513209223747253,0.013289103284478188
66,.,0.0,0.0,0.014048176817595959,0.004784338176250458
68,"
",0.27238839864730835,0.0,0.014735398814082146,0.00966049823909998
