target_pos,target_token,norm_suff,random_suff,norm_comp,random_comp
60,"
",0.0,0.0,0.0050577386282384396,0.008311470970511436
62,Tim,0.22503454983234406,0.0,0.016049806028604507,0.0038781051989644766
64, to,0.0,0.0,0.00027569482335820794,0.0009330084430985153
66, ge,0.0,0.003031694795936346,0.053300030529499054,0.0030750043224543333
68,.,0.0,0.0,0.011957819573581219,0.0060626366175711155
