norm_suff_mean,random_suff_mean,norm_comp_mean,random_comp_mean,final suff,final comp,target_tokens
0.04500691220164299,0.0006063389591872692,0.01732821762561798,0.004452045541256666,74.22731018066406,0.09891915321350098,"
$Tim$ to$ ge$."
