norm_suff_mean,random_suff_mean,norm_comp_mean,random_comp_mean,final suff,final comp,target_tokens
0.09122692048549652,0.0025583466049283743,0.18513312935829163,0.00807945430278778,35.658546447753906,0.08856436610221863," Because$ was$ ge$.$
"
