target_pos,target_token,norm_suff,random_suff,norm_comp,random_comp
54,"
",0.0,0.0,0.008440369740128517,0.0041438438929617405
56,Tim,0.3199673891067505,0.0067915706895291805,0.01162315346300602,0.008780127391219139
58, Stan,0.0005730322445742786,0.0,0.42999500036239624,0.0009896416449919343
60, in,0.0,0.0,0.0011101257987320423,0.0007955750334076583
62, ice,0.007836204022169113,0.0,0.545524537563324,0.0005759468185715377
