target_pos,target_token,norm_suff,random_suff,norm_comp,random_comp
54,"
",0.13885372877120972,0.0,0.006244629621505737,0.010092105716466904
56,Tim,0.05890484154224396,0.0,0.054948095232248306,0.006390683818608522
58, Stan,0.0013143818359822035,0.002694559283554554,0.04904068633913994,0.0035405524540692568
60, in,0.012363556772470474,0.0,0.09014347940683365,0.0019135178299620748
62, ice,0.0016085138777270913,0.0,0.05788484588265419,0.0004748317296616733
