norm_suff_mean,random_suff_mean,norm_comp_mean,random_comp_mean,final suff,final comp,target_tokens
0.04260900616645813,0.0005389118450693786,0.05165234953165054,0.004482338670641184,79.06488800048828,0.10519697517156601,"
$Tim$ Stan$ in$ ice"
