norm_suff_mean,random_suff_mean,norm_comp_mean,random_comp_mean,final suff,final comp,target_tokens
0.06567532569169998,0.0013583141844719648,0.1993386447429657,0.0030570270027965307,48.350616455078125,0.04654757305979729,"
$Tim$ Stan$ in$ ice"
