target_pos,target_token,norm_suff,random_suff,norm_comp,random_comp
65, Because,0.19079653918743134,0.03632179647684097,0.5418721437454224,0.01547139510512352
67, were,0.0,0.0,0.004768602084368467,0.006433738861232996
69, of,0.0,0.0,0.012800326570868492,0.006351446732878685
71, foreigners,0.0,0.0,0.16342946887016296,0.02035524696111679
73,"
",0.05529853701591492,0.09197012335062027,0.009005464613437653,0.006833794992417097
