target_pos,target_token,norm_suff,random_suff,norm_comp,random_comp
65,"
",0.05271415412425995,0.0,0.005354332737624645,0.008607986383140087
67, were,0.0007834206917323172,0.0,0.003934951964765787,0.002489362843334675
69, of,0.0,0.0079828891903162,0.02940285950899124,0.001926344819366932
71, barbar,0.0,0.0,1.0,0.010770686902105808
73,.,0.0,0.0033752310555428267,0.00690927729010582,0.0043276408687233925
