norm_suff_mean,random_suff_mean,norm_comp_mean,random_comp_mean,final suff,final comp,target_tokens
0.010699515230953693,0.0022716240491718054,0.2091202735900879,0.005624404642730951,4.710072994232178,0.5256690979003906,"
$ were$ of$ barbar$."
