norm_suff_mean,random_suff_mean,norm_comp_mean,random_comp_mean,final suff,final comp,target_tokens
0.04921901598572731,0.02565838396549225,0.14637520909309387,0.011089124716818333,1.9182430505752563,0.22530163824558258," Because$ were$ of$ foreigners$
"
