norm_suff_mean,random_suff_mean,norm_comp_mean,random_comp_mean,final suff,final comp,target_tokens
0.003113079583272338,0.002173883141949773,0.014121780171990395,0.006486967206001282,1.432036280632019,2.083778142929077, She$ going$ the$ to$ her
