target_pos,target_token,norm_suff,random_suff,norm_comp,random_comp
68, She,0.004340466111898422,0.0,0.005754720885306597,0.005388266406953335
70, to,0.002162977121770382,0.00405528862029314,0.009060095064342022,0.004790261387825012
72, a,0.01394722331315279,0.0028224538546055555,0.020129311829805374,0.006265518255531788
74, meal,0.01246807910501957,0.001234523137100041,0.011416483670473099,0.006542550399899483
76, her,0.004585100803524256,0.0003750861797016114,0.006202138029038906,0.004231610801070929
