norm_suff_mean,random_suff_mean,norm_comp_mean,random_comp_mean,final suff,final comp,target_tokens
0.007500769104808569,0.001697470317594707,0.010512550361454487,0.005443641450256109,4.418792724609375,0.7257444262504578, She$ to$ a$ meal$ her
