target_pos,target_token,norm_suff,random_suff,norm_comp,random_comp
62, She,0.0,0.0016243940917775035,0.012605489231646061,0.0070962016470730305
64, to,0.0,0.0009446240146644413,0.00554094510152936,0.001790278241969645
66, out,0.007700724061578512,0.00036611236282624304,0.007577587850391865,0.004633065313100815
68, cheer,0.0026509573217481375,0.0,0.025771353393793106,0.0027922806330025196
70,.,0.0,0.007210388779640198,0.005623951088637114,0.009586270898580551
