norm_suff_mean,random_suff_mean,norm_comp_mean,random_comp_mean,final suff,final comp,target_tokens
0.0033665094524621964,0.005250995513051748,0.024301843717694283,0.007492914795875549,0.6411183476448059,2.225722074508667," Mary$ a$ bow$,$ Steve"
