target_pos,target_token,norm_suff,random_suff,norm_comp,random_comp
54, She,0.0,0.00779517088085413,0.33881109952926636,0.021936099976301193
56, a,0.007919088006019592,0.0,0.02504066936671734,0.01102713868021965
58, bit,0.0009574832511134446,0.0,0.025086458772420883,0.01148304808884859
60, a,0.0,0.0,0.006859124172478914,0.002084308536723256
62,oy,0.00029805899248458445,0.0,0.0013345343759283423,0.0014503715792670846
