norm_suff_mean,random_suff_mean,norm_comp_mean,random_comp_mean,final suff,final comp,target_tokens
0.004155981820076704,0.0030817193910479546,0.06291874498128891,0.019139526411890984,1.348591923713684,4.6052961349487305, Because$ was$ to$ a$.
