target_pos,target_token,norm_suff,random_suff,norm_comp,random_comp
56, He,0.0,0.0029210690408945084,0.08383741229772568,0.032710373401641846
58, playing,0.0,0.0045090108178555965,0.03417762741446495,0.006534332875162363
60, his,0.0,0.0,0.020867610350251198,0.006293812766671181
62,.,0.0,0.0,0.04244421422481537,0.014692859724164009
64, friend,0.000276006234344095,0.0008493969799019396,0.00745524512603879,0.0033502276055514812
