target_pos,target_token,norm_suff,random_suff,norm_comp,random_comp
50, Because,0.004645683337002993,0.0,0.005730260629206896,0.004554079845547676
52, wanted,0.003904188284650445,3.148001997033134e-05,0.00400136224925518,0.003333762986585498
54, paint,0.0,0.005971901118755341,0.010468787513673306,0.005824550054967403
56, bedroom,0.0,0.000672372814733535,0.009503964334726334,0.008789777755737305
58,.,0.01816570572555065,0.0030079588759690523,0.005080122966319323,0.0038707253988832235
