norm_suff_mean,random_suff_mean,norm_comp_mean,random_comp_mean,final suff,final comp,target_tokens
0.005343115422874689,0.0019367426866665483,0.006956900004297495,0.005274579394608736,2.758815288543701,0.9871730208396912, Because$ wanted$ paint$ bedroom$.
