norm_suff_mean,random_suff_mean,norm_comp_mean,random_comp_mean,final suff,final comp,target_tokens
0.0069011808373034,0.005725970957428217,0.00725995609536767,0.0034070198889821768,1.2052420377731323,0.4936864972114563, I$ a$.$ didn$ know
