target_pos,target_token,norm_suff,random_suff,norm_comp,random_comp
59, Well,0.0056164320558309555,0.0,0.0047487542033195496,0.005942069459706545
61, he,0.0,0.003331752959638834,0.006618672050535679,0.006207172758877277
63, a,0.010209010913968086,0.015011318027973175,0.007755194790661335,0.007557695731520653
65,ologist,0.0010510407155379653,0.0024579025339335203,0.014567211270332336,0.012678951025009155
67, He,0.002779682632535696,0.0037017171271145344,0.004507002886384726,0.008006046526134014
