{
    "$schema": "../docs/rationalization.schema.json",
    "id": 39,
    "input-text": [
        "When",
        " my",
        " flight",
        " landed",
        " in",
        " Ukraine",
        ",",
        " I",
        " converted",
        " my",
        " currency",
        " and",
        " slowly",
        " fell",
        " asleep",
        ".",
        " (",
        "I",
        " was",
        " behind",
        " on",
        " a",
        " couple",
        " of",
        " assignments",
        ",",
        " but",
        " I",
        " tried",
        " not",
        " to",
        " think",
        " about",
        " them",
        ").",
        " I",
        " was",
        " staying",
        " in",
        " the",
        " capital",
        ","
    ],
    "input-tokens": [
        2215,
        616,
        5474,
        11406,
        287,
        7049,
        11,
        314,
        11513,
        616,
        7395,
        290,
        6364,
        3214,
        16039,
        13,
        357,
        40,
        373,
        2157,
        319,
        257,
        3155,
        286,
        25815,
        11,
        475,
        314,
        3088,
        407,
        284,
        892,
        546,
        606,
        737,
        314,
        373,
        10589,
        287,
        262,
        3139,
        11
    ],
    "target-text": " Kiev",
    "target-token": 22761,
    "rational-size": 11,
    "rational-positions": [
        5,
        9,
        10,
        11,
        13,
        18,
        19,
        34,
        37,
        39,
        40
    ],
    "rational-text": [
        " Ukraine",
        " my",
        " currency",
        " and",
        " fell",
        " was",
        " behind",
        ").",
        " staying",
        " the",
        " capital"
    ],
    "rational-tokens": [
        7049,
        616,
        7395,
        290,
        3214,
        373,
        2157,
        737,
        10589,
        262,
        3139
    ],
    "importance-scores": [
        2.7105745175504126e-05,
        0.0008428379660472274,
        0.12137776613235474,
        0.0019901213236153126,
        1.2773261005349923e-05,
        0.030254200100898743,
        0.00011004189582308754,
        0.00016087733092717826,
        0.00011370301945134997,
        0.00019320307183079422,
        0.002080326434224844,
        0.0008432561298832297,
        0.00013017587480135262,
        0.19758492708206177,
        0.0017550813499838114,
        0.13651594519615173,
        0.00022138023632578552,
        0.00012984183558728546,
        0.008531341329216957,
        3.497129728202708e-05,
        1.8538448784966022e-05,
        0.08700684458017349,
        0.0001047446858137846,
        1.2472444723243825e-05,
        0.00014739620382897556,
        0.0009051174856722355,
        0.00018624239601194859,
        0.010840067639946938,
        2.3116004740586504e-05,
        0.0013816908467561007,
        0.00013084508827887475,
        0.0009764624992385507,
        0.0001618618844076991,
        0.0017750358674675226,
        0.017199279740452766,
        0.0008689812384545803,
        0.0002268970711156726,
        0.015060740523040295,
        0.1085347905755043,
        0.06707151979207993,
        0.18253640830516815,
        0.0019210523460060358
    ],
    "comments": {
        "created-by": "run_analogies.py",
        "args": {
            "model": "gpt2-medium",
            "cache_dir": "cache/",
            "tokenizer": "gpt2-medium",
            "data_dir": "data/analogies/gpt2/",
            "importance_results_dir": "rationalization_results/analogies/gpt2_ours/top3_replace0.3_max3000_batch5",
            "device": "cuda",
            "rationalization_config": "config/gpt2/top3_replace0.3_max3000_batch5.json",
            "input_num_ratio": 1.0,
            "logfolder": "logs/analogies/gpt2_ours/top3_replace0.3_max3000_batch5",
            "loglevel": 20
        },
        "time_elapsed": 113.1506896018982,
        "separate_rational": [
            [
                " fell",
                " the",
                " behind",
                ").",
                " capital",
                " Ukraine",
                ",",
                " my"
            ],
            [
                " in",
                " Ukraine",
                ").",
                " staying",
                " I",
                " was",
                " capital",
                " currency"
            ],
            [
                " capital",
                " a",
                " Ukraine",
                " was",
                " currency",
                " fell",
                " but",
                " them"
            ],
            [
                ".",
                " the",
                " and",
                " behind",
                " Ukraine",
                ").",
                " my",
                " capital"
            ],
            [
                " flight",
                " capital",
                " Ukraine",
                " assignments",
                " staying",
                " and",
                " my",
                "When"
            ]
        ]
    }
}