{
    "$schema": "../docs/rationalization.schema.json",
    "id": 57,
    "input-text": [
        "When",
        " my",
        " flight",
        " landed",
        " in",
        " Poland",
        ",",
        " I",
        " converted",
        " my",
        " currency",
        " and",
        " slowly",
        " fell",
        " asleep",
        ".",
        " (",
        "I",
        " was",
        " behind",
        " on",
        " a",
        " couple",
        " of",
        " assignments",
        ",",
        " but",
        " I",
        " tried",
        " not",
        " to",
        " think",
        " about",
        " them",
        ").",
        " I",
        " was",
        " staying",
        " in",
        " the",
        " capital",
        ","
    ],
    "input-tokens": [
        2215,
        616,
        5474,
        11406,
        287,
        12873,
        11,
        314,
        11513,
        616,
        7395,
        290,
        6364,
        3214,
        16039,
        13,
        357,
        40,
        373,
        2157,
        319,
        257,
        3155,
        286,
        25815,
        11,
        475,
        314,
        3088,
        407,
        284,
        892,
        546,
        606,
        737,
        314,
        373,
        10589,
        287,
        262,
        3139,
        11
    ],
    "target-text": " Warsaw",
    "target-token": 32955,
    "rational-size": 12,
    "rational-positions": [
        0,
        3,
        4,
        5,
        7,
        22,
        26,
        28,
        34,
        35,
        37,
        40
    ],
    "rational-text": [
        "When",
        " landed",
        " in",
        " Poland",
        " I",
        " couple",
        " but",
        " tried",
        ").",
        " I",
        " staying",
        " capital"
    ],
    "rational-tokens": [
        2215,
        11406,
        287,
        12873,
        314,
        3155,
        475,
        3088,
        737,
        314,
        10589,
        3139
    ],
    "importance-scores": [
        4.022426489114217e-12,
        2.1019476964872256e-44,
        0.0,
        3.776844676699346e-28,
        7.793753892611447e-21,
        2.4457676356570252e-31,
        0.0,
        4.189529698864834e-19,
        0.0,
        0.0,
        0.0,
        0.0,
        0.0,
        0.0,
        9.226149089114596e-42,
        0.0,
        4.069006756149965e-33,
        0.0,
        0.0,
        0.0,
        1.401298464324817e-45,
        5.681067219240173e-33,
        0.0,
        0.0,
        0.0,
        2.001383750414527e-25,
        3.1915695590607267e-34,
        1.555441295400547e-42,
        0.0,
        0.0,
        0.0,
        0.0,
        7.016581670567224e-41,
        0.0,
        0.0,
        1.1686829192468974e-42,
        0.0,
        0.0,
        0.0,
        1.0,
        1.6778194493159805e-21,
        0.0
    ],
    "comments": {
        "created-by": "run_analogies.py",
        "args": {
            "model": "gpt2-medium",
            "cache_dir": "cache/",
            "tokenizer": "gpt2-medium",
            "data_dir": "data/analogies/gpt2/",
            "importance_results_dir": "rationalization_results/analogies/gpt2_ours/top3_replace0.3_max3000_batch5",
            "device": "cuda",
            "rationalization_config": "config/gpt2/top3_replace0.3_max3000_batch5.json",
            "input_num_ratio": 1.0,
            "logfolder": "logs/analogies/gpt2_ours/top3_replace0.3_max3000_batch5",
            "loglevel": 20
        },
        "time_elapsed": 156.90446543693542,
        "separate_rational": [
            [
                " staying",
                " capital",
                " I",
                " but",
                " tried",
                " in",
                ").",
                "I"
            ],
            [
                " was",
                " a",
                " couple",
                " I",
                " capital",
                " currency",
                " but",
                " I"
            ],
            [
                " them",
                " in",
                " I",
                " capital",
                " staying",
                " landed",
                " tried",
                " couple"
            ],
            [
                ").",
                " couple",
                "When",
                " my",
                " flight",
                " landed",
                " in",
                " Poland"
            ],
            [
                " the",
                "When",
                " I",
                " in",
                " capital",
                ",",
                " landed",
                " Poland"
            ]
        ]
    }
}