{
    "$schema": "../docs/rationalization.schema.json",
    "id": 63,
    "input-text": [
        "As",
        " soon",
        " as",
        " I",
        " arrived",
        " in",
        " Texas",
        ",",
        " I",
        " checked",
        " into",
        " my",
        " hotel",
        " and",
        " watched",
        " a",
        " movie",
        " before",
        " falling",
        " asleep",
        ".",
        " (",
        "I",
        " had",
        " a",
        " great",
        " call",
        " with",
        " my",
        " husband",
        ",",
        " although",
        " I",
        " wish",
        " it",
        " were",
        " longer",
        ").",
        " I",
        " was",
        " staying",
        " in",
        " my",
        " favorite",
        " city",
        ","
    ],
    "input-tokens": [
        1722,
        2582,
        355,
        314,
        5284,
        287,
        3936,
        11,
        314,
        10667,
        656,
        616,
        7541,
        290,
        7342,
        257,
        3807,
        878,
        7463,
        16039,
        13,
        357,
        40,
        550,
        257,
        1049,
        869,
        351,
        616,
        5229,
        11,
        3584,
        314,
        4601,
        340,
        547,
        2392,
        737,
        314,
        373,
        10589,
        287,
        616,
        4004,
        1748,
        11
    ],
    "target-text": " Austin",
    "target-token": 9533,
    "rational-size": 11,
    "rational-positions": [
        2,
        6,
        12,
        15,
        20,
        36,
        40,
        41,
        43,
        44,
        45
    ],
    "rational-text": [
        " as",
        " Texas",
        " hotel",
        " a",
        ".",
        " longer",
        " staying",
        " in",
        " favorite",
        " city",
        ","
    ],
    "rational-tokens": [
        355,
        3936,
        7541,
        257,
        13,
        2392,
        10589,
        287,
        4004,
        1748,
        11
    ],
    "importance-scores": [
        6.911249681492941e-32,
        0.0,
        1.256611433777142e-26,
        0.0,
        1.3984433050564833e-19,
        1.0143960238768402e-31,
        1.1296531710058844e-07,
        1.823089302086587e-42,
        4.457797751162189e-17,
        1.2712331246162985e-36,
        2.0993103431832385e-28,
        1.7441833259116716e-22,
        0.0,
        9.715539567667711e-32,
        1.704552572760153e-30,
        0.9999697208404541,
        2.548080489872782e-39,
        1.8251088371190084e-14,
        3.418510222923989e-33,
        2.524381618985216e-28,
        6.884389591732543e-08,
        1.702772134381501e-37,
        1.7742400376202239e-40,
        9.682972388484486e-43,
        4.6999550493454365e-42,
        1.0484659847897435e-17,
        8.330268868945361e-16,
        2.205643782847262e-42,
        3.275931574376877e-33,
        1.168211887812455e-33,
        2.097830362317474e-27,
        1.1857476404753645e-35,
        4.2217247523281556e-36,
        3.0689510700465887e-27,
        4.027769691118587e-35,
        3.0013023206265643e-05,
        3.788258340603182e-36,
        3.405359198522682e-21,
        1.8419632734040199e-16,
        4.67661241762727e-19,
        1.1855471785105197e-30,
        5.345821947135848e-23,
        1.0686884828151337e-17,
        1.9873199240345906e-15,
        1.1737333327488386e-10,
        2.0837257252992458e-08
    ],
    "comments": {
        "created-by": "run_analogies.py",
        "args": {
            "model": "gpt2-medium",
            "cache_dir": "cache/",
            "tokenizer": "gpt2-medium",
            "data_dir": "data/analogies/gpt2/",
            "importance_results_dir": "rationalization_results/analogies/gpt2_ours/top3_replace0.3_max3000_batch5",
            "device": "cuda",
            "rationalization_config": "config/gpt2/top3_replace0.3_max3000_batch5.json",
            "input_num_ratio": 1.0,
            "logfolder": "logs/analogies/gpt2_ours/top3_replace0.3_max3000_batch5",
            "loglevel": 20
        },
        "time_elapsed": 164.59661984443665,
        "separate_rational": [
            [
                " into",
                " staying",
                " (",
                " my",
                " with",
                " longer",
                " although",
                " in"
            ],
            [
                " favorite",
                " I",
                " as",
                " a",
                " arrived",
                ").",
                " a",
                "."
            ],
            [
                "I",
                " favorite",
                " hotel",
                " longer",
                " in",
                " Texas",
                " as",
                " a"
            ],
            [
                ",",
                " Texas",
                " hotel",
                " favorite",
                ",",
                " soon",
                " city",
                " staying"
            ],
            [
                " a",
                " were",
                " Texas",
                ".",
                ",",
                " city",
                " before",
                " favorite"
            ]
        ]
    }
}