{
    "$schema": "../docs/rationalization.schema.json",
    "id": 70,
    "input-text": [
        "As",
        " soon",
        " as",
        " I",
        " arrived",
        " in",
        " Florida",
        ",",
        " I",
        " checked",
        " into",
        " my",
        " hotel",
        " and",
        " watched",
        " a",
        " movie",
        " before",
        " falling",
        " asleep",
        ".",
        " (",
        "I",
        " had",
        " a",
        " great",
        " call",
        " with",
        " my",
        " husband",
        ",",
        " although",
        " I",
        " wish",
        " it",
        " were",
        " longer",
        ").",
        " I",
        " was",
        " staying",
        " in",
        " my",
        " favorite",
        " city",
        ","
    ],
    "input-tokens": [
        1722,
        2582,
        355,
        314,
        5284,
        287,
        4744,
        11,
        314,
        10667,
        656,
        616,
        7541,
        290,
        7342,
        257,
        3807,
        878,
        7463,
        16039,
        13,
        357,
        40,
        550,
        257,
        1049,
        869,
        351,
        616,
        5229,
        11,
        3584,
        314,
        4601,
        340,
        547,
        2392,
        737,
        314,
        373,
        10589,
        287,
        616,
        4004,
        1748,
        11
    ],
    "target-text": " Miami",
    "target-token": 8437,
    "rational-size": 10,
    "rational-positions": [
        4,
        6,
        12,
        13,
        17,
        20,
        37,
        41,
        43,
        44
    ],
    "rational-text": [
        " arrived",
        " Florida",
        " hotel",
        " and",
        " before",
        ".",
        ").",
        " in",
        " favorite",
        " city"
    ],
    "rational-tokens": [
        5284,
        4744,
        7541,
        290,
        878,
        13,
        737,
        287,
        4004,
        1748
    ],
    "importance-scores": [
        0.00014677649596706033,
        7.2549592005088925e-06,
        8.910034921427723e-06,
        2.783955460472498e-05,
        0.17866623401641846,
        5.021246397518553e-05,
        0.08219759911298752,
        1.1568478157641948e-06,
        2.2330415959004313e-05,
        6.984438368817791e-05,
        1.5074095927047892e-07,
        2.084329207718838e-05,
        1.246676106347877e-06,
        0.005861691664904356,
        0.0003281883255112916,
        0.00025663222186267376,
        0.0003852233348879963,
        0.00017976413073483855,
        1.9306922638406832e-07,
        1.465268383071816e-06,
        0.3324192464351654,
        0.0066017876379191875,
        0.0003019336436409503,
        0.0008999250712804496,
        1.0521038348088041e-05,
        1.1221954082429875e-05,
        0.0005941290874034166,
        1.843566792558704e-06,
        0.00014844773977529258,
        1.317148279333935e-09,
        0.0005826324340887368,
        0.00018171277770306915,
        0.00015719975635875016,
        0.0008031900506466627,
        0.0001726839691400528,
        5.883135600015521e-05,
        5.080869232187979e-05,
        0.22574986517429352,
        1.091255967367033e-06,
        1.3666268387169112e-05,
        3.239431691781647e-07,
        1.6980282453005202e-05,
        2.1504456526599824e-05,
        0.10247740149497986,
        0.060441404581069946,
        4.804872514796443e-05
    ],
    "comments": {
        "created-by": "run_analogies.py",
        "args": {
            "model": "gpt2-medium",
            "cache_dir": "cache/",
            "tokenizer": "gpt2-medium",
            "data_dir": "data/analogies/gpt2/",
            "importance_results_dir": "rationalization_results/analogies/gpt2_ours/top3_replace0.3_max3000_batch5",
            "device": "cuda",
            "rationalization_config": "config/gpt2/top3_replace0.3_max3000_batch5.json",
            "input_num_ratio": 1.0,
            "logfolder": "logs/analogies/gpt2_ours/top3_replace0.3_max3000_batch5",
            "loglevel": 20
        },
        "time_elapsed": 166.2384810447693,
        "separate_rational": [
            [
                ").",
                " favorite",
                " city",
                "I",
                " before",
                " in",
                " soon",
                "."
            ],
            [
                " favorite",
                ").",
                " I",
                " it",
                " a",
                " arrived",
                " Florida",
                " asleep"
            ],
            [
                " city",
                " and",
                " hotel",
                " Florida",
                " before",
                " I",
                " I",
                " in"
            ],
            [
                ".",
                " Florida",
                " city",
                " in",
                " favorite",
                " great",
                ",",
                " hotel"
            ],
            [
                " arrived",
                " Florida",
                ").",
                " city",
                " favorite",
                " (",
                " and",
                " had"
            ]
        ]
    }
}