target_pos,target_token,norm_suff,random_suff,norm_comp,random_comp
45,"
",0.0,0.0,0.051032744348049164,0.04260026663541794
47, think,0.0,0.0,0.04000058397650719,0.018293390050530434
49, was,0.0,0.0,0.061482079327106476,0.047108083963394165
51, a,0.0,0.0026767784729599953,0.04087600111961365,0.033975474536418915
53, bit,0.0,0.002121588448062539,0.09182407706975937,0.03371262550354004
