target_pos,target_token,norm_suff,random_suff,norm_comp,random_comp
50, Because,0.0,0.0,0.07512202858924866,0.07238554954528809
52, was,0.0,0.006175491027534008,0.043899327516555786,0.03406236320734024
54,.,0.0,0.015489079058170319,0.09453161060810089,0.0413917675614357
56,I,0.0793704092502594,0.0,0.04645444452762604,0.036636434495449066
58, sorry,0.0,0.0,0.03816834092140198,0.0421946682035923
