norm_suff_mean,random_suff_mean,norm_comp_mean,random_comp_mean,final suff,final comp,target_tokens
0.01587408222258091,0.004332914482802153,0.05963515117764473,0.04533415660262108,3.6636037826538086,2.8558599948883057, Because$ was$.$I$ sorry
