target_pos,target_token,norm_suff,random_suff,norm_comp,random_comp
52, She,0.0,0.0,0.08106580376625061,0.08269844204187393
54,'t,0.0,0.0009296739008277655,0.004307233728468418,0.017320426180958748
56, to,0.0,0.0,0.04652249813079834,0.04602297767996788
58, it,0.019956834614276886,0.00013606599532067776,0.04483779892325401,0.03381563350558281
60, She,0.0,0.0,0.030189204961061478,0.055688947439193726
