norm_suff_mean,random_suff_mean,norm_comp_mean,random_comp_mean,final suff,final comp,target_tokens
0.00399136682972312,0.00021314798505045474,0.041384506970644,0.04710928350687027,18.725801467895508,11.802794456481934, She$'t$ to$ it$ She
