target_pos,target_token,norm_suff,random_suff,norm_comp,random_comp
48, Because,0.0,0.0,0.051236361265182495,0.049284085631370544
50, was,0.0,0.0013714502565562725,0.05777616798877716,0.043027687817811966
52,.,0.09430033713579178,0.034085389226675034,0.07585860788822174,0.03476885333657265
54, was,0.0,0.0,0.06292574107646942,0.045645684003829956
56, of,0.0378950759768486,0.017148684710264206,0.13373954594135284,0.05424679070711136
