norm_suff_mean,random_suff_mean,norm_comp_mean,random_comp_mean,final suff,final comp,target_tokens
0.026439083740115166,0.010521105490624905,0.07630728930234909,0.045394621789455414,2.5129568576812744,1.7169513702392578, Because$ was$.$ was$ of
