target_pos,target_token,norm_suff,random_suff,norm_comp,random_comp
47, He,0.03172104060649872,0.0,0.07183556258678436,0.04771989583969116
49, playing,0.0081352349370718,0.0,0.05863582715392113,0.06382673978805542
51,.,0.0,0.01088630873709917,0.07317513227462769,0.047555726021528244
53, got,0.0,0.0,0.05560905486345291,0.05082349851727486
55, spr,0.0003854360547848046,0.0,0.029682140797376633,0.04951447993516922
