norm_suff_mean,random_suff_mean,norm_comp_mean,random_comp_mean,final suff,final comp,target_tokens
0.008048342540860176,0.002177261747419834,0.05778754502534866,0.05188806727528572,3.6965434551239014,6.447050094604492, He$ playing$.$ got$ spr
