target_pos,target_token,norm_suff,random_suff,norm_comp,random_comp
58, I,0.0,0.0,0.06662188470363617,0.057310279458761215
60, to,0.0,0.0,0.07163304835557938,0.028380170464515686
62, it,0.0,0.00349497701972723,0.10016172379255295,0.06849726289510727
64,.,0.0651160255074501,0.005602315068244934,0.030746083706617355,0.04549401253461838
66, was,0.0024358259979635477,0.0,0.04606274887919426,0.05871695280075073
