norm_suff_mean,random_suff_mean,norm_comp_mean,random_comp_mean,final suff,final comp,target_tokens
0.013510370627045631,0.0018194584408774972,0.06304509937763214,0.051679737865924835,7.425489902496338,3.825190305709839, I$ to$ it$.$ was
