norm_suff_mean,random_suff_mean,norm_comp_mean,random_comp_mean,final suff,final comp,target_tokens
0.022110331803560257,0.002502600895240903,0.04051433503627777,0.037113599479198456,8.834940910339355,1.6785637140274048, Because$ loved$ play$ his$.
