target_pos,target_token,norm_suff,random_suff,norm_comp,random_comp
69, She,0.0,0.007845666259527206,0.05646403133869171,0.04280470311641693
71, to,0.0,0.009747556410729885,0.02512802928686142,0.023459671065211296
73, a,0.0,0.0,0.10296592116355896,0.05821528658270836
75,-,0.00029514601919800043,0.0,0.047377489507198334,0.029567884281277657
77,ry,0.0005219514132477343,0.0011352919973433018,0.006732521113008261,0.004015972372144461
