norm_suff_mean,random_suff_mean,norm_comp_mean,random_comp_mean,final suff,final comp,target_tokens
0.00016341949230991304,0.0037457027938216925,0.047733601182699203,0.03161270543932915,0.043628524988889694,193.44512939453125, She$ to$ a$-$ry
