target_pos,target_token,norm_suff,random_suff,norm_comp,random_comp
54, Because,0.0,0.010681665502488613,0.041742920875549316,0.04203999415040016
56, was,0.0,0.0,0.05649793520569801,0.028306536376476288
58, good,0.00139503157697618,0.0,0.05306682363152504,0.04612637311220169
60,.,0.00034671873436309397,0.036568693816661835,0.03549511730670929,0.016725199297070503
62, was,0.0,0.0,0.04314422979950905,0.03513501584529877
