norm_suff_mean,random_suff_mean,norm_comp_mean,random_comp_mean,final suff,final comp,target_tokens
0.0003483500622678548,0.009450072422623634,0.04598940536379814,0.03366662189364433,0.03686215728521347,96.64595031738281, Because$ was$ good$.$ was
