target_pos,target_token,norm_suff,random_suff,norm_comp,random_comp
55,	,0.0,0.0,0.35489484667778015,0.05727492272853851
57, she,0.028875786811113358,0.0,0.11268870532512665,0.0444684773683548
59, a,0.0,0.0,0.12170235067605972,0.05408832058310509
61,.,0.030578160658478737,0.003850139444693923,0.0762672871351242,0.04435434192419052
63,Why,0.0,0.0,0.3044482469558716,0.05424979701638222
