norm_suff_mean,random_suff_mean,norm_comp_mean,random_comp_mean,final suff,final comp,target_tokens
0.011890790425240993,0.0007700279238633811,0.19400028884410858,0.05088716745376587,15.442025184631348,4.279544353485107,	$ she$ a$.$Why
