target_pos,target_token,norm_suff,random_suff,norm_comp,random_comp
44,	,0.0,0.0,0.1971854567527771,0.0663522407412529
46, she,0.0,0.0,0.0811527669429779,0.03905150294303894
48, a,0.007029553409665823,0.0,0.07147490978240967,0.0789208933711052
50,.,0.0015425288584083319,0.05348840728402138,0.19420239329338074,0.05468496307730675
52,She,0.0,0.0,0.29436948895454407,0.09720837324857712
