norm_suff_mean,random_suff_mean,norm_comp_mean,random_comp_mean,final suff,final comp,target_tokens
0.0017144164303317666,0.010697681456804276,0.16767700016498566,0.06724359840154648,0.16026055812835693,39.222442626953125,	$ she$ a$.$She
