target_pos,target_token,norm_suff,random_suff,norm_comp,random_comp
57,	,0.0,0.0,0.10591055452823639,0.1214490458369255
59, was,0.0,0.0037051488179713488,0.060749322175979614,0.0617690309882164
61, ball,0.0022908193059265614,0.006208693142980337,0.05074724555015564,0.03866394981741905
63, his,0.0028281835839152336,0.0011933974456042051,0.07419461011886597,0.024144833907485008
65,.,0.061327602714300156,0.023905696347355843,0.00962493009865284,0.005848209373652935
