norm_suff_mean,random_suff_mean,norm_comp_mean,random_comp_mean,final suff,final comp,target_tokens
0.013289320282638073,0.007002587895840406,0.0602453351020813,0.050375014543533325,1.8977726697921753,3.7906389236450195,	$ was$ ball$ his$.
