target_pos,target_token,norm_suff,random_suff,norm_comp,random_comp
51, Because,0.0,0.0,0.06849068403244019,0.05876212567090988
53, wanted,0.0,0.0,0.07970767468214035,0.034593671560287476
55, paint,0.0,0.00636790506541729,0.04367639869451523,0.03966145217418671
57, bedroom,0.0,0.0,0.09006943553686142,0.03590701147913933
59,.,0.017003817483782768,0.049085307866334915,0.05100325122475624,0.03639083355665207
