norm_suff_mean,random_suff_mean,norm_comp_mean,random_comp_mean,final suff,final comp,target_tokens
0.0034007634967565536,0.011090642772614956,0.06658948957920074,0.04106302186846733,0.3066335916519165,12.074647903442383, Because$ wanted$ paint$ bedroom$.
