target_pos,target_token,norm_suff,random_suff,norm_comp,random_comp
52, She,0.0,0.0,0.10720105469226837,0.04686495289206505
54, at,0.0008376548648811877,0.0,0.06694464385509491,0.0640915185213089
56, beach,0.0,0.0,0.05604714900255203,0.04789288341999054
58, her,0.0034926633816212416,0.0,0.03133174404501915,0.02720138244330883
60,.,0.034511953592300415,0.011283520609140396,0.053534798324108124,0.10935551673173904
