norm_suff_mean,random_suff_mean,norm_comp_mean,random_comp_mean,final suff,final comp,target_tokens
0.007768454495817423,0.0022567042615264654,0.06301187723875046,0.05908125266432762,3.4423892498016357,7.6052775382995605, She$ at$ beach$ her$.
