target_pos,target_token,norm_suff,random_suff,norm_comp,random_comp
57, Because,0.0,0.013144242577254772,0.04976625367999077,0.07633744925260544
59, was,0.0,0.0,0.04328525811433792,0.03513861075043678
61, kid,0.0,0.0,0.07047198712825775,0.034518614411354065
63,"
",0.02796643227338791,0.0,0.03718167543411255,0.02149141952395439
65,'m,0.0,0.0,0.04981682822108269,0.025437936186790466
