norm_suff_mean,random_suff_mean,norm_comp_mean,random_comp_mean,final suff,final comp,target_tokens
0.005593286361545324,0.0026288486551493406,0.05010440573096275,0.03858480975031853,2.1276562213897705,6.8984150886535645," Because$ was$ kid$
$'m"
