target_pos,target_token,norm_suff,random_suff,norm_comp,random_comp
49, Chris,0.022845065221190453,0.0,0.03978683426976204,0.08698177337646484
51, struggling,0.023876136168837547,0.006852427031844854,0.10219096392393112,0.10994943976402283
53, English,0.0034508490934967995,0.0006411747890524566,0.03299107402563095,0.02186017483472824
55,.,0.013997619040310383,0.0020692700054496527,0.056922946125268936,0.02092926949262619
57, decided,0.0,0.0,0.006994849536567926,0.00958492886275053
