{
    "$schema": "../docs/rationalization.schema.json",
    "id": 10,
    "input-text": [
        "</s>",
        "As",
        " soon",
        " as",
        " I",
        " arrived",
        " in",
        " Michigan",
        ",",
        " I",
        " checked",
        " into",
        " my",
        " hotel",
        " and",
        " watched",
        " a",
        " movie",
        " before",
        " falling",
        " asleep",
        ".",
        " (",
        "I",
        " had",
        " a",
        " great",
        " call",
        " with",
        " my",
        " husband",
        ",",
        " although",
        " I",
        " wish",
        " it",
        " were",
        " longer",
        ").",
        " I",
        " was",
        " staying",
        " in",
        " my",
        " favorite",
        " city",
        ","
    ],
    "input-tokens": [
        2,
        1620,
        1010,
        25,
        38,
        2035,
        11,
        2293,
        6,
        38,
        7869,
        88,
        127,
        2303,
        8,
        3996,
        10,
        1569,
        137,
        3064,
        15028,
        4,
        36,
        100,
        56,
        10,
        372,
        486,
        19,
        127,
        1623,
        6,
        1712,
        38,
        2813,
        24,
        58,
        1181,
        322,
        38,
        21,
        4959,
        11,
        127,
        2674,
        343,
        6
    ],
    "target-text": " Detroit",
    "target-token": 2921,
    "rational-size": 5,
    "rational-positions": [
        0,
        1,
        3,
        6,
        2
    ],
    "rational-text": [
        "</s>",
        "As",
        " as",
        " in",
        " soon"
    ],
    "rational-tokens": [
        2,
        1620,
        25,
        11,
        1010
    ],
    "importance-scores": [
        0.05579294636845589,
        0.02052631787955761,
        0.02052629180252552,
        0.020526299253106117,
        0.020526284351944923,
        0.020526275038719177,
        0.02052629552781582,
        0.020526254549622536,
        0.02052629180252552,
        0.020526248961687088,
        0.02052624337375164,
        0.020526248961687088,
        0.020526239648461342,
        0.020526234060525894,
        0.020526252686977386,
        0.020526234060525894,
        0.020526239648461342,
        0.020526228472590446,
        0.020526234060525894,
        0.020526226609945297,
        0.020526226609945297,
        0.02052626945078373,
        0.020526230335235596,
        0.02052622102200985,
        0.020526222884655,
        0.020526222884655,
        0.0205262191593647,
        0.02052622102200985,
        0.020526224747300148,
        0.0205262191593647,
        0.0205262191593647,
        0.020526226609945297,
        0.0205262191593647,
        0.02052621729671955,
        0.02052621729671955,
        0.02052621729671955,
        0.0205262191593647,
        0.02052621729671955,
        0.020526234060525894,
        0.0205262191593647,
        0.02052621729671955,
        0.02052621729671955,
        0.02052621729671955,
        0.020526215434074402,
        0.02052621729671955,
        0.02052621729671955,
        0.02052621729671955
    ],
    "comments": {
        "created-by": "run_analogies.py",
        "args": {
            "model": "facebook/opt-1.3b",
            "cache_dir": "./cache/",
            "tokenizer": "facebook/opt-1.3b",
            "data_dir": "data/analogies/OPT1B/",
            "importance_results_dir": "rationalization_results/analogies/OPT1B_attention_rollout",
            "device": "cuda",
            "rationalization_config": "config/eva_attention_rollout.json",
            "input_num_ratio": 1,
            "logfolder": "logs/analogies/OPT1B_attention_rollout",
            "loglevel": 20
        },
        "time_elapsed": 0.020952463150024414
    }
}