target_pos,target_token,norm_suff,random_suff,norm_comp,random_comp
44, He,0.014167224988341331,0.0,0.01238996535539627,0.021408800035715103
46, a,0.0,0.00020314884022809565,0.09109684824943542,0.06760256737470627
48, kid,0.0,0.0,0.01286013238132,0.008470611646771431
50, He,0.009713815525174141,0.0,0.00964965857565403,0.045439817011356354
52, a,0.0,0.0,0.02561628632247448,0.0092322938144207
