target_pos,target_token,norm_suff,random_suff,norm_comp,random_comp
44, He,0.016060171648859978,0.0029057920910418034,0.01386705506592989,0.017688104882836342
46, a,0.0,0.0,0.02282366156578064,0.027650136500597
48, kid,0.0005901080439798534,0.00014574731176253408,0.016171181574463844,0.018260201439261436
50, He,0.006265712436288595,0.008642221800982952,0.01217512134462595,0.013452663086354733
52, a,0.0,0.0,0.009230639785528183,0.07007314264774323
