norm_suff_mean,random_suff_mean,norm_comp_mean,random_comp_mean,final suff,final comp,target_tokens
0.004583198577165604,0.0023387521505355835,0.014853531494736671,0.029424849897623062,1.9596768617630005,6.420156002044678, He$ a$ kid$ He$ a
