norm_suff_mean,random_suff_mean,norm_comp_mean,random_comp_mean,final suff,final comp,target_tokens
0.004776208195835352,4.062976950081065e-05,0.030322575941681862,0.03043081797659397,117.55439758300781,6.371334075927734, He$ a$ kid$ He$ a
