target_pos,target_token,norm_suff,random_suff,norm_comp,random_comp
49, I,0.0002316815807716921,0.0,0.010957758873701096,0.012468742206692696
51, so,0.0027752015739679337,0.0,0.04387352615594864,0.019058145582675934
53,.,0.0,0.0,0.012862845323979855,0.005965628195554018
55, was,0.0,0.00010232849308522418,0.010254827328026295,0.012090005911886692
57, happy,0.0,0.0,0.012646523304283619,0.042169276624917984
