target_pos,target_token,norm_suff,random_suff,norm_comp,random_comp
49, I,0.0002726844104472548,0.0,0.009604875929653645,0.0157044418156147
51, so,0.0026939050294458866,0.00202930043451488,0.01043225172907114,0.013044414110481739
53,.,0.000612143543548882,5.5244268878595904e-05,0.008952905423939228,0.011203071102499962
55, was,0.0,0.0,0.008726139552891254,0.017526548355817795
57, happy,0.0,0.0,0.01940944977104664,0.02200097218155861
