norm_suff_mean,random_suff_mean,norm_comp_mean,random_comp_mean,final suff,final comp,target_tokens
0.0006013766396790743,2.0465698980842717e-05,0.018119096755981445,0.01835036091506481,29.384613037109375,30.51392364501953, I$ so$.$ was$ happy
