norm_suff_mean,random_suff_mean,norm_comp_mean,random_comp_mean,final suff,final comp,target_tokens
0.0007157466607168317,0.0004169089370407164,0.011425124481320381,0.015895890071988106,1.7167937755584717,22.20882225036621, I$ so$.$ was$ happy
