target_pos,target_token,norm_suff,random_suff,norm_comp,random_comp
75, I,0.03580174222588539,0.011415289714932442,0.10185378789901733,0.009260924533009529
77, not,0.0,0.0,0.009002282284200191,0.0045131491497159
79,.,0.042478304356336594,0.04558859020471573,0.023009296506643295,0.04551282152533531
81,'m,0.0,0.0,0.007234998978674412,0.023436253890395164
83, sure,0.0,0.0,0.009406143799424171,0.007390864659100771
