target_pos,target_token,norm_suff,random_suff,norm_comp,random_comp
75, I,0.01821811869740486,0.008943540044128895,0.01566394791007042,0.007128236815333366
77, not,0.0,0.0,0.0060585360042750835,0.0065283202566206455
79,.,0.03182140365242958,0.014858299866318703,0.014359169639647007,0.014580318704247475
81,'m,0.0,0.0,0.004352246411144733,0.004999098833650351
83, sure,0.0,0.0006906792987138033,0.03129325062036514,0.006010450888425112
