norm_suff_mean,random_suff_mean,norm_comp_mean,random_comp_mean,final suff,final comp,target_tokens
0.010007904842495918,0.004898503888398409,0.014345429837703705,0.007849285379052162,2.043053388595581,0.7843085527420044, I$ not$.$'m$ sure
