norm_suff_mean,random_suff_mean,norm_comp_mean,random_comp_mean,final suff,final comp,target_tokens
0.015656009316444397,0.011400775983929634,0.03010130301117897,0.018022803589701653,1.3732407093048096,1.151174783706665, I$ not$.$'m$ sure
