target_pos,target_token,norm_suff,random_suff,norm_comp,random_comp
51, She,0.00011287336383247748,0.0,0.06716563552618027,0.013387351296842098
53,.,0.0,0.010834534652531147,0.01759135164320469,0.04702068865299225
55, went,0.0,0.0009389628539793193,0.008760247379541397,0.030672870576381683
57, to,0.0,0.0,0.00958063080906868,0.014025164768099785
59, cup,0.0,6.275339546846226e-05,0.009667661041021347,0.02015512064099312
