target_pos,target_token,norm_suff,random_suff,norm_comp,random_comp
51, She,0.0,0.0,0.014512659050524235,0.01975291036069393
53,.,0.0,0.0,0.09085385501384735,0.01124440785497427
55, went,0.0007091544102877378,0.0,0.037130262702703476,0.007076205685734749
57, to,0.0,0.0,0.049805305898189545,0.007022019941359758
59, cup,0.0,0.0,0.02810308150947094,0.007960410788655281
