norm_suff_mean,random_suff_mean,norm_comp_mean,random_comp_mean,final suff,final comp,target_tokens
2.2574673494091257e-05,0.0023672503884881735,0.022553104907274246,0.025052238255739212,0.009536242112517357,1109.749755859375, She$.$ went$ to$ cup
