target_pos,target_token,norm_suff,random_suff,norm_comp,random_comp
47, She,0.012079964391887188,0.001270841690711677,0.011361593380570412,0.017808835953474045
49,'t,0.0,0.0,0.000596568628679961,0.00043054550769738853
51,.,0.0,0.0,0.10018537938594818,0.01068008504807949
53, didn,0.0,0.0,0.01168896071612835,0.009868062101304531
55, know,0.0008453996269963682,7.806028588674963e-05,0.009205223992466927,0.01322998758405447
