target_pos,target_token,norm_suff,random_suff,norm_comp,random_comp
47, She,0.04117877408862114,0.012752562761306763,0.011002181097865105,0.014864394441246986
49,'t,0.0,0.0,0.00041331423562951386,0.00041525624692440033
51,.,0.0,0.0,0.010563354939222336,0.05215606838464737
53, didn,0.0,0.0,0.007839394733309746,0.009660727344453335
55, know,0.0,0.0,0.008579446002840996,0.00805130135267973
