norm_suff_mean,random_suff_mean,norm_comp_mean,random_comp_mean,final suff,final comp,target_tokens
0.0025850727688521147,0.00026978040114045143,0.02660754695534706,0.01040350366383791,9.582137107849121,4.0244526863098145, She$'t$.$ didn$ know
