norm_suff_mean,random_suff_mean,norm_comp_mean,random_comp_mean,final suff,final comp,target_tokens
0.008235755376517773,0.0025505125522613525,0.007679538335651159,0.017029549926519394,3.2290589809417725,2.067758083343506, She$'t$.$ didn$ know
