target_pos,target_token,norm_suff,random_suff,norm_comp,random_comp
46, Because,0.006743228994309902,0.007103214040398598,0.036955468356609344,0.012476659379899502
48, was,0.00010806009959196672,0.0,0.006493300199508667,0.014024943113327026
50,.,0.0,0.0,0.05879376456141472,0.0405723936855793
52, was,0.0,0.0,0.009949799627065659,0.010211686603724957
54, of,0.0,0.0,0.01442445907741785,0.028002584353089333
