target_pos,target_token,norm_suff,random_suff,norm_comp,random_comp
46, Because,0.0,0.0,0.030173327773809433,0.009034307673573494
48, was,0.0,0.0002451594627927989,0.006969476584345102,0.011411973275244236
50,.,0.027737243101000786,0.0,0.07660184800624847,0.04705141857266426
52, was,0.0010080031352117658,0.0,0.009096029214560986,0.013112209737300873
54, of,0.0,0.0,0.03489053249359131,0.01435016468167305
