norm_suff_mean,random_suff_mean,norm_comp_mean,random_comp_mean,final suff,final comp,target_tokens
0.0013702578144147992,0.001420642831362784,0.025323359295725822,0.021057654172182083,0.9645336270332336,15.367658615112305, Because$ was$.$ was$ of
