norm_suff_mean,random_suff_mean,norm_comp_mean,random_comp_mean,final suff,final comp,target_tokens
0.005749049596488476,4.9031892558559775e-05,0.03154624253511429,0.018992016091942787,117.25122833251953,3.3035054206848145, Because$ was$.$ was$ of
