target_pos,target_token,norm_suff,random_suff,norm_comp,random_comp
57, I,0.0,0.02213088423013687,0.02992616966366768,0.017031729221343994
59, so,0.0008362586377188563,0.0,0.04402248561382294,0.0483231358230114
61, to,0.0,0.0,0.04290859028697014,0.015824096277356148
63, it,0.005156313069164753,0.0,0.007542057894170284,0.05438002571463585
65,.,0.0,0.0491177998483181,0.014502816833555698,0.06564372777938843
