target_pos,target_token,norm_suff,random_suff,norm_comp,random_comp
57, I,0.0050349109806120396,0.0,0.009582213126122952,0.018030760809779167
59, so,0.0,0.0,0.02623201720416546,0.007682642433792353
61, to,0.0,0.0,0.007084195036441088,0.014423246495425701
63, it,0.0,0.0,0.07196693867444992,0.00830727256834507
65,.,0.0,0.0,0.05896184593439102,0.011361381970345974
