norm_suff_mean,random_suff_mean,norm_comp_mean,random_comp_mean,final suff,final comp,target_tokens
0.0011985143646597862,0.014249736443161964,0.027780426666140556,0.04024054482579231,0.08410782366991043,33.575355529785156, I$ so$ to$ it$.
