target_pos,target_token,norm_suff,random_suff,norm_comp,random_comp
51, Because,0.0,0.009288948029279709,0.020937521010637283,0.013275593519210815
53, wanted,0.0,0.0,0.010066021233797073,0.005177456419914961
55, show,0.0,0.0,0.026787342503666878,0.029203159734606743
57, to,0.0,0.0,0.019346212968230247,0.006579642184078693
59, dog,0.00015785644063726068,0.0,0.03188805282115936,0.018161464482545853
