target_pos,target_token,norm_suff,random_suff,norm_comp,random_comp
51, Because,0.005827218294143677,0.023871781304478645,0.04813908040523529,0.016514329239726067
53, wanted,0.0,2.9893646569689736e-05,0.03244064748287201,0.02507195807993412
55, show,0.0,0.0,0.010913182981312275,0.04502188786864281
57, to,0.0,0.0,0.007468522060662508,0.011526628397405148
59, dog,0.0,0.0,0.03525052219629288,0.017834823578596115
