norm_suff_mean,random_suff_mean,norm_comp_mean,random_comp_mean,final suff,final comp,target_tokens
3.157128958264366e-05,0.0018577895825728774,0.02180503122508526,0.01447946485131979,0.01699400693178177,458.6275939941406, Because$ wanted$ show$ to$ dog
