norm_suff_mean,random_suff_mean,norm_comp_mean,random_comp_mean,final suff,final comp,target_tokens
0.0011654436821117997,0.004780334886163473,0.02684239111840725,0.023193925619125366,0.2437995821237564,19.901369094848633, Because$ wanted$ show$ to$ dog
