target_pos,target_token,norm_suff,random_suff,norm_comp,random_comp
68, She,0.014136762358248234,0.0,0.02164262719452381,0.0098012899979949
70, to,0.08628133684396744,0.1043938621878624,0.011054587550461292,0.007459927815943956
72, Asian,0.0,0.0,0.012560204602777958,0.033647555857896805
74,ard,0.0007244349108077586,0.0006801987183280289,0.0006556951557286084,0.00132848194334656
76, her,0.0,0.0,0.004856417421251535,0.009812168776988983
