target_pos,target_token,norm_suff,random_suff,norm_comp,random_comp
68, She,0.0,0.04542168229818344,0.011761486530303955,0.00809435173869133
70, to,0.09721101820468903,0.007723541930317879,0.00474537955597043,0.007171628065407276
72, Asian,0.0,0.007406860124319792,0.07564752548933029,0.0323658287525177
74,ard,0.0005630712839774787,0.0,0.0008184002945199609,0.0006903616595081985
76, her,0.0,0.0,0.004342429805546999,0.004773683845996857
