norm_suff_mean,random_suff_mean,norm_comp_mean,random_comp_mean,final suff,final comp,target_tokens
0.02022850699722767,0.02101481333374977,0.010153906419873238,0.012409885413944721,0.9625832438468933,0.6134849786758423, She$ to$ Asian$ard$ her
