norm_suff_mean,random_suff_mean,norm_comp_mean,random_comp_mean,final suff,final comp,target_tokens
0.01955481804907322,0.012110416777431965,0.01946304552257061,0.01061917096376419,1.6147105693817139,0.5430462956428528, She$ to$ Asian$ard$ her
