target_pos,target_token,norm_suff,random_suff,norm_comp,random_comp
62, She,0.05412009358406067,0.0,0.011006108485162258,0.014059423469007015
64, to,0.0,0.0,0.004455967806279659,0.02435668371617794
66, out,0.0,0.0,0.011380278505384922,0.011027535423636436
68, cheer,0.0,0.0,0.004197330679744482,0.01767888106405735
70, at,0.3545885682106018,0.15159600973129272,0.017627418041229248,0.04635544866323471
