target_pos,target_token,norm_suff,random_suff,norm_comp,random_comp
62, She,0.0,0.08987904340028763,0.011520649306476116,0.02104339376091957
64, to,0.0,0.0013477971078827977,0.0055488464422523975,0.0054511032067239285
66, out,0.0,0.0,0.006833172868937254,0.00884675607085228
68, cheer,0.0,0.0,0.010897506959736347,0.006388150621205568
70, at,0.3780484199523926,0.18093615770339966,0.01499720849096775,0.010111033916473389
