norm_suff_mean,random_suff_mean,norm_comp_mean,random_comp_mean,final suff,final comp,target_tokens
0.08174173533916473,0.030319202691316605,0.009733420796692371,0.022695595398545265,2.6960384845733643,0.27765002846717834, She$ to$ out$ cheer$ at
