norm_suff_mean,random_suff_mean,norm_comp_mean,random_comp_mean,final suff,final comp,target_tokens
0.07560968399047852,0.05443260073661804,0.009959476999938488,0.010368087328970432,1.3890514373779297,0.13712644577026367, She$ to$ out$ cheer$ at
