target_pos,target_token,norm_suff,random_suff,norm_comp,random_comp
55, Because,0.002565417205914855,0.0,0.009776066988706589,0.010403654538094997
57, wanted,0.0,0.0,0.01306257862597704,0.015611458569765091
59, to,0.0,0.0,0.002803111681714654,0.0030668722465634346
61, French,0.0,0.0002679227909538895,0.017171617597341537,0.013562674634158611
63, She,0.0,0.0,0.026544447988271713,0.010265367105603218
