target_pos,target_token,norm_suff,random_suff,norm_comp,random_comp
55, Because,0.0,0.0,0.009460093453526497,0.015451363287866116
57, wanted,0.0,0.0,0.01080237329006195,0.030004095286130905
59, to,0.0,0.0,0.005247967317700386,0.00379577511921525
61, French,0.0,0.0,0.014194737188518047,0.020417049527168274
63, She,0.0012640926288440824,0.0,0.00595069071277976,0.009951884858310223
