norm_suff_mean,random_suff_mean,norm_comp_mean,random_comp_mean,final suff,final comp,target_tokens
0.0005130834761075675,5.3584557463182136e-05,0.013871564529836178,0.010582005605101585,9.575211524963379,20.62433433532715, Because$ wanted$ to$ French$ She
