target_pos,target_token,norm_suff,random_suff,norm_comp,random_comp
53, Because,0.0,0.0,0.011069766245782375,0.051307469606399536
55, was,0.0,0.0,0.007448923774063587,0.08413834869861603
57, black,0.0,0.0,0.007585418410599232,0.047325629740953445
59, player,0.0,0.00042420742101967335,0.05232275649905205,0.016161706298589706
61, He,0.11916155368089676,0.0,0.033417511731386185,0.0053572277538478374
