target_pos,target_token,norm_suff,random_suff,norm_comp,random_comp
53, Because,0.0,0.0,0.017272725701332092,0.010521755553781986
55, was,0.0,0.0,0.009879154153168201,0.059546951204538345
57, black,0.0,0.0,0.05428034067153931,0.010090533643960953
59, player,0.0,0.0,0.030520055443048477,0.014529790729284286
61, He,0.0,0.0,0.005923592485487461,0.03903408721089363
