norm_suff_mean,random_suff_mean,norm_comp_mean,random_comp_mean,final suff,final comp,target_tokens
0.02383231185376644,8.484148565912619e-05,0.02236887626349926,0.04085807502269745,280.90399169921875,1.7143982648849487, Because$ was$ black$ player$ He
