target_pos,target_token,norm_suff,random_suff,norm_comp,random_comp
67, Mary,0.02584674209356308,0.0,0.008638069964945316,0.028687160462141037
69, so,0.05596119165420532,0.05384083464741707,0.04495656117796898,0.02597188763320446
71, that,0.03626163303852081,0.250926673412323,0.011583112180233002,0.015374839305877686
73, didn,0.006907087285071611,0.006970459129661322,0.009047768078744411,0.013064094819128513
75, want,0.0023998431861400604,0.0021820671390742064,0.017813190817832947,0.013946466147899628
