target_pos,target_token,norm_suff,random_suff,norm_comp,random_comp
67, Mary,0.01964842900633812,0.0,0.008897589519619942,0.018770918250083923
69, so,0.030369430780410767,0.0,0.010547474958002567,0.06691547483205795
71, that,0.0,0.10138791054487228,0.007717005908489227,0.011194742284715176
73, didn,0.0039014939684420824,0.002144541358575225,0.012957203201949596,0.005815546959638596
75, want,0.001446602982468903,0.0016508514527231455,0.009302227757871151,0.009015501476824284
