norm_suff_mean,random_suff_mean,norm_comp_mean,random_comp_mean,final suff,final comp,target_tokens
0.02547529898583889,0.06278400868177414,0.01840774156153202,0.01940888911485672,0.4057609438896179,0.7618709206581116, Mary$ so$ that$ didn$ want
