norm_suff_mean,random_suff_mean,norm_comp_mean,random_comp_mean,final suff,final comp,target_tokens
0.011073190718889236,0.0210366602987051,0.009884300641715527,0.022342437878251076,0.5263758897781372,2.0177054405212402, Mary$ so$ that$ didn$ want
