target_pos,target_token,norm_suff,random_suff,norm_comp,random_comp
56, Because,0.00974008534103632,0.008097748272120953,0.1108965277671814,0.0359935387969017
58, wanted,0.0,0.0012179184705018997,0.009421794675290585,0.007581796962767839
60, show,0.0,0.0005933782085776329,0.01643446832895279,0.03376201167702675
62, they,0.0,0.002816546941176057,0.016730813309550285,0.0407177098095417
64, not,0.00011085176811320707,0.0015859565464779735,0.010514249093830585,0.008782618679106236
