target_pos,target_token,norm_suff,random_suff,norm_comp,random_comp
56, Because,0.0,0.008485685102641582,0.1589745730161667,0.08314267545938492
58, wanted,0.0,0.0,0.007673542480915785,0.01135746855288744
60, show,0.0,0.0,0.011451630853116512,0.010678594931960106
62, they,0.0,0.0,0.011769112199544907,0.026906516402959824
64, not,0.0,0.0,0.010671889409422874,0.00882073026150465
