norm_suff_mean,random_suff_mean,norm_comp_mean,random_comp_mean,final suff,final comp,target_tokens
0.0019701875280588865,0.002862309804186225,0.03279957175254822,0.025367533788084984,0.6883208751678467,12.87569522857666, Because$ wanted$ show$ they$ not
