target_pos,target_token,norm_suff,random_suff,norm_comp,random_comp
54, Martha,0.0024046218022704124,0.0,0.03865550458431244,0.3812122344970703
56, boyfriend,0.0,0.0,0.015627708286046982,0.012273789383471012
58, really,0.0,0.0,0.021603502333164215,0.0048475610092282295
60, Dungeons,0.0,0.00033761694794520736,0.006243071053177118,0.0034616447519510984
62, Dragons,2.7475307433633134e-06,0.0,0.0010358818108215928,0.003979071509093046
