target_pos,target_token,norm_suff,random_suff,norm_comp,random_comp
54, Martha,0.002322142943739891,0.0005149878561496735,0.07153522968292236,0.10140442103147507
56, boyfriend,0.0,0.0,0.008295729756355286,0.01247881818562746
58, really,0.0,0.0,0.007009205408394337,0.007478096056729555
60, Dungeons,0.0,0.00016214538482017815,0.0034018056467175484,0.0037353760562837124
62, Dragons,0.0,0.0,0.0036281778011471033,0.005928052123636007
