norm_suff_mean,random_suff_mean,norm_comp_mean,random_comp_mean,final suff,final comp,target_tokens
0.0004644285945687443,0.00013542664237320423,0.01877403073012829,0.026204952970147133,3.4293739795684814,56.424072265625, Martha$ boyfriend$ really$ Dungeons$ Dragons
