norm_suff_mean,random_suff_mean,norm_comp_mean,random_comp_mean,final suff,final comp,target_tokens
0.00048147389316000044,6.752338958904147e-05,0.016633134335279465,0.08115486055612564,7.130475997924805,168.5550537109375, Martha$ boyfriend$ really$ Dungeons$ Dragons
