target_pos,target_token,norm_suff,random_suff,norm_comp,random_comp
43, She,0.0058046975173056126,0.0,0.029416194185614586,0.015987465158104897
45, learning,0.0,0.0,0.012557496316730976,0.038537345826625824
47, draw,5.6390716054011136e-05,0.00011349902342772111,0.0016459616599604487,0.0013298477279022336
49, face,0.0,4.906196045340039e-05,0.0032197788823395967,0.0017767802346497774
51, She,0.0,0.0,0.02313145063817501,0.01894030161201954
