target_pos,target_token,norm_suff,random_suff,norm_comp,random_comp
43, She,0.0212451983243227,0.011628690175712109,0.028898270800709724,0.042573969811201096
45, learning,0.0,0.0,0.013446674682199955,0.01600622572004795
47, draw,7.391190592898056e-05,1.823877937567886e-05,0.002070111222565174,0.004711199086159468
49, face,0.0,0.0,0.001389603829011321,0.005539880599826574
51, She,0.00035303100594319403,0.0005954572698101401,0.01035664975643158,0.01397536788135767
