norm_suff_mean,random_suff_mean,norm_comp_mean,random_comp_mean,final suff,final comp,target_tokens
0.00433442834764719,0.002448477316647768,0.011232261545956135,0.01656132936477661,1.7702546119689941,3.8208796977996826, She$ learning$ draw$ face$ She
