norm_suff_mean,random_suff_mean,norm_comp_mean,random_comp_mean,final suff,final comp,target_tokens
0.0011722176568582654,3.251219823141582e-05,0.013994176872074604,0.015314348042011261,36.05470275878906,13.064423561096191, She$ learning$ draw$ face$ She
