target_pos,target_token,norm_suff,random_suff,norm_comp,random_comp
56, Because,0.0,0.0,0.043075256049633026,0.03753700107336044
58, was,0.0,0.002300806110724807,0.02160489559173584,0.06959866732358932
60, of,0.0,0.0,0.019405944272875786,0.01754855550825596
62,.,0.0,0.008060932159423828,0.013351259753108025,0.04506537318229675
64, was,0.0,0.0,0.009235520847141743,0.016790084540843964
