target_pos,target_token,norm_suff,random_suff,norm_comp,random_comp
56, Because,0.004467622842639685,0.0030832141637802124,0.04734862595796585,0.09141921997070312
58, was,0.0,0.0,0.024015868082642555,0.006052419077605009
60, of,0.0,0.0,0.07421652972698212,0.010672534815967083
62,.,0.0,0.0,0.0372592993080616,0.014633040875196457
64, was,0.0011561588617041707,0.00029273712425492704,0.030582638457417488,0.0101354094222188
