norm_suff_mean,random_suff_mean,norm_comp_mean,random_comp_mean,final suff,final comp,target_tokens
0.0011247562943026423,0.0006751902401447296,0.04268459230661392,0.02658252790570259,1.6658360958099365,23.634033203125, Because$ was$ of$.$ was
