target_pos,target_token,norm_suff,random_suff,norm_comp,random_comp
50, She,0.004420640878379345,0.006589708384126425,0.016543665900826454,0.015339947305619717
52, to,0.0,0.0,0.008912752382457256,0.05371594429016113
54, her,0.0,0.0004864578659180552,0.016947686672210693,0.01683683693408966
56, walls,0.0,0.0,0.02557925321161747,0.036998141556978226
58, She,0.005867131985723972,0.0,0.006316994782537222,0.007996205240488052
