target_pos,target_token,norm_suff,random_suff,norm_comp,random_comp
50, She,0.0,0.0,0.010001649148762226,0.010337254963815212
52, to,0.0,0.0,0.01157995406538248,0.02239474467933178
54, her,0.0,0.0,0.020084185525774956,0.010217373259365559
56, walls,0.0,0.0,0.009438233450055122,0.06853225082159042
58, She,0.022757023572921753,0.00271698459982872,0.01003879215568304,0.009556042030453682
