norm_suff_mean,random_suff_mean,norm_comp_mean,random_comp_mean,final suff,final comp,target_tokens
0.002057554665952921,0.00141523324418813,0.014860070310533047,0.026177415624260902,1.4538625478744507,12.722585678100586, She$ to$ her$ walls$ She
