norm_suff_mean,random_suff_mean,norm_comp_mean,random_comp_mean,final suff,final comp,target_tokens
0.004551404621452093,0.000543396919965744,0.012228562496602535,0.02420753426849842,8.375838279724121,5.318695068359375, She$ to$ her$ walls$ She
