target_pos,target_token,norm_suff,random_suff,norm_comp,random_comp
63, Because,0.021082375198602676,0.0,0.032882995903491974,0.022547129541635513
65, was,0.0,0.007619280368089676,0.009489578194916248,0.011751514859497547
67,!,0.0,0.0,0.01827837899327278,0.10027344524860382
69, was,0.0013529574498534203,0.007021855562925339,0.011999090202152729,0.05113659426569939
71, hungry,0.004494761116802692,0.011643466539680958,0.016510039567947388,0.006282620597630739
