target_pos,target_token,norm_suff,random_suff,norm_comp,random_comp
63, Because,0.00261307624168694,0.0,0.029188504442572594,0.021625859662890434
65, was,0.0,0.0,0.015384850092232227,0.011164281517267227
67,!,0.0,0.0,0.023652520030736923,0.017022939398884773
69, was,0.0,0.0,0.00769436452537775,0.016253992915153503
71, hungry,0.0017684635240584612,0.004344447981566191,0.008095497265458107,0.009132578037679195
