norm_suff_mean,random_suff_mean,norm_comp_mean,random_comp_mean,final suff,final comp,target_tokens
0.0008763079531490803,0.0008688896195963025,0.01680314727127552,0.015039930120110512,1.008537769317627,17.1628360748291, Because$ was$!$ was$ hungry
