norm_suff_mean,random_suff_mean,norm_comp_mean,random_comp_mean,final suff,final comp,target_tokens
0.0053860186599195,0.005256920587271452,0.017832016572356224,0.03839826211333275,1.0245577096939087,7.129247665405273, Because$ was$!$ was$ hungry
