target_pos,target_token,norm_suff,random_suff,norm_comp,random_comp
51, She,0.0,0.0,0.010464840568602085,0.01121628750115633
53, in,9.360795229440555e-05,0.0,0.03224039450287819,0.014061233028769493
55, relationship,0.0,0.0,0.009722163900732994,0.018075045198202133
57, a,0.0004107214044779539,0.0,0.050154272466897964,0.012157660908997059
59,.,0.0,0.0,0.012488726526498795,0.011475949548184872
