target_pos,target_token,norm_suff,random_suff,norm_comp,random_comp
51, She,0.0012457576813176274,0.0,0.05276257544755936,0.06756933778524399
53, in,0.0,0.0,0.009260482154786587,0.011461379937827587
55, relationship,0.00016487116226926446,0.0,0.013985443860292435,0.011450361460447311
57, a,0.0,0.0,0.0693441852927208,0.024550294503569603
59,.,0.0,0.0,0.008838505484163761,0.01501251570880413
