target_pos,target_token,norm_suff,random_suff,norm_comp,random_comp
56, I,0.00254085473716259,0.00743342749774456,0.013130824081599712,0.015133902430534363
58,'t,0.0001444345834897831,0.0,0.0001785809436114505,0.00024759070947766304
60,.,0.0,0.0,0.02167290821671486,0.012346281670033932
62, was,0.0,0.0,0.034918319433927536,0.007473481819033623
64, like,0.0,0.0,0.011203298345208168,0.0566168949007988
