target_pos,target_token,norm_suff,random_suff,norm_comp,random_comp
56, I,0.0,0.0033563668839633465,0.0360073447227478,0.03008556365966797
58,'t,2.22759808821138e-05,0.0,0.00015653851733077317,0.00014847356942482293
60,.,0.0,0.0,0.026339005678892136,0.009002420119941235
62, was,0.0001213236027979292,0.0,0.00696873664855957,0.016049688681960106
64, like,0.0,0.0,0.011484738439321518,0.013455615378916264
