norm_suff_mean,random_suff_mean,norm_comp_mean,random_comp_mean,final suff,final comp,target_tokens
0.0005370578728616238,0.0014866854762658477,0.016220785677433014,0.018363630399107933,0.36124512553215027,34.19301986694336, I$'t$.$ was$ like
