norm_suff_mean,random_suff_mean,norm_comp_mean,random_comp_mean,final suff,final comp,target_tokens
2.871991637221072e-05,0.0006712733884342015,0.01619127206504345,0.0137483524158597,0.04278423264622688,478.7044677734375, I$'t$.$ was$ like
