target_pos,target_token,norm_suff,random_suff,norm_comp,random_comp
48, Because,0.0,0.006174975074827671,0.010888966731727123,0.060377899557352066
50, was,0.0003057645808439702,0.0,0.007511593401432037,0.008479316718876362
52, working,0.0,0.0,0.04033516347408295,0.05140991881489754
54, his,0.0,0.0028502820059657097,0.013854166492819786,0.11694449186325073
56,.,0.0,0.0,0.011262278072535992,0.019731972366571426
