target_pos,target_token,norm_suff,random_suff,norm_comp,random_comp
48, Because,0.0,0.055065274238586426,0.04014481231570244,0.022991061210632324
50, was,0.0,0.0006778990500606596,0.036623839288949966,0.04094814509153366
52, working,0.0,0.0,0.012467696331441402,0.012506159953773022
54, his,0.0,0.0003170033451169729,0.009408053942024708,0.01097277831286192
56,.,0.0,0.014851504936814308,0.053208816796541214,0.06743191182613373
