norm_suff_mean,random_suff_mean,norm_comp_mean,random_comp_mean,final suff,final comp,target_tokens
6.115291762398556e-05,0.0018050514627248049,0.016770435497164726,0.05138871818780899,0.033878766000270844,840.3314208984375, Because$ was$ working$ his$.
