target_pos,target_token,norm_suff,random_suff,norm_comp,random_comp
59, Because,0.0,0.0,0.009357240982353687,0.013461127877235413
61, was,0.001155163045041263,0.0,0.006982782855629921,0.04025258123874664
63, ge,0.0,0.0,0.03558094799518585,0.015127978287637234
65,.,0.0,0.0,0.019907081499695778,0.06794814020395279
67, was,0.0,0.0,0.014553084969520569,0.005919904448091984
