target_pos,target_token,norm_suff,random_suff,norm_comp,random_comp
59, Because,0.0,0.008760618045926094,0.023686734959483147,0.01800699718296528
61, was,0.0,0.0,0.0068890186958014965,0.011728672310709953
63, ge,0.0,0.0,0.02822561003267765,0.01178533025085926
65,.,0.0,0.0,0.01573823019862175,0.023134734481573105
67, was,0.0,0.0,0.008876591920852661,0.008746237494051456
