target_pos,target_token,norm_suff,random_suff,norm_comp,random_comp
53, Because,0.01142221037298441,0.005120256915688515,0.02769782766699791,0.008228495717048645
55, was,0.0,0.0,0.02736988291144371,0.013467513956129551
57, only,0.0,0.0,0.014419459737837315,0.011707542464137077
59, who,0.0005368913407437503,0.0,0.007347324397414923,0.03042573668062687
61, sit,0.0,0.0,0.05649257078766823,0.010516124777495861
