target_pos,target_token,norm_suff,random_suff,norm_comp,random_comp
53, Because,0.0,0.0,0.02837519161403179,0.014250260777771473
55, was,0.0006027235649526119,0.0,0.023075701668858528,0.011979680508375168
57, only,0.0002067066088784486,0.0003398879198357463,0.010408002883195877,0.011211865581572056
59, who,0.0,0.0,0.005110770929604769,0.008330803364515305
61, sit,0.0,0.0,0.010714178904891014,0.011530370451509953
