norm_suff_mean,random_suff_mean,norm_comp_mean,random_comp_mean,final suff,final comp,target_tokens
0.002391820540651679,0.001024051452986896,0.02666541375219822,0.014869081787765026,2.3356449604034424,6.21663761138916, Because$ was$ only$ who$ sit
