norm_suff_mean,random_suff_mean,norm_comp_mean,random_comp_mean,final suff,final comp,target_tokens
0.00016188602603506297,6.797758396714926e-05,0.015536770224571228,0.011460595764219761,2.3814618587493896,70.79422760009766, Because$ was$ only$ who$ sit
