target_pos,target_token,norm_suff,random_suff,norm_comp,random_comp
64, Because,0.0177770908921957,0.0,0.010230807587504387,0.01936848647892475
66, were,0.0,0.0004681396239902824,0.010660992003977299,0.012784542515873909
68, of,0.0,0.10055580735206604,0.010906757786870003,0.00875560287386179
70, barb,0.000920755323022604,0.00083854392869398,0.017073258757591248,0.022676311433315277
72,.,0.0,0.3786984384059906,0.02158237248659134,0.014362727291882038
