target_pos,target_token,norm_suff,random_suff,norm_comp,random_comp
64, Because,0.0,0.0,0.014687925577163696,0.012490135617554188
66, were,0.0,0.0008136074175126851,0.005422639194875956,0.032854728400707245
68, of,0.059202421456575394,0.0,0.0180609580129385,0.017234202474355698
70, barb,0.01939883455634117,0.01617114245891571,0.042872264981269836,0.032919637858867645
72,.,0.09761589765548706,0.18276862800121307,0.008034474216401577,0.005901505704969168
