norm_suff_mean,random_suff_mean,norm_comp_mean,random_comp_mean,final suff,final comp,target_tokens
0.0037395693361759186,0.09611218422651291,0.01409083791077137,0.015589534305036068,0.03890838101506233,4.16880464553833, Because$ were$ of$ barb$.
