norm_suff_mean,random_suff_mean,norm_comp_mean,random_comp_mean,final suff,final comp,target_tokens
0.035243432968854904,0.03995067626237869,0.01781565323472023,0.02028004266321659,0.8821735978126526,0.5754275321960449, Because$ were$ of$ barb$.
