{
    "$schema": "../docs/rationalization.schema.json",
    "id": 16,
    "input-text": [
        "</s>",
        "Every",
        " other",
        " day",
        ",",
        " it",
        " started",
        " moving",
        " in",
        " the",
        " morning",
        ".",
        " (",
        "I",
        " tried",
        " to",
        " remember",
        " the",
        " name",
        " of",
        " the",
        " woman",
        " at",
        " the",
        " bar",
        ").",
        " But",
        " today",
        ",",
        " it",
        " did",
        " not"
    ],
    "input-tokens": [
        2,
        7682,
        97,
        183,
        6,
        24,
        554,
        1375,
        11,
        5,
        662,
        4,
        36,
        100,
        1381,
        7,
        2145,
        5,
        766,
        9,
        5,
        693,
        23,
        5,
        2003,
        322,
        125,
        452,
        6,
        24,
        222,
        45
    ],
    "target-text": " move",
    "target-token": 517,
    "rational-size": 9,
    "rational-positions": [
        2,
        7,
        8,
        10,
        12,
        16,
        27,
        30,
        31
    ],
    "rational-text": [
        " other",
        " moving",
        " in",
        " morning",
        " (",
        " remember",
        " today",
        " did",
        " not"
    ],
    "rational-tokens": [
        97,
        1375,
        11,
        662,
        36,
        2145,
        452,
        222,
        45
    ],
    "importance-scores": [
        8.2147906319503e-32,
        4.1336931008661927e-16,
        1.1647188813412868e-07,
        4.434215087807304e-20,
        2.2627947518500474e-17,
        3.996711313139309e-18,
        8.231638590413871e-21,
        0.7495807409286499,
        4.1274544892999643e-10,
        9.282129510794955e-32,
        6.030185543000362e-18,
        1.0253938495541082e-17,
        2.0031697545164207e-07,
        1.0011410082332704e-23,
        6.146292719222402e-08,
        3.151834608724198e-29,
        1.226817047950135e-08,
        7.06796139627805e-14,
        5.230362302062864e-29,
        8.049392148065794e-18,
        5.3171862224343e-15,
        8.511155941663604e-35,
        1.4976094442131446e-29,
        4.955235527459578e-11,
        2.476774861592812e-12,
        4.110466057987012e-28,
        8.50380844978323e-17,
        0.25040173530578613,
        5.509817866629612e-28,
        2.0500732826002e-20,
        1.7094063878175803e-05,
        1.8269597390485615e-08
    ],
    "comments": {
        "created-by": "run_analogies.py",
        "args": {
            "model": "KoboldAI/OPT-6.7B-Erebus",
            "cache_dir": "cache/",
            "tokenizer": "KoboldAI/OPT-6.7B-Erebus",
            "data_dir": "data/analogies/OPT6B/",
            "importance_results_dir": "rationalization_results/analogies/OPT6B_ours/top5_replace0.3_max5000_batch5",
            "device": "cuda",
            "rationalization_config": "config/OPT6B/top5_replace0.3_max5000_batch5.json",
            "input_num_ratio": 1.0,
            "logfolder": "logs/analogies/OPT6B_ours/top5_replace0.3_max5000_batch5",
            "loglevel": 20
        },
        "time_elapsed": 1599.9927246570587,
        "separate_rational": [
            [
                " moving",
                " today",
                " (",
                " the",
                " in",
                " other",
                " not",
                " did"
            ],
            [
                " moving",
                " did",
                " other",
                " remember",
                " in",
                " the",
                "Every",
                " not"
            ],
            [
                " moving",
                " did",
                " tried",
                " not",
                " bar",
                " other",
                " the",
                " But"
            ],
            [
                " today",
                " not",
                " morning",
                " in",
                " (",
                " did",
                " moving",
                " remember"
            ],
            [
                " did",
                " not",
                " morning",
                " other",
                " started",
                ",",
                " remember",
                ")."
            ]
        ]
    }
}