{
    "$schema": "../docs/rationalization.schema.json",
    "id": 34,
    "input-text": [
        "</s>",
        "I",
        " can",
        " usually",
        " work",
        " by",
        " myself",
        ".",
        " (",
        "I",
        " was",
        " so",
        " behind",
        " on",
        " work",
        " but",
        " I",
        " tried",
        " to",
        " distract",
        " myself",
        ").",
        " Although",
        " it",
        "'s",
        " so",
        " much",
        " better",
        " when",
        " someone",
        " else",
        " also"
    ],
    "input-tokens": [
        2,
        100,
        64,
        2333,
        173,
        30,
        2185,
        4,
        36,
        100,
        21,
        98,
        639,
        15,
        173,
        53,
        38,
        1381,
        7,
        21943,
        2185,
        322,
        2223,
        24,
        18,
        98,
        203,
        357,
        77,
        951,
        1493,
        67
    ],
    "target-text": " works",
    "target-token": 1364,
    "rational-size": 9,
    "rational-positions": [
        4,
        5,
        6,
        23,
        27,
        28,
        29,
        30,
        31
    ],
    "rational-text": [
        " work",
        " by",
        " myself",
        " it",
        " better",
        " when",
        " someone",
        " else",
        " also"
    ],
    "rational-tokens": [
        173,
        30,
        2185,
        24,
        357,
        77,
        951,
        1493,
        67
    ],
    "importance-scores": [
        6.4483671735615644e-09,
        6.094598025037368e-13,
        2.2330861525155996e-14,
        2.0279155761446964e-18,
        0.4667097330093384,
        4.785847451671543e-08,
        9.148445889728407e-11,
        6.072932311380636e-15,
        1.5015712197946618e-13,
        2.5747680007506503e-20,
        2.3778084654659274e-15,
        6.792818477846518e-12,
        2.0134962142037693e-08,
        1.7715931261048923e-13,
        1.5518455051262252e-14,
        3.385398122528836e-17,
        1.2322584619361976e-10,
        1.7345711794528908e-14,
        1.2506075341978118e-10,
        3.2390851611129035e-14,
        2.8398995394890436e-13,
        1.370108741765479e-14,
        7.445619453201293e-17,
        7.168705733195946e-12,
        1.070038087541518e-13,
        3.5273509712608654e-15,
        7.868396212362683e-11,
        0.001487649860791862,
        0.0001549290172988549,
        0.03164759650826454,
        0.24996060132980347,
        0.2500394582748413
    ],
    "comments": {
        "created-by": "run_analogies.py",
        "args": {
            "model": "KoboldAI/OPT-6.7B-Erebus",
            "cache_dir": "cache/",
            "tokenizer": "KoboldAI/OPT-6.7B-Erebus",
            "data_dir": "data/analogies/OPT6B/",
            "importance_results_dir": "rationalization_results/analogies/OPT6B_ours/top5_replace0.3_max5000_batch5",
            "device": "cuda",
            "rationalization_config": "config/OPT6B/top5_replace0.3_max5000_batch5.json",
            "input_num_ratio": 1.0,
            "logfolder": "logs/analogies/OPT6B_ours/top5_replace0.3_max5000_batch5",
            "loglevel": 20
        },
        "time_elapsed": 1608.746327161789,
        "separate_rational": [
            [
                " else",
                " also",
                " work",
                " someone",
                " better",
                " myself",
                " by",
                " it"
            ],
            [
                " also",
                " work",
                " else",
                "I",
                " it",
                " when",
                ").",
                " someone"
            ],
            [
                " work",
                " also",
                " someone",
                " myself",
                " work",
                " else",
                " but",
                " on"
            ],
            [
                " also",
                " work",
                " else",
                " by",
                " much",
                " it",
                " someone",
                " myself"
            ],
            [
                " work",
                " someone",
                " better",
                " when",
                " by",
                " behind",
                "</s>",
                " also"
            ]
        ]
    }
}