{
    "$schema": "../docs/rationalization.schema.json",
    "id": 7,
    "input-text": [
        "</s>",
        "As",
        " soon",
        " as",
        " I",
        " arrived",
        " in",
        " Wisconsin",
        ",",
        " I",
        " checked",
        " into",
        " my",
        " hotel",
        " and",
        " watched",
        " a",
        " movie",
        " before",
        " falling",
        " asleep",
        ".",
        " (",
        "I",
        " had",
        " a",
        " great",
        " call",
        " with",
        " my",
        " husband",
        ",",
        " although",
        " I",
        " wish",
        " it",
        " were",
        " longer",
        ").",
        " I",
        " was",
        " staying",
        " in",
        " my",
        " favorite",
        " city",
        ","
    ],
    "input-tokens": [
        2,
        1620,
        1010,
        25,
        38,
        2035,
        11,
        4222,
        6,
        38,
        7869,
        88,
        127,
        2303,
        8,
        3996,
        10,
        1569,
        137,
        3064,
        15028,
        4,
        36,
        100,
        56,
        10,
        372,
        486,
        19,
        127,
        1623,
        6,
        1712,
        38,
        2813,
        24,
        58,
        1181,
        322,
        38,
        21,
        4959,
        11,
        127,
        2674,
        343,
        6
    ],
    "target-text": " Madison",
    "target-token": 6370,
    "rational-size": 7,
    "rational-positions": [
        5,
        7,
        13,
        24,
        41,
        44,
        45
    ],
    "rational-text": [
        " arrived",
        " Wisconsin",
        " hotel",
        " had",
        " staying",
        " favorite",
        " city"
    ],
    "rational-tokens": [
        2035,
        4222,
        2303,
        56,
        4959,
        2674,
        343
    ],
    "importance-scores": [
        0.0,
        0.0,
        5.1273092190023e-18,
        0.0,
        2.1498300650132046e-40,
        1.0,
        8.691556445828473e-18,
        1.2783668431255735e-21,
        0.0,
        0.0,
        0.0,
        0.0,
        0.0,
        0.0,
        0.0,
        0.0,
        0.0,
        1.5896469909147157e-40,
        0.0,
        0.0,
        0.0,
        0.0,
        2.4508142447007183e-36,
        1.384305898756875e-38,
        0.0,
        7.824090399073146e-33,
        0.0,
        0.0,
        0.0,
        0.0,
        0.0,
        0.0,
        2.730393967463113e-34,
        0.0,
        0.0,
        0.0,
        2.2294041996083537e-39,
        2.1680206549503843e-31,
        3.814245321402622e-27,
        1.4332271108050484e-29,
        0.0,
        7.940841042673878e-27,
        0.0,
        7.393844848326609e-39,
        6.099863693203657e-21,
        1.1637446133434456e-28,
        0.0
    ],
    "comments": {
        "created-by": "run_analogies.py",
        "args": {
            "model": "KoboldAI/OPT-6.7B-Erebus",
            "cache_dir": "cache/",
            "tokenizer": "KoboldAI/OPT-6.7B-Erebus",
            "data_dir": "data/analogies/OPT6B/",
            "importance_results_dir": "rationalization_results/analogies/OPT6B_ours/top5_replace0.3_max5000_batch5",
            "device": "cuda",
            "rationalization_config": "config/OPT6B/top5_replace0.3_max5000_batch5.json",
            "input_num_ratio": 1.0,
            "logfolder": "logs/analogies/OPT6B_ours/top5_replace0.3_max5000_batch5",
            "loglevel": 20
        },
        "time_elapsed": 2430.686165332794,
        "separate_rational": [
            [
                " favorite",
                " Wisconsin",
                " it",
                " had",
                " staying",
                " wish",
                " city",
                " movie"
            ],
            [
                " arrived",
                " in",
                " soon",
                " favorite",
                " Wisconsin",
                " staying",
                ").",
                " city"
            ],
            [
                " favorite",
                " Wisconsin",
                " my",
                " had",
                " longer",
                "</s>",
                " hotel",
                " I"
            ],
            [
                " city",
                " favorite",
                " Wisconsin",
                " checked",
                " arrived",
                " was",
                ",",
                "As"
            ],
            [
                " I",
                " Wisconsin",
                " city",
                " arrived",
                " favorite",
                "I",
                " hotel",
                " I"
            ]
        ]
    }
}