{
    "$schema": "../docs/rationalization.schema.json",
    "id": 1,
    "input-text": [
        "</s>",
        "When",
        " my",
        " flight",
        " landed",
        " in",
        " Russia",
        ",",
        " I",
        " converted",
        " my",
        " currency",
        " and",
        " slowly",
        " fell",
        " asleep",
        ".",
        " (",
        "I",
        " had",
        " a",
        " terrifying",
        " dream",
        " about",
        " my",
        " grandmother",
        ",",
        " but",
        " that",
        "'s",
        " a",
        " story",
        " for",
        " another",
        " time",
        ").",
        " I",
        " was",
        " staying",
        " in",
        " the",
        " capital",
        ","
    ],
    "input-tokens": [
        2,
        1779,
        127,
        2524,
        5932,
        11,
        798,
        6,
        38,
        8417,
        127,
        2593,
        8,
        5764,
        1064,
        15028,
        4,
        36,
        100,
        56,
        10,
        15567,
        3366,
        59,
        127,
        8853,
        6,
        53,
        14,
        18,
        10,
        527,
        13,
        277,
        86,
        322,
        38,
        21,
        4959,
        11,
        5,
        812,
        6
    ],
    "target-text": " Moscow",
    "target-token": 3467,
    "rational-size": 5,
    "rational-positions": [
        42,
        7,
        1,
        39,
        36
    ],
    "rational-text": [
        ",",
        ",",
        "When",
        " in",
        " I"
    ],
    "rational-tokens": [
        6,
        6,
        1779,
        11,
        38
    ],
    "importance-scores": [
        0.0336974561214447,
        0.057774581015110016,
        0.027331918478012085,
        0.020820854231715202,
        0.026960253715515137,
        0.021197939291596413,
        0.02608134038746357,
        0.09450334310531616,
        0.012737113051116467,
        0.009089929051697254,
        0.014450376853346825,
        0.004997480660676956,
        0.021271655336022377,
        0.010410857386887074,
        0.009810452349483967,
        0.006989015731960535,
        0.016986286267638206,
        0.019823551177978516,
        0.016712656244635582,
        0.006057857535779476,
        0.006241162773221731,
        0.008219190873205662,
        0.011675005778670311,
        0.010454745963215828,
        0.005184705834835768,
        0.004698811564594507,
        0.012209843844175339,
        0.014199262484908104,
        0.009647280909121037,
        0.00690549286082387,
        0.00711778923869133,
        0.008342745713889599,
        0.012177343480288982,
        0.009184075519442558,
        0.008357495069503784,
        0.00892223697155714,
        0.04121898487210274,
        0.017049841582775116,
        0.02328568510711193,
        0.0462077371776104,
        0.034942254424095154,
        0.030427085235714912,
        0.15254871547222137
    ],
    "comments": {
        "created-by": "run_analogies.py",
        "args": {
            "model": "facebook/opt-350m",
            "cache_dir": "./cache/",
            "tokenizer": "facebook/opt-350m",
            "data_dir": "data/analogies/OPT350M/",
            "importance_results_dir": "rationalization_results/analogies/OPT350M_input_x_gradient",
            "device": "cuda",
            "rationalization_config": "config/eva_input_x_gradient.json",
            "input_num_ratio": 1,
            "logfolder": "logs/analogies/OPT350M_input_x_gradient",
            "loglevel": 20
        },
        "time_elapsed": 0.039957284927368164
    }
}