{
    "$schema": "../docs/rationalization.schema.json",
    "id": 19,
    "input-text": [
        "</s>",
        "I",
        " had",
        " never",
        " been",
        " friends",
        " with",
        " any",
        " German",
        " people",
        " before",
        ".",
        " (",
        "The",
        " funn",
        "iest",
        " thing",
        " happened",
        " to",
        " me",
        " the",
        " other",
        " day",
        ",",
        " but",
        " that",
        "'s",
        " a",
        " story",
        " for",
        " another",
        " time",
        ").",
        " In",
        " fact",
        ",",
        " I",
        " had",
        " never",
        " even",
        " been",
        " to"
    ],
    "input-tokens": [
        2,
        100,
        56,
        393,
        57,
        964,
        19,
        143,
        1859,
        82,
        137,
        4,
        36,
        133,
        29310,
        7098,
        631,
        1102,
        7,
        162,
        5,
        97,
        183,
        6,
        53,
        14,
        18,
        10,
        527,
        13,
        277,
        86,
        322,
        96,
        754,
        6,
        38,
        56,
        393,
        190,
        57,
        7
    ],
    "target-text": " Germany",
    "target-token": 1600,
    "rational-size": 5,
    "rational-positions": [
        9,
        41,
        40,
        6,
        1
    ],
    "rational-text": [
        " people",
        " to",
        " been",
        " with",
        "I"
    ],
    "rational-tokens": [
        82,
        7,
        57,
        19,
        100
    ],
    "importance-scores": [
        0.025686541572213173,
        0.044566597789525986,
        0.017587484791874886,
        0.0251149944961071,
        0.02926877699792385,
        0.02321278490126133,
        0.048482637852430344,
        0.027204593643546104,
        0.01998523622751236,
        0.099456287920475,
        0.03791557997465134,
        0.01668492704629898,
        0.02018248848617077,
        0.018529154360294342,
        0.00827743485569954,
        0.01850617118179798,
        0.010174237191677094,
        0.010374294593930244,
        0.01458093710243702,
        0.009216740727424622,
        0.008862721733748913,
        0.01057879626750946,
        0.007826706394553185,
        0.013140824623405933,
        0.009128031320869923,
        0.006303275004029274,
        0.00561215914785862,
        0.005554237402975559,
        0.006890502758324146,
        0.008101511746644974,
        0.0065577346831560135,
        0.005244995001703501,
        0.006483591627329588,
        0.0268709696829319,
        0.01576971635222435,
        0.03918173536658287,
        0.026377592235803604,
        0.01832335814833641,
        0.02320467308163643,
        0.04134649783372879,
        0.051067035645246506,
        0.05589643493294716
    ],
    "comments": {
        "created-by": "run_analogies.py",
        "args": {
            "model": "facebook/opt-350m",
            "cache_dir": "./cache/",
            "tokenizer": "facebook/opt-350m",
            "data_dir": "data/analogies/OPT350M/",
            "importance_results_dir": "rationalization_results/analogies/OPT350M_input_x_gradient",
            "device": "cuda",
            "rationalization_config": "config/eva_input_x_gradient.json",
            "input_num_ratio": 1,
            "logfolder": "logs/analogies/OPT350M_input_x_gradient",
            "loglevel": 20
        },
        "time_elapsed": 0.042345523834228516
    }
}