{
    "$schema": "../docs/rationalization.schema.json",
    "id": 25,
    "input-text": [
        "</s>",
        "I",
        " had",
        " never",
        " been",
        " friends",
        " with",
        " any",
        " Russian",
        " people",
        " before",
        ".",
        " (",
        "The",
        " funn",
        "iest",
        " thing",
        " happened",
        " to",
        " me",
        " the",
        " other",
        " day",
        ",",
        " but",
        " that",
        "'s",
        " a",
        " story",
        " for",
        " another",
        " time",
        ").",
        " In",
        " fact",
        ",",
        " I",
        " had",
        " never",
        " even",
        " been",
        " to"
    ],
    "input-tokens": [
        2,
        100,
        56,
        393,
        57,
        964,
        19,
        143,
        1083,
        82,
        137,
        4,
        36,
        133,
        29310,
        7098,
        631,
        1102,
        7,
        162,
        5,
        97,
        183,
        6,
        53,
        14,
        18,
        10,
        527,
        13,
        277,
        86,
        322,
        96,
        754,
        6,
        38,
        56,
        393,
        190,
        57,
        7
    ],
    "target-text": " Russia",
    "target-token": 798,
    "rational-size": 5,
    "rational-positions": [
        9,
        40,
        1,
        10,
        41
    ],
    "rational-text": [
        " people",
        " been",
        "I",
        " before",
        " to"
    ],
    "rational-tokens": [
        82,
        57,
        100,
        137,
        7
    ],
    "importance-scores": [
        0.027328534051775932,
        0.05268391966819763,
        0.019930008798837662,
        0.025971390306949615,
        0.028437502682209015,
        0.023231955245137215,
        0.044610679149627686,
        0.028595883399248123,
        0.02315390110015869,
        0.09964144229888916,
        0.051887888461351395,
        0.014127056114375591,
        0.01856161840260029,
        0.015595468692481518,
        0.008392407558858395,
        0.014339963905513287,
        0.008717043325304985,
        0.008833673782646656,
        0.014384441077709198,
        0.008415811695158482,
        0.007187390234321356,
        0.009109282866120338,
        0.006620085332542658,
        0.010861650109291077,
        0.009145381860435009,
        0.00619488162919879,
        0.005383891053497791,
        0.004943497944623232,
        0.007370821665972471,
        0.007087744772434235,
        0.006282886024564505,
        0.004980248399078846,
        0.006062875036150217,
        0.029573947191238403,
        0.018056245520710945,
        0.0440901555120945,
        0.024956190958619118,
        0.017002882435917854,
        0.023032449185848236,
        0.03814034163951874,
        0.05913041532039642,
        0.04941533878445625
    ],
    "comments": {
        "created-by": "run_analogies.py",
        "args": {
            "model": "facebook/opt-350m",
            "cache_dir": "./cache/",
            "tokenizer": "facebook/opt-350m",
            "data_dir": "data/analogies/OPT350M/",
            "importance_results_dir": "rationalization_results/analogies/OPT350M_input_x_gradient",
            "device": "cuda",
            "rationalization_config": "config/eva_input_x_gradient.json",
            "input_num_ratio": 1,
            "logfolder": "logs/analogies/OPT350M_input_x_gradient",
            "loglevel": 20
        },
        "time_elapsed": 0.03707098960876465
    }
}