suff,comp,random_suff,random_comp
0.5594277931886632,1.0063012033232688,0.0322018901869525,0.6757831540692841
