suff,comp,random_suff,random_comp
0.01728951342635929,0.23008132865747402,0.006256254514116921,0.1747666388485241
