suff,comp,random_suff,random_comp
0.04100682203570782,0.8640548839890513,0.010441814000712726,0.3623328094580555
