suff,comp,random_suff,random_comp
0.01728951342635929,0.23008132865747402,0.007877783172463322,0.18871303611979642
