suff,comp,random_suff,random_comp
0.18917260061323857,0.9707483526466236,0.01404492095811746,0.3230452189289707
