suff,comp,random_suff,random_comp
0.002115481342530402,0.01425143895626936,0.002711723788580276,0.019488462741115643
