suff,comp,random_suff,random_comp
0.5594277931886632,1.0063012033232688,0.044633630292896305,0.6596318859312957
