suff,comp,random_suff,random_comp
0.7617323734619598,0.9949571144696251,0.1634533778239651,0.8515677967456374
