suff,comp,random_suff,random_comp
0.001263526391505092,0.0853782107641938,0.001884754340028757,0.06530802788700184
