suff,comp,random_suff,random_comp
0.4001211961118495,0.9976928562393693,0.037716514199670134,0.6553758120377088
