suff,comp,random_suff,random_comp
0.04100682203570782,0.8640548839890513,0.008798846458561453,0.3165738692264787
