suff,comp,random_suff,random_comp
0.4001211961118495,0.9976928562393693,0.020823812740073788,0.5202116311959137
