suff,comp,random_suff,random_comp
0.6728690717576377,1.003908359140066,0.05709013930765199,0.778979466623389
