suff,comp,random_suff,random_comp
0.0010504656682947936,0.07947769696721553,0.0014921411803814073,0.06128299603261327
