target_pos,target_token,norm_suff,random_suff,norm_comp,random_comp
34, in,0.020244840532541275,0.039216298609972,0.1638864278793335,0.020770348608493805
36, Pennsylvania,0.005672665778547525,0.0,0.027730552479624748,0.0033023718278855085
38, the,0.010237193666398525,0.0,0.011459722183644772,0.0013790088705718517
40, States,0.001478757243603468,0.0,0.0038515212945640087,0.0002869314339477569
42, It,0.0,0.003830077825114131,0.1306963562965393,0.009797168895602226
