norm_suff_mean,random_suff_mean,norm_comp_mean,random_comp_mean,final suff,final comp,target_tokens
0.007526691537350416,0.008609275333583355,0.06752491742372513,0.007107165642082691,0.8742538094520569,0.9442615509033203, in$ Pennsylvania$ the$ States$ It
