target_pos,target_token,norm_suff,random_suff,norm_comp,random_comp
18, in,0.04870368540287018,0.0,0.33374831080436707,0.0035958944354206324
20,75,0.0,0.0,0.12905950844287872,0.008675101213157177
22, It,0.08942287415266037,0.04576410353183746,0.17364361882209778,0.005429205950349569
24, composed,0.013360263779759407,0.0,0.11695200204849243,0.007517458405345678
26, nine,0.013454589061439037,0.008978577330708504,0.08268406987190247,0.008314564824104309
