norm_suff_mean,random_suff_mean,norm_comp_mean,random_comp_mean,final suff,final comp,target_tokens
0.0329882837831974,0.010948535986244678,0.16721749305725098,0.006706445012241602,3.013031482696533,0.20329777896404266, in$75$ It$ composed$ nine
