target_pos,target_token,norm_suff,random_suff,norm_comp,random_comp
19,"
",0.0,0.0,0.3877873122692108,0.03873428329825401
21,'m,0.0025143297389149666,0.002071086084470153,0.24106280505657196,0.01939215324819088
23, sure,0.035513684153556824,0.0,0.30994912981987,0.009408887475728989
25, this,0.035709258168935776,0.019485091790556908,0.244644895195961,0.00615835003554821
27, a,0.05106068029999733,0.02974957972764969,0.21344295144081116,0.013426669873297215
