norm_suff_mean,random_suff_mean,norm_comp_mean,random_comp_mean,final suff,final comp,target_tokens
0.024959592148661613,0.010261151008307934,0.27937743067741394,0.017424067482352257,2.432435989379883,0.6980910301208496,"
$'m$ sure$ this$ a"
