target_pos,target_token,norm_suff,random_suff,norm_comp,random_comp
16, ,0.09176328033208847,0.000387439300538972,0.6841429471969604,0.02286514639854431
18, ,0.0,0.0,0.15016396343708038,0.011262363754212856
20, ,0.0,0.0,0.2141275256872177,0.03143149986863136
22, ,0.07169128954410553,0.007303563877940178,0.48677027225494385,0.015456616878509521
24, ,0.01097000390291214,0.0,0.23212723433971405,0.004027538932859898
