norm_suff_mean,random_suff_mean,norm_comp_mean,random_comp_mean,final suff,final comp,target_tokens
0.03488491475582123,0.0015382006531581283,0.3534663915634155,0.01700863242149353,22.679040908813477,0.4875641167163849, $ $ $ $ 
