target_pos,target_token,norm_suff,random_suff,norm_comp,random_comp
25, ,0.0,0.011507035233080387,0.40695419907569885,0.014160672202706337
27, ,0.02466047927737236,0.0,0.32181161642074585,0.0061367531307041645
29, ,0.021591737866401672,0.0,0.5469892024993896,0.028219377622008324
31, ,0.0,0.023976817727088928,0.7435546517372131,0.008643342182040215
33, ,0.0,0.0,0.24157550930976868,0.013684946112334728
