norm_suff_mean,random_suff_mean,norm_comp_mean,random_comp_mean,final suff,final comp,target_tokens
0.009250443428754807,0.0070967706851661205,0.4521770477294922,0.014169017784297466,1.3034721612930298,1.531712293624878, $ $ $ $ 
