target_pos,target_token,norm_suff,random_suff,norm_comp,random_comp
21, ,0.0,0.0005698791355825961,0.6674541234970093,0.014737355522811413
23, ,0.0,0.0,0.4275972843170166,0.00679467897862196
25, ,0.0,0.0,0.39852532744407654,0.005854932591319084
27, ,0.0038591152988374233,0.0640651136636734,0.2724873423576355,0.0033676938619464636
29, ,0.0,0.0,0.2219875007867813,0.005238938611000776
