norm_suff_mean,random_suff_mean,norm_comp_mean,random_comp_mean,final suff,final comp,target_tokens
0.0007718230481259525,0.012926998548209667,0.39761030673980713,0.007198719773441553,0.05970628559589386,9.326904296875, $ $ $ $ 
