target_pos,target_token,norm_suff,random_suff,norm_comp,random_comp
22, (,0.0,0.016735224053263664,0.022651435807347298,0.004875803366303444
24,",",0.028651902452111244,0.025287523865699768,0.009182301349937916,0.0008963730651885271
26, km,0.0,0.0021301493979990482,0.06875914335250854,0.0018097928259521723
28, from,0.013281777501106262,0.004296981729567051,0.048557594418525696,0.003878910792991519
30, west,0.00816455390304327,0.0,0.056520845741033554,0.011898824945092201
