norm_suff_mean,random_suff_mean,norm_comp_mean,random_comp_mean,final suff,final comp,target_tokens
0.01001964695751667,0.009689976461231709,0.04113426432013512,0.004671941045671701,1.0340218544006348,0.4662780165672302," ($,$ km$ from$ west"
