target_pos,target_token,norm_suff,random_suff,norm_comp,random_comp
26, by,0.011630089022219181,0.0,0.03765624389052391,0.012608137913048267
28, B,0.06297878175973892,0.0,0.006810219492763281,0.0019825284834951162
30,en,0.0022548213601112366,0.0012902874732390046,0.004517996683716774,0.002254728227853775
32, based,0.0,0.0,0.0636001005768776,0.025623779743909836
34, the,0.020681561902165413,0.02585669420659542,0.02491218037903309,0.0087010832503438
