norm_suff_mean,random_suff_mean,norm_comp_mean,random_comp_mean,final suff,final comp,target_tokens
0.019509052857756615,0.005429396405816078,0.027499347925186157,0.010234052315354347,3.593226909637451,0.524579644203186, by$ B$en$ based$ the
