target_pos,target_token,norm_suff,random_suff,norm_comp,random_comp
22, by,0.045497406274080276,0.01728176139295101,0.10186167806386948,0.0248800627887249
24, National,0.0,0.0,0.048619065433740616,0.008105656132102013
26, of,0.0,0.010432993061840534,0.0023445573169738054,0.002588873729109764
28, Arts,0.006057397928088903,0.0015038254205137491,0.010064308531582355,0.005981322377920151
30, Sciences,0.0014219959266483784,4.143484602536773e-06,0.00787569023668766,0.0020834258757531643
