norm_suff_mean,random_suff_mean,norm_comp_mean,random_comp_mean,final suff,final comp,target_tokens
0.010595359839498997,0.005844544619321823,0.034153059124946594,0.00872786808758974,1.8128632307052612,0.8237443566322327, by$ National$ of$ Arts$ Sciences
