target_pos,target_token,norm_suff,random_suff,norm_comp,random_comp
28, The,0.020694594830274582,0.06527216732501984,0.12167181074619293,0.0056634321808815
30,eng,0.001087687211111188,0.001074980478733778,0.02645104192197323,0.0013493255246430635
32, period,0.026442330330610275,0.0,0.05810588598251343,0.009348800405859947
34, often,0.022404996678233147,0.0009319692035205662,0.05232814699411392,0.004102068021893501
36, to,0.003161096014082432,0.0,0.020699230954051018,0.000828260846901685
