norm_suff_mean,random_suff_mean,norm_comp_mean,random_comp_mean,final suff,final comp,target_tokens
0.014758139848709106,0.013455823063850403,0.05585122108459473,0.004258377477526665,1.0967845916748047,0.28854432702064514, The$eng$ period$ often$ to
