target_pos,target_token,norm_suff,random_suff,norm_comp,random_comp
18, in,0.028587276116013527,0.0,0.05709998682141304,0.015616933815181255
20, middle,0.012185823172330856,0.0004399009339977056,0.0449848547577858,0.011761784553527832
22,.,0.0408199280500412,0.025441797450184822,0.08053743094205856,0.005644234828650951
24, was,0.014930183067917824,0.0008225383935496211,0.054481714963912964,0.006152041256427765
26, in,0.0,0.0,0.02858818508684635,0.008189767599105835
