norm_suff_mean,random_suff_mean,norm_comp_mean,random_comp_mean,final suff,final comp,target_tokens
0.01930464245378971,0.0053408476524055,0.05313843488693237,0.009472953155636787,3.614527940750122,0.4907085597515106, in$ middle$.$ was$ in
