target_pos,target_token,norm_suff,random_suff,norm_comp,random_comp
17, ,0.00019914311997126788,0.0,0.6670699119567871,0.018927443772554398
19, ,0.03350808843970299,0.0,0.2803252339363098,0.013712198473513126
21, ,0.04703985154628754,0.0,0.23751981556415558,0.019336091354489326
23, ,0.0,0.002827055985108018,0.2665504217147827,0.014777956530451775
25, ,0.0,0.0,0.29038044810295105,0.00879860483109951
