norm_suff_mean,random_suff_mean,norm_comp_mean,random_comp_mean,final suff,final comp,target_tokens
0.01614941656589508,0.0005654112319462001,0.34836918115615845,0.015110460110008717,28.5622501373291,0.935666024684906, $ $ $ $ 
