target_pos,target_token,norm_suff,random_suff,norm_comp,random_comp
13, They,0.0,0.0,0.13408611714839935,0.053740356117486954
15, used,0.027661463245749474,0.0033562355674803257,0.09456239640712738,0.02414008416235447
17, cooking,0.028585469350218773,0.0,0.09382045269012451,0.011174608953297138
19, as,0.04832850769162178,0.014653345569968224,0.07337212562561035,0.02050035074353218
21, source,0.010113216936588287,0.0,0.0687660500407219,0.01657758839428425
