norm_suff_mean,random_suff_mean,norm_comp_mean,random_comp_mean,final suff,final comp,target_tokens
0.022937731817364693,0.0036019161343574524,0.0929214283823967,0.025226598605513573,6.3682026863098145,1.0997860431671143, They$ used$ cooking$ as$ source
