target_pos,target_token,norm_suff,random_suff,norm_comp,random_comp
21, until,0.040459971874952316,0.0,0.11027023196220398,0.008678290992975235
23, French,0.0,0.0,0.054020967334508896,0.009974664077162743
25, in,0.0189170204102993,0.0,0.046512991189956665,0.008953927084803581
27,89,0.00014465217827819288,0.0009327881271019578,0.020419573411345482,0.0024379563983529806
29, The,0.02558860182762146,0.0,0.11144544184207916,0.006157050374895334
