norm_suff_mean,random_suff_mean,norm_comp_mean,random_comp_mean,final suff,final comp,target_tokens
0.01702204905450344,0.0001865576341515407,0.06853383779525757,0.007240377366542816,91.24284362792969,0.42535287141799927, until$ French$ in$89$ The
