target_pos,target_token,norm_suff,random_suff,norm_comp,random_comp
16, He,0.05868925154209137,0.009830481372773647,0.20383188128471375,0.040092166513204575
18, best,0.01947699673473835,0.006762702018022537,0.10594944655895233,0.009201211854815483
20, for,0.018920619040727615,0.005960594862699509,0.018034247681498528,0.004837717395275831
22, role,0.0,0.0,0.03952212259173393,0.003427465446293354
24, the,0.023564646020531654,0.0,0.053287990391254425,0.0050404309295117855
