norm_suff_mean,random_suff_mean,norm_comp_mean,random_comp_mean,final suff,final comp,target_tokens
0.024130303412675858,0.004510756116360426,0.08412513136863708,0.01251979824155569,5.349503040313721,0.5188413262367249, He$ best$ for$ role$ the
