target_pos,target_token,norm_suff,random_suff,norm_comp,random_comp
16, ,0.0922197550535202,0.0,0.5171019434928894,0.025411313399672508
18, Mario,0.005663119722157717,0.007267561741173267,0.07680644094944,0.010127720423042774
20,.,0.10630914568901062,0.0,0.06721095740795135,0.013498262502253056
22, a,0.06408131867647171,0.0,0.09482266753911972,0.008492465130984783
24, side,0.00017710519023239613,0.0,0.11393924057483673,0.011610196903347969
