norm_suff_mean,random_suff_mean,norm_comp_mean,random_comp_mean,final suff,final comp,target_tokens
0.05369008705019951,0.0014535123482346535,0.17397624254226685,0.013827991671860218,36.93817138671875,0.25755205750465393, $ Mario$.$ a$ side
