target_pos,target_token,norm_suff,random_suff,norm_comp,random_comp
25, of,0.0,0.0,0.34783247113227844,0.009647882543504238
27,ra,0.0014686278300359845,0.0,0.01064806804060936,0.001283754943870008
29, and,0.0,0.0,0.08882681280374527,0.014371149241924286
31, from,0.0,0.0,0.07743403315544128,0.005296155344694853
33,37,0.0,0.0,0.0933997705578804,0.010950488969683647
