target_pos,target_token,norm_suff,random_suff,norm_comp,random_comp
12,"
",0.06157710403203964,0.0,0.9115181565284729,0.03079979121685028
14, had,0.012244364246726036,0.023280389606952667,0.11968094855546951,0.011172669008374214
16, of,0.02130616270005703,0.0,0.06407540291547775,0.007128561846911907
18, in,0.0904381200671196,0.0276561938226223,0.04035639390349388,0.005974106024950743
20, early,0.0,0.0,0.04744424670934677,0.005645782686769962
