norm_suff_mean,random_suff_mean,norm_comp_mean,random_comp_mean,final suff,final comp,target_tokens
0.03711315244436264,0.010187316685914993,0.23661501705646515,0.012144180946052074,3.6430742740631104,0.3272204101085663,"
$ had$ of$ in$ early"
