target_pos,target_token,norm_suff,random_suff,norm_comp,random_comp
21, ,0.004914173390716314,0.0,0.3533709645271301,0.012479486875236034
23, ,0.0,0.01883849874138832,0.24412858486175537,0.007904650643467903
25, ,0.0,0.0,0.30336788296699524,0.025576308369636536
27, ,0.0,0.05867977440357208,0.24340642988681793,0.005479334853589535
29, ,0.0,0.0,0.17823491990566254,0.0065450966358184814
