norm_suff_mean,random_suff_mean,norm_comp_mean,random_comp_mean,final suff,final comp,target_tokens
0.0009828347247093916,0.01550365425646305,0.26450178027153015,0.011596976779401302,0.06339374929666519,11.799518585205078, $ $ $ $ 
