target_pos,target_token,norm_suff,random_suff,norm_comp,random_comp
22, for,0.01856037601828575,0.02887890860438347,0.12974323332309723,0.010539837181568146
24, Los,0.0010242757853120565,0.0,0.02555413357913494,0.016277482733130455
26, Dodgers,0.0010138384532183409,0.0,0.004791656509041786,0.0024965484626591206
28, Major,0.0016017622547224164,0.004425127059221268,0.01619904860854149,0.00070434738881886
30, Baseball,0.0,0.0004642251878976822,0.002772453473880887,0.0008150966605171561
