norm_suff_mean,random_suff_mean,norm_comp_mean,random_comp_mean,final suff,final comp,target_tokens
0.004440050572156906,0.006753651890903711,0.03581210598349571,0.006166662555187941,0.657429575920105,1.3888721466064453, for$ Los$ Dodgers$ Major$ Baseball
