target_pos,target_token,norm_suff,random_suff,norm_comp,random_comp
26, ,0.07698959857225418,0.0745723620057106,0.27126380801200867,0.006229536607861519
28, ,0.0,0.04427780210971832,0.19145521521568298,0.00486789271235466
30, ,0.03437837213277817,0.0,0.19244486093521118,0.005270834546536207
32, ,0.0,0.04692760854959488,0.1532348394393921,0.004113330040127039
34, ,0.0,0.04849153757095337,0.11970768123865128,0.004749722313135862
