norm_suff_mean,random_suff_mean,norm_comp_mean,random_comp_mean,final suff,final comp,target_tokens
0.0222735945135355,0.042853862047195435,0.18562127649784088,0.005046263337135315,0.5197569727897644,0.22655810415744781, $ $ $ $ 
