{
    "$schema": "../docs/rationalization.schema.json",
    "id": 10,
    "input-text": [
        "When",
        " my",
        " flight",
        " landed",
        " in",
        " Peru",
        ",",
        " I",
        " converted",
        " my",
        " currency",
        " and",
        " slowly",
        " fell",
        " asleep",
        ".",
        " (",
        "I",
        " was",
        " behind",
        " on",
        " a",
        " couple",
        " of",
        " assignments",
        ",",
        " but",
        " I",
        " tried",
        " not",
        " to",
        " think",
        " about",
        " them",
        ").",
        " I",
        " was",
        " staying",
        " in",
        " the",
        " capital",
        ","
    ],
    "input-tokens": [
        2215,
        616,
        5474,
        11406,
        287,
        25768,
        11,
        314,
        11513,
        616,
        7395,
        290,
        6364,
        3214,
        16039,
        13,
        357,
        40,
        373,
        2157,
        319,
        257,
        3155,
        286,
        25815,
        11,
        475,
        314,
        3088,
        407,
        284,
        892,
        546,
        606,
        737,
        314,
        373,
        10589,
        287,
        262,
        3139,
        11
    ],
    "target-text": " Lima",
    "target-token": 41578,
    "rational-size": 8,
    "rational-positions": [
        0,
        1,
        2,
        3,
        4,
        5,
        39,
        40
    ],
    "rational-text": [
        "When",
        " my",
        " flight",
        " landed",
        " in",
        " Peru",
        " the",
        " capital"
    ],
    "rational-tokens": [
        2215,
        616,
        5474,
        11406,
        287,
        25768,
        262,
        3139
    ],
    "importance-scores": [
        0.0,
        0.0,
        0.0,
        0.0,
        0.0,
        1.4425935660256073e-05,
        0.0,
        0.0,
        0.0,
        0.0,
        0.0,
        0.0,
        0.0,
        0.0,
        0.0,
        0.0,
        0.0,
        0.0,
        0.0,
        0.0,
        0.0,
        0.0,
        0.0,
        0.0,
        0.0,
        0.0,
        1.6965800767273425e-40,
        0.0,
        0.0,
        0.0,
        0.0,
        0.0,
        0.0,
        0.0,
        0.0,
        0.0,
        0.0,
        0.0,
        4.638297916915145e-41,
        2.2883602543774514e-24,
        0.9999855756759644,
        0.0
    ],
    "comments": {
        "created-by": "run_analogies.py",
        "args": {
            "model": "EleutherAI/gpt-j-6b",
            "cache_dir": "cache/",
            "tokenizer": "EleutherAI/gpt-j-6b",
            "data_dir": "data/analogies/gpt6b",
            "importance_results_dir": "rationalization_results/analogies/gpt6b_ours/top3_replace0.1_max5000_batch5",
            "device": "cuda",
            "rationalization_config": "config//top3_replace0.1_max5000_batch5.json",
            "input_num_ratio": 1.0,
            "logfolder": "logs/analogies/gpt6b_ours/top3_replace0.1_max5000_batch5",
            "loglevel": 20
        },
        "time_elapsed": 2144.5734691619873,
        "separate_rational": [
            [
                " capital",
                " Peru",
                " the",
                "When",
                " my",
                " flight",
                " landed",
                " in"
            ],
            [
                " capital",
                " Peru",
                " the",
                " but",
                "When",
                " my",
                " flight",
                " landed"
            ],
            [
                " capital",
                " Peru",
                " the",
                " in",
                "When",
                " my",
                " flight",
                " landed"
            ],
            [
                " capital",
                " Peru",
                " the",
                "When",
                " my",
                " flight",
                " landed",
                " in"
            ],
            [
                " Peru",
                "When",
                " my",
                " flight",
                " landed",
                " in",
                ",",
                " I"
            ]
        ]
    }
}