{
    "$schema": "../docs/rationalization.schema.json",
    "id": 28,
    "input-text": [
        "As",
        " soon",
        " as",
        " I",
        " arrived",
        " in",
        " Romania",
        ",",
        " I",
        " checked",
        " into",
        " my",
        " hotel",
        " and",
        " took",
        " a",
        " long",
        " nap",
        ".",
        " (",
        "I",
        " had",
        " finally",
        " finished",
        " the",
        " book",
        " I",
        " was",
        " reading",
        " and",
        " it",
        " was",
        " amazing",
        ").",
        " I",
        " had",
        " to",
        " figure",
        " out",
        " the",
        " exchange",
        " rate",
        " to",
        " the",
        " local",
        " currency",
        ",",
        " which",
        " is",
        " apparently",
        " called",
        " the",
        " le"
    ],
    "input-tokens": [
        1722,
        2582,
        355,
        314,
        5284,
        287,
        23356,
        11,
        314,
        10667,
        656,
        616,
        7541,
        290,
        1718,
        257,
        890,
        25422,
        13,
        357,
        40,
        550,
        3443,
        5201,
        262,
        1492,
        314,
        373,
        3555,
        290,
        340,
        373,
        4998,
        737,
        314,
        550,
        284,
        3785,
        503,
        262,
        5163,
        2494,
        284,
        262,
        1957,
        7395,
        11,
        543,
        318,
        5729,
        1444,
        262,
        443
    ],
    "target-text": "u",
    "target-token": 84,
    "rational-size": 8,
    "rational-positions": [
        0,
        1,
        2,
        3,
        4,
        5,
        6,
        52
    ],
    "rational-text": [
        "As",
        " soon",
        " as",
        " I",
        " arrived",
        " in",
        " Romania",
        " le"
    ],
    "rational-tokens": [
        1722,
        2582,
        355,
        314,
        5284,
        287,
        23356,
        443
    ],
    "importance-scores": [
        1.0509738482436128e-43,
        0.0,
        0.0,
        0.0,
        0.0,
        6.346587804129771e-38,
        3.594528188656302e-31,
        0.0,
        0.0,
        0.0,
        0.0,
        0.0,
        0.0,
        0.0,
        0.0,
        0.0,
        0.0,
        0.0,
        5.605193857299268e-45,
        0.0,
        4.189882408331203e-43,
        2.802596928649634e-45,
        2.0963425026299263e-42,
        0.0,
        0.0,
        0.0,
        0.0,
        2.2420775429197073e-44,
        0.0,
        0.0,
        3.1923260575476523e-40,
        0.0,
        0.0,
        0.0,
        6.025583396596713e-44,
        0.0,
        0.0,
        0.0,
        0.0,
        0.0,
        0.0,
        7.614521330488481e-39,
        4.6456012042515126e-38,
        0.0,
        0.0,
        1.0589198831595974e-37,
        1.401298464324817e-45,
        2.802596928649634e-44,
        0.0,
        0.0,
        0.49828991293907166,
        1.2246077310753495e-28,
        0.501710057258606
    ],
    "comments": {
        "created-by": "run_analogies.py",
        "args": {
            "model": "EleutherAI/gpt-j-6b",
            "cache_dir": "cache/",
            "tokenizer": "EleutherAI/gpt-j-6b",
            "data_dir": "data/analogies/gpt6b",
            "importance_results_dir": "rationalization_results/analogies/gpt6b_ours/top3_replace0.1_max5000_batch5",
            "device": "cuda",
            "rationalization_config": "config//top3_replace0.1_max5000_batch5.json",
            "input_num_ratio": 1.0,
            "logfolder": "logs/analogies/gpt6b_ours/top3_replace0.1_max5000_batch5",
            "loglevel": 20
        },
        "time_elapsed": 2694.2266561985016,
        "separate_rational": [
            [
                " le",
                "As",
                " soon",
                " as",
                " I",
                " arrived",
                " in",
                " Romania"
            ],
            [
                " called",
                " le",
                " the",
                " Romania",
                " currency",
                " in",
                " to",
                " rate"
            ],
            [
                " le",
                "As",
                " soon",
                " as",
                " I",
                " arrived",
                " in",
                " Romania"
            ],
            [
                " le",
                "As",
                " soon",
                " as",
                " I",
                " arrived",
                " in",
                " Romania"
            ],
            [
                " le",
                "As",
                " soon",
                " as",
                " I",
                " arrived",
                " in",
                " Romania"
            ]
        ]
    }
}