{
    "$schema": "../docs/rationalization.schema.json",
    "id": 49,
    "input-text": [
        "I",
        " really",
        " wanted",
        " to",
        " buy",
        " the",
        " donkey",
        ",",
        " more",
        " than",
        " I",
        " ever",
        " wanted",
        " to",
        " buy",
        " anything",
        " before",
        ".",
        " (",
        "I",
        " was",
        " also",
        " behind",
        " on",
        " my",
        " homework",
        ",",
        " but",
        " that",
        "'s",
        " another",
        " story",
        ").",
        " So",
        " I",
        " went",
        " to",
        " the",
        " store",
        " and",
        " asked",
        " if",
        " they",
        " had",
        " any",
        " don"
    ],
    "input-tokens": [
        40,
        1107,
        2227,
        284,
        2822,
        262,
        50085,
        11,
        517,
        621,
        314,
        1683,
        2227,
        284,
        2822,
        1997,
        878,
        13,
        357,
        40,
        373,
        635,
        2157,
        319,
        616,
        26131,
        11,
        475,
        326,
        338,
        1194,
        1621,
        737,
        1406,
        314,
        1816,
        284,
        262,
        3650,
        290,
        1965,
        611,
        484,
        550,
        597,
        836
    ],
    "target-text": "keys",
    "target-token": 13083,
    "rational-size": 9,
    "rational-positions": [
        0,
        2,
        9,
        25,
        31,
        35,
        39,
        43,
        45
    ],
    "rational-text": [
        "I",
        " wanted",
        " than",
        " homework",
        " story",
        " went",
        " and",
        " had",
        " don"
    ],
    "rational-tokens": [
        40,
        2227,
        621,
        26131,
        1621,
        1816,
        290,
        550,
        836
    ],
    "importance-scores": [
        0.028015434741973877,
        6.196655988333077e-08,
        0.05362796038389206,
        8.952194718858664e-08,
        8.879503354819462e-08,
        8.423942432500553e-08,
        4.594930032908451e-06,
        7.598377038675608e-08,
        7.886686859137626e-08,
        0.030919965356588364,
        8.19974133037249e-08,
        1.0638168390642022e-07,
        4.972147138460059e-08,
        6.203398328352705e-08,
        7.801329360290765e-08,
        6.866739710176262e-08,
        6.420864906431234e-08,
        9.272041268104658e-08,
        9.332855199772894e-08,
        3.047153313673334e-06,
        4.807695219710695e-08,
        0.023659704253077507,
        0.02813788875937462,
        6.458913048845716e-08,
        7.482537967007374e-08,
        0.03100735880434513,
        7.259217227328918e-08,
        7.830611536974175e-08,
        7.90198342315307e-08,
        6.684205544615907e-08,
        7.380059940942374e-08,
        1.2553134354220674e-07,
        7.533407142545911e-08,
        3.7158442864893004e-06,
        6.123097762156249e-08,
        0.07168620824813843,
        7.662149670295548e-08,
        7.528521450694825e-08,
        0.09689531475305557,
        0.04785539209842682,
        0.022825712338089943,
        0.03336042910814285,
        7.198277529596453e-08,
        3.336480631332961e-06,
        0.03771550953388214,
        0.4942761957645416
    ],
    "comments": {
        "created-by": "run_analogies.py",
        "args": {
            "model": "EleutherAI/gpt-j-6b",
            "cache_dir": "cache/",
            "tokenizer": "EleutherAI/gpt-j-6b",
            "data_dir": "data/analogies/gpt6b",
            "importance_results_dir": "rationalization_results/analogies/gpt6b_ours/top3_replace0.1_max5000_batch5",
            "device": "cuda",
            "rationalization_config": "config//top3_replace0.1_max5000_batch5.json",
            "input_num_ratio": 1.0,
            "logfolder": "logs/analogies/gpt6b_ours/top3_replace0.1_max5000_batch5",
            "loglevel": 20
        },
        "time_elapsed": 7.361377477645874,
        "separate_rational": [
            [
                " store",
                " went",
                " don",
                " story",
                " had",
                "I",
                " ever",
                " ("
            ],
            [
                " don",
                " to",
                " had",
                " I",
                " the",
                " homework",
                " story",
                " that"
            ],
            [
                " don",
                " really",
                ").",
                " more",
                " and",
                "I",
                " wanted",
                " than"
            ],
            [
                " if",
                " homework",
                " than",
                " behind",
                "I",
                " don",
                " asked",
                " donkey"
            ],
            [
                " wanted",
                " and",
                " any",
                " don",
                " also",
                " they",
                " went",
                " buy"
            ]
        ]
    }
}