{
    "$schema": "../docs/rationalization.schema.json",
    "id": 8,
    "input-text": [
        "When",
        " my",
        " flight",
        " landed",
        " in",
        " Guy",
        "ana",
        ",",
        " I",
        " converted",
        " my",
        " currency",
        " and",
        " slowly",
        " fell",
        " asleep",
        ".",
        " (",
        "I",
        " was",
        " behind",
        " on",
        " a",
        " couple",
        " of",
        " assignments",
        ",",
        " but",
        " I",
        " tried",
        " not",
        " to",
        " think",
        " about",
        " them",
        ").",
        " I",
        " was",
        " staying",
        " in",
        " the",
        " capital",
        ","
    ],
    "input-tokens": [
        2215,
        616,
        5474,
        11406,
        287,
        13145,
        2271,
        11,
        314,
        11513,
        616,
        7395,
        290,
        6364,
        3214,
        16039,
        13,
        357,
        40,
        373,
        2157,
        319,
        257,
        3155,
        286,
        25815,
        11,
        475,
        314,
        3088,
        407,
        284,
        892,
        546,
        606,
        737,
        314,
        373,
        10589,
        287,
        262,
        3139,
        11
    ],
    "target-text": " Georgetown",
    "target-token": 31393,
    "rational-size": 8,
    "rational-positions": [
        0,
        5,
        6,
        24,
        38,
        39,
        40,
        41
    ],
    "rational-text": [
        "When",
        " Guy",
        "ana",
        " of",
        " staying",
        " in",
        " the",
        " capital"
    ],
    "rational-tokens": [
        2215,
        13145,
        2271,
        286,
        10589,
        287,
        262,
        3139
    ],
    "importance-scores": [
        1.5528348861788867e-19,
        8.125966531913925e-34,
        9.898697522598756e-21,
        2.9472605774235807e-22,
        4.0928518879016354e-27,
        0.14355379343032837,
        2.7399323698773514e-06,
        1.270405709357181e-22,
        6.3651510883231826e-27,
        2.1617705431363503e-26,
        6.989530867894342e-24,
        6.920771384812563e-22,
        1.806735325639139e-22,
        9.952849308603184e-12,
        2.073124240249523e-25,
        2.3376675738499832e-26,
        3.2009346880235814e-30,
        3.2158471280225396e-19,
        7.743563406377665e-23,
        3.0561312179416797e-20,
        2.03375539721737e-24,
        1.9319828741129967e-24,
        5.254072907090702e-29,
        6.038921898014911e-26,
        9.27728745782367e-20,
        2.1520125494429202e-26,
        5.03523675789552e-27,
        5.0199660686109375e-24,
        8.330566402207927e-25,
        8.298747870929532e-30,
        2.2927830831612587e-26,
        7.943119971849614e-22,
        4.784374970040559e-15,
        2.241215076305126e-27,
        1.725283690826352e-18,
        8.403799594369305e-21,
        3.65447506053004e-21,
        6.417603713937669e-23,
        2.8692714406833775e-21,
        1.8640128645100294e-16,
        0.05804015323519707,
        0.7984033823013306,
        1.7814065544507537e-21
    ],
    "comments": {
        "created-by": "run_analogies.py",
        "args": {
            "model": "EleutherAI/gpt-j-6b",
            "cache_dir": "cache/",
            "tokenizer": "EleutherAI/gpt-j-6b",
            "data_dir": "data/analogies/gpt6b",
            "importance_results_dir": "rationalization_results/analogies/gpt6b_ours/top3_replace0.1_max5000_batch5",
            "device": "cuda",
            "rationalization_config": "config//top3_replace0.1_max5000_batch5.json",
            "input_num_ratio": 1.0,
            "logfolder": "logs/analogies/gpt6b_ours/top3_replace0.1_max5000_batch5",
            "loglevel": 20
        },
        "time_elapsed": 340.00039553642273,
        "separate_rational": [
            [
                " capital",
                " the",
                " slowly",
                "ana",
                " think",
                "When",
                " of",
                " Guy"
            ],
            [
                " capital",
                " in",
                " the",
                " them",
                " (",
                " Guy",
                "ana",
                " of"
            ],
            [
                " Guy",
                " the",
                " capital",
                "ana",
                " but",
                " and",
                " in",
                " staying"
            ],
            [
                " capital",
                " Guy",
                "ana",
                " the",
                "When",
                " my",
                " flight",
                " landed"
            ],
            [
                " capital",
                " Guy",
                "ana",
                " staying",
                " the",
                " fell",
                " in",
                " I"
            ]
        ]
    }
}