{
    "$schema": "../docs/rationalization.schema.json",
    "id": 9,
    "input-text": [
        "When",
        " my",
        " flight",
        " landed",
        " in",
        " Zimbabwe",
        ",",
        " I",
        " converted",
        " my",
        " currency",
        " and",
        " slowly",
        " fell",
        " asleep",
        ".",
        " (",
        "I",
        " was",
        " behind",
        " on",
        " a",
        " couple",
        " of",
        " assignments",
        ",",
        " but",
        " I",
        " tried",
        " not",
        " to",
        " think",
        " about",
        " them",
        ").",
        " I",
        " was",
        " staying",
        " in",
        " the",
        " capital",
        ",",
        " Har"
    ],
    "input-tokens": [
        2215,
        616,
        5474,
        11406,
        287,
        28589,
        11,
        314,
        11513,
        616,
        7395,
        290,
        6364,
        3214,
        16039,
        13,
        357,
        40,
        373,
        2157,
        319,
        257,
        3155,
        286,
        25815,
        11,
        475,
        314,
        3088,
        407,
        284,
        892,
        546,
        606,
        737,
        314,
        373,
        10589,
        287,
        262,
        3139,
        11,
        2113
    ],
    "target-text": "are",
    "target-token": 533,
    "rational-size": 7,
    "rational-positions": [
        5,
        8,
        11,
        16,
        33,
        36,
        42
    ],
    "rational-text": [
        " Zimbabwe",
        " converted",
        " and",
        " (",
        " them",
        " was",
        " Har"
    ],
    "rational-tokens": [
        28589,
        11513,
        290,
        357,
        606,
        373,
        2113
    ],
    "importance-scores": [
        0.027861878275871277,
        0.006940831895917654,
        0.006211840081959963,
        0.0041814809665083885,
        0.004982463549822569,
        0.03865238279104233,
        0.020891433581709862,
        0.0028048609383404255,
        0.02896706387400627,
        0.005575852002948523,
        0.05395184084773064,
        0.05310415104031563,
        0.0026321362238377333,
        0.0032665622420608997,
        0.027944833040237427,
        0.0032192827202379704,
        0.09929110109806061,
        0.021040817722678185,
        0.0029845740646123886,
        0.006817637477070093,
        0.0028395194094628096,
        0.0068324292078614235,
        0.0043026963248848915,
        0.008630138821899891,
        0.0038455091416835785,
        0.006424281746149063,
        0.030960340052843094,
        0.0031748954206705093,
        0.0026507852599024773,
        0.00344368745572865,
        0.044699378311634064,
        0.0034129798877984285,
        0.004518402740359306,
        0.04823983460664749,
        0.006289421580731869,
        0.0041078198701143265,
        0.07399005442857742,
        0.003717118175700307,
        0.003022266086190939,
        0.003214652184396982,
        0.004411832429468632,
        0.0060341316275298595,
        0.29991477727890015
    ],
    "comments": {
        "created-by": "run_analogies.py",
        "args": {
            "model": "EleutherAI/gpt-j-6b",
            "cache_dir": "cache/",
            "tokenizer": "EleutherAI/gpt-j-6b",
            "data_dir": "data/analogies/gpt6b",
            "importance_results_dir": "rationalization_results/analogies/gpt6b_ours/top3_replace0.1_max5000_batch5",
            "device": "cuda",
            "rationalization_config": "config//top3_replace0.1_max5000_batch5.json",
            "input_num_ratio": 1.0,
            "logfolder": "logs/analogies/gpt6b_ours/top3_replace0.1_max5000_batch5",
            "loglevel": 20
        },
        "time_elapsed": 9.289589166641235,
        "separate_rational": [
            [
                " them",
                " Zimbabwe",
                "When",
                " asleep",
                " converted",
                " and",
                ",",
                " Har"
            ],
            [
                " to",
                " was",
                " (",
                " Har",
                " but",
                "I",
                " on",
                " Zimbabwe"
            ],
            [
                " of",
                " and",
                " my",
                " a",
                " behind",
                " them",
                " converted",
                ","
            ],
            [
                " Har",
                " assignments",
                " think",
                " Zimbabwe",
                " converted",
                " capital",
                " I",
                " tried"
            ],
            [
                " (",
                " currency",
                " Har",
                " was",
                " and",
                " my",
                " in",
                " Zimbabwe"
            ]
        ]
    }
}