suff,comp,random_suff,random_comp
0.12513408425638847,0.895503737867806,0.03811850074719143,0.5741666103034218
