suff,comp,random_suff,random_comp
0.028692490551973624,0.4002747966902833,0.0049475357115234455,0.016043082150648157
