suff,comp,random_suff,random_comp
0.2715268080820662,0.9183065407451044,0.07613083290449257,0.7888849807550015
