suff,comp,random_suff,random_comp
0.020612007081987793,0.6966023759192512,0.008164047232499519,0.20895329133952578
