suff,comp,random_suff,random_comp
0.039283047968694584,0.7776869368474729,0.007838663969003519,0.3233237033364543
