suff,comp,random_suff,random_comp
0.18672121969906239,0.908810094509115,0.03734425112444032,0.6510316992793638
