suff,comp,random_suff,random_comp
0.3422047597719457,0.9183701161819242,0.1081964818566528,0.8967642407513869
