{
    "$schema": "../docs/rationalization.schema.json",
    "id": 23,
    "input-text": [
        "</s>",
        "I",
        " had",
        " never",
        " been",
        " friends",
        " with",
        " any",
        " German",
        " people",
        " before",
        ".",
        " (",
        "The",
        " funn",
        "iest",
        " thing",
        " happened",
        " to",
        " me",
        " the",
        " other",
        " day",
        ",",
        " but",
        " that",
        "'s",
        " a",
        " story",
        " for",
        " another",
        " time",
        ").",
        " In",
        " fact",
        ",",
        " I",
        " had",
        " never",
        " even",
        " been",
        " to"
    ],
    "input-tokens": [
        2,
        100,
        56,
        393,
        57,
        964,
        19,
        143,
        1859,
        82,
        137,
        4,
        36,
        133,
        29310,
        7098,
        631,
        1102,
        7,
        162,
        5,
        97,
        183,
        6,
        53,
        14,
        18,
        10,
        527,
        13,
        277,
        86,
        322,
        96,
        754,
        6,
        38,
        56,
        393,
        190,
        57,
        7
    ],
    "target-text": " Germany",
    "target-token": 1600,
    "rational-size": 5,
    "rational-positions": [
        0,
        1,
        9,
        41,
        6
    ],
    "rational-text": [
        "</s>",
        "I",
        " people",
        " to",
        " with"
    ],
    "rational-tokens": [
        2,
        100,
        82,
        7,
        19
    ],
    "importance-scores": [
        0.11026439815759659,
        0.06609660387039185,
        0.03159855678677559,
        0.033221445977687836,
        0.03353268280625343,
        0.034335751086473465,
        0.05486369878053665,
        0.02780240960419178,
        0.039869312196969986,
        0.05850830674171448,
        0.02258547954261303,
        0.016422053799033165,
        0.016455339267849922,
        0.010860208421945572,
        0.007749647367745638,
        0.01377742551267147,
        0.010760119184851646,
        0.008231466636061668,
        0.009123269468545914,
        0.007563380058854818,
        0.008352868258953094,
        0.007443508133292198,
        0.010500050149857998,
        0.009539369493722916,
        0.0092577263712883,
        0.008241675794124603,
        0.006253121420741081,
        0.008326423354446888,
        0.007842417806386948,
        0.008305881172418594,
        0.007601460441946983,
        0.008193942718207836,
        0.010655553080141544,
        0.01790955848991871,
        0.01749170757830143,
        0.019079437479376793,
        0.014410753734409809,
        0.016047485172748566,
        0.0179903507232666,
        0.02276264689862728,
        0.031102895736694336,
        0.05799441784620285
    ],
    "comments": {
        "created-by": "run_analogies.py",
        "args": {
            "model": "KoboldAI/OPT-6.7B-Erebus",
            "cache_dir": "./cache/",
            "tokenizer": "KoboldAI/OPT-6.7B-Erebus",
            "data_dir": "data/analogies/OPT6B/",
            "importance_results_dir": "rationalization_results/analogies/OPT6B_input_x_gradient",
            "device": "cuda",
            "rationalization_config": "config/eva_input_x_gradient.json",
            "input_num_ratio": 1,
            "logfolder": "logs/analogies/OPT6B_input_x_gradient",
            "loglevel": 20
        },
        "time_elapsed": 0.18015074729919434
    }
}