{
    "$schema": "../docs/rationalization.schema.json",
    "id": 5,
    "input-text": [
        "</s>",
        "As",
        " soon",
        " as",
        " I",
        " arrived",
        " in",
        " Texas",
        ",",
        " I",
        " checked",
        " into",
        " my",
        " hotel",
        " and",
        " watched",
        " a",
        " movie",
        " before",
        " falling",
        " asleep",
        ".",
        " (",
        "I",
        " had",
        " a",
        " great",
        " call",
        " with",
        " my",
        " husband",
        ",",
        " although",
        " I",
        " wish",
        " it",
        " were",
        " longer",
        ").",
        " I",
        " was",
        " staying",
        " in",
        " my",
        " favorite",
        " city",
        ","
    ],
    "input-tokens": [
        2,
        1620,
        1010,
        25,
        38,
        2035,
        11,
        1184,
        6,
        38,
        7869,
        88,
        127,
        2303,
        8,
        3996,
        10,
        1569,
        137,
        3064,
        15028,
        4,
        36,
        100,
        56,
        10,
        372,
        486,
        19,
        127,
        1623,
        6,
        1712,
        38,
        2813,
        24,
        58,
        1181,
        322,
        38,
        21,
        4959,
        11,
        127,
        2674,
        343,
        6
    ],
    "target-text": " Austin",
    "target-token": 4224,
    "rational-size": 5,
    "rational-positions": [
        0,
        45,
        1,
        46,
        8
    ],
    "rational-text": [
        "</s>",
        " city",
        "As",
        ",",
        ","
    ],
    "rational-tokens": [
        2,
        343,
        1620,
        6,
        6
    ],
    "importance-scores": [
        0.0923181027173996,
        0.05535456910729408,
        0.028145791962742805,
        0.0235494002699852,
        0.020138168707489967,
        0.023837028071284294,
        0.029126321896910667,
        0.03280904144048691,
        0.04367345944046974,
        0.016945814713835716,
        0.011962343007326126,
        0.01662914641201496,
        0.013809886761009693,
        0.013174939900636673,
        0.020119646564126015,
        0.012400583364069462,
        0.012948923744261265,
        0.010141120292246342,
        0.012334306724369526,
        0.010250831954181194,
        0.011331601068377495,
        0.014755197800695896,
        0.017393169924616814,
        0.013341344892978668,
        0.009121975861489773,
        0.008435124531388283,
        0.009756716899573803,
        0.013959084637463093,
        0.015941571444272995,
        0.009100324474275112,
        0.011976171284914017,
        0.01729615405201912,
        0.010164886713027954,
        0.010822366923093796,
        0.006973021663725376,
        0.011122663505375385,
        0.006878542248159647,
        0.010760667733848095,
        0.010896900668740273,
        0.024453280493617058,
        0.015371469780802727,
        0.01732325367629528,
        0.030301274731755257,
        0.02172273024916649,
        0.02182959020137787,
        0.06526245921850204,
        0.05180111527442932
    ],
    "comments": {
        "created-by": "run_analogies.py",
        "args": {
            "model": "KoboldAI/OPT-6.7B-Erebus",
            "cache_dir": "./cache/",
            "tokenizer": "KoboldAI/OPT-6.7B-Erebus",
            "data_dir": "data/analogies/OPT6B/",
            "importance_results_dir": "rationalization_results/analogies/OPT6B_input_x_gradient",
            "device": "cuda",
            "rationalization_config": "config/eva_input_x_gradient.json",
            "input_num_ratio": 1,
            "logfolder": "logs/analogies/OPT6B_input_x_gradient",
            "loglevel": 20
        },
        "time_elapsed": 0.20931625366210938
    }
}