suff,comp,random_suff,random_comp
0.04751050909926308,0.9401773611582432,0.03326037262229174,0.9126793839947517
