suff,comp,random_suff,random_comp
0.03563844009016214,0.9003505234880458,0.021779764526988373,0.8271309873118056
