suff,comp,random_suff,random_comp
0.020365776996389,0.8802820733268691,0.015286464525567329,0.8012275089254172
