suff,comp,random_suff,random_comp
0.04231567909439342,0.9204711139504936,0.02976358727396715,0.8932906718480129
