suff,comp,random_suff,random_comp
0.0031385157079755113,0.11802786341831185,0.0006143278907092514,0.027015611209306734
