suff,comp,random_suff,random_comp
0.009212534571727384,0.8185576196723863,0.0060104496061715446,0.5959716365476091
