suff,comp,random_suff,random_comp
0.4194644239990683,0.9752484480618047,0.048751832319435334,0.7208592191621642
