suff,comp,random_suff,random_comp
0.17218747595916398,0.9589607962789911,0.0256776308555493,0.5341605837625163
