suff,comp,random_suff,random_comp
0.03223893548973296,0.6650756911736218,0.00834441335652717,0.20563296914922255
