suff,comp,random_suff,random_comp
0.056296699368851996,0.812519749027318,0.02895840010477806,0.3398064984043369
