suff,comp,random_suff,random_comp
0.2942632658290209,0.9702330403936935,0.021817926924806937,0.5114239443629457
