suff,comp,random_suff,random_comp
0.11494172144578392,0.9561003957688297,0.01882661418744063,0.3614344363852129
