suff,comp,random_suff,random_comp
0.04587289832248274,0.08392443694427291,0.006703928718090568,0.0006342750397363842
