suff,comp,random_suff,random_comp
0.056296699368851996,0.812519749027318,0.007841226679516103,0.28352906085244406
