suff,comp,random_suff,random_comp
0.17218747595916398,0.9589607962789911,0.02117058128451868,0.45151266016317704
