suff,comp,random_suff,random_comp
0.5411995765616718,0.9812784029792111,0.10042199392146327,0.8240240655409126
