suff,comp,random_suff,random_comp
0.03223893548973296,0.6650756911736218,0.00659153427325759,0.11970967374158302
