suff,comp,random_suff,random_comp
0.008672188046464973,0.01963661346646017,0.002553805545093748,0.008847224882119857
