suff,comp,random_suff,random_comp
0.2942632658290209,0.9702330403936935,0.03391299039389884,0.622120491971262
