suff,comp,random_suff,random_comp
0.0067964206006361815,0.01572077301872182,0.0032112576593488528,0.0077296330836647996
