target_pos,target_token,norm_suff,random_suff,norm_comp,random_comp
34, in,0.0,0.0,0.035603467375040054,0.03150360286235809
36, U,0.0,5.205937122809701e-05,0.06634121388196945,0.018709465861320496
38,S,0.0008486490696668625,0.001009443891234696,0.0024363326374441385,0.0007868829998187721
40, state,0.0,0.0,0.029217299073934555,0.004173853434622288
42, Pennsylvania,0.0008717828313820064,0.0015617221361026168,0.9698375463485718,0.0038179513067007065
