norm_suff_mean,random_suff_mean,norm_comp_mean,random_comp_mean,final suff,final comp,target_tokens
0.00034408640931360424,0.0005246451473794878,0.22068718075752258,0.011798352003097534,0.6558459997177124,34.28892135620117, in$ U$S$ state$ Pennsylvania
