target_pos,target_token,norm_suff,random_suff,norm_comp,random_comp
18, in,0.004453443456441164,0.0,0.02327822893857956,0.02246713452041149
20,67,0.0009254709584638476,0.004467213060706854,0.03311510384082794,0.01738729514181614
22,"
",0.0050002895295619965,0.0,0.012722031213343143,0.02786184661090374
24, know,0.00015334651106968522,0.01740766502916813,0.007098861504346132,0.00492516765370965
26, I,0.019702782854437828,0.0,0.005085974931716919,0.004305017180740833
