norm_suff_mean,random_suff_mean,norm_comp_mean,random_comp_mean,final suff,final comp,target_tokens
0.006047066301107407,0.0043749758042395115,0.016260040923953056,0.015389293432235718,1.3821942806243896,2.544919013977051," in$67$
$ know$ I"
