target_pos,target_token,norm_suff,random_suff,norm_comp,random_comp
19, Edit,0.19158270955085754,0.0025221467949450016,0.21658630669116974,0.13045844435691833
21, I,0.0,0.0,0.015905974432826042,0.02656535431742668
23, wrong,0.0,0.0,0.05845953896641731,0.010266002267599106
25, it,0.0660187304019928,0.0,0.021092304959893227,0.022150538861751556
27, 28,0.0,0.0034222472459077835,0.02797771245241165,0.01674472540616989
