norm_suff_mean,random_suff_mean,norm_comp_mean,random_comp_mean,final suff,final comp,target_tokens
0.05152028799057007,0.0011888787848874927,0.06800436973571777,0.04123701527714729,43.33518981933594,0.8004034161567688, Edit$ I$ wrong$ it$ 28
