target_pos,target_token,norm_suff,random_suff,norm_comp,random_comp
16, and,0.027565013617277145,0.0,0.06029687449336052,0.0532795712351799
18, a,0.013859215192496777,0.0,0.04016467556357384,0.021320443600416183
20, of,0.0,0.0,0.0015927584609016776,0.003493592608720064
22, family,0.05868827551603317,0.0,0.03906228020787239,0.04639081656932831
24,mill,0.02998892031610012,0.002415329683572054,0.0772576704621315,0.04851457104086876
