norm_suff_mean,random_suff_mean,norm_comp_mean,random_comp_mean,final suff,final comp,target_tokens
0.02602028287947178,0.0004830659308936447,0.04367485269904137,0.034599799662828445,53.8648681640625,1.3297241926193237, and$ a$ of$ family$mill
