target_pos,target_token,norm_suff,random_suff,norm_comp,random_comp
25, ,0.1622891128063202,0.07030369341373444,0.08961643278598785,0.020604118704795837
27, tumor,0.08068721741437912,0.0,1.0340749025344849,0.03326231986284256
29, a,0.0,0.0,0.018652496859431267,0.01637561246752739
31, of,0.12309528887271881,0.0,0.025828830897808075,0.012664641253650188
33, within,0.07305075973272324,0.0,0.05257696658372879,0.024789191782474518
