norm_suff_mean,random_suff_mean,norm_comp_mean,random_comp_mean,final suff,final comp,target_tokens
0.08782447874546051,0.014060738496482372,0.24414992332458496,0.021539177745580673,6.2460784912109375,0.2452525496482849, $ tumor$ a$ of$ within
