target_pos,target_token,norm_suff,random_suff,norm_comp,random_comp
21, ,0.17616550624370575,0.08458036929368973,0.0651988536119461,0.036155715584754944
23, Archbishop,0.014277261681854725,0.0,0.03693376109004021,0.03480233624577522
25, Washington,0.0,0.0,0.09301970154047012,0.010457787662744522
27, the,0.0,0.0,0.005102943163365126,0.0034351309295743704
29, of,0.0,0.052601151168346405,0.0009895960101857781,0.001660025678575039
