norm_suff_mean,random_suff_mean,norm_comp_mean,random_comp_mean,final suff,final comp,target_tokens
0.03808855637907982,0.027436304837465286,0.040248971432447433,0.017302200198173523,1.388253927230835,0.4542624354362488, $ Archbishop$ Washington$ the$ of
