target_pos,target_token,norm_suff,random_suff,norm_comp,random_comp
22, (,0.0,0.0,0.029102446511387825,0.013579717837274075
24,",",0.0,0.0,0.0018591857515275478,0.0008267395896837115
26, km,0.0,0.0004584401904139668,0.009177775122225285,0.008518780581653118
28, from,0.0,0.000917735742405057,0.014253110624849796,0.009554605931043625
30, equ,0.0,0.0033021217677742243,1.0,0.028196578845381737
