target_pos,target_token,norm_suff,random_suff,norm_comp,random_comp
26, by,0.0,0.005469451658427715,0.0277772955596447,0.01747172512114048
28, Weiner,0.0,0.0,0.8622518181800842,0.044003069400787354
30, David,0.0,0.00022219693346414715,0.06656514108181,0.04628882184624672
32,.,0.02755650319159031,0.0,0.011878040619194508,0.004655193537473679
34,.,0.0,0.0,0.03645523637533188,0.020254511386156082
