norm_suff_mean,random_suff_mean,norm_comp_mean,random_comp_mean,final suff,final comp,target_tokens
0.005511300638318062,0.0011383297387510538,0.20098550617694855,0.026534665375947952,4.8415679931640625,4.814592361450195, by$ Weiner$ David$.$.
