target_pos,target_token,norm_suff,random_suff,norm_comp,random_comp
22, to,0.016302993521094322,0.0,0.5594164133071899,0.010875293053686619
24, actor,0.008759725838899612,0.0003900044539477676,0.7659294009208679,0.012178822420537472
26, has,0.028399929404258728,0.0,0.007928683422505856,0.01582767441868782
28, a,0.0,0.0,0.015484783798456192,0.009190737269818783
30, role,0.01300396490842104,0.003714583581313491,0.6926091313362122,0.0056554581969976425
