norm_suff_mean,random_suff_mean,norm_comp_mean,random_comp_mean,final suff,final comp,target_tokens
0.01329332310706377,0.0008209176594391465,0.40827369689941406,0.010745598003268242,16.193248748779297,0.8083454966545105, to$ actor$ has$ a$ role
