target_pos,target_token,norm_suff,random_suff,norm_comp,random_comp
28, The,0.0,0.002914802636951208,0.008892410434782505,0.01312157604843378
30, were,0.0,0.0,0.024298300966620445,0.025135211646556854
32, war,0.0,0.000944248866289854,0.8633294701576233,0.005584400147199631
34, the,0.0,0.005282314028590918,0.011561862193048,0.012040766887366772
36,",",0.007467397954314947,0.0,0.01201874203979969,0.02067756839096546
