norm_suff_mean,random_suff_mean,norm_comp_mean,random_comp_mean,final suff,final comp,target_tokens
0.0014934795908629894,0.0018282730598002672,0.18402016162872314,0.01531190611422062,0.81687992811203,10.252504348754883," The$ were$ war$ the$,"
