target_pos,target_token,norm_suff,random_suff,norm_comp,random_comp
18, in,0.0,0.006699356250464916,0.04994770511984825,0.03427352011203766
20, middle,0.0,0.0,0.06767835468053818,0.035655952990055084
22, the,0.03170612081885338,0.0,0.02075425162911415,0.04366603493690491
24,th,0.0018624260555952787,0.0,0.0012804989237338305,0.0009476978448219597
26,.,0.13051050901412964,0.0,0.0138148358091712,0.023739704862236977
