norm_suff_mean,random_suff_mean,norm_comp_mean,random_comp_mean,final suff,final comp,target_tokens
0.03281581029295921,0.0013398713199421763,0.030695129185914993,0.02765658311545849,24.491762161254883,0.8427822589874268, in$ middle$ the$th$.
