target_pos,target_token,norm_suff,random_suff,norm_comp,random_comp
17, ,0.012497158721089363,0.0,0.09620781987905502,0.04495387524366379
19, ,0.21751797199249268,0.004902209620922804,0.07941069453954697,0.037020597606897354
21, ,0.05159743130207062,0.04774504899978638,0.03302294388413429,0.02668510191142559
23, ,0.0,0.034367311745882034,0.028942830860614777,0.01966865547001362
25, ,0.0,0.009509395807981491,0.022437095642089844,0.01068897731602192
