norm_suff_mean,random_suff_mean,norm_comp_mean,random_comp_mean,final suff,final comp,target_tokens
0.05632251501083374,0.0193047933280468,0.05200427770614624,0.027803441509604454,2.9175403118133545,0.4936470091342926, $ $ $ $ 
