target_pos,target_token,norm_suff,random_suff,norm_comp,random_comp
13, They,0.0,0.0005454905331134796,0.06704363971948624,0.08196702599525452
15, not,0.0,0.0,0.0985407903790474,0.06339777261018753
17,.,0.11209377646446228,0.0289083831012249,0.035648997873067856,0.03134603053331375
19,I,0.0,0.07480614632368088,0.018842563033103943,0.018953615799546242
21,",",0.14103379845619202,0.0,0.011689675971865654,0.008930850774049759
