norm_suff_mean,random_suff_mean,norm_comp_mean,random_comp_mean,final suff,final comp,target_tokens
0.0506255142390728,0.02085200324654579,0.046353135257959366,0.04091906175017357,2.427849054336548,0.8082695603370667," They$ not$.$I$,"
