target_pos,target_token,norm_suff,random_suff,norm_comp,random_comp
21, until,0.0,0.0,1.0,0.014126447029411793
23, French,0.0032016485929489136,0.0,0.02503187395632267,0.02055325172841549
25, in,0.002165832556784153,0.06727104634046555,0.023112578317523003,0.02911631390452385
27,89,0.008532149717211723,0.0,0.9541488885879517,0.0030426238663494587
29, The,0.09599211812019348,0.039274539798498154,0.013501151464879513,0.010916427709162235
