norm_suff_mean,random_suff_mean,norm_comp_mean,random_comp_mean,final suff,final comp,target_tokens
0.0219783503562212,0.02130911685526371,0.40315890312194824,0.015551012940704823,1.0314059257507324,0.7075605392456055, until$ French$ in$89$ The
