target_pos,target_token,norm_suff,random_suff,norm_comp,random_comp
16, and,0.0,0.0,0.06342197209596634,0.01904214173555374
18,.,0.0,0.0,0.02190951257944107,0.014522437937557697
20, is,0.0,0.004053025506436825,0.007527635898441076,0.017714040353894234
22, known,0.006897408980876207,0.0007123665418475866,0.08046632260084152,0.001463304739445448
24, his,0.0,0.0,0.007072467356920242,0.006098474841564894
