norm_suff_mean,random_suff_mean,norm_comp_mean,random_comp_mean,final suff,final comp,target_tokens
0.0013794818660244346,0.0009530784445814788,0.03607958182692528,0.011768080294132233,1.447395920753479,8.530797004699707, and$.$ is$ known$ his
