target_pos,target_token,norm_suff,random_suff,norm_comp,random_comp
16, ,0.07629774510860443,0.0,0.2589443624019623,0.08925750106573105
18, ,0.08651339262723923,0.0,0.02002877928316593,0.02037796564400196
20, ,0.008589855395257473,0.056171417236328125,0.03851944953203201,0.03307438641786575
22, ,0.0006552092963829637,0.0,0.011396740563213825,0.012287791818380356
24, ,0.02547367289662361,0.0007147698779590428,0.007729381322860718,0.00964465830475092
