norm_suff_mean,random_suff_mean,norm_comp_mean,random_comp_mean,final suff,final comp,target_tokens
0.0395059771835804,0.011377237737178802,0.06732373684644699,0.0329284630715847,3.472369909286499,0.8335058689117432, $ $ $ $ 
