target_pos,target_token,norm_suff,random_suff,norm_comp,random_comp
25, of,0.0,0.0,0.02236136607825756,0.030503230169415474
27,ra,0.0009441770962439477,0.0006366005982272327,0.011565310880541801,0.0013938774354755878
29, and,0.006918254774063826,0.0,0.24212630093097687,0.027910307049751282
31, from,0.03805289790034294,0.0,0.023874307051301003,0.011450734920799732
33,78,0.026119830086827278,0.0012138659367337823,1.0102628469467163,0.01958479918539524
