norm_suff_mean,random_suff_mean,norm_comp_mean,random_comp_mean,final suff,final comp,target_tokens
0.01440703310072422,0.0003700933011714369,0.26203805208206177,0.01816858910024166,38.9281120300293,1.2610915899276733, of$ra$ and$ from$78
