target_pos,target_token,norm_suff,random_suff,norm_comp,random_comp
12,"
",0.047927260398864746,0.02880173735320568,0.12667539715766907,0.0648384839296341
14, was,0.0,0.0004285209870431572,0.01558526698499918,0.012715139426290989
16, Sinclair,0.0,0.0,0.10707390308380127,0.027550188824534416
18, in,0.0,0.0,0.02698545902967453,0.035714976489543915
20, early,0.006982529070228338,0.0,0.0230434387922287,0.014232291840016842
