norm_suff_mean,random_suff_mean,norm_comp_mean,random_comp_mean,final suff,final comp,target_tokens
0.01098195742815733,0.005846051499247551,0.05987269803881645,0.03101021610200405,1.8785256147384644,2.823742151260376,"
$ was$ Sinclair$ in$ early"
