target_pos,target_token,norm_suff,random_suff,norm_comp,random_comp
21, ,0.014753144234418869,0.0,0.032860640436410904,0.021463125944137573
23, ,0.13350260257720947,0.0,0.023701569065451622,0.022745201364159584
25, ,0.0,0.0,0.05230172351002693,0.014452927745878696
27, ,0.0541653037071228,0.051979269832372665,0.011251665651798248,0.013728195801377296
29, ,0.0061471122317016125,0.0018366359872743487,0.011086869053542614,0.006308571435511112
