norm_suff_mean,random_suff_mean,norm_comp_mean,random_comp_mean,final suff,final comp,target_tokens
0.04171363264322281,0.010763181373476982,0.026240495964884758,0.015739604830741882,3.8755857944488525,0.3773252069950104, $ $ $ $ 
