target_pos,target_token,norm_suff,random_suff,norm_comp,random_comp
23, (,0.24151714146137238,0.0,0.7652284502983093,0.11012740433216095
25,22,0.05392638221383095,0.0014357578475028276,0.06728032976388931,0.025812903419137
27, It,0.3755713701248169,0.0,1.046714425086975,0.015928978100419044
29, a,0.0,0.0,0.018788853660225868,0.016969116404652596
31, on,0.0,0.0,0.28296005725860596,0.004101746715605259
