norm_suff_mean,random_suff_mean,norm_comp_mean,random_comp_mean,final suff,final comp,target_tokens
0.1342029869556427,0.0002871515753213316,0.43619441986083984,0.034588031470775604,467.3594055175781,0.2577292323112488, ($22$ It$ a$ on
