target_pos,target_token,norm_suff,random_suff,norm_comp,random_comp
22, who,0.024144219234585762,0.0,0.3182637095451355,0.04183419048786163
24, a,0.0,0.0,0.008192813955247402,0.010590401478111744
26, agent,0.01721665821969509,0.0,0.9861278533935547,0.0008508555474691093
28, He,0.05363601818680763,0.0,0.018556766211986542,0.03572996333241463
30, played,0.0521504208445549,0.0,0.7620784044265747,0.007993838749825954
