target_pos,target_token,norm_suff,random_suff,norm_comp,random_comp
26, ,0.19154947996139526,0.13374754786491394,0.05673719197511673,0.02019699476659298
28, ,0.00972410012036562,0.0,0.019155723974108696,0.017402159050107002
30, ,0.08267302811145782,0.0050543127581477165,0.0325998030602932,0.014638230204582214
32, ,0.045271314680576324,0.004332621581852436,0.017221692949533463,0.020574402064085007
34, ,0.015728352591395378,0.022149067372083664,0.018716026097536087,0.016917873173952103
