norm_suff_mean,random_suff_mean,norm_comp_mean,random_comp_mean,final suff,final comp,target_tokens
0.06898925453424454,0.03305671364068985,0.028886089101433754,0.01794593036174774,2.0869967937469482,0.2601264715194702, $ $ $ $ 
