{
    "$schema": "../docs/rationalization.schema.json",
    "id": 114,
    "input-text": [
        "I",
        " thought",
        " it",
        " would",
        " be",
        " the",
        " coolest",
        " thing",
        " I",
        "'d",
        " ever",
        " encounter",
        ".",
        " (",
        "I",
        " tried",
        " to",
        " ignore",
        " my",
        " phone",
        " vibr",
        "ating",
        " in",
        " my",
        " pocket",
        ").",
        " But",
        " when",
        " I",
        " did",
        " end",
        " up",
        " encountering",
        " it",
        ",",
        " it",
        " turned",
        " out",
        " it",
        " wasn",
        "'t",
        " so"
    ],
    "input-tokens": [
        40,
        1807,
        340,
        561,
        307,
        262,
        38889,
        1517,
        314,
        1549,
        1683,
        8791,
        13,
        357,
        40,
        3088,
        284,
        8856,
        616,
        3072,
        12611,
        803,
        287,
        616,
        10000,
        737,
        887,
        618,
        314,
        750,
        886,
        510,
        42398,
        340,
        11,
        340,
        2900,
        503,
        340,
        2492,
        470,
        523
    ],
    "target-text": " cool",
    "target-token": 3608,
    "rational-size": 5,
    "rational-positions": [
        6,
        32,
        0,
        1,
        5
    ],
    "rational-text": [
        " coolest",
        " encountering",
        "I",
        " thought",
        " the"
    ],
    "rational-tokens": [
        38889,
        42398,
        40,
        1807,
        262
    ],
    "importance-scores": [
        0.027059165760874748,
        0.022221270948648453,
        0.018896762281656265,
        0.01838541030883789,
        0.017466597259044647,
        0.02219550870358944,
        0.3640318512916565,
        0.013987196609377861,
        0.013637437485158443,
        0.013453220948576927,
        0.013635853305459023,
        0.01935013197362423,
        0.014095844700932503,
        0.014401775784790516,
        0.012804544530808926,
        0.013502988032996655,
        0.012444949708878994,
        0.014461727812886238,
        0.01301614474505186,
        0.014925090596079826,
        0.01635187678039074,
        0.013208247721195221,
        0.012442047707736492,
        0.012867250479757786,
        0.01416015625,
        0.015109737403690815,
        0.01604670286178589,
        0.013286992907524109,
        0.01297815702855587,
        0.013677028939127922,
        0.01353243924677372,
        0.01303099561482668,
        0.027505503967404366,
        0.014008409343659878,
        0.01292852871119976,
        0.012814214453101158,
        0.013670999556779861,
        0.014311900362372398,
        0.014296932145953178,
        0.015411660075187683,
        0.014601076953113079,
        0.019785642623901367
    ],
    "comments": {
        "created-by": "run_analogies.py",
        "args": {
            "model": "gpt2-xl",
            "cache_dir": "cache/",
            "tokenizer": "gpt2-xl",
            "data_dir": "data/analogies/gpt2_xl/",
            "importance_results_dir": "rationalization_results/analogies/gpt2_xl_norm",
            "device": "cuda",
            "rationalization_config": "config/eva_norm.json",
            "input_num_ratio": 1,
            "logfolder": "logs/analogies/gpt2_xl_norm",
            "loglevel": 20
        },
        "time_elapsed": 0.0588831901550293
    }
}