{
    "$schema": "../docs/rationalization.schema.json",
    "id": 124,
    "input-text": [
        "I",
        " thought",
        " it",
        " would",
        " be",
        " the",
        " smallest",
        " thing",
        " I",
        "'d",
        " ever",
        " encounter",
        ".",
        " (",
        "I",
        " tried",
        " to",
        " ignore",
        " my",
        " phone",
        " vibr",
        "ating",
        " in",
        " my",
        " pocket",
        ").",
        " But",
        " when",
        " I",
        " did",
        " end",
        " up",
        " encountering",
        " it",
        ",",
        " it",
        " turned",
        " out",
        " it",
        " wasn",
        "'t",
        " so"
    ],
    "input-tokens": [
        40,
        1807,
        340,
        561,
        307,
        262,
        18197,
        1517,
        314,
        1549,
        1683,
        8791,
        13,
        357,
        40,
        3088,
        284,
        8856,
        616,
        3072,
        12611,
        803,
        287,
        616,
        10000,
        737,
        887,
        618,
        314,
        750,
        886,
        510,
        42398,
        340,
        11,
        340,
        2900,
        503,
        340,
        2492,
        470,
        523
    ],
    "target-text": " small",
    "target-token": 1402,
    "rational-size": 5,
    "rational-positions": [
        6,
        0,
        1,
        32,
        5
    ],
    "rational-text": [
        " smallest",
        "I",
        " thought",
        " encountering",
        " the"
    ],
    "rational-tokens": [
        18197,
        40,
        1807,
        42398,
        262
    ],
    "importance-scores": [
        0.026424091309309006,
        0.026305973529815674,
        0.024100685492157936,
        0.024321887642145157,
        0.023659583181142807,
        0.024899987503886223,
        0.08617649972438812,
        0.0219942107796669,
        0.02168303169310093,
        0.022006075829267502,
        0.02163746766746044,
        0.023707697167992592,
        0.021778326481580734,
        0.022587046027183533,
        0.021179085597395897,
        0.0215205866843462,
        0.020976977422833443,
        0.022024495527148247,
        0.021229805424809456,
        0.02215387299656868,
        0.022703886032104492,
        0.021408727392554283,
        0.020991744473576546,
        0.02132280170917511,
        0.021715378388762474,
        0.02215568907558918,
        0.02178456075489521,
        0.02123839221894741,
        0.02108754590153694,
        0.021350329741835594,
        0.021334461867809296,
        0.021200168877840042,
        0.025290077552199364,
        0.021579895168542862,
        0.021097909659147263,
        0.02120971865952015,
        0.021700000390410423,
        0.021544044837355614,
        0.021504554897546768,
        0.022263072431087494,
        0.021850084885954857,
        0.023299632593989372
    ],
    "comments": {
        "created-by": "run_analogies.py",
        "args": {
            "model": "gpt2-xl",
            "cache_dir": "cache/",
            "tokenizer": "gpt2-xl",
            "data_dir": "data/analogies/gpt2_xl/",
            "importance_results_dir": "rationalization_results/analogies/gpt2_xl_norm",
            "device": "cuda",
            "rationalization_config": "config/eva_norm.json",
            "input_num_ratio": 1,
            "logfolder": "logs/analogies/gpt2_xl_norm",
            "loglevel": 20
        },
        "time_elapsed": 0.05885934829711914
    }
}