{
    "$schema": "../docs/rationalization.schema.json",
    "id": 126,
    "input-text": [
        "I",
        " thought",
        " it",
        " would",
        " be",
        " the",
        " strongest",
        " thing",
        " I",
        "'d",
        " ever",
        " encounter",
        ".",
        " (",
        "I",
        " tried",
        " to",
        " ignore",
        " my",
        " phone",
        " vibr",
        "ating",
        " in",
        " my",
        " pocket",
        ").",
        " But",
        " when",
        " I",
        " did",
        " end",
        " up",
        " encountering",
        " it",
        ",",
        " it",
        " turned",
        " out",
        " it",
        " wasn",
        "'t",
        " so"
    ],
    "input-tokens": [
        40,
        1807,
        340,
        561,
        307,
        262,
        12841,
        1517,
        314,
        1549,
        1683,
        8791,
        13,
        357,
        40,
        3088,
        284,
        8856,
        616,
        3072,
        12611,
        803,
        287,
        616,
        10000,
        737,
        887,
        618,
        314,
        750,
        886,
        510,
        42398,
        340,
        11,
        340,
        2900,
        503,
        340,
        2492,
        470,
        523
    ],
    "target-text": " strong",
    "target-token": 1913,
    "rational-size": 5,
    "rational-positions": [
        6,
        0,
        1,
        11,
        32
    ],
    "rational-text": [
        " strongest",
        "I",
        " thought",
        " encounter",
        " encountering"
    ],
    "rational-tokens": [
        12841,
        40,
        1807,
        8791,
        42398
    ],
    "importance-scores": [
        0.0337737537920475,
        0.02897055633366108,
        0.024171823635697365,
        0.02489294484257698,
        0.024044984951615334,
        0.024532627314329147,
        0.07931172102689743,
        0.023129411041736603,
        0.021613184362649918,
        0.021639766171574593,
        0.02132597006857395,
        0.026819534599781036,
        0.02204858511686325,
        0.023020803928375244,
        0.020395349711179733,
        0.021088670939207077,
        0.019909054040908813,
        0.02173687145113945,
        0.02038085088133812,
        0.022274384275078773,
        0.022855980321764946,
        0.02040305733680725,
        0.019851669669151306,
        0.020512601360678673,
        0.02128521539270878,
        0.02289033867418766,
        0.021492108702659607,
        0.020566845312714577,
        0.020505130290985107,
        0.02092989906668663,
        0.020637862384319305,
        0.020461279898881912,
        0.02665669284760952,
        0.02089546248316765,
        0.020421598106622696,
        0.020720014348626137,
        0.022063231095671654,
        0.021553585305809975,
        0.021452637389302254,
        0.022548086941242218,
        0.021714182570576668,
        0.024501675739884377
    ],
    "comments": {
        "created-by": "run_analogies.py",
        "args": {
            "model": "gpt2-xl",
            "cache_dir": "cache/",
            "tokenizer": "gpt2-xl",
            "data_dir": "data/analogies/gpt2_xl/",
            "importance_results_dir": "rationalization_results/analogies/gpt2_xl_norm",
            "device": "cuda",
            "rationalization_config": "config/eva_norm.json",
            "input_num_ratio": 1,
            "logfolder": "logs/analogies/gpt2_xl_norm",
            "loglevel": 20
        },
        "time_elapsed": 0.058622121810913086
    }
}