{
    "$schema": "../docs/rationalization.schema.json",
    "id": 13,
    "input-text": [
        "When",
        " my",
        " flight",
        " landed",
        " in",
        " Spain",
        ",",
        " I",
        " converted",
        " my",
        " currency",
        " and",
        " slowly",
        " fell",
        " asleep",
        ".",
        " (",
        "I",
        " had",
        " a",
        " terrifying",
        " dream",
        " about",
        " my",
        " grandmother",
        ",",
        " but",
        " that",
        "'s",
        " a",
        " story",
        " for",
        " another",
        " time",
        ").",
        " I",
        " was",
        " staying",
        " in",
        " the",
        " capital",
        ","
    ],
    "input-tokens": [
        2215,
        616,
        5474,
        11406,
        287,
        8602,
        11,
        314,
        11513,
        616,
        7395,
        290,
        6364,
        3214,
        16039,
        13,
        357,
        40,
        550,
        257,
        17623,
        4320,
        546,
        616,
        18410,
        11,
        475,
        326,
        338,
        257,
        1621,
        329,
        1194,
        640,
        737,
        314,
        373,
        10589,
        287,
        262,
        3139,
        11
    ],
    "target-text": " Madrid",
    "target-token": 14708,
    "rational-size": 5,
    "rational-positions": [
        5,
        40,
        2,
        0,
        37
    ],
    "rational-text": [
        " Spain",
        " capital",
        " flight",
        "When",
        " staying"
    ],
    "rational-tokens": [
        8602,
        3139,
        5474,
        2215,
        10589
    ],
    "importance-scores": [
        0.02562771365046501,
        0.024428674951195717,
        0.025956012308597565,
        0.024462679401040077,
        0.02363310009241104,
        0.03442668542265892,
        0.022590788081288338,
        0.022713318467140198,
        0.023729220032691956,
        0.022782541811466217,
        0.024301713332533836,
        0.022740133106708527,
        0.02320902794599533,
        0.022965991869568825,
        0.023716453462839127,
        0.023010404780507088,
        0.023293346166610718,
        0.022694222629070282,
        0.02277345396578312,
        0.02241157367825508,
        0.02427428588271141,
        0.02316497452557087,
        0.022797469049692154,
        0.02268911711871624,
        0.023898672312498093,
        0.022412102669477463,
        0.022764530032873154,
        0.02255326695740223,
        0.022970370948314667,
        0.02257937379181385,
        0.02345971204340458,
        0.0223627220839262,
        0.022739753127098083,
        0.022534655407071114,
        0.024084823206067085,
        0.022936251014471054,
        0.02315361797809601,
        0.025356778874993324,
        0.02271389774978161,
        0.02349928393959999,
        0.0318603478372097,
        0.02372695878148079
    ],
    "comments": {
        "created-by": "run_analogies.py",
        "args": {
            "model": "gpt2-xl",
            "cache_dir": "cache/",
            "tokenizer": "gpt2-xl",
            "data_dir": "data/analogies/gpt2_xl/",
            "importance_results_dir": "rationalization_results/analogies/gpt2_xl_norm",
            "device": "cuda",
            "rationalization_config": "config/eva_norm.json",
            "input_num_ratio": 1,
            "logfolder": "logs/analogies/gpt2_xl_norm",
            "loglevel": 20
        },
        "time_elapsed": 0.06458210945129395
    }
}