{
    "$schema": "../docs/rationalization.schema.json",
    "id": 148,
    "input-text": [
        "I",
        " had",
        " never",
        " been",
        " friends",
        " with",
        " any",
        " Danish",
        " people",
        " before",
        ".",
        " (",
        "The",
        " funn",
        "iest",
        " thing",
        " happened",
        " to",
        " me",
        " the",
        " other",
        " day",
        ",",
        " but",
        " that",
        "'s",
        " a",
        " story",
        " for",
        " another",
        " time",
        ").",
        " In",
        " fact",
        ",",
        " I",
        " had",
        " never",
        " even",
        " been",
        " to"
    ],
    "input-tokens": [
        40,
        550,
        1239,
        587,
        2460,
        351,
        597,
        20849,
        661,
        878,
        13,
        357,
        464,
        36090,
        6386,
        1517,
        3022,
        284,
        502,
        262,
        584,
        1110,
        11,
        475,
        326,
        338,
        257,
        1621,
        329,
        1194,
        640,
        737,
        554,
        1109,
        11,
        314,
        550,
        1239,
        772,
        587,
        284
    ],
    "target-text": " Denmark",
    "target-token": 16490,
    "rational-size": 5,
    "rational-positions": [
        7,
        0,
        4,
        6,
        39
    ],
    "rational-text": [
        " Danish",
        "I",
        " friends",
        " any",
        " been"
    ],
    "rational-tokens": [
        20849,
        40,
        2460,
        597,
        587
    ],
    "importance-scores": [
        0.026156408712267876,
        0.02494751662015915,
        0.02482767403125763,
        0.024624211713671684,
        0.026127172634005547,
        0.024849409237504005,
        0.02501683682203293,
        0.040091026574373245,
        0.024382365867495537,
        0.02391408011317253,
        0.02362804114818573,
        0.023632479831576347,
        0.023548563942313194,
        0.024220384657382965,
        0.02359781414270401,
        0.02345779538154602,
        0.023711038753390312,
        0.02325526624917984,
        0.02362189255654812,
        0.02328110858798027,
        0.023317882791161537,
        0.02368081919848919,
        0.02331034652888775,
        0.023395730182528496,
        0.023275377228856087,
        0.02339806593954563,
        0.023317068815231323,
        0.023613369092345238,
        0.02332199737429619,
        0.023409616202116013,
        0.023345882073044777,
        0.024299703538417816,
        0.02376650646328926,
        0.023950228467583656,
        0.02341461554169655,
        0.02387247607111931,
        0.024040255695581436,
        0.024529440328478813,
        0.024249697104096413,
        0.024971172213554382,
        0.02462870441377163
    ],
    "comments": {
        "created-by": "run_analogies.py",
        "args": {
            "model": "gpt2-xl",
            "cache_dir": "cache/",
            "tokenizer": "gpt2-xl",
            "data_dir": "data/analogies/gpt2_xl/",
            "importance_results_dir": "rationalization_results/analogies/gpt2_xl_norm",
            "device": "cuda",
            "rationalization_config": "config/eva_norm.json",
            "input_num_ratio": 1,
            "logfolder": "logs/analogies/gpt2_xl_norm",
            "loglevel": 20
        },
        "time_elapsed": 0.059285640716552734
    }
}