{
    "$schema": "../docs/rationalization.schema.json",
    "id": 155,
    "input-text": [
        "I",
        " had",
        " never",
        " been",
        " friends",
        " with",
        " any",
        " Indian",
        " people",
        " before",
        ".",
        " (",
        "The",
        " funn",
        "iest",
        " thing",
        " happened",
        " to",
        " me",
        " the",
        " other",
        " day",
        ",",
        " but",
        " that",
        "'s",
        " a",
        " story",
        " for",
        " another",
        " time",
        ").",
        " In",
        " fact",
        ",",
        " I",
        " had",
        " never",
        " even",
        " been",
        " to"
    ],
    "input-tokens": [
        40,
        550,
        1239,
        587,
        2460,
        351,
        597,
        3942,
        661,
        878,
        13,
        357,
        464,
        36090,
        6386,
        1517,
        3022,
        284,
        502,
        262,
        584,
        1110,
        11,
        475,
        326,
        338,
        257,
        1621,
        329,
        1194,
        640,
        737,
        554,
        1109,
        11,
        314,
        550,
        1239,
        772,
        587,
        284
    ],
    "target-text": " India",
    "target-token": 3794,
    "rational-size": 5,
    "rational-positions": [
        7,
        0,
        4,
        6,
        2
    ],
    "rational-text": [
        " Indian",
        "I",
        " friends",
        " any",
        " never"
    ],
    "rational-tokens": [
        3942,
        40,
        2460,
        597,
        1239
    ],
    "importance-scores": [
        0.029618654400110245,
        0.02554539404809475,
        0.025758910924196243,
        0.02495730295777321,
        0.028774401172995567,
        0.02539360336959362,
        0.02654511108994484,
        0.03822479397058487,
        0.024527302011847496,
        0.023933688178658485,
        0.023529358208179474,
        0.0241013765335083,
        0.023340126499533653,
        0.024089733138680458,
        0.02345125377178192,
        0.023207562044262886,
        0.023472068831324577,
        0.02296147309243679,
        0.02322443574666977,
        0.022947095334529877,
        0.02309812605381012,
        0.023394282907247543,
        0.023070020601153374,
        0.023083722218871117,
        0.023045852780342102,
        0.023115599527955055,
        0.02297898568212986,
        0.023302176967263222,
        0.022994017228484154,
        0.023135202005505562,
        0.023053603246808052,
        0.02393515594303608,
        0.023306405171751976,
        0.023641113191843033,
        0.023110054433345795,
        0.02340885065495968,
        0.02364289201796055,
        0.024092288687825203,
        0.02423185296356678,
        0.024367237463593483,
        0.024388903751969337
    ],
    "comments": {
        "created-by": "run_analogies.py",
        "args": {
            "model": "gpt2-xl",
            "cache_dir": "cache/",
            "tokenizer": "gpt2-xl",
            "data_dir": "data/analogies/gpt2_xl/",
            "importance_results_dir": "rationalization_results/analogies/gpt2_xl_norm",
            "device": "cuda",
            "rationalization_config": "config/eva_norm.json",
            "input_num_ratio": 1,
            "logfolder": "logs/analogies/gpt2_xl_norm",
            "loglevel": 20
        },
        "time_elapsed": 0.05907702445983887
    }
}