{
    "$schema": "../docs/rationalization.schema.json",
    "id": 156,
    "input-text": [
        "I",
        " had",
        " never",
        " been",
        " friends",
        " with",
        " any",
        " Irish",
        " people",
        " before",
        ".",
        " (",
        "The",
        " funn",
        "iest",
        " thing",
        " happened",
        " to",
        " me",
        " the",
        " other",
        " day",
        ",",
        " but",
        " that",
        "'s",
        " a",
        " story",
        " for",
        " another",
        " time",
        ").",
        " In",
        " fact",
        ",",
        " I",
        " had",
        " never",
        " even",
        " been",
        " to"
    ],
    "input-tokens": [
        40,
        550,
        1239,
        587,
        2460,
        351,
        597,
        8685,
        661,
        878,
        13,
        357,
        464,
        36090,
        6386,
        1517,
        3022,
        284,
        502,
        262,
        584,
        1110,
        11,
        475,
        326,
        338,
        257,
        1621,
        329,
        1194,
        640,
        737,
        554,
        1109,
        11,
        314,
        550,
        1239,
        772,
        587,
        284
    ],
    "target-text": " Ireland",
    "target-token": 7517,
    "rational-size": 5,
    "rational-positions": [
        7,
        0,
        4,
        39,
        1
    ],
    "rational-text": [
        " Irish",
        "I",
        " friends",
        " been",
        " had"
    ],
    "rational-tokens": [
        8685,
        40,
        2460,
        587,
        550
    ],
    "importance-scores": [
        0.026798754930496216,
        0.025340238586068153,
        0.02515917643904686,
        0.024855345487594604,
        0.02676234394311905,
        0.02488584816455841,
        0.025003129616379738,
        0.03518611192703247,
        0.0250985287129879,
        0.023813074454665184,
        0.02370292879641056,
        0.023633049800992012,
        0.02344474382698536,
        0.025023551657795906,
        0.023806359618902206,
        0.023359328508377075,
        0.023583589121699333,
        0.023139558732509613,
        0.023413008078932762,
        0.02315843664109707,
        0.023315247148275375,
        0.02374235913157463,
        0.02323031984269619,
        0.02322753332555294,
        0.023200400173664093,
        0.023281589150428772,
        0.023196397349238396,
        0.023677606135606766,
        0.023203471675515175,
        0.023318344727158546,
        0.023290354758501053,
        0.024392565712332726,
        0.02378789521753788,
        0.024207713082432747,
        0.02335706353187561,
        0.023793814703822136,
        0.024126296862959862,
        0.024697940796613693,
        0.024857357144355774,
        0.025824513286352158,
        0.025104116648435593
    ],
    "comments": {
        "created-by": "run_analogies.py",
        "args": {
            "model": "gpt2-xl",
            "cache_dir": "cache/",
            "tokenizer": "gpt2-xl",
            "data_dir": "data/analogies/gpt2_xl/",
            "importance_results_dir": "rationalization_results/analogies/gpt2_xl_norm",
            "device": "cuda",
            "rationalization_config": "config/eva_norm.json",
            "input_num_ratio": 1,
            "logfolder": "logs/analogies/gpt2_xl_norm",
            "loglevel": 20
        },
        "time_elapsed": 0.059092044830322266
    }
}