{
    "$schema": "../docs/rationalization.schema.json",
    "id": 160,
    "input-text": [
        "I",
        " had",
        " never",
        " been",
        " friends",
        " with",
        " any",
        " Korean",
        " people",
        " before",
        ".",
        " (",
        "The",
        " funn",
        "iest",
        " thing",
        " happened",
        " to",
        " me",
        " the",
        " other",
        " day",
        ",",
        " but",
        " that",
        "'s",
        " a",
        " story",
        " for",
        " another",
        " time",
        ").",
        " In",
        " fact",
        ",",
        " I",
        " had",
        " never",
        " even",
        " been",
        " to"
    ],
    "input-tokens": [
        40,
        550,
        1239,
        587,
        2460,
        351,
        597,
        6983,
        661,
        878,
        13,
        357,
        464,
        36090,
        6386,
        1517,
        3022,
        284,
        502,
        262,
        584,
        1110,
        11,
        475,
        326,
        338,
        257,
        1621,
        329,
        1194,
        640,
        737,
        554,
        1109,
        11,
        314,
        550,
        1239,
        772,
        587,
        284
    ],
    "target-text": " Korea",
    "target-token": 4969,
    "rational-size": 5,
    "rational-positions": [
        7,
        0,
        4,
        1,
        2
    ],
    "rational-text": [
        " Korean",
        "I",
        " friends",
        " had",
        " never"
    ],
    "rational-tokens": [
        6983,
        40,
        2460,
        550,
        1239
    ],
    "importance-scores": [
        0.027824657037854195,
        0.025772759690880775,
        0.025433316826820374,
        0.024914897978305817,
        0.027623260393738747,
        0.02476922981441021,
        0.025082523003220558,
        0.03635972738265991,
        0.024654706940054893,
        0.02387547306716442,
        0.023781850934028625,
        0.02380913868546486,
        0.023688307031989098,
        0.02424970455467701,
        0.023612339049577713,
        0.023371588438749313,
        0.023589011281728745,
        0.02322300337255001,
        0.02360677905380726,
        0.02329064905643463,
        0.023260025307536125,
        0.023659376427531242,
        0.02323191799223423,
        0.02330034226179123,
        0.023227810859680176,
        0.02334723435342312,
        0.023271286860108376,
        0.023514606058597565,
        0.02321731485426426,
        0.02335270680487156,
        0.02327003702521324,
        0.024062177166342735,
        0.023621978238224983,
        0.02404448390007019,
        0.023298420011997223,
        0.023719511926174164,
        0.02399173565208912,
        0.024401389062404633,
        0.02441241592168808,
        0.024428999051451683,
        0.024833347648382187
    ],
    "comments": {
        "created-by": "run_analogies.py",
        "args": {
            "model": "gpt2-xl",
            "cache_dir": "cache/",
            "tokenizer": "gpt2-xl",
            "data_dir": "data/analogies/gpt2_xl/",
            "importance_results_dir": "rationalization_results/analogies/gpt2_xl_norm",
            "device": "cuda",
            "rationalization_config": "config/eva_norm.json",
            "input_num_ratio": 1,
            "logfolder": "logs/analogies/gpt2_xl_norm",
            "loglevel": 20
        },
        "time_elapsed": 0.059244632720947266
    }
}