{
    "$schema": "../docs/rationalization.schema.json",
    "id": 177,
    "input-text": [
        "I",
        " really",
        " wanted",
        " to",
        " buy",
        " the",
        " child",
        ",",
        " more",
        " than",
        " I",
        " ever",
        " wanted",
        " to",
        " buy",
        " anything",
        " before",
        ".",
        " (",
        "I",
        " was",
        " also",
        " behind",
        " on",
        " my",
        " homework",
        ",",
        " but",
        " that",
        "'s",
        " another",
        " story",
        ").",
        " So",
        " I",
        " went",
        " to",
        " the",
        " store",
        " and",
        " asked",
        " if",
        " they",
        " had",
        " any"
    ],
    "input-tokens": [
        40,
        1107,
        2227,
        284,
        2822,
        262,
        1200,
        11,
        517,
        621,
        314,
        1683,
        2227,
        284,
        2822,
        1997,
        878,
        13,
        357,
        40,
        373,
        635,
        2157,
        319,
        616,
        26131,
        11,
        475,
        326,
        338,
        1194,
        1621,
        737,
        1406,
        314,
        1816,
        284,
        262,
        3650,
        290,
        1965,
        611,
        484,
        550,
        597
    ],
    "target-text": " children",
    "target-token": 1751,
    "rational-size": 5,
    "rational-positions": [
        6,
        4,
        38,
        0,
        2
    ],
    "rational-text": [
        " child",
        " buy",
        " store",
        "I",
        " wanted"
    ],
    "rational-tokens": [
        1200,
        2822,
        3650,
        40,
        2227
    ],
    "importance-scores": [
        0.030442362651228905,
        0.026516392827033997,
        0.029912937432527542,
        0.02386944368481636,
        0.04097891226410866,
        0.0261186882853508,
        0.083867147564888,
        0.01914401166141033,
        0.017673512920737267,
        0.018231544643640518,
        0.017948083579540253,
        0.018609600141644478,
        0.01837342418730259,
        0.017509659752249718,
        0.01989620365202427,
        0.018420178443193436,
        0.018858306109905243,
        0.018684163689613342,
        0.019383762031793594,
        0.0178854800760746,
        0.017958989366889,
        0.01772872358560562,
        0.018535342067480087,
        0.01783769018948078,
        0.018096020445227623,
        0.027621597051620483,
        0.01736653968691826,
        0.017610713839530945,
        0.01786251924932003,
        0.017677485942840576,
        0.017752116546034813,
        0.01937752217054367,
        0.02061896212399006,
        0.019346194341778755,
        0.01848009042441845,
        0.018947560340166092,
        0.017617011442780495,
        0.018512416630983353,
        0.0307615976780653,
        0.017541490495204926,
        0.02101399563252926,
        0.01961752027273178,
        0.02151738665997982,
        0.01992875710129738,
        0.028347982093691826
    ],
    "comments": {
        "created-by": "run_analogies.py",
        "args": {
            "model": "gpt2-xl",
            "cache_dir": "cache/",
            "tokenizer": "gpt2-xl",
            "data_dir": "data/analogies/gpt2_xl/",
            "importance_results_dir": "rationalization_results/analogies/gpt2_xl_norm",
            "device": "cuda",
            "rationalization_config": "config/eva_norm.json",
            "input_num_ratio": 1,
            "logfolder": "logs/analogies/gpt2_xl_norm",
            "loglevel": 20
        },
        "time_elapsed": 0.05891561508178711
    }
}