{
    "$schema": "../docs/rationalization.schema.json",
    "id": 183,
    "input-text": [
        "I",
        " really",
        " wanted",
        " to",
        " buy",
        " the",
        " horse",
        ",",
        " more",
        " than",
        " I",
        " ever",
        " wanted",
        " to",
        " buy",
        " anything",
        " before",
        ".",
        " (",
        "I",
        " was",
        " also",
        " behind",
        " on",
        " my",
        " homework",
        ",",
        " but",
        " that",
        "'s",
        " another",
        " story",
        ").",
        " So",
        " I",
        " went",
        " to",
        " the",
        " store",
        " and",
        " asked",
        " if",
        " they",
        " had",
        " any"
    ],
    "input-tokens": [
        40,
        1107,
        2227,
        284,
        2822,
        262,
        8223,
        11,
        517,
        621,
        314,
        1683,
        2227,
        284,
        2822,
        1997,
        878,
        13,
        357,
        40,
        373,
        635,
        2157,
        319,
        616,
        26131,
        11,
        475,
        326,
        338,
        1194,
        1621,
        737,
        1406,
        314,
        1816,
        284,
        262,
        3650,
        290,
        1965,
        611,
        484,
        550,
        597
    ],
    "target-text": " horses",
    "target-token": 14260,
    "rational-size": 5,
    "rational-positions": [
        6,
        25,
        4,
        0,
        38
    ],
    "rational-text": [
        " horse",
        " homework",
        " buy",
        "I",
        " store"
    ],
    "rational-tokens": [
        8223,
        26131,
        2822,
        40,
        3650
    ],
    "importance-scores": [
        0.028583241626620293,
        0.024856271222233772,
        0.026377104222774506,
        0.02329430729150772,
        0.03145186975598335,
        0.02457462064921856,
        0.08717396855354309,
        0.018709314987063408,
        0.01801120489835739,
        0.018534746021032333,
        0.01817646250128746,
        0.018926870077848434,
        0.018965432420372963,
        0.01767180673778057,
        0.02042520046234131,
        0.01908249966800213,
        0.020138485357165337,
        0.018820229917764664,
        0.01987871155142784,
        0.018415674567222595,
        0.018546087667346,
        0.018278341740369797,
        0.019499514251947403,
        0.01819855347275734,
        0.018770480528473854,
        0.0324847511947155,
        0.01754128746688366,
        0.017949312925338745,
        0.018007075414061546,
        0.017982710152864456,
        0.01822049729526043,
        0.02103782817721367,
        0.021878784522414207,
        0.019695153459906578,
        0.01874193549156189,
        0.0191035196185112,
        0.017665894702076912,
        0.01803649216890335,
        0.027584683150053024,
        0.017771733924746513,
        0.02145840786397457,
        0.020208541303873062,
        0.021606381982564926,
        0.02063397876918316,
        0.027030035853385925
    ],
    "comments": {
        "created-by": "run_analogies.py",
        "args": {
            "model": "gpt2-xl",
            "cache_dir": "cache/",
            "tokenizer": "gpt2-xl",
            "data_dir": "data/analogies/gpt2_xl/",
            "importance_results_dir": "rationalization_results/analogies/gpt2_xl_norm",
            "device": "cuda",
            "rationalization_config": "config/eva_norm.json",
            "input_num_ratio": 1,
            "logfolder": "logs/analogies/gpt2_xl_norm",
            "loglevel": 20
        },
        "time_elapsed": 0.05931854248046875
    }
}