{
    "$schema": "../docs/rationalization.schema.json",
    "id": 186,
    "input-text": [
        "I",
        " really",
        " wanted",
        " to",
        " buy",
        " the",
        " pig",
        ",",
        " more",
        " than",
        " I",
        " ever",
        " wanted",
        " to",
        " buy",
        " anything",
        " before",
        ".",
        " (",
        "I",
        " was",
        " also",
        " behind",
        " on",
        " my",
        " homework",
        ",",
        " but",
        " that",
        "'s",
        " another",
        " story",
        ").",
        " So",
        " I",
        " went",
        " to",
        " the",
        " store",
        " and",
        " asked",
        " if",
        " they",
        " had",
        " any"
    ],
    "input-tokens": [
        40,
        1107,
        2227,
        284,
        2822,
        262,
        12967,
        11,
        517,
        621,
        314,
        1683,
        2227,
        284,
        2822,
        1997,
        878,
        13,
        357,
        40,
        373,
        635,
        2157,
        319,
        616,
        26131,
        11,
        475,
        326,
        338,
        1194,
        1621,
        737,
        1406,
        314,
        1816,
        284,
        262,
        3650,
        290,
        1965,
        611,
        484,
        550,
        597
    ],
    "target-text": " pigs",
    "target-token": 22333,
    "rational-size": 5,
    "rational-positions": [
        6,
        4,
        0,
        2,
        1
    ],
    "rational-text": [
        " pig",
        " buy",
        "I",
        " wanted",
        " really"
    ],
    "rational-tokens": [
        12967,
        2822,
        40,
        2227,
        1107
    ],
    "importance-scores": [
        0.04149177670478821,
        0.028212375938892365,
        0.030632460489869118,
        0.02305085025727749,
        0.05161119997501373,
        0.02264302968978882,
        0.19943289458751678,
        0.016413338482379913,
        0.014898817986249924,
        0.015216412954032421,
        0.014861345291137695,
        0.015365819446742535,
        0.01542458776384592,
        0.014417361468076706,
        0.016423868015408516,
        0.015523812733590603,
        0.016039762645959854,
        0.01514254417270422,
        0.015172054059803486,
        0.01476704515516758,
        0.014925549738109112,
        0.014556342735886574,
        0.015250747092068195,
        0.014646384865045547,
        0.015111975371837616,
        0.020574012771248817,
        0.014263223856687546,
        0.014674183912575245,
        0.014621828682720661,
        0.014582306146621704,
        0.014743788167834282,
        0.016507824882864952,
        0.01701904833316803,
        0.015634365379810333,
        0.015267578884959221,
        0.01570376195013523,
        0.014513327740132809,
        0.015185519121587276,
        0.02285842038691044,
        0.014604088850319386,
        0.01764504425227642,
        0.016304025426506996,
        0.01687273569405079,
        0.01648746058344841,
        0.020705103874206543
    ],
    "comments": {
        "created-by": "run_analogies.py",
        "args": {
            "model": "gpt2-xl",
            "cache_dir": "cache/",
            "tokenizer": "gpt2-xl",
            "data_dir": "data/analogies/gpt2_xl/",
            "importance_results_dir": "rationalization_results/analogies/gpt2_xl_norm",
            "device": "cuda",
            "rationalization_config": "config/eva_norm.json",
            "input_num_ratio": 1,
            "logfolder": "logs/analogies/gpt2_xl_norm",
            "loglevel": 20
        },
        "time_elapsed": 0.05915975570678711
    }
}