{
    "$schema": "../docs/rationalization.schema.json",
    "id": 22,
    "input-text": [
        "When",
        " my",
        " flight",
        " landed",
        " in",
        " Turkey",
        ",",
        " I",
        " converted",
        " my",
        " currency",
        " and",
        " slowly",
        " fell",
        " asleep",
        ".",
        " (",
        "I",
        " was",
        " behind",
        " on",
        " a",
        " couple",
        " of",
        " assignments",
        ",",
        " but",
        " I",
        " tried",
        " not",
        " to",
        " think",
        " about",
        " them",
        ").",
        " I",
        " was",
        " staying",
        " in",
        " the",
        " capital",
        ","
    ],
    "input-tokens": [
        2215,
        616,
        5474,
        11406,
        287,
        7137,
        11,
        314,
        11513,
        616,
        7395,
        290,
        6364,
        3214,
        16039,
        13,
        357,
        40,
        373,
        2157,
        319,
        257,
        3155,
        286,
        25815,
        11,
        475,
        314,
        3088,
        407,
        284,
        892,
        546,
        606,
        737,
        314,
        373,
        10589,
        287,
        262,
        3139,
        11
    ],
    "target-text": " Ankara",
    "target-token": 28760,
    "rational-size": 5,
    "rational-positions": [
        5,
        40,
        2,
        0,
        37
    ],
    "rational-text": [
        " Turkey",
        " capital",
        " flight",
        "When",
        " staying"
    ],
    "rational-tokens": [
        7137,
        3139,
        5474,
        2215,
        10589
    ],
    "importance-scores": [
        0.027913952246308327,
        0.02548079378902912,
        0.028782742097973824,
        0.02542949840426445,
        0.02332736738026142,
        0.042733464390039444,
        0.02131222002208233,
        0.021713919937610626,
        0.02376527525484562,
        0.02181861363351345,
        0.025265756994485855,
        0.021580766886472702,
        0.022753601893782616,
        0.022083213552832603,
        0.02359820157289505,
        0.022085674107074738,
        0.022943327203392982,
        0.021376648917794228,
        0.021170662716031075,
        0.02162422239780426,
        0.021021327003836632,
        0.021201198920607567,
        0.02268250472843647,
        0.020941680297255516,
        0.025408927351236343,
        0.021222824230790138,
        0.02198040671646595,
        0.02117486670613289,
        0.02249239571392536,
        0.021143248304724693,
        0.020842652767896652,
        0.021881747990846634,
        0.021600358188152313,
        0.021773088723421097,
        0.02453172393143177,
        0.022104421630501747,
        0.022295653820037842,
        0.02738003619015217,
        0.02176821045577526,
        0.023230867460370064,
        0.04027686268091202,
        0.026284990832209587
    ],
    "comments": {
        "created-by": "run_analogies.py",
        "args": {
            "model": "gpt2-xl",
            "cache_dir": "cache/",
            "tokenizer": "gpt2-xl",
            "data_dir": "data/analogies/gpt2_xl/",
            "importance_results_dir": "rationalization_results/analogies/gpt2_xl_norm",
            "device": "cuda",
            "rationalization_config": "config/eva_norm.json",
            "input_num_ratio": 1,
            "logfolder": "logs/analogies/gpt2_xl_norm",
            "loglevel": 20
        },
        "time_elapsed": 0.06379461288452148
    }
}