{
    "$schema": "../docs/rationalization.schema.json",
    "id": 41,
    "input-text": [
        "When",
        " my",
        " flight",
        " landed",
        " in",
        " Afghanistan",
        ",",
        " I",
        " converted",
        " my",
        " currency",
        " and",
        " slowly",
        " fell",
        " asleep",
        ".",
        " (",
        "I",
        " was",
        " behind",
        " on",
        " a",
        " couple",
        " of",
        " assignments",
        ",",
        " but",
        " I",
        " tried",
        " not",
        " to",
        " think",
        " about",
        " them",
        ").",
        " I",
        " was",
        " staying",
        " in",
        " the",
        " capital",
        ","
    ],
    "input-tokens": [
        2215,
        616,
        5474,
        11406,
        287,
        8037,
        11,
        314,
        11513,
        616,
        7395,
        290,
        6364,
        3214,
        16039,
        13,
        357,
        40,
        373,
        2157,
        319,
        257,
        3155,
        286,
        25815,
        11,
        475,
        314,
        3088,
        407,
        284,
        892,
        546,
        606,
        737,
        314,
        373,
        10589,
        287,
        262,
        3139,
        11
    ],
    "target-text": " Kabul",
    "target-token": 34753,
    "rational-size": 5,
    "rational-positions": [
        5,
        40,
        2,
        0,
        37
    ],
    "rational-text": [
        " Afghanistan",
        " capital",
        " flight",
        "When",
        " staying"
    ],
    "rational-tokens": [
        8037,
        3139,
        5474,
        2215,
        10589
    ],
    "importance-scores": [
        0.02684064768254757,
        0.02478409744799137,
        0.027485735714435577,
        0.024924512952566147,
        0.02405308187007904,
        0.0439068078994751,
        0.021630851551890373,
        0.021911559626460075,
        0.023541389033198357,
        0.02210947498679161,
        0.024965636432170868,
        0.02174433507025242,
        0.023036766797304153,
        0.02242613583803177,
        0.023565996438264847,
        0.02195105515420437,
        0.022969311103224754,
        0.02182023413479328,
        0.021634215489029884,
        0.022106420248746872,
        0.021499935537576675,
        0.02176428772509098,
        0.022929411381483078,
        0.02142905443906784,
        0.02578752674162388,
        0.0214249100536108,
        0.02218811959028244,
        0.021657874807715416,
        0.023094594478607178,
        0.021534761413931847,
        0.021308207884430885,
        0.022408336400985718,
        0.022086601704359055,
        0.022225096821784973,
        0.02457709051668644,
        0.02239866927266121,
        0.02245650812983513,
        0.02602032944560051,
        0.02207409404218197,
        0.022998038679361343,
        0.03509066626429558,
        0.02563762478530407
    ],
    "comments": {
        "created-by": "run_analogies.py",
        "args": {
            "model": "gpt2-xl",
            "cache_dir": "cache/",
            "tokenizer": "gpt2-xl",
            "data_dir": "data/analogies/gpt2_xl/",
            "importance_results_dir": "rationalization_results/analogies/gpt2_xl_norm",
            "device": "cuda",
            "rationalization_config": "config/eva_norm.json",
            "input_num_ratio": 1,
            "logfolder": "logs/analogies/gpt2_xl_norm",
            "loglevel": 20
        },
        "time_elapsed": 0.06338644027709961
    }
}