{
    "$schema": "../docs/rationalization.schema.json",
    "id": 56,
    "input-text": [
        "When",
        " my",
        " flight",
        " landed",
        " in",
        " Iran",
        ",",
        " I",
        " converted",
        " my",
        " currency",
        " and",
        " slowly",
        " fell",
        " asleep",
        ".",
        " (",
        "I",
        " was",
        " behind",
        " on",
        " a",
        " couple",
        " of",
        " assignments",
        ",",
        " but",
        " I",
        " tried",
        " not",
        " to",
        " think",
        " about",
        " them",
        ").",
        " I",
        " was",
        " staying",
        " in",
        " the",
        " capital",
        ","
    ],
    "input-tokens": [
        2215,
        616,
        5474,
        11406,
        287,
        4068,
        11,
        314,
        11513,
        616,
        7395,
        290,
        6364,
        3214,
        16039,
        13,
        357,
        40,
        373,
        2157,
        319,
        257,
        3155,
        286,
        25815,
        11,
        475,
        314,
        3088,
        407,
        284,
        892,
        546,
        606,
        737,
        314,
        373,
        10589,
        287,
        262,
        3139,
        11
    ],
    "target-text": " Tehran",
    "target-token": 20882,
    "rational-size": 5,
    "rational-positions": [
        5,
        40,
        2,
        0,
        37
    ],
    "rational-text": [
        " Iran",
        " capital",
        " flight",
        "When",
        " staying"
    ],
    "rational-tokens": [
        4068,
        3139,
        5474,
        2215,
        10589
    ],
    "importance-scores": [
        0.03291824832558632,
        0.02599582076072693,
        0.04100475832819939,
        0.029075952246785164,
        0.02189144305884838,
        0.1447620987892151,
        0.015486350283026695,
        0.016291212290525436,
        0.020761892199516296,
        0.016605272889137268,
        0.02329820953309536,
        0.015717633068561554,
        0.01895155757665634,
        0.016953399404883385,
        0.02061137557029724,
        0.01614861935377121,
        0.018804946914315224,
        0.015608755871653557,
        0.015177431516349316,
        0.016373468562960625,
        0.01497484091669321,
        0.015518834814429283,
        0.018494168296456337,
        0.014770513400435448,
        0.025777030736207962,
        0.014969130046665668,
        0.01649668999016285,
        0.015227550640702248,
        0.017661483958363533,
        0.01520565990358591,
        0.014581836760044098,
        0.016613291576504707,
        0.016022415831685066,
        0.016161106526851654,
        0.02165832370519638,
        0.017033614218235016,
        0.0176270492374897,
        0.029594695195555687,
        0.016465788707137108,
        0.018393144011497498,
        0.0774330347776413,
        0.026881365105509758
    ],
    "comments": {
        "created-by": "run_analogies.py",
        "args": {
            "model": "gpt2-xl",
            "cache_dir": "cache/",
            "tokenizer": "gpt2-xl",
            "data_dir": "data/analogies/gpt2_xl/",
            "importance_results_dir": "rationalization_results/analogies/gpt2_xl_norm",
            "device": "cuda",
            "rationalization_config": "config/eva_norm.json",
            "input_num_ratio": 1,
            "logfolder": "logs/analogies/gpt2_xl_norm",
            "loglevel": 20
        },
        "time_elapsed": 0.059214115142822266
    }
}