{
    "$schema": "../docs/rationalization.schema.json",
    "id": 62,
    "input-text": [
        "As",
        " soon",
        " as",
        " I",
        " arrived",
        " in",
        " Armenia",
        ",",
        " I",
        " checked",
        " into",
        " my",
        " hotel",
        " and",
        " took",
        " a",
        " long",
        " nap",
        ".",
        " (",
        "I",
        " had",
        " finally",
        " finished",
        " the",
        " book",
        " I",
        " was",
        " reading",
        " and",
        " it",
        " was",
        " amazing",
        ").",
        " I",
        " had",
        " to",
        " figure",
        " out",
        " the",
        " exchange",
        " rate",
        " to",
        " the",
        " local",
        " currency",
        ",",
        " which",
        " is",
        " apparently",
        " called",
        " the"
    ],
    "input-tokens": [
        1722,
        2582,
        355,
        314,
        5284,
        287,
        32369,
        11,
        314,
        10667,
        656,
        616,
        7541,
        290,
        1718,
        257,
        890,
        25422,
        13,
        357,
        40,
        550,
        3443,
        5201,
        262,
        1492,
        314,
        373,
        3555,
        290,
        340,
        373,
        4998,
        737,
        314,
        550,
        284,
        3785,
        503,
        262,
        5163,
        2494,
        284,
        262,
        1957,
        7395,
        11,
        543,
        318,
        5729,
        1444,
        262
    ],
    "target-text": " dram",
    "target-token": 4850,
    "rational-size": 5,
    "rational-positions": [
        6,
        45,
        49,
        0,
        51
    ],
    "rational-text": [
        " Armenia",
        " currency",
        " apparently",
        "As",
        " the"
    ],
    "rational-tokens": [
        32369,
        7395,
        5729,
        1722,
        262
    ],
    "importance-scores": [
        0.022488674148917198,
        0.014803340658545494,
        0.01568157970905304,
        0.015400460921227932,
        0.017478859052062035,
        0.018054557964205742,
        0.3544328212738037,
        0.009367037564516068,
        0.009201565757393837,
        0.010365435853600502,
        0.009298364631831646,
        0.009466352872550488,
        0.01253616251051426,
        0.008858534507453442,
        0.009119137190282345,
        0.008763573132455349,
        0.009031618945300579,
        0.013615074567496777,
        0.009730623103678226,
        0.009949102997779846,
        0.009050735272467136,
        0.00904325395822525,
        0.009911148808896542,
        0.010315541177988052,
        0.008893766440451145,
        0.011293812654912472,
        0.009274295531213284,
        0.008970921859145164,
        0.010191548615694046,
        0.008887846022844315,
        0.00885919388383627,
        0.009129893034696579,
        0.011820215731859207,
        0.012282740324735641,
        0.009845299646258354,
        0.009691222570836544,
        0.009100887924432755,
        0.011474920436739922,
        0.009732046164572239,
        0.009830085560679436,
        0.017528928816318512,
        0.01600608229637146,
        0.009444407187402248,
        0.010590782389044762,
        0.016237763687968254,
        0.043584857136011124,
        0.009636122733354568,
        0.011940076015889645,
        0.010703757405281067,
        0.029963050037622452,
        0.018730629235506058,
        0.020391233265399933
    ],
    "comments": {
        "created-by": "run_analogies.py",
        "args": {
            "model": "gpt2-xl",
            "cache_dir": "cache/",
            "tokenizer": "gpt2-xl",
            "data_dir": "data/analogies/gpt2_xl/",
            "importance_results_dir": "rationalization_results/analogies/gpt2_xl_norm",
            "device": "cuda",
            "rationalization_config": "config/eva_norm.json",
            "input_num_ratio": 1,
            "logfolder": "logs/analogies/gpt2_xl_norm",
            "loglevel": 20
        },
        "time_elapsed": 0.06282758712768555
    }
}