{
    "$schema": "../docs/rationalization.schema.json",
    "id": 70,
    "input-text": [
        "As",
        " soon",
        " as",
        " I",
        " arrived",
        " in",
        " Massachusetts",
        ",",
        " I",
        " checked",
        " into",
        " my",
        " hotel",
        " and",
        " watched",
        " a",
        " movie",
        " before",
        " falling",
        " asleep",
        ".",
        " (",
        "I",
        " had",
        " a",
        " great",
        " call",
        " with",
        " my",
        " husband",
        ",",
        " although",
        " I",
        " wish",
        " it",
        " were",
        " longer",
        ").",
        " I",
        " was",
        " staying",
        " in",
        " my",
        " favorite",
        " city",
        ","
    ],
    "input-tokens": [
        1722,
        2582,
        355,
        314,
        5284,
        287,
        10140,
        11,
        314,
        10667,
        656,
        616,
        7541,
        290,
        7342,
        257,
        3807,
        878,
        7463,
        16039,
        13,
        357,
        40,
        550,
        257,
        1049,
        869,
        351,
        616,
        5229,
        11,
        3584,
        314,
        4601,
        340,
        547,
        2392,
        737,
        314,
        373,
        10589,
        287,
        616,
        4004,
        1748,
        11
    ],
    "target-text": " Boston",
    "target-token": 6182,
    "rational-size": 5,
    "rational-positions": [
        44,
        6,
        43,
        40,
        12
    ],
    "rational-text": [
        " city",
        " Massachusetts",
        " favorite",
        " staying",
        " hotel"
    ],
    "rational-tokens": [
        1748,
        10140,
        4004,
        10589,
        7541
    ],
    "importance-scores": [
        0.0239629615098238,
        0.020253973081707954,
        0.018810495734214783,
        0.0192867424339056,
        0.02266349084675312,
        0.019623467698693275,
        0.056902896612882614,
        0.017212681472301483,
        0.017199883237481117,
        0.019632523879408836,
        0.017367424443364143,
        0.017728019505739212,
        0.02814064547419548,
        0.017219411209225655,
        0.019297681748867035,
        0.016581574454903603,
        0.02355078235268593,
        0.017011864110827446,
        0.018511131405830383,
        0.024379579350352287,
        0.017990974709391594,
        0.017931628972291946,
        0.017255432903766632,
        0.016410939395427704,
        0.015875181183218956,
        0.018411507830023766,
        0.0176868699491024,
        0.01618986949324608,
        0.01704302430152893,
        0.022968588396906853,
        0.016404928639531136,
        0.021544545888900757,
        0.016282333061099052,
        0.018495844677090645,
        0.016661932691931725,
        0.016645347699522972,
        0.018111875280737877,
        0.023249536752700806,
        0.01906832680106163,
        0.0192786306142807,
        0.035284653306007385,
        0.018188871443271637,
        0.02126123383641243,
        0.042991507798433304,
        0.06184108927845955,
        0.021588075906038284
    ],
    "comments": {
        "created-by": "run_analogies.py",
        "args": {
            "model": "gpt2-xl",
            "cache_dir": "cache/",
            "tokenizer": "gpt2-xl",
            "data_dir": "data/analogies/gpt2_xl/",
            "importance_results_dir": "rationalization_results/analogies/gpt2_xl_norm",
            "device": "cuda",
            "rationalization_config": "config/eva_norm.json",
            "input_num_ratio": 1,
            "logfolder": "logs/analogies/gpt2_xl_norm",
            "loglevel": 20
        },
        "time_elapsed": 0.060828208923339844
    }
}