target_pos,target_token,norm_suff,random_suff,norm_comp,random_comp
44, Because,0.010428878478705883,0.003143214387819171,0.42513105273246765,0.0073770079761743546
46, was,0.004754025023430586,0.002945508575066924,0.011096706613898277,0.005209342576563358
48, good,0.011984478682279587,0.0072953542694449425,0.017326010391116142,0.01281431782990694
50,.,0.0,0.0,0.006916725542396307,0.005404943600296974
52, was,0.0,0.0,0.003950735554099083,0.005779740866273642
