norm_suff_mean,random_suff_mean,norm_comp_mean,random_comp_mean,final suff,final comp,target_tokens
0.005433476530015469,0.0026768154930323362,0.09288424998521805,0.007317070849239826,2.0298285484313965,1.3466646671295166, Because$ was$ good$.$ was
