target_pos,target_token,norm_suff,random_suff,norm_comp,random_comp
53, Because,0.014727707020938396,0.003670859383419156,0.5941355228424072,0.003768418449908495
55, was,0.0,0.006986863911151886,0.0050994623452425,0.005588793661445379
57, black,0.35948997735977173,0.01757550612092018,0.8215022087097168,0.008252626284956932
59,.,0.0,0.013905845582485199,0.005909196566790342,0.007762862369418144
61, was,0.0,0.00582898361608386,0.003790753660723567,0.006214432884007692
