norm_suff_mean,random_suff_mean,norm_comp_mean,random_comp_mean,final suff,final comp,target_tokens
0.07484354078769684,0.009593612514436245,0.28608742356300354,0.006317426450550556,7.801393032073975,0.08440843969583511, Because$ was$ black$.$ was
