target_pos,target_token,norm_suff,random_suff,norm_comp,random_comp
50, Because,0.0024756176862865686,0.005002210848033428,0.61627197265625,0.00461560906842351
52, wanted,0.004022843670099974,0.0,0.014477428048849106,0.004056914243847132
54, paint,0.00010104196553584188,0.004551616031676531,0.023038193583488464,0.005151649937033653
56, bedroom,0.0038682701997458935,0.0,0.025861941277980804,0.006619797553867102
58,.,0.0,0.0,0.005674843210726976,0.004021550994366407
