norm_suff_mean,random_suff_mean,norm_comp_mean,random_comp_mean,final suff,final comp,target_tokens
0.0020935547072440386,0.0019107655389234424,0.1370648741722107,0.004893104545772076,1.0956628322601318,2.3372230529785156, Because$ wanted$ paint$ bedroom$.
