target_pos,target_token,norm_suff,random_suff,norm_comp,random_comp
63, She,0.0,0.0067583429627120495,0.014405043795704842,0.011764930561184883
65, hungry,0.0,0.008558491244912148,1.0,0.016166478395462036
67, She,0.005661551374942064,0.0,0.013403111137449741,0.017335832118988037
69, hungry,0.05991014093160629,0.0013225112343207002,0.05488542094826698,0.007218774873763323
71, she,0.10511865466833115,0.004651707597076893,0.828826367855072,0.006709138862788677
