norm_suff_mean,random_suff_mean,norm_comp_mean,random_comp_mean,final suff,final comp,target_tokens
0.03413807228207588,0.0042582107707858086,0.38230401277542114,0.011839031241834164,8.016999244689941,0.34679847955703735, She$ hungry$ She$ hungry$ she
