target_pos,target_token,norm_suff,random_suff,norm_comp,random_comp
51, She,0.0,0.0027859073597937822,0.0047007277607917786,0.005947521887719631
53, at,0.0126533517614007,0.0,0.013296758756041527,0.013914779759943485
55, beach,0.014953885227441788,0.0,0.01187005266547203,0.019090527668595314
57, get,0.004637232981622219,0.0027932554949074984,0.00874585285782814,0.006185494363307953
59, from,0.01991128735244274,0.0,0.021139802411198616,0.00210185837931931
