norm_suff_mean,random_suff_mean,norm_comp_mean,random_comp_mean,final suff,final comp,target_tokens
0.01043115183711052,0.0011158325942233205,0.011950639076530933,0.009448036551475525,9.348312377929688,0.9057520031929016, She$ at$ beach$ get$ from
