target_pos,target_token,norm_suff,random_suff,norm_comp,random_comp
56, I,0.00365986255928874,0.0,0.0032282329630106688,0.0035382425412535667
58, a,0.009523358196020126,0.008208937011659145,0.00491627212613821,0.0040256669744849205
60,.,0.000595135788898915,0.0,0.004273590166121721,0.0030915916431695223
62, didn,0.12240046262741089,0.0,0.013006010092794895,0.004158087074756622
64, know,0.004650014452636242,0.0015295090852305293,0.008330144919455051,0.004819508641958237
