norm_suff_mean,random_suff_mean,norm_comp_mean,random_comp_mean,final suff,final comp,target_tokens
0.028165766969323158,0.001947689219377935,0.006750850472599268,0.0039266194216907024,14.461119651794434,0.139411062002182, I$ a$.$ didn$ know
