target_pos,target_token,norm_suff,random_suff,norm_comp,random_comp
48, Because,0.0,0.0050701117143034935,1.0,0.008479943498969078
50, tutor,0.0,0.0,0.03380248695611954,0.00891034584492445
52, a,0.01246374100446701,0.0,0.006976335309445858,0.006067452486604452
54, person,0.027936948463320732,0.0,0.022609421983361244,0.006412268616259098
56,"
",0.008032516576349735,0.0038296908605843782,0.004524530377238989,0.006644476670771837
