norm_suff_mean,random_suff_mean,norm_comp_mean,random_comp_mean,final suff,final comp,target_tokens
0.00968664139509201,0.0017799604684114456,0.21358256042003632,0.007302896585315466,5.442054271697998,0.7539142370223999," Because$ tutor$ a$ person$
"
