target_pos,target_token,norm_suff,random_suff,norm_comp,random_comp
59, Well,0.0,0.0032056986819952726,1.0,0.006609100382775068
61, he,0.0,0.0055243149399757385,0.004567374475300312,0.009079422801733017
63, a,0.0,0.0011999516282230616,0.004479847848415375,0.005037151277065277
65,ologist,0.0024618124589323997,0.001084908377379179,0.058613985776901245,0.007073029410094023
67, He,0.004588723182678223,0.0032067529391497374,0.0048467549495399,0.004099935293197632
