norm_suff_mean,random_suff_mean,norm_comp_mean,random_comp_mean,final suff,final comp,target_tokens
0.0014101071283221245,0.0028443254996091127,0.21450160443782806,0.006379728205502033,0.495761513710022,4.524286270141602, Well$ he$ a$ologist$ He
