suff,comp,random_suff,random_comp
0.003963485106547014,0.7430385774801262,0.07140482962818852,0.8922802294795356
