suff,comp,random_suff,random_comp
0.0003403734096285164,0.37486738526740015,0.017774141483552428,0.505456230523278
