suff,comp,random_suff,random_comp
0.0005615134434156266,0.6144900126796186,0.016452870377072375,0.4857644427727101
