suff,comp,random_suff,random_comp
0.0,0.10973200804856523,0.0071816848447695475,0.23034344836308135
