suff,comp,random_suff,random_comp
0.0005615134434156266,0.6144900126796186,0.02677274669348969,0.5446679898225216
