suff,comp,random_suff,random_comp
0.00909281236028804,0.0006610475008502966,0.008116662907029375,0.0006509301371760696
