suff,comp,random_suff,random_comp
0.00010582821342275393,0.1599951915805777,0.008849180863136089,0.3186214612100281
