suff,comp,random_suff,random_comp
0.0038474601653781075,0.716151670485988,0.07410188414998914,0.8362684078442782
