suff,comp,random_suff,random_comp
0.0,0.10973200804856523,0.006464297915036984,0.14042980947497724
