suff,comp,random_suff,random_comp
0.003919544490633618,0.01688165944017242,0.003666051954262574,0.016674211514110766
