suff,comp,random_suff,random_comp
0.003971107173462302,0.01618295274646347,0.00265636951212444,0.0195845767419585
