suff,comp,random_suff,random_comp
0.001729770996148426,0.6855104489345688,0.03750370728941794,0.6783211886849501
