suff,comp,random_suff,random_comp
0.001729770996148426,0.6855104489345688,0.026728901616024335,0.6989210768143101
