suff,comp,random_suff,random_comp
0.00010582821342275393,0.1599951915805777,0.009131774201434717,0.31831841944987216
