target_pos,target_token,norm_suff,random_suff,norm_comp,random_comp
44, Because,0.006074180826544762,0.0065065110102295876,0.009811247698962688,0.009864413179457188
46, was,0.0069434065371751785,0.007929343730211258,0.005536474287509918,0.007441354915499687
48, good,0.00032286904752254486,0.00420350069180131,0.016205405816435814,0.017098968848586082
50,.,0.0,0.011199316941201687,0.01033059973269701,0.007204841822385788
52, was,0.0,0.00040196505142375827,0.004978281445801258,0.004905666224658489
