target_pos,target_token,norm_suff,random_suff,norm_comp,random_comp
45, ,0.0,0.0,0.08144386857748032,0.01888061873614788
47, don,0.0030670692212879658,0.0009671375737525523,0.05083439126610756,0.008703175000846386
49, know,0.0,0.00028492993442341685,0.9442830085754395,0.012854903005063534
51, ,0.0,0.0,0.04016425088047981,0.025089845061302185
53,I,0.012634780257940292,0.0003628500271588564,0.015764936804771423,0.014924367889761925
