target_pos,target_token,norm_suff,random_suff,norm_comp,random_comp
44, He,0.0,0.01111956499516964,0.030912481248378754,0.02889326401054859
46, a,0.0,0.0029146154411137104,0.021500226110219955,0.021800590679049492
48, kid,0.0,0.0,0.021700415760278702,0.006574790459126234
50, He,0.0,0.004137271549552679,0.010688277892768383,0.0204364825040102
52, a,0.0,0.0,0.008611896075308323,0.058358002454042435
