norm_suff_mean,random_suff_mean,norm_comp_mean,random_comp_mean,final suff,final comp,target_tokens
0.0031403698958456516,0.0003229835128877312,0.226498082280159,0.01609058305621147,9.723003387451172,5.123785972595215, $ don$ know$ $I
