target_pos,target_token,norm_suff,random_suff,norm_comp,random_comp
49, I,0.0038444995880126953,0.013134611770510674,0.021340975537896156,0.011083041317760944
51, so,0.0,0.0014046418946236372,0.013857579790055752,0.02118890918791294
53,.,0.0,0.0,0.023705774918198586,0.013920721597969532
55, was,0.0,0.0,0.01125601027160883,0.022608524188399315
57, happy,0.0,0.00023527716984972358,0.008673017844557762,0.018863387405872345
