target_pos,target_token,norm_suff,random_suff,norm_comp,random_comp
50, ,0.04619196429848671,0.0012927529169246554,0.9354240298271179,0.008507166989147663
52, was,0.013429672457277775,0.0003188237315043807,0.04211937636137009,0.009081220254302025
54, happy,0.0,0.0,0.3294968605041504,0.006504249759018421
56, I,0.0,0.0,0.6712844371795654,0.05158650875091553
58, so,0.06739046424627304,0.0,0.943739116191864,0.06492398679256439
