target_pos,target_token,norm_suff,random_suff,norm_comp,random_comp
49, I,0.003735763020813465,0.0,0.0055179172195494175,0.00501922657713294
51,'t,0.0011403087992221117,0.0,0.0007651737541891634,0.00044242714648135006
53,.,0.0,0.015435747802257538,0.01647186651825905,0.008746710605919361
55, was,0.0025380004663020372,0.0,0.01877610571682453,0.00541886268183589
57, happy,0.0,0.007112871389836073,0.021642347797751427,0.007852856069803238
