norm_suff_mean,random_suff_mean,norm_comp_mean,random_comp_mean,final suff,final comp,target_tokens
0.0014828144339844584,0.004509724210947752,0.012634682469069958,0.0054960171692073345,0.32880380749702454,3.7064766883850098, I$'t$.$ was$ happy
