norm_suff_mean,random_suff_mean,norm_comp_mean,random_comp_mean,final suff,final comp,target_tokens
0.0007688999176025391,0.0029549063183367252,0.015766670927405357,0.017532918602228165,0.2602112591266632,22.802600860595703, I$ so$.$ was$ happy
