norm_suff_mean,random_suff_mean,norm_comp_mean,random_comp_mean,final suff,final comp,target_tokens
0.02540242113173008,0.0003223153471481055,0.5844127535820007,0.028120627626776695,78.81232452392578,1.1070058345794678, $ was$ happy$ I$ so
