target_pos,target_token,norm_suff,random_suff,norm_comp,random_comp
76, ,0.002934759948402643,0.001180248917080462,0.05580776184797287,0.007272175047546625
78,'m,0.0,0.0005427603609859943,0.008185077458620071,0.005359233357012272
80, sure,0.0,0.0,0.042216554284095764,0.019845079630613327
82, ,0.0,0.0,0.011810054071247578,0.027373310178518295
84,I,0.005256040953099728,0.0051973192021250725,0.010645025409758091,0.043805722147226334
