norm_suff_mean,random_suff_mean,norm_comp_mean,random_comp_mean,final suff,final comp,target_tokens
0.0016381603199988604,0.0013840657193213701,0.025732893496751785,0.020731104537844658,1.1835856437683105,12.655113220214844, $'m$ sure$ $I
