target_pos,target_token,norm_suff,random_suff,norm_comp,random_comp
52, ,0.0,0.0,0.3898581564426422,0.01129831001162529
54, didn,0.01167966052889824,0.0016802175668999553,0.05914006382226944,0.046517614275217056
56, know,0.0,8.383783278986812e-05,1.0156984329223633,0.007693240884691477
58, She,0.0,0.0,0.75829017162323,0.01164520625025034
60, back,0.08133057504892349,0.0,0.17486602067947388,0.007617086172103882
