target_pos,target_token,norm_suff,random_suff,norm_comp,random_comp
51, She,0.0,0.0,0.03945911303162575,0.012489823624491692
53,.,0.0,0.0,0.019098466262221336,0.0098952054977417
55, went,0.0,0.0,0.012601825408637524,0.01282326877117157
57, to,0.05715562775731087,0.0,0.018993249163031578,0.02888817898929119
59, cup,0.0,0.0002683580678422004,0.03680125251412392,0.03295749053359032
