norm_suff_mean,random_suff_mean,norm_comp_mean,random_comp_mean,final suff,final comp,target_tokens
0.011431125923991203,5.367161429603584e-05,0.025390779599547386,0.019410794600844383,212.9827117919922,1.698064923286438, She$.$ went$ to$ cup
