norm_suff_mean,random_suff_mean,norm_comp_mean,random_comp_mean,final suff,final comp,target_tokens
0.018602047115564346,0.0003528110682964325,0.479570597410202,0.016954291611909866,52.72523498535156,0.9114207625389099, $ didn$ know$ She$ back
