target_pos,target_token,norm_suff,random_suff,norm_comp,random_comp
48, ,0.0014903144910931587,0.0,0.027228740975260735,0.011410466395318508
50, didn,0.0,0.001344530377537012,0.9293996691703796,0.015836840495467186
52, know,0.0,0.0,0.9565966129302979,0.0074074966832995415
54, She,0.0,0.008413056842982769,0.9238254427909851,0.01043812558054924
56,'t,0.002491014078259468,0.0,0.002427170053124428,0.0002532914513722062
