target_pos,target_token,norm_suff,random_suff,norm_comp,random_comp
47, She,0.0,0.0,0.007221792824566364,0.00463737640529871
49, going,0.0,0.0,0.006824555341154337,0.006931408308446407
51, the,0.0033691967837512493,0.006173660047352314,0.005349909421056509,0.0069757187739014626
53, to,0.0,0.0,0.016777174547314644,0.016925040632486343
55, her,0.0,0.0003328349266666919,0.010433074086904526,0.005765718873590231
