target_pos,target_token,norm_suff,random_suff,norm_comp,random_comp
47, She,0.0,0.0,0.03394259139895439,0.012315223924815655
49,'t,0.001076286192983389,0.0003249708388466388,0.0007895756280049682,0.00016723075532354414
51,.,0.020642725750803947,0.0,0.02627459727227688,0.01425404753535986
53, didn,0.0,0.0,0.015630356967449188,0.029178783297538757
55, know,0.0,0.0,0.009897117502987385,0.039564017206430435
