norm_suff_mean,random_suff_mean,norm_comp_mean,random_comp_mean,final suff,final comp,target_tokens
0.0006738393567502499,0.0013012990821152925,0.009321301244199276,0.008247052319347858,0.5178205370903015,12.238900184631348, She$ going$ the$ to$ her
