norm_suff_mean,random_suff_mean,norm_comp_mean,random_comp_mean,final suff,final comp,target_tokens
0.004343802575021982,6.499417213490233e-05,0.017306847497820854,0.01909586228430271,66.83372497558594,4.396116733551025, She$'t$.$ didn$ know
