norm_suff_mean,random_suff_mean,norm_comp_mean,random_comp_mean,final suff,final comp,target_tokens
0.0007962657255120575,0.0019515175372362137,0.5678955912590027,0.009069244377315044,0.408023864030838,11.389720916748047, $ didn$ know$ She$'t
