target_pos,target_token,norm_suff,random_suff,norm_comp,random_comp
46, Because,0.005500182043761015,0.0,0.05296013504266739,0.010931204073131084
48, was,0.00036247316165827215,0.0,0.010760650038719177,0.010497989133000374
50,.,0.074351005256176,0.0,0.039646346122026443,0.02019902504980564
52, was,9.951314132194966e-05,0.0,0.01034859661012888,0.021566733717918396
54, of,0.01256272941827774,0.0,0.07129832357168198,0.012559699825942516
