target_pos,target_token,norm_suff,random_suff,norm_comp,random_comp
47, ,0.011262834072113037,0.0,0.19811822474002838,0.03457850590348244
49, was,0.0006421077996492386,0.0006107750814408064,0.012150762602686882,0.009195004589855671
51,.,0.0,0.0,0.01112009584903717,0.04976062476634979
53, was,0.0,0.0,0.9072586894035339,0.007739669643342495
55, of,0.1614915281534195,0.0,0.12188103795051575,0.01860775426030159
