norm_suff_mean,random_suff_mean,norm_comp_mean,random_comp_mean,final suff,final comp,target_tokens
0.034679293632507324,0.00012215501919854432,0.25010576844215393,0.023976311087608337,283.8957824707031,0.6913725137710571, $ was$.$ was$ of
