norm_suff_mean,random_suff_mean,norm_comp_mean,random_comp_mean,final suff,final comp,target_tokens
0.004081042017787695,0.00339277321472764,0.00796622782945633,0.005469939671456814,1.2028632164001465,1.3403291702270508, Because$ was$.$ was$ of
