target_pos,target_token,norm_suff,random_suff,norm_comp,random_comp
57, I,0.0002978239208459854,0.003985641524195671,0.00487324595451355,0.006089771632105112
59, to,0.00011856731725856662,0.0023128162138164043,0.002968267071992159,0.0021924308966845274
61, a,0.0,0.0,0.010962913744151592,0.005265293642878532
63,.,0.04322883114218712,0.014429910108447075,0.004564979113638401,0.003312191227450967
65, sat,0.001749250222928822,0.002849037293344736,0.002762463642284274,0.0006426342879422009
