target_pos,target_token,norm_suff,random_suff,norm_comp,random_comp
58, ,0.03789422661066055,0.0005513805663213134,0.9742990732192993,0.0036635431461036205
60, had,0.002342898864299059,0.0,0.05430533364415169,0.011709604412317276
62, find,0.010602902621030807,0.0,0.9148672223091125,0.013455839827656746
64, way,0.002693696180358529,0.0,0.9526327252388,0.04532493278384209
66, shorten,0.003875335678458214,0.0,0.0307683814316988,0.0313422754406929
