target_pos,target_token,norm_suff,random_suff,norm_comp,random_comp
57, I,0.01627945527434349,0.0,0.014967916533350945,0.025815637782216072
59, so,0.0,0.0,0.008782094344496727,0.008513444103300571
61, to,0.13365380465984344,0.0,0.057478003203868866,0.008767906576395035
63, it,0.0,0.0,0.014852667227387428,0.026310894638299942
65,.,0.0,0.0,0.016338247805833817,0.008547659032046795
