norm_suff_mean,random_suff_mean,norm_comp_mean,random_comp_mean,final suff,final comp,target_tokens
0.01148181315511465,0.00011027611617464572,0.5853745341300964,0.021099239587783813,104.11876678466797,1.8376226425170898, $ had$ find$ way$ shorten
