norm_suff_mean,random_suff_mean,norm_comp_mean,random_comp_mean,final suff,final comp,target_tokens
0.00907889474183321,0.00471548130735755,0.005226374138146639,0.003500464605167508,1.9253379106521606,0.38556066155433655, I$ to$ a$.$ sat
