target_pos,target_token,norm_suff,random_suff,norm_comp,random_comp
51, Because,0.003838196163997054,0.0,0.07216145098209381,0.008447136729955673
53, wanted,0.0,0.002466225763782859,0.01202377863228321,0.007783558219671249
55, show,0.0,0.0,0.012628095224499702,0.009573029354214668
57, to,0.0,0.0,0.0223991759121418,0.02137036807835102
59, dog,0.0,0.0,0.01797129213809967,0.006272987928241491
