target_pos,target_token,norm_suff,random_suff,norm_comp,random_comp
52, Because,0.0,0.0,0.053481586277484894,0.032954830676317215
54, loved,0.0004956095363013446,0.0,0.0681271106004715,0.055223219096660614
56, play,0.002620174316689372,0.0004232368082739413,0.03256256505846977,0.027507666498422623
58, his,0.0,0.0127040334045887,0.09546881169080734,0.05742475017905235
60,.,0.0,0.06831888854503632,0.04366833344101906,0.017224561423063278
