target_pos,target_token,norm_suff,random_suff,norm_comp,random_comp
52, ,0.0,0.001432982156984508,0.010409403592348099,0.008198690600693226
54, he,0.004133213777095079,0.0,0.016478190198540688,0.02162148803472519
56, to,0.09790031611919403,0.0,0.8890494108200073,0.006645880173891783
58, it,0.005206316709518433,0.0,0.052265409380197525,0.012778217904269695
60, his,0.11036764085292816,0.0,0.7826539874076843,0.021039975807070732
