norm_suff_mean,random_suff_mean,norm_comp_mean,random_comp_mean,final suff,final comp,target_tokens
0.04352150112390518,0.0002865964488591999,0.35017129778862,0.014056851156055927,151.85638427734375,0.322986364364624, $ he$ to$ it$ his
