norm_suff_mean,random_suff_mean,norm_comp_mean,random_comp_mean,final suff,final comp,target_tokens
0.0006231567822396755,0.016289232298731804,0.05866168066859245,0.038067009299993515,0.03825574740767479,61.087371826171875, Because$ loved$ play$ his$.
