norm_suff_mean,random_suff_mean,norm_comp_mean,random_comp_mean,final suff,final comp,target_tokens
0.0007676392560824752,0.0004932451411150396,0.02743675746023655,0.010689416900277138,1.5563037395477295,13.925052642822266, Because$ wanted$ show$ to$ dog
