target_pos,target_token,norm_suff,random_suff,norm_comp,random_comp
68, She,0.021960897371172905,0.0,0.020499296486377716,0.013535730540752411
70, to,0.07497871667146683,0.10471970587968826,0.010830076411366463,0.005223470274358988
72, Asian,0.0,0.0,0.04538095369935036,0.03732377290725708
74,ard,0.0010740262223407626,0.0008540392154827714,0.002716782269999385,0.0016837017610669136
76, her,0.0,0.0022233070340007544,0.012498519383370876,0.0077658528462052345
