target_pos,target_token,norm_suff,random_suff,norm_comp,random_comp
69, ,0.0,0.0,0.014410550706088543,0.012118161655962467
71, didn,0.0,0.005549336317926645,0.9800446629524231,0.03160447999835014
73, know,0.007580492179840803,0.011657663621008396,0.7785997986793518,0.006426881533116102
75, She,0.0,0.013215785846114159,0.5970458388328552,0.00740499934181571
77,'t,0.000343935884302482,0.0002835341729223728,0.9935114979743958,0.0003004850004799664
