norm_suff_mean,random_suff_mean,norm_comp_mean,random_comp_mean,final suff,final comp,target_tokens
0.0015848856419324875,0.006141263991594315,0.6727225184440613,0.011571001261472702,0.25807157158851624,7.300843238830566, $ didn$ know$ She$'t
