norm_suff_mean,random_suff_mean,norm_comp_mean,random_comp_mean,final suff,final comp,target_tokens
0.019602729007601738,0.02155940979719162,0.01838512532413006,0.013106505386531353,0.9092423915863037,0.668606162071228, She$ to$ Asian$ard$ her
