target_pos,target_token,norm_suff,random_suff,norm_comp,random_comp
62, She,0.008079901337623596,0.0,0.019278183579444885,0.02641790173947811
64, to,0.05285490304231644,0.0,0.009087678976356983,0.002770081628113985
66, out,0.05530683696269989,0.0,0.012992688454687595,0.012226256541907787
68, cheer,0.06879248470067978,0.0,0.08137509226799011,0.01043254230171442
70, at,0.40312471985816956,0.18453694880008698,0.029366005212068558,0.006673404946923256
