target_pos,target_token,norm_suff,random_suff,norm_comp,random_comp
63, ,0.0,0.0,0.043288055807352066,0.034942876547575
65, wanted,0.0,0.0,0.8582996726036072,0.015594356693327427
67, try,0.0019597059581428766,0.0,0.9045248031616211,0.008796250447630882
69, for,0.0,0.04887508973479271,0.01592015102505684,0.007402986288070679
71,leading,0.010845950804650784,0.00868767686188221,0.9819588661193848,0.002896262798458338
