norm_suff_mean,random_suff_mean,norm_comp_mean,random_comp_mean,final suff,final comp,target_tokens
0.0025611312594264746,0.011512554250657558,0.5607983469963074,0.013926546089351177,0.2224642038345337,5.4376540184021, $ wanted$ try$ for$leading
