norm_suff_mean,random_suff_mean,norm_comp_mean,random_comp_mean,final suff,final comp,target_tokens
0.11763177067041397,0.036907389760017395,0.030419928953051567,0.0117040378972888,3.1872146129608154,0.0994972512125969, She$ to$ out$ cheer$ at
