target_pos,target_token,norm_suff,random_suff,norm_comp,random_comp
55, Because,0.0,0.0,0.030550559982657433,0.013262264430522919
57, wanted,0.0,0.0,0.01125749945640564,0.010574686340987682
59, to,0.0010847728699445724,0.0,0.0050604986026883125,0.0028159257490187883
61, French,0.0002883148845285177,0.0,0.02300773747265339,0.010559254325926304
63, She,0.0,0.0053483592346310616,0.01018355879932642,0.009994715452194214
