target_pos,target_token,norm_suff,random_suff,norm_comp,random_comp
56, ,0.04724762588739395,0.0010659138206392527,0.9787103533744812,0.017150985077023506
58, did,0.0,0.0,0.12936541438102722,0.015941143035888672
60,omm,0.00022903073113411665,0.0,0.000715272210072726,0.0023392210714519024
62, want,0.0,0.0,0.08383920043706894,0.008096559904515743
64, kids,0.0,0.00026190225617028773,0.07817447185516357,0.018961479887366295
