norm_suff_mean,random_suff_mean,norm_comp_mean,random_comp_mean,final suff,final comp,target_tokens
0.009495331905782223,0.00026556322700344026,0.25416094064712524,0.01249787863343954,35.75544738769531,1.3162128925323486, $ did$omm$ want$ kids
