norm_suff_mean,random_suff_mean,norm_comp_mean,random_comp_mean,final suff,final comp,target_tokens
0.00027461754507385194,0.001069671823643148,0.016011971980333328,0.009441370144486427,0.2567306458950043,34.380069732666016, Because$ wanted$ to$ French$ She
