target_pos,target_token,norm_suff,random_suff,norm_comp,random_comp
53, Because,0.0007108649588190019,0.0,0.01475300919264555,0.014412639662623405
55, was,0.0,0.0,0.017999056726694107,0.007795336656272411
57, black,9.734901686897501e-05,0.0,0.04795992001891136,0.04761001840233803
59, player,0.0028567463159561157,0.0,0.07678394019603729,0.014489224180579185
61, He,0.0,0.006396720185875893,0.010117275640368462,0.012335619889199734
