target_pos,target_token,norm_suff,random_suff,norm_comp,random_comp
54, ,0.0,0.0,0.00852261669933796,0.012819912284612656
56, he,0.02868223935365677,0.0,0.0686921775341034,0.04735597223043442
58, a,0.11544004082679749,0.0,0.8102289438247681,0.012793542817234993
60,jack,0.0,0.00046939676394686103,0.07643816620111465,0.0057126181200146675
62,.,0.0034294736105948687,0.0,0.009394525550305843,0.006612229626625776
