norm_suff_mean,random_suff_mean,norm_comp_mean,random_comp_mean,final suff,final comp,target_tokens
0.02951034903526306,9.38793527893722e-05,0.19465528428554535,0.017058854922652245,314.34332275390625,0.5780634880065918, $ he$ a$jack$.
