norm_suff_mean,random_suff_mean,norm_comp_mean,random_comp_mean,final suff,final comp,target_tokens
0.0007329920772463083,0.0012793440837413073,0.03352264314889908,0.019328568130731583,0.5729436278343201,26.369409561157227, Because$ was$ black$ player$ He
