target_pos,target_token,norm_suff,random_suff,norm_comp,random_comp
67, Mary,0.001951719052158296,0.0,0.018049398437142372,0.032123416662216187
69, so,0.0472869947552681,0.05153968185186386,0.011711599305272102,0.009831814095377922
71, that,0.21978719532489777,0.1629134565591812,0.022983890026807785,0.009099016897380352
73, didn,0.0027822114061564207,0.006435935385525227,0.012041104026138783,0.009732995182275772
75, want,0.001173200085759163,0.003116016974672675,0.03531189635396004,0.008616951294243336
