target_pos,target_token,norm_suff,random_suff,norm_comp,random_comp
67, Mary,0.0,0.0,0.014491341076791286,0.0061958287842571735
69, a,0.0,0.001328192069195211,0.011068091727793217,0.011072332970798016
71, bow,0.0,0.0077894581481814384,0.01805955544114113,0.010766731575131416
73,",",0.003743975656107068,0.01002498995512724,0.005509285721927881,0.0063104163855314255
75, Steve,0.0,0.001332523999735713,0.01686682365834713,0.007707157637923956
