target_pos,target_token,norm_suff,random_suff,norm_comp,random_comp
68, ,0.0028573230374604464,0.022937538102269173,0.007698189467191696,0.01618019863963127
70, was,0.04789648950099945,0.05745568126440048,0.018940921872854233,0.02983010746538639
72, good,0.003519655903801322,0.004308091942220926,0.06663772463798523,0.026452288031578064
74, of,0.0,0.024265743792057037,0.019426193088293076,0.009534197859466076
76,'s,0.011947344988584518,0.009823151864111423,0.02376609668135643,0.005442067980766296
