norm_suff_mean,random_suff_mean,norm_comp_mean,random_comp_mean,final suff,final comp,target_tokens
0.013244162313640118,0.023758040741086006,0.027293825522065163,0.017487773671746254,0.5574601888656616,1.3204137086868286, $ was$ good$ of$'s
