norm_suff_mean,random_suff_mean,norm_comp_mean,random_comp_mean,final suff,final comp,target_tokens
0.05459626391530037,0.0448010191321373,0.02001957781612873,0.013880838640034199,1.2186388969421387,0.25424522161483765, Mary$ so$ that$ didn$ want
