target_pos,target_token,norm_suff,random_suff,norm_comp,random_comp
57, ,0.08250075578689575,0.0,0.9612358808517456,0.15417326986789703
59, they,0.0,0.0,0.5906972885131836,0.011959475465118885
61, to,0.0071738059632480145,0.0,0.020811675116419792,0.024226166307926178
63, sure,0.08284551650285721,0.0,0.006047623697668314,0.022640718147158623
65, knew,0.04531347006559372,0.0,0.8887681365013123,0.007377582136541605
