target_pos,target_token,norm_suff,random_suff,norm_comp,random_comp
56, Because,0.015549084171652794,0.0,0.1235312670469284,0.04254407808184624
58, wanted,0.0,0.0002221079485025257,0.025732621550559998,0.020748553797602654
60, show,0.0,0.0,0.02374485693871975,0.03341656178236008
62, they,0.0,0.0,0.031576987355947495,0.013219894841313362
64, not,0.0008207377977669239,0.0,0.055669236928224564,0.03972058370709419
