norm_suff_mean,random_suff_mean,norm_comp_mean,random_comp_mean,final suff,final comp,target_tokens
0.0032739643938839436,4.442159115569666e-05,0.05205099657177925,0.029929935932159424,73.70209503173828,9.141802787780762, Because$ wanted$ show$ they$ not
