norm_suff_mean,random_suff_mean,norm_comp_mean,random_comp_mean,final suff,final comp,target_tokens
0.002655352931469679,0.0020425335969775915,0.04112156480550766,0.01913451962172985,1.3000290393829346,7.20601749420166, They$ to$ it$ a$ way
