target_pos,target_token,norm_suff,random_suff,norm_comp,random_comp
54, Martha,0.010786873288452625,0.01567828096449375,0.32054197788238525,0.1135348379611969
56, boyfriend,0.0,0.0005351145518943667,0.014576239511370659,0.006328090559691191
58, really,0.0007318459684029222,0.0,0.015806574374437332,0.012142066843807697
60, Dungeons,0.0,0.0004411512054502964,0.009183688089251518,0.005910491570830345
62, Dragons,0.0008563933661207557,0.0,0.009371737949550152,0.0018285793485119939
