target_pos,target_token,norm_suff,random_suff,norm_comp,random_comp
55,vern,0.0010180985555052757,0.0,0.09056240320205688,0.11392826586961746
57,Why,0.03131280466914177,0.019970273599028587,0.10688072443008423,0.10985935479402542
59, Martha,0.006621121428906918,0.0,0.00529115553945303,0.009332487359642982
61, with,0.06908521056175232,0.0,0.6840422749519348,0.019065968692302704
63, boyfriend,0.00272577372379601,0.0,0.004639334045350552,0.007499896455556154
