target_pos,target_token,norm_suff,random_suff,norm_comp,random_comp
54, She,0.002292084973305464,0.0,0.14581140875816345,0.027733225375413895
56, a,0.0,0.0,0.027188202366232872,0.014708911068737507
58, bit,0.0,0.010788513347506523,0.021526843309402466,0.010490193963050842
60, a,0.0,0.0,0.004509438294917345,0.0025897042360156775
62,oy,0.0006522947805933654,0.00025100645143538713,0.0012668450362980366,0.0005232950788922608
