norm_suff_mean,random_suff_mean,norm_comp_mean,random_comp_mean,final suff,final comp,target_tokens
0.0024750225711613894,0.0033309091813862324,0.07389604300260544,0.027948815375566483,0.7430471777915955,11.29234790802002, Martha$ boyfriend$ really$ Dungeons$ Dragons
