norm_suff_mean,random_suff_mean,norm_comp_mean,random_comp_mean,final suff,final comp,target_tokens
0.022152602672576904,0.00399405462667346,0.1782831847667694,0.05193719267845154,5.546394348144531,2.3445186614990234,vern$Why$ Martha$ with$ boyfriend
