target_pos,target_token,norm_suff,random_suff,norm_comp,random_comp
43, She,0.01060557458549738,0.02637338824570179,0.16770967841148376,0.04491882026195526
45, learning,0.0,0.0,0.1135098934173584,0.026209888979792595
47, draw,0.00022113771410658956,0.0,0.0033618113957345486,0.0022293180227279663
49, face,0.0,0.0002655576099641621,0.0030531897209584713,0.00342455948702991
51, She,0.002467118203639984,0.0,0.038804519921541214,0.016006436198949814
