target_pos,target_token,norm_suff,random_suff,norm_comp,random_comp
44, ,0.006658831145614386,0.0013330673100426793,0.5736641883850098,0.08287826925516129
46, she,0.0,0.0,0.8167978525161743,0.027900023385882378
48, learning,0.043386515229940414,0.0,0.8969094753265381,0.02683327905833721
50, draw,0.0007460814085789025,0.0007286673644557595,0.0701959952712059,0.0044829463586211205
52, face,0.00802264641970396,0.0,0.9779128432273865,0.0028760554268956184
