target_pos,target_token,norm_suff,random_suff,norm_comp,random_comp
43, Because,0.006340004503726959,0.00602381257340312,0.17203518748283386,0.05198979005217552
45, was,0.005207125097513199,0.00840782467275858,0.026785288006067276,0.01412804052233696
47, to,0.0025338809937238693,0.004475519992411137,0.023461202159523964,0.004120666533708572
49, a,0.0,0.009576039388775826,0.03577366843819618,0.018909836187958717
51,.,0.0,0.008333777077496052,0.03448542580008507,0.008141138590872288
