norm_suff_mean,random_suff_mean,norm_comp_mean,random_comp_mean,final suff,final comp,target_tokens
0.011762815527617931,0.00041234694072045386,0.6670960783958435,0.028994116932153702,28.526500701904297,2.4648959636688232, $ she$ learning$ draw$ face
