norm_suff_mean,random_suff_mean,norm_comp_mean,random_comp_mean,final suff,final comp,target_tokens
0.0026587662287056446,0.0053277891129255295,0.06528782099485397,0.018557805567979813,0.4990374445915222,6.979856014251709, She$ learning$ draw$ face$ She
