norm_suff_mean,random_suff_mean,norm_comp_mean,random_comp_mean,final suff,final comp,target_tokens
0.0028162021189928055,0.0073633948341012,0.05850815773010254,0.019457895308732986,0.38245975971221924,6.909267902374268, Because$ was$ to$ a$.
