target_pos,target_token,norm_suff,random_suff,norm_comp,random_comp
56, He,0.0010394590208306909,0.0,0.102250836789608,0.01680593192577362
58, playing,0.0,0.004367978312075138,0.0265937652438879,0.010880840010941029
60, his,0.0,0.0060564265586435795,0.015548860654234886,0.008213521912693977
62,.,0.01037521194666624,0.0,0.03872125968337059,0.021307367831468582
64, friend,0.00028036549338139594,0.0011758033651858568,0.020880727097392082,0.005137307103723288
