target_pos,target_token,norm_suff,random_suff,norm_comp,random_comp
56, ,0.052064985036849976,0.00010356555867474526,0.9726716876029968,0.03662307932972908
58, he,0.09967579692602158,0.0,0.02461589314043522,0.008940238505601883
60, afraid,0.08990172296762466,0.0018733455799520016,0.837694525718689,0.014906913042068481
62, falling,0.19801272451877594,0.0,0.8085862398147583,0.014421754516661167
64, ,0.01071219053119421,0.0,0.02015133760869503,0.007982386276125908
