target_pos,target_token,norm_suff,random_suff,norm_comp,random_comp
56, Because,0.019521566107869148,0.0,0.14246030151844025,0.05160174146294594
58, was,0.0,0.0,0.021075420081615448,0.013083185069262981
60, of,0.1966129094362259,0.0,0.10542694479227066,0.0239296555519104
62,.,0.0,0.0,0.10002497583627701,0.020442456007003784
64, was,0.0,0.0,0.01357570756226778,0.012460383586585522
