norm_suff_mean,random_suff_mean,norm_comp_mean,random_comp_mean,final suff,final comp,target_tokens
0.09007348865270615,0.00039538225973956287,0.5327439308166504,0.01657487452030182,227.81369018554688,0.18401502072811127, $ he$ afraid$ falling$ 
