norm_suff_mean,random_suff_mean,norm_comp_mean,random_comp_mean,final suff,final comp,target_tokens
0.002339007332921028,0.002320041647180915,0.0407990925014019,0.012468993663787842,1.0081747770309448,5.330891132354736, He$ playing$ his$.$ friend
