target_pos,target_token,norm_suff,random_suff,norm_comp,random_comp
51, ,0.0,0.0,0.13917139172554016,0.010839065536856651
53, wanted,0.004395872820168734,0.0,0.05598435550928116,0.006172159221023321
55, paint,0.01549138966947794,0.0,0.9619677066802979,0.014522910118103027
57, bedroom,0.002920177299529314,0.0,0.1699163019657135,0.042703479528427124
59,.,0.0,0.0,0.09467579424381256,0.012577243149280548
