target_pos,target_token,norm_suff,random_suff,norm_comp,random_comp
50, She,0.0,0.0013203555718064308,0.015013792552053928,0.009502598084509373
52, to,0.10600446909666061,0.0,0.019808629527688026,0.0092500951141119
54, her,0.10074109584093094,0.0,0.016965283080935478,0.019799137488007545
56, walls,0.0,0.0,0.03764096647500992,0.012242855504155159
58, She,0.015178528614342213,0.0010327283525839448,0.008630055002868176,0.010433971881866455
