norm_suff_mean,random_suff_mean,norm_comp_mean,random_comp_mean,final suff,final comp,target_tokens
0.04438481852412224,0.00047061676741577685,0.019611746072769165,0.012245731428265572,94.31201934814453,0.27589911222457886, She$ to$ her$ walls$ She
