norm_suff_mean,random_suff_mean,norm_comp_mean,random_comp_mean,final suff,final comp,target_tokens
0.002455783309414983,0.0009972405387088656,0.00729376683011651,0.004566906485706568,2.462578773498535,1.8596537113189697, Because$ wanted$ paint$ bedroom$.
