target_pos,target_token,norm_suff,random_suff,norm_comp,random_comp
63, Because,0.0,0.0,0.1776496320962906,0.10148533433675766
65, was,0.005668686702847481,0.0,0.11738318204879761,0.009571661241352558
67,!,0.0,0.0,0.07180057466030121,0.10298033803701401
69, was,0.0024173834826797247,0.0,0.016760913655161858,0.02414601668715477
71, hungry,0.012831219471991062,0.0032558063976466656,0.014791860245168209,0.021314546465873718
