target_pos,target_token,norm_suff,random_suff,norm_comp,random_comp
64, ,0.0,0.0003611740539781749,0.5618302226066589,0.1522502303123474
66, she,0.0,0.0,0.9833494424819946,0.00808678474277258
68, hungry,0.04446829482913017,0.0,0.8415037989616394,0.01578061282634735
70, ,0.029759028926491737,0.025838421657681465,0.8603483438491821,0.07450994104146957
72,She,0.06598439067602158,0.011289907619357109,0.9660550355911255,0.010524678975343704
