norm_suff_mean,random_suff_mean,norm_comp_mean,random_comp_mean,final suff,final comp,target_tokens
0.028042344376444817,0.007497900631278753,0.8426174521446228,0.05223044753074646,3.7400262355804443,1.8625563383102417, $ she$ hungry$ $She
