norm_suff_mean,random_suff_mean,norm_comp_mean,random_comp_mean,final suff,final comp,target_tokens
0.015562786720693111,0.005306088365614414,0.03582410141825676,0.010462391190230846,2.9330055713653564,0.6722697615623474, She$ hungry$ She$ hungry$ she
