norm_suff_mean,random_suff_mean,norm_comp_mean,random_comp_mean,final suff,final comp,target_tokens
0.004183458164334297,0.0006511613028123975,0.07967723906040192,0.05189957842230797,6.4246110916137695,12.405903816223145, Because$ was$!$ was$ hungry
