target_pos,target_token,norm_suff,random_suff,norm_comp,random_comp
52, ,0.046787288039922714,0.002112587448209524,0.990805983543396,0.009065615013241768
54, was,0.0,0.0012075523845851421,0.008955765515565872,0.007338415365666151
56, a,0.24028341472148895,0.0010991949820891023,0.8741405606269836,0.009120971895754337
58, with,0.013577125035226345,0.0,0.05145230144262314,0.016321364790201187
60, guy,0.02102922648191452,0.0,0.8951011300086975,0.008884301409125328
