target_pos,target_token,norm_suff,random_suff,norm_comp,random_comp
51, She,0.006154460832476616,0.008094612509012222,0.027811069041490555,0.035594720393419266
53, in,0.0,0.0,0.00981240626424551,0.011884097941219807
55, relationship,0.00027576915454119444,0.0,0.013854790478944778,0.016744064167141914
57, a,0.0,0.00043352224747650325,0.030265405774116516,0.0807739645242691
59,.,0.0,0.0,0.022428862750530243,0.011216985993087292
