norm_suff_mean,random_suff_mean,norm_comp_mean,random_comp_mean,final suff,final comp,target_tokens
0.0643354058265686,0.0008838669746182859,0.564091145992279,0.010146133601665497,72.78855895996094,0.1577068418264389, $ was$ a$ with$ guy
