norm_suff_mean,random_suff_mean,norm_comp_mean,random_comp_mean,final suff,final comp,target_tokens
0.001286045997403562,0.0017056269571185112,0.020834507420659065,0.031242767348885536,0.7540019154548645,24.293663024902344, She$ in$ relationship$ a$.
