target_pos,target_token,norm_suff,random_suff,norm_comp,random_comp
56, I,0.0,0.0,0.029785465449094772,0.014539901167154312
58,'t,0.0008733142749406397,0.00023808951664250344,0.0012379931285977364,0.00021225071395747364
60,.,0.0,0.0,0.030340906232595444,0.04095514491200447
62, was,0.010640988126397133,0.0,0.00658090366050601,0.021047083660960197
64, like,0.06162210553884506,0.0,0.009151742793619633,0.06817211955785751
