target_pos,target_token,norm_suff,random_suff,norm_comp,random_comp
57, ,0.00013633717026095837,0.0,0.38913244009017944,0.006411289796233177
59, was,3.0190385587047786e-05,0.0,0.02826492115855217,0.01422096136957407
61, upset,0.01049417071044445,0.0,0.9674395322799683,0.013246255926787853
63, I,0.018711375072598457,0.0,0.0187947079539299,0.03657890111207962
65, like,0.07249569147825241,0.0,0.8689203262329102,0.007614159490913153
