norm_suff_mean,random_suff_mean,norm_comp_mean,random_comp_mean,final suff,final comp,target_tokens
0.01462728250771761,4.761790478369221e-05,0.015419403091073036,0.02898530103266239,307.1802978515625,1.9815917015075684, I$'t$.$ was$ like
