norm_suff_mean,random_suff_mean,norm_comp_mean,random_comp_mean,final suff,final comp,target_tokens
0.0017408030107617378,0.004651718307286501,0.005973369348794222,0.004493925254791975,0.37422794103622437,2.58152437210083, I$ a$.$ didn$ know
