target_pos,target_token,norm_suff,random_suff,norm_comp,random_comp
48, Because,0.018658407032489777,0.02265344001352787,0.008955519646406174,0.028204727917909622
50, was,0.0022691304329782724,0.0,0.008456203155219555,0.0182470865547657
52, working,0.0,0.0,0.018428882583975792,0.013999702408909798
54, his,0.0,0.0,0.009483722038567066,0.08329128473997116
56,.,0.0,0.00962857250124216,0.014283246360719204,0.012399222701787949
