target_pos,target_token,norm_suff,random_suff,norm_comp,random_comp
49, Chris,0.0,0.0,0.04442828893661499,0.038460873067379
51, struggling,0.0,0.003954698797315359,0.15653428435325623,0.0666104406118393
53, English,0.0,0.0,0.011946612037718296,0.011742009781301022
55,.,0.0,0.02747354842722416,0.012941451743245125,0.013535179197788239
57, decided,0.0,0.0003997155581600964,0.009976782836019993,0.010214070789515972
