target_pos,target_token,norm_suff,random_suff,norm_comp,random_comp
49, ,0.0,0.0,0.13707412779331207,0.008080793544650078
51, he,0.0,0.0,0.040683284401893616,0.019659455865621567
53, happy,0.04615074768662453,0.0004854322178289294,0.861740231513977,0.01165771670639515
55, with,0.06103789433836937,0.0,0.02414378523826599,0.011748049408197403
57, tutor,0.030376259237527847,0.0,0.8767604827880859,0.014749143272638321
