norm_suff_mean,random_suff_mean,norm_comp_mean,random_comp_mean,final suff,final comp,target_tokens
0.0041855075396597385,0.006456402596086264,0.011921515688300133,0.031228406354784966,0.6482723951339722,7.461080074310303, Because$ was$ working$ his$.
