norm_suff_mean,random_suff_mean,norm_comp_mean,random_comp_mean,final suff,final comp,target_tokens
0.02751298062503338,9.708644211059436e-05,0.3880803883075714,0.013179033063352108,283.3864440917969,0.4790114760398865, $ he$ happy$ with$ tutor
