target_pos,target_token,norm_suff,random_suff,norm_comp,random_comp
60, ,0.0005671478575095534,0.0,0.006827336270362139,0.05122446268796921
62, he,0.0,0.0,0.009744333103299141,0.02578202448785305
64, a,0.11705581098794937,0.0,0.7976347804069519,0.010706658475100994
66,ologist,0.0362807959318161,0.0009017182746902108,0.9977276921272278,0.009943579323589802
68, ,0.0,0.0,0.010827974416315556,0.01271437481045723
