target_pos,target_token,norm_suff,random_suff,norm_comp,random_comp
59, Well,0.0,0.0012722592800855637,0.007273660972714424,0.00751094426959753
61, he,0.016441388055682182,0.0,0.00861620344221592,0.00669493293389678
63, a,0.0,0.005061264615505934,0.00626721978187561,0.0041814218275249004
65,ologist,0.0022108429111540318,0.0,0.011570497415959835,0.006552219856530428
67, He,0.0023821128997951746,0.002679584315046668,0.005367652978748083,0.0028019333258271217
