target_pos,target_token,norm_suff,random_suff,norm_comp,random_comp
59, Because,0.006248094141483307,0.0,0.023211227729916573,0.04793326184153557
61, was,0.0,0.0,0.011744322255253792,0.00816954206675291
63, ge,0.000270490359980613,0.00043848928180523217,0.030126245692372322,0.012530449777841568
65,.,0.0,0.00792792160063982,0.03345513716340065,0.020713388919830322
67, was,0.0,0.0,0.005839550402015448,0.0486934632062912
