norm_suff_mean,random_suff_mean,norm_comp_mean,random_comp_mean,final suff,final comp,target_tokens
0.0042068688198924065,0.001802621758542955,0.007819048129022121,0.005548290442675352,2.3337502479553223,1.3188645839691162, Well$ he$ a$ologist$ He
