norm_suff_mean,random_suff_mean,norm_comp_mean,random_comp_mean,final suff,final comp,target_tokens
0.0013037169119343162,0.0016732821241021156,0.020875297486782074,0.027608022093772888,0.7791375517845154,21.176393508911133, Because$ was$ ge$.$ was
