norm_suff_mean,random_suff_mean,norm_comp_mean,random_comp_mean,final suff,final comp,target_tokens
0.03078075312077999,0.00018034366075880826,0.36455243825912476,0.022074220702052116,170.67831420898438,0.7171435952186584, $ he$ a$ologist$ 
