target_pos,target_token,norm_suff,random_suff,norm_comp,random_comp
54, ,0.0,0.00524545693770051,0.36387744545936584,0.03816017135977745
56, Stan,0.11962682753801346,0.0,0.07984989881515503,0.009474556893110275
58, the,0.20453009009361267,0.0,0.6887866258621216,0.09143523871898651
60, one,0.022679490968585014,0.0,0.8790131211280823,0.02584840916097164
62, could,0.032459236681461334,0.0,0.822836697101593,0.021107101812958717
