target_pos,target_token,norm_suff,random_suff,norm_comp,random_comp
53, Because,0.0016882456839084625,0.007696126122027636,0.05691457539796829,0.009961030445992947
55, was,0.0,0.0,0.04211810231208801,0.05397513136267662
57, only,0.0019251029007136822,0.0,0.029171325266361237,0.011873476207256317
59, who,0.0,7.670774357393384e-05,0.006900632753968239,0.022131428122520447
61, sit,0.0,0.0,0.02017667144536972,0.03999248147010803
