norm_suff_mean,random_suff_mean,norm_comp_mean,random_comp_mean,final suff,final comp,target_tokens
0.07585912942886353,0.001049091457389295,0.566872775554657,0.03720509633421898,72.30935668945312,0.49044981598854065, $ Stan$ the$ one$ could
