norm_suff_mean,random_suff_mean,norm_comp_mean,random_comp_mean,final suff,final comp,target_tokens
0.0007226697052828968,0.001554566784761846,0.03105626069009304,0.027586711570620537,0.4648688733577728,38.17333221435547, Because$ was$ only$ who$ sit
