target_pos,target_token,norm_suff,random_suff,norm_comp,random_comp
64, Because,0.0,0.0,0.025438373908400536,0.04964370280504227
66, were,0.0,0.007373107597231865,0.009912380948662758,0.007749964017421007
68, of,0.0,0.0,0.019854631274938583,0.014317707158625126
70, barb,0.00894914846867323,0.016720212996006012,0.051681071519851685,0.015334240160882473
72,.,0.30867499113082886,0.390654593706131,0.008721762336790562,0.014737725257873535
