target_pos,target_token,norm_suff,random_suff,norm_comp,random_comp
65, ,0.006906918250024319,0.0012019355781376362,0.02610092982649803,0.01215057447552681
67, they,0.026090344414114952,0.16225966811180115,0.8911619186401367,0.0208743903785944
69, afraid,0.06464193016290665,0.06603789329528809,0.8238875269889832,0.016827929764986038
71, the,0.0,0.0,0.04259675368666649,0.09199818968772888
73,arian,0.02203916572034359,0.0005530051421374083,0.9996376037597656,0.0010158972581848502
