norm_suff_mean,random_suff_mean,norm_comp_mean,random_comp_mean,final suff,final comp,target_tokens
0.023935671895742416,0.04601050168275833,0.556676983833313,0.02857339382171631,0.5202219486236572,1.1937577724456787, $ they$ afraid$ the$arian
