norm_suff_mean,random_suff_mean,norm_comp_mean,random_comp_mean,final suff,final comp,target_tokens
0.06352483481168747,0.08294957876205444,0.02312164567410946,0.020356668159365654,0.7658246755599976,0.32045212388038635, Because$ were$ of$ barb$.
