suff,comp,random_suff,random_comp
0.014654784704334274,0.9178026928962739,0.0070724370699657675,0.2655628927351559
