suff,comp,random_suff,random_comp
0.010956511442319766,0.6580953849332839,0.005657894683861743,0.1811479797003969
