suff,comp,random_suff,random_comp
0.002199024789790005,0.07697419384770524,0.0005450711444811494,0.08677336572972243
