suff,comp,random_suff,random_comp
0.0649330629675006,0.9487343459225784,0.027471842986912163,0.4851939840274904
