suff,comp,random_suff,random_comp
0.010956511442319766,0.6580953849332839,0.007588636568327381,0.23719697264371692
