suff,comp,random_suff,random_comp
0.0007768609758968911,0.07527833704511237,0.0003449143359240181,0.0920422631205805
