suff,comp,random_suff,random_comp
0.014654784704334274,0.9178026928962739,0.010068417689218798,0.4598250918074534
