suff,comp,random_suff,random_comp
0.37380794057658756,0.9985508883466218,0.0594749100515195,0.7636257136183088
