suff,comp,random_suff,random_comp
0.586295461131338,1.0050189984361453,0.07242304657568636,0.8044029771732888
