suff,comp,random_suff,random_comp
0.60573703710413,0.987555435258639,0.05177486879258556,0.8993043422894768
