suff,comp,random_suff,random_comp
0.0018477138426602395,0.009847379641917994,0.003870212980938512,0.013222280888590763
