suff,comp,random_suff,random_comp
0.15617577442384742,0.9839285766408589,0.019946626983884726,0.5609310544695691
