suff,comp,random_suff,random_comp
0.15617577442384742,0.9839285766408589,0.03997566063363632,0.4911807247740255
