suff,comp,random_suff,random_comp
0.37380794057658756,0.9985508883466218,0.014782280093523633,0.5936995374078833
