suff,comp,random_suff,random_comp
0.023231976444564633,0.0015099563879741092,0.014127939793486463,0.0005851003289033146
