suff,comp,random_suff,random_comp
0.1719550148912981,0.9247317900200202,0.024047206718546002,0.5701093625561073
