suff,comp,random_suff,random_comp
0.018283112492118184,0.6701018133347897,0.004196832822143291,0.14019337704477322
