suff,comp,random_suff,random_comp
0.4961497673161488,0.9678745973543161,0.0580366564045242,0.8250042081047975
