suff,comp,random_suff,random_comp
0.33536038607728436,0.9584440623443621,0.02555968942668521,0.6151999634030102
