suff,comp,random_suff,random_comp
0.1719550148912981,0.9247317900200202,0.016603063692570134,0.5516512899122417
