suff,comp,random_suff,random_comp
0.10182395919283942,0.9030168456897252,0.014562812881079707,0.4150788846561501
