suff,comp,random_suff,random_comp
0.05147271584095054,0.8435935732793067,0.009352426783515874,0.30008006461085773
