suff,comp,random_suff,random_comp
0.018283112492118184,0.6701018133347897,0.0067237700194885935,0.17698563001484346
