suff,comp,random_suff,random_comp
0.05147271584095054,0.8435935732793067,0.01289592027519631,0.31101757038768174
