suff,comp,random_suff,random_comp
0.33536038607728436,0.9584440623443621,0.04312227035243907,0.6880720847073314
