suff,comp,random_suff,random_comp
0.021791633846104014,0.03478878203947364,0.003906305233636024,0.018409071640595378
