suff,comp,random_suff,random_comp
0.00716118290818064,0.028741764701152,0.0043668413080449045,0.01433206926477071
