suff,comp,random_suff,random_comp
0.5818310788613477,0.9755702564398613,0.0660949469875421,0.8516071637454726
