,FAs,Soft Suff,Soft Comp
0,GradxEmb,-0.3195892317808311,0.72461938337937
1,Integrated Grad,0.4106407615431544,2.2439182514142897
2,Gradient Shap,0.7727460436687038,0.023402411947418447
3,Attention Rollout,-0.0350662695151849,0.019736015899286002
4,Attention Last,-0.47687893076141996,-0.027025632552553785
5,Attention,-0.27528881534437616,0.5109994492226442
6,Ours,-0.048795544820546724,1.112910542813791
