,FAs,Soft Suff,Soft Comp
0,Grad norms,0.0037315837513564095,0.020202948669479633
1,GradxEmb,0.0021123822429217204,0.013178806751966459
2,Integrated Grad,0.0021869849297218207,0.00885079260915516
3,Gradient Shap,0.003370251075830321,0.004819656908512121
4,Attention Rollout,0.00018898864519459197,0.0008751580449329181
5,Attention Last,-0.00024524790321514745,0.0003205330576747719
6,Attention,0.01633662660606202,0.004035819508135323
7,Ours,0.022864370412373144,0.2035151365086098
