,FAs,Soft Suff,Soft Comp
0,Grad norms,0.00410474212649205,0.022223243536427593
1,GradxEmb,0.0005280955607304301,0.0032947016879916148
2,Integrated Grad,0.0005467462324304552,0.00221269815228879
3,Gradient Shap,0.0008425627689575803,0.0012049142271280302
4,Attention Rollout,0.0008596925777965205,0.0008282794151455164
5,Attention Last,0.00017897194302349747,-0.0009969267295673434
6,Attention,0.004084156651515505,0.0010089548770338308
