,FAs,Soft Suff,Soft Comp
0,Grad norms,0.0030295315609691824,0.01806795630942692
1,GradxEmb,-0.005414024231140513,0.05188926458358765
2,Integrated Grad,-0.0023382865620078658,0.02755282521247863
3,Gradient Shap,0.007898930285591648,0.0016099518785873956
4,Attention Rollout,-0.00017565324479432848,0.0007657992484217391
5,Attention Last,-0.002727869194379975,-0.0011529254049740055
6,Attention,-0.004345555955958189,0.030696527524427922
7,Ours,-0.00034656471556941806,0.08134293145584791
