,FAs,Soft Suff,Soft Comp
0,GradxEmb,0.36317341437076833,0.7524432524092848
1,Integrated Grad,3.4368860072614082,3.7195738340091093
2,Gradient Shap,0.6600564547213125,0.3391994953120182
3,Attention Rollout,0.08328537060487526,0.07349391047703362
4,Attention Last,-0.09107465480706775,0.028709791091309243
5,Attention,1.478529952541481,0.29539056928118707
6,Ours,2.3782769873344964,2.9305221892403823
