,FAs,Soft Suff,Soft Comp
0,Grad norms,0.0042019223601300875,0.018134733568876994
1,GradxEmb,-0.0027070121155702564,0.025944632291793824
2,Integrated Grad,-0.0011691432810039329,0.013776412606239316
3,Gradient Shap,0.0023696790856774946,0.0004829855635762187
4,Attention Rollout,-0.00019321856927376132,0.000842379173263913
5,Attention Last,-0.0030006561138179724,-0.001268217945471406
6,Attention,-0.0023900557757770046,0.016883090138435357
7,Ours,-0.0003812211871263599,0.0894772246014327
