,FAs,Soft Suff,Soft Comp
0,Grad norms,0.005769549997057762,0.01733610085211692
1,GradxEmb,-0.0027070121155702564,0.025944632291793824
2,Integrated Grad,-0.0011691432810039329,0.013776412606239316
3,Gradient Shap,0.0023696790856774946,0.0004829855635762187
4,Attention Rollout,-0.0004935060213028906,0.001603014953434495
5,Attention Last,-0.00011123550466437121,0.0010653677862137501
6,Attention,-0.0023900557757770046,0.016883090138435357
7,Ours,0.000566185819843662,0.09316983148455625
