,FAs,Soft Suff,Soft Comp
0,Grad norms,0.00637887485791,0.11371489912271504
1,GradxEmb,0.003121230687247581,0.03180285412818196
2,Integrated Grad,0.0029753067487035796,0.024217319395393132
3,Gradient Shap,0.008107944956282148,0.01901123076677324
4,Attention Rollout,-0.004934023402165616,0.006765661155804986
5,Attention Last,0.0007895920891314801,-0.0009937540628015995
6,Attention,-0.01597563308096141,0.11117645138874654
7,Ours,0.008872602286282932,0.16244891053065663
