,FAs,Soft Suff,Soft Comp
0,GradxEmb,0.15731418436365227,0.5603081441954985
1,Integrated Grad,0.8378445033111238,2.044623318131132
2,Gradient Shap,0.3372253910315716,0.337495228377484
3,Attention Rollout,-0.0388358277232075,0.12840081492833041
4,Attention Last,-0.29154038287120326,-0.014442519737024187
5,Attention,-2.0555945374357796,1.2881543429490592
6,Ours,0.38397238949379375,1.8853736759679465
