,FAs,Soft Suff,Soft Comp
0,GradxEmb,0.0034680340969417568,0.03533650458686884
1,Integrated Grad,0.0033058963874484214,0.026908132661547925
2,Gradient Shap,0.009008827729202386,0.021123589740859157
3,Attention Rollout,-0.00448547582015056,0.006150601050731805
4,Attention Last,0.0007178109901195273,-0.0009034127843650905
5,Attention,-0.017750703423290454,0.12352939043194061
6,Ours,0.010775079741142696,0.24127699020318696
