,FAs,Soft Suff,Soft Comp
0,Grad norms,0.005798977143554545,0.10337718102065004
1,GradxEmb,0.0034680340969417568,0.03533650458686884
2,Integrated Grad,0.0033058963874484214,0.026908132661547925
3,Gradient Shap,0.009008827729202386,0.021123589740859157
4,Attention Rollout,-0.00448547582015056,0.006150601050731805
5,Attention Last,0.0007178109901195273,-0.0009034127843650905
6,Attention,-0.017750703423290454,0.12352939043194061
7,Ours,0.013026008426095362,0.24292612500721597
