,FAs,Soft Suff,Soft Comp
0,GradxEmb,-0.004201010464471665,0.0044455645118085954
1,Integrated Grad,-0.00026725740948072403,0.0028192334187527313
2,Gradient Shap,0.005804765800435425,-0.0007653522216493123
3,Attention Rollout,-0.00429348161328976,0.00826731319962578
4,Attention Last,-0.004236500085178032,0.00422302709723062
5,Attention,0.021450731461213526,0.11709690623961036
6,Ours,0.025192898089616497,0.1365727931261063
