,FAs,Soft Suff,Soft Comp
0,Grad norms,0.0,0.0
1,GradxEmb,-0.004411060987695248,0.004667842737399025
2,Integrated Grad,-0.00028062027995476025,0.0029601950896903676
3,Gradient Shap,0.006095004090457197,-0.0008036198327317778
4,Attention Rollout,-0.004722829774618737,0.009094044519588357
5,Attention Last,-0.004660150093695835,0.004645329806953683
6,Attention,0.0225232680342742,0.12295175155159088
7,Ours,0.027712187898578145,0.15023007243871694
