,FAs,Soft Suff,Soft Comp
0,GradxEmb,-0.42982577446484294,0.19291708790568748
1,Integrated Grad,-0.022477226615046506,0.12657945168069976
2,Gradient Shap,1.1321745772742986,-0.03395869509038928
3,Attention Rollout,-0.32396138971149746,0.33329815895261267
4,Attention Last,-0.3448955683207632,0.17648148304822647
5,Attention,1.023871774584471,1.8877844460022295
6,Ours,1.4132631698158338,1.9471002706437481
