,FAs,Soft Suff,Soft Comp
0,Grad norms,0.0,0.0
1,GradxEmb,-0.004411060987695248,0.004667842737399025
2,Integrated Grad,-0.00028062027995476025,0.0029601950896903676
3,Gradient Shap,0.006095004090457197,-0.0008036198327317778
4,Attention Rollout,0.0024447807611068127,0.010256885923445227
5,Attention Last,0.0019176825639988112,0.0033721282146871286
6,Attention,0.0225232680342742,0.12295175155159088
7,Ours,0.027712187898578145,0.15023007243871694
