,FAs,Soft Suff,Soft Comp
0,GradxEmb,0.2814192413818354,0.13060444149219289
1,Integrated Grad,-0.17005845002758177,0.16077679953865415
2,Gradient Shap,0.16045310460491657,0.1692044013026392
3,Attention Rollout,0.13369763755159098,0.03166778868985497
4,Attention Last,0.2753160736852292,-0.037169934199529554
5,Attention,0.8636376829223824,0.3122343919602554
6,Ours,0.9985568117869514,0.8865262563187633
