,FAs,Soft Suff,Soft Comp
0,Grad norms,0.0,0.0
1,GradxEmb,0.0013655898161232492,0.021592694148421288
2,Integrated Grad,-0.0006570805171577272,0.026994988322257996
3,Gradient Shap,0.0007267064631378065,0.02815363183617592
4,Attention Rollout,0.0005193616341784945,0.00514371283352375
5,Attention Last,0.00147371042990017,-0.00630089920014143
6,Attention,0.005763775818832057,0.056718424707651136
7,Ours,0.008208180075507686,0.2249495480209589
