,FAs,Soft Suff,Soft Comp
0,GradxEmb,0.0013655898161232492,0.021592694148421288
1,Integrated Grad,-0.0006570805171577272,0.026994988322257996
2,Gradient Shap,0.0007267064631378065,0.02815363183617592
3,Attention Rollout,0.0004721469401622678,0.004676102575930682
4,Attention Last,0.0013397367544547,-0.0057280901819467545
5,Attention,0.005763775818832057,0.056718424707651136
6,Ours,0.007461981886825169,0.20449958910996263
