,FAs,Soft Suff,Soft Comp
0,GradxEmb,-0.5362019865279912,0.5762963078193597
1,Integrated Grad,0.09608755942053002,0.010549129928800137
2,Gradient Shap,-0.0031727789189809025,-0.1861592924403136
3,Attention Rollout,0.04525340702571465,0.6805898233028075
4,Attention Last,0.024162574760187412,0.42415480544647427
5,Attention,0.7748218845806215,2.7604031215916685
6,Ours,1.2635852812059831,3.1297119192498593
