,FAs,Soft Suff,Soft Comp
0,GradxEmb,-0.003493366213314442,0.008320232764596014
1,Integrated Grad,0.0008489058881033439,0.00011320472029702344
2,Gradient Shap,-2.7134625443503952e-05,-0.002096955065748532
3,Attention Rollout,0.00028857560325625984,0.010022153802724039
4,Attention Last,0.00016854636256043165,0.005996365205977471
5,Attention,0.009849684649019594,0.15805170077475766
6,Ours,0.018957071863538167,0.23090209913524717
