,FAs,Soft Suff,Soft Comp
0,Grad norms,0.0,0.0
1,GradxEmb,-0.003668034523980164,0.008736244402825815
2,Integrated Grad,0.000891351182508511,0.0001188649563118746
3,Gradient Shap,-2.849135671567915e-05,-0.0022018028190359585
4,Attention Rollout,0.0003174331635818858,0.011024369182996444
5,Attention Last,0.00018540099881647482,0.006596001726575218
6,Attention,0.010342168881470572,0.16595428581349553
7,Ours,0.020852779049891985,0.2539923090487719
