suff,comp,random_suff,random_comp
0.0036852108110018143,0.011957262930251412,0.002231336190646964,0.008864401551865958
