suff,comp,random_suff,random_comp
0.08863852022287165,0.9797180627605051,0.0281536597283763,0.8697083721032456
