suff,comp,random_suff,random_comp
0.061830669722897975,0.952681632060379,0.014353731589863384,0.7325087903537448
