suff,comp,random_suff,random_comp
0.01806464249107988,0.6514267587394782,0.0075430919612732815,0.18546871633241657
