suff,comp,random_suff,random_comp
0.01806464249107988,0.6514267587394782,0.005539058994639411,0.33039330783203524
