suff,comp,random_suff,random_comp
0.026058032357680526,0.7880353680302533,0.008329058400998802,0.5019629686388418
