suff,comp,random_suff,random_comp
0.005142535722139071,0.01307814265620804,0.0032797978200743306,0.009677322857981804
