suff,comp,random_suff,random_comp
0.10498535901110456,0.9960693248731979,0.059394830761536385,0.9553227727934737
