suff,comp,random_suff,random_comp
0.056937581557782856,0.919981849256246,0.013227427949349169,0.686558015706808
