suff,comp,random_suff,random_comp
0.004213137381295045,0.000257991951287345,0.007588790158840428,0.00012857165359128676
