suff,comp,random_suff,random_comp
0.056937581557782856,0.919981849256246,0.01563163008254348,0.6722487156352926
