suff,comp,random_suff,random_comp
0.0336615519775586,0.8252542878770553,0.01374121557956685,0.4824404206305228
