suff,comp,random_suff,random_comp
0.026058032357680526,0.7880353680302533,0.01016984546937615,0.3948182265871644
