suff,comp,random_suff,random_comp
0.061830669722897975,0.952681632060379,0.036503674640868206,0.8682447088912411
