{
    "$schema": "../docs/rationalization.schema.json",
    "id": 23,
    "input-text": [
        "</s>",
        "I",
        " had",
        " never",
        " been",
        " friends",
        " with",
        " any",
        " Italian",
        " people",
        " before",
        ".",
        " (",
        "The",
        " funn",
        "iest",
        " thing",
        " happened",
        " to",
        " me",
        " the",
        " other",
        " day",
        ",",
        " but",
        " that",
        "'s",
        " a",
        " story",
        " for",
        " another",
        " time",
        ").",
        " In",
        " fact",
        ",",
        " I",
        " had",
        " never",
        " even",
        " been",
        " to"
    ],
    "input-tokens": [
        2,
        100,
        56,
        393,
        57,
        964,
        19,
        143,
        3108,
        82,
        137,
        4,
        36,
        133,
        29310,
        7098,
        631,
        1102,
        7,
        162,
        5,
        97,
        183,
        6,
        53,
        14,
        18,
        10,
        527,
        13,
        277,
        86,
        322,
        96,
        754,
        6,
        38,
        56,
        393,
        190,
        57,
        7
    ],
    "target-text": " Italy",
    "target-token": 2627,
    "rational-size": 9,
    "rational-positions": [
        2,
        5,
        8,
        9,
        34,
        37,
        38,
        40,
        41
    ],
    "rational-text": [
        " had",
        " friends",
        " Italian",
        " people",
        " fact",
        " had",
        " never",
        " been",
        " to"
    ],
    "rational-tokens": [
        56,
        964,
        3108,
        82,
        754,
        56,
        393,
        57,
        7
    ],
    "importance-scores": [
        8.973602700832516e-18,
        1.6957893947980264e-15,
        4.3200718558011886e-09,
        1.7903337945829815e-18,
        1.2567157846660117e-16,
        7.346820041220781e-08,
        3.1073835871894067e-19,
        3.6905079850533874e-20,
        0.7765595316886902,
        1.3356765346528299e-11,
        1.7730478135815487e-19,
        6.788461168598566e-25,
        1.385381315390704e-21,
        3.3420856169967007e-20,
        1.1693553500665867e-18,
        1.6968649244616186e-22,
        3.460023922173647e-15,
        2.2819427588033434e-15,
        2.059560559550043e-19,
        2.606082735380881e-26,
        1.7126368032083228e-11,
        1.0578671272298834e-08,
        6.120011213874792e-28,
        1.0159252082301984e-23,
        1.706737507399525e-15,
        1.5037703476128165e-17,
        2.2468065913803162e-18,
        2.9256919152967353e-13,
        9.684314430009148e-24,
        0.00020256685093045235,
        2.3770578185379022e-29,
        1.7927971631858424e-23,
        1.0321741651559408e-23,
        5.447669859594341e-19,
        0.19775168597698212,
        2.078756578134043e-18,
        2.051678691535149e-20,
        4.53392013891079e-16,
        9.450591351156667e-12,
        1.0767981558496009e-13,
        0.023440439254045486,
        0.0020456654019653797
    ],
    "comments": {
        "created-by": "run_analogies.py",
        "args": {
            "model": "facebook/opt-350m",
            "cache_dir": "cache/",
            "tokenizer": "facebook/opt-350m",
            "data_dir": "data/analogies/OPT350M",
            "importance_results_dir": "rationalization_results/analogies/OPT350M_ours/top3_replace0.3_max3000_batch5",
            "device": "cuda",
            "rationalization_config": "config//top3_replace0.3_max3000_batch5.json",
            "input_num_ratio": 1.0,
            "logfolder": "logs/analogies/OPT350M_ours/top3_replace0.3_max3000_batch5",
            "loglevel": 20
        },
        "time_elapsed": 40.02437114715576,
        "separate_rational": [
            [
                " fact",
                " to",
                " for",
                " friends",
                " other",
                " had",
                " Italian",
                " been"
            ],
            [
                " Italian",
                " been",
                " the",
                " people",
                " never",
                " before",
                " been",
                " never"
            ],
            [
                " Italian",
                " friends",
                "</s>",
                " been",
                " I",
                " people",
                " fact",
                " never"
            ],
            [
                " Italian",
                " been",
                " never",
                " had",
                " happened",
                "I",
                " friends",
                " had"
            ],
            [
                " Italian",
                " even",
                " with",
                " to",
                " a",
                " had",
                " never",
                " been"
            ]
        ]
    }
}