target_pos,target_token,norm_suff,random_suff,norm_comp,random_comp
34, in,0.06036195531487465,0.0,0.038575105369091034,0.009296859614551067
36, Pennsylvania,0.001634882646612823,0.0002538148546591401,0.0023008219432085752,0.0036992859095335007
38, the,0.0010106785921379924,0.023964425548911095,0.0021716412156820297,0.0010476353345438838
40, States,0.0,0.0,0.0008215114357881248,0.0009980621980503201
42, It,0.030318165197968483,0.06926046311855316,0.018257927149534225,0.004381136037409306
