target_pos,target_token,norm_suff,random_suff,norm_comp,random_comp
34, in,0.009798483923077583,0.0,0.06207873299717903,0.01724371314048767
36, Pennsylvania,0.0,0.0035138442181050777,0.004851886071264744,0.004464437253773212
38, the,0.0,0.007730740588158369,0.0010466414969414473,0.0013603449333459139
40, States,0.0,0.0,0.00047493563033640385,0.0003500047023408115
42, It,0.027984261512756348,0.012239623814821243,0.007804205175489187,0.009430056437849998
