norm_suff_mean,random_suff_mean,norm_comp_mean,random_comp_mean,final suff,final comp,target_tokens
0.007556548807770014,0.0046968418173491955,0.01525128073990345,0.006569711957126856,1.6088573932647705,0.8694064021110535, in$ Pennsylvania$ the$ States$ It
