norm_suff_mean,random_suff_mean,norm_comp_mean,random_comp_mean,final suff,final comp,target_tokens
0.018665136769413948,0.018695740029215813,0.012425401248037815,0.003884595585986972,0.9983630776405334,0.20812039077281952, in$ Pennsylvania$ the$ States$ It
