target_pos,target_token,norm_suff,random_suff,norm_comp,random_comp
18, in,0.0,0.020460160449147224,0.015076174400746822,0.006578820291906595
20,75,0.0,0.001928441459313035,0.024156199768185616,0.01906336471438408
22, It,0.0,0.0,0.006161290220916271,0.0047587258741259575
24, composed,0.0,0.018878186121582985,0.010992366820573807,0.006571460515260696
26, nine,0.0,0.0,0.010208860971033573,0.007121856790035963
