target_pos,target_token,norm_suff,random_suff,norm_comp,random_comp
18, in,0.0,0.004795094486325979,0.015945155173540115,0.012447651475667953
20,75,0.0,0.0,0.017785999923944473,0.015416320413351059
22, It,0.02577328123152256,0.024757232517004013,0.0047224340960383415,0.006217120215296745
24, composed,0.0,0.0,0.01200683694332838,0.006501620169728994
26, nine,0.00651117879897356,0.0,0.01192617416381836,0.0056299446150660515
