norm_suff_mean,random_suff_mean,norm_comp_mean,random_comp_mean,final suff,final comp,target_tokens
0.006456892471760511,0.005910465493798256,0.012477320618927479,0.009242531843483448,1.092450737953186,1.4314210414886475, in$75$ It$ composed$ nine
