target_pos,target_token,norm_suff,random_suff,norm_comp,random_comp
19,"
",0.0,0.0,0.03997987136244774,0.02209494262933731
21,'m,0.007940787822008133,0.0,0.02799142897129059,0.010913229547441006
23, sure,0.0,0.0,0.015382962301373482,0.008172092027962208
25, this,0.0,0.0,0.036571502685546875,0.013620440848171711
27, a,0.0,0.007167168892920017,0.029667498543858528,0.011638357304036617
