target_pos,target_token,norm_suff,random_suff,norm_comp,random_comp
19,"
",0.013425512239336967,0.0,0.073076032102108,0.024511460214853287
21,'m,0.0,0.007030186243355274,0.014538315124809742,0.0032537849619984627
23, sure,0.00038956638309173286,0.012241938151419163,0.013566221110522747,0.016960762441158295
25, this,0.0688125267624855,0.0,0.009901639074087143,0.015455887652933598
27, a,0.0,0.0,0.020618021488189697,0.009124928154051304
