norm_suff_mean,random_suff_mean,norm_comp_mean,random_comp_mean,final suff,final comp,target_tokens
0.0015881576109677553,0.0014334338484331965,0.029918653890490532,0.01328781247138977,1.1079392433166504,8.366809844970703,"
$'m$ sure$ this$ a"
