norm_suff_mean,random_suff_mean,norm_comp_mean,random_comp_mean,final suff,final comp,target_tokens
0.016525521874427795,0.003854424925521016,0.026340046897530556,0.013861364684998989,4.287415504455566,0.8387852907180786,"
$'m$ sure$ this$ a"
