target_pos,target_token,norm_suff,random_suff,norm_comp,random_comp
16, ,0.0,0.0,0.06455618143081665,0.027766501531004906
18, ,0.0,0.0,0.02341909147799015,0.011668587103486061
20, ,0.0,0.0,0.0512581467628479,0.012350070290267467
22, ,0.05176297202706337,0.0,0.03639693558216095,0.012848650105297565
24, ,0.0,0.0,0.029145484790205956,0.013151833787560463
