target_pos,target_token,norm_suff,random_suff,norm_comp,random_comp
16, ,0.0,0.014816473238170147,0.04144025221467018,0.01796041429042816
18, ,0.0,0.0,0.01845153048634529,0.012201295234262943
20, ,0.0,0.0,0.03396989777684212,0.010509402491152287
22, ,0.0,0.011759141460061073,0.017354631796479225,0.007796119432896376
24, ,0.0032235346734523773,0.0,0.013245806097984314,0.025158710777759552
