norm_suff_mean,random_suff_mean,norm_comp_mean,random_comp_mean,final suff,final comp,target_tokens
0.0006447069463320076,0.005315122660249472,0.024892425164580345,0.014725187793374062,0.1212967187166214,22.840126037597656, $ $ $ $ 
