target_pos,target_token,norm_suff,random_suff,norm_comp,random_comp
25, ,0.05613755062222481,0.0,0.02068934217095375,0.016337798908352852
27, ,0.0,0.0,0.021122092381119728,0.005922430660575628
29, ,0.0,0.0,0.03925386816263199,0.009582564234733582
31, ,0.0,0.0,0.013277152553200722,0.005141679663211107
33, ,0.010551377199590206,0.0,0.017072521150112152,0.0031270647887140512
