target_pos,target_token,norm_suff,random_suff,norm_comp,random_comp
25, ,0.0,0.03527674451470375,0.03120248019695282,0.015826962888240814
27, ,0.0,0.0,0.012519621290266514,0.011959373950958252
29, ,0.04634663462638855,0.0,0.03488905355334282,0.016457194462418556
31, ,0.0,0.0,0.010336927138268948,0.006316952873021364
33, ,0.008001076988875866,0.0,0.008380074985325336,0.004312514793127775
