norm_suff_mean,random_suff_mean,norm_comp_mean,random_comp_mean,final suff,final comp,target_tokens
0.010869543068110943,0.0070553491823375225,0.019465630874037743,0.010974599979817867,1.5406101942062378,1.0096652507781982, $ $ $ $ 
