target_pos,target_token,norm_suff,random_suff,norm_comp,random_comp
21, ,0.0,0.030702050775289536,0.021239086985588074,0.013928274624049664
23, ,0.0,0.0,0.01207384467124939,0.008010887540876865
25, ,0.0,0.0,0.014375677332282066,0.005613161250948906
27, ,0.0,0.001554096699692309,0.005623908713459969,0.00327118206769228
29, ,0.0025904206559062004,0.0,0.00601181061938405,0.004707996267825365
