target_pos,target_token,norm_suff,random_suff,norm_comp,random_comp
21, ,0.0,0.0,0.016172930598258972,0.02275732345879078
23, ,0.0,0.009549901820719242,0.009287719614803791,0.004810120444744825
25, ,0.01268660370260477,0.037763673812150955,0.011479334905743599,0.007448635064065456
27, ,0.041338324546813965,0.02980177104473114,0.006398250348865986,0.003798095742240548
29, ,0.0,0.0,0.005046212114393711,0.0037769104819744825
