norm_suff_mean,random_suff_mean,norm_comp_mean,random_comp_mean,final suff,final comp,target_tokens
0.0005180841544643044,0.006451230030506849,0.011864866130053997,0.007106300443410873,0.08030781149864197,13.716498374938965, $ $ $ $ 
