norm_suff_mean,random_suff_mean,norm_comp_mean,random_comp_mean,final suff,final comp,target_tokens
0.010804985649883747,0.015423068776726723,0.009676889516413212,0.008518217131495476,0.7005730271339417,0.7883598804473877, $ $ $ $ 
