target_pos,target_token,norm_suff,random_suff,norm_comp,random_comp
22, (,0.00572007242590189,0.007071136962622404,0.007018142845481634,0.003178211161866784
24,",",0.021194005385041237,0.004810846410691738,0.0011428622528910637,0.002033702563494444
26, km,0.0033370463643223047,0.0,0.004237791057676077,0.003454797202721238
28, from,0.006465437822043896,0.009229736402630806,0.008039089851081371,0.005826613400131464
30, west,0.000614962715189904,0.003115840256214142,0.010972073301672935,0.005798345897346735
