target_pos,target_token,norm_suff,random_suff,norm_comp,random_comp
22, (,0.0,0.016038602218031883,0.009535697288811207,0.006181458942592144
24,",",0.0,0.0,0.00046523817582055926,0.0008343889494426548
26, km,0.002305407542735338,0.0020485720597207546,0.0022409993689507246,0.0019400578457862139
28, from,0.012610496953129768,0.005499693099409342,0.008614018559455872,0.004565851297229528
30, west,0.0,0.0,0.009090202860534191,0.0059392498806118965
