norm_suff_mean,random_suff_mean,norm_comp_mean,random_comp_mean,final suff,final comp,target_tokens
0.002983180806040764,0.004717373754829168,0.005989231169223785,0.003892201231792569,0.6323816776275635,1.3047151565551758," ($,$ km$ from$ west"
