norm_suff_mean,random_suff_mean,norm_comp_mean,random_comp_mean,final suff,final comp,target_tokens
0.007466305047273636,0.0048455120995640755,0.006281991954892874,0.00405833451077342,1.540870189666748,0.5435532927513123," ($,$ km$ from$ west"
