target_pos,target_token,norm_suff,random_suff,norm_comp,random_comp
26, by,0.0,0.0031700192485004663,0.006269758101552725,0.008750186301767826
28, B,0.0,0.0019042958738282323,0.002770382910966873,0.001812393544241786
30,en,0.00035090799792669713,0.00030968093778938055,0.002476718742400408,0.002929201116785407
32, based,0.00798736046999693,0.02671429142355919,0.02551376260817051,0.025262033566832542
34, the,0.0047694179229438305,0.0,0.005243158899247646,0.010135230608284473
