target_pos,target_token,norm_suff,random_suff,norm_comp,random_comp
26, by,0.00013487576507031918,0.0,0.00930587388575077,0.005587713327258825
28, B,0.0,0.0,0.0023247324861586094,0.001549147185869515
30,en,0.0010287046898156404,0.0025600807275623083,0.0012604687362909317,0.003741786815226078
32, based,0.007801717147231102,0.0,0.02055376209318638,0.030715392902493477
34, the,0.008874783292412758,0.0380794033408165,0.006477738730609417,0.005186195019632578
