norm_suff_mean,random_suff_mean,norm_comp_mean,random_comp_mean,final suff,final comp,target_tokens
0.0026215375401079655,0.006419658195227385,0.008454756811261177,0.009777809493243694,0.40836092829704285,3.729799509048462, by$ B$en$ based$ the
