norm_suff_mean,random_suff_mean,norm_comp_mean,random_comp_mean,final suff,final comp,target_tokens
0.003568015992641449,0.008127897046506405,0.007984514348208904,0.00935604702681303,0.4389839172363281,2.6221988201141357, by$ B$en$ based$ the
