target_pos,target_token,norm_suff,random_suff,norm_comp,random_comp
22, by,0.027589434757828712,0.0032898220233619213,0.045650750398635864,0.019328994676470757
24, National,0.0,0.0,0.009880811907351017,0.013234725221991539
26, of,0.0,0.007240359205752611,0.0021287654526531696,0.00382385216653347
28, Arts,0.001989231212064624,0.0017522824928164482,0.003629543585702777,0.005838960409164429
30, Sciences,0.0,0.0003454705292824656,0.0033564993645995855,0.0006801951676607132
