target_pos,target_token,norm_suff,random_suff,norm_comp,random_comp
22, by,0.0,0.0,0.05595680698752403,0.013523872010409832
24, National,0.0,0.0,0.012888059951364994,0.007631204091012478
26, of,0.019612682983279228,0.0,0.0027790353633463383,0.003178506623953581
28, Arts,0.002332479925826192,0.0014107903698459268,0.0032588886097073555,0.0042783175595104694
30, Sciences,0.0,0.0,0.004144091624766588,0.002869605552405119
