norm_suff_mean,random_suff_mean,norm_comp_mean,random_comp_mean,final suff,final comp,target_tokens
0.00438903272151947,0.00028215808561071754,0.015805376693606377,0.006296300794929266,15.555225372314453,1.4345531463623047, by$ National$ of$ Arts$ Sciences
