norm_suff_mean,random_suff_mean,norm_comp_mean,random_comp_mean,final suff,final comp,target_tokens
0.005915733054280281,0.002525587100535631,0.012929274700582027,0.008581346832215786,2.342319965362549,1.4505974054336548, by$ National$ of$ Arts$ Sciences
