target_pos,target_token,norm_suff,random_suff,norm_comp,random_comp
28, The,0.0,0.013335025869309902,0.005879606120288372,0.0059602041728794575
30,eng,0.000353931391146034,0.0,0.0037488320376724005,0.0011737375753000379
32, period,0.013128384947776794,0.016737226396799088,0.010262359865009785,0.01300327479839325
34, often,0.0,0.017446136102080345,0.005827323533594608,0.005139459390193224
36, to,0.0,0.006571722682565451,0.0005943782743997872,0.0008237679139710963
