target_pos,target_token,norm_suff,random_suff,norm_comp,random_comp
28, The,0.026658322662115097,0.0,0.0069261230528354645,0.007063448429107666
30,eng,0.0,0.00014516881492454559,0.002280165208503604,0.004011743236333132
32, period,0.012328648939728737,0.0018074351828545332,0.007520209066569805,0.010223831981420517
34, often,0.0039342716336250305,0.01959507167339325,0.0052518839947879314,0.00449245423078537
36, to,0.007002475671470165,0.007488659583032131,0.0006437036790885031,0.0010983626125380397
