norm_suff_mean,random_suff_mean,norm_comp_mean,random_comp_mean,final suff,final comp,target_tokens
0.009984743781387806,0.005807267036288977,0.004524416755884886,0.005377968307584524,1.7193533182144165,0.5386185646057129, The$eng$ period$ often$ to
