norm_suff_mean,random_suff_mean,norm_comp_mean,random_comp_mean,final suff,final comp,target_tokens
0.0026964633725583553,0.010818022303283215,0.005262500140815973,0.005220088642090559,0.24925659596920013,1.9359018802642822, The$eng$ period$ often$ to
