target_pos,target_token,norm_suff,random_suff,norm_comp,random_comp
18, in,0.013562274165451527,0.0,0.02022213116288185,0.010286285541951656
20, middle,0.0,0.0,0.00899970531463623,0.01225501298904419
22,.,0.0,0.012321616522967815,0.013362502679228783,0.004253988154232502
24, was,0.0015246602706611156,0.0,0.008754080161452293,0.009942274540662766
26, in,0.03987620398402214,0.024624193087220192,0.00665413960814476,0.010310917161405087
