target_pos,target_token,norm_suff,random_suff,norm_comp,random_comp
18, in,0.0,0.0,0.011004060506820679,0.012112876400351524
20, middle,0.0,0.0,0.013925960287451744,0.019102344289422035
22,.,0.10542622208595276,0.02654375322163105,0.006714672315865755,0.005332535598427057
24, was,0.005056729540228844,0.018285097554326057,0.007215674966573715,0.007484050001949072
26, in,0.01136175636202097,0.0,0.007836229167878628,0.00594624737277627
