norm_suff_mean,random_suff_mean,norm_comp_mean,random_comp_mean,final suff,final comp,target_tokens
0.010992627590894699,0.0073891617357730865,0.011598511599004269,0.009409695863723755,1.4876691102981567,0.8560006022453308, in$ middle$.$ was$ in
