norm_suff_mean,random_suff_mean,norm_comp_mean,random_comp_mean,final suff,final comp,target_tokens
0.02436894178390503,0.008965770713984966,0.009339320473372936,0.009995611384510994,2.7179975509643555,0.4101783037185669, in$ middle$.$ was$ in
