target_pos,target_token,norm_suff,random_suff,norm_comp,random_comp
17, ,0.042639266699552536,0.039454370737075806,0.025864241644740105,0.030779927968978882
19, ,0.0,0.0,0.023692432790994644,0.024511510506272316
21, ,0.0,0.0,0.02677491307258606,0.014207037165760994
23, ,0.0,0.0,0.012118055485188961,0.007542142644524574
25, ,0.0,0.0,0.01734190806746483,0.01387039665132761
