target_pos,target_token,norm_suff,random_suff,norm_comp,random_comp
17, ,0.01828942634165287,0.0,0.029216349124908447,0.0126402722671628
19, ,0.028327981010079384,0.006834753323346376,0.02096356265246868,0.016782710328698158
21, ,0.0,0.0,0.01659310609102249,0.016103079542517662
23, ,0.0,0.0,0.012313077226281166,0.008146838285028934
25, ,0.0,0.0,0.018047817051410675,0.007182411849498749
