norm_suff_mean,random_suff_mean,norm_comp_mean,random_comp_mean,final suff,final comp,target_tokens
0.008527853526175022,0.007890874519944191,0.021158311516046524,0.01818220317363739,1.080723524093628,2.1320960521698, $ $ $ $ 
