norm_suff_mean,random_suff_mean,norm_comp_mean,random_comp_mean,final suff,final comp,target_tokens
0.00932348147034645,0.0013669506879523396,0.019426783546805382,0.012171062640845776,6.820641994476318,1.3054203987121582, $ $ $ $ 
