target_pos,target_token,norm_suff,random_suff,norm_comp,random_comp
13, They,0.0,0.0,0.03187128156423569,0.056391939520835876
15, used,0.0,0.019458655267953873,0.021874291822314262,0.015106702223420143
17, cooking,0.00018245738465338945,0.0,0.019907748326659203,0.021543605253100395
19, as,0.007868667133152485,0.042242757976055145,0.013438091613352299,0.01721358112990856
21, source,0.0,0.0,0.0190371535718441,0.019718702882528305
