target_pos,target_token,norm_suff,random_suff,norm_comp,random_comp
13, They,0.0,0.0,0.04005812108516693,0.04355212301015854
15, used,0.0,0.0,0.020575981587171555,0.017931552603840828
17, cooking,0.0,0.0,0.01915794424712658,0.01598597876727581
19, as,0.0,0.01248222403228283,0.019569795578718185,0.01599099114537239
21, source,0.0,0.0,0.012619893066585064,0.015333225019276142
