norm_suff_mean,random_suff_mean,norm_comp_mean,random_comp_mean,final suff,final comp,target_tokens
0.0016102249501273036,0.012340283021330833,0.021225713193416595,0.025994906201958656,0.13048525154590607,16.143648147583008, They$ used$ cooking$ as$ source
