target_pos,target_token,norm_suff,random_suff,norm_comp,random_comp
21, until,0.0,0.024446582421660423,0.013357073999941349,0.008531915955245495
23, French,0.004962810780853033,0.0021276965271681547,0.01402068417519331,0.008821910247206688
25, in,0.0,0.0,0.014877120964229107,0.005335064604878426
27,89,0.0007875374867580831,0.0034173105377703905,0.006769376806914806,0.0031994227319955826
29, The,0.0,0.0,0.00503954105079174,0.005144617985934019
