target_pos,target_token,norm_suff,random_suff,norm_comp,random_comp
21, until,0.00767999654635787,0.0057763406075537205,0.013117251917719841,0.008992805145680904
23, French,0.0,0.0,0.010326542891561985,0.009865625761449337
25, in,0.0,0.0,0.008817299269139767,0.010284124873578548
27,89,0.0,0.0,0.003007190767675638,0.00041584449354559183
29, The,0.0,0.0003679895889945328,0.008669145405292511,0.006137986667454243
