norm_suff_mean,random_suff_mean,norm_comp_mean,random_comp_mean,final suff,final comp,target_tokens
0.001150069641880691,0.005998318083584309,0.010812759399414062,0.006206586491316557,0.1917320191860199,5.396705150604248, until$ French$ in$89$ The
