norm_suff_mean,random_suff_mean,norm_comp_mean,random_comp_mean,final suff,final comp,target_tokens
0.0015359993558377028,0.0012288660509511828,0.008787485770881176,0.007139277644455433,1.2499322891235352,4.6479692459106445, until$ French$ in$89$ The
