target_pos,target_token,norm_suff,random_suff,norm_comp,random_comp
16, He,0.01777753047645092,0.009114048443734646,0.04842638596892357,0.04459971562027931
18, best,0.0,0.0,0.06384232640266418,0.028192205354571342
20, for,0.006457877811044455,0.003716870676726103,0.010325771756470203,0.005743241868913174
22, role,0.0,0.0,0.012751597911119461,0.00564619293436408
24, the,0.0,0.0,0.021098362281918526,0.008664240129292011
