target_pos,target_token,norm_suff,random_suff,norm_comp,random_comp
16, He,0.0,0.03208686783909798,0.09656636416912079,0.021779784932732582
18, best,0.002816038904711604,0.010538249276578426,0.0550239123404026,0.0282432958483696
20, for,0.0013303910382092,0.0,0.007482142187654972,0.003498762845993042
22, role,0.0,0.0,0.01501899491995573,0.007032271008938551
24, the,0.015076379291713238,0.0,0.014033053070306778,0.012069998309016228
