norm_suff_mean,random_suff_mean,norm_comp_mean,random_comp_mean,final suff,final comp,target_tokens
0.003844561753794551,0.00852502416819334,0.037624891847372055,0.014524823985993862,0.4509737193584442,3.7780182361602783, He$ best$ for$ role$ the
