norm_suff_mean,random_suff_mean,norm_comp_mean,random_comp_mean,final suff,final comp,target_tokens
0.00484708184376359,0.0025661836843937635,0.031288888305425644,0.01856911927461624,1.8888288736343384,3.830989360809326, He$ best$ for$ role$ the
