target_pos,target_token,norm_suff,random_suff,norm_comp,random_comp
16, ,0.02680887095630169,0.0,0.0853935107588768,0.01713346689939499
18, Mario,0.0,0.0,0.009806380607187748,0.004265556577593088
20,.,0.0,0.0018191004637628794,0.010357972234487534,0.007933714427053928
22, a,0.03280579671263695,0.02246890962123871,0.009607724845409393,0.0043821497820317745
24, side,0.0,0.0,0.018826019018888474,0.00967683270573616
