target_pos,target_token,norm_suff,random_suff,norm_comp,random_comp
16, ,0.0,0.06779607385396957,0.09960765391588211,0.030614038929343224
18, Mario,0.0,0.0009789048926904798,0.010345588438212872,0.0044386014342308044
20,.,0.038372959941625595,0.03154105320572853,0.015493009239435196,0.017039945349097252
22, a,0.0,0.0,0.011281857267022133,0.004413544666022062
24, side,0.0,0.0,0.012963062152266502,0.011844530701637268
