norm_suff_mean,random_suff_mean,norm_comp_mean,random_comp_mean,final suff,final comp,target_tokens
0.0076745920814573765,0.020063206553459167,0.029938234016299248,0.013670133426785469,0.3825207054615021,1.7812196016311646, $ Mario$.$ a$ side
