norm_suff_mean,random_suff_mean,norm_comp_mean,random_comp_mean,final suff,final comp,target_tokens
0.011922933161258698,0.004857602063566446,0.026798320934176445,0.008678344078361988,2.4544894695281982,0.7278698682785034, $ Mario$.$ a$ side
