target_pos,target_token,norm_suff,random_suff,norm_comp,random_comp
25, of,0.0,0.0,0.013062020763754845,0.009064105339348316
27,ra,0.0007425364456139505,0.0005442396504804492,0.0019077981123700738,0.0020560915581882
29, and,0.0,0.006123812403529882,0.010412109084427357,0.004411698784679174
31, from,0.0,0.0,0.009785354137420654,0.007604400627315044
33,37,0.0,0.0,0.013804263435304165,0.021510997787117958
