target_pos,target_token,norm_suff,random_suff,norm_comp,random_comp
25, of,0.0,0.07820378243923187,0.015327299013733864,0.00390609260648489
27,ra,5.0052589358529076e-05,0.00048653269186615944,0.0012223257217556238,0.0011220640735700727
29, and,0.0,0.0,0.009427076205611229,0.0116946492344141
31, from,0.0,0.0,0.006968853995203972,0.009111572057008743
33,37,0.0,0.001131590805016458,0.012155886739492416,0.016247402876615524
