norm_suff_mean,random_suff_mean,norm_comp_mean,random_comp_mean,final suff,final comp,target_tokens
0.00014850728621240705,0.0013336105039343238,0.009794308803975582,0.008929459378123283,0.11135731637477875,60.128089904785156, of$ra$ and$ from$37
