norm_suff_mean,random_suff_mean,norm_comp_mean,random_comp_mean,final suff,final comp,target_tokens
1.0010518053604756e-05,0.015964381396770477,0.009020288474857807,0.008416356518864632,0.0006270533194765449,840.7513427734375, of$ra$ and$ from$37
