target_pos,target_token,norm_suff,random_suff,norm_comp,random_comp
12,"
",0.0,0.0,0.11799339205026627,0.0636829361319542
14, had,0.004306822549551725,0.01152815856039524,0.015666313469409943,0.009394879452884197
16, of,0.08344846218824387,0.0,0.01414426788687706,0.006871592253446579
18, in,0.0,0.003606291487812996,0.01067841611802578,0.01741175539791584
20, early,0.0,0.0002769669226836413,0.00801373366266489,0.005919125396758318
