target_pos,target_token,norm_suff,random_suff,norm_comp,random_comp
12,"
",0.0,0.0,0.16777755320072174,0.04925933852791786
14, had,0.0,0.026332693174481392,0.01885000243782997,0.00860538613051176
16, of,0.0,0.005537314806133509,0.022262457758188248,0.011661297641694546
18, in,0.008382630534470081,0.0,0.009364360012114048,0.009056138806045055
20, early,0.0,0.0,0.0070363618433475494,0.005423019174486399
