norm_suff_mean,random_suff_mean,norm_comp_mean,random_comp_mean,final suff,final comp,target_tokens
0.017551057040691376,0.003082283539697528,0.03329922631382942,0.020656058564782143,5.694173336029053,1.176912546157837,"
$ had$ of$ in$ early"
