norm_suff_mean,random_suff_mean,norm_comp_mean,random_comp_mean,final suff,final comp,target_tokens
0.001676526153460145,0.006374001502990723,0.04505814611911774,0.016801035031676292,0.26302570104599,10.021337509155273,"
$ had$ of$ in$ early"
