target_pos,target_token,norm_suff,random_suff,norm_comp,random_comp
21, ,0.0,0.0,0.04826437681913376,0.00886920839548111
23, ,0.0,0.0,0.023172155022621155,0.012314943596720695
25, ,0.0,0.0,0.02773626707494259,0.018867531791329384
27, ,0.0,0.0,0.014419510029256344,0.007277644705027342
29, ,0.0,0.03504269942641258,0.0334770493209362,0.007462004665285349
