target_pos,target_token,norm_suff,random_suff,norm_comp,random_comp
21, ,0.0,0.007076726295053959,0.043416328728199005,0.013948854058980942
23, ,0.0,0.018744099885225296,0.02181733027100563,0.013752019964158535
25, ,0.0,0.02269851602613926,0.041315194219350815,0.014095923863351345
27, ,0.0005440525710582733,0.0,0.010604706592857838,0.006614521611481905
29, ,0.0,0.0,0.006988009437918663,0.01846855878829956
