norm_suff_mean,random_suff_mean,norm_comp_mean,random_comp_mean,final suff,final comp,target_tokens
0.00010881051275646314,0.009703869000077248,0.024828312918543816,0.01337597705423832,0.011213106103241444,122.92908477783203, $ $ $ $ 
