target_pos,target_token,norm_suff,random_suff,norm_comp,random_comp
23, (,0.0,0.0,0.08038553595542908,0.047172728925943375
25,22,0.00014695132267661393,0.011950195766985416,0.011350945569574833,0.016370292752981186
27, It,0.0,0.018622254952788353,0.014504261314868927,0.009324276819825172
29, a,0.0,0.0039984602481126785,0.010834688320755959,0.008532904088497162
31, on,0.011808092705905437,0.0,0.003339216811582446,0.002258553635329008
