target_pos,target_token,norm_suff,random_suff,norm_comp,random_comp
23, (,0.0,0.0,0.0722813606262207,0.026035865768790245
25,22,0.0005546560860238969,0.005833711940795183,0.030309945344924927,0.017230309545993805
27, It,0.014969943091273308,0.0,0.014236417599022388,0.010015252977609634
29, a,0.006917077116668224,0.0,0.008512957021594048,0.009165678173303604
31, on,0.0,0.0,0.007366206496953964,0.008378522470593452
