norm_suff_mean,random_suff_mean,norm_comp_mean,random_comp_mean,final suff,final comp,target_tokens
0.0023910088930279016,0.006914182100445032,0.024082928895950317,0.016731752082705498,0.34581226110458374,6.99777889251709, ($22$ It$ a$ on
