norm_suff_mean,random_suff_mean,norm_comp_mean,random_comp_mean,final suff,final comp,target_tokens
0.004488335456699133,0.001166742411442101,0.02654138021171093,0.014165125787258148,3.8468949794769287,3.1559865474700928, ($22$ It$ a$ on
