target_pos,target_token,norm_suff,random_suff,norm_comp,random_comp
22, for,0.0013038218021392822,0.015923472121357918,0.017881544306874275,0.011930122040212154
24, Los,0.0,0.0,0.01316105853766203,0.017061438411474228
26, Dodgers,0.00044673646334558725,0.0005427279393188655,0.001395994913764298,0.0014872313477098942
28, Major,0.0009754044003784657,0.0,0.0008504005963914096,0.0035258643329143524
30, Baseball,0.0003062675823457539,0.0,0.0008997304830700159,0.0006136906449683011
