target_pos,target_token,norm_suff,random_suff,norm_comp,random_comp
22, for,0.052078112959861755,0.01830466277897358,0.023689040914177895,0.011091644875705242
24, Los,0.0,0.0,0.012849617749452591,0.01768440194427967
26, Dodgers,0.0007926066755317152,0.0005261776968836784,0.0016899914480745792,0.0022937629837542772
28, Major,0.0,0.0016249918844550848,0.0053971451707184315,0.00114032335113734
30, Baseball,0.0,0.00021146904327906668,0.0009434235980734229,0.0004381626204121858
