norm_suff_mean,random_suff_mean,norm_comp_mean,random_comp_mean,final suff,final comp,target_tokens
0.00060644606128335,0.0032932402100414038,0.006837745662778616,0.00692366948351264,0.18414874374866486,11.416793823242188, for$ Los$ Dodgers$ Major$ Baseball
