norm_suff_mean,random_suff_mean,norm_comp_mean,random_comp_mean,final suff,final comp,target_tokens
0.010574144311249256,0.0041334605775773525,0.008913843892514706,0.006529659032821655,2.5581820011138916,0.6175118088722229, for$ Los$ Dodgers$ Major$ Baseball
