target_pos,target_token,norm_suff,random_suff,norm_comp,random_comp
26, ,0.013898431323468685,0.0,0.011846311390399933,0.012869833037257195
28, ,0.0,0.04746874049305916,0.008187038823962212,0.006986666936427355
30, ,0.0,0.0,0.006922497414052486,0.005877872928977013
32, ,0.014517025090754032,0.035376355051994324,0.004280882887542248,0.004635370336472988
34, ,0.0,0.0006157901370897889,0.005612831097096205,0.004334052558988333
