target_pos,target_token,norm_suff,random_suff,norm_comp,random_comp
26, ,0.032491814345121384,0.006349347531795502,0.011853465810418129,0.00723776500672102
28, ,0.0,0.00035660460707731545,0.005718705710023642,0.007633734494447708
30, ,0.0011694813147187233,0.0,0.005833339411765337,0.006785217206925154
32, ,0.004727683495730162,0.02689984440803528,0.004862801171839237,0.004687998443841934
34, ,0.0006270309677347541,0.040049437433481216,0.00724382046610117,0.003738245228305459
