norm_suff_mean,random_suff_mean,norm_comp_mean,random_comp_mean,final suff,final comp,target_tokens
0.005683091469109058,0.016692176461219788,0.0073699126951396465,0.006940759252756834,0.34046438336372375,1.2212998867034912, $ $ $ $ 
