norm_suff_mean,random_suff_mean,norm_comp_mean,random_comp_mean,final suff,final comp,target_tokens
0.007803201675415039,0.014731046743690968,0.007102427072823048,0.006016592029482126,0.5297113060951233,0.7710414528846741, $ $ $ $ 
