target_pos,target_token,norm_suff,random_suff,norm_comp,random_comp
44, Because,0.01237014401704073,0.0065065110102295876,0.010216521099209785,0.009864413179457188
46, was,0.0,0.007929343730211258,0.009829754009842873,0.007441354915499687
48, good,0.010474112816154957,0.00420350069180131,0.019950956106185913,0.017098968848586082
50,.,0.0,0.011199316941201687,0.00832255370914936,0.007204841822385788
52, was,0.006646110676229,0.00040196505142375827,0.005742022302001715,0.004905666224658489
