target_pos,target_token,norm_suff,random_suff,norm_comp,random_comp
49, I,0.003855113172903657,0.0,0.0039231437258422375,0.00501922657713294
51,'t,0.0013550143921747804,0.0,0.000494855921715498,0.00044242714648135006
53,.,0.0,0.015435747802257538,0.017020005732774734,0.008746710605919361
55, was,0.005568386986851692,0.0,0.00555452099069953,0.00541886268183589
57, happy,0.009463554248213768,0.007112871389836073,0.010660218074917793,0.007852856069803238
