norm_suff_mean,random_suff_mean,norm_comp_mean,random_comp_mean,final suff,final comp,target_tokens
0.0017350314883515239,0.0013012990821152925,0.0073743402026593685,0.008247052319347858,1.3333072662353516,4.753258228302002, She$ going$ the$ to$ her
