target_pos,target_token,norm_suff,random_suff,norm_comp,random_comp
46, Because,0.007572098169475794,0.006039214786142111,0.00853222981095314,0.004472210071980953
48, was,0.0,0.0,0.004829766694456339,0.004255575127899647
50,.,0.007999949157238007,0.000568869523704052,0.013187543489038944,0.006931183859705925
52, was,0.0,0.010355781763792038,0.0045628962107002735,0.007404416333884001
54, of,0.011164847761392593,0.0,0.007573095615953207,0.004286311566829681
