norm_suff_mean,random_suff_mean,norm_comp_mean,random_comp_mean,final suff,final comp,target_tokens
0.005347379017621279,0.00339277321472764,0.007737106177955866,0.005469939671456814,1.5761085748672485,1.022919774055481, Because$ was$.$ was$ of
