norm_suff_mean,random_suff_mean,norm_comp_mean,random_comp_mean,final suff,final comp,target_tokens
0.0023463349789381027,0.004544014576822519,0.007856469601392746,0.005173655226826668,0.5163573026657104,2.2049942016601562, She$ to$ a$ meal$ her
