target_pos,target_token,norm_suff,random_suff,norm_comp,random_comp
53, Because,0.005155796650797129,0.001466163550503552,0.015201915986835957,0.005510909482836723
55, was,0.003395149251446128,0.0062676300294697285,0.007551020476967096,0.004574946593493223
57, black,0.005777569953352213,0.0018981331959366798,0.008561229333281517,0.004164061974734068
59,.,0.010503173805773258,0.0,0.010421928949654102,0.008582744747400284
61, was,0.00017769848636817187,0.0036590478848665953,0.010698973201215267,0.005601672921329737
