norm_suff_mean,random_suff_mean,norm_comp_mean,random_comp_mean,final suff,final comp,target_tokens
0.002140627009794116,0.004095032811164856,0.007996253669261932,0.008410493843257427,0.522737443447113,3.928986072540283," Mary$ a$ bow$,$ Steve"
