target_pos,target_token,norm_suff,random_suff,norm_comp,random_comp
56, They,0.0039035165682435036,0.0023418404161930084,0.0385473296046257,0.026584142819046974
58, to,0.000311494484776631,0.0022503999061882496,0.005896734073758125,0.025655312463641167
60, it,0.001492154784500599,0.001197054865770042,0.022987795993685722,0.023248881101608276
62, a,0.0,0.0030320349615067244,0.033046018332242966,0.01779116503894329
64, way,0.0,0.001391338068060577,0.02592563070356846,0.002393096685409546
