target_pos,target_token,norm_suff,random_suff,norm_comp,random_comp
54, She,0.003509044647216797,0.0,0.03663552924990654,0.027733225375413895
56, a,0.011010873131453991,0.0,0.009468321688473225,0.014708911068737507
58, bit,0.005710388999432325,0.010788513347506523,0.015143885277211666,0.010490193963050842
60, a,0.0,0.0,0.003701908281072974,0.0025897042360156775
62,oy,6.613593723159283e-05,0.00025100645143538713,0.0007264168234542012,0.0005232950788922608
