target_pos,target_token,norm_suff,random_suff,norm_comp,random_comp
43, Because,0.02627389319241047,0.00602381257340312,0.11646424233913422,0.05198979005217552
45, was,0.011946134269237518,0.00840782467275858,0.007648942992091179,0.01412804052233696
47, to,0.0021638888865709305,0.004475519992411137,0.01012961845844984,0.004120666533708572
49, a,0.0059333001263439655,0.009576039388775826,0.014560533687472343,0.018909836187958717
51,.,0.011841989122331142,0.008333777077496052,0.010170678608119488,0.008141138590872288
