norm_suff_mean,random_suff_mean,norm_comp_mean,random_comp_mean,final suff,final comp,target_tokens
0.005148337222635746,0.002320041647180915,0.01770707778632641,0.012468993663787842,2.21907114982605,2.421945810317993, He$ playing$ his$.$ friend
