target_pos,target_token,norm_suff,random_suff,norm_comp,random_comp
59, Well,0.0,0.0012722592800855637,0.012923697009682655,0.00751094426959753
61, he,0.014704259112477303,0.0,0.013691307976841927,0.00669493293389678
63, a,0.0,0.005061264615505934,0.005419014021754265,0.0041814218275249004
65,ologist,0.0029067243449389935,0.0,0.0182648953050375,0.006552219856530428
67, He,0.00245847855694592,0.002679584315046668,0.009126564487814903,0.0028019333258271217
