norm_suff_mean,random_suff_mean,norm_comp_mean,random_comp_mean,final suff,final comp,target_tokens
0.004013892728835344,0.001802621758542955,0.01188509538769722,0.005548290442675352,2.2266972064971924,1.3822717666625977, Well$ he$ a$ologist$ He
