{
    "$schema": "../docs/rationalization.schema.json",
    "id": 139,
    "input-text": [
        "I",
        " had",
        " never",
        " been",
        " friends",
        " with",
        " any",
        " Polish",
        " people",
        " before",
        ".",
        " (",
        "The",
        " funn",
        "iest",
        " thing",
        " happened",
        " to",
        " me",
        " the",
        " other",
        " day",
        ",",
        " but",
        " that",
        "'s",
        " a",
        " story",
        " for",
        " another",
        " time",
        ").",
        " In",
        " fact",
        ",",
        " I",
        " had",
        " never",
        " even",
        " been",
        " to"
    ],
    "input-tokens": [
        40,
        550,
        1239,
        587,
        2460,
        351,
        597,
        15945,
        661,
        878,
        13,
        357,
        464,
        36090,
        6386,
        1517,
        3022,
        284,
        502,
        262,
        584,
        1110,
        11,
        475,
        326,
        338,
        257,
        1621,
        329,
        1194,
        640,
        737,
        554,
        1109,
        11,
        314,
        550,
        1239,
        772,
        587,
        284
    ],
    "target-text": " Poland",
    "target-token": 12873,
    "rational-size": 5,
    "rational-positions": [
        0,
        1,
        2,
        3,
        5
    ],
    "rational-text": [
        "I",
        " had",
        " never",
        " been",
        " with"
    ],
    "rational-tokens": [
        40,
        550,
        1239,
        587,
        351
    ],
    "importance-scores": [
        0.06362827867269516,
        0.023409554734826088,
        0.023409418761730194,
        0.023409375920891762,
        0.023409372195601463,
        0.023409375920891762,
        0.023409327492117882,
        0.023409327492117882,
        0.023409303277730942,
        0.02340930514037609,
        0.023409340530633926,
        0.02340930514037609,
        0.023409297689795494,
        0.02340928092598915,
        0.023409273475408554,
        0.023409271612763405,
        0.023409277200698853,
        0.023409273475408554,
        0.023409266024827957,
        0.023409271612763405,
        0.02340926229953766,
        0.02340926229953766,
        0.023409271612763405,
        0.023409266024827957,
        0.023409264162182808,
        0.023409264162182808,
        0.02340926229953766,
        0.02340926229953766,
        0.02340926229953766,
        0.02340926043689251,
        0.02340925857424736,
        0.0234092827886343,
        0.023409269750118256,
        0.02340926043689251,
        0.023409264162182808,
        0.02340926043689251,
        0.02340926043689251,
        0.02340926043689251,
        0.023409254848957062,
        0.023409254848957062,
        0.023409254848957062
    ],
    "comments": {
        "created-by": "run_analogies.py",
        "args": {
            "model": "gpt2-medium",
            "cache_dir": "./cache/",
            "tokenizer": "gpt2-medium",
            "data_dir": "data/analogies/gpt2/",
            "importance_results_dir": "rationalization_results/analogies/gpt2_attention_rollout",
            "device": "cuda",
            "rationalization_config": "config/eva_attention_rollout.json",
            "input_num_ratio": 1,
            "logfolder": "logs/analogies/gpt2_attention_rollout",
            "loglevel": 20
        },
        "time_elapsed": 0.014433145523071289
    }
}