{
    "$schema": "../docs/rationalization.schema.json",
    "id": 28,
    "input-text": [
        "When",
        " my",
        " flight",
        " landed",
        " in",
        " Hungary",
        ",",
        " I",
        " converted",
        " my",
        " currency",
        " and",
        " slowly",
        " fell",
        " asleep",
        ".",
        " (",
        "I",
        " was",
        " behind",
        " on",
        " a",
        " couple",
        " of",
        " assignments",
        ",",
        " but",
        " I",
        " tried",
        " not",
        " to",
        " think",
        " about",
        " them",
        ").",
        " I",
        " was",
        " staying",
        " in",
        " the",
        " capital",
        ","
    ],
    "input-tokens": [
        2215,
        616,
        5474,
        11406,
        287,
        19562,
        11,
        314,
        11513,
        616,
        7395,
        290,
        6364,
        3214,
        16039,
        13,
        357,
        40,
        373,
        2157,
        319,
        257,
        3155,
        286,
        25815,
        11,
        475,
        314,
        3088,
        407,
        284,
        892,
        546,
        606,
        737,
        314,
        373,
        10589,
        287,
        262,
        3139,
        11
    ],
    "target-text": " Budapest",
    "target-token": 40959,
    "rational-size": 5,
    "rational-positions": [
        0,
        1,
        2,
        4,
        3
    ],
    "rational-text": [
        "When",
        " my",
        " flight",
        " in",
        " landed"
    ],
    "rational-tokens": [
        2215,
        616,
        5474,
        287,
        11406
    ],
    "importance-scores": [
        0.062171466648578644,
        0.022874144837260246,
        0.022874031215906143,
        0.022873975336551666,
        0.022874001413583755,
        0.022873925045132637,
        0.02287396229803562,
        0.022873900830745697,
        0.0228738896548748,
        0.02287387289106846,
        0.02287387289106846,
        0.022873885929584503,
        0.022873852401971817,
        0.022873854264616966,
        0.022873854264616966,
        0.022873882204294205,
        0.022873854264616966,
        0.022873839363455772,
        0.022873837500810623,
        0.022873831912875175,
        0.022873831912875175,
        0.022873830050230026,
        0.022873828187584877,
        0.022873826324939728,
        0.022873831912875175,
        0.022873831912875175,
        0.022873828187584877,
        0.022873826324939728,
        0.022873828187584877,
        0.02287382259964943,
        0.02287382446229458,
        0.02287382446229458,
        0.02287382446229458,
        0.02287382259964943,
        0.022873852401971817,
        0.022873830050230026,
        0.022873828187584877,
        0.022873828187584877,
        0.02287382259964943,
        0.02287382073700428,
        0.02287381887435913,
        0.022873815149068832
    ],
    "comments": {
        "created-by": "run_analogies.py",
        "args": {
            "model": "gpt2-medium",
            "cache_dir": "./cache/",
            "tokenizer": "gpt2-medium",
            "data_dir": "data/analogies/gpt2/",
            "importance_results_dir": "rationalization_results/analogies/gpt2_attention_rollout",
            "device": "cuda",
            "rationalization_config": "config/eva_attention_rollout.json",
            "input_num_ratio": 1,
            "logfolder": "logs/analogies/gpt2_attention_rollout",
            "loglevel": 20
        },
        "time_elapsed": 0.014294862747192383
    }
}