{
    "$schema": "../docs/rationalization.schema.json",
    "id": 52,
    "input-text": [
        "When",
        " my",
        " flight",
        " landed",
        " in",
        " Iran",
        ",",
        " I",
        " converted",
        " my",
        " currency",
        " and",
        " slowly",
        " fell",
        " asleep",
        ".",
        " (",
        "I",
        " was",
        " behind",
        " on",
        " a",
        " couple",
        " of",
        " assignments",
        ",",
        " but",
        " I",
        " tried",
        " not",
        " to",
        " think",
        " about",
        " them",
        ").",
        " I",
        " was",
        " staying",
        " in",
        " the",
        " capital",
        ","
    ],
    "input-tokens": [
        2215,
        616,
        5474,
        11406,
        287,
        4068,
        11,
        314,
        11513,
        616,
        7395,
        290,
        6364,
        3214,
        16039,
        13,
        357,
        40,
        373,
        2157,
        319,
        257,
        3155,
        286,
        25815,
        11,
        475,
        314,
        3088,
        407,
        284,
        892,
        546,
        606,
        737,
        314,
        373,
        10589,
        287,
        262,
        3139,
        11
    ],
    "target-text": " Tehran",
    "target-token": 20882,
    "rational-size": 5,
    "rational-positions": [
        0,
        1,
        2,
        4,
        3
    ],
    "rational-text": [
        "When",
        " my",
        " flight",
        " in",
        " landed"
    ],
    "rational-tokens": [
        2215,
        616,
        5474,
        287,
        11406
    ],
    "importance-scores": [
        0.06217184290289879,
        0.02287411317229271,
        0.022874007001519203,
        0.022873956710100174,
        0.022873977199196815,
        0.022873923182487488,
        0.02287394553422928,
        0.022873887792229652,
        0.022873878479003906,
        0.022873861715197563,
        0.022873861715197563,
        0.022873874753713608,
        0.02287384495139122,
        0.02287384681403637,
        0.02287384681403637,
        0.02287387102842331,
        0.02287384681403637,
        0.022873831912875175,
        0.022873831912875175,
        0.022873826324939728,
        0.022873826324939728,
        0.02287382446229458,
        0.02287382073700428,
        0.02287382073700428,
        0.022873826324939728,
        0.022873826324939728,
        0.02287382259964943,
        0.02287382073700428,
        0.02287382073700428,
        0.02287381887435913,
        0.02287381887435913,
        0.02287381887435913,
        0.02287382073700428,
        0.02287381701171398,
        0.02287384495139122,
        0.02287382446229458,
        0.02287382259964943,
        0.02287382259964943,
        0.02287381701171398,
        0.022873815149068832,
        0.022873811423778534,
        0.022873809561133385
    ],
    "comments": {
        "created-by": "run_analogies.py",
        "args": {
            "model": "gpt2-medium",
            "cache_dir": "./cache/",
            "tokenizer": "gpt2-medium",
            "data_dir": "data/analogies/gpt2/",
            "importance_results_dir": "rationalization_results/analogies/gpt2_attention_rollout",
            "device": "cuda",
            "rationalization_config": "config/eva_attention_rollout.json",
            "input_num_ratio": 1,
            "logfolder": "logs/analogies/gpt2_attention_rollout",
            "loglevel": 20
        },
        "time_elapsed": 0.013555049896240234
    }
}