{
    "$schema": "../docs/rationalization.schema.json",
    "id": 71,
    "input-text": [
        "As",
        " soon",
        " as",
        " I",
        " arrived",
        " in",
        " Hawaii",
        ",",
        " I",
        " checked",
        " into",
        " my",
        " hotel",
        " and",
        " watched",
        " a",
        " movie",
        " before",
        " falling",
        " asleep",
        ".",
        " (",
        "I",
        " had",
        " a",
        " great",
        " call",
        " with",
        " my",
        " husband",
        ",",
        " although",
        " I",
        " wish",
        " it",
        " were",
        " longer",
        ").",
        " I",
        " was",
        " staying",
        " in",
        " my",
        " favorite",
        " city",
        ","
    ],
    "input-tokens": [
        1722,
        2582,
        355,
        314,
        5284,
        287,
        13708,
        11,
        314,
        10667,
        656,
        616,
        7541,
        290,
        7342,
        257,
        3807,
        878,
        7463,
        16039,
        13,
        357,
        40,
        550,
        257,
        1049,
        869,
        351,
        616,
        5229,
        11,
        3584,
        314,
        4601,
        340,
        547,
        2392,
        737,
        314,
        373,
        10589,
        287,
        616,
        4004,
        1748,
        11
    ],
    "target-text": " Honolulu",
    "target-token": 43296,
    "rational-size": 5,
    "rational-positions": [
        0,
        1,
        2,
        3,
        5
    ],
    "rational-text": [
        "As",
        " soon",
        " as",
        " I",
        " in"
    ],
    "rational-tokens": [
        1722,
        2582,
        355,
        314,
        287
    ],
    "importance-scores": [
        0.05695781111717224,
        0.020956765860319138,
        0.020956754684448242,
        0.02095665968954563,
        0.02095661871135235,
        0.020956622436642647,
        0.02095657028257847,
        0.020956603810191154,
        0.020956536754965782,
        0.020956525579094887,
        0.020956508815288544,
        0.0209564920514822,
        0.020956488326191902,
        0.020956508815288544,
        0.0209564920514822,
        0.020956484600901604,
        0.02095647342503071,
        0.020956477150321007,
        0.02095646783709526,
        0.02095646783709526,
        0.020956499502062798,
        0.02095647342503071,
        0.020956460386514664,
        0.020956458523869514,
        0.020956451073288918,
        0.02095644921064377,
        0.02095644921064377,
        0.02095644921064377,
        0.02095644548535347,
        0.02095644734799862,
        0.02095644921064377,
        0.02095644921064377,
        0.02095644362270832,
        0.02095644734799862,
        0.02095644362270832,
        0.02095644734799862,
        0.02095644362270832,
        0.020956475287675858,
        0.020956451073288918,
        0.02095644921064377,
        0.02095644734799862,
        0.02095644362270832,
        0.020956439897418022,
        0.020956439897418022,
        0.020956438034772873,
        0.020956436172127724
    ],
    "comments": {
        "created-by": "run_analogies.py",
        "args": {
            "model": "gpt2-medium",
            "cache_dir": "./cache/",
            "tokenizer": "gpt2-medium",
            "data_dir": "data/analogies/gpt2/",
            "importance_results_dir": "rationalization_results/analogies/gpt2_attention_rollout",
            "device": "cuda",
            "rationalization_config": "config/eva_attention_rollout.json",
            "input_num_ratio": 1,
            "logfolder": "logs/analogies/gpt2_attention_rollout",
            "loglevel": 20
        },
        "time_elapsed": 0.013740062713623047
    }
}