{
    "$schema": "../docs/rationalization.schema.json",
    "id": 81,
    "input-text": [
        "I",
        " knew",
        " it",
        " was",
        " bad",
        ",",
        " but",
        " that",
        "'s",
        " before",
        " I",
        " saw",
        " it",
        " in",
        " person",
        ".",
        " (",
        "Just",
        " then",
        " I",
        " thought",
        " about",
        " my",
        " ex",
        "-",
        "wife",
        ",",
        " but",
        " I",
        " had",
        " to",
        " stop",
        " thinking",
        " about",
        " her",
        ").",
        " When",
        " I",
        " did",
        " end",
        " up",
        " seeing",
        " it",
        " in",
        " person",
        ",",
        " it",
        " was",
        " even"
    ],
    "input-tokens": [
        40,
        2993,
        340,
        373,
        2089,
        11,
        475,
        326,
        338,
        878,
        314,
        2497,
        340,
        287,
        1048,
        13,
        357,
        5703,
        788,
        314,
        1807,
        546,
        616,
        409,
        12,
        22095,
        11,
        475,
        314,
        550,
        284,
        2245,
        3612,
        546,
        607,
        737,
        1649,
        314,
        750,
        886,
        510,
        4379,
        340,
        287,
        1048,
        11,
        340,
        373,
        772
    ],
    "target-text": " worse",
    "target-token": 4785,
    "rational-size": 5,
    "rational-positions": [
        0,
        1,
        2,
        3,
        5
    ],
    "rational-text": [
        "I",
        " knew",
        " it",
        " was",
        ","
    ],
    "rational-tokens": [
        40,
        2993,
        340,
        373,
        11
    ],
    "importance-scores": [
        0.05358882248401642,
        0.019717171788215637,
        0.01971706748008728,
        0.01971704512834549,
        0.019716976210474968,
        0.019717024639248848,
        0.01971697248518467,
        0.01971697062253952,
        0.019716942682862282,
        0.019716938957571983,
        0.019716918468475342,
        0.019716918468475342,
        0.01971689984202385,
        0.019716907292604446,
        0.01971689611673355,
        0.019716935232281685,
        0.019716907292604446,
        0.01971689611673355,
        0.019716881215572357,
        0.01971687562763691,
        0.01971687562763691,
        0.01971687562763691,
        0.019716870039701462,
        0.019716870039701462,
        0.019716864451766014,
        0.019716868177056313,
        0.01971687190234661,
        0.019716868177056313,
        0.019716860726475716,
        0.019716862589120865,
        0.019716862589120865,
        0.019716860726475716,
        0.019716862589120865,
        0.019716862589120865,
        0.019716858863830566,
        0.019716892391443253,
        0.01971687562763691,
        0.019716860726475716,
        0.019716858863830566,
        0.019716858863830566,
        0.019716857001185417,
        0.019716858863830566,
        0.019716855138540268,
        0.01971685327589512,
        0.01971685141324997,
        0.019716855138540268,
        0.01971685141324997,
        0.01971684955060482,
        0.01971684768795967
    ],
    "comments": {
        "created-by": "run_analogies.py",
        "args": {
            "model": "gpt2-medium",
            "cache_dir": "./cache/",
            "tokenizer": "gpt2-medium",
            "data_dir": "data/analogies/gpt2/",
            "importance_results_dir": "rationalization_results/analogies/gpt2_attention_rollout",
            "device": "cuda",
            "rationalization_config": "config/eva_attention_rollout.json",
            "input_num_ratio": 1,
            "logfolder": "logs/analogies/gpt2_attention_rollout",
            "loglevel": 20
        },
        "time_elapsed": 0.01395273208618164
    }
}