{
    "$schema": "../docs/rationalization.schema.json",
    "id": 94,
    "input-text": [
        "I",
        " knew",
        " it",
        " was",
        " strong",
        ",",
        " but",
        " that",
        "'s",
        " before",
        " I",
        " saw",
        " it",
        " in",
        " person",
        ".",
        " (",
        "Just",
        " then",
        " I",
        " thought",
        " about",
        " my",
        " ex",
        "-",
        "wife",
        ",",
        " but",
        " I",
        " had",
        " to",
        " stop",
        " thinking",
        " about",
        " her",
        ").",
        " When",
        " I",
        " did",
        " end",
        " up",
        " seeing",
        " it",
        " in",
        " person",
        ",",
        " it",
        " was",
        " even"
    ],
    "input-tokens": [
        40,
        2993,
        340,
        373,
        1913,
        11,
        475,
        326,
        338,
        878,
        314,
        2497,
        340,
        287,
        1048,
        13,
        357,
        5703,
        788,
        314,
        1807,
        546,
        616,
        409,
        12,
        22095,
        11,
        475,
        314,
        550,
        284,
        2245,
        3612,
        546,
        607,
        737,
        1649,
        314,
        750,
        886,
        510,
        4379,
        340,
        287,
        1048,
        11,
        340,
        373,
        772
    ],
    "target-text": " stronger",
    "target-token": 7387,
    "rational-size": 5,
    "rational-positions": [
        0,
        1,
        2,
        3,
        5
    ],
    "rational-text": [
        "I",
        " knew",
        " it",
        " was",
        ","
    ],
    "rational-tokens": [
        40,
        2993,
        340,
        373,
        11
    ],
    "importance-scores": [
        0.0535888709127903,
        0.019717175513505936,
        0.019717063754796982,
        0.01971704140305519,
        0.019716979935765266,
        0.01971701718866825,
        0.019716966897249222,
        0.019716963171958923,
        0.019716937094926834,
        0.019716933369636536,
        0.019716912880539894,
        0.019716912880539894,
        0.01971689611673355,
        0.019716901704669,
        0.019716894254088402,
        0.019716929644346237,
        0.019716901704669,
        0.019716892391443253,
        0.01971687749028206,
        0.01971687376499176,
        0.01971687190234661,
        0.01971687190234661,
        0.019716864451766014,
        0.019716868177056313,
        0.019716862589120865,
        0.019716864451766014,
        0.019716870039701462,
        0.019716864451766014,
        0.019716858863830566,
        0.019716860726475716,
        0.019716860726475716,
        0.019716858863830566,
        0.019716860726475716,
        0.019716860726475716,
        0.019716857001185417,
        0.019716888666152954,
        0.01971687376499176,
        0.019716858863830566,
        0.019716857001185417,
        0.019716857001185417,
        0.01971685327589512,
        0.019716857001185417,
        0.01971685141324997,
        0.01971685141324997,
        0.01971684955060482,
        0.01971685141324997,
        0.01971684955060482,
        0.01971684768795967,
        0.019716843962669373
    ],
    "comments": {
        "created-by": "run_analogies.py",
        "args": {
            "model": "gpt2-medium",
            "cache_dir": "./cache/",
            "tokenizer": "gpt2-medium",
            "data_dir": "data/analogies/gpt2/",
            "importance_results_dir": "rationalization_results/analogies/gpt2_attention_rollout",
            "device": "cuda",
            "rationalization_config": "config/eva_attention_rollout.json",
            "input_num_ratio": 1,
            "logfolder": "logs/analogies/gpt2_attention_rollout",
            "loglevel": 20
        },
        "time_elapsed": 0.014444828033447266
    }
}