{
    "$schema": "../docs/rationalization.schema.json",
    "id": 95,
    "input-text": [
        "I",
        " knew",
        " it",
        " was",
        " tall",
        ",",
        " but",
        " that",
        "'s",
        " before",
        " I",
        " saw",
        " it",
        " in",
        " person",
        ".",
        " (",
        "Just",
        " then",
        " I",
        " thought",
        " about",
        " my",
        " ex",
        "-",
        "wife",
        ",",
        " but",
        " I",
        " had",
        " to",
        " stop",
        " thinking",
        " about",
        " her",
        ").",
        " When",
        " I",
        " did",
        " end",
        " up",
        " seeing",
        " it",
        " in",
        " person",
        ",",
        " it",
        " was",
        " even"
    ],
    "input-tokens": [
        40,
        2993,
        340,
        373,
        7331,
        11,
        475,
        326,
        338,
        878,
        314,
        2497,
        340,
        287,
        1048,
        13,
        357,
        5703,
        788,
        314,
        1807,
        546,
        616,
        409,
        12,
        22095,
        11,
        475,
        314,
        550,
        284,
        2245,
        3612,
        546,
        607,
        737,
        1649,
        314,
        750,
        886,
        510,
        4379,
        340,
        287,
        1048,
        11,
        340,
        373,
        772
    ],
    "target-text": " taller",
    "target-token": 25242,
    "rational-size": 5,
    "rational-positions": [
        0,
        1,
        2,
        3,
        5
    ],
    "rational-text": [
        "I",
        " knew",
        " it",
        " was",
        ","
    ],
    "rational-tokens": [
        40,
        2993,
        340,
        373,
        11
    ],
    "importance-scores": [
        0.05358937010169029,
        0.019717151299118996,
        0.019717052578926086,
        0.019717030227184296,
        0.01971697248518467,
        0.01971699669957161,
        0.019716951996088028,
        0.01971694827079773,
        0.01971692219376564,
        0.01971692033112049,
        0.019716901704669,
        0.019716901704669,
        0.019716886803507805,
        0.019716892391443253,
        0.019716883078217506,
        0.019716916605830193,
        0.019716892391443253,
        0.019716883078217506,
        0.019716870039701462,
        0.019716866314411163,
        0.019716864451766014,
        0.019716864451766014,
        0.019716857001185417,
        0.019716860726475716,
        0.019716855138540268,
        0.019716857001185417,
        0.019716860726475716,
        0.019716857001185417,
        0.01971685141324997,
        0.01971685327589512,
        0.01971685141324997,
        0.01971685141324997,
        0.01971685141324997,
        0.01971685327589512,
        0.01971684955060482,
        0.019716881215572357,
        0.019716868177056313,
        0.01971685141324997,
        0.01971684955060482,
        0.01971684955060482,
        0.01971684955060482,
        0.01971684955060482,
        0.019716845825314522,
        0.019716843962669373,
        0.019716840237379074,
        0.019716845825314522,
        0.019716842100024223,
        0.019716840237379074,
        0.019716838374733925
    ],
    "comments": {
        "created-by": "run_analogies.py",
        "args": {
            "model": "gpt2-medium",
            "cache_dir": "./cache/",
            "tokenizer": "gpt2-medium",
            "data_dir": "data/analogies/gpt2/",
            "importance_results_dir": "rationalization_results/analogies/gpt2_attention_rollout",
            "device": "cuda",
            "rationalization_config": "config/eva_attention_rollout.json",
            "input_num_ratio": 1,
            "logfolder": "logs/analogies/gpt2_attention_rollout",
            "loglevel": 20
        },
        "time_elapsed": 0.014478445053100586
    }
}