target_pos,target_token,norm_suff,random_suff,norm_comp,random_comp
33, in,0.0,0.014907732605934143,0.0366453118622303,0.04111497104167938
35, in,0.10568458586931229,0.13565987348556519,0.06461773067712784,0.03127797693014145
37, United,0.0003170237469021231,0.004625488072633743,0.00300694745965302,0.005977978464215994
39,.,0.013665279373526573,0.0,0.012378680519759655,0.04015841707587242
41, is,0.03373608738183975,0.032072003930807114,0.025735685601830482,0.029409781098365784
