norm_suff_mean,random_suff_mean,norm_comp_mean,random_comp_mean,final suff,final comp,target_tokens
0.030680596828460693,0.037453021854162216,0.02847686968743801,0.029587823897600174,0.8191754817962646,0.9643822908401489, in$ in$ United$.$ is
