target_pos,target_token,norm_suff,random_suff,norm_comp,random_comp
17, in,0.0939415842294693,0.08023157715797424,0.04920778423547745,0.03304121270775795
19,75,0.0065167066641151905,0.0,0.031513091176748276,0.024905674159526825
21, and,0.04069255664944649,0.0,0.04486935958266258,0.03221588954329491
23, located,0.028489207848906517,0.0,0.035369645804166794,0.024810170754790306
25, Ottawa,0.017898738384246826,0.011604043655097485,0.044610410928726196,0.012809358537197113
