norm_suff_mean,random_suff_mean,norm_comp_mean,random_comp_mean,final suff,final comp,target_tokens
0.037507761269807816,0.01836712472140789,0.04111405834555626,0.02555646002292633,2.042114019393921,0.6813645958900452, in$75$ and$ located$ Ottawa
