target_pos,target_token,norm_suff,random_suff,norm_comp,random_comp
15, or,0.0,0.06022290885448456,0.08096158504486084,0.04578596353530884
17,com,0.07213152199983597,0.04370822012424469,0.21524272859096527,0.2434268295764923
19,.,0.036254025995731354,0.0,0.038724545389413834,0.05432817339897156
21, genus,0.0,0.0,0.0884067639708519,0.05036141723394394
23,ill,0.01950814388692379,0.00727890757843852,0.007456268649548292,0.004886708687990904
