norm_suff_mean,random_suff_mean,norm_comp_mean,random_comp_mean,final suff,final comp,target_tokens
0.025578737258911133,0.02224200777709484,0.0861583799123764,0.07975782454013824,1.1500192880630493,3.1181299686431885, or$com$.$ genus$ill
