target_pos,target_token,norm_suff,random_suff,norm_comp,random_comp
20, and,0.0,0.029823068529367447,0.04341834411025047,0.03304838016629219
22, pr,0.0,0.0,0.11774132400751114,0.045926839113235474
24, of,0.01894177496433258,0.09035420417785645,0.03848842531442642,0.02160630188882351
26, Ecc,0.0,0.008243384771049023,0.07119300961494446,0.1234874352812767
28, Province,0.0005277565214782953,0.0,0.031620774418115616,0.009630261920392513
