norm_suff_mean,random_suff_mean,norm_comp_mean,random_comp_mean,final suff,final comp,target_tokens
0.0038939062505960464,0.025684131309390068,0.0604923740029335,0.0467398427426815,0.1516074687242508,12.00333023071289, and$ pr$ of$ Ecc$ Province
