target_pos,target_token,norm_suff,random_suff,norm_comp,random_comp
21, (,0.05016130208969116,0.034354545176029205,0.1801416277885437,0.035353317856788635
23,",",0.04266452044248581,0.0,0.012200343422591686,0.0035242752637714148
25, km,0.007708839140832424,0.004810000769793987,0.03475963696837425,0.044114965945482254
27, west,0.002492370083928108,0.012432852759957314,0.03863345459103584,0.08161508291959763
29, the,0.0,0.01608274132013321,0.02839336171746254,0.10149262100458145
