norm_suff_mean,random_suff_mean,norm_comp_mean,random_comp_mean,final suff,final comp,target_tokens
0.020605405792593956,0.013536027632653713,0.05882568284869194,0.05322005972266197,1.5222638845443726,2.582820177078247," ($,$ km$ west$ the"
