target_pos,target_token,norm_suff,random_suff,norm_comp,random_comp
25, by,0.0300370492041111,0.00906062126159668,0.04370759800076485,0.039982497692108154
27, B,0.05237135291099548,0.023847205564379692,0.09119553118944168,0.04714477062225342
29,en,0.014181459322571754,0.007694525644183159,0.12298352271318436,0.005537308752536774
31, Mel,0.0007295856485143304,0.0,0.23196730017662048,0.05787759646773338
33, Wall,0.0012881126021966338,0.002713788766413927,0.7731021642684937,0.051714424043893814
