norm_suff_mean,random_suff_mean,norm_comp_mean,random_comp_mean,final suff,final comp,target_tokens
0.019721513614058495,0.008663228712975979,0.25259122252464294,0.04045131802558899,2.2764623165130615,2.051126480102539, by$ B$en$ Mel$ Wall
