target_pos,target_token,norm_suff,random_suff,norm_comp,random_comp
21, by,0.01303750742226839,0.0004702138830907643,0.2628951072692871,0.021115077659487724
23, American,0.0,0.0,0.09508683532476425,0.05126829817891121
25, industry,0.03296460211277008,0.005559746641665697,0.08449725061655045,0.14890100061893463
27, It,0.0,0.0,0.079061359167099,0.03859666362404823
29, given,0.004051477648317814,0.004887554794549942,0.13805028796195984,0.04709460586309433
