norm_suff_mean,random_suff_mean,norm_comp_mean,random_comp_mean,final suff,final comp,target_tokens
0.010010718367993832,0.0021835032384842634,0.13191817700862885,0.06139513477683067,4.584704875946045,6.13293981552124, by$ American$ industry$ It$ given
