target_pos,target_token,norm_suff,random_suff,norm_comp,random_comp
27, The,0.020024767145514488,0.0048310779966413975,0.036638978868722916,0.023649439215660095
29,eng,0.08913208544254303,0.00796267669647932,0.07047125697135925,0.011366721242666245
31, period,0.07048448920249939,0.0016902858624234796,0.20030832290649414,0.06813538819551468
33, a,0.03290848061442375,0.003874023910611868,0.034253258258104324,0.03598828613758087
35, of,0.039146456867456436,0.0,0.03539648279547691,0.006586621981114149
