norm_suff_mean,random_suff_mean,norm_comp_mean,random_comp_mean,final suff,final comp,target_tokens
0.05033925920724869,0.0036716130562126637,0.07541365921497345,0.029145291075110435,13.710392951965332,0.5789773464202881, The$eng$ period$ a$ of
