target_pos,target_token,norm_suff,random_suff,norm_comp,random_comp
17, at,0.049250442534685135,0.0597526840865612,0.04341365396976471,0.03746991977095604
19, top,0.0,0.005329555831849575,0.03536994010210037,0.030765283852815628
21, the,0.04149026423692703,0.019020264968276024,0.04618002474308014,0.09258975833654404
23, social,0.010984908789396286,0.014186033979058266,0.031570613384246826,0.055766716599464417
25,.,0.10935923457145691,0.014860700815916061,0.011339605785906315,0.011345534585416317
