norm_suff_mean,random_suff_mean,norm_comp_mean,random_comp_mean,final suff,final comp,target_tokens
0.04221696779131889,0.02262984775006771,0.03357476741075516,0.0455874428153038,1.8655436038970947,1.0798369646072388, at$ top$ the$ social$.
