target_pos,target_token,norm_suff,random_suff,norm_comp,random_comp
16, is,0.06330035626888275,0.0,0.11046522855758667,0.0851205512881279
18, species,0.0,0.006191684398800135,0.04479093849658966,0.02982855774462223
20, lobster,0.013813558965921402,0.008862709626555443,0.0819469690322876,0.09113261103630066
22, the,0.002191436942666769,0.03205418214201927,0.006040156353265047,0.0061708190478384495
24, Neph,0.029326336458325386,0.021070752292871475,0.07379956543445587,0.11575734615325928
