norm_suff_mean,random_suff_mean,norm_comp_mean,random_comp_mean,final suff,final comp,target_tokens
0.02172633819282055,0.013635865412652493,0.06340857595205307,0.06560198217630386,1.593322992324829,3.019468069076538, is$ species$ lobster$ the$ Neph
