target_pos,target_token,norm_suff,random_suff,norm_comp,random_comp
12, They,0.007290794979780912,0.03860973194241524,0.08969539403915405,0.05338308587670326
14, used,0.0,0.0,0.081593357026577,0.03643590211868286
16, cooking,0.0,0.059470776468515396,0.12047702819108963,0.060064494609832764
18, as,0.01672361046075821,0.0,0.05401606112718582,0.06614549458026886
20, lubric,0.0,0.025080634281039238,0.19979344308376312,0.042975522577762604
