norm_suff_mean,random_suff_mean,norm_comp_mean,random_comp_mean,final suff,final comp,target_tokens
0.004802881274372339,0.024632228538393974,0.10911506414413452,0.05180090293288231,0.19498363137245178,10.785380363464355, They$ used$ cooking$ as$ lubric
