target_pos,target_token,norm_suff,random_suff,norm_comp,random_comp
20, until,0.02525055967271328,0.04826300963759422,0.10228902846574783,0.01951078325510025
22, French,0.0,0.0,0.03666439279913902,0.05014174059033394
24, in,0.0,0.1858692765235901,0.11692437529563904,0.059716321527957916
26,89,0.004216726869344711,0.0,0.0778539851307869,0.03930250555276871
28, The,0.0,0.0,0.022784532979130745,0.021219242364168167
