norm_suff_mean,random_suff_mean,norm_comp_mean,random_comp_mean,final suff,final comp,target_tokens
0.005893457215279341,0.04682645946741104,0.07130326330661774,0.037978120148181915,0.125857412815094,6.44411563873291, until$ French$ in$89$ The
