target_pos,target_token,norm_suff,random_suff,norm_comp,random_comp
15, who,0.0,0.06188180670142174,0.18325956165790558,0.0856751948595047
17, appeared,0.0,0.009292942471802235,0.03960573300719261,0.02635812945663929
19, many,0.0,0.0289151668548584,0.023726511746644974,0.048892173916101456
21, television,0.005823995918035507,0.030328286811709404,0.048046085983514786,0.027750952169299126
23, and,0.08277905732393265,0.021771637722849846,0.07457135617733002,0.026781970635056496
