norm_suff_mean,random_suff_mean,norm_comp_mean,random_comp_mean,final suff,final comp,target_tokens
0.01772060990333557,0.030437970533967018,0.07384185492992401,0.04309168457984924,0.5821876525878906,2.4317269325256348, who$ appeared$ many$ television$ and
