target_pos,target_token,norm_suff,random_suff,norm_comp,random_comp
15, developed,0.0,0.057240478694438934,0.03670898452401161,0.05286497622728348
17, published,0.0056219701655209064,0.005896460264921188,0.011604663915932178,0.015909332782030106
19, Nintendo,0.0,0.0008754502632655203,0.43996745347976685,0.08624051511287689
21, the,0.0,0.006139892153441906,0.009539449587464333,0.01486150361597538
23, Boy,0.016437597572803497,0.0,0.024849284440279007,0.024471282958984375
