norm_suff_mean,random_suff_mean,norm_comp_mean,random_comp_mean,final suff,final comp,target_tokens
0.004411913454532623,0.014030455611646175,0.10453397035598755,0.038869526237249374,0.3144526183605194,8.810129165649414, developed$ published$ Nintendo$ the$ Boy
