target_pos,target_token,norm_suff,random_suff,norm_comp,random_comp
24, of,0.037875741720199585,0.03235405310988426,0.07624533027410507,0.03969907760620117
26, Mint,0.006266884971410036,0.002579363761469722,0.2630784511566162,0.05838504433631897
28, 18,0.012041850946843624,0.009211394004523754,0.032973162829875946,0.06657935678958893
30, to,0.013873799704015255,0.01272309385240078,0.01720390096306801,0.009006662294268608
32,.,0.21637818217277527,0.11526822298765182,0.011351232416927814,0.03757842630147934
