norm_suff_mean,random_suff_mean,norm_comp_mean,random_comp_mean,final suff,final comp,target_tokens
0.057287294417619705,0.0344272255897522,0.0801704153418541,0.04224971681833267,1.6640113592147827,0.7375059127807617, of$ Mint$ 18$ to$.
