target_pos,target_token,norm_suff,random_suff,norm_comp,random_comp
11, and,0.012516310438513756,0.09217260032892227,0.05435730516910553,0.034954365342855453
13, the,0.0,0.0,0.05551772564649582,0.0280255489051342
15, program,0.0,0.0,0.08098025619983673,0.12866193056106567
17, scientific,0.05311346426606178,0.0,0.17576052248477936,0.1360856145620346
19,.,0.0901675671339035,0.0,0.06070547178387642,0.05326263606548309
