norm_suff_mean,random_suff_mean,norm_comp_mean,random_comp_mean,final suff,final comp,target_tokens
0.031159469857811928,0.018434520810842514,0.08546426147222519,0.0761980265378952,1.6902782917022705,2.4454212188720703, and$ the$ program$ scientific$.
