target_pos,target_token,norm_suff,random_suff,norm_comp,random_comp
20, thick,0.0,0.022247284650802612,0.28729039430618286,0.1685740053653717
22, The,0.009799434803426266,0.06112465634942055,0.027396196499466896,0.015569196082651615
24, is,0.05694614350795746,0.023946858942508698,0.034822601824998856,0.04306992143392563
26, to,0.13098673522472382,0.0,0.030929813161492348,0.03478493541479111
28, a,0.011410316452383995,0.030750803649425507,0.04170427471399307,0.030570445582270622
