norm_suff_mean,random_suff_mean,norm_comp_mean,random_comp_mean,final suff,final comp,target_tokens
0.04182852432131767,0.027613921090960503,0.08442866057157516,0.05851370096206665,1.5147621631622314,1.3988946676254272, thick$ The$ is$ to$ a
