target_pos,target_token,norm_suff,random_suff,norm_comp,random_comp
21, for,0.009512996301054955,0.0,0.06589816510677338,0.045749686658382416
23, Los,0.0,0.0,0.09684054553508759,0.0362052284181118
25, Dodgers,0.004850439727306366,0.006286364048719406,0.02155863679945469,0.007266819942742586
27, Major,0.0006614570156671107,0.0008647430804558098,0.023321742191910744,0.014510027132928371
29, Baseball,0.0022745064925402403,0.0026062328834086657,0.002048941794782877,0.001082856091670692
