norm_suff_mean,random_suff_mean,norm_comp_mean,random_comp_mean,final suff,final comp,target_tokens
0.003459879895672202,0.0019514680607244372,0.041933607310056686,0.020962923765182495,1.7729625701904297,6.058858871459961, for$ Los$ Dodgers$ Major$ Baseball
