{
    "$schema": "../docs/rationalization.schema.json",
    "id": 105,
    "input-text": [
        "I",
        " thought",
        " it",
        " would",
        " be",
        " the",
        " hottest",
        " thing",
        " I",
        "'d",
        " ever",
        " encounter",
        ".",
        " (",
        "I",
        " tried",
        " to",
        " ignore",
        " my",
        " phone",
        " vibr",
        "ating",
        " in",
        " my",
        " pocket",
        ").",
        " But",
        " when",
        " I",
        " did",
        " end",
        " up",
        " encountering",
        " it",
        ",",
        " it",
        " turned",
        " out",
        " it",
        " wasn",
        "'t",
        " so"
    ],
    "input-tokens": [
        40,
        1807,
        340,
        561,
        307,
        262,
        26896,
        1517,
        314,
        1549,
        1683,
        8791,
        13,
        357,
        40,
        3088,
        284,
        8856,
        616,
        3072,
        12611,
        803,
        287,
        616,
        10000,
        737,
        887,
        618,
        314,
        750,
        886,
        510,
        42398,
        340,
        11,
        340,
        2900,
        503,
        340,
        2492,
        470,
        523
    ],
    "target-text": " hot",
    "target-token": 3024,
    "rational-size": 5,
    "rational-positions": [
        41,
        37,
        20,
        38,
        0
    ],
    "rational-text": [
        " so",
        " out",
        " vibr",
        " it",
        "I"
    ],
    "rational-tokens": [
        523,
        503,
        12611,
        340,
        40
    ],
    "importance-scores": [
        0.023911789059638977,
        0.0235588401556015,
        0.02381499484181404,
        0.023707685992121696,
        0.02381075918674469,
        0.02375979907810688,
        0.02350841462612152,
        0.02375781536102295,
        0.023764677345752716,
        0.02380608767271042,
        0.023752933368086815,
        0.023606833070516586,
        0.023781612515449524,
        0.0237424373626709,
        0.023781150579452515,
        0.02387576922774315,
        0.023819195106625557,
        0.023750238120555878,
        0.023785430938005447,
        0.023766150698065758,
        0.02393452823162079,
        0.023844094946980476,
        0.02383570931851864,
        0.023814711719751358,
        0.02377895824611187,
        0.02386353723704815,
        0.023792285472154617,
        0.023817749693989754,
        0.023879796266555786,
        0.02386731468141079,
        0.023883020505309105,
        0.023853005841374397,
        0.023859916254878044,
        0.023756802082061768,
        0.02383158914744854,
        0.023807771503925323,
        0.023800665512681007,
        0.023957611992955208,
        0.023922959342598915,
        0.023825639858841896,
        0.023733550682663918,
        0.024276141077280045
    ],
    "comments": {
        "created-by": "run_analogies.py",
        "args": {
            "model": "gpt2-medium",
            "cache_dir": "cache/",
            "tokenizer": "gpt2-medium",
            "data_dir": "data/analogies/gpt2/",
            "importance_results_dir": "rationalization_results/analogies/gpt2_signed",
            "device": "cuda",
            "rationalization_config": "config/eva_signed.json",
            "input_num_ratio": 1,
            "logfolder": "logs/analogies/gpt2_signed",
            "loglevel": 20
        },
        "time_elapsed": 0.029732465744018555
    }
}