{
    "$schema": "../docs/rationalization.schema.json",
    "id": 109,
    "input-text": [
        "I",
        " thought",
        " it",
        " would",
        " be",
        " the",
        " shortest",
        " thing",
        " I",
        "'d",
        " ever",
        " encounter",
        ".",
        " (",
        "I",
        " tried",
        " to",
        " ignore",
        " my",
        " phone",
        " vibr",
        "ating",
        " in",
        " my",
        " pocket",
        ").",
        " But",
        " when",
        " I",
        " did",
        " end",
        " up",
        " encountering",
        " it",
        ",",
        " it",
        " turned",
        " out",
        " it",
        " wasn",
        "'t",
        " so"
    ],
    "input-tokens": [
        40,
        1807,
        340,
        561,
        307,
        262,
        35581,
        1517,
        314,
        1549,
        1683,
        8791,
        13,
        357,
        40,
        3088,
        284,
        8856,
        616,
        3072,
        12611,
        803,
        287,
        616,
        10000,
        737,
        887,
        618,
        314,
        750,
        886,
        510,
        42398,
        340,
        11,
        340,
        2900,
        503,
        340,
        2492,
        470,
        523
    ],
    "target-text": " short",
    "target-token": 1790,
    "rational-size": 5,
    "rational-positions": [
        6,
        20,
        11,
        0,
        41
    ],
    "rational-text": [
        " shortest",
        " vibr",
        " encounter",
        "I",
        " so"
    ],
    "rational-tokens": [
        35581,
        12611,
        8791,
        40,
        523
    ],
    "importance-scores": [
        0.024314582347869873,
        0.022291138768196106,
        0.02355586178600788,
        0.022959843277931213,
        0.02361193671822548,
        0.023284276947379112,
        0.029308725148439407,
        0.02406640723347664,
        0.023629413917660713,
        0.023951489478349686,
        0.02364344336092472,
        0.024549132212996483,
        0.023768307641148567,
        0.02328144945204258,
        0.023531464859843254,
        0.02394905313849449,
        0.023624498397111893,
        0.023297931998968124,
        0.023595724254846573,
        0.023445909842848778,
        0.02461664006114006,
        0.023780768737196922,
        0.023774828761816025,
        0.023736165836453438,
        0.023389458656311035,
        0.02331855706870556,
        0.023478422313928604,
        0.023630104959011078,
        0.024255232885479927,
        0.023840676993131638,
        0.0238497257232666,
        0.02375205233693123,
        0.02321815863251686,
        0.02403826266527176,
        0.023836936801671982,
        0.023699913173913956,
        0.02370743826031685,
        0.02417873963713646,
        0.023612961173057556,
        0.023256221786141396,
        0.02310796082019806,
        0.02426016330718994
    ],
    "comments": {
        "created-by": "run_analogies.py",
        "args": {
            "model": "gpt2-medium",
            "cache_dir": "cache/",
            "tokenizer": "gpt2-medium",
            "data_dir": "data/analogies/gpt2/",
            "importance_results_dir": "rationalization_results/analogies/gpt2_signed",
            "device": "cuda",
            "rationalization_config": "config/eva_signed.json",
            "input_num_ratio": 1,
            "logfolder": "logs/analogies/gpt2_signed",
            "loglevel": 20
        },
        "time_elapsed": 0.02988600730895996
    }
}