{
    "$schema": "../docs/rationalization.schema.json",
    "id": 13,
    "input-text": [
        "When",
        " my",
        " flight",
        " landed",
        " in",
        " Russia",
        ",",
        " I",
        " converted",
        " my",
        " currency",
        " and",
        " slowly",
        " fell",
        " asleep",
        ".",
        " (",
        "I",
        " had",
        " a",
        " terrifying",
        " dream",
        " about",
        " my",
        " grandmother",
        ",",
        " but",
        " that",
        "'s",
        " a",
        " story",
        " for",
        " another",
        " time",
        ").",
        " I",
        " was",
        " staying",
        " in",
        " the",
        " capital",
        ","
    ],
    "input-tokens": [
        2215,
        616,
        5474,
        11406,
        287,
        3284,
        11,
        314,
        11513,
        616,
        7395,
        290,
        6364,
        3214,
        16039,
        13,
        357,
        40,
        550,
        257,
        17623,
        4320,
        546,
        616,
        18410,
        11,
        475,
        326,
        338,
        257,
        1621,
        329,
        1194,
        640,
        737,
        314,
        373,
        10589,
        287,
        262,
        3139,
        11
    ],
    "target-text": " Moscow",
    "target-token": 9070,
    "rational-size": 5,
    "rational-positions": [
        40,
        2,
        15,
        41,
        6
    ],
    "rational-text": [
        " capital",
        " flight",
        ".",
        ",",
        ","
    ],
    "rational-tokens": [
        3139,
        5474,
        13,
        11,
        11
    ],
    "importance-scores": [
        0.023509396240115166,
        0.02352038398385048,
        0.024675337597727776,
        0.02393246442079544,
        0.024096159264445305,
        0.022241536527872086,
        0.024217359721660614,
        0.023758484050631523,
        0.024105211719870567,
        0.023555202409625053,
        0.02326272241771221,
        0.02378627099096775,
        0.023811055347323418,
        0.02387111261487007,
        0.023708276450634003,
        0.024326832965016365,
        0.023906240239739418,
        0.023796165362000465,
        0.023576365783810616,
        0.02380279079079628,
        0.02373191900551319,
        0.023759182542562485,
        0.023752180859446526,
        0.023556053638458252,
        0.02379319630563259,
        0.02377806045114994,
        0.023782510310411453,
        0.023717977106571198,
        0.0237337127327919,
        0.023777220398187637,
        0.023486491292715073,
        0.023758569732308388,
        0.02387869358062744,
        0.02373272366821766,
        0.023488923907279968,
        0.023972999304533005,
        0.022894209250807762,
        0.023205919191241264,
        0.023312386125326157,
        0.0235254168510437,
        0.027612078934907913,
        0.024290161207318306
    ],
    "comments": {
        "created-by": "run_analogies.py",
        "args": {
            "model": "gpt2-medium",
            "cache_dir": "cache/",
            "tokenizer": "gpt2-medium",
            "data_dir": "data/analogies/gpt2/",
            "importance_results_dir": "rationalization_results/analogies/gpt2_signed",
            "device": "cuda",
            "rationalization_config": "config/eva_signed.json",
            "input_num_ratio": 1,
            "logfolder": "logs/analogies/gpt2_signed",
            "loglevel": 20
        },
        "time_elapsed": 0.029285430908203125
    }
}