{
    "$schema": "../docs/rationalization.schema.json",
    "id": 139,
    "input-text": [
        "I",
        " had",
        " never",
        " been",
        " friends",
        " with",
        " any",
        " Polish",
        " people",
        " before",
        ".",
        " (",
        "The",
        " funn",
        "iest",
        " thing",
        " happened",
        " to",
        " me",
        " the",
        " other",
        " day",
        ",",
        " but",
        " that",
        "'s",
        " a",
        " story",
        " for",
        " another",
        " time",
        ").",
        " In",
        " fact",
        ",",
        " I",
        " had",
        " never",
        " even",
        " been",
        " to"
    ],
    "input-tokens": [
        40,
        550,
        1239,
        587,
        2460,
        351,
        597,
        15945,
        661,
        878,
        13,
        357,
        464,
        36090,
        6386,
        1517,
        3022,
        284,
        502,
        262,
        584,
        1110,
        11,
        475,
        326,
        338,
        257,
        1621,
        329,
        1194,
        640,
        737,
        554,
        1109,
        11,
        314,
        550,
        1239,
        772,
        587,
        284
    ],
    "target-text": " Poland",
    "target-token": 12873,
    "rational-size": 5,
    "rational-positions": [
        10,
        36,
        8,
        35,
        11
    ],
    "rational-text": [
        ".",
        " had",
        " people",
        " I",
        " ("
    ],
    "rational-tokens": [
        13,
        550,
        661,
        314,
        357
    ],
    "importance-scores": [
        0.024324601516127586,
        0.024381021037697792,
        0.02440429851412773,
        0.024339819326996803,
        0.024372046813368797,
        0.02421230636537075,
        0.024371014907956123,
        0.023489100858569145,
        0.024502595886588097,
        0.024322476238012314,
        0.024772126227617264,
        0.02449408732354641,
        0.024392465129494667,
        0.02441641502082348,
        0.024425216019153595,
        0.024447578936815262,
        0.024427922442555428,
        0.02441992424428463,
        0.024388305842876434,
        0.024418052285909653,
        0.02438933402299881,
        0.02443588897585869,
        0.024449199438095093,
        0.024393778294324875,
        0.02443486824631691,
        0.0244167260825634,
        0.0244204793125391,
        0.02441345527768135,
        0.024413110688328743,
        0.02443080209195614,
        0.024439794942736626,
        0.024418344721198082,
        0.024424288421869278,
        0.024381665512919426,
        0.024490898475050926,
        0.024502044543623924,
        0.024529488757252693,
        0.024454427883028984,
        0.024184450507164,
        0.024244187399744987,
        0.024411316961050034
    ],
    "comments": {
        "created-by": "run_analogies.py",
        "args": {
            "model": "gpt2-medium",
            "cache_dir": "cache/",
            "tokenizer": "gpt2-medium",
            "data_dir": "data/analogies/gpt2/",
            "importance_results_dir": "rationalization_results/analogies/gpt2_signed",
            "device": "cuda",
            "rationalization_config": "config/eva_signed.json",
            "input_num_ratio": 1,
            "logfolder": "logs/analogies/gpt2_signed",
            "loglevel": 20
        },
        "time_elapsed": 0.030524253845214844
    }
}