{
    "$schema": "../docs/rationalization.schema.json",
    "id": 151,
    "input-text": [
        "I",
        " really",
        " wanted",
        " to",
        " buy",
        " the",
        " computer",
        ",",
        " more",
        " than",
        " I",
        " ever",
        " wanted",
        " to",
        " buy",
        " anything",
        " before",
        ".",
        " (",
        "I",
        " was",
        " also",
        " behind",
        " on",
        " my",
        " homework",
        ",",
        " but",
        " that",
        "'s",
        " another",
        " story",
        ").",
        " So",
        " I",
        " went",
        " to",
        " the",
        " store",
        " and",
        " asked",
        " if",
        " they",
        " had",
        " any"
    ],
    "input-tokens": [
        40,
        1107,
        2227,
        284,
        2822,
        262,
        3644,
        11,
        517,
        621,
        314,
        1683,
        2227,
        284,
        2822,
        1997,
        878,
        13,
        357,
        40,
        373,
        635,
        2157,
        319,
        616,
        26131,
        11,
        475,
        326,
        338,
        1194,
        1621,
        737,
        1406,
        314,
        1816,
        284,
        262,
        3650,
        290,
        1965,
        611,
        484,
        550,
        597
    ],
    "target-text": " computers",
    "target-token": 9061,
    "rational-size": 5,
    "rational-positions": [
        6,
        44,
        7,
        43,
        42
    ],
    "rational-text": [
        " computer",
        " any",
        ",",
        " had",
        " they"
    ],
    "rational-tokens": [
        3644,
        597,
        11,
        550,
        484
    ],
    "importance-scores": [
        0.022509468719363213,
        0.021575024351477623,
        0.02204951085150242,
        0.022006306797266006,
        0.02142636477947235,
        0.02198888175189495,
        0.025127561762928963,
        0.022892916575074196,
        0.022169247269630432,
        0.022214364260435104,
        0.021760480478405952,
        0.02228611893951893,
        0.02232462540268898,
        0.02220216952264309,
        0.02189742587506771,
        0.022219721227884293,
        0.022209109738469124,
        0.022212691605091095,
        0.021730052307248116,
        0.022224396467208862,
        0.022183679044246674,
        0.02221803553402424,
        0.02212126925587654,
        0.022229274734854698,
        0.022134315222501755,
        0.021574847400188446,
        0.022273404523730278,
        0.022139962762594223,
        0.02222953550517559,
        0.022303452715277672,
        0.022195549681782722,
        0.021986668929457664,
        0.02215871773660183,
        0.022316019982099533,
        0.021912718191742897,
        0.022219741716980934,
        0.022111527621746063,
        0.022479135543107986,
        0.02151031792163849,
        0.022053206339478493,
        0.022091198712587357,
        0.022193854674696922,
        0.022604255005717278,
        0.02268275059759617,
        0.023050080984830856
    ],
    "comments": {
        "created-by": "run_analogies.py",
        "args": {
            "model": "gpt2-medium",
            "cache_dir": "cache/",
            "tokenizer": "gpt2-medium",
            "data_dir": "data/analogies/gpt2/",
            "importance_results_dir": "rationalization_results/analogies/gpt2_signed",
            "device": "cuda",
            "rationalization_config": "config/eva_signed.json",
            "input_num_ratio": 1,
            "logfolder": "logs/analogies/gpt2_signed",
            "loglevel": 20
        },
        "time_elapsed": 0.030699491500854492
    }
}