{
    "$schema": "../docs/rationalization.schema.json",
    "id": 4,
    "input-text": [
        "When",
        " my",
        " flight",
        " landed",
        " in",
        " Germany",
        ",",
        " I",
        " converted",
        " my",
        " currency",
        " and",
        " slowly",
        " fell",
        " asleep",
        ".",
        " (",
        "I",
        " had",
        " a",
        " terrifying",
        " dream",
        " about",
        " my",
        " grandmother",
        ",",
        " but",
        " that",
        "'s",
        " a",
        " story",
        " for",
        " another",
        " time",
        ").",
        " I",
        " was",
        " staying",
        " in",
        " the",
        " capital",
        ","
    ],
    "input-tokens": [
        2215,
        616,
        5474,
        11406,
        287,
        4486,
        11,
        314,
        11513,
        616,
        7395,
        290,
        6364,
        3214,
        16039,
        13,
        357,
        40,
        550,
        257,
        17623,
        4320,
        546,
        616,
        18410,
        11,
        475,
        326,
        338,
        257,
        1621,
        329,
        1194,
        640,
        737,
        314,
        373,
        10589,
        287,
        262,
        3139,
        11
    ],
    "target-text": " Berlin",
    "target-token": 11307,
    "rational-size": 5,
    "rational-positions": [
        40,
        8,
        35,
        15,
        32
    ],
    "rational-text": [
        " capital",
        " converted",
        " I",
        ".",
        " another"
    ],
    "rational-tokens": [
        3139,
        11513,
        314,
        13,
        1194
    ],
    "importance-scores": [
        0.023819221183657646,
        0.02354413829743862,
        0.023572150617837906,
        0.023338325321674347,
        0.023815317079424858,
        0.02335646003484726,
        0.023738209158182144,
        0.023786276578903198,
        0.024153873324394226,
        0.02370925433933735,
        0.023597627878189087,
        0.0236908420920372,
        0.023763366043567657,
        0.02373209036886692,
        0.023576846346259117,
        0.023988431319594383,
        0.023824142292141914,
        0.023787125945091248,
        0.023701848462224007,
        0.023831242695450783,
        0.023743093013763428,
        0.023717783391475677,
        0.0237920880317688,
        0.023762501776218414,
        0.023732932284474373,
        0.023771896958351135,
        0.02382519096136093,
        0.023836322128772736,
        0.023770831525325775,
        0.02380378358066082,
        0.023675862699747086,
        0.023789118975400925,
        0.023902440443634987,
        0.02370096743106842,
        0.023233765736222267,
        0.024153226986527443,
        0.023079996928572655,
        0.02330891415476799,
        0.023276932537555695,
        0.023557031527161598,
        0.0286105889827013,
        0.023627888411283493
    ],
    "comments": {
        "created-by": "run_analogies.py",
        "args": {
            "model": "gpt2-medium",
            "cache_dir": "cache/",
            "tokenizer": "gpt2-medium",
            "data_dir": "data/analogies/gpt2/",
            "importance_results_dir": "rationalization_results/analogies/gpt2_signed",
            "device": "cuda",
            "rationalization_config": "config/eva_signed.json",
            "input_num_ratio": 1,
            "logfolder": "logs/analogies/gpt2_signed",
            "loglevel": 20
        },
        "time_elapsed": 0.03013753890991211
    }
}