{
    "$schema": "../docs/rationalization.schema.json",
    "id": 60,
    "input-text": [
        "As",
        " soon",
        " as",
        " I",
        " arrived",
        " in",
        " Korea",
        ",",
        " I",
        " checked",
        " into",
        " my",
        " hotel",
        " and",
        " took",
        " a",
        " long",
        " nap",
        ".",
        " (",
        "I",
        " had",
        " finally",
        " finished",
        " the",
        " book",
        " I",
        " was",
        " reading",
        " and",
        " it",
        " was",
        " amazing",
        ").",
        " I",
        " had",
        " to",
        " figure",
        " out",
        " the",
        " exchange",
        " rate",
        " to",
        " the",
        " local",
        " currency",
        ",",
        " which",
        " is",
        " apparently",
        " called",
        " the"
    ],
    "input-tokens": [
        1722,
        2582,
        355,
        314,
        5284,
        287,
        4969,
        11,
        314,
        10667,
        656,
        616,
        7541,
        290,
        1718,
        257,
        890,
        25422,
        13,
        357,
        40,
        550,
        3443,
        5201,
        262,
        1492,
        314,
        373,
        3555,
        290,
        340,
        373,
        4998,
        737,
        314,
        550,
        284,
        3785,
        503,
        262,
        5163,
        2494,
        284,
        262,
        1957,
        7395,
        11,
        543,
        318,
        5729,
        1444,
        262
    ],
    "target-text": " Won",
    "target-token": 23306,
    "rational-size": 5,
    "rational-positions": [
        44,
        41,
        45,
        39,
        12
    ],
    "rational-text": [
        " local",
        " rate",
        " currency",
        " the",
        " hotel"
    ],
    "rational-tokens": [
        1957,
        2494,
        7395,
        262,
        7541
    ],
    "importance-scores": [
        0.019305536523461342,
        0.018709953874349594,
        0.01908288709819317,
        0.01893739029765129,
        0.01943114399909973,
        0.01926494762301445,
        0.01831411011517048,
        0.019311130046844482,
        0.018909761682152748,
        0.018948331475257874,
        0.019199270755052567,
        0.01881791278719902,
        0.01977931335568428,
        0.01921013742685318,
        0.019145797938108444,
        0.01931951195001602,
        0.01922786235809326,
        0.019398827105760574,
        0.019375968724489212,
        0.01912865974009037,
        0.01923350617289543,
        0.019043294712901115,
        0.019125178456306458,
        0.0193124208599329,
        0.019319184124469757,
        0.0195650402456522,
        0.019274037331342697,
        0.01919909566640854,
        0.018983548507094383,
        0.019243285059928894,
        0.019264793023467064,
        0.0191538967192173,
        0.019355492666363716,
        0.01881052553653717,
        0.019142022356390953,
        0.018551725894212723,
        0.019514676183462143,
        0.019192973151803017,
        0.01882990077137947,
        0.019947245717048645,
        0.017558269202709198,
        0.020965637639164925,
        0.018950724974274635,
        0.019391324371099472,
        0.02121669240295887,
        0.020814284682273865,
        0.019309714436531067,
        0.019776130095124245,
        0.019556351006031036,
        0.019148079678416252,
        0.019585656002163887,
        0.01684688776731491
    ],
    "comments": {
        "created-by": "run_analogies.py",
        "args": {
            "model": "gpt2-medium",
            "cache_dir": "cache/",
            "tokenizer": "gpt2-medium",
            "data_dir": "data/analogies/gpt2/",
            "importance_results_dir": "rationalization_results/analogies/gpt2_signed",
            "device": "cuda",
            "rationalization_config": "config/eva_signed.json",
            "input_num_ratio": 1,
            "logfolder": "logs/analogies/gpt2_signed",
            "loglevel": 20
        },
        "time_elapsed": 0.03027033805847168
    }
}