{
    "$schema": "../docs/rationalization.schema.json",
    "id": 70,
    "input-text": [
        "As",
        " soon",
        " as",
        " I",
        " arrived",
        " in",
        " Florida",
        ",",
        " I",
        " checked",
        " into",
        " my",
        " hotel",
        " and",
        " watched",
        " a",
        " movie",
        " before",
        " falling",
        " asleep",
        ".",
        " (",
        "I",
        " had",
        " a",
        " great",
        " call",
        " with",
        " my",
        " husband",
        ",",
        " although",
        " I",
        " wish",
        " it",
        " were",
        " longer",
        ").",
        " I",
        " was",
        " staying",
        " in",
        " my",
        " favorite",
        " city",
        ","
    ],
    "input-tokens": [
        1722,
        2582,
        355,
        314,
        5284,
        287,
        4744,
        11,
        314,
        10667,
        656,
        616,
        7541,
        290,
        7342,
        257,
        3807,
        878,
        7463,
        16039,
        13,
        357,
        40,
        550,
        257,
        1049,
        869,
        351,
        616,
        5229,
        11,
        3584,
        314,
        4601,
        340,
        547,
        2392,
        737,
        314,
        373,
        10589,
        287,
        616,
        4004,
        1748,
        11
    ],
    "target-text": " Miami",
    "target-token": 8437,
    "rational-size": 5,
    "rational-positions": [
        42,
        40,
        44,
        38,
        0
    ],
    "rational-text": [
        " my",
        " staying",
        " city",
        " I",
        "As"
    ],
    "rational-tokens": [
        616,
        10589,
        1748,
        314,
        1722
    ],
    "importance-scores": [
        0.022019723430275917,
        0.02166621759533882,
        0.021723812445998192,
        0.021493354812264442,
        0.02148500084877014,
        0.02165195904672146,
        0.021138345822691917,
        0.021747656166553497,
        0.021632924675941467,
        0.021614929661154747,
        0.021815281361341476,
        0.021649280562996864,
        0.021359704434871674,
        0.02162528596818447,
        0.02163170836865902,
        0.02177339419722557,
        0.021629467606544495,
        0.02178208902478218,
        0.02182660438120365,
        0.021537313237786293,
        0.021863508969545364,
        0.021673506125807762,
        0.02177203819155693,
        0.021855976432561874,
        0.021790429949760437,
        0.021842550486326218,
        0.021758152171969414,
        0.021761419251561165,
        0.02170853316783905,
        0.021699288859963417,
        0.021695077419281006,
        0.021778665482997894,
        0.021710170432925224,
        0.0216482263058424,
        0.021820925176143646,
        0.0217578262090683,
        0.021727202460169792,
        0.021733645349740982,
        0.022048220038414,
        0.0213366337120533,
        0.02227385714650154,
        0.021397704258561134,
        0.02334451861679554,
        0.0215106550604105,
        0.022249262779951096,
        0.021437885239720345
    ],
    "comments": {
        "created-by": "run_analogies.py",
        "args": {
            "model": "gpt2-medium",
            "cache_dir": "cache/",
            "tokenizer": "gpt2-medium",
            "data_dir": "data/analogies/gpt2/",
            "importance_results_dir": "rationalization_results/analogies/gpt2_signed",
            "device": "cuda",
            "rationalization_config": "config/eva_signed.json",
            "input_num_ratio": 1,
            "logfolder": "logs/analogies/gpt2_signed",
            "loglevel": 20
        },
        "time_elapsed": 0.03015875816345215
    }
}