{
    "$schema": "../docs/rationalization.schema.json",
    "id": 80,
    "input-text": [
        "I",
        " initially",
        " invited",
        " my",
        " sons",
        ",",
        " who",
        " gladly",
        " accepted",
        " my",
        " invitation",
        ".",
        " (",
        "My",
        " favorite",
        " song",
        " just",
        " came",
        " on",
        ",",
        " so",
        " I",
        " was",
        " able",
        " to",
        " relax",
        ").",
        " When",
        " I",
        " learned",
        " that",
        " women",
        " were",
        " allowed",
        ",",
        " I",
        " went",
        " ahead",
        " and",
        " also",
        " invited",
        " my"
    ],
    "input-tokens": [
        40,
        7317,
        9392,
        616,
        11989,
        11,
        508,
        35092,
        6292,
        616,
        17023,
        13,
        357,
        3666,
        4004,
        3496,
        655,
        1625,
        319,
        11,
        523,
        314,
        373,
        1498,
        284,
        8960,
        737,
        1649,
        314,
        4499,
        326,
        1466,
        547,
        3142,
        11,
        314,
        1816,
        4058,
        290,
        635,
        9392,
        616
    ],
    "target-text": " daughters",
    "target-token": 14850,
    "rational-size": 5,
    "rational-positions": [
        4,
        11,
        39,
        35,
        33
    ],
    "rational-text": [
        " sons",
        ".",
        " also",
        " I",
        " allowed"
    ],
    "rational-tokens": [
        11989,
        13,
        635,
        314,
        3142
    ],
    "importance-scores": [
        0.023615678772330284,
        0.02304896153509617,
        0.02372567728161812,
        0.02320869080722332,
        0.02704223245382309,
        0.02379309944808483,
        0.023822907358407974,
        0.023728691041469574,
        0.02363864704966545,
        0.02384529635310173,
        0.023599304258823395,
        0.024229681119322777,
        0.023888742551207542,
        0.023655617609620094,
        0.02378152683377266,
        0.02357284165918827,
        0.02363867312669754,
        0.023765917867422104,
        0.023741504177451134,
        0.023841533809900284,
        0.023777037858963013,
        0.02378174103796482,
        0.02383829653263092,
        0.0238167867064476,
        0.023762930184602737,
        0.023671450093388557,
        0.023875471204519272,
        0.023712899535894394,
        0.02390260063111782,
        0.023839445784687996,
        0.023711353540420532,
        0.022988758981227875,
        0.023896805942058563,
        0.024013428017497063,
        0.023713381960988045,
        0.024013713002204895,
        0.023739643394947052,
        0.023532209917902946,
        0.02372017502784729,
        0.024077657610177994,
        0.023968353867530823,
        0.02346053346991539
    ],
    "comments": {
        "created-by": "run_analogies.py",
        "args": {
            "model": "gpt2-medium",
            "cache_dir": "cache/",
            "tokenizer": "gpt2-medium",
            "data_dir": "data/analogies/gpt2/",
            "importance_results_dir": "rationalization_results/analogies/gpt2_signed",
            "device": "cuda",
            "rationalization_config": "config/eva_signed.json",
            "input_num_ratio": 1,
            "logfolder": "logs/analogies/gpt2_signed",
            "loglevel": 20
        },
        "time_elapsed": 0.029974937438964844
    }
}