{
    "$schema": "../docs/rationalization.schema.json",
    "id": 88,
    "input-text": [
        "I",
        " knew",
        " it",
        " was",
        " long",
        ",",
        " but",
        " that",
        "'s",
        " before",
        " I",
        " saw",
        " it",
        " in",
        " person",
        ".",
        " (",
        "Just",
        " then",
        " I",
        " thought",
        " about",
        " my",
        " ex",
        "-",
        "wife",
        ",",
        " but",
        " I",
        " had",
        " to",
        " stop",
        " thinking",
        " about",
        " her",
        ").",
        " When",
        " I",
        " did",
        " end",
        " up",
        " seeing",
        " it",
        " in",
        " person",
        ",",
        " it",
        " was",
        " even"
    ],
    "input-tokens": [
        40,
        2993,
        340,
        373,
        890,
        11,
        475,
        326,
        338,
        878,
        314,
        2497,
        340,
        287,
        1048,
        13,
        357,
        5703,
        788,
        314,
        1807,
        546,
        616,
        409,
        12,
        22095,
        11,
        475,
        314,
        550,
        284,
        2245,
        3612,
        546,
        607,
        737,
        1649,
        314,
        750,
        886,
        510,
        4379,
        340,
        287,
        1048,
        11,
        340,
        373,
        772
    ],
    "target-text": " longer",
    "target-token": 2392,
    "rational-size": 5,
    "rational-positions": [
        15,
        5,
        4,
        18,
        46
    ],
    "rational-text": [
        ".",
        ",",
        " long",
        " then",
        " it"
    ],
    "rational-tokens": [
        13,
        11,
        890,
        788,
        340
    ],
    "importance-scores": [
        0.020597083494067192,
        0.019386468455195427,
        0.019276142120361328,
        0.020053714513778687,
        0.020968660712242126,
        0.021134743466973305,
        0.020282356068491936,
        0.020278112962841988,
        0.020533164963126183,
        0.020603658631443977,
        0.02041776292026043,
        0.020033016800880432,
        0.02019263245165348,
        0.020454633980989456,
        0.020648853853344917,
        0.021149953827261925,
        0.020696792751550674,
        0.02026623860001564,
        0.020953211933374405,
        0.020299088209867477,
        0.020440129563212395,
        0.020447518676519394,
        0.02025611512362957,
        0.019924968481063843,
        0.02043006755411625,
        0.020213406533002853,
        0.02054501324892044,
        0.020725028589367867,
        0.020206354558467865,
        0.020447606220841408,
        0.020413488149642944,
        0.020275672897696495,
        0.0201271902769804,
        0.020257949829101562,
        0.02054484747350216,
        0.020026784390211105,
        0.020660804584622383,
        0.020629465579986572,
        0.020578734576702118,
        0.02026146650314331,
        0.02044563926756382,
        0.02019292116165161,
        0.020252391695976257,
        0.020402563735842705,
        0.02035452239215374,
        0.020827893167734146,
        0.020852724090218544,
        0.020765217021107674,
        0.020267203450202942
    ],
    "comments": {
        "created-by": "run_analogies.py",
        "args": {
            "model": "gpt2-medium",
            "cache_dir": "cache/",
            "tokenizer": "gpt2-medium",
            "data_dir": "data/analogies/gpt2/",
            "importance_results_dir": "rationalization_results/analogies/gpt2_signed",
            "device": "cuda",
            "rationalization_config": "config/eva_signed.json",
            "input_num_ratio": 1,
            "logfolder": "logs/analogies/gpt2_signed",
            "loglevel": 20
        },
        "time_elapsed": 0.03055095672607422
    }
}