suff,comp,random_suff,random_comp
0.011881588207731953,0.7877060678791874,0.04924885808577925,0.4733681071195662
