suff,comp,random_suff,random_comp
0.0011788571320335015,0.01052598350669902,0.0023308072695214163,0.00418930262684886
