suff,comp,random_suff,random_comp
0.011881588207731953,0.7877060678791874,0.04946737842238311,0.4496335725406368
