suff,comp,random_suff,random_comp
0.011881588207731953,0.7877060678791874,0.04590146404794478,0.5017413628631966
