suff,comp,random_suff,random_comp
0.011881588207731953,0.7877060678791874,0.05011754529589762,0.5071080299609924
