{
    "$schema": "../docs/rationalization.schema.json",
    "id": 1,
    "input-text": [
        "</s>",
        "When",
        " my",
        " flight",
        " landed",
        " in",
        " France",
        ",",
        " I",
        " converted",
        " my",
        " currency",
        " and",
        " slowly",
        " fell",
        " asleep",
        ".",
        " (",
        "I",
        " had",
        " a",
        " terrifying",
        " dream",
        " about",
        " my",
        " grandmother",
        ",",
        " but",
        " that",
        "'s",
        " a",
        " story",
        " for",
        " another",
        " time",
        ").",
        " I",
        " was",
        " staying",
        " in",
        " the",
        " capital",
        ","
    ],
    "input-tokens": [
        2,
        1779,
        127,
        2524,
        5932,
        11,
        1470,
        6,
        38,
        8417,
        127,
        2593,
        8,
        5764,
        1064,
        15028,
        4,
        36,
        100,
        56,
        10,
        15567,
        3366,
        59,
        127,
        8853,
        6,
        53,
        14,
        18,
        10,
        527,
        13,
        277,
        86,
        322,
        38,
        21,
        4959,
        11,
        5,
        812,
        6
    ],
    "target-text": " Paris",
    "target-token": 2201,
    "rational-size": 5,
    "rational-positions": [
        0,
        1,
        42,
        4,
        5
    ],
    "rational-text": [
        "</s>",
        "When",
        ",",
        " landed",
        " in"
    ],
    "rational-tokens": [
        2,
        1779,
        6,
        5932,
        11
    ],
    "importance-scores": [
        0.09877067059278488,
        0.07331838458776474,
        0.0321437232196331,
        0.03529705852270126,
        0.05195515602827072,
        0.04053061082959175,
        0.025293368846178055,
        0.033085327595472336,
        0.01829754188656807,
        0.014352131634950638,
        0.01892605423927307,
        0.013503961265087128,
        0.01919376105070114,
        0.011869236826896667,
        0.014456831850111485,
        0.013701055198907852,
        0.018868301063776016,
        0.018201421946287155,
        0.015493957325816154,
        0.00889561977237463,
        0.007662404794245958,
        0.009468277916312218,
        0.020882397890090942,
        0.01697506010532379,
        0.00854712538421154,
        0.010269165970385075,
        0.015290481969714165,
        0.0111428527161479,
        0.010786373168230057,
        0.010918396525084972,
        0.012500549666583538,
        0.009712149389088154,
        0.013450673781335354,
        0.00938131008297205,
        0.010504079051315784,
        0.013940906152129173,
        0.023708583787083626,
        0.015472178347408772,
        0.015586262568831444,
        0.028618525713682175,
        0.015314829535782337,
        0.03440721333026886,
        0.07069814205169678
    ],
    "comments": {
        "created-by": "run_analogies.py",
        "args": {
            "model": "KoboldAI/OPT-6.7B-Erebus",
            "cache_dir": "cache/",
            "tokenizer": "KoboldAI/OPT-6.7B-Erebus",
            "data_dir": "data/analogies/OPT6B/",
            "importance_results_dir": "rationalization_results/analogies/OPT6B_inseq_ig",
            "device": "cuda",
            "rationalization_config": "config/eva_inseq_ig.json",
            "input_num_ratio": 1,
            "logfolder": "logs/analogies/OPT6B_inseq_ig",
            "loglevel": 20
        },
        "time_elapsed": 0.20965957641601562
    }
}