target_pos,target_token,norm_suff,random_suff,norm_comp,random_comp
45,"
",0.0,0.0,0.08033060282468796,0.03694072738289833
47, think,0.006111507769674063,0.006784547120332718,0.06720767170190811,0.03508032113313675
49, was,0.0,0.0,0.026674935594201088,0.030582284554839134
51, a,0.0,0.0,0.04502721130847931,0.04074108600616455
53, bit,0.0,0.0,0.05965989828109741,0.05370854586362839
