norm_suff_mean,random_suff_mean,norm_comp_mean,random_comp_mean,final suff,final comp,target_tokens
0.0012223016237840056,0.0013569094007834792,0.055780064314603806,0.03941059112548828,0.9007982611656189,32.24293518066406,"
$ think$ was$ a$ bit"
