target_pos,target_token,norm_suff,random_suff,norm_comp,random_comp
50, Because,0.0,0.0,0.03682588413357735,0.024243367835879326
52, was,0.0,0.0,0.02430715039372444,0.06170877814292908
54,.,0.0,0.05018299072980881,0.05578591674566269,0.0439220555126667
56,I,0.04172949120402336,0.0,0.07435519248247147,0.07105285674333572
58, sorry,0.0,0.0100259343162179,0.03180335462093353,0.018317563459277153
