norm_suff_mean,random_suff_mean,norm_comp_mean,random_comp_mean,final suff,final comp,target_tokens
0.008345898240804672,0.012041784822940826,0.044615499675273895,0.043848928064107895,0.6930781602859497,5.2539496421813965, Because$ was$.$I$ sorry
