target_pos,target_token,norm_suff,random_suff,norm_comp,random_comp
52, She,0.01272236742079258,0.0,0.09413141012191772,0.07118486613035202
54,'t,0.0012768139131367207,0.0,0.020189600065350533,0.02189841866493225
56, to,0.00031495303846895695,0.013490739278495312,0.034384485334157944,0.04146234318614006
58, it,0.0035119771491736174,0.01801854558289051,0.045029688626527786,0.029916932806372643
60, She,0.0,0.009695269167423248,0.08053294569253922,0.06741838157176971
