norm_suff_mean,random_suff_mean,norm_comp_mean,random_comp_mean,final suff,final comp,target_tokens
0.0035652220249176025,0.008240911178290844,0.05485362559556961,0.04637618735432625,0.4326247274875641,13.007938385009766, She$'t$ to$ it$ She
