target_pos,target_token,norm_suff,random_suff,norm_comp,random_comp
48, Because,0.0,0.0,0.0866551324725151,0.10096355527639389
50, was,0.0,0.0,0.03860406205058098,0.04224551469087601
52,.,0.10104266554117203,0.0475517176091671,0.07760629057884216,0.03870413824915886
54, was,0.0,0.0,0.05949750170111656,0.038947127759456635
56, of,0.03319450095295906,0.027365637943148613,0.06791871041059494,0.06030753254890442
