norm_suff_mean,random_suff_mean,norm_comp_mean,random_comp_mean,final suff,final comp,target_tokens
0.026847435161471367,0.014983470551669598,0.06605634093284607,0.05623357370495796,1.7918034791946411,2.094560384750366, Because$ was$.$ was$ of
