target_pos,target_token,norm_suff,random_suff,norm_comp,random_comp
47, He,0.0,0.008977821096777916,0.05144130811095238,0.04811258614063263
49, playing,0.005150883924216032,0.0,0.0698731318116188,0.05918674170970917
51,.,0.04717490077018738,0.0448884479701519,0.04471815377473831,0.06391540914773941
53, got,0.0014391901204362512,0.0006612089346162975,0.046136274933815,0.062378138303756714
55, spr,0.0,0.0,0.05521214380860329,0.05361393466591835
