norm_suff_mean,random_suff_mean,norm_comp_mean,random_comp_mean,final suff,final comp,target_tokens
0.010752995498478413,0.010905495844781399,0.053476203233003616,0.057441361248493195,0.9860162138938904,5.341894149780273, He$ playing$.$ got$ spr
