target_pos,target_token,norm_suff,random_suff,norm_comp,random_comp
58, I,0.0,0.0164707750082016,0.02933134138584137,0.04403848201036453
60, to,0.0,0.0004672853392548859,0.04683484509587288,0.053098712116479874
62, it,0.0,0.0,0.13692370057106018,0.04125020280480385
64,.,0.01288337167352438,0.018956705927848816,0.04895411431789398,0.0476655587553978
66, was,0.0,0.0,0.03693847730755806,0.030076881870627403
