norm_suff_mean,random_suff_mean,norm_comp_mean,random_comp_mean,final suff,final comp,target_tokens
0.002576674334704876,0.007178953383117914,0.059796493500471115,0.0432259701192379,0.3589206039905548,16.775876998901367, I$ to$ it$.$ was
