norm_suff_mean,random_suff_mean,norm_comp_mean,random_comp_mean,final suff,final comp,target_tokens
0.000559967418666929,0.016289232298731804,0.04933620244264603,0.038067009299993515,0.034376539289951324,67.98075866699219, Because$ loved$ play$ his$.
