target_pos,target_token,norm_suff,random_suff,norm_comp,random_comp
69, She,0.0,0.0,0.18698672950267792,0.028908245265483856
71, to,0.0,0.01456971000880003,0.03979567810893059,0.02202807553112507
73, a,0.0,0.0,0.13357782363891602,0.048851195722818375
75,-,0.0010755136609077454,0.0,0.016727546229958534,0.03770780563354492
77,ry,0.0016867911908775568,0.0010897465981543064,0.005834577605128288,0.0036715720780193806
