norm_suff_mean,random_suff_mean,norm_comp_mean,random_comp_mean,final suff,final comp,target_tokens
0.0005524609587155282,0.003131891367956996,0.07658447325229645,0.028233379125595093,0.17639850080013275,51.10475158691406, She$ to$ a$-$ry
