target_pos,target_token,norm_suff,random_suff,norm_comp,random_comp
54, Because,0.007808277383446693,0.0,0.04594379663467407,0.03898729756474495
56, was,0.0,0.0,0.039276402443647385,0.03720145672559738
58, good,0.0,0.0,0.05755102261900902,0.061607059091329575
60,.,0.06077652424573898,0.04719531908631325,0.033448848873376846,0.016883188858628273
62, was,0.0,0.0,0.04841756448149681,0.047264281660318375
