norm_suff_mean,random_suff_mean,norm_comp_mean,random_comp_mean,final suff,final comp,target_tokens
0.013716960325837135,0.00943906418979168,0.044927529990673065,0.04038865491747856,1.4532119035720825,2.944431781768799, Because$ was$ good$.$ was
