target_pos,target_token,norm_suff,random_suff,norm_comp,random_comp
55,	,0.0,0.0,0.28747352957725525,0.11088838428258896
57, she,0.0,0.0032957270741462708,0.22223393619060516,0.04284121096134186
59, a,0.0,0.021799586713314056,0.05856854468584061,0.05974138155579567
61,.,0.0,0.0,0.06900741904973984,0.06320776790380478
63,Why,0.0,0.0,0.14627668261528015,0.054254401475191116
