target_pos,target_token,norm_suff,random_suff,norm_comp,random_comp
44,	,0.0,0.0,0.3462299406528473,0.33401378989219666
46, she,0.023799851536750793,0.0,0.062057554721832275,0.052985791116952896
48, a,0.0,0.0,0.10839565098285675,0.06771747022867203
50,.,0.0030412347987294197,0.028928494080901146,0.0441686287522316,0.042850933969020844
52,She,0.0,0.0,0.0969037115573883,0.07236677408218384
