norm_suff_mean,random_suff_mean,norm_comp_mean,random_comp_mean,final suff,final comp,target_tokens
0.0053682173602283,0.005785699002444744,0.1315511018037796,0.11398694664239883,0.9278424978256226,21.233667373657227,	$ she$ a$.$She
