target_pos,target_token,norm_suff,random_suff,norm_comp,random_comp
57,	,0.0,0.02855185978114605,0.22277742624282837,0.2583688795566559
59, was,0.012376796454191208,0.0,0.07954131811857224,0.05989788845181465
61, ball,0.0,0.0,0.15047310292720795,0.039149653166532516
63, his,0.014991768635809422,0.004511318169534206,0.13429883122444153,0.022130025550723076
65,.,0.019118530675768852,0.03460787236690521,0.026776103302836418,0.019093947485089302
