norm_suff_mean,random_suff_mean,norm_comp_mean,random_comp_mean,final suff,final comp,target_tokens
0.009297418408095837,0.013534210622310638,0.12277336418628693,0.07972808927297592,0.6869568228721619,8.57529354095459,	$ was$ ball$ his$.
