target_pos,target_token,norm_suff,random_suff,norm_comp,random_comp
51, Because,0.0,0.0,0.05392908677458763,0.049830541014671326
53, wanted,0.0002924403815995902,0.0,0.051041655242443085,0.05514901131391525
55, paint,0.0,0.000948627304751426,0.04822048917412758,0.035206858068704605
57, bedroom,0.004204136785119772,0.00033062873990274966,0.15893414616584778,0.03525272011756897
59,.,0.0,0.0639825090765953,0.038417186588048935,0.04084392264485359
