norm_suff_mean,random_suff_mean,norm_comp_mean,random_comp_mean,final suff,final comp,target_tokens
0.0008993154624477029,0.013052353635430336,0.07010851055383682,0.04325661063194275,0.06890063732862473,48.099483489990234, Because$ wanted$ paint$ bedroom$.
