target_pos,target_token,norm_suff,random_suff,norm_comp,random_comp
52, She,0.0,0.038059864193201065,0.09745404869318008,0.11759459227323532
54, at,0.017170079052448273,0.0,0.06244494393467903,0.056249022483825684
56, beach,0.0030491030775010586,0.0,0.02846723049879074,0.07009664177894592
58, her,0.0,0.0,0.051696620881557465,0.03431425988674164
60,.,0.0,0.046507012099027634,0.05082162097096443,0.15366382896900177
