norm_suff_mean,random_suff_mean,norm_comp_mean,random_comp_mean,final suff,final comp,target_tokens
0.004043836612254381,0.01691337488591671,0.05817689374089241,0.08638366311788559,0.23909105360507965,21.36180877685547, She$ at$ beach$ her$.
