target_pos,target_token,norm_suff,random_suff,norm_comp,random_comp
57, Because,0.0,0.03185955435037613,0.04917283356189728,0.0521538220345974
59, was,0.0,0.0016897257883101702,0.03040027804672718,0.019460955634713173
61, kid,0.0,0.0,0.04890701174736023,0.04090571403503418
63,"
",0.08535110950469971,0.0,0.04048391804099083,0.024338996037840843
65,'m,0.0024126761127263308,0.0,0.04542841017246246,0.021039796993136406
