norm_suff_mean,random_suff_mean,norm_comp_mean,random_comp_mean,final suff,final comp,target_tokens
0.017552757635712624,0.006709855981171131,0.042878489941358566,0.03157985955476761,2.615966320037842,1.7991394996643066," Because$ was$ kid$
$'m"
