norm_suff_mean,random_suff_mean,norm_comp_mean,random_comp_mean,final suff,final comp,target_tokens
0.0003684685507323593,0.006365593057125807,0.08046191185712814,0.028112513944506645,0.05788440257310867,76.2955551147461, Chris$ struggling$ English$.$ decided
