target_pos,target_token,norm_suff,random_suff,norm_comp,random_comp
49, I,0.023861458525061607,0.0,0.06454627215862274,0.010913165286183357
51,'t,0.0,0.005239415448158979,0.015425967052578926,0.001125755487009883
53,.,0.0,0.14722822606563568,0.037200506776571274,0.012733382172882557
55, just,0.0,0.0,0.04541647806763649,0.027330072596669197
57,.,0.0,0.0,0.04649375379085541,0.008066856302320957
