norm_suff_mean,random_suff_mean,norm_comp_mean,random_comp_mean,final suff,final comp,target_tokens
0.004772291984409094,0.03049352765083313,0.041816595941782,0.012033847160637379,0.15650179982185364,2.5216073989868164, I$'t$.$ just$.
