target_pos,target_token,norm_suff,random_suff,norm_comp,random_comp
51, She,0.0,0.0030930647626519203,0.10429359972476959,0.025235095992684364
53, drinking,0.0,0.0220948439091444,0.05943939462304115,0.025209475308656693
55,.,0.0,0.0,0.19893087446689606,0.015062964521348476
57, was,0.0,0.0,0.13037700951099396,0.029262065887451172
59, it,0.0,0.05331829935312271,0.09312792122364044,0.023228859528899193
