target_pos,target_token,norm_suff,random_suff,norm_comp,random_comp
52, ,0.0,0.07263067364692688,0.09799233078956604,0.058668557554483414
54,She,0.0,0.0,0.11920326203107834,0.0326244942843914
56, drinking,0.0,0.0,0.2687498927116394,0.029858393594622612
58, green,0.0,0.0,0.3980235755443573,0.05726239085197449
60,.,0.0,0.10442798584699631,0.36770614981651306,0.020853962749242783
