target_pos,target_token,norm_suff,random_suff,norm_comp,random_comp
57, I,0.0,0.006485649850219488,0.06717140227556229,0.011228921823203564
59, no,0.0,0.0,0.09134283661842346,0.013260068371891975
61,.,0.0,0.027854595333337784,0.2096150517463684,0.024363094940781593
63, had,0.0,0.0,0.16702252626419067,0.03993426635861397
65, idea,0.0,0.0,0.22671622037887573,0.028159700334072113
