target_pos,target_token,norm_suff,random_suff,norm_comp,random_comp
56,"
",0.0,0.0,0.13316921889781952,0.03137293457984924
58, ,0.020000483840703964,0.02085896022617817,0.07701528817415237,0.03932134062051773
60, ,0.0,0.06372103095054626,0.08985068649053574,0.045694004744291306
62, ,0.0,0.0,0.06201077997684479,0.032322585582733154
64, ,0.015296056866645813,0.03438710793852806,0.21908016502857208,0.016759825870394707
