target_pos,target_token,norm_suff,random_suff,norm_comp,random_comp
55, Why,0.0,0.0,0.1220860406756401,0.01935919001698494
57, M,0.0,0.0006521967006847262,0.01966707780957222,0.005108513869345188
59,a,0.0,0.14161691069602966,0.0035275958944112062,0.0008896860526874661
61, her,0.0009500172454863787,0.0002590900403447449,0.022664504125714302,0.004425594583153725
63, in,0.0,0.0,0.011818806640803814,0.0016798049909994006
