norm_suff_mean,random_suff_mean,norm_comp_mean,random_comp_mean,final suff,final comp,target_tokens
0.007059308234602213,0.0237934198230505,0.1162252202630043,0.0330941379070282,0.2966916263103485,4.688014507293701,"
$ $ $ $ "
