norm_suff_mean,random_suff_mean,norm_comp_mean,random_comp_mean,final suff,final comp,target_tokens
0.00019000345491804183,0.028505638241767883,0.03595280274748802,0.006292557809501886,0.006665469147264957,33.11812210083008, Why$ M$a$ her$ in
