target_pos,target_token,norm_suff,random_suff,norm_comp,random_comp
57,	,0.0,0.0,0.08321286737918854,0.009935406036674976
59, wanted,0.0,0.0,0.0950717106461525,0.020746298134326935
61, announce,0.0,0.00835209060460329,0.3968059718608856,0.025327613577246666
63, in,0.0,0.0,0.1984274983406067,0.01303844340145588
65, fun,0.0,0.0,0.04717604070901871,0.006464718375355005
