target_pos,target_token,norm_suff,random_suff,norm_comp,random_comp
55,	,0.0,0.07153791934251785,0.13872772455215454,0.02000647597014904
57,	,0.08258462697267532,0.04485234618186951,0.2763875722885132,0.034796833992004395
59,	,0.0,0.0,0.12952442467212677,0.02699103392660618
61,	,0.008735466748476028,0.0,0.10860510170459747,0.027300871908664703
63,	,0.0,0.006220739800482988,0.03469518572092056,0.010061066597700119
