norm_suff_mean,random_suff_mean,norm_comp_mean,random_comp_mean,final suff,final comp,target_tokens
0.01826401986181736,0.0245222020894289,0.1375880092382431,0.023831255733966827,0.7447952628135681,1.3048198223114014,	$	$	$	$	
