target_pos,target_token,norm_suff,random_suff,norm_comp,random_comp
43,	,0.07214424014091492,0.08091618865728378,0.08577017486095428,0.021618561819195747
45,	,0.0,0.15007612109184265,0.43579232692718506,0.03451400250196457
47,	,0.0,0.0,0.16717763245105743,0.043287698179483414
49,	,0.0,0.0,0.1378553807735443,0.039866600185632706
51,	,0.0,0.001175237586721778,0.09501895308494568,0.02904491126537323
