target_pos,target_token,norm_suff,random_suff,norm_comp,random_comp
44,"
",0.0,0.1512639969587326,0.11554624140262604,0.02470068261027336
46,	,0.0,0.019955605268478394,0.2600453197956085,0.03879263624548912
48,	,0.0,0.06184542179107666,0.17997993528842926,0.031234372407197952
50,	,0.0,0.0,0.11470351368188858,0.04938849061727524
52,	,0.012983061373233795,0.0,0.052901491522789,0.017002053558826447
