norm_suff_mean,random_suff_mean,norm_comp_mean,random_comp_mean,final suff,final comp,target_tokens
0.0025966123212128878,0.04661300405859947,0.14463530480861664,0.0322236493229866,0.05570574849843979,12.409880638122559,"
$	$	$	$	"
