norm_suff_mean,random_suff_mean,norm_comp_mean,random_comp_mean,final suff,final comp,target_tokens
0.014428848400712013,0.04643350839614868,0.18432289361953735,0.033666353672742844,0.3107421398162842,2.3332667350769043,	$	$	$	$	
