target_pos,target_token,norm_suff,random_suff,norm_comp,random_comp
64,"
",0.0069076078943908215,0.0,0.09956754744052887,0.01800197921693325
66,	,0.018901163712143898,0.06382855027914047,0.12658008933067322,0.11971677094697952
68,	,0.0,0.05359293892979622,0.14904062449932098,0.028742438182234764
70,	,0.0,0.003248873632401228,0.055588044226169586,0.011048083193600178
72,	,0.0,0.010925277136266232,0.06139961630105972,0.017925553023815155
