target_pos,target_token,norm_suff,random_suff,norm_comp,random_comp
63,"
",0.0,0.0,0.0895712673664093,0.018364060670137405
65,	,0.0,0.0,0.12596437335014343,0.12373201549053192
67,	,0.0,0.010904621332883835,0.23719842731952667,0.036925218999385834
69,	,0.0389670766890049,0.0036629580426961184,0.06086435914039612,0.015662595629692078
71,	,0.0013448601821437478,0.0,0.09667105227708817,0.01972910948097706
