norm_suff_mean,random_suff_mean,norm_comp_mean,random_comp_mean,final suff,final comp,target_tokens
0.005161754321306944,0.026319129392504692,0.0984351858496666,0.03908696398139,0.19612176716327667,7.572418689727783,"
$	$	$	$	"
