norm_suff_mean,random_suff_mean,norm_comp_mean,random_comp_mean,final suff,final comp,target_tokens
0.008062387816607952,0.002913515781983733,0.12205389887094498,0.04288259893655777,2.7672367095947266,5.318845748901367,"
$	$	$	$	"
