target_pos,target_token,norm_suff,random_suff,norm_comp,random_comp
56, I,0.0,0.0,0.06663287431001663,0.00947785098105669
58, to,0.03241707384586334,0.05099484324455261,0.030362088233232498,0.005846595391631126
60, a,0.0,0.036517031490802765,0.08752763271331787,0.02160385437309742
62,man,0.0,0.0,0.05306236445903778,0.08020462095737457
64, I,0.0,0.016578825190663338,0.05965210497379303,0.013986309990286827
