norm_suff_mean,random_suff_mean,norm_comp_mean,random_comp_mean,final suff,final comp,target_tokens
0.006483414676040411,0.020818140357732773,0.05944741517305374,0.02622384764254093,0.31143102049827576,4.0447587966918945, I$ to$ a$man$ I
