target_pos,target_token,norm_suff,random_suff,norm_comp,random_comp
34, in,0.0,0.004707635380327702,0.03541646897792816,0.023647435009479523
36, U,0.0,0.0004645679146051407,0.035756658762693405,0.008988775312900543
38,S,0.005586734972894192,0.0,0.002791400533169508,0.0009396105888299644
40, state,0.0,0.0,0.009278968907892704,0.00319984694942832
42, Pennsylvania,0.0015409382758662105,0.001319863018579781,0.007212813012301922,0.007993534207344055
