norm_suff_mean,random_suff_mean,norm_comp_mean,random_comp_mean,final suff,final comp,target_tokens
0.0014255347196012735,0.0012984132627025247,0.018091261386871338,0.008953840471804142,1.0979052782058716,6.281039714813232, in$ U$S$ state$ Pennsylvania
