target_pos,target_token,norm_suff,random_suff,norm_comp,random_comp
18, in,0.0,0.0,0.01892351359128952,0.04149415343999863
20,67,0.0014187167398631573,0.008314905688166618,0.018817683681845665,0.014441456645727158
22,"
",5.4801210353616625e-05,0.0,0.009128281846642494,0.0142624881118536
24, know,2.2937545509194024e-05,0.0015177439199760556,0.006220706272870302,0.004067855887115002
26, I,0.007257354911416769,0.0,0.008900877088308334,0.00760728120803833
