norm_suff_mean,random_suff_mean,norm_comp_mean,random_comp_mean,final suff,final comp,target_tokens
0.0017507619922980666,0.001966529991477728,0.01239821221679449,0.01637464575469494,0.8902798295021057,9.35286808013916," in$67$
$ know$ I"
