target_pos,target_token,norm_suff,random_suff,norm_comp,random_comp
19, Edit,0.16047197580337524,0.0,0.03378422558307648,0.09258262068033218
21, I,0.0,0.0,0.025030698627233505,0.027634818106889725
23, wrong,0.001412540557794273,0.0,0.014041930437088013,0.0077172210440039635
25, it,0.0,0.0,0.018473001196980476,0.020035089924931526
27, 28,0.0,0.0,0.024248449131846428,0.013020272366702557
