target_pos,target_token,norm_suff,random_suff,norm_comp,random_comp
16, and,0.016642840579152107,0.0,0.025582928210496902,0.04481428116559982
18, a,0.005051590967923403,0.0,0.02805921994149685,0.02357610873878002
20, of,0.0,0.0,0.002441154094412923,0.003111201338469982
22, family,0.0,0.0,0.030177157372236252,0.046013496816158295
24,mill,0.0005787511472590268,0.001424260437488556,0.047858744859695435,0.06446725130081177
