norm_suff_mean,random_suff_mean,norm_comp_mean,random_comp_mean,final suff,final comp,target_tokens
0.0044546364806592464,0.0002848520816769451,0.02682383917272091,0.03639646992087364,15.638420104980469,8.170469284057617, and$ a$ of$ family$mill
