target_pos,target_token,norm_suff,random_suff,norm_comp,random_comp
25, ,0.01677807793021202,0.0,0.016431597992777824,0.027957849204540253
27, tumor,0.0,0.0,0.026376476511359215,0.017984731122851372
29, a,0.004476239904761314,0.0,0.013941764831542969,0.0199130792170763
31, of,0.005380620714277029,0.0,0.025831855833530426,0.020488282665610313
33, within,0.0,0.0,0.012466817162930965,0.025997787714004517
