target_pos,target_token,norm_suff,random_suff,norm_comp,random_comp
21, ,0.005343730095773935,0.0020716788712888956,0.027247635647654533,0.03432618826627731
23, Archbishop,0.0,0.0,0.03103797696530819,0.02532005123794079
25, Washington,0.0,7.903641380835325e-05,0.02994443289935589,0.02412235736846924
27, the,0.0,0.0,0.003950511105358601,0.005376946646720171
29, of,0.0,0.0,0.0013610707828775048,0.001909227343276143
