norm_suff_mean,random_suff_mean,norm_comp_mean,random_comp_mean,final suff,final comp,target_tokens
0.0010687460890039802,0.0004301430599298328,0.018708324059844017,0.01821095310151577,2.4846293926239014,17.03955078125, $ Archbishop$ Washington$ the$ of
