target_pos,target_token,norm_suff,random_suff,norm_comp,random_comp
22, (,0.0,0.0,0.0072732483968138695,0.020026303827762604
24,",",0.036931756883859634,0.0,0.001539507182314992,0.0006478455616161227
26, km,0.0,0.0,0.009322471916675568,0.007699048612266779
28, from,0.0018359733512625098,0.0,0.008158989250659943,0.019070379436016083
30, equ,0.0,0.001861835946328938,0.008071553893387318,0.015420534648001194
