norm_suff_mean,random_suff_mean,norm_comp_mean,random_comp_mean,final suff,final comp,target_tokens
0.007753545884042978,0.0003723671834450215,0.0068731545470654964,0.012572822161018848,20.82231330871582,1.6215577125549316," ($,$ km$ from$ equ"
