target_pos,target_token,norm_suff,random_suff,norm_comp,random_comp
26, by,0.0,0.0,0.009037555195391178,0.010867683216929436
28, Weiner,0.0014149901689961553,0.0026340677868574858,0.10948531329631805,0.05292632058262825
30, David,0.009230738505721092,0.0,0.06444830447435379,0.033589377999305725
32,.,0.003603799268603325,0.0,0.014121579006314278,0.0049962871707975864
34,.,0.0,0.0,0.006017899140715599,0.011911907233297825
