norm_suff_mean,random_suff_mean,norm_comp_mean,random_comp_mean,final suff,final comp,target_tokens
0.0028499055188149214,0.0005268135573714972,0.040622130036354065,0.02285831607878208,5.409704208374023,8.02072811126709, by$ Weiner$ David$.$.
