target_pos,target_token,norm_suff,random_suff,norm_comp,random_comp
22, to,0.0004404593782965094,0.0,0.02008942700922489,0.024858644232153893
24, actor,0.0,0.0,0.011007732711732388,0.012310790829360485
26, has,0.003966104704886675,0.007171515841037035,0.018192464485764503,0.03182276338338852
28, a,0.01635604165494442,0.0,0.012296776287257671,0.004523927345871925
30, role,0.0,0.0,0.007895981892943382,0.007506662514060736
