norm_suff_mean,random_suff_mean,norm_comp_mean,random_comp_mean,final suff,final comp,target_tokens
0.004152521025389433,0.0014343032380566,0.013896477408707142,0.016204556450247765,2.895148515701294,3.902341842651367, to$ actor$ has$ a$ role
