target_pos,target_token,norm_suff,random_suff,norm_comp,random_comp
28, The,0.0005150265642441809,0.000631484785117209,0.014443383552134037,0.01585310511291027
30, were,0.0,0.0,0.022960660979151726,0.02262984961271286
32, war,0.0,0.0,0.010608074255287647,0.006435641553252935
34, the,0.017339544370770454,0.0,0.018166758120059967,0.012849106453359127
36,",",0.0,0.0,0.015058307908475399,0.012305048294365406
