norm_suff_mean,random_suff_mean,norm_comp_mean,random_comp_mean,final suff,final comp,target_tokens
0.0035709142684936523,0.00012629695993382484,0.01624743640422821,0.014014551416039467,28.27395248413086,3.9246394634246826," The$ were$ war$ the$,"
