target_pos,target_token,norm_suff,random_suff,norm_comp,random_comp
18, in,0.0,0.0,0.023729266598820686,0.039863668382167816
20, middle,0.0,0.01500010397285223,0.029252005741000175,0.02700539492070675
22, the,0.0,0.0,0.035674531012773514,0.03361045569181442
24,th,0.0001998267398448661,0.012477455660700798,0.004094317089766264,0.0018798207165673375
26,.,0.1407039910554886,0.0,0.029052194207906723,0.017203575000166893
