norm_suff_mean,random_suff_mean,norm_comp_mean,random_comp_mean,final suff,final comp,target_tokens
0.028180763125419617,0.005495511926710606,0.02436046302318573,0.0239125844091177,5.127959728240967,0.8485428094863892, in$ middle$ the$th$.
