target_pos,target_token,norm_suff,random_suff,norm_comp,random_comp
17, ,0.004066242836415768,0.0,0.03836749121546745,0.07580497115850449
19, ,0.044587913900613785,0.012786433100700378,0.023303821682929993,0.03181810677051544
21, ,0.00019267280003987253,0.0,0.02564186602830887,0.025513285771012306
23, ,0.0009329927270300686,0.04366825893521309,0.01465379074215889,0.04058993235230446
25, ,0.004745653364807367,0.0,0.011511427350342274,0.016415143385529518
