norm_suff_mean,random_suff_mean,norm_comp_mean,random_comp_mean,final suff,final comp,target_tokens
0.010905095376074314,0.011290938593447208,0.02269567921757698,0.0380282886326313,0.9658271670341492,3.487203598022461, $ $ $ $ 
