target_pos,target_token,norm_suff,random_suff,norm_comp,random_comp
13, They,0.00010576181375654414,0.0,0.026898140087723732,0.05427587032318115
15, not,0.0,0.0,0.08439074456691742,0.053439609706401825
17,.,0.008776992559432983,0.02146269753575325,0.04195307567715645,0.04287470132112503
19,I,0.0,0.0,0.014207444153726101,0.025504525750875473
21,",",0.0,0.0,0.0073896246030926704,0.008783490397036076
