norm_suff_mean,random_suff_mean,norm_comp_mean,random_comp_mean,final suff,final comp,target_tokens
0.0017765508964657784,0.004292539786547422,0.034967806190252304,0.036975640803575516,0.4138694107532501,20.813161849975586," They$ not$.$I$,"
