target_pos,target_token,norm_suff,random_suff,norm_comp,random_comp
21, until,0.01237115915864706,0.0,0.03295524790883064,0.043143536895513535
23, French,0.0,0.005791952833533287,0.019444705918431282,0.012818362563848495
25, in,0.0,0.0,0.02515840344130993,0.016385260969400406
27,89,6.454196864069672e-06,3.2868595098989317e-06,0.006959037855267525,0.0036109602078795433
29, The,0.025222791358828545,0.0,0.00925444159656763,0.011571564711630344
