norm_suff_mean,random_suff_mean,norm_comp_mean,random_comp_mean,final suff,final comp,target_tokens
0.0075200810097157955,0.0011590479407459497,0.018754368647933006,0.017505938187241554,6.488153457641602,2.327892303466797, until$ French$ in$89$ The
