target_pos,target_token,norm_suff,random_suff,norm_comp,random_comp
16, and,0.0037065676879137754,0.0,0.07055185735225677,0.059996455907821655
18,.,0.032525427639484406,0.023658350110054016,0.01719963736832142,0.014441372826695442
20, is,0.01860691048204899,0.0,0.01864878088235855,0.015231183730065823
22, known,4.288675700081512e-05,0.0,0.002080317120999098,0.001933964784257114
24, his,0.0,0.0,0.004658512771129608,0.00649625901132822
