norm_suff_mean,random_suff_mean,norm_comp_mean,random_comp_mean,final suff,final comp,target_tokens
0.010976358316838741,0.004731670022010803,0.022627821192145348,0.01961984671652317,2.3197641372680664,1.7874641418457031, and$.$ is$ known$ his
