target_pos,target_token,norm_suff,random_suff,norm_comp,random_comp
16, ,0.0007398601155728102,0.0,0.13285571336746216,0.12016288191080093
18, ,0.0018198761390522122,0.0,0.026033872738480568,0.01720474287867546
20, ,0.0033913003280758858,0.0,0.027522273361682892,0.01461578719317913
22, ,0.0,0.0,0.009332251735031605,0.008903533220291138
24, ,0.0,0.005057649686932564,0.011611993424594402,0.017133517190814018
