norm_suff_mean,random_suff_mean,norm_comp_mean,random_comp_mean,final suff,final comp,target_tokens
0.0011902073165401816,0.0010115299373865128,0.041471224278211594,0.035604093223810196,1.1766407489776611,29.914194107055664, $ $ $ $ 
