target_pos,target_token,norm_suff,random_suff,norm_comp,random_comp
25, of,0.0,0.0,0.038813743740320206,0.0211629755795002
27,ra,0.0006497208378277719,0.000683869409840554,0.004336433485150337,0.0014790660934522748
29, and,0.0,0.0,0.007003867998719215,0.007486077956855297
31, from,0.0012734398478642106,0.025801576673984528,0.016206393018364906,0.013166223652660847
33,78,6.492333341157064e-05,0.0011533154174685478,0.006763529032468796,0.008416878990828991
