norm_suff_mean,random_suff_mean,norm_comp_mean,random_comp_mean,final suff,final comp,target_tokens
0.0003976168227382004,0.005527752451598644,0.014624792151153088,0.010342244990170002,0.07193101197481155,26.010581970214844, of$ra$ and$ from$78
