target_pos,target_token,norm_suff,random_suff,norm_comp,random_comp
12,"
",0.21781742572784424,0.05698610842227936,0.04579131677746773,0.12618233263492584
14, was,0.0005920702824369073,0.00024876469979062676,0.016395770013332367,0.013457202352583408
16, Sinclair,0.0,0.0,0.055241525173187256,0.03205668926239014
18, in,0.012561582960188389,0.0,0.03190406784415245,0.02702193893492222
20, early,0.0034490779507905245,0.0016071026911959052,0.016179688274860382,0.012343735434114933
