norm_suff_mean,random_suff_mean,norm_comp_mean,random_comp_mean,final suff,final comp,target_tokens
0.04688403382897377,0.011768395081162453,0.033102475106716156,0.04221237823367119,3.983893632888794,0.9003572463989258,"
$ was$ Sinclair$ in$ early"
