target_pos,target_token,norm_suff,random_suff,norm_comp,random_comp
21, ,0.009886622428894043,0.00444438774138689,0.039352525025606155,0.047420091927051544
23, ,0.0,0.0,0.01413646899163723,0.03274012729525566
25, ,0.016964765265583992,0.0028271886985749006,0.03640038147568703,0.014893144369125366
27, ,0.0,0.0,0.011271714232861996,0.010098036378622055
29, ,0.0,0.0011835854966193438,0.008059456944465637,0.014577054418623447
