norm_suff_mean,random_suff_mean,norm_comp_mean,random_comp_mean,final suff,final comp,target_tokens
0.0053702774457633495,0.0016910324338823557,0.021844109520316124,0.02394569292664528,3.17573881149292,4.458930492401123, $ $ $ $ 
