target_pos,target_token,norm_suff,random_suff,norm_comp,random_comp
22, who,0.0,0.0,0.0367845855653286,0.02127057872712612
24, a,0.0,0.0,0.006449945271015167,0.017064649611711502
26, agent,0.00019415636779740453,0.0,0.0037065260112285614,0.007975905202329159
28, He,0.0008491447078995407,0.0,0.013725416734814644,0.03448016941547394
30, played,0.00011620180157478899,0.0,0.006875322666019201,0.015591148287057877
