target_pos,target_token,norm_suff,random_suff,norm_comp,random_comp
26, ,0.0,0.0,0.02731676585972309,0.02271692454814911
28, ,0.0,0.0,0.027773121371865273,0.011049971915781498
30, ,0.006480451673269272,0.0050986153073608875,0.02438625879585743,0.008362838067114353
32, ,0.0,0.0,0.018512610346078873,0.015782956033945084
34, ,0.0021108239889144897,0.01776827499270439,0.009803811088204384,0.010579830966889858
