norm_suff_mean,random_suff_mean,norm_comp_mean,random_comp_mean,final suff,final comp,target_tokens
0.001718255109153688,0.004573378246277571,0.02155851386487484,0.013698503375053406,0.37570807337760925,7.972333908081055, $ $ $ $ 
