{
    "$schema": "../docs/rationalization.schema.json",
    "id": 115,
    "input-text": [
        "I",
        " thought",
        " it",
        " would",
        " be",
        " the",
        " easiest",
        " thing",
        " I",
        "'d",
        " ever",
        " encounter",
        ".",
        " (",
        "I",
        " tried",
        " to",
        " ignore",
        " my",
        " phone",
        " vibr",
        "ating",
        " in",
        " my",
        " pocket",
        ").",
        " But",
        " when",
        " I",
        " did",
        " end",
        " up",
        " encountering",
        " it",
        ",",
        " it",
        " turned",
        " out",
        " it",
        " wasn",
        "'t",
        " so"
    ],
    "input-tokens": [
        40,
        1807,
        340,
        561,
        307,
        262,
        16638,
        1517,
        314,
        1549,
        1683,
        8791,
        13,
        357,
        40,
        3088,
        284,
        8856,
        616,
        3072,
        12611,
        803,
        287,
        616,
        10000,
        737,
        887,
        618,
        314,
        750,
        886,
        510,
        42398,
        340,
        11,
        340,
        2900,
        503,
        340,
        2492,
        470,
        523
    ],
    "target-text": " easy",
    "target-token": 2562,
    "rational-size": 8,
    "rational-positions": [
        0,
        6,
        20,
        28,
        35,
        38,
        40,
        41
    ],
    "rational-text": [
        "I",
        " easiest",
        " vibr",
        " I",
        " it",
        " it",
        "'t",
        " so"
    ],
    "rational-tokens": [
        40,
        16638,
        12611,
        314,
        340,
        340,
        470,
        523
    ],
    "importance-scores": [
        0.057243574410676956,
        9.481483653761558e-11,
        7.022862064332003e-06,
        1.8862596207203097e-10,
        1.0632761338058572e-08,
        0.09415049850940704,
        0.2459467351436615,
        1.0911670642599347e-06,
        2.0692714035319693e-12,
        0.005553164519369602,
        4.410015755351715e-11,
        3.28799343641043e-15,
        8.798563960743522e-11,
        2.533173052831489e-13,
        4.1853543200631727e-13,
        8.81289885512615e-09,
        2.9134715973100356e-08,
        2.1363340512847023e-13,
        0.0011169544886797667,
        8.694658491445462e-13,
        9.685436046930063e-13,
        7.863625028914356e-11,
        8.013545382823395e-09,
        8.140047498272907e-07,
        2.3831534523566233e-09,
        1.849095529471434e-11,
        7.858692185891414e-08,
        3.130714437693527e-11,
        3.089317601734365e-08,
        6.172099636936323e-11,
        1.008506429409084e-12,
        3.707436952110708e-15,
        8.09178621325032e-15,
        1.726644001387445e-13,
        1.310987152169929e-10,
        5.598017188690463e-11,
        2.836859280819226e-08,
        0.00015997810987755656,
        0.10334490239620209,
        4.1131303918362505e-10,
        0.2918548285961151,
        0.20062024891376495
    ],
    "comments": {
        "created-by": "run_analogies.py",
        "args": {
            "model": "gpt2-xl",
            "cache_dir": "cache/",
            "tokenizer": "gpt2-xl",
            "data_dir": "data/analogies/gpt2_xl",
            "importance_results_dir": "rationalization_results/analogies/gpt2_xl_ours/top3_replace0.3_max3000_batch10",
            "device": "cuda",
            "rationalization_config": "config//top3_replace0.3_max3000_batch10.json",
            "input_num_ratio": 1.0,
            "logfolder": "logs/analogies/gpt2_xl_ours/top3_replace0.3_max3000_batch10",
            "loglevel": 20
        },
        "time_elapsed": 84.80214095115662,
        "separate_rational": [
            [
                " so",
                ").",
                " (",
                "'t",
                " it"
            ],
            [
                "'t",
                " easiest",
                " it",
                " so",
                " I"
            ],
            [
                "'t",
                " vibr",
                " so",
                " end",
                " it"
            ],
            [
                " so",
                "'d",
                " easiest",
                "I",
                "'t"
            ],
            [
                "I",
                " easiest",
                " But",
                " so",
                " encounter"
            ],
            [
                " it",
                "'t",
                " easiest",
                " wasn",
                "I"
            ],
            [
                " easiest",
                " so",
                " my",
                "'t",
                " out"
            ],
            [
                " the",
                " easiest",
                "'t",
                " when",
                " so"
            ],
            [
                "'t",
                " so",
                " it",
                " my",
                " I"
            ],
            [
                " easiest",
                " so",
                " it",
                "'t",
                " vibr"
            ]
        ]
    }
}