{
    "$schema": "../docs/rationalization.schema.json",
    "id": 154,
    "input-text": [
        "I",
        " had",
        " never",
        " been",
        " friends",
        " with",
        " any",
        " Icelandic",
        " people",
        " before",
        ".",
        " (",
        "The",
        " funn",
        "iest",
        " thing",
        " happened",
        " to",
        " me",
        " the",
        " other",
        " day",
        ",",
        " but",
        " that",
        "'s",
        " a",
        " story",
        " for",
        " another",
        " time",
        ").",
        " In",
        " fact",
        ",",
        " I",
        " had",
        " never",
        " even",
        " been",
        " to"
    ],
    "input-tokens": [
        40,
        550,
        1239,
        587,
        2460,
        351,
        597,
        41959,
        661,
        878,
        13,
        357,
        464,
        36090,
        6386,
        1517,
        3022,
        284,
        502,
        262,
        584,
        1110,
        11,
        475,
        326,
        338,
        257,
        1621,
        329,
        1194,
        640,
        737,
        554,
        1109,
        11,
        314,
        550,
        1239,
        772,
        587,
        284
    ],
    "target-text": " Iceland",
    "target-token": 17333,
    "rational-size": 10,
    "rational-positions": [
        0,
        4,
        7,
        11,
        30,
        31,
        33,
        35,
        39,
        40
    ],
    "rational-text": [
        "I",
        " friends",
        " Icelandic",
        " (",
        " time",
        ").",
        " fact",
        " I",
        " been",
        " to"
    ],
    "rational-tokens": [
        40,
        2460,
        41959,
        357,
        640,
        737,
        1109,
        314,
        587,
        284
    ],
    "importance-scores": [
        2.720148017942847e-07,
        5.479870897329153e-12,
        2.9408615299930663e-13,
        3.03796938506181e-14,
        4.425138013600635e-17,
        2.2881869732316318e-09,
        1.0049129768336523e-13,
        0.5107490420341492,
        6.153315357249056e-11,
        4.7393708390035174e-15,
        1.7674409705974517e-14,
        0.019487446174025536,
        2.9165962978083826e-09,
        1.0300101903663005e-14,
        2.60664515146225e-12,
        3.1668302962611916e-12,
        5.518505759027903e-07,
        1.4002998335659956e-15,
        3.599012643462629e-09,
        2.899706386548566e-16,
        2.6577196931935887e-13,
        2.5256606075080073e-15,
        5.900794349145144e-06,
        2.0264656086510513e-07,
        6.474488913749132e-12,
        1.5111481944246608e-12,
        4.0391753941548814e-08,
        1.004095090290113e-16,
        9.29274717912895e-18,
        3.441191123973293e-17,
        5.910534355280106e-07,
        0.09885358065366745,
        8.401124170246896e-14,
        6.10725858773975e-10,
        5.602307759593526e-18,
        1.8846271210293253e-09,
        2.9837508019880943e-09,
        0.07089771330356598,
        1.655929970922898e-08,
        0.30000466108322144,
        5.18335285804028e-09
    ],
    "comments": {
        "created-by": "run_analogies.py",
        "args": {
            "model": "gpt2-xl",
            "cache_dir": "cache/",
            "tokenizer": "gpt2-xl",
            "data_dir": "data/analogies/gpt2_xl",
            "importance_results_dir": "rationalization_results/analogies/gpt2_xl_ours/top3_replace0.3_max3000_batch10",
            "device": "cuda",
            "rationalization_config": "config//top3_replace0.3_max3000_batch10.json",
            "input_num_ratio": 1.0,
            "logfolder": "logs/analogies/gpt2_xl_ours/top3_replace0.3_max3000_batch10",
            "loglevel": 20
        },
        "time_elapsed": 50.76397752761841,
        "separate_rational": [
            [
                " Icelandic",
                " been",
                " even",
                " fact",
                " ("
            ],
            [
                " never",
                " (",
                " Icelandic",
                ",",
                "I"
            ],
            [
                " been",
                "iest",
                " any",
                " Icelandic",
                " fact"
            ],
            [
                " been",
                " Icelandic",
                " fact",
                " time",
                " I"
            ],
            [
                " Icelandic",
                " to",
                " me",
                " people",
                " been"
            ],
            [
                ").",
                " Icelandic",
                " been",
                " time",
                " happened"
            ],
            [
                " Icelandic",
                " been",
                " time",
                " friends",
                ")."
            ],
            [
                " been",
                " Icelandic",
                " to",
                " friends",
                "I"
            ],
            [
                " Icelandic",
                ").",
                " been",
                "I",
                " to"
            ],
            [
                " Icelandic",
                ",",
                " been",
                " I",
                " time"
            ]
        ]
    }
}