{
    "$schema": "../docs/rationalization.schema.json",
    "id": 185,
    "input-text": [
        "I",
        " really",
        " wanted",
        " to",
        " buy",
        " the",
        " onion",
        ",",
        " more",
        " than",
        " I",
        " ever",
        " wanted",
        " to",
        " buy",
        " anything",
        " before",
        ".",
        " (",
        "I",
        " was",
        " also",
        " behind",
        " on",
        " my",
        " homework",
        ",",
        " but",
        " that",
        "'s",
        " another",
        " story",
        ").",
        " So",
        " I",
        " went",
        " to",
        " the",
        " store",
        " and",
        " asked",
        " if",
        " they",
        " had",
        " any"
    ],
    "input-tokens": [
        40,
        1107,
        2227,
        284,
        2822,
        262,
        21670,
        11,
        517,
        621,
        314,
        1683,
        2227,
        284,
        2822,
        1997,
        878,
        13,
        357,
        40,
        373,
        635,
        2157,
        319,
        616,
        26131,
        11,
        475,
        326,
        338,
        1194,
        1621,
        737,
        1406,
        314,
        1816,
        284,
        262,
        3650,
        290,
        1965,
        611,
        484,
        550,
        597
    ],
    "target-text": " onions",
    "target-token": 24681,
    "rational-size": 9,
    "rational-positions": [
        6,
        23,
        34,
        38,
        39,
        40,
        41,
        43,
        44
    ],
    "rational-text": [
        " onion",
        " on",
        " I",
        " store",
        " and",
        " asked",
        " if",
        " had",
        " any"
    ],
    "rational-tokens": [
        21670,
        319,
        314,
        3650,
        290,
        1965,
        611,
        550,
        597
    ],
    "importance-scores": [
        0.0015534632839262486,
        0.0019519608467817307,
        0.001117949839681387,
        0.004306931979954243,
        0.001218575518578291,
        0.0014907070435583591,
        0.38820743560791016,
        0.0018013535300269723,
        0.003879590891301632,
        0.005602192599326372,
        0.0019602635875344276,
        0.0032751066610217094,
        0.002459067851305008,
        0.0015122037148103118,
        0.003943646792322397,
        0.0014107601018622518,
        0.00283602112904191,
        0.0015497765270993114,
        0.0010467779356986284,
        0.005563093349337578,
        0.0013265021843835711,
        0.0008975596283562481,
        0.0019000816391780972,
        0.005665889475494623,
        0.0029079532250761986,
        0.0009761237306520343,
        0.003324278397485614,
        0.0057980576530098915,
        0.0011665459023788571,
        0.004717038478702307,
        0.0023250775411725044,
        0.003151476616039872,
        0.0009302901453338563,
        0.11063753068447113,
        0.1129964217543602,
        0.0043476652354002,
        0.0010891753481701016,
        0.00444394676014781,
        0.11048509180545807,
        0.0012419114354997873,
        0.004207166377454996,
        0.06340551376342773,
        0.0011512326309457421,
        0.0009556373115628958,
        0.11326500028371811
    ],
    "comments": {
        "created-by": "run_analogies.py",
        "args": {
            "model": "gpt2-xl",
            "cache_dir": "cache/",
            "tokenizer": "gpt2-xl",
            "data_dir": "data/analogies/gpt2_xl",
            "importance_results_dir": "rationalization_results/analogies/gpt2_xl_ours/top3_replace0.3_max3000_batch10",
            "device": "cuda",
            "rationalization_config": "config//top3_replace0.3_max3000_batch10.json",
            "input_num_ratio": 1.0,
            "logfolder": "logs/analogies/gpt2_xl_ours/top3_replace0.3_max3000_batch10",
            "loglevel": 20
        },
        "time_elapsed": 740.1132094860077,
        "separate_rational": [
            [
                " any",
                " onion",
                " buy",
                " on",
                " had"
            ],
            [
                " So",
                " the",
                " homework",
                " another",
                " onion"
            ],
            [
                " onion",
                " but",
                " on",
                "I",
                "'s"
            ],
            [
                " onion",
                " had",
                " wanted",
                " I",
                " they"
            ],
            [
                " if",
                " onion",
                " went",
                " asked",
                " anything"
            ],
            [
                " store",
                " than",
                " more",
                " onion",
                " and"
            ],
            [
                " I",
                " onion",
                " wanted",
                " asked",
                " and"
            ],
            [
                " onion",
                " store",
                ").",
                " story",
                " that"
            ],
            [
                " onion",
                " had",
                " asked",
                " any",
                " buy"
            ],
            [
                " onion",
                " any",
                " store",
                " I",
                " if"
            ]
        ]
    }
}