{
    "$schema": "../docs/rationalization.schema.json",
    "id": 25,
    "input-text": [
        "When",
        " my",
        " flight",
        " landed",
        " in",
        " Thailand",
        ",",
        " I",
        " converted",
        " my",
        " currency",
        " and",
        " slowly",
        " fell",
        " asleep",
        ".",
        " (",
        "I",
        " was",
        " behind",
        " on",
        " a",
        " couple",
        " of",
        " assignments",
        ",",
        " but",
        " I",
        " tried",
        " not",
        " to",
        " think",
        " about",
        " them",
        ").",
        " I",
        " was",
        " staying",
        " in",
        " the",
        " capital",
        ","
    ],
    "input-tokens": [
        2215,
        616,
        5474,
        11406,
        287,
        16952,
        11,
        314,
        11513,
        616,
        7395,
        290,
        6364,
        3214,
        16039,
        13,
        357,
        40,
        373,
        2157,
        319,
        257,
        3155,
        286,
        25815,
        11,
        475,
        314,
        3088,
        407,
        284,
        892,
        546,
        606,
        737,
        314,
        373,
        10589,
        287,
        262,
        3139,
        11
    ],
    "target-text": " Bangkok",
    "target-token": 35007,
    "rational-size": 9,
    "rational-positions": [
        0,
        1,
        2,
        3,
        5,
        36,
        37,
        38,
        40
    ],
    "rational-text": [
        "When",
        " my",
        " flight",
        " landed",
        " Thailand",
        " was",
        " staying",
        " in",
        " capital"
    ],
    "rational-tokens": [
        2215,
        616,
        5474,
        11406,
        16952,
        373,
        10589,
        287,
        3139
    ],
    "importance-scores": [
        3.715156654866357e-32,
        3.7254373905619114e-37,
        1.9245870890282152e-32,
        2.2771367996862263e-32,
        4.3504555585009766e-23,
        0.20000000298023224,
        6.0559668978639556e-33,
        0.0,
        6.776220939287572e-33,
        1.8593254790755625e-39,
        9.028473519946151e-39,
        1.2973728551223234e-27,
        1.3300641672842976e-22,
        1.4163050256312101e-37,
        2.747846894876128e-26,
        2.779337621322408e-27,
        1.2473119956834531e-23,
        4.32423754105919e-29,
        2.079460555562758e-35,
        0.0,
        3.874195648210565e-37,
        5.605193857299268e-44,
        0.0,
        5.332028097780103e-36,
        3.6666012536602545e-22,
        0.0,
        1.2274406686992492e-30,
        2.243502141053858e-34,
        1.6309292436737248e-40,
        0.0,
        5.857618242273225e-32,
        1.975830834697992e-43,
        0.0,
        3.755844221991234e-40,
        2.0166410282949822e-15,
        2.319515299578789e-34,
        0.20000000298023224,
        0.20000000298023224,
        5.471102273345773e-15,
        0.20000000298023224,
        0.20000000298023224,
        9.550057403688679e-24
    ],
    "comments": {
        "created-by": "run_analogies.py",
        "args": {
            "model": "gpt2-xl",
            "cache_dir": "cache/",
            "tokenizer": "gpt2-xl",
            "data_dir": "data/analogies/gpt2_xl",
            "importance_results_dir": "rationalization_results/analogies/gpt2_xl_ours/top3_replace0.3_max3000_batch10",
            "device": "cuda",
            "rationalization_config": "config//top3_replace0.3_max3000_batch10.json",
            "input_num_ratio": 1.0,
            "logfolder": "logs/analogies/gpt2_xl_ours/top3_replace0.3_max3000_batch10",
            "loglevel": 20
        },
        "time_elapsed": 707.7865879535675,
        "separate_rational": [
            [
                " capital",
                " Thailand",
                " staying",
                "When",
                " was"
            ],
            [
                " Thailand",
                "When",
                " my",
                " flight",
                " landed"
            ],
            [
                " capital",
                " I",
                " Thailand",
                "When",
                " my"
            ],
            [
                " the",
                " Thailand",
                " capital",
                " slowly",
                " asleep"
            ],
            [
                " Thailand",
                " capital",
                ").",
                " assignments",
                " in"
            ],
            [
                " Thailand",
                " on",
                " and",
                " was",
                " capital"
            ],
            [
                " capital",
                "When",
                " my",
                " flight",
                " landed"
            ],
            [
                " was",
                " capital",
                " Thailand",
                " in",
                " staying"
            ],
            [
                " staying",
                " Thailand",
                " (",
                ",",
                " capital"
            ],
            [
                " in",
                " Thailand",
                " but",
                ",",
                " capital"
            ]
        ]
    }
}