{
    "$schema": "../docs/rationalization.schema.json",
    "id": 30,
    "input-text": [
        "When",
        " my",
        " flight",
        " landed",
        " in",
        " Belgium",
        ",",
        " I",
        " converted",
        " my",
        " currency",
        " and",
        " slowly",
        " fell",
        " asleep",
        ".",
        " (",
        "I",
        " was",
        " behind",
        " on",
        " a",
        " couple",
        " of",
        " assignments",
        ",",
        " but",
        " I",
        " tried",
        " not",
        " to",
        " think",
        " about",
        " them",
        ").",
        " I",
        " was",
        " staying",
        " in",
        " the",
        " capital",
        ","
    ],
    "input-tokens": [
        2215,
        616,
        5474,
        11406,
        287,
        15664,
        11,
        314,
        11513,
        616,
        7395,
        290,
        6364,
        3214,
        16039,
        13,
        357,
        40,
        373,
        2157,
        319,
        257,
        3155,
        286,
        25815,
        11,
        475,
        314,
        3088,
        407,
        284,
        892,
        546,
        606,
        737,
        314,
        373,
        10589,
        287,
        262,
        3139,
        11
    ],
    "target-text": " Brussels",
    "target-token": 16445,
    "rational-size": 10,
    "rational-positions": [
        0,
        5,
        7,
        20,
        29,
        34,
        36,
        39,
        40,
        41
    ],
    "rational-text": [
        "When",
        " Belgium",
        " I",
        " on",
        " not",
        ").",
        " was",
        " the",
        " capital",
        ","
    ],
    "rational-tokens": [
        2215,
        15664,
        314,
        319,
        407,
        737,
        373,
        262,
        3139,
        11
    ],
    "importance-scores": [
        0.0,
        0.0,
        0.0,
        0.0,
        0.0,
        0.15969188511371613,
        0.0,
        0.0,
        0.0,
        0.0,
        0.0,
        0.0,
        2.8306228979361305e-43,
        0.0,
        0.0,
        0.0,
        0.0,
        0.0,
        0.0,
        0.0,
        0.0,
        0.0,
        0.0,
        0.0,
        0.0,
        3.363116314379561e-44,
        0.0,
        0.0,
        0.0,
        0.0,
        9.795076265630471e-43,
        0.0,
        0.0,
        0.0,
        5.084840806164956e-24,
        1.536523766132162e-41,
        0.8403081297874451,
        0.0,
        0.0,
        1.5760002698129845e-28,
        1.295012363583814e-22,
        0.0
    ],
    "comments": {
        "created-by": "run_analogies.py",
        "args": {
            "model": "gpt2-xl",
            "cache_dir": "cache/",
            "tokenizer": "gpt2-xl",
            "data_dir": "data/analogies/gpt2_xl",
            "importance_results_dir": "rationalization_results/analogies/gpt2_xl_ours/top3_replace0.3_max3000_batch10",
            "device": "cuda",
            "rationalization_config": "config//top3_replace0.3_max3000_batch10.json",
            "input_num_ratio": 1.0,
            "logfolder": "logs/analogies/gpt2_xl_ours/top3_replace0.3_max3000_batch10",
            "loglevel": 20
        },
        "time_elapsed": 709.8953697681427,
        "separate_rational": [
            [
                " not",
                " Belgium",
                " on",
                " the",
                ")."
            ],
            [
                " in",
                " Belgium",
                "When",
                " fell",
                " of"
            ],
            [
                " flight",
                " on",
                " Belgium",
                ").",
                " a"
            ],
            [
                " was",
                " Belgium",
                " capital",
                ").",
                " the"
            ],
            [
                "I",
                " was",
                " converted",
                " Belgium",
                " capital"
            ],
            [
                ").",
                " staying",
                " Belgium",
                " capital",
                "When"
            ],
            [
                " Belgium",
                ",",
                " I",
                ").",
                " behind"
            ],
            [
                " Belgium",
                " was",
                " asleep",
                " not",
                ")."
            ],
            [
                " capital",
                ",",
                " Belgium",
                " but",
                " currency"
            ],
            [
                " the",
                " capital",
                " Belgium",
                " on",
                " I"
            ]
        ]
    }
}