{
    "$schema": "../docs/rationalization.schema.json",
    "id": 97,
    "input-text": [
        "I",
        " knew",
        " it",
        " was",
        " heavy",
        ",",
        " but",
        " that",
        "'s",
        " before",
        " I",
        " saw",
        " it",
        " in",
        " person",
        ".",
        " (",
        "Just",
        " then",
        " I",
        " thought",
        " about",
        " my",
        " ex",
        "-",
        "wife",
        ",",
        " but",
        " I",
        " had",
        " to",
        " stop",
        " thinking",
        " about",
        " her",
        ").",
        " When",
        " I",
        " did",
        " end",
        " up",
        " seeing",
        " it",
        " in",
        " person",
        ",",
        " it",
        " was",
        " even"
    ],
    "input-tokens": [
        40,
        2993,
        340,
        373,
        4334,
        11,
        475,
        326,
        338,
        878,
        314,
        2497,
        340,
        287,
        1048,
        13,
        357,
        5703,
        788,
        314,
        1807,
        546,
        616,
        409,
        12,
        22095,
        11,
        475,
        314,
        550,
        284,
        2245,
        3612,
        546,
        607,
        737,
        1649,
        314,
        750,
        886,
        510,
        4379,
        340,
        287,
        1048,
        11,
        340,
        373,
        772
    ],
    "target-text": " heavier",
    "target-token": 20140,
    "rational-size": 9,
    "rational-positions": [
        0,
        2,
        3,
        4,
        11,
        45,
        46,
        47,
        48
    ],
    "rational-text": [
        "I",
        " it",
        " was",
        " heavy",
        " saw",
        ",",
        " it",
        " was",
        " even"
    ],
    "rational-tokens": [
        40,
        340,
        373,
        4334,
        2497,
        11,
        340,
        373,
        772
    ],
    "importance-scores": [
        5.211300463085513e-22,
        1.8011392094863735e-23,
        3.2113990286464222e-12,
        0.1104515865445137,
        0.3367592990398407,
        1.8626240549934892e-09,
        8.990461934186054e-20,
        1.5627642680361015e-14,
        2.8663809496053625e-26,
        1.2543012417154387e-05,
        6.441826383096435e-16,
        2.3693152474690837e-12,
        8.575046229649497e-25,
        2.8834587064334525e-16,
        2.3207121557788923e-05,
        2.2579158006825203e-22,
        1.3735144239954792e-21,
        2.9038040672495864e-15,
        6.136671831970578e-29,
        1.0822783065524057e-14,
        2.0433151545952042e-15,
        5.023415629865427e-14,
        2.8819008892057997e-21,
        5.149503715608017e-17,
        7.743259429916077e-14,
        6.791275318174005e-28,
        1.9724753724013724e-19,
        0.11110838502645493,
        1.869161005031988e-18,
        2.5452058709388133e-24,
        2.0270385694807656e-15,
        8.688621926276058e-23,
        1.169263998307688e-19,
        1.3251521978062665e-29,
        4.0187949675429435e-19,
        2.986920022231862e-15,
        8.867630524606817e-19,
        6.340599687763244e-24,
        0.05589952692389488,
        9.00605517635897e-27,
        6.927219336636613e-25,
        7.317898796156165e-17,
        4.1322695694356904e-24,
        2.117445784073006e-15,
        2.3332376341330535e-14,
        5.1148798974054444e-08,
        6.715317016380614e-15,
        0.16593384742736816,
        0.2198115885257721
    ],
    "comments": {
        "created-by": "run_analogies.py",
        "args": {
            "model": "gpt2-xl",
            "cache_dir": "cache/",
            "tokenizer": "gpt2-xl",
            "data_dir": "data/analogies/gpt2_xl",
            "importance_results_dir": "rationalization_results/analogies/gpt2_xl_ours/top3_replace0.3_max3000_batch10",
            "device": "cuda",
            "rationalization_config": "config//top3_replace0.3_max3000_batch10.json",
            "input_num_ratio": 1.0,
            "logfolder": "logs/analogies/gpt2_xl_ours/top3_replace0.3_max3000_batch10",
            "loglevel": 20
        },
        "time_elapsed": 759.6833596229553,
        "separate_rational": [
            [
                " was",
                " heavy",
                "I",
                " even",
                " was"
            ],
            [
                " did",
                " was",
                " heavy",
                " even",
                ","
            ],
            [
                " but",
                " was",
                " even",
                " that",
                " heavy"
            ],
            [
                " even",
                " heavy",
                " person",
                " before",
                ","
            ],
            [
                " even",
                " was",
                " it",
                " heavy",
                " it"
            ],
            [
                " was",
                " heavy",
                " even",
                " saw",
                " to"
            ],
            [
                " even",
                "I",
                " knew",
                " it",
                " was"
            ],
            [
                " heavy",
                " was",
                "-",
                ".",
                " was"
            ],
            [
                " heavy",
                " even",
                " saw",
                " was",
                " it"
            ],
            [
                " heavy",
                " it",
                " was",
                " was",
                " it"
            ]
        ]
    }
}