{
    "$schema": "../docs/rationalization.schema.json",
    "id": 99,
    "input-text": [
        "I",
        " knew",
        " it",
        " was",
        " long",
        ",",
        " but",
        " that",
        "'s",
        " before",
        " I",
        " saw",
        " it",
        " in",
        " person",
        ".",
        " (",
        "Just",
        " then",
        " I",
        " thought",
        " about",
        " my",
        " ex",
        "-",
        "wife",
        ",",
        " but",
        " I",
        " had",
        " to",
        " stop",
        " thinking",
        " about",
        " her",
        ").",
        " When",
        " I",
        " did",
        " end",
        " up",
        " seeing",
        " it",
        " in",
        " person",
        ",",
        " it",
        " was",
        " even"
    ],
    "input-tokens": [
        40,
        2993,
        340,
        373,
        890,
        11,
        475,
        326,
        338,
        878,
        314,
        2497,
        340,
        287,
        1048,
        13,
        357,
        5703,
        788,
        314,
        1807,
        546,
        616,
        409,
        12,
        22095,
        11,
        475,
        314,
        550,
        284,
        2245,
        3612,
        546,
        607,
        737,
        1649,
        314,
        750,
        886,
        510,
        4379,
        340,
        287,
        1048,
        11,
        340,
        373,
        772
    ],
    "target-text": " longer",
    "target-token": 2392,
    "rational-size": 9,
    "rational-positions": [
        2,
        4,
        6,
        9,
        12,
        41,
        46,
        47,
        48
    ],
    "rational-text": [
        " it",
        " long",
        " but",
        " before",
        " it",
        " seeing",
        " it",
        " was",
        " even"
    ],
    "rational-tokens": [
        340,
        890,
        475,
        878,
        340,
        4379,
        340,
        373,
        772
    ],
    "importance-scores": [
        0.039937712252140045,
        0.11104223132133484,
        0.0005285954102873802,
        6.165383092593402e-05,
        0.007273618597537279,
        3.609665734718992e-13,
        0.013437624089419842,
        1.2162686289229896e-05,
        0.0002043173008132726,
        0.10363780707120895,
        4.9511287215864286e-05,
        1.1061084705943358e-06,
        0.11114490032196045,
        7.1836126380731e-08,
        1.407792206009617e-05,
        4.864702418672096e-07,
        1.1027774604599472e-07,
        0.019132373854517937,
        9.53957496676594e-05,
        7.854642283811053e-12,
        7.529661161242984e-06,
        1.3003379706333362e-07,
        6.428888355003437e-07,
        0.055647823959589005,
        2.5024050955835264e-06,
        2.7335477170709055e-06,
        1.949272565582305e-08,
        3.770271594927266e-10,
        0.00035882857628166676,
        2.0428306157782572e-08,
        5.532741056413215e-07,
        0.00035810598637908697,
        0.00014991509669926018,
        0.11087694764137268,
        9.192406650981866e-06,
        2.200579911004752e-05,
        0.0001339920563623309,
        1.7901199953485047e-06,
        0.05056781694293022,
        0.10012957453727722,
        2.1375650248955935e-05,
        0.07640460133552551,
        3.02693424600875e-05,
        0.007210494950413704,
        0.0022918758913874626,
        2.4596802177256905e-05,
        0.05050251632928848,
        0.009131715632975101,
        0.1295386701822281
    ],
    "comments": {
        "created-by": "run_analogies.py",
        "args": {
            "model": "gpt2-xl",
            "cache_dir": "cache/",
            "tokenizer": "gpt2-xl",
            "data_dir": "data/analogies/gpt2_xl",
            "importance_results_dir": "rationalization_results/analogies/gpt2_xl_ours/top3_replace0.3_max3000_batch10",
            "device": "cuda",
            "rationalization_config": "config//top3_replace0.3_max3000_batch10.json",
            "input_num_ratio": 1.0,
            "logfolder": "logs/analogies/gpt2_xl_ours/top3_replace0.3_max3000_batch10",
            "loglevel": 20
        },
        "time_elapsed": 769.1198348999023,
        "separate_rational": [
            [
                " about",
                " even",
                " long",
                " it",
                " that"
            ],
            [
                " knew",
                " it",
                " but",
                " even",
                " long"
            ],
            [
                " seeing",
                "Just",
                " but",
                " long",
                " even"
            ],
            [
                " end",
                " it",
                " before",
                " it",
                " even"
            ],
            [
                " even",
                " about",
                " was",
                " I",
                " in"
            ],
            [
                " did",
                "I",
                " even",
                " person",
                " but"
            ],
            [
                " before",
                " in",
                " even",
                " seeing",
                " it"
            ],
            [
                " it",
                " it",
                " even",
                " up",
                " it"
            ],
            [
                " ex",
                " it",
                " even",
                " long",
                " I"
            ],
            [
                " even",
                " was",
                " it",
                " long",
                " was"
            ]
        ]
    }
}