target_pos,target_token,norm_suff,random_suff,norm_comp,random_comp
49, I,0.02902093529701233,0.0,0.021843142807483673,0.022329557687044144
51,'t,0.009664840064942837,0.0,0.005229251459240913,0.004312599077820778
53,.,0.0185307078063488,0.0,0.015296629630029202,0.005586646031588316
55, just,0.0,0.0,0.04661998525261879,0.016278492286801338
57,.,0.0,0.0,0.023137329146265984,0.007565481122583151
