target_pos,target_token,norm_suff,random_suff,norm_comp,random_comp
52, ,0.28431564569473267,0.0,0.0542328879237175,0.015058720484375954
54,She,0.0,0.0,0.03838087618350983,0.046130500733852386
56, drinking,0.0,0.0,0.03802981972694397,0.017300035804510117
58, green,0.04429809749126434,0.0,0.04441698268055916,0.024459153413772583
60,.,0.035578735172748566,0.08892882615327835,0.09722895920276642,0.05085163936018944
