target_pos,target_token,norm_suff,random_suff,norm_comp,random_comp
51, She,0.004841153975576162,0.009134097956120968,0.027630656957626343,0.018105393275618553
53, drinking,0.0,0.0,0.025520281866192818,0.026702724397182465
55,.,0.0,0.0,0.08114387094974518,0.016587065532803535
57, was,0.04315249249339104,0.0,0.024478165432810783,0.011309443041682243
59, it,0.0642346516251564,0.02646247297525406,0.028620783239603043,0.02950824424624443
