norm_suff_mean,random_suff_mean,norm_comp_mean,random_comp_mean,final suff,final comp,target_tokens
0.07283850014209747,0.01778576523065567,0.054457902908325195,0.030760010704398155,4.095325469970703,0.42230427265167236, $She$ drinking$ green$.
