norm_suff_mean,random_suff_mean,norm_comp_mean,random_comp_mean,final suff,final comp,target_tokens
0.022445661947131157,0.007119314279407263,0.03747875243425369,0.020442573353648186,3.1527843475341797,0.9107583165168762, She$ drinking$.$ was$ it
