target_pos,target_token,norm_suff,random_suff,norm_comp,random_comp
57, I,0.06756646186113358,0.021166935563087463,0.07576439529657364,0.009541990235447884
59, no,0.012214514426887035,0.0,0.014502862468361855,0.03679921478033066
61,.,0.14414991438388824,0.0,0.08484092354774475,0.009653635323047638
63, had,0.0,0.033604566007852554,0.0337335579097271,0.015849702060222626
65, idea,0.12388921529054642,0.0,0.03934342786669731,0.03012130782008171
