norm_suff_mean,random_suff_mean,norm_comp_mean,random_comp_mean,final suff,final comp,target_tokens
0.06956402212381363,0.010954300872981548,0.04963703453540802,0.020393170416355133,6.35038423538208,0.29315686225891113, I$ no$.$ had$ idea
