target_pos,target_token,norm_suff,random_suff,norm_comp,random_comp
55, Why,0.0,0.0,0.04032423347234726,0.00952187366783619
57, M,0.012724736705422401,0.0,0.008518551476299763,0.00757229421287775
59,a,0.14666196703910828,0.0004678885161411017,0.001966561423614621,0.0002618466969579458
61, her,0.0,0.0013982161181047559,0.006242480594664812,0.006870134733617306
63, in,0.03795896843075752,0.0,0.02859778143465519,0.003824322484433651
