target_pos,target_token,norm_suff,random_suff,norm_comp,random_comp
56,"
",0.0,0.0,0.07549062371253967,0.037014175206422806
58, ,0.04972517117857933,0.0,0.11542347818613052,0.023693803697824478
60, ,0.07448219507932663,0.0,0.442798376083374,0.02695833332836628
62, ,0.005394588224589825,0.003978695720434189,0.046000946313142776,0.031374018639326096
64, ,0.0,0.0,0.04036061093211174,0.0243223849684
