norm_suff_mean,random_suff_mean,norm_comp_mean,random_comp_mean,final suff,final comp,target_tokens
0.025920391082763672,0.0007957391790114343,0.14401482045650482,0.02867254428565502,32.573978424072266,1.1061770915985107,"
$ $ $ $ "
