norm_suff_mean,random_suff_mean,norm_comp_mean,random_comp_mean,final suff,final comp,target_tokens
0.03946913406252861,0.0003732209443114698,0.017129922285676003,0.005610094405710697,105.75273132324219,0.1421387791633606, Why$ M$a$ her$ in
