target_pos,target_token,norm_suff,random_suff,norm_comp,random_comp
57,	,0.0,0.0,0.06273313611745834,0.03444797545671463
59, wanted,0.02439410798251629,0.0,0.01369717251509428,0.057709697633981705
61, announce,0.0,0.0,0.13932105898857117,0.07880201935768127
63, in,0.0,0.03762128949165344,0.015357526019215584,0.027379974722862244
65, fun,0.0,0.0,0.008926905691623688,0.01484147273004055
