norm_suff_mean,random_suff_mean,norm_comp_mean,random_comp_mean,final suff,final comp,target_tokens
0.004878821782767773,0.007524257991462946,0.04800716042518616,0.04263622686266899,0.6484123468399048,8.739041328430176,	$ wanted$ announce$ in$ fun
