target_pos,target_token,norm_suff,random_suff,norm_comp,random_comp
55,	,0.0,0.0,0.05468220263719559,0.01116472389549017
57,	,0.0,0.0,0.0588856115937233,0.028303509578108788
59,	,0.06467840820550919,0.014106657356023788,0.10972893238067627,0.01963811367750168
61,	,0.019090311601758003,0.0,0.04769950732588768,0.019700119271874428
63,	,0.10203754156827927,0.0,0.042741481214761734,0.03185535967350006
