norm_suff_mean,random_suff_mean,norm_comp_mean,random_comp_mean,final suff,final comp,target_tokens
0.03716125339269638,0.002821331610903144,0.06274755299091339,0.02213236503303051,13.171529769897461,0.5955764055252075,	$	$	$	$	
