target_pos,target_token,norm_suff,random_suff,norm_comp,random_comp
44,"
",0.0,0.05786273255944252,0.024931060150265694,0.010498064570128918
46,	,0.028882626444101334,0.0,0.05724858492612839,0.034776471555233
48,	,0.0,0.0,0.049147240817546844,0.011552040465176105
50,	,0.0,0.03295346349477768,0.047705888748168945,0.011783610098063946
52,	,0.0,0.0,0.05575362592935562,0.06165799871087074
