target_pos,target_token,norm_suff,random_suff,norm_comp,random_comp
43,	,0.0,0.0,0.03166395053267479,0.01243897806853056
45,	,0.025439755991101265,0.0,0.18782959878444672,0.04675614833831787
47,	,0.0,0.0,0.17139820754528046,0.012875977903604507
49,	,0.0,0.02785445749759674,0.08968039602041245,0.009604706428945065
51,	,0.00044653876102529466,0.0,0.0664575919508934,0.09934359788894653
