norm_suff_mean,random_suff_mean,norm_comp_mean,random_comp_mean,final suff,final comp,target_tokens
0.005177258979529142,0.0055708917789161205,0.10940594971179962,0.036203883588314056,0.9293411374092102,6.9928669929504395,	$	$	$	$	
