norm_suff_mean,random_suff_mean,norm_comp_mean,random_comp_mean,final suff,final comp,target_tokens
0.005776525475084782,0.01816323958337307,0.04695728048682213,0.026053637266159058,0.3180338740348816,4.510261058807373,"
$	$	$	$	"
