target_pos,target_token,norm_suff,random_suff,norm_comp,random_comp
64,"
",0.0,0.061559922993183136,0.06317881494760513,0.015158215537667274
66,	,0.10696211457252502,0.0,0.07279063016176224,0.030706515535712242
68,	,0.021968070417642593,0.0,0.040476083755493164,0.016513120383024216
70,	,0.018788151443004608,0.007420817855745554,0.056817807257175446,0.00912441872060299
72,	,0.05489722639322281,0.013460908085107803,0.030250150710344315,0.018307773396372795
