target_pos,target_token,norm_suff,random_suff,norm_comp,random_comp
63,"
",0.0,0.008866040036082268,0.07138296216726303,0.013500395230948925
65,	,0.030580973252654076,0.0,0.17680718004703522,0.05600135773420334
67,	,0.0,0.0,0.29318514466285706,0.018303710967302322
69,	,0.05658406391739845,0.01114132720977068,0.04144704341888428,0.012412559241056442
71,	,0.02149021252989769,0.0,0.03667794167995453,0.03397255018353462
