norm_suff_mean,random_suff_mean,norm_comp_mean,random_comp_mean,final suff,final comp,target_tokens
0.04052311182022095,0.0164883304387331,0.05270269513130188,0.017962008714675903,2.457684278488159,0.44325342774391174,"
$	$	$	$	"
