norm_suff_mean,random_suff_mean,norm_comp_mean,random_comp_mean,final suff,final comp,target_tokens
0.021731048822402954,0.004001473542302847,0.12390005588531494,0.026838114485144615,5.430761814117432,1.235012412071228,"
$	$	$	$	"
