target_pos,target_token,norm_suff,random_suff,norm_comp,random_comp
56, I,0.0,0.0,0.03923942148685455,0.007066397927701473
58, to,0.03650106489658356,0.0,0.007757085841149092,0.01238593552261591
60, a,0.025914140045642853,0.0,0.029436416923999786,0.012256172485649586
62,man,0.018250565975904465,0.01604967750608921,0.18203389644622803,0.01583985611796379
64, I,0.0,0.0,0.01937953010201454,0.014028194360435009
