norm_suff_mean,random_suff_mean,norm_comp_mean,random_comp_mean,final suff,final comp,target_tokens
0.016133153811097145,0.003209935501217842,0.05556926876306534,0.012315311469137669,5.026005744934082,0.7633542418479919, I$ to$ a$man$ I
