suff,comp,random_suff,random_comp
0.0036559628524153566,0.10705010435329498,0.0010483702229532002,0.030106497236216556
