suff,comp,random_suff,random_comp
0.045150828435874854,0.9341513516407806,0.021273936611924137,0.8415228233690953
