suff,comp,random_suff,random_comp
0.045150828435874854,0.9341513516407806,0.020479259489531377,0.8379512856232149
