suff,comp,random_suff,random_comp
0.045150828435874854,0.9341513516407806,0.023066655963427052,0.8578374304284865
