suff,comp,random_suff,random_comp
0.045150828435874854,0.9341513516407806,0.02595388478798318,0.8536432053144198
