suff,comp,random_suff,random_comp
0.045150828435874854,0.9341513516407806,0.023031246271303672,0.8670371510250092
