target_pos,target_token,norm_suff,random_suff,norm_comp,random_comp
44, Because,0.013096462935209274,0.0029575657099485397,0.009303710423409939,0.015222392976284027
46, was,0.016260748729109764,0.00860775075852871,0.004771166481077671,0.006314585451036692
48, good,0.0,0.003532827366143465,0.011891890317201614,0.00893651694059372
50,.,0.004213669802993536,0.0,0.0035273965913802385,0.01166779175400734
52, was,0.0,0.0072257984429597855,0.004004089627414942,0.0046348171308636665
