target_pos,target_token,norm_suff,random_suff,norm_comp,random_comp
44, Because,0.012979074381291866,0.00445854477584362,0.012530702166259289,0.004103643819689751
46, was,0.0031859171576797962,0.0011644014157354832,0.006785976700484753,0.0097379544749856
48, good,0.013414205051958561,0.009243869222700596,0.009459010325372219,0.015072652138769627
50,.,0.012028912082314491,0.0,0.008538908325135708,0.011686887592077255
52, was,0.0,0.0,0.007010981906205416,0.0068140290677547455
