norm_suff_mean,random_suff_mean,norm_comp_mean,random_comp_mean,final suff,final comp,target_tokens
0.006714176386594772,0.0044647883623838425,0.006699651014059782,0.009355220012366772,1.503806233406067,1.3933533430099487, Because$ was$ good$.$ was
