norm_suff_mean,random_suff_mean,norm_comp_mean,random_comp_mean,final suff,final comp,target_tokens
0.008321622386574745,0.002973363269120455,0.008865117095410824,0.009483033791184425,2.7987236976623535,1.1395654678344727, Because$ was$ good$.$ was
