target_pos,target_token,norm_suff,random_suff,norm_comp,random_comp
49, I,0.0009522709879092872,0.003869512351229787,0.005956451874226332,0.004203978925943375
51,'t,0.0005888244486413896,0.0005289247492328286,0.00018250643915962428,0.00023716835130471736
53,.,0.00825168564915657,0.0,0.005112219136208296,0.0077514322474598885
55, was,0.005807736422866583,0.0004982610698789358,0.006306298077106476,0.01051247213035822
57, happy,0.00409640371799469,0.0,0.007936115376651287,0.01329510286450386
