target_pos,target_token,norm_suff,random_suff,norm_comp,random_comp
49, I,0.0009747433359734714,0.0006535039865411818,0.004995317663997412,0.005675086751580238
51,'t,0.0004519108042586595,0.001159876468591392,0.00023674439580645412,0.00025410641683265567
53,.,0.0,0.0,0.007672873791307211,0.018471255898475647
55, was,0.0,0.0020823159720748663,0.007807271089404821,0.006158557254821062
57, happy,0.0,0.0027499604038894176,0.011364007368683815,0.007061776239424944
