norm_suff_mean,random_suff_mean,norm_comp_mean,random_comp_mean,final suff,final comp,target_tokens
0.003939384128898382,0.0009793397039175034,0.00509871868416667,0.007200031075626612,4.02249002456665,1.8277047872543335, I$'t$.$ was$ happy
