norm_suff_mean,random_suff_mean,norm_comp_mean,random_comp_mean,final suff,final comp,target_tokens
0.00028533083968795836,0.0013291314244270325,0.006415242794901133,0.007524156477302313,0.2146746665239334,26.369937896728516, I$'t$.$ was$ happy
