target_pos,target_token,norm_suff,random_suff,norm_comp,random_comp
75, I,0.00269014248624444,0.0,0.004375518299639225,0.005615064408630133
77, I,0.0,0.007364672143012285,0.0038842607755213976,0.003615093417465687
79, don,0.0013244739966467023,0.0012857310939580202,0.0033016777597367764,0.005827789194881916
81, know,0.0,0.004728539381176233,0.003199005965143442,0.002654773648828268
83, to,0.007473737001419067,0.0,0.003955596126616001,0.0030884717125445604
