target_pos,target_token,norm_suff,random_suff,norm_comp,random_comp
75, I,0.0034904053900390863,0.0,0.007299774792045355,0.004142677877098322
77, I,0.0024395333603024483,0.0,0.0046919602900743484,0.004070303402841091
79, don,0.0,0.0032431879080832005,0.0036724344827234745,0.00415706867352128
81, know,0.006108894478529692,0.0,0.003292705165222287,0.0036799239460378885
83, to,0.0,0.0015823936555534601,0.003197666024789214,0.0024644206278026104
