norm_suff_mean,random_suff_mean,norm_comp_mean,random_comp_mean,final suff,final comp,target_tokens
0.00229767058044672,0.002675788477063179,0.0037432119715958834,0.004160238429903984,0.8586891889572144,1.8106330633163452, I$ I$ don$ know$ to
