norm_suff_mean,random_suff_mean,norm_comp_mean,random_comp_mean,final suff,final comp,target_tokens
0.0024077666457742453,0.000965116370934993,0.004430908244103193,0.003702878952026367,2.4947941303253174,1.5378894805908203, I$ I$ don$ know$ to
