target_pos,target_token,norm_suff,random_suff,norm_comp,random_comp
51, She,3.866229599225335e-05,0.011359602212905884,0.004830231890082359,0.005632941611111164
53,'t,0.0,5.99204795435071e-05,0.0002485701406840235,0.00015498040011152625
55,.,0.004365939646959305,0.004772214684635401,0.0037877990398555994,0.0031392774544656277
57, just,0.001737600308842957,0.0,0.005388609133660793,0.006476979237049818
59, that,0.003743033856153488,0.006983783096075058,0.004360654857009649,0.005674420390278101
