target_pos,target_token,norm_suff,random_suff,norm_comp,random_comp
51, She,0.0036007605958729982,0.008168382570147514,0.0088203651830554,0.0066537922248244286
53,'t,0.0,0.0005681371549144387,0.0005188202485442162,0.00040483003249391913
55,.,0.0,0.0,0.007874737493693829,0.004474571440368891
57, just,0.0,0.003550500376150012,0.0055704317055642605,0.003983736503869295
59, that,0.002688152017071843,0.0,0.008658861741423607,0.0045044817961752415
