norm_suff_mean,random_suff_mean,norm_comp_mean,random_comp_mean,final suff,final comp,target_tokens
0.001977047184482217,0.004635104443877935,0.0037231729365885258,0.004215720109641552,0.42653778195381165,2.132331609725952, She$'t$.$ just$ that
