norm_suff_mean,random_suff_mean,norm_comp_mean,random_comp_mean,final suff,final comp,target_tokens
0.001257782569155097,0.002457404276356101,0.0062886434607207775,0.004004282411187887,0.5118337869644165,3.1836047172546387, She$'t$.$ just$ that
