target_pos,target_token,norm_suff,random_suff,norm_comp,random_comp
47, She,0.008973547257483006,0.0,0.006484242156147957,0.006173276342451572
49, going,0.0,0.007159356959164143,0.006750798784196377,0.010629336349666119
51, the,0.0,0.013196928426623344,0.005169662181288004,0.004959031008183956
53, to,0.00959498155862093,0.0,0.007627695333212614,0.01221467088907957
55, her,0.0,0.00035313196713104844,0.005019804462790489,0.00940356682986021
