target_pos,target_token,norm_suff,random_suff,norm_comp,random_comp
47, She,0.0003502921899780631,0.0,0.0063779172487556934,0.004480801522731781
49, going,0.0,0.0015024543972685933,0.009726516902446747,0.006871527526527643
51, the,0.0,0.0,0.004930962808430195,0.008795016445219517
53, to,0.0,0.0,0.0074498592875897884,0.007362593896687031
55, her,0.0,0.0073570068925619125,0.005107618868350983,0.01039115246385336
