norm_suff_mean,random_suff_mean,norm_comp_mean,random_comp_mean,final suff,final comp,target_tokens
0.0037137058097869158,0.004141883458942175,0.006210440769791603,0.008675976656377316,0.8966224789619446,2.3362045288085938, She$ going$ the$ to$ her
