norm_suff_mean,random_suff_mean,norm_comp_mean,random_comp_mean,final suff,final comp,target_tokens
7.005844236118719e-05,0.00177189230453223,0.006718574557453394,0.007580218371003866,0.03953877091407776,108.19850158691406, She$ going$ the$ to$ her
