target_pos,target_token,norm_suff,random_suff,norm_comp,random_comp
46, Because,0.01274648867547512,0.0,0.011483503505587578,0.006575876846909523
48, was,0.0,0.007370201405137777,0.0031089005060493946,0.004330312833189964
50,.,0.017718229442834854,0.0,0.006616722792387009,0.009984147734940052
52, was,0.0015701607335358858,0.0,0.005280751734972,0.005366731435060501
54, of,0.010018565692007542,0.012880709022283554,0.0037163677625358105,0.00637629721313715
