target_pos,target_token,norm_suff,random_suff,norm_comp,random_comp
46, Because,0.003723816480487585,0.004268987104296684,0.00981204491108656,0.007690652273595333
48, was,0.003385127754881978,0.00480520399287343,0.004130793269723654,0.0055251652374863625
50,.,0.010470178909599781,0.001095186802558601,0.006883993744850159,0.006827670149505138
52, was,0.0,0.0005382646922953427,0.003152341116219759,0.003824047278612852
54, of,0.0,0.0036035755183547735,0.00506539037451148,0.004941469058394432
