norm_suff_mean,random_suff_mean,norm_comp_mean,random_comp_mean,final suff,final comp,target_tokens
0.008410689420998096,0.004050182178616524,0.006041249260306358,0.006526672746986151,2.076620101928711,0.7759973406791687, Because$ was$.$ was$ of
