norm_suff_mean,random_suff_mean,norm_comp_mean,random_comp_mean,final suff,final comp,target_tokens
0.0035158246755599976,0.0028622436802834272,0.005808912683278322,0.005761800799518824,1.2283456325531006,1.6388190984725952, Because$ was$.$ was$ of
