target_pos,target_token,norm_suff,random_suff,norm_comp,random_comp
57, I,0.0018784379353746772,0.0036732221487909555,0.005987555254250765,0.004834787454456091
59, to,0.0,0.0024702027440071106,0.0018177208257839084,0.0016443742206320167
61, a,0.0013026101514697075,0.004119189456105232,0.005281397141516209,0.008069285191595554
63,.,0.008374929428100586,0.0023112650960683823,0.004081415943801403,0.0029884271789342165
65, sat,0.0016843877965584397,0.0,0.0015818494139239192,0.0012368133757263422
