target_pos,target_token,norm_suff,random_suff,norm_comp,random_comp
57, I,0.007415019907057285,0.0,0.006403901148587465,0.006295917090028524
59, to,0.01174883358180523,0.0,0.00321369175799191,0.003396880580112338
61, a,0.007109628990292549,0.008198079653084278,0.009767044335603714,0.010796342976391315
63,.,0.0009521336178295314,0.004716471303254366,0.0019270495977252722,0.0029746333602815866
65, sat,0.00021884344459977,0.0013289917260408401,0.001626364653930068,0.0019464452052488923
