norm_suff_mean,random_suff_mean,norm_comp_mean,random_comp_mean,final suff,final comp,target_tokens
0.0026480730157345533,0.0025147758424282074,0.0037499875761568546,0.0037547375541180372,1.053005576133728,1.4179131984710693, I$ to$ a$.$ sat
