norm_suff_mean,random_suff_mean,norm_comp_mean,random_comp_mean,final suff,final comp,target_tokens
0.005488892085850239,0.0028487087693065405,0.004587610252201557,0.005082044284790754,1.926800012588501,0.9258779883384705, I$ to$ a$.$ sat
