target_pos,target_token,norm_suff,random_suff,norm_comp,random_comp
51, Because,0.0056644631549716,0.0,0.006334566976875067,0.006415166892111301
53, loved,0.0,0.0,0.0049291010946035385,0.0034615201875567436
55, dog,0.0032328004017472267,0.0,0.01241475623100996,0.011577768251299858
57,"
",0.0,0.011028217151761055,0.005424304865300655,0.00696105370298028
59,The,0.01615949533879757,0.0,0.008257987909018993,0.00706177344545722
