target_pos,target_token,norm_suff,random_suff,norm_comp,random_comp
51, Because,0.004675760865211487,0.0003197158221155405,0.006561495829373598,0.008104518055915833
53, loved,0.0,0.0034154620952904224,0.007334323599934578,0.008195697329938412
55, dog,0.00431822519749403,0.0,0.012162229046225548,0.010197789408266544
57,"
",0.0,0.00478942459449172,0.007468089461326599,0.005202611908316612
59,The,0.0004194954235572368,0.0019285996677353978,0.006631751544773579,0.004897956270724535
