norm_suff_mean,random_suff_mean,norm_comp_mean,random_comp_mean,final suff,final comp,target_tokens
0.005011351313441992,0.002205643570050597,0.0074721435084939,0.007095456123352051,2.2720584869384766,1.415876865386963," Because$ loved$ dog$
$The"
