norm_suff_mean,random_suff_mean,norm_comp_mean,random_comp_mean,final suff,final comp,target_tokens
0.0018826964078471065,0.002090640366077423,0.008031578734517097,0.0073197148740291595,0.9005357623100281,3.8878891468048096," Because$ loved$ dog$
$The"
