target_pos,target_token,norm_suff,random_suff,norm_comp,random_comp
68, She,0.00362826487980783,0.00019548488489817828,0.010244255885481834,0.004579308908432722
70, to,0.007321428041905165,0.0009165462688542902,0.0055280281230807304,0.002899043494835496
72, a,0.0,0.0012086149072274566,0.006351997144520283,0.00787396915256977
74, meal,0.006803372409194708,0.0,0.005528273992240429,0.008265969343483448
76, her,0.0036252723075449467,0.0,0.003158389590680599,0.00396569212898612
