target_pos,target_token,norm_suff,random_suff,norm_comp,random_comp
68, She,0.0,0.0008519197581335902,0.006181309465318918,0.004551968537271023
70, to,0.0,0.0035814743023365736,0.0027453259099274874,0.003999429289251566
72, a,0.0,0.0028859050944447517,0.007217114791274071,0.005438361782580614
74, meal,0.0033241957426071167,0.0,0.007341527380049229,0.007969195023179054
76, her,0.0,0.005439230240881443,0.003154539270326495,0.004716630559414625
