norm_suff_mean,random_suff_mean,norm_comp_mean,random_comp_mean,final suff,final comp,target_tokens
0.0006648391718044877,0.0025517060421407223,0.005327963270246983,0.005335116758942604,0.2605469226837158,8.024672508239746, She$ to$ a$ meal$ her
