norm_suff_mean,random_suff_mean,norm_comp_mean,random_comp_mean,final suff,final comp,target_tokens
0.004275667946785688,0.00046412923256866634,0.006162188947200775,0.005516796838492155,9.212235450744629,1.2902772426605225, She$ to$ a$ meal$ her
