target_pos,target_token,norm_suff,random_suff,norm_comp,random_comp
62, She,0.0,0.0,0.010611721314489841,0.0079151326790452
64, to,0.0031867274083197117,0.001774946111254394,0.0022697020322084427,0.004801525268703699
66, out,0.0,0.0021736337803304195,0.003146807663142681,0.0031250682659447193
68, cheer,0.0,0.0028821269515901804,0.018234675750136375,0.008643776178359985
70,.,0.0015110272215679288,0.0093460101634264,0.01341357920318842,0.007062929216772318
