target_pos,target_token,norm_suff,random_suff,norm_comp,random_comp
62, She,0.0,0.004589681979268789,0.00944400392472744,0.008376110345125198
64, to,0.0,0.001470340765081346,0.00230091973207891,0.00264689140021801
66, out,0.0013433367712423205,0.0019625311251729727,0.003186879912391305,0.0040337215177714825
68, cheer,0.0003124189970549196,0.0,0.0028421494644135237,0.0073005435988307
70,.,0.003369883866980672,0.0,0.005726768635213375,0.019502758979797363
