norm_suff_mean,random_suff_mean,norm_comp_mean,random_comp_mean,final suff,final comp,target_tokens
0.0009395509259775281,0.003235343610867858,0.009535296820104122,0.006309686694294214,0.29040220379829407,6.715641021728516, She$ to$ out$ cheer$.
