norm_suff_mean,random_suff_mean,norm_comp_mean,random_comp_mean,final suff,final comp,target_tokens
0.0010051279095932841,0.0016045108204707503,0.004700144287198782,0.008372005075216293,0.6264388561248779,8.329293251037598, She$ to$ out$ cheer$.
