target_pos,target_token,norm_suff,random_suff,norm_comp,random_comp
55, Because,0.008061387576162815,0.0,0.003809925401583314,0.0030227694660425186
57, wanted,0.0,0.0,0.003655262989923358,0.004478632006794214
59, to,0.0,0.0,0.001554295071400702,0.0009841731516644359
61, successful,0.002994145732372999,0.0022068379912525415,0.0061828624457120895,0.007248221430927515
63, She,0.0009789438918232918,0.0008664195192977786,0.004232489038258791,0.0031733501236885786
