target_pos,target_token,norm_suff,random_suff,norm_comp,random_comp
55, Because,0.0019308648770675063,0.0,0.0025868008378893137,0.004729068838059902
57, wanted,0.0033360393717885017,0.0022702894639223814,0.005186636932194233,0.004270447883754969
59, to,0.002323066582903266,0.0,0.001276011927984655,0.0009996973676607013
61, successful,0.0,0.0,0.0058266534470021725,0.007342267781496048
63, She,0.0,0.0004290254437364638,0.003562021302059293,0.003174214158207178
