norm_suff_mean,random_suff_mean,norm_comp_mean,random_comp_mean,final suff,final comp,target_tokens
0.002406895626336336,0.0006146514788269997,0.00388696719892323,0.003781429259106517,3.9158706665039062,1.571081519126892, Because$ wanted$ to$ successful$ She
