norm_suff_mean,random_suff_mean,norm_comp_mean,random_comp_mean,final suff,final comp,target_tokens
0.0015179942129179835,0.0005398629582487047,0.0036876245867460966,0.004103139042854309,2.811814069747925,2.703000545501709, Because$ wanted$ to$ successful$ She
