target_pos,target_token,norm_suff,random_suff,norm_comp,random_comp
53, Because,0.001768904272466898,0.0012647402472794056,0.004294537473469973,0.0046880412846803665
55, was,0.0,0.0,0.006339236628264189,0.006074417848140001
57, black,0.0,0.0,0.011042865924537182,0.006924750283360481
59,.,0.0,0.014215335249900818,0.005671286955475807,0.005218604113906622
61, was,0.0,0.0,0.005335026886314154,0.006919835694134235
