target_pos,target_token,norm_suff,random_suff,norm_comp,random_comp
53, Because,0.0,0.004417870193719864,0.005265131127089262,0.005650110077112913
55, was,0.0,0.00033782399259507656,0.00516521418467164,0.0053033605217933655
57, black,0.0,0.0,0.003908849786967039,0.005934592802077532
59,.,0.009470945224165916,0.009135992266237736,0.0071241166442632675,0.00574128283187747
61, was,0.0013553984463214874,0.006844941060990095,0.004932410083711147,0.006882585119456053
