norm_suff_mean,random_suff_mean,norm_comp_mean,random_comp_mean,final suff,final comp,target_tokens
0.002165268873795867,0.0041473256424069405,0.005279144272208214,0.005902386736124754,0.5220879912376404,2.7259371280670166, Because$ was$ black$.$ was
