norm_suff_mean,random_suff_mean,norm_comp_mean,random_comp_mean,final suff,final comp,target_tokens
0.0003537808661349118,0.0030960149597376585,0.006536591332405806,0.005965129937976599,0.11426975578069687,16.861087799072266, Because$ was$ black$.$ was
