target_pos,target_token,norm_suff,random_suff,norm_comp,random_comp
67, Mary,0.0,0.0002841250679921359,0.006348216440528631,0.004782585892826319
69, a,0.010505041107535362,0.0,0.004949680529534817,0.00430172448977828
71, bow,0.0024271071888506413,0.004581155721098185,0.008038537576794624,0.006541266106069088
73,",",0.0,0.017450183629989624,0.00440519442781806,0.004838006105273962
75, Steve,0.00481965858489275,0.002192170126363635,0.004516313783824444,0.007363246753811836
