target_pos,target_token,norm_suff,random_suff,norm_comp,random_comp
67, Mary,0.00783876795321703,0.004163934849202633,0.011689886450767517,0.010390421375632286
69, a,0.0028496766462922096,0.0047955759800970554,0.009543927386403084,0.0039224387146532536
71, bow,0.0015362042468041182,0.003410118166357279,0.010671124793589115,0.006497593130916357
73,",",0.0,0.0,0.005708786193281412,0.003985210787504911
75, Steve,0.003675416111946106,0.004598225466907024,0.009218214079737663,0.010725513100624084
