norm_suff_mean,random_suff_mean,norm_comp_mean,random_comp_mean,final suff,final comp,target_tokens
0.0031800128053873777,0.0033935706596821547,0.00936638843268156,0.007104235235601664,0.9370698928833008,2.234027147293091," Mary$ a$ bow$,$ Steve"
