norm_suff_mean,random_suff_mean,norm_comp_mean,random_comp_mean,final suff,final comp,target_tokens
0.0035503616090863943,0.004901526961475611,0.0056515890173614025,0.00556536577641964,0.7243378758430481,1.5675489902496338," Mary$ a$ bow$,$ Steve"
