target_pos,target_token,norm_suff,random_suff,norm_comp,random_comp
56, They,0.018997004255652428,0.0019963590893894434,0.0377720445394516,0.026358090341091156
58, to,0.004727873019874096,0.0025255673099309206,0.01896798238158226,0.012167773209512234
60, it,0.0,0.0,0.027917932718992233,0.0052451277151703835
62, a,0.0,0.0,0.00464780954644084,0.009693914093077183
64, way,0.0012194225564599037,0.000800001434981823,0.0029298029839992523,0.0013835822464898229
