target_pos,target_token,norm_suff,random_suff,norm_comp,random_comp
56, They,0.0,0.0122203528881073,0.04344606027007103,0.08584579825401306
58, to,0.006313707213848829,0.0037376321852207184,0.027276508510112762,0.0068625411950051785
60, it,0.0010543150128796697,0.006847906857728958,0.010342172347009182,0.007209218572825193
62, a,0.00015024949971120805,0.0,0.008907794021070004,0.021053725853562355
64, way,0.0008821646915748715,0.0002381241210969165,0.0056275492534041405,0.009733901359140873
