norm_suff_mean,random_suff_mean,norm_comp_mean,random_comp_mean,final suff,final comp,target_tokens
0.001680087298154831,0.004608803428709507,0.019120018929243088,0.026141038164496422,0.3645387291908264,15.559332847595215, They$ to$ it$ a$ way
