norm_suff_mean,random_suff_mean,norm_comp_mean,random_comp_mean,final suff,final comp,target_tokens
0.004988860338926315,0.0010643856367096305,0.018447114154696465,0.010969697497785091,4.687079906463623,2.198838472366333, They$ to$ it$ a$ way
