target_pos,target_token,norm_suff,random_suff,norm_comp,random_comp
54, She,0.0012399479746818542,0.0,0.030060555785894394,0.038178231567144394
56, a,0.003364861011505127,0.00944625772535801,0.007003225386142731,0.011612213216722012
58, bit,0.009403320029377937,0.0,0.009443432092666626,0.014544215053319931
60, a,9.319634409621358e-05,0.0,0.003940677735954523,0.004293131176382303
62,oy,0.00014199248107615858,0.00013191405741963536,0.000323376472806558,0.00035641860449686646
