target_pos,target_token,norm_suff,random_suff,norm_comp,random_comp
54, She,0.0,0.0074136629700660706,0.042674656957387924,0.02699347585439682
56, a,0.0,0.0013007766101509333,0.008527953177690506,0.009094683453440666
58, bit,0.0,0.007300320081412792,0.011344925500452518,0.014542248100042343
60, a,0.0,0.002398087875917554,0.0032090137246996164,0.0033789323642849922
62,oy,0.00013608855078928173,0.0,0.001169525203295052,0.0010592584731057286
