norm_suff_mean,random_suff_mean,norm_comp_mean,random_comp_mean,final suff,final comp,target_tokens
2.7217711249249987e-05,0.003682569367811084,0.013385215774178505,0.011013719253242016,0.007390956860035658,404.65264892578125, She$ a$ bit$ a$oy
