norm_suff_mean,random_suff_mean,norm_comp_mean,random_comp_mean,final suff,final comp,target_tokens
0.0028486636001616716,0.001915634493343532,0.01015425380319357,0.013796842657029629,1.4870600700378418,4.843268394470215, She$ a$ bit$ a$oy
