target_pos,target_token,norm_suff,random_suff,norm_comp,random_comp
43, Because,0.012720221653580666,0.020173929631710052,0.030238088220357895,0.041543468832969666
45, was,0.003190115559846163,0.005443125031888485,0.01232899446040392,0.004656256176531315
47, to,0.011852607131004333,0.005170423071831465,0.008519414812326431,0.0076827011071145535
49, a,0.0,0.004680842626839876,0.014835045672953129,0.026737378910183907
51,.,0.020556392148137093,0.01635747030377388,0.011293397285044193,0.010110536590218544
