target_pos,target_token,norm_suff,random_suff,norm_comp,random_comp
43, Because,0.014658018946647644,0.01990315690636635,0.03704676032066345,0.03404055908322334
45, was,0.0,0.0009891807567328215,0.0071182213723659515,0.01014211867004633
47, to,0.006401080172508955,0.011028164997696877,0.006615460384637117,0.00758605869486928
49, a,0.0,0.0,0.011321437545120716,0.00991879403591156
51,.,0.0,0.0008783968514762819,0.00773153780028224,0.0047646984457969666
