norm_suff_mean,random_suff_mean,norm_comp_mean,random_comp_mean,final suff,final comp,target_tokens
0.009663867764174938,0.010365158319473267,0.015442988835275173,0.01814606785774231,0.9323415756225586,1.8777230978012085, Because$ was$ to$ a$.
