norm_suff_mean,random_suff_mean,norm_comp_mean,random_comp_mean,final suff,final comp,target_tokens
0.00421182019636035,0.006559780333191156,0.013966684229671955,0.013290445320308208,0.6420672535896301,3.1555111408233643, Because$ was$ to$ a$.
