target_pos,target_token,norm_suff,random_suff,norm_comp,random_comp
56, He,0.0,0.00305514526553452,0.033429570496082306,0.02050635777413845
58, playing,0.00996444933116436,0.013293815776705742,0.021706363186240196,0.0077396878041327
60, his,0.0,0.005096122156828642,0.017168713733553886,0.004410169553011656
62,.,0.0,0.005980873946100473,0.011921205557882786,0.009183565154671669
64, friend,0.0006175206508487463,0.0004318643768783659,0.003177960868924856,0.0028461050242185593
