target_pos,target_token,norm_suff,random_suff,norm_comp,random_comp
56, He,0.0005597559502348304,0.0,0.01288737915456295,0.047081708908081055
58, playing,0.002374085830524564,0.0,0.009490865282714367,0.008880178444087505
60, his,0.0009712759056128561,0.0,0.010914234444499016,0.017218532040715218
62,.,0.0,0.0,0.017359144985675812,0.006999142002314329
64, friend,0.0006210439023561776,0.00022094830637797713,0.0017711217515170574,0.00168002606369555
