norm_suff_mean,random_suff_mean,norm_comp_mean,random_comp_mean,final suff,final comp,target_tokens
0.0009052323293872178,4.418966273078695e-05,0.010484549216926098,0.016371918842196465,20.48516082763672,18.085874557495117, He$ playing$ his$.$ friend
