norm_suff_mean,random_suff_mean,norm_comp_mean,random_comp_mean,final suff,final comp,target_tokens
0.0021163939964026213,0.005571564193814993,0.01748076267540455,0.008937177248299122,0.3798563480377197,4.222832679748535, He$ playing$ his$.$ friend
