target_pos,target_token,norm_suff,random_suff,norm_comp,random_comp
50, Because,0.0034725768491625786,0.00323843932710588,0.006767436861991882,0.00584784522652626
52, wanted,0.0046746013686060905,0.0013404435012489557,0.003610909916460514,0.004376921337097883
54, paint,0.0027666829992085695,0.005921774078160524,0.007791790645569563,0.0035371205303817987
56, bedroom,0.0018577880691736937,0.0038248328492045403,0.010636110790073872,0.009832615964114666
58,.,0.0,0.008397767320275307,0.004485862795263529,0.0050270939245820045
