target_pos,target_token,norm_suff,random_suff,norm_comp,random_comp
50, Because,0.007675261236727238,0.001560655073262751,0.005478158593177795,0.006557742599397898
52, wanted,0.00914972834289074,0.0,0.0044009750708937645,0.0030588828958570957
54, paint,0.0,0.0008654937846586108,0.005888927727937698,0.007209000643342733
56, bedroom,0.0005984691088087857,0.0,0.006680695340037346,0.0041230120696127415
58,.,0.010246881283819675,0.008577439934015274,0.005540619138628244,0.00641417782753706
