norm_suff_mean,random_suff_mean,norm_comp_mean,random_comp_mean,final suff,final comp,target_tokens
0.005534068215638399,0.002200717804953456,0.005597875453531742,0.005472563207149506,2.514665126800537,0.9888861179351807, Because$ wanted$ paint$ bedroom$.
