norm_suff_mean,random_suff_mean,norm_comp_mean,random_comp_mean,final suff,final comp,target_tokens
0.0025543298106640577,0.004544651601463556,0.006658422295004129,0.005724319256842136,0.5620518326759338,2.241025924682617, Because$ wanted$ paint$ bedroom$.
