target_pos,target_token,norm_suff,random_suff,norm_comp,random_comp
63, She,0.003601187840104103,0.0062056779861450195,0.014280608855187893,0.01047308649867773
65, hungry,0.007716408930718899,0.015046604909002781,0.008809405378997326,0.01863781176507473
67, She,0.0036733869928866625,0.0050215404480695724,0.015056541189551353,0.01532785128802061
69, hungry,0.007653555832803249,0.013594713062047958,0.01046785432845354,0.01176402810961008
71, she,0.0,0.006313635502010584,0.0051604146137833595,0.005366508848965168
