target_pos,target_token,norm_suff,random_suff,norm_comp,random_comp
63, She,0.003125290386378765,0.004854935221374035,0.014663804322481155,0.007965097203850746
65, hungry,0.0043770014308393,0.0007427738746628165,0.020205259323120117,0.011461610905826092
67, She,0.0022229752503335476,0.002017728751525283,0.006956473458558321,0.007963323965668678
69, hungry,0.015102238394320011,0.0,0.009021477773785591,0.010682966560125351
71, she,0.006189337931573391,0.0010297553380951285,0.005653222557157278,0.00414283387362957
