norm_suff_mean,random_suff_mean,norm_comp_mean,random_comp_mean,final suff,final comp,target_tokens
0.0062033687718212605,0.0017290387768298388,0.011300046928226948,0.008443166501820087,3.5877556800842285,1.3610615730285645, She$ hungry$ She$ hungry$ she
