norm_suff_mean,random_suff_mean,norm_comp_mean,random_comp_mean,final suff,final comp,target_tokens
0.004528907593339682,0.00923643447458744,0.010754965245723724,0.01231385674327612,0.4903307259082794,2.7189464569091797, She$ hungry$ She$ hungry$ she
