target_pos,target_token,norm_suff,random_suff,norm_comp,random_comp
51, She,0.0010940305655822158,0.0,0.00820380263030529,0.003974500577896833
53, at,0.0010283379815518856,0.0,0.006520011927932501,0.0106210857629776
55, beach,0.0027841413393616676,0.001969382632523775,0.01188172772526741,0.01162741333246231
57, get,0.0010388271184638143,0.0,0.01473187655210495,0.005007277708500624
59, from,0.0,0.0,0.001748687936924398,0.0016358400462195277
