target_pos,target_token,norm_suff,random_suff,norm_comp,random_comp
51, She,0.002995596034452319,0.005818057805299759,0.0075889453291893005,0.008959807455539703
53, at,0.0,0.0011388505809009075,0.010941009037196636,0.005721644032746553
55, beach,0.00691257044672966,0.006815046537667513,0.00675821490585804,0.016957469284534454
57, get,0.0014932494377717376,0.00032498635118827224,0.005360047332942486,0.01902206800878048
59, from,0.0014424434630200267,0.0,0.0031540694180876017,0.0033544476609677076
