norm_suff_mean,random_suff_mean,norm_comp_mean,random_comp_mean,final suff,final comp,target_tokens
0.0011890673777088523,0.0003938765439670533,0.008617221377789974,0.006573223974555731,3.018883466720581,5.528049945831299, She$ at$ beach$ get$ from
