norm_suff_mean,random_suff_mean,norm_comp_mean,random_comp_mean,final suff,final comp,target_tokens
0.00256877182982862,0.0028193884063512087,0.006760457064956427,0.01080308761447668,0.9111095666885376,4.205545902252197, She$ at$ beach$ get$ from
