target_pos,target_token,norm_suff,random_suff,norm_comp,random_comp
56, I,0.0028970655985176563,0.00034420579322613776,0.0038557634688913822,0.003372573759406805
58, a,0.0,0.02158026024699211,0.004544369876384735,0.004798547364771366
60,.,0.004931863863021135,0.0,0.00526762567460537,0.004582345485687256
62, didn,0.0,0.0036965422332286835,0.003093593055382371,0.004157237708568573
64, know,0.00026159026310779154,0.001781450817361474,0.003702020738273859,0.003966653253883123
