target_pos,target_token,norm_suff,random_suff,norm_comp,random_comp
56, I,0.0,0.005545778665691614,0.0047233677469193935,0.0032139751128852367
58, a,0.0,0.0,0.004643424414098263,0.006950155831873417
60,.,0.0,0.0065534296445548534,0.005249927751719952,0.0061336359940469265
62, didn,0.00022191923926584423,0.0,0.00595086719840765,0.0048891520127654076
64, know,0.0021709296852350235,0.0019571026787161827,0.0018762085819616914,0.004736185539513826
