norm_suff_mean,random_suff_mean,norm_comp_mean,random_comp_mean,final suff,final comp,target_tokens
0.0016181040555238724,0.0054804920218884945,0.0040926747024059296,0.004175471607595682,0.2952479422092438,2.5804715156555176, I$ a$.$ didn$ know
