norm_suff_mean,random_suff_mean,norm_comp_mean,random_comp_mean,final suff,final comp,target_tokens
0.00047856979654170573,0.0028112621512264013,0.004488759208470583,0.00518462061882019,0.17023307085037231,10.833572387695312, I$ a$.$ didn$ know
