target_pos,target_token,norm_suff,random_suff,norm_comp,random_comp
48, Because,0.001888263039290905,0.0,0.007112815976142883,0.0088086798787117
50, tutor,0.0,0.0,0.011563713662326336,0.008522377349436283
52, a,0.009176117368042469,0.0,0.00740881497040391,0.00545284990221262
54, person,0.0,0.004452071152627468,0.009872074238955975,0.016639435663819313
56,"
",0.003933644387871027,0.003293803194537759,0.010711944662034512,0.006578357424587011
