target_pos,target_token,norm_suff,random_suff,norm_comp,random_comp
48, Because,0.003047387581318617,0.002464862773194909,0.007533511146903038,0.01265243161469698
50, tutor,0.002902807667851448,0.00130392424762249,0.013890481553971767,0.01994563266634941
52, a,0.005063665099442005,0.0,0.007598632946610451,0.006960509344935417
54, person,0.0008973485673777759,0.0038304622285068035,0.009984268806874752,0.01263385359197855
56,"
",0.013708565384149551,0.004411035217344761,0.004273984581232071,0.00465340306982398
