norm_suff_mean,random_suff_mean,norm_comp_mean,random_comp_mean,final suff,final comp,target_tokens
0.005123955197632313,0.0024020567070692778,0.008656175807118416,0.01136916596442461,2.133153200149536,2.2188262939453125," Because$ tutor$ a$ person$
"
