norm_suff_mean,random_suff_mean,norm_comp_mean,random_comp_mean,final suff,final comp,target_tokens
0.0029996049124747515,0.0015491748927161098,0.00933387316763401,0.009200341068208218,1.9362597465515137,3.0671842098236084," Because$ tutor$ a$ person$
"
