target_pos,target_token,norm_suff,random_suff,norm_comp,random_comp
59, Well,0.0,0.00420597055926919,0.00855842512100935,0.006438210140913725
61, he,0.00360976904630661,0.0,0.008053667843341827,0.008847059682011604
63, a,0.010860003530979156,0.0029883214738219976,0.006435925606638193,0.0066629140637815
65,ologist,0.0016065185191109776,0.0003254424373153597,0.011734958738088608,0.012461122125387192
67, He,0.003859555348753929,0.003644037526100874,0.00421723909676075,0.0055410536006093025
