target_pos,target_token,norm_suff,random_suff,norm_comp,random_comp
59, Well,0.0,0.0,0.00512185413390398,0.007776753045618534
61, he,0.0,0.0063963159918785095,0.009609895758330822,0.007000083569437265
63, a,0.0,0.016553781926631927,0.006477725692093372,0.005042147822678089
65,ologist,0.0014445192646235228,0.0004853363207075745,0.026065737009048462,0.008266172371804714
67, He,0.00132314907386899,0.00015249080024659634,0.006814697291702032,0.004684602376073599
