norm_suff_mean,random_suff_mean,norm_comp_mean,random_comp_mean,final suff,final comp,target_tokens
0.003987169358879328,0.0022327543701976538,0.007800042629241943,0.00799007248133421,1.7857626676559448,2.00394606590271, Well$ he$ a$ologist$ He
