norm_suff_mean,random_suff_mean,norm_comp_mean,random_comp_mean,final suff,final comp,target_tokens
0.0005535336676985025,0.004717585165053606,0.010817981325089931,0.006553951650857925,0.11733411252498627,11.840204238891602, Well$ he$ a$ologist$ He
