target_pos,target_token,norm_suff,random_suff,norm_comp,random_comp
53, Stan,0.0024590243119746447,0.0054139080457389355,0.006148500833660364,0.015486096031963825
55,'t,0.0,0.002060027327388525,0.0002771322033368051,0.00016850055544637144
57,.,0.015242655761539936,0.0009057942661456764,0.0038350876420736313,0.005047183949500322
59,"
",0.0,0.0017335680313408375,0.005797758232802153,0.004627402406185865
61, was,0.0,0.010087372735142708,0.0077430447563529015,0.013935978524386883
