target_pos,target_token,norm_suff,random_suff,norm_comp,random_comp
53, Stan,0.002769141923636198,0.008878896944224834,0.017523467540740967,0.004318711347877979
55,'t,0.0016549858264625072,0.0010873895371332765,0.00024267328262794763,0.0002139573043677956
57,.,0.02758510410785675,0.0,0.003633948741480708,0.005840313155204058
59,"
",0.0158704686909914,0.0038786064833402634,0.004624765366315842,0.0010224627330899239
61, was,0.013054520823061466,0.011656141839921474,0.012085280381143093,0.007467564195394516
