norm_suff_mean,random_suff_mean,norm_comp_mean,random_comp_mean,final suff,final comp,target_tokens
0.0035403359215706587,0.004040134605020285,0.004760304931551218,0.007853033021092415,0.8762915730476379,2.218160390853882," Stan$'t$.$
$ was"
