norm_suff_mean,random_suff_mean,norm_comp_mean,random_comp_mean,final suff,final comp,target_tokens
0.012186843901872635,0.005100206937640905,0.007622027304023504,0.0037726019509136677,2.3894803524017334,0.3095634877681732," Stan$'t$.$
$ was"
