target_pos,target_token,norm_suff,random_suff,norm_comp,random_comp
64, Because,0.0009583113132975996,0.002654903568327427,0.012032361701130867,0.006314984057098627
66, were,0.00802704505622387,0.003981176298111677,0.003940566908568144,0.003883451223373413
68, of,0.0,0.0,0.004813290201127529,0.003852520603686571
70, foreigners,0.0,0.004192204214632511,0.009608563035726547,0.017899924889206886
72,"
",0.002332044765353203,0.0030286514665931463,0.0036741471849381924,0.0033440664410591125
