target_pos,target_token,norm_suff,random_suff,norm_comp,random_comp
64, Because,0.002781238406896591,0.0017715244321152568,0.004581751301884651,0.006628332193940878
66, were,0.0004155901260674,0.0063752359710633755,0.0029764005448669195,0.004021340515464544
68, of,0.0042966026812791824,0.002633224707096815,0.005671401042491198,0.007602053694427013
70, foreigners,0.0005038448725827038,0.0002238370943814516,0.011132746003568172,0.01251255627721548
72,"
",0.0,0.0017939084209501743,0.005403939634561539,0.004211197141557932
