norm_suff_mean,random_suff_mean,norm_comp_mean,random_comp_mean,final suff,final comp,target_tokens
0.001599455252289772,0.002559546148404479,0.0059532481245696545,0.0069950963370501995,0.6248980164527893,4.373424053192139," Because$ were$ of$ foreigners$
"
