norm_suff_mean,random_suff_mean,norm_comp_mean,random_comp_mean,final suff,final comp,target_tokens
0.002263480331748724,0.0027713871095329523,0.006813786458224058,0.007058989256620407,0.8167319297790527,3.1186439990997314," Because$ were$ of$ foreigners$
"
