target_pos,target_token,norm_suff,random_suff,norm_comp,random_comp
50, Because,0.0,0.15178203582763672,0.010207196697592735,0.013815633952617645
52, was,0.0187449362128973,0.001493339310400188,0.009019575081765652,0.003796229138970375
54,.,0.019713137298822403,0.0,0.005305778235197067,0.006538616959005594
56,I,0.0,0.0,0.005054421257227659,0.0030476883985102177
58, sorry,0.04068678990006447,0.049952927976846695,0.007848421111702919,0.006010922137647867
