norm_suff_mean,random_suff_mean,norm_comp_mean,random_comp_mean,final suff,final comp,target_tokens
0.015828972682356834,0.04064565896987915,0.007487078662961721,0.00664181774482131,0.3894382119178772,0.419598788022995, Because$ was$.$I$ sorry
