norm_suff_mean,random_suff_mean,norm_comp_mean,random_comp_mean,final suff,final comp,target_tokens
0.057256389409303665,0.0016534157330170274,0.00938539206981659,0.007182857487350702,34.629154205322266,0.1254507601261139, She$'t$.$ was$ thirsty
