norm_suff_mean,random_suff_mean,norm_comp_mean,random_comp_mean,final suff,final comp,target_tokens
0.01660160720348358,0.0014328910037875175,0.012339799664914608,0.014815597794950008,11.586091995239258,0.8924195170402527, Because$ was$ of$ a$ bum
