target_pos,target_token,norm_suff,random_suff,norm_comp,random_comp
58, I,0.045488081872463226,0.04005218669772148,0.007423751521855593,0.010474659502506256
60,'t,0.0004362272738944739,0.0001429567055311054,0.0008139479905366898,0.0006220464129000902
62,.,0.0,0.0,0.010956172831356525,0.005122186150401831
64, just,0.01077911164611578,0.008113493211567402,0.014099621213972569,0.005602111108601093
66, to,0.06077377870678902,0.0,0.004412392154335976,0.00666093872860074
