norm_suff_mean,random_suff_mean,norm_comp_mean,random_comp_mean,final suff,final comp,target_tokens
0.023495441302657127,0.009661727584898472,0.007541176863014698,0.005696388427168131,2.431805372238159,0.24244654178619385, I$'t$.$ just$ to
