target_pos,target_token,norm_suff,random_suff,norm_comp,random_comp
69, She,0.0,0.0,0.011300103738904,0.008397037163376808
71, hungry,0.02271532453596592,0.050849463790655136,0.0108920494094491,0.009658906608819962
73, She,0.07166630029678345,0.0,0.007109039928764105,0.0064773461781442165
75, not,0.048687998205423355,0.09306912124156952,0.006115261930972338,0.005214635282754898
77, since,0.06518857181072235,0.02054453454911709,0.009049142710864544,0.00601605698466301
