norm_suff_mean,random_suff_mean,norm_comp_mean,random_comp_mean,final suff,final comp,target_tokens
0.041651636362075806,0.0328926257789135,0.008893119171261787,0.007152796722948551,1.2662910223007202,0.17172907292842865, She$ hungry$ She$ not$ since
