target_pos,target_token,norm_suff,random_suff,norm_comp,random_comp
54, Because,0.010329976677894592,0.0,0.006141791585832834,0.01097099669277668
56, was,0.041587021201848984,0.0,0.006707104854285717,0.004407486878335476
58, black,0.0403335876762867,0.03767148405313492,0.024722304195165634,0.013040228746831417
60, with,0.0,0.007760217878967524,0.02255958504974842,0.014875107444822788
62, friend,0.02774832397699356,0.028406620025634766,0.01819082722067833,0.009885888546705246
