target_pos,target_token,norm_suff,random_suff,norm_comp,random_comp
68, Mary,0.0,0.0,0.0065540955401957035,0.006809277459979057
70, about,0.06540948897600174,0.11647362262010574,0.007116842083632946,0.0071745943278074265
72, for,0.03222931921482086,0.001458008773624897,0.008108285255730152,0.0035651500802487135
74, long,0.0,0.0,0.0021401853300631046,0.0020548729225993156
76,.,0.0827542096376419,0.010764559730887413,0.0031683440320193768,0.002758271526545286
