norm_suff_mean,random_suff_mean,norm_comp_mean,random_comp_mean,final suff,final comp,target_tokens
0.02468426339328289,0.0006792875356040895,0.01047403085976839,0.012058369815349579,36.33845901489258,0.4885043501853943, She$'t$.$ just$.
