target_pos,target_token,norm_suff,random_suff,norm_comp,random_comp
64, She,0.029974205419421196,0.11102990806102753,0.017467046156525612,0.00911257416009903
66,'t,0.0,0.0,0.009093495085835457,0.019752565771341324
68,.,0.0,0.1727694720029831,0.01266472414135933,0.011122431606054306
70, just,0.019407056272029877,0.02133270725607872,0.008012732490897179,0.00546297337859869
72,.,0.03789811581373215,0.016939643770456314,0.003541072830557823,0.00471879169344902
