norm_suff_mean,random_suff_mean,norm_comp_mean,random_comp_mean,final suff,final comp,target_tokens
0.017455875873565674,0.06441434472799301,0.010155814699828625,0.010033867321908474,0.2709936201572418,0.574813187122345, She$'t$.$ just$.
