target_pos,target_token,norm_suff,random_suff,norm_comp,random_comp
57, I,0.11178140342235565,0.0006095198914408684,0.01139877550303936,0.003413426922634244
59,'t,0.001822686055675149,0.0,0.0459103100001812,0.021072974428534508
61,.,0.008359319530427456,0.0,0.0034170462749898434,0.002130509354174137
63, just,0.0,0.006328761577606201,0.0035536368377506733,0.006336759775876999
65, them,0.0010493287118151784,0.0,0.008561907336115837,0.003877162467688322
