norm_suff_mean,random_suff_mean,norm_comp_mean,random_comp_mean,final suff,final comp,target_tokens
0.024602549150586128,0.0013876563170924783,0.014568335376679897,0.007366166450083256,17.729570388793945,0.29940664768218994, I$'t$.$ just$ them
