target_pos,target_token,norm_suff,random_suff,norm_comp,random_comp
49, Chris,0.0031169087160378695,0.0,0.011657580733299255,0.0074471645057201385
51, happy,0.0,0.0,0.013243712484836578,0.007480337750166655
53, he,0.02595001645386219,0.014435911551117897,0.006992526818066835,0.003536654869094491
55, learning,0.0,0.0,0.006878825835883617,0.00540549959987402
57,.,0.01059804204851389,0.0,0.010188641026616096,0.010180438868701458
