norm_suff_mean,random_suff_mean,norm_comp_mean,random_comp_mean,final suff,final comp,target_tokens
0.007932993583381176,0.002887182403355837,0.009792257100343704,0.0068100192584097385,2.747659206390381,0.8584425449371338, Chris$ happy$ he$ learning$.
