{
    "$schema": "../docs/rationalization.schema.json",
    "id": 105,
    "input-text": [
        "I",
        " thought",
        " it",
        " would",
        " be",
        " the",
        " hottest",
        " thing",
        " I",
        "'d",
        " ever",
        " encounter",
        ".",
        " (",
        "I",
        " tried",
        " to",
        " ignore",
        " my",
        " phone",
        " vibr",
        "ating",
        " in",
        " my",
        " pocket",
        ").",
        " But",
        " when",
        " I",
        " did",
        " end",
        " up",
        " encountering",
        " it",
        ",",
        " it",
        " turned",
        " out",
        " it",
        " wasn",
        "'t",
        " so"
    ],
    "input-tokens": [
        40,
        1807,
        340,
        561,
        307,
        262,
        26896,
        1517,
        314,
        1549,
        1683,
        8791,
        13,
        357,
        40,
        3088,
        284,
        8856,
        616,
        3072,
        12611,
        803,
        287,
        616,
        10000,
        737,
        887,
        618,
        314,
        750,
        886,
        510,
        42398,
        340,
        11,
        340,
        2900,
        503,
        340,
        2492,
        470,
        523
    ],
    "target-text": " hot",
    "target-token": 3024,
    "rational-size": 5,
    "rational-positions": [
        2,
        26,
        6,
        40,
        41
    ],
    "rational-text": [
        " it",
        " But",
        " hottest",
        "'t",
        " so"
    ],
    "rational-tokens": [
        340,
        887,
        26896,
        470,
        523
    ],
    "importance-scores": [
        5.578182652308697e-37,
        0.0,
        0.9973087310791016,
        0.0,
        0.0,
        1.3312335411085762e-43,
        4.993568405997628e-11,
        0.0,
        3.343766807065649e-23,
        9.591287559937379e-37,
        0.0,
        4.266603016656353e-25,
        0.0,
        0.0,
        0.0,
        7.990541317504543e-34,
        1.4084077719823516e-28,
        0.0,
        0.0,
        0.0,
        0.0,
        0.0,
        2.8136887624784112e-34,
        0.0,
        3.9298562348389344e-34,
        0.0,
        0.0026912919711321592,
        0.0,
        0.0,
        6.83221581357914e-36,
        5.659347022372854e-31,
        0.0,
        0.0,
        3.495242792613582e-21,
        4.0392053807213184e-37,
        6.429037651252407e-26,
        1.2152185293693959e-33,
        0.0,
        4.061213047848604e-19,
        0.0,
        9.888786231574448e-18,
        4.5090777379026176e-18
    ],
    "comments": {
        "created-by": "run_analogies.py",
        "args": {
            "model": "gpt2-medium",
            "tokenizer": "gpt2-medium",
            "data_dir": "data/analogies",
            "output_dir": "rationalization_results/analogies/gpt2-medium.sampling.uniform",
            "device": "cuda",
            "rationalization_config": "config/test2.json",
            "input_data_size": 1,
            "logfile": "logs/analogies/gpt2-medium.sampling.uniform/test.log",
            "loglevel": 20
        },
        "time_elapsed": 15.26935887336731
    }
}