{
    "$schema": "../docs/rationalization.schema.json",
    "id": 124,
    "input-text": [
        "I",
        " had",
        " never",
        " been",
        " friends",
        " with",
        " any",
        " Danish",
        " people",
        " before",
        ".",
        " (",
        "The",
        " funn",
        "iest",
        " thing",
        " happened",
        " to",
        " me",
        " the",
        " other",
        " day",
        ",",
        " but",
        " that",
        "'s",
        " a",
        " story",
        " for",
        " another",
        " time",
        ").",
        " In",
        " fact",
        ",",
        " I",
        " had",
        " never",
        " even",
        " been",
        " to"
    ],
    "input-tokens": [
        40,
        550,
        1239,
        587,
        2460,
        351,
        597,
        20849,
        661,
        878,
        13,
        357,
        464,
        36090,
        6386,
        1517,
        3022,
        284,
        502,
        262,
        584,
        1110,
        11,
        475,
        326,
        338,
        257,
        1621,
        329,
        1194,
        640,
        737,
        554,
        1109,
        11,
        314,
        550,
        1239,
        772,
        587,
        284
    ],
    "target-text": " Denmark",
    "target-token": 16490,
    "rational-size": 5,
    "rational-positions": [
        39,
        40,
        7,
        10,
        8
    ],
    "rational-text": [
        " been",
        " to",
        " Danish",
        ".",
        " people"
    ],
    "rational-tokens": [
        587,
        284,
        20849,
        13,
        661
    ],
    "importance-scores": [
        1.5069865355599177e-09,
        5.0929308513525395e-12,
        1.018613552643407e-15,
        9.92257742638003e-09,
        3.4262570604376532e-19,
        3.00515245936107e-16,
        3.423041198402643e-05,
        0.013173681683838367,
        5.643361873808317e-05,
        1.3799865858864745e-14,
        0.005549541674554348,
        3.2432020694618264e-16,
        3.770879890672851e-20,
        6.027178132668801e-14,
        1.3713803076258971e-14,
        3.9702924514673985e-15,
        9.286036349587246e-12,
        2.135651833157226e-08,
        5.251021937825425e-15,
        9.468500636322652e-12,
        1.4343155135820851e-11,
        9.135700984135348e-17,
        1.1703581625967935e-13,
        2.0986181813609922e-13,
        1.5027212807439128e-09,
        8.242290618909465e-07,
        1.303023799970049e-10,
        2.3074651320535364e-15,
        7.204955490731912e-13,
        5.839165262422341e-11,
        1.266141774758367e-10,
        2.5893414338671802e-14,
        3.55481651059808e-11,
        8.924638390707294e-20,
        1.5359484542996275e-15,
        1.2836285853690121e-12,
        7.16338121632687e-13,
        9.840189250098774e-07,
        3.837261886019405e-08,
        0.9548824429512024,
        0.02630183845758438
    ],
    "comments": {
        "created-by": "run_analogies.py",
        "args": {
            "model": "gpt2-medium",
            "tokenizer": "gpt2-medium",
            "data_dir": "data/analogies",
            "output_dir": "rationalization_results/analogies/gpt2-medium.sampling.uniform",
            "device": "cuda",
            "rationalization_config": "config/test2.json",
            "input_data_size": 1,
            "logfile": "logs/analogies/gpt2-medium.sampling.uniform/test.log",
            "loglevel": 20
        },
        "time_elapsed": 1.8236474990844727
    }
}