{
    "$schema": "../docs/rationalization.schema.json",
    "id": 125,
    "input-text": [
        "I",
        " had",
        " never",
        " been",
        " friends",
        " with",
        " any",
        " Egyptian",
        " people",
        " before",
        ".",
        " (",
        "The",
        " funn",
        "iest",
        " thing",
        " happened",
        " to",
        " me",
        " the",
        " other",
        " day",
        ",",
        " but",
        " that",
        "'s",
        " a",
        " story",
        " for",
        " another",
        " time",
        ").",
        " In",
        " fact",
        ",",
        " I",
        " had",
        " never",
        " even",
        " been",
        " to"
    ],
    "input-tokens": [
        40,
        550,
        1239,
        587,
        2460,
        351,
        597,
        14075,
        661,
        878,
        13,
        357,
        464,
        36090,
        6386,
        1517,
        3022,
        284,
        502,
        262,
        584,
        1110,
        11,
        475,
        326,
        338,
        257,
        1621,
        329,
        1194,
        640,
        737,
        554,
        1109,
        11,
        314,
        550,
        1239,
        772,
        587,
        284
    ],
    "target-text": " Egypt",
    "target-token": 6365,
    "rational-size": 5,
    "rational-positions": [
        39,
        7,
        37,
        9,
        40
    ],
    "rational-text": [
        " been",
        " Egyptian",
        " never",
        " before",
        " to"
    ],
    "rational-tokens": [
        587,
        14075,
        1239,
        878,
        284
    ],
    "importance-scores": [
        0.0,
        0.0,
        0.0,
        0.0,
        0.0,
        0.0,
        1.8216880036222622e-44,
        1.2168324303729605e-07,
        0.0,
        6.902986193849106e-21,
        2.970752744368612e-43,
        2.5244728146443017e-39,
        1.841203887334914e-39,
        0.0,
        0.0,
        0.0,
        3.393159263798316e-34,
        0.0,
        0.0,
        0.0,
        0.0,
        0.0,
        0.0,
        0.0,
        0.0,
        0.0,
        0.0,
        2.829617557655328e-31,
        0.0,
        0.0,
        0.0,
        0.0,
        0.0,
        1.961817850054744e-44,
        3.484455226416379e-34,
        0.0,
        6.058936857809705e-34,
        6.209069670124834e-16,
        2.839633239722074e-29,
        0.9999998807907104,
        2.2098602126608428e-25
    ],
    "comments": {
        "created-by": "run_analogies.py",
        "args": {
            "model": "gpt2-medium",
            "tokenizer": "gpt2-medium",
            "data_dir": "data/analogies",
            "output_dir": "rationalization_results/analogies/gpt2-medium.sampling.uniform",
            "device": "cuda",
            "rationalization_config": "config/test2.json",
            "input_data_size": 1,
            "logfile": "logs/analogies/gpt2-medium.sampling.uniform/test.log",
            "loglevel": 20
        },
        "time_elapsed": 13.47102975845337
    }
}