{
    "$schema": "../docs/rationalization.schema.json",
    "id": 139,
    "input-text": [
        "I",
        " had",
        " never",
        " been",
        " friends",
        " with",
        " any",
        " Polish",
        " people",
        " before",
        ".",
        " (",
        "The",
        " funn",
        "iest",
        " thing",
        " happened",
        " to",
        " me",
        " the",
        " other",
        " day",
        ",",
        " but",
        " that",
        "'s",
        " a",
        " story",
        " for",
        " another",
        " time",
        ").",
        " In",
        " fact",
        ",",
        " I",
        " had",
        " never",
        " even",
        " been",
        " to"
    ],
    "input-tokens": [
        40,
        550,
        1239,
        587,
        2460,
        351,
        597,
        15945,
        661,
        878,
        13,
        357,
        464,
        36090,
        6386,
        1517,
        3022,
        284,
        502,
        262,
        584,
        1110,
        11,
        475,
        326,
        338,
        257,
        1621,
        329,
        1194,
        640,
        737,
        554,
        1109,
        11,
        314,
        550,
        1239,
        772,
        587,
        284
    ],
    "target-text": " Poland",
    "target-token": 12873,
    "rational-size": 5,
    "rational-positions": [
        40,
        6,
        34,
        39,
        7
    ],
    "rational-text": [
        " to",
        " any",
        ",",
        " been",
        " Polish"
    ],
    "rational-tokens": [
        284,
        597,
        11,
        587,
        15945
    ],
    "importance-scores": [
        4.162961386244672e-24,
        6.699944604980959e-23,
        1.6245029384510532e-24,
        4.1587074538132674e-24,
        7.307532924789326e-32,
        5.396333415192166e-20,
        1.0380126269637913e-07,
        4.059997661034822e-18,
        4.1818531852713477e-32,
        2.5768059418833367e-33,
        2.636891647744405e-22,
        1.662737620195902e-36,
        6.784918715862894e-32,
        4.084281453005496e-31,
        5.652243047389523e-36,
        2.6352373088046196e-26,
        3.7375656914232576e-32,
        1.7549433802156094e-27,
        5.278186174325451e-21,
        9.61486697438995e-20,
        2.0974430647698205e-22,
        2.347228352317108e-26,
        9.121739625142489e-27,
        7.471863541626357e-41,
        4.1334349843840005e-31,
        1.5742904043438315e-21,
        1.097984577986694e-28,
        3.2240660094353335e-29,
        3.074048582904794e-26,
        1.5370802334918633e-32,
        2.0090683607717324e-35,
        7.162177021306487e-24,
        2.9157787545028037e-30,
        3.425337641050359e-32,
        9.582132179733471e-13,
        2.4255126924980064e-31,
        1.8054823985127158e-30,
        1.3303884943799705e-26,
        7.367862909794258e-22,
        5.962391970665108e-17,
        0.9999998807907104
    ],
    "comments": {
        "created-by": "run_analogies.py",
        "args": {
            "model": "gpt2-medium",
            "tokenizer": "gpt2-medium",
            "data_dir": "data/analogies",
            "output_dir": "rationalization_results/analogies/gpt2-medium.sampling.uniform",
            "device": "cuda",
            "rationalization_config": "config/test2.json",
            "input_data_size": 1,
            "logfile": "logs/analogies/gpt2-medium.sampling.uniform/test.log",
            "loglevel": 20
        },
        "time_elapsed": 6.874747037887573
    }
}