{
    "$schema": "../docs/rationalization.schema.json",
    "id": 23,
    "input-text": [
        "When",
        " my",
        " flight",
        " landed",
        " in",
        " Thailand",
        ",",
        " I",
        " converted",
        " my",
        " currency",
        " and",
        " slowly",
        " fell",
        " asleep",
        ".",
        " (",
        "I",
        " was",
        " behind",
        " on",
        " a",
        " couple",
        " of",
        " assignments",
        ",",
        " but",
        " I",
        " tried",
        " not",
        " to",
        " think",
        " about",
        " them",
        ").",
        " I",
        " was",
        " staying",
        " in",
        " the",
        " capital",
        ","
    ],
    "input-tokens": [
        2215,
        616,
        5474,
        11406,
        287,
        16952,
        11,
        314,
        11513,
        616,
        7395,
        290,
        6364,
        3214,
        16039,
        13,
        357,
        40,
        373,
        2157,
        319,
        257,
        3155,
        286,
        25815,
        11,
        475,
        314,
        3088,
        407,
        284,
        892,
        546,
        606,
        737,
        314,
        373,
        10589,
        287,
        262,
        3139,
        11
    ],
    "target-text": " Bangkok",
    "target-token": 35007,
    "rational-size": 5,
    "rational-positions": [
        41,
        38,
        5,
        35,
        18
    ],
    "rational-text": [
        ",",
        " in",
        " Thailand",
        " I",
        " was"
    ],
    "rational-tokens": [
        11,
        287,
        16952,
        314,
        373
    ],
    "importance-scores": [
        0.0,
        0.0,
        0.0,
        2.802596928649634e-45,
        0.0,
        0.004779868759214878,
        0.0,
        0.0,
        0.0,
        3.7002046014783845e-36,
        1.156351492760839e-41,
        1.711374990397839e-35,
        0.0,
        2.2476827367770066e-42,
        0.0,
        0.0,
        0.0,
        0.0,
        1.9345304524964746e-10,
        3.385381265419525e-38,
        0.0,
        1.679595001267848e-33,
        1.1210387714598537e-44,
        0.0,
        0.0,
        1.0789998175301091e-43,
        1.0024696639049087e-32,
        2.802596928649634e-45,
        0.0,
        1.150412649739184e-38,
        1.2698215846735134e-29,
        0.0,
        0.0,
        0.0,
        0.0,
        2.1046465903395983e-08,
        0.0,
        1.781942254063784e-17,
        0.16301332414150238,
        6.343719506425648e-22,
        1.9481809889533976e-23,
        0.8322067856788635
    ],
    "comments": {
        "created-by": "run_analogies.py",
        "args": {
            "model": "gpt2-medium",
            "tokenizer": "gpt2-medium",
            "data_dir": "data/analogies",
            "output_dir": "rationalization_results/analogies/gpt2-medium.sampling.uniform",
            "device": "cuda",
            "rationalization_config": "config/test2.json",
            "input_data_size": 1,
            "logfile": "logs/analogies/gpt2-medium.sampling.uniform/test.log",
            "loglevel": 20
        },
        "time_elapsed": 29.237924098968506
    }
}