{
    "$schema": "../docs/rationalization.schema.json",
    "id": 36,
    "input-text": [
        "When",
        " my",
        " flight",
        " landed",
        " in",
        " Pakistan",
        ",",
        " I",
        " converted",
        " my",
        " currency",
        " and",
        " slowly",
        " fell",
        " asleep",
        ".",
        " (",
        "I",
        " was",
        " behind",
        " on",
        " a",
        " couple",
        " of",
        " assignments",
        ",",
        " but",
        " I",
        " tried",
        " not",
        " to",
        " think",
        " about",
        " them",
        ").",
        " I",
        " was",
        " staying",
        " in",
        " the",
        " capital",
        ","
    ],
    "input-tokens": [
        2215,
        616,
        5474,
        11406,
        287,
        7648,
        11,
        314,
        11513,
        616,
        7395,
        290,
        6364,
        3214,
        16039,
        13,
        357,
        40,
        373,
        2157,
        319,
        257,
        3155,
        286,
        25815,
        11,
        475,
        314,
        3088,
        407,
        284,
        892,
        546,
        606,
        737,
        314,
        373,
        10589,
        287,
        262,
        3139,
        11
    ],
    "target-text": " Islamabad",
    "target-token": 36878,
    "rational-size": 5,
    "rational-positions": [
        36,
        41,
        39,
        5,
        40
    ],
    "rational-text": [
        " was",
        ",",
        " the",
        " Pakistan",
        " capital"
    ],
    "rational-tokens": [
        373,
        11,
        262,
        7648,
        3139
    ],
    "importance-scores": [
        0.0,
        0.0,
        0.0,
        0.0,
        0.0,
        5.7899609016701215e-31,
        0.0,
        0.0,
        0.0,
        0.0,
        0.0,
        0.0,
        0.0,
        0.0,
        0.0,
        0.0,
        0.0,
        0.0,
        0.0,
        0.0,
        0.0,
        0.0,
        0.0,
        0.0,
        0.0,
        0.0,
        0.0,
        0.0,
        0.0,
        0.0,
        0.0,
        0.0,
        0.0,
        0.0,
        1.2051166793193427e-43,
        0.0,
        0.9007918834686279,
        0.0,
        0.0,
        1.283377015770526e-10,
        5.996481947554429e-35,
        0.09920809417963028
    ],
    "comments": {
        "created-by": "run_analogies.py",
        "args": {
            "model": "gpt2-medium",
            "tokenizer": "gpt2-medium",
            "data_dir": "data/analogies",
            "output_dir": "rationalization_results/analogies/gpt2-medium.sampling.uniform",
            "device": "cuda",
            "rationalization_config": "config/test2.json",
            "input_data_size": 1,
            "logfile": "logs/analogies/gpt2-medium.sampling.uniform/test.log",
            "loglevel": 20
        },
        "time_elapsed": 243.35285711288452
    }
}