{
    "$schema": "../docs/rationalization.schema.json",
    "id": 43,
    "input-text": [
        "When",
        " my",
        " flight",
        " landed",
        " in",
        " England",
        ",",
        " I",
        " converted",
        " my",
        " currency",
        " and",
        " slowly",
        " fell",
        " asleep",
        ".",
        " (",
        "I",
        " was",
        " behind",
        " on",
        " a",
        " couple",
        " of",
        " assignments",
        ",",
        " but",
        " I",
        " tried",
        " not",
        " to",
        " think",
        " about",
        " them",
        ").",
        " I",
        " was",
        " staying",
        " in",
        " the",
        " capital",
        ","
    ],
    "input-tokens": [
        2215,
        616,
        5474,
        11406,
        287,
        4492,
        11,
        314,
        11513,
        616,
        7395,
        290,
        6364,
        3214,
        16039,
        13,
        357,
        40,
        373,
        2157,
        319,
        257,
        3155,
        286,
        25815,
        11,
        475,
        314,
        3088,
        407,
        284,
        892,
        546,
        606,
        737,
        314,
        373,
        10589,
        287,
        262,
        3139,
        11
    ],
    "target-text": " London",
    "target-token": 3576,
    "rational-size": 5,
    "rational-positions": [
        39,
        34,
        41,
        18,
        40
    ],
    "rational-text": [
        " the",
        ").",
        ",",
        " was",
        " capital"
    ],
    "rational-tokens": [
        262,
        737,
        11,
        373,
        3139
    ],
    "importance-scores": [
        0.0,
        0.0,
        8.029440200581202e-43,
        0.0,
        0.0,
        1.2662132923639047e-41,
        0.0,
        0.0,
        0.0,
        0.0,
        0.0,
        6.880239253624119e-38,
        0.0,
        0.0,
        1.018743983564142e-42,
        0.0,
        2.4172398509603094e-42,
        0.0,
        9.120038797890001e-26,
        0.0,
        0.0,
        0.0,
        0.0,
        0.0,
        0.0,
        0.0,
        0.0,
        9.129688464644444e-32,
        0.0,
        0.0,
        0.0,
        0.0,
        0.0,
        3.0339513051096614e-41,
        4.4603376032773326e-14,
        0.0,
        4.664922587737316e-42,
        0.0,
        1.5914586388951008e-34,
        1.0,
        2.3273992857584882e-26,
        1.3754091219013277e-17
    ],
    "comments": {
        "created-by": "run_analogies.py",
        "args": {
            "model": "gpt2-medium",
            "tokenizer": "gpt2-medium",
            "data_dir": "data/analogies",
            "output_dir": "rationalization_results/analogies/gpt2-medium.sampling.uniform",
            "device": "cuda",
            "rationalization_config": "config/test2.json",
            "input_data_size": 1,
            "logfile": "logs/analogies/gpt2-medium.sampling.uniform/test.log",
            "loglevel": 20
        },
        "time_elapsed": 90.56670784950256
    }
}