{
    "$schema": "../docs/rationalization.schema.json",
    "id": 52,
    "input-text": [
        "When",
        " my",
        " flight",
        " landed",
        " in",
        " Iran",
        ",",
        " I",
        " converted",
        " my",
        " currency",
        " and",
        " slowly",
        " fell",
        " asleep",
        ".",
        " (",
        "I",
        " was",
        " behind",
        " on",
        " a",
        " couple",
        " of",
        " assignments",
        ",",
        " but",
        " I",
        " tried",
        " not",
        " to",
        " think",
        " about",
        " them",
        ").",
        " I",
        " was",
        " staying",
        " in",
        " the",
        " capital",
        ","
    ],
    "input-tokens": [
        2215,
        616,
        5474,
        11406,
        287,
        4068,
        11,
        314,
        11513,
        616,
        7395,
        290,
        6364,
        3214,
        16039,
        13,
        357,
        40,
        373,
        2157,
        319,
        257,
        3155,
        286,
        25815,
        11,
        475,
        314,
        3088,
        407,
        284,
        892,
        546,
        606,
        737,
        314,
        373,
        10589,
        287,
        262,
        3139,
        11
    ],
    "target-text": " Tehran",
    "target-token": 20882,
    "rational-size": 5,
    "rational-positions": [
        39,
        41,
        5,
        35,
        40
    ],
    "rational-text": [
        " the",
        ",",
        " Iran",
        " I",
        " capital"
    ],
    "rational-tokens": [
        262,
        11,
        4068,
        314,
        3139
    ],
    "importance-scores": [
        2.521010643344076e-35,
        0.0,
        2.5924021590009116e-42,
        9.388699710976274e-44,
        4.1017901343034515e-19,
        6.154514675671408e-10,
        1.1580687050162628e-31,
        0.0,
        0.0,
        0.0,
        3.313245744120354e-30,
        3.2730250143662906e-28,
        2.802596928649634e-45,
        1.0767437270025462e-40,
        0.0,
        1.6838266836821607e-27,
        2.5223372357846707e-44,
        8.029815869462462e-33,
        0.0,
        0.0,
        0.0,
        9.598454217439214e-25,
        4.0637655465419695e-44,
        0.0,
        0.0,
        1.2972835401211525e-29,
        0.0,
        2.1219831166502002e-33,
        0.0,
        2.942726775082116e-44,
        3.2229864679470793e-43,
        1.1126309806739048e-42,
        0.0,
        2.4157992712974327e-36,
        1.509332553035928e-19,
        2.0334560424384307e-11,
        6.115266498313502e-42,
        0.0,
        3.891455503798304e-29,
        0.9998310804367065,
        1.603237161911093e-17,
        0.0001688793272478506
    ],
    "comments": {
        "created-by": "run_analogies.py",
        "args": {
            "model": "gpt2-medium",
            "tokenizer": "gpt2-medium",
            "data_dir": "data/analogies",
            "output_dir": "rationalization_results/analogies/gpt2-medium.sampling.uniform",
            "device": "cuda",
            "rationalization_config": "config/test2.json",
            "input_data_size": 1,
            "logfile": "logs/analogies/gpt2-medium.sampling.uniform/test.log",
            "loglevel": 20
        },
        "time_elapsed": 68.52667713165283
    }
}