{
    "$schema": "../docs/rationalization.schema.json",
    "id": 10,
    "input-text": [
        "When",
        " my",
        " flight",
        " landed",
        " in",
        " Afghanistan",
        ",",
        " I",
        " converted",
        " my",
        " currency",
        " and",
        " slowly",
        " fell",
        " asleep",
        ".",
        " (",
        "I",
        " had",
        " a",
        " terrifying",
        " dream",
        " about",
        " my",
        " grandmother",
        ",",
        " but",
        " that",
        "'s",
        " a",
        " story",
        " for",
        " another",
        " time",
        ").",
        " I",
        " was",
        " staying",
        " in",
        " the",
        " capital",
        ","
    ],
    "input-tokens": [
        2215,
        616,
        5474,
        11406,
        287,
        8037,
        11,
        314,
        11513,
        616,
        7395,
        290,
        6364,
        3214,
        16039,
        13,
        357,
        40,
        550,
        257,
        17623,
        4320,
        546,
        616,
        18410,
        11,
        475,
        326,
        338,
        257,
        1621,
        329,
        1194,
        640,
        737,
        314,
        373,
        10589,
        287,
        262,
        3139,
        11
    ],
    "target-text": " Kabul",
    "target-token": 34753,
    "rational-size": 5,
    "rational-positions": [
        41,
        5,
        0,
        40,
        39
    ],
    "rational-text": [
        ",",
        " Afghanistan",
        "When",
        " capital",
        " the"
    ],
    "rational-tokens": [
        11,
        8037,
        2215,
        3139,
        262
    ],
    "importance-scores": [
        0.20000000298023224,
        0.0,
        0.0,
        0.0,
        0.0,
        0.20000000298023224,
        0.0,
        0.0,
        0.0,
        0.0,
        0.0,
        0.0,
        0.0,
        0.0,
        0.0,
        0.0,
        0.0,
        0.0,
        0.0,
        0.0,
        0.0,
        0.0,
        0.0,
        0.0,
        0.0,
        0.0,
        0.0,
        0.0,
        0.0,
        0.0,
        0.0,
        0.0,
        0.0,
        0.0,
        0.0,
        0.0,
        0.0,
        0.0,
        0.0,
        0.20000000298023224,
        0.20000000298023224,
        0.20000000298023224
    ],
    "comments": {
        "created-by": "migrate_results_analogies.py",
        "args": {
            "data_dir": "data/analogies/gpt2/",
            "input_dir": "../sequential-rationales/huggingface/rationalization_results/analogies/gpt2_greedy",
            "output_dir": "rationalization_results/analogies/gpt2_greedy",
            "tokenizer": "gpt2-medium"
        },
        "note": "pseudo importance score applied"
    }
}