{
    "$schema": "../docs/rationalization.schema.json",
    "id": 54,
    "input-text": [
        "When",
        " my",
        " flight",
        " landed",
        " in",
        " Libya",
        ",",
        " I",
        " converted",
        " my",
        " currency",
        " and",
        " slowly",
        " fell",
        " asleep",
        ".",
        " (",
        "I",
        " was",
        " behind",
        " on",
        " a",
        " couple",
        " of",
        " assignments",
        ",",
        " but",
        " I",
        " tried",
        " not",
        " to",
        " think",
        " about",
        " them",
        ").",
        " I",
        " was",
        " staying",
        " in",
        " the",
        " capital",
        ","
    ],
    "input-tokens": [
        2215,
        616,
        5474,
        11406,
        287,
        13465,
        11,
        314,
        11513,
        616,
        7395,
        290,
        6364,
        3214,
        16039,
        13,
        357,
        40,
        373,
        2157,
        319,
        257,
        3155,
        286,
        25815,
        11,
        475,
        314,
        3088,
        407,
        284,
        892,
        546,
        606,
        737,
        314,
        373,
        10589,
        287,
        262,
        3139,
        11
    ],
    "target-text": " Tripoli",
    "target-token": 47318,
    "rational-size": 6,
    "rational-positions": [
        41,
        5,
        0,
        40,
        39,
        37
    ],
    "rational-text": [
        ",",
        " Libya",
        "When",
        " capital",
        " the",
        " staying"
    ],
    "rational-tokens": [
        11,
        13465,
        2215,
        3139,
        262,
        10589
    ],
    "importance-scores": [
        0.1666666716337204,
        0.0,
        0.0,
        0.0,
        0.0,
        0.1666666716337204,
        0.0,
        0.0,
        0.0,
        0.0,
        0.0,
        0.0,
        0.0,
        0.0,
        0.0,
        0.0,
        0.0,
        0.0,
        0.0,
        0.0,
        0.0,
        0.0,
        0.0,
        0.0,
        0.0,
        0.0,
        0.0,
        0.0,
        0.0,
        0.0,
        0.0,
        0.0,
        0.0,
        0.0,
        0.0,
        0.0,
        0.0,
        0.1666666716337204,
        0.0,
        0.1666666716337204,
        0.1666666716337204,
        0.1666666716337204
    ],
    "comments": {
        "created-by": "migrate_results_analogies.py",
        "args": {
            "data_dir": "data/analogies/gpt2/",
            "input_dir": "../sequential-rationales/huggingface/rationalization_results/analogies/gpt2_greedy",
            "output_dir": "rationalization_results/analogies/gpt2_greedy",
            "tokenizer": "gpt2-medium"
        },
        "note": "pseudo importance score applied"
    }
}