{
    "$schema": "../docs/rationalization.schema.json",
    "id": 58,
    "input-text": [
        "As",
        " soon",
        " as",
        " I",
        " arrived",
        " in",
        " Europe",
        ",",
        " I",
        " checked",
        " into",
        " my",
        " hotel",
        " and",
        " took",
        " a",
        " long",
        " nap",
        ".",
        " (",
        "I",
        " had",
        " finally",
        " finished",
        " the",
        " book",
        " I",
        " was",
        " reading",
        " and",
        " it",
        " was",
        " amazing",
        ").",
        " I",
        " had",
        " to",
        " figure",
        " out",
        " the",
        " exchange",
        " rate",
        " to",
        " the",
        " local",
        " currency",
        ",",
        " which",
        " is",
        " apparently",
        " called",
        " the"
    ],
    "input-tokens": [
        1722,
        2582,
        355,
        314,
        5284,
        287,
        2031,
        11,
        314,
        10667,
        656,
        616,
        7541,
        290,
        1718,
        257,
        890,
        25422,
        13,
        357,
        40,
        550,
        3443,
        5201,
        262,
        1492,
        314,
        373,
        3555,
        290,
        340,
        373,
        4998,
        737,
        314,
        550,
        284,
        3785,
        503,
        262,
        5163,
        2494,
        284,
        262,
        1957,
        7395,
        11,
        543,
        318,
        5729,
        1444,
        262
    ],
    "target-text": " Euro",
    "target-token": 1898,
    "rational-size": 9,
    "rational-positions": [
        51,
        6,
        40,
        50,
        45,
        5,
        43,
        37,
        38
    ],
    "rational-text": [
        " the",
        " Europe",
        " exchange",
        " called",
        " currency",
        " in",
        " the",
        " figure",
        " out"
    ],
    "rational-tokens": [
        262,
        2031,
        5163,
        1444,
        7395,
        287,
        262,
        3785,
        503
    ],
    "importance-scores": [
        0.0,
        0.0,
        0.0,
        0.0,
        0.0,
        0.1111111119389534,
        0.1111111119389534,
        0.0,
        0.0,
        0.0,
        0.0,
        0.0,
        0.0,
        0.0,
        0.0,
        0.0,
        0.0,
        0.0,
        0.0,
        0.0,
        0.0,
        0.0,
        0.0,
        0.0,
        0.0,
        0.0,
        0.0,
        0.0,
        0.0,
        0.0,
        0.0,
        0.0,
        0.0,
        0.0,
        0.0,
        0.0,
        0.0,
        0.1111111119389534,
        0.1111111119389534,
        0.0,
        0.1111111119389534,
        0.0,
        0.0,
        0.1111111119389534,
        0.0,
        0.1111111119389534,
        0.0,
        0.0,
        0.0,
        0.0,
        0.1111111119389534,
        0.1111111119389534
    ],
    "comments": {
        "created-by": "migrate_results_analogies.py",
        "args": {
            "data_dir": "data/analogies/gpt2/",
            "input_dir": "../sequential-rationales/huggingface/rationalization_results/analogies/gpt2_greedy",
            "output_dir": "rationalization_results/analogies/gpt2_greedy",
            "tokenizer": "gpt2-medium"
        },
        "note": "pseudo importance score applied"
    }
}