suff,comp,random_suff,random_comp
0.05658810129554676,0.9200304302041884,0.008325352632251077,0.3932270142448823
