suff,comp,random_suff,random_comp
0.005175894714351215,0.011008734676020716,0.004176361246963523,0.009386222160295415
