suff,comp,random_suff,random_comp
0.0044424808607848145,0.00015114940824931125,0.004094568966877583,0.00010963654119733278
