suff,comp,random_suff,random_comp
0.17229929733791385,1.0189546115172625,0.0256486236764533,0.8908953241353988
