suff,comp,random_suff,random_comp
0.13172061859058815,0.978246891245442,0.006357306401049898,0.6280116139725679
