suff,comp,random_suff,random_comp
0.001337079280200161,0.011313316686463445,0.0027985269873738064,0.009882920447081221
