suff,comp,random_suff,random_comp
0.05658810129554676,0.9200304302041884,0.004723496999548896,0.36041609923325374
