suff,comp,random_suff,random_comp
0.01630272834411799,0.7093546824072545,0.008337645605420961,0.27045061179542684
