suff,comp,random_suff,random_comp
0.01630272834411799,0.7093546824072545,0.0057235829022723485,0.20815161978800717
