suff,comp,random_suff,random_comp
0.19376708450950997,1.0223699498050647,0.04477682316152553,0.9383715759920462
