suff,comp,random_suff,random_comp
0.1644496106309751,1.0145137687829182,0.02242690765397012,0.7631223651302553
