suff,comp,random_suff,random_comp
0.13172061859058815,0.978246891245442,0.005819792531473442,0.5800291690641219
