suff,comp,random_suff,random_comp
0.1644496106309751,1.0145137687829182,0.01263912154223492,0.7961980204161677
