suff,comp,random_suff,random_comp
0.11267102420686,0.9770338265650328,0.004666081955297673,0.4493208227586056
