target_pos,target_token,norm_suff,random_suff,norm_comp,random_comp
33, in,0.02170315757393837,0.030218418687582016,0.06706906110048294,0.03845329210162163
35, in,0.14846889674663544,0.062200091779232025,0.07144137471914291,0.06269247829914093
37, United,0.018676085397601128,0.0,0.041364386677742004,0.003362464252859354
39,.,0.01656453311443329,0.04807550832629204,0.03592812642455101,0.029508916661143303
41, is,0.20707783102989197,0.02954176254570484,0.8263415098190308,0.024296464398503304
