target_pos,target_token,norm_suff,random_suff,norm_comp,random_comp
33, in,0.0,0.014907732605934143,0.04186457023024559,0.04111497104167938
35, in,0.0,0.13565987348556519,0.07982222735881805,0.03127797693014145
37, United,0.0023978392127901316,0.004625488072633743,0.006039596162736416,0.005977978464215994
39,.,0.014730289578437805,0.0,0.012682299129664898,0.04015841707587242
41, is,0.03617487847805023,0.032072003930807114,0.030468860641121864,0.029409781098365784
