norm_suff_mean,random_suff_mean,norm_comp_mean,random_comp_mean,final suff,final comp,target_tokens
0.010660601779818535,0.037453021854162216,0.034175511449575424,0.029587823897600174,0.28463929891586304,2.7754366397857666, in$ in$ United$.$ is
