norm_suff_mean,random_suff_mean,norm_comp_mean,random_comp_mean,final suff,final comp,target_tokens
0.08249810338020325,0.03400715813040733,0.20842888951301575,0.031662724912166595,2.4259040355682373,0.3837994337081909, in$ in$ United$.$ is
