target_pos,target_token,norm_suff,random_suff,norm_comp,random_comp
17, in,0.0,0.07420980930328369,0.0925174131989479,0.07817000895738602
19,75,0.08221135288476944,0.0,0.01770057901740074,0.03765970841050148
21, and,0.028195219114422798,0.0,0.10273769497871399,0.03675127401947975
23, located,0.04224938526749611,0.015638580545783043,0.9314204454421997,0.026691367849707603
25, Ottawa,0.023388201370835304,0.005871834233403206,0.40185457468032837,0.011399422772228718
