target_pos,target_token,norm_suff,random_suff,norm_comp,random_comp
17, in,0.08366554230451584,0.08023157715797424,0.056443989276885986,0.03304121270775795
19,75,0.002096432028338313,0.0,0.04981840029358864,0.024905674159526825
21, and,0.0,0.0,0.04202594608068466,0.03221588954329491
23, located,0.0,0.0,0.03200507536530495,0.024810170754790306
25, Ottawa,0.011577664874494076,0.011604043655097485,0.04058124125003815,0.012809358537197113
