norm_suff_mean,random_suff_mean,norm_comp_mean,random_comp_mean,final suff,final comp,target_tokens
0.019467927515506744,0.01836712472140789,0.044174931943416595,0.02555646002292633,1.0599333047866821,1.3127468824386597, in$75$ and$ located$ Ottawa
