norm_suff_mean,random_suff_mean,norm_comp_mean,random_comp_mean,final suff,final comp,target_tokens
0.03520883247256279,0.019144045189023018,0.30924615263938904,0.03813435509800911,1.8391531705856323,1.0830905437469482, in$75$ and$ located$ Ottawa
