target_pos,target_token,norm_suff,random_suff,norm_comp,random_comp
18,"
",0.0,0.0,0.15158286690711975,0.04763126000761986
20,The,0.0,0.0,0.36900460720062256,0.051275111734867096
22, of,0.09640033543109894,0.0,0.1067306399345398,0.023485476151108742
24, moons,0.06638890504837036,0.05034660920500755,0.10566632449626923,0.07651126384735107
26, Miranda,0.034119490534067154,0.011589000932872295,0.21161845326423645,0.0300836693495512
