norm_suff_mean,random_suff_mean,norm_comp_mean,random_comp_mean,final suff,final comp,target_tokens
0.03938174620270729,0.01238712202757597,0.18892058730125427,0.045797355473041534,3.1792490482330322,1.1629081964492798,"
$The$ of$ moons$ Miranda"
