target_pos,target_token,norm_suff,random_suff,norm_comp,random_comp
15, or,0.0,0.06022290885448456,0.1451950967311859,0.04578596353530884
17,com,0.10127998888492584,0.04370822012424469,0.20476938784122467,0.2434268295764923
19,.,0.07459050416946411,0.0,0.03466681391000748,0.05432817339897156
21, genus,0.0,0.0,0.07730782777070999,0.05036141723394394
23,ill,0.02253410965204239,0.00727890757843852,0.0066963257268071175,0.004886708687990904
