target_pos,target_token,norm_suff,random_suff,norm_comp,random_comp
15, or,0.08198666572570801,0.0883040800690651,0.8819196820259094,0.06821760535240173
17,com,0.0,0.0,0.2988135516643524,0.11981592327356339
19,.,0.0,0.11119470000267029,0.05056963488459587,0.05117485672235489
21, genus,0.06357468664646149,0.01855573058128357,0.07062701880931854,0.05506214499473572
23,ill,0.0449213944375515,0.0025024316273629665,0.7616382837295532,0.001965325092896819
