norm_suff_mean,random_suff_mean,norm_comp_mean,random_comp_mean,final suff,final comp,target_tokens
0.03809655085206032,0.04411138966679573,0.4127136766910553,0.05924717336893082,0.8636443018913269,1.5551847219467163, or$com$.$ genus$ill
