norm_suff_mean,random_suff_mean,norm_comp_mean,random_comp_mean,final suff,final comp,target_tokens
0.03968092426657677,0.02224200777709484,0.09372708946466446,0.07975782454013824,1.7840532064437866,2.009979009628296, or$com$.$ genus$ill
