target_pos,target_token,norm_suff,random_suff,norm_comp,random_comp
24, or,0.14099369943141937,0.0,0.7740797996520996,0.02469867281615734
26,.,0.0,0.013319279998540878,0.07879967242479324,0.026517817750573158
28,"
",0.0,0.09525369107723236,0.9181133508682251,0.023446567356586456
30,ign,0.01794307678937912,0.0,0.9279016852378845,0.0023384131491184235
32, tumors,0.0,0.0,0.11292734742164612,0.04084603860974312
