norm_suff_mean,random_suff_mean,norm_comp_mean,random_comp_mean,final suff,final comp,target_tokens
0.03178735449910164,0.021714596077799797,0.5623643398284912,0.02356950007379055,1.4638704061508179,0.7414740920066833," or$.$
$ign$ tumors"
