target_pos,target_token,norm_suff,random_suff,norm_comp,random_comp
20, and,0.0,0.029823068529367447,0.05470210686326027,0.03304838016629219
22, pr,0.0,0.0,0.10543248802423477,0.045926839113235474
24, of,0.0,0.09035420417785645,0.053495559841394424,0.02160630188882351
26, Ecc,0.008558536879718304,0.008243384771049023,0.05252106487751007,0.1234874352812767
28, Province,0.0004198022361379117,0.0,0.03204922378063202,0.009630261920392513
