target_pos,target_token,norm_suff,random_suff,norm_comp,random_comp
20, and,0.09823285788297653,0.10395215451717377,0.8977075219154358,0.03844638168811798
22, pr,0.05232591554522514,0.03226393833756447,0.5014092326164246,0.041609443724155426
24, of,0.10731925070285797,0.07515008747577667,0.042830418795347214,0.038155511021614075
26, Ecc,0.030338017269968987,0.0,0.801907479763031,0.06329286098480225
28, Province,0.013850245624780655,0.003220635699108243,0.02461089752614498,0.0129213472828269
