norm_suff_mean,random_suff_mean,norm_comp_mean,random_comp_mean,final suff,final comp,target_tokens
0.0017956678057089448,0.025684131309390068,0.05964008718729019,0.0467398427426815,0.06991351395845413,26.029226303100586, and$ pr$ of$ Ecc$ Province
