norm_suff_mean,random_suff_mean,norm_comp_mean,random_comp_mean,final suff,final comp,target_tokens
0.060413260012865067,0.042917363345623016,0.45369312167167664,0.03888511285185814,1.4076647758483887,0.6436519622802734, and$ pr$ of$ Ecc$ Province
