target_pos,target_token,norm_suff,random_suff,norm_comp,random_comp
21, (,0.0298000555485487,0.0007297755219042301,0.2168528288602829,0.018319841474294662
23,",",0.05425674840807915,0.031169893220067024,0.0062470342963933945,0.0071087912656366825
25, km,0.0017501125112175941,0.0027012303471565247,0.013640040531754494,0.008864069357514381
27, west,0.0,0.011953623965382576,0.03332563862204552,0.01824180595576763
29, the,0.1906825751066208,0.0025575526524335146,0.6954110860824585,0.03214723616838455
