target_pos,target_token,norm_suff,random_suff,norm_comp,random_comp
21, (,0.07385034114122391,0.034354545176029205,0.13112804293632507,0.035353317856788635
23,",",0.05213018134236336,0.0,0.017927536740899086,0.0035242752637714148
25, km,0.006590902339667082,0.004810000769793987,0.032474566251039505,0.044114965945482254
27, west,0.0,0.012432852759957314,0.01899030990898609,0.08161508291959763
29, the,0.0,0.01608274132013321,0.05550200119614601,0.10149262100458145
