norm_suff_mean,random_suff_mean,norm_comp_mean,random_comp_mean,final suff,final comp,target_tokens
0.026514286175370216,0.013536027632653713,0.05120449140667915,0.05322005972266197,1.9587937593460083,2.0072219371795654," ($,$ km$ west$ the"
