norm_suff_mean,random_suff_mean,norm_comp_mean,random_comp_mean,final suff,final comp,target_tokens
0.05529789999127388,0.009822415187954903,0.19309532642364502,0.016936350613832474,5.62976598739624,0.30627474188804626," ($,$ km$ west$ the"
