target_pos,target_token,norm_suff,random_suff,norm_comp,random_comp
25, by,0.03559130057692528,0.00906062126159668,0.05668049305677414,0.039982497692108154
27, B,0.05926932021975517,0.023847205564379692,0.16882333159446716,0.04714477062225342
29,en,0.056130778044462204,0.007694525644183159,0.25692397356033325,0.005537308752536774
31, Mel,0.0025804799515753984,0.0,0.26713064312934875,0.05787759646773338
33, Wall,0.003344263881444931,0.002713788766413927,0.7502584457397461,0.051714424043893814
