target_pos,target_token,norm_suff,random_suff,norm_comp,random_comp
25, by,0.0009957693982869387,0.017253102734684944,0.05467269569635391,0.061787199229002
27, B,0.0,0.03955488279461861,0.39924806356430054,0.07883480191230774
29,en,0.032203249633312225,0.0,0.2388269603252411,0.004803876392543316
31, Mel,0.0,0.0004081703082192689,0.1994454264640808,0.050038572400808334
33, Wall,0.0,0.008748662658035755,0.05096444860100746,0.04522358626127243
