norm_suff_mean,random_suff_mean,norm_comp_mean,random_comp_mean,final suff,final comp,target_tokens
0.006639804225414991,0.013192963786423206,0.18863151967525482,0.0481376051902771,0.5032837390899658,7.249853134155273, by$ B$en$ Mel$ Wall
