norm_suff_mean,random_suff_mean,norm_comp_mean,random_comp_mean,final suff,final comp,target_tokens
0.03138322755694389,0.008663228712975979,0.2999633848667145,0.04045131802558899,3.6225786209106445,1.2889469861984253, by$ B$en$ Mel$ Wall
