target_pos,target_token,norm_suff,random_suff,norm_comp,random_comp
21, by,0.020056363195180893,0.0004702138830907643,0.09100735932588577,0.021115077659487724
23, American,0.0,0.0,0.09253218024969101,0.05126829817891121
25, industry,0.04154370725154877,0.005559746641665697,0.0860464945435524,0.14890100061893463
27, It,0.0013038411270827055,0.0,0.02654842473566532,0.03859666362404823
29, given,0.008396941237151623,0.004887554794549942,0.13523545861244202,0.04709460586309433
