target_pos,target_token,norm_suff,random_suff,norm_comp,random_comp
21, by,0.011811122298240662,0.026373470202088356,0.8963530659675598,0.04220769181847572
23, American,0.01405447255820036,0.0,0.11820352077484131,0.09274154901504517
25, industry,0.017097603529691696,0.007144422270357609,0.23353026807308197,0.07181721180677414
27, It,0.02324177324771881,0.00407350342720747,0.9988343715667725,0.04708670452237129
29, given,0.07863990217447281,0.0,0.8518697023391724,0.0520034059882164
