norm_suff_mean,random_suff_mean,norm_comp_mean,random_comp_mean,final suff,final comp,target_tokens
0.028968974947929382,0.007518279831856489,0.6197582483291626,0.06117131933569908,3.8531386852264404,2.111614942550659, by$ American$ industry$ It$ given
