norm_suff_mean,random_suff_mean,norm_comp_mean,random_comp_mean,final suff,final comp,target_tokens
0.014260170049965382,0.0021835032384842634,0.08627398312091827,0.06139513477683067,6.530867576599121,4.305357933044434, by$ American$ industry$ It$ given
