target_pos,target_token,norm_suff,random_suff,norm_comp,random_comp
27, The,0.01983480714261532,0.0048310779966413975,0.01864342764019966,0.023649439215660095
29,eng,0.038757678121328354,0.00796267669647932,0.059685833752155304,0.011366721242666245
31, period,0.06732769310474396,0.0016902858624234796,0.12896928191184998,0.06813538819551468
33, a,0.0029401874635368586,0.003874023910611868,0.02025471441447735,0.03598828613758087
35, of,0.04328301176428795,0.0,0.02776528336107731,0.006586621981114149
