target_pos,target_token,norm_suff,random_suff,norm_comp,random_comp
27, The,0.1601088047027588,0.032450396567583084,1.0167089700698853,0.018981754779815674
29,eng,0.0,0.005985158961266279,0.11476287990808487,0.012521692551672459
31, period,0.0,0.04848863556981087,0.13181301951408386,0.06172545254230499
33, a,0.11078554391860962,0.013901429250836372,0.6152439117431641,0.04764680564403534
35, of,0.12974807620048523,0.0,0.6583227515220642,0.02443658746778965
