norm_suff_mean,random_suff_mean,norm_comp_mean,random_comp_mean,final suff,final comp,target_tokens
0.0344286747276783,0.0036716130562126637,0.05106371268630028,0.029145291075110435,9.376988410949707,0.846541166305542, The$eng$ period$ a$ of
