norm_suff_mean,random_suff_mean,norm_comp_mean,random_comp_mean,final suff,final comp,target_tokens
0.08012848347425461,0.020165124908089638,0.5073702931404114,0.03306245803833008,3.9736170768737793,0.4126180410385132, The$eng$ period$ a$ of
