target_pos,target_token,norm_suff,random_suff,norm_comp,random_comp
17, at,0.10099202394485474,0.040338583290576935,0.05317026749253273,0.032457385212183
19, top,0.032021619379520416,0.0,0.40874651074409485,0.03833085298538208
21, the,0.3320804238319397,0.08620374649763107,0.9720650911331177,0.0222257599234581
23, social,0.03469972312450409,0.0,0.15323269367218018,0.06362997740507126
25,.,0.16010071337223053,0.19198226928710938,0.024656737223267555,0.007788709830492735
