target_pos,target_token,norm_suff,random_suff,norm_comp,random_comp
17, at,0.053584024310112,0.0597526840865612,0.06237369030714035,0.03746991977095604
19, top,0.0,0.005329555831849575,0.038084980100393295,0.030765283852815628
21, the,0.04100196063518524,0.019020264968276024,0.03917696699500084,0.09258975833654404
23, social,0.0,0.014186033979058266,0.05359048396348953,0.055766716599464417
25,.,0.10649975389242172,0.014860700815916061,0.01081066019833088,0.011345534585416317
