norm_suff_mean,random_suff_mean,norm_comp_mean,random_comp_mean,final suff,final comp,target_tokens
0.04021714627742767,0.02262984775006771,0.04080735519528389,0.0455874428153038,1.7771726846694946,1.1335325241088867, at$ top$ the$ social$.
