norm_suff_mean,random_suff_mean,norm_comp_mean,random_comp_mean,final suff,final comp,target_tokens
0.13197889924049377,0.06370492279529572,0.32237425446510315,0.03288653865456581,2.0717220306396484,0.24918027222156525, at$ top$ the$ social$.
