target_pos,target_token,norm_suff,random_suff,norm_comp,random_comp
16, is,0.15600533783435822,0.12099283188581467,0.23397816717624664,0.21743741631507874
18, species,8.37591287563555e-05,0.01064065471291542,0.07824558764696121,0.04003605246543884
20, lobster,0.0,0.0,0.09757380932569504,0.3283637762069702
22, the,0.052392132580280304,0.013930704444646835,0.9954792857170105,0.003688886296004057
24, Neph,0.0,0.0,0.19878996908664703,0.10526334494352341
