target_pos,target_token,norm_suff,random_suff,norm_comp,random_comp
16, is,0.055726632475852966,0.0,0.10348156094551086,0.0851205512881279
18, species,0.0,0.006191684398800135,0.05709680914878845,0.02982855774462223
20, lobster,0.04156851768493652,0.008862709626555443,0.07309399545192719,0.09113261103630066
22, the,0.005081700161099434,0.03205418214201927,0.005430726334452629,0.0061708190478384495
24, Neph,0.011424372904002666,0.021070752292871475,0.10881523042917252,0.11575734615325928
