norm_suff_mean,random_suff_mean,norm_comp_mean,random_comp_mean,final suff,final comp,target_tokens
0.04169624671339989,0.029112840071320534,0.32081338763237,0.1389579027891159,1.4322288036346436,3.3326237201690674, is$ species$ lobster$ the$ Neph
