norm_suff_mean,random_suff_mean,norm_comp_mean,random_comp_mean,final suff,final comp,target_tokens
0.022760244086384773,0.013635865412652493,0.06958366930484772,0.06560198217630386,1.6691455841064453,2.88230562210083, is$ species$ lobster$ the$ Neph
