target_pos,target_token,norm_suff,random_suff,norm_comp,random_comp
12, They,0.000923454761505127,0.03860973194241524,0.04121211916208267,0.05338308587670326
14, used,0.0,0.0,0.08066626638174057,0.03643590211868286
16, cooking,0.0,0.059470776468515396,0.08193513751029968,0.060064494609832764
18, as,0.0,0.0,0.07235753536224365,0.06614549458026886
20, lubric,0.0,0.025080634281039238,0.11118849366903305,0.042975522577762604
