target_pos,target_token,norm_suff,random_suff,norm_comp,random_comp
12, They,0.03695354238152504,0.05059259757399559,0.9236853718757629,0.043973855674266815
14, used,0.10600318759679794,0.0,0.597438395023346,0.057141080498695374
16, cooking,0.23448717594146729,0.0355132557451725,0.35118231177330017,0.05573457479476929
18, as,0.0,0.0,0.16031290590763092,0.04515635222196579
20, lubric,0.0,0.0,0.207502543926239,0.09498195350170135
