norm_suff_mean,random_suff_mean,norm_comp_mean,random_comp_mean,final suff,final comp,target_tokens
0.00018469095812179148,0.024632228538393974,0.07747191190719604,0.05180090293288231,0.0074979392811656,280.4734191894531, They$ used$ cooking$ as$ lubric
