norm_suff_mean,random_suff_mean,norm_comp_mean,random_comp_mean,final suff,final comp,target_tokens
0.07548878341913223,0.017221171408891678,0.44802427291870117,0.059397559612989426,4.383487224578857,0.7868395447731018, They$ used$ cooking$ as$ lubric
