target_pos,target_token,norm_suff,random_suff,norm_comp,random_comp
20, until,0.013922546990215778,0.04826300963759422,0.030822206288576126,0.01951078325510025
22, French,0.0,0.0,0.03854026645421982,0.05014174059033394
24, in,0.00932545680552721,0.1858692765235901,0.29437294602394104,0.059716321527957916
26,89,0.002124723745509982,0.0,0.019811730831861496,0.03930250555276871
28, The,0.03355443477630615,0.0,0.030758973211050034,0.021219242364168167
