target_pos,target_token,norm_suff,random_suff,norm_comp,random_comp
20, until,0.0,0.014401753433048725,0.031259648501873016,0.024884115904569626
22, French,0.0,0.0,0.26905620098114014,0.033987246453762054
24, in,0.1608991175889969,0.06206020712852478,0.2338724285364151,0.04531298577785492
26,89,0.0,8.518036338500679e-05,0.07816663384437561,0.060455065220594406
28, The,0.1554885357618332,0.0,1.021018624305725,0.05062664672732353
