norm_suff_mean,random_suff_mean,norm_comp_mean,random_comp_mean,final suff,final comp,target_tokens
0.06327753514051437,0.015309427864849567,0.3266746997833252,0.04305321350693703,4.13323974609375,0.680387020111084, until$ French$ in$89$ The
