target_pos,target_token,norm_suff,random_suff,norm_comp,random_comp
15, who,0.0802730992436409,0.0,0.07324765622615814,0.10064088553190231
17, appeared,0.17226439714431763,0.020437318831682205,0.14738787710666656,0.017286699265241623
19, many,0.12014583498239517,0.0,0.8052099347114563,0.046407949179410934
21, television,0.0683211162686348,0.02877315692603588,0.10676615685224533,0.023927459493279457
23, and,0.1244499534368515,0.15981049835681915,0.3956656754016876,0.0370316319167614
