target_pos,target_token,norm_suff,random_suff,norm_comp,random_comp
15, who,0.0,0.06188180670142174,0.07628294080495834,0.0856751948595047
17, appeared,0.0,0.009292942471802235,0.0343734472990036,0.02635812945663929
19, many,0.0,0.0289151668548584,0.021171461790800095,0.048892173916101456
21, television,0.01209056843072176,0.030328286811709404,0.0363982655107975,0.027750952169299126
23, and,0.08578862249851227,0.021771637722849846,0.052086714655160904,0.026781970635056496
