norm_suff_mean,random_suff_mean,norm_comp_mean,random_comp_mean,final suff,final comp,target_tokens
0.1130908876657486,0.04180419445037842,0.30565544962882996,0.045058924704790115,2.705252170562744,0.39843109250068665, who$ appeared$ many$ television$ and
