norm_suff_mean,random_suff_mean,norm_comp_mean,random_comp_mean,final suff,final comp,target_tokens
0.01957583986222744,0.030437970533967018,0.04406256601214409,0.04309168457984924,0.6431388258934021,2.2012686729431152, who$ appeared$ many$ television$ and
