target_pos,target_token,norm_suff,random_suff,norm_comp,random_comp
15, developed,0.011841807514429092,0.03907522186636925,0.059155069291591644,0.05553867295384407
17, published,0.007977284491062164,0.006634884979575872,0.6976307034492493,0.020317813381552696
19, Nintendo,0.002627192297950387,0.0022955250460654497,0.03710261732339859,0.030926911160349846
21, the,0.03870728239417076,0.026058001443743706,0.9707401990890503,0.012235456146299839
23, Boy,0.0020565849263221025,0.01594647951424122,0.4065670371055603,0.010826105251908302
