target_pos,target_token,norm_suff,random_suff,norm_comp,random_comp
15, developed,0.0,0.057240478694438934,0.06952153891324997,0.05286497622728348
17, published,0.004253485705703497,0.005896460264921188,0.039353884756565094,0.015909332782030106
19, Nintendo,0.0,0.0008754502632655203,0.0421779528260231,0.08624051511287689
21, the,0.008901545777916908,0.006139892153441906,0.00961946602910757,0.01486150361597538
23, Boy,0.015973640605807304,0.0,0.022762784734368324,0.024471282958984375
