norm_suff_mean,random_suff_mean,norm_comp_mean,random_comp_mean,final suff,final comp,target_tokens
0.005825734697282314,0.014030455611646175,0.03668712452054024,0.038869526237249374,0.4152206480503082,6.672038555145264, developed$ published$ Nintendo$ the$ Boy
