norm_suff_mean,random_suff_mean,norm_comp_mean,random_comp_mean,final suff,final comp,target_tokens
0.012642030604183674,0.018002023920416832,0.43423911929130554,0.025968993082642555,0.7022560834884644,2.0541789531707764, developed$ published$ Nintendo$ the$ Boy
