target_pos,target_token,norm_suff,random_suff,norm_comp,random_comp
24, of,0.07031026482582092,0.0,0.4635208249092102,0.06126880273222923
26, Mint,0.0017569562187418342,0.0024702211376279593,0.9909957051277161,0.021821558475494385
28, 18,0.04888596013188362,0.0,0.19685392081737518,0.02504831925034523
30, to,0.008858497254550457,0.0601615346968174,0.01331430021673441,0.017999179661273956
32,.,0.09773369133472443,0.06936471164226532,0.06419912725687027,0.015137072652578354
