target_pos,target_token,norm_suff,random_suff,norm_comp,random_comp
24, of,0.018921269103884697,0.03235405310988426,0.04280538856983185,0.03969907760620117
26, Mint,0.0012239564675837755,0.002579363761469722,0.17799310386180878,0.05838504433631897
28, 18,0.0031148355919867754,0.009211394004523754,0.03870484605431557,0.06657935678958893
30, to,0.0186848696321249,0.01272309385240078,0.013758422806859016,0.009006662294268608
32,.,0.16063730418682098,0.11526822298765182,0.011376691050827503,0.03757842630147934
