norm_suff_mean,random_suff_mean,norm_comp_mean,random_comp_mean,final suff,final comp,target_tokens
0.04550907388329506,0.026399293914437294,0.34577676653862,0.028254985809326172,1.7238746881484985,0.6208648681640625, of$ Mint$ 18$ to$.
