norm_suff_mean,random_suff_mean,norm_comp_mean,random_comp_mean,final suff,final comp,target_tokens
0.040516447275877,0.0344272255897522,0.05692769214510918,0.04224971681833267,1.1768722534179688,1.0427794456481934, of$ Mint$ 18$ to$.
