target_pos,target_token,norm_suff,random_suff,norm_comp,random_comp
11, and,0.05065237730741501,0.1278637945652008,0.6125328540802002,0.09519102424383163
13, the,0.09275791794061661,0.0,0.7238829135894775,0.036209482699632645
15, program,0.06388380378484726,0.036112867295742035,0.07765365391969681,0.06688155233860016
17, scientific,0.0884997621178627,0.0,0.6069238781929016,0.23449546098709106
19,.,0.1432560682296753,0.07168923318386078,0.03427817299962044,0.020033588632941246
