target_pos,target_token,norm_suff,random_suff,norm_comp,random_comp
11, and,0.07532286643981934,0.09217260032892227,0.07113166898488998,0.034954365342855453
13, the,0.0,0.0,0.06508373469114304,0.0280255489051342
15, program,0.0,0.0,0.08862210810184479,0.12866193056106567
17, scientific,0.043140802532434464,0.0,0.2715030312538147,0.1360856145620346
19,.,0.15322667360305786,0.0,0.07941320538520813,0.05326263606548309
