norm_suff_mean,random_suff_mean,norm_comp_mean,random_comp_mean,final suff,final comp,target_tokens
0.05433806777000427,0.018434520810842514,0.11515074968338013,0.0761980265378952,2.9476256370544434,1.402295470237732, and$ the$ program$ scientific$.
