norm_suff_mean,random_suff_mean,norm_comp_mean,random_comp_mean,final suff,final comp,target_tokens
0.0878099873661995,0.047133177518844604,0.4110542833805084,0.09056221693754196,1.8630186319351196,1.0313429832458496, and$ the$ program$ scientific$.
