target_pos,target_token,norm_suff,random_suff,norm_comp,random_comp
20, thick,0.07263237237930298,0.003219792852178216,0.16897094249725342,0.09629656374454498
22, The,0.0,0.0,0.8844308853149414,0.043008655309677124
24, is,0.22022601962089539,0.05258823558688164,0.05282408744096756,0.01509161852300167
26, to,0.09064416587352753,0.06287800520658493,0.9126615524291992,0.01845216006040573
28, a,0.12394450604915619,0.031251322478055954,0.1019711047410965,0.021069150418043137
