target_pos,target_token,norm_suff,random_suff,norm_comp,random_comp
20, thick,0.0,0.022247284650802612,0.08290231227874756,0.1685740053653717
22, The,0.02598772756755352,0.06112465634942055,0.028036026284098625,0.015569196082651615
24, is,0.0263496283441782,0.023946858942508698,0.04389462247490883,0.04306992143392563
26, to,0.13732899725437164,0.0,0.026061858981847763,0.03478493541479111
28, a,0.025321820750832558,0.030750803649425507,0.05941900238394737,0.030570445582270622
