norm_suff_mean,random_suff_mean,norm_comp_mean,random_comp_mean,final suff,final comp,target_tokens
0.10148941725492477,0.029987473040819168,0.42417168617248535,0.03878363221883774,3.3843936920166016,0.38214460015296936, thick$ The$ is$ to$ a
