norm_suff_mean,random_suff_mean,norm_comp_mean,random_comp_mean,final suff,final comp,target_tokens
0.042997635900974274,0.027613921090960503,0.0480627678334713,0.05851370096206665,1.5570999383926392,1.3608585596084595, thick$ The$ is$ to$ a
