target_pos,target_token,norm_suff,random_suff,norm_comp,random_comp
22, and,0.09915316104888916,0.09456849843263626,0.048982180655002594,0.07508605718612671
24, written,0.026102300733327866,0.0,0.9463399648666382,0.03899909183382988
26, 1942,0.04350562021136284,0.0040113977156579494,0.08442844450473785,0.06795887649059296
28, It,0.27593138813972473,0.0,0.8684294819831848,0.03272811695933342
30, a,0.15008899569511414,0.04764039069414139,0.41911011934280396,0.025468237698078156
