norm_suff_mean,random_suff_mean,norm_comp_mean,random_comp_mean,final suff,final comp,target_tokens
0.11895629018545151,0.029244055971503258,0.47345805168151855,0.048048075288534164,4.067708492279053,0.4039137065410614, and$ written$ 1942$ It$ a
