target_pos,target_token,norm_suff,random_suff,norm_comp,random_comp
21, for,0.03533126786351204,0.0,0.06621529161930084,0.045749686658382416
23, Los,0.0,0.0,0.08707113564014435,0.0362052284181118
25, Dodgers,0.00484538683667779,0.006286364048719406,0.019184719771146774,0.007266819942742586
27, Major,0.0006677349447272718,0.0008647430804558098,0.015904011204838753,0.014510027132928371
29, Baseball,0.0068257940001785755,0.0026062328834086657,0.0077044302597641945,0.001082856091670692
