target_pos,target_token,norm_suff,random_suff,norm_comp,random_comp
21, for,0.021374786272644997,0.04222097620368004,0.10750838369131088,0.07841256260871887
23, Los,0.00029885827098041773,0.0,0.055941928178071976,0.038673557341098785
25, Dodgers,0.019429491832852364,0.00015357830852735788,0.022466560825705528,0.02790049836039543
27, Major,0.009581350721418858,0.00023240380687639117,0.9713027477264404,0.01634860597550869
29, Baseball,0.02909897454082966,0.0012923142639920115,0.01355611439794302,0.0036485958844423294
