norm_suff_mean,random_suff_mean,norm_comp_mean,random_comp_mean,final suff,final comp,target_tokens
0.009534036740660667,0.0019514680607244372,0.03921591863036156,0.020962923765182495,4.885571479797363,2.1987459659576416, for$ Los$ Dodgers$ Major$ Baseball
