norm_suff_mean,random_suff_mean,norm_comp_mean,random_comp_mean,final suff,final comp,target_tokens
0.015956692397594452,0.008779854513704777,0.23415513336658478,0.0329967625439167,1.8174210786819458,2.06789493560791, for$ Los$ Dodgers$ Major$ Baseball
