target_pos,target_token,norm_suff,random_suff,norm_comp,random_comp
25,"
",0.17732825875282288,0.027145277708768845,0.1668999046087265,0.06806358695030212
27,Nut,0.0,0.0,0.9630519151687622,0.08810777962207794
29,"
",0.02552734687924385,0.0282533410936594,0.22344474494457245,0.04100622236728668
31,A,0.0,0.0,0.18202850222587585,0.06381973624229431
33, is,0.14230093359947205,0.07484593242406845,0.04259169474244118,0.01732317917048931
