norm_suff_mean,random_suff_mean,norm_comp_mean,random_comp_mean,final suff,final comp,target_tokens
0.06903131306171417,0.02604891173541546,0.3156033456325531,0.055664099752902985,2.6500651836395264,0.806360125541687,"
$Nut$
$A$ is"
