target_pos,target_token,norm_suff,random_suff,norm_comp,random_comp
34, in,0.017562052235007286,0.0,0.05686677619814873,0.02072884328663349
36, Pennsylvania,0.0,0.0,0.002141710137948394,0.002271099481731653
38, the,0.0045576198026537895,0.010399510152637959,0.0012813755311071873,0.0011592826340347528
40, States,0.0,0.0,0.0009390524355694652,0.00025155633920803666
42, It,0.060169026255607605,0.007733011152595282,0.014213026501238346,0.005325813312083483
