target_pos,target_token,norm_suff,random_suff,norm_comp,random_comp
34, in,0.019633430987596512,0.00869589950889349,0.05478651076555252,0.016566859558224678
36, Pennsylvania,0.0,2.0339914044598117e-05,0.0037237508222460747,0.002665155567228794
38, the,0.03608720004558563,0.024144455790519714,0.0011595998657867312,0.0009341244585812092
40, States,8.265637006843463e-05,0.0,0.0013710702769458294,0.00044880315545015037
42, It,0.0,0.0,0.016087429597973824,0.003175309393554926
