norm_suff_mean,random_suff_mean,norm_comp_mean,random_comp_mean,final suff,final comp,target_tokens
0.011160657741129398,0.006572139449417591,0.015425671823322773,0.004758050199598074,1.6981772184371948,0.42632344365119934, in$ Pennsylvania$ the$ States$ It
