norm_suff_mean,random_suff_mean,norm_comp_mean,random_comp_mean,final suff,final comp,target_tokens
0.01645774021744728,0.0036265042144805193,0.015088388696312904,0.005947318859398365,4.538183212280273,0.3613691031932831, in$ Pennsylvania$ the$ States$ It
