target_pos,target_token,norm_suff,random_suff,norm_comp,random_comp
18, in,0.0,0.0,0.021344030275940895,0.00790429674088955
20,75,0.0,0.0,0.015946602448821068,0.018784422427415848
22, It,0.04373783618211746,0.0,0.011071473360061646,0.006891272030770779
24, composed,0.0,0.0,0.01268261019140482,0.008983688428997993
26, nine,0.009526392444968224,0.018507231026887894,0.013097570277750492,0.006153902038931847
