target_pos,target_token,norm_suff,random_suff,norm_comp,random_comp
18, in,0.0,0.0,0.017226018011569977,0.010095865465700626
20,75,0.0033768743742257357,0.0007101537194103003,0.02722976915538311,0.011937429197132587
22, It,0.0,0.016569271683692932,0.01146097294986248,0.010561060160398483
24, composed,0.0,0.0,0.011383740231394768,0.00359520991332829
26, nine,0.0,0.0,0.01093960553407669,0.014620209112763405
