norm_suff_mean,random_suff_mean,norm_comp_mean,random_comp_mean,final suff,final comp,target_tokens
0.010652846656739712,0.003701446345075965,0.014828457497060299,0.009743516333401203,2.8780226707458496,0.9146397113800049, in$75$ It$ composed$ nine
