norm_suff_mean,random_suff_mean,norm_comp_mean,random_comp_mean,final suff,final comp,target_tokens
0.0006753748748451471,0.0034558852203190327,0.015648022294044495,0.010161954909563065,0.19542746245861053,15.046391487121582, in$75$ It$ composed$ nine
