target_pos,target_token,norm_suff,random_suff,norm_comp,random_comp
19,"
",0.0,0.0,0.029336730018258095,0.022945798933506012
21,'m,0.00012949826486874372,0.0,0.03769882395863533,0.007782056927680969
23, sure,0.0,0.0,0.037084806710481644,0.01083860918879509
25, this,0.0,0.0,0.027119705453515053,0.011585903353989124
27, a,0.010777901858091354,0.0015692346496507525,0.032287053763866425,0.00867654662579298
