target_pos,target_token,norm_suff,random_suff,norm_comp,random_comp
19,"
",0.0,0.0,0.0313141793012619,0.022242378443479538
21,'m,0.0,0.0,0.03632107377052307,0.019494973123073578
23, sure,0.001801585080102086,0.0,0.015994742512702942,0.011112051084637642
25, this,0.002659374848008156,0.0,0.014800196513533592,0.006834386382251978
27, a,0.0,0.0,0.024951186031103134,0.006069611292332411
