norm_suff_mean,random_suff_mean,norm_comp_mean,random_comp_mean,final suff,final comp,target_tokens
0.002181480173021555,0.0003138469473924488,0.03270542249083519,0.01236578356474638,6.950777053833008,5.668529033660889,"
$'m$ sure$ this$ a"
