target_pos,target_token,norm_suff,random_suff,norm_comp,random_comp
16, ,0.0,0.0,0.06511034071445465,0.016563555225729942
18, ,0.0,0.0,0.01690095104277134,0.014902660623192787
20, ,0.0,0.005453693214803934,0.03085864521563053,0.019452715292572975
22, ,0.03376730531454086,0.08705225586891174,0.036258045583963394,0.013060728088021278
24, ,0.0,0.0,0.02207930013537407,0.008708709850907326
