target_pos,target_token,norm_suff,random_suff,norm_comp,random_comp
16, ,0.04880053550004959,0.06227860227227211,0.024587474763393402,0.018660390749573708
18, ,0.0,0.0,0.015101953409612179,0.011475076898932457
20, ,0.0,0.0,0.038112785667181015,0.011658480390906334
22, ,0.020235097035765648,0.008306060917675495,0.017844459041953087,0.0135984867811203
24, ,0.0,0.0005828363355249166,0.032489147037267685,0.0068395379930734634
