norm_suff_mean,random_suff_mean,norm_comp_mean,random_comp_mean,final suff,final comp,target_tokens
0.013807127252221107,0.014233499765396118,0.02562716417014599,0.012446395121514797,0.9700444340705872,0.9014471173286438, $ $ $ $ 
