norm_suff_mean,random_suff_mean,norm_comp_mean,random_comp_mean,final suff,final comp,target_tokens
0.006753460969775915,0.018501190468668938,0.0342414565384388,0.014537674374878407,0.365028440952301,2.152625799179077, $ $ $ $ 
