target_pos,target_token,norm_suff,random_suff,norm_comp,random_comp
25, ,0.014180070720613003,0.0,0.0321836993098259,0.008329078555107117
27, ,0.006676038261502981,0.02478203922510147,0.024101976305246353,0.011213005520403385
29, ,0.0,0.0,0.011639607138931751,0.013208509422838688
31, ,0.0,0.0,0.01399182714521885,0.0055886064656078815
33, ,0.08057259023189545,0.0,0.013219116255640984,0.005127547774463892
