target_pos,target_token,norm_suff,random_suff,norm_comp,random_comp
25, ,0.0,0.0,0.03686376288533211,0.012355541810393333
27, ,0.011566352099180222,0.056251317262649536,0.013866567052900791,0.003845728002488613
29, ,0.0,0.018220754340291023,0.04653951898217201,0.009317353367805481
31, ,0.0,0.0,0.009373090229928493,0.0053295353427529335
33, ,0.0,0.006134202238172293,0.02014155127108097,0.0214394461363554
