norm_suff_mean,random_suff_mean,norm_comp_mean,random_comp_mean,final suff,final comp,target_tokens
0.02028574049472809,0.004956407938152552,0.01902724616229534,0.008693349547684193,4.092831134796143,0.4285448491573334, $ $ $ $ 
