norm_suff_mean,random_suff_mean,norm_comp_mean,random_comp_mean,final suff,final comp,target_tokens
0.002313270466402173,0.016121255233883858,0.025356898084282875,0.010457521304488182,0.1434919536113739,4.520665168762207, $ $ $ $ 
