target_pos,target_token,norm_suff,random_suff,norm_comp,random_comp
21, ,0.0,0.019666045904159546,0.021350855007767677,0.00563935237005353
23, ,0.0,0.0234396830201149,0.016405347734689713,0.005376407410949469
25, ,0.0,0.0,0.00943822506815195,0.009590129368007183
27, ,0.0,0.04543352127075195,0.006325689144432545,0.005947920493781567
29, ,0.0,0.0,0.005654036067426205,0.004429731518030167
