target_pos,target_token,norm_suff,random_suff,norm_comp,random_comp
21, ,0.0,0.0,0.026555750519037247,0.005786181893199682
23, ,0.0,0.0009813355281949043,0.010206503793597221,0.004944541957229376
25, ,0.0,0.0,0.010595470666885376,0.00510789081454277
27, ,0.02081596851348877,0.023518653586506844,0.009674858301877975,0.003813145449385047
29, ,0.060107722878456116,0.0,0.0066553871147334576,0.004575725179165602
