norm_suff_mean,random_suff_mean,norm_comp_mean,random_comp_mean,final suff,final comp,target_tokens
0.016184737905859947,0.004899998195469379,0.012737593613564968,0.004845497198402882,3.303009033203125,0.2993868291378021, $ $ $ $ 
