target_pos,target_token,norm_suff,random_suff,norm_comp,random_comp
22, (,0.0012835018569603562,0.024182593449950218,0.003478837898001075,0.006079571787267923
24,",",0.0,0.006973025389015675,0.0006302612600848079,0.0012897012056782842
26, km,0.0,0.002845585346221924,0.009250635281205177,0.0018286156700924039
28, from,0.007887237705290318,0.0049996585585176945,0.007460403721779585,0.004121978301554918
30, west,0.007112723309546709,0.0,0.009134497493505478,0.00797074194997549
