target_pos,target_token,norm_suff,random_suff,norm_comp,random_comp
22, (,0.0025992807932198048,0.004346633329987526,0.009800056926906109,0.008921079337596893
24,",",0.021256502717733383,0.015597674995660782,0.0010284880409017205,0.000809210876468569
26, km,0.0004976944765076041,0.0018839044496417046,0.008163039572536945,0.004189947620034218
28, from,0.021438686177134514,0.0,0.009216807782649994,0.007768223062157631
30, west,0.0,0.0,0.00915825180709362,0.009237815625965595
