norm_suff_mean,random_suff_mean,norm_comp_mean,random_comp_mean,final suff,final comp,target_tokens
0.003256692783907056,0.007800172548741102,0.0059909275732934475,0.004258121829479933,0.41751548647880554,1.307498812675476," ($,$ km$ from$ west"
