norm_suff_mean,random_suff_mean,norm_comp_mean,random_comp_mean,final suff,final comp,target_tokens
0.009158432483673096,0.0043656425550580025,0.0074733286164700985,0.006185255479067564,2.0978429317474365,0.6753618121147156," ($,$ km$ from$ west"
