target_pos,target_token,norm_suff,random_suff,norm_comp,random_comp
26, by,0.012210831977427006,0.0,0.009039647877216339,0.004547763150185347
28, B,0.0,0.0,0.002657878678292036,0.0018726041307672858
30,en,0.00029498260118998587,0.0007092248997651041,0.0011232915567234159,0.001075661857612431
32, based,0.0,0.012923038564622402,0.023393874987959862,0.020961878821253777
34, the,0.059508442878723145,0.0,0.008123989216983318,0.008294740691781044
