target_pos,target_token,norm_suff,random_suff,norm_comp,random_comp
26, by,0.005558548495173454,0.0027514782268553972,0.006404837593436241,0.005653650965541601
28, B,0.006273382809013128,0.0,0.002264461014419794,0.002196458401158452
30,en,0.000429836887633428,0.00151267449837178,0.0028014658018946648,0.0007237551617436111
32, based,0.007951189763844013,0.004056173376739025,0.023845408111810684,0.01850053109228611
34, the,0.0,0.017582586035132408,0.008710012771189213,0.005531197879463434
