norm_suff_mean,random_suff_mean,norm_comp_mean,random_comp_mean,final suff,final comp,target_tokens
0.014402851462364197,0.0027264526579529047,0.008867736905813217,0.007350530009716749,5.2826337814331055,0.5103524327278137, by$ B$en$ based$ the
