norm_suff_mean,random_suff_mean,norm_comp_mean,random_comp_mean,final suff,final comp,target_tokens
0.004042591899633408,0.005180582404136658,0.008805237710475922,0.006521118339151144,0.7803354263305664,1.6131032705307007, by$ B$en$ based$ the
