target_pos,target_token,norm_suff,random_suff,norm_comp,random_comp
22, by,0.015288712456822395,0.00019976776093244553,0.04732438549399376,0.01761735789477825
24, National,0.0,0.0,0.014814515598118305,0.009663715958595276
26, of,0.0,0.0,0.0018824118888005614,0.004417215008288622
28, Arts,0.0,0.0022230304311960936,0.0037975518498569727,0.00283602112904191
30, Sciences,0.0,0.0,0.0034785510506480932,0.002338357036933303
