target_pos,target_token,norm_suff,random_suff,norm_comp,random_comp
22, by,0.009638761170208454,0.0,0.06552838534116745,0.03529297560453415
24, National,0.0012096769642084837,0.0,0.013184454292058945,0.005919888149946928
26, of,0.0,0.005266002379357815,0.003240385092794895,0.0025024940259754658
28, Arts,0.0033435707446187735,0.002508313860744238,0.003784460946917534,0.003437075763940811
30, Sciences,0.0,0.0,0.005334608722478151,0.0018201249185949564
