norm_suff_mean,random_suff_mean,norm_comp_mean,random_comp_mean,final suff,final comp,target_tokens
0.002838401822373271,0.0015548632945865393,0.018214460462331772,0.009794511832296848,1.8254992961883545,3.450713634490967, by$ National$ of$ Arts$ Sciences
