norm_suff_mean,random_suff_mean,norm_comp_mean,random_comp_mean,final suff,final comp,target_tokens
0.003057742491364479,0.0004845596558880061,0.014259482733905315,0.007374533452093601,6.310352802276611,2.411757469177246, by$ National$ of$ Arts$ Sciences
