target_pos,target_token,norm_suff,random_suff,norm_comp,random_comp
28, The,0.0,0.0,0.00773683562874794,0.005546818021684885
30,eng,0.0013478163164108992,0.00014450949674937874,0.0016911523416638374,0.004031158983707428
32, period,0.0012280354276299477,0.0,0.017131837084889412,0.012119511142373085
34, often,0.0,0.0,0.006577343679964542,0.005929248873144388
36, to,0.0,0.0,0.0008942941203713417,0.0008898176020011306
