target_pos,target_token,norm_suff,random_suff,norm_comp,random_comp
28, The,0.0,0.033964622765779495,0.007913708686828613,0.007765496149659157
30,eng,0.0015189381083473563,9.032592788571492e-05,0.001790085807442665,0.0014397477498278022
32, period,0.0006096072029322386,0.002184394048526883,0.015559793449938297,0.00926362443715334
34, often,0.0106416717171669,0.0017753849970176816,0.0060278549790382385,0.007708871271461248
36, to,0.007445982191711664,0.0,0.00043088573147542775,0.0005254148272797465
