norm_suff_mean,random_suff_mean,norm_comp_mean,random_comp_mean,final suff,final comp,target_tokens
0.00404324010014534,0.007602945901453495,0.006344466004520655,0.005340630654245615,0.5317991375923157,1.3208789825439453, The$eng$ period$ often$ to
