norm_suff_mean,random_suff_mean,norm_comp_mean,random_comp_mean,final suff,final comp,target_tokens
0.0005151703371666372,2.8901898986077867e-05,0.006806293036788702,0.005703310947865248,17.824792861938477,11.070728302001953, The$eng$ period$ often$ to
