target_pos,target_token,norm_suff,random_suff,norm_comp,random_comp
18, in,0.0034891979303210974,0.001188076683320105,0.02240132726728916,0.011719783768057823
20, middle,0.0,0.0,0.013698658905923367,0.008969902992248535
22,.,0.019942183047533035,0.013486416079103947,0.0061973268166184425,0.004804458003491163
24, was,0.0,0.012272041290998459,0.010099736973643303,0.008959539234638214
26, in,0.014024652540683746,0.00601704977452755,0.006332967430353165,0.007392362225800753
