target_pos,target_token,norm_suff,random_suff,norm_comp,random_comp
18, in,0.0,0.0,0.01405568141490221,0.015786362811923027
20, middle,0.002023892244324088,0.0,0.018981682136654854,0.018743978813290596
22,.,0.03427795320749283,0.0,0.010362084954977036,0.004985671024769545
24, was,0.0059734489768743515,0.0,0.009847660548985004,0.010069728828966618
26, in,0.03571339696645737,0.02083841897547245,0.009113662876188755,0.006389915477484465
