norm_suff_mean,random_suff_mean,norm_comp_mean,random_comp_mean,final suff,final comp,target_tokens
0.007491207215934992,0.006592716556042433,0.011746003292500973,0.008369209244847298,1.1362853050231934,1.1172043085098267, in$ middle$.$ was$ in
