norm_suff_mean,random_suff_mean,norm_comp_mean,random_comp_mean,final suff,final comp,target_tokens
0.015597738325595856,0.0041676838882267475,0.012472154572606087,0.011195131577551365,3.7425434589385986,0.7177407145500183, in$ middle$.$ was$ in
