target_pos,target_token,norm_suff,random_suff,norm_comp,random_comp
17, ,0.0,0.0,0.03234180063009262,0.012943868525326252
19, ,0.0,0.0,0.02970697544515133,0.01742328330874443
21, ,0.0017160297138616443,0.0,0.018409643322229385,0.018099669367074966
23, ,0.00037999122287146747,0.0,0.0137631269171834,0.011687115766108036
25, ,0.0,0.0,0.015376885421574116,0.013186175376176834
