target_pos,target_token,norm_suff,random_suff,norm_comp,random_comp
17, ,0.0,0.0,0.062171850353479385,0.01178459357470274
19, ,0.02444160357117653,0.003381268819794059,0.030936872586607933,0.02129450812935829
21, ,0.0,0.0,0.028875939548015594,0.013818624429404736
23, ,0.0,0.0,0.00883410032838583,0.014627779833972454
25, ,0.0,0.0,0.011895891278982162,0.008711843751370907
