norm_suff_mean,random_suff_mean,norm_comp_mean,random_comp_mean,final suff,final comp,target_tokens
0.004888320807367563,0.0006762537523172796,0.028542930260300636,0.0140474708750844,7.228530406951904,2.8736801147460938, $ $ $ $ 
