target_pos,target_token,norm_suff,random_suff,norm_comp,random_comp
13, They,0.0,0.0,0.053507838398218155,0.013728645630180836
15, used,0.0,0.0,0.0193096362054348,0.031271617859601974
17, cooking,0.0,0.0,0.02220970019698143,0.018417205661535263
19, as,0.004705021623522043,0.0,0.028997354209423065,0.02528076060116291
21, source,0.0,0.0,0.016037853434681892,0.015367148444056511
