target_pos,target_token,norm_suff,random_suff,norm_comp,random_comp
13, They,0.0,0.0,0.03062553144991398,0.035188525915145874
15, used,0.0,0.0,0.02224898524582386,0.02145831100642681
17, cooking,0.0,0.0,0.013708124868571758,0.019653737545013428
19, as,0.0469401516020298,0.013558919541537762,0.013284661807119846,0.022376395761966705
21, source,0.0,0.0,0.015464878641068935,0.011630688793957233
