norm_suff_mean,random_suff_mean,norm_comp_mean,random_comp_mean,final suff,final comp,target_tokens
0.009388030506670475,0.0027117838617414236,0.01906643621623516,0.022061532363295555,3.4619390964508057,2.349963903427124, They$ used$ cooking$ as$ source
