target_pos,target_token,norm_suff,random_suff,norm_comp,random_comp
21, until,0.0,0.012355242855846882,0.012206899002194405,0.0058007934130728245
23, French,0.0,0.0,0.011160723865032196,0.012289579026401043
25, in,0.0,0.0,0.006667673122137785,0.009609214030206203
27,89,0.0,0.0006144575891084969,0.006114460527896881,0.0012536710128188133
29, The,0.0,0.0,0.00911521166563034,0.005649016238749027
