target_pos,target_token,norm_suff,random_suff,norm_comp,random_comp
21, until,0.020815296098589897,0.0,0.0166384968906641,0.009604554623365402
23, French,0.0,0.0,0.016643663868308067,0.0077179064974188805
25, in,0.011147595942020416,0.0,0.008316650986671448,0.004643681924790144
27,89,0.004754909314215183,0.0005535923410207033,0.0015454066451638937,0.004917685873806477
29, The,0.0,0.012328163720667362,0.006624771747738123,0.00690121715888381
