norm_suff_mean,random_suff_mean,norm_comp_mean,random_comp_mean,final suff,final comp,target_tokens
0.007343560457229614,0.0025763511657714844,0.009953798726201057,0.0067570093087852,2.850372552871704,0.9201271533966064, until$ French$ in$89$ The
