target_pos,target_token,norm_suff,random_suff,norm_comp,random_comp
16, He,0.04652217775583267,0.0,0.0844668447971344,0.01047977339476347
18, best,0.0016747319605201483,0.0,0.06291539967060089,0.00471637025475502
20, for,0.005740825552493334,0.0,0.007414165418595076,0.002458515577018261
22, role,0.0,0.0,0.008134876377880573,0.0077797225676476955
24, the,0.0,0.0,0.01177151221781969,0.0061936103738844395
