target_pos,target_token,norm_suff,random_suff,norm_comp,random_comp
16, He,0.0,0.0,0.08479146659374237,0.027457935735583305
18, best,0.0,0.026660505682229996,0.06405464559793472,0.023682501167058945
20, for,0.003255166346207261,0.0,0.007236785721033812,0.005633631721138954
22, role,0.0,0.0,0.009546393528580666,0.00648200698196888
24, the,0.0,0.006150809582322836,0.009427869692444801,0.006642465479671955
