norm_suff_mean,random_suff_mean,norm_comp_mean,random_comp_mean,final suff,final comp,target_tokens
0.0006510333041660488,0.006562262773513794,0.03501143306493759,0.013979709707200527,0.09920866042375565,21.47311019897461, He$ best$ for$ role$ the
