target_pos,target_token,norm_suff,random_suff,norm_comp,random_comp
16, ,0.045141469687223434,0.0,0.13002429902553558,0.01856035180389881
18, Mario,0.0,0.0,0.010358615778386593,0.005932799074798822
20,.,0.040392372757196426,0.05383538082242012,0.010413546115159988,0.018521256744861603
22, a,0.0,0.0,0.005837844219058752,0.006437157746404409
24, side,0.0,0.0,0.016852637752890587,0.009239863604307175
