target_pos,target_token,norm_suff,random_suff,norm_comp,random_comp
16, ,0.0,0.03304176777601242,0.1269487887620926,0.030842876061797142
18, Mario,0.0,0.0017069627065211535,0.00734903896227479,0.005881121382117271
20,.,0.04044662043452263,0.03397670015692711,0.008895442821085453,0.00698081124573946
22, a,0.024073868989944458,0.0,0.006785314064472914,0.006490026134997606
24, side,0.0,0.0,0.011119994334876537,0.010030128993093967
