norm_suff_mean,random_suff_mean,norm_comp_mean,random_comp_mean,final suff,final comp,target_tokens
0.012904099188745022,0.013745086267590523,0.032219719141721725,0.012044993229210377,0.9388154149055481,0.9334238171577454, $ Mario$.$ a$ side
