norm_suff_mean,random_suff_mean,norm_comp_mean,random_comp_mean,final suff,final comp,target_tokens
0.01710676960647106,0.010767076164484024,0.034697387367486954,0.011738285422325134,1.5888036489486694,0.6861777901649475, $ Mario$.$ a$ side
