target_pos,target_token,norm_suff,random_suff,norm_comp,random_comp
25, of,0.0,0.0,0.013522779569029808,0.01205405592918396
27,ra,0.00038606871385127306,8.144757885020226e-05,0.0010399025632068515,0.0013812893303111196
29, and,0.0,0.0,0.007061866577714682,0.00715373270213604
31, from,0.0,0.0,0.010985329747200012,0.017045561224222183
33,37,0.0,0.0,0.011875814758241177,0.010832763276994228
