target_pos,target_token,norm_suff,random_suff,norm_comp,random_comp
25, of,0.0,0.0,0.013377238996326923,0.011076808907091618
27,ra,0.0006298732478171587,5.8723584515973926e-05,0.00334676424972713,0.0021847798489034176
29, and,0.0,0.0,0.0167817585170269,0.004020913504064083
31, from,0.022380491718649864,0.0,0.014676966704428196,0.010492275469005108
33,37,0.00704456539824605,0.002026959555223584,0.007795651908963919,0.008960001170635223
