norm_suff_mean,random_suff_mean,norm_comp_mean,random_comp_mean,final suff,final comp,target_tokens
7.721374277025461e-05,1.6289515770040452e-05,0.008897138759493828,0.009693481028079987,4.74008846282959,125.54087829589844, of$ra$ and$ from$37
