norm_suff_mean,random_suff_mean,norm_comp_mean,random_comp_mean,final suff,final comp,target_tokens
0.006010986398905516,0.0004171366454102099,0.011195676401257515,0.007346955593675375,14.410113334655762,1.2222545146942139, of$ra$ and$ from$37
