target_pos,target_token,norm_suff,random_suff,norm_comp,random_comp
12,"
",0.0,0.08431664854288101,0.20686621963977814,0.06206580623984337
14, had,0.0015469547361135483,0.005674819927662611,0.01670250855386257,0.008765159174799919
16, of,0.0,0.0,0.013608528301119804,0.008818806149065495
18, in,0.0,0.010998350568115711,0.012009584344923496,0.012103344313800335
20, early,0.0,0.0,0.006164014805108309,0.005911082495003939
