target_pos,target_token,norm_suff,random_suff,norm_comp,random_comp
12,"
",0.0,0.11384725570678711,0.11348778009414673,0.057791754603385925
14, had,0.005163512658327818,0.0037631201557815075,0.014274939894676208,0.009962187148630619
16, of,0.01157726813107729,0.0,0.012438011355698109,0.011056773364543915
18, in,0.004349132068455219,0.026251165196299553,0.012475816532969475,0.013300077989697456
20, early,0.0,0.0,0.013249002397060394,0.00773554015904665
