norm_suff_mean,random_suff_mean,norm_comp_mean,random_comp_mean,final suff,final comp,target_tokens
0.00421798275783658,0.02877230755984783,0.03318511322140694,0.019969267770648003,0.1465986967086792,4.734317302703857,"
$ had$ of$ in$ early"
