norm_suff_mean,random_suff_mean,norm_comp_mean,random_comp_mean,final suff,final comp,target_tokens
0.00030939094722270966,0.02019796334207058,0.05107017233967781,0.019532842561602592,0.015317928045988083,63.13320541381836,"
$ had$ of$ in$ early"
