target_pos,target_token,norm_suff,random_suff,norm_comp,random_comp
21, ,0.0,0.0,0.0477176271378994,0.015778854489326477
23, ,0.0,0.0,0.021867437288165092,0.009401596151292324
25, ,0.0,0.007767574395984411,0.037594616413116455,0.02493073046207428
27, ,0.003797940444201231,0.0,0.010771903209388256,0.00715493131428957
29, ,0.0,0.03913626819849014,0.024414073675870895,0.01117942575365305
