target_pos,target_token,norm_suff,random_suff,norm_comp,random_comp
21, ,0.0,0.0,0.03636191040277481,0.017945893108844757
23, ,0.0,0.0017981469864025712,0.018127715215086937,0.008792164735496044
25, ,0.010338583029806614,0.0,0.03399156406521797,0.017650417983531952
27, ,0.0,0.01946151629090309,0.015983114019036293,0.005158259533345699
29, ,0.0,0.0,0.008932268247008324,0.00580746540799737
