norm_suff_mean,random_suff_mean,norm_comp_mean,random_comp_mean,final suff,final comp,target_tokens
0.0007595880888402462,0.009380768053233624,0.028473133221268654,0.01368910726159811,0.08097290992736816,18.021751403808594, $ $ $ $ 
