norm_suff_mean,random_suff_mean,norm_comp_mean,random_comp_mean,final suff,final comp,target_tokens
0.002067716559395194,0.004251932725310326,0.022679315879940987,0.011070840060710907,0.48630040884017944,5.354137897491455, $ $ $ $ 
