target_pos,target_token,norm_suff,random_suff,norm_comp,random_comp
23, (,0.023359226062893867,0.0,0.06449493765830994,0.015475105494260788
25,22,0.0009909482905641198,0.004432991147041321,0.012544079683721066,0.038960929960012436
27, It,0.011226573958992958,0.0,0.01768527738749981,0.007364447694271803
29, a,0.0,0.0,0.011057519353926182,0.00741380313411355
31, on,0.0,0.0,0.009762669913470745,0.002885573310777545
