target_pos,target_token,norm_suff,random_suff,norm_comp,random_comp
23, (,0.0,0.0,0.05743018165230751,0.016246184706687927
25,22,0.0,0.009977788664400578,0.0195374246686697,0.016917062923312187
27, It,0.0,0.0,0.01728852652013302,0.007844347506761551
29, a,0.0,0.008159558288753033,0.016857771202921867,0.010777193121612072
31, on,0.0,0.0,0.002425632206723094,0.00306959031149745
