norm_suff_mean,random_suff_mean,norm_comp_mean,random_comp_mean,final suff,final comp,target_tokens
0.007115349173545837,0.0008865982526913285,0.023108897730708122,0.014419971965253353,8.0254487991333,2.0266008377075195, ($22$ It$ a$ on
