target_pos,target_token,norm_suff,random_suff,norm_comp,random_comp
22, for,0.016411297023296356,0.025363342836499214,0.024381717666983604,0.015595615841448307
24, Los,0.0,0.0010932310251519084,0.011964134871959686,0.009825184009969234
26, Dodgers,4.39334007751313e-06,0.0005634909612126648,0.001515669166110456,0.001720610074698925
28, Major,0.0012216627364978194,0.00014756241580471396,0.003985800314694643,0.0009129552054218948
30, Baseball,0.0,0.0,0.00031152338488027453,0.0008550082566216588
