target_pos,target_token,norm_suff,random_suff,norm_comp,random_comp
22, for,0.018528945744037628,0.006342430133372545,0.03210346773266792,0.016761120408773422
24, Los,0.0,0.0,0.005314485635608435,0.00767690222710371
26, Dodgers,0.000585156783927232,0.0006045958143658936,0.002252926118671894,0.0017701354809105396
28, Major,0.0,0.004547834862023592,0.0034199520014226437,0.0021838739048689604
30, Baseball,0.00020871257584076375,0.0,0.0003724129928741604,0.0007398106390610337
