norm_suff_mean,random_suff_mean,norm_comp_mean,random_comp_mean,final suff,final comp,target_tokens
0.0038645633030682802,0.002298972336575389,0.008692649193108082,0.00582636846229434,1.6809959411621094,1.5076395273208618, for$ Los$ Dodgers$ Major$ Baseball
