norm_suff_mean,random_suff_mean,norm_comp_mean,random_comp_mean,final suff,final comp,target_tokens
0.0035274706315249205,0.005433525424450636,0.008431769907474518,0.00578187545761466,0.6492047905921936,1.6390994787216187, for$ Los$ Dodgers$ Major$ Baseball
