target_pos,target_token,norm_suff,random_suff,norm_comp,random_comp
26, ,0.03307786583900452,0.0,0.016098428517580032,0.01087577361613512
28, ,0.024024048820137978,0.011796480976045132,0.010576275177299976,0.005666134878993034
30, ,0.0,0.0,0.010405337437987328,0.008044489659368992
32, ,0.007364536635577679,0.0,0.005290117114782333,0.0032897195778787136
34, ,0.012829159386456013,0.023495236411690712,0.008397089317440987,0.004285862669348717
