target_pos,target_token,norm_suff,random_suff,norm_comp,random_comp
26, ,0.0,0.0,0.01183097530156374,0.008680063299834728
28, ,0.018054833635687828,0.0,0.005399660207331181,0.00473185395821929
30, ,0.0033402901608496904,0.0,0.00920804776251316,0.00641823373734951
32, ,0.002988300984725356,0.026658598333597183,0.004304320551455021,0.003938194364309311
34, ,0.0,0.0,0.004689800087362528,0.0027953670360147953
