norm_suff_mean,random_suff_mean,norm_comp_mean,random_comp_mean,final suff,final comp,target_tokens
0.015459122136235237,0.007058343384414911,0.010153450071811676,0.006432396359741688,2.1901912689208984,0.4160906672477722, $ $ $ $ 
