norm_suff_mean,random_suff_mean,norm_comp_mean,random_comp_mean,final suff,final comp,target_tokens
0.004876685328781605,0.005331719759851694,0.007086561061441898,0.005312742665410042,0.9146552085876465,1.089416742324829, $ $ $ $ 
