target_pos,target_token,norm_suff,random_suff,norm_comp,random_comp
44,"
",0.0,0.026557238772511482,0.16370554268360138,0.017850860953330994
46,I,0.0,0.0,0.02975434809923172,0.016934070736169815
48, it,0.07408322393894196,0.0,0.02051089145243168,0.025498075410723686
50, because,0.0,0.0,0.011357209645211697,0.016462091356515884
52, was,0.0,0.006254096049815416,0.007476448081433773,0.010975021868944168
