target_pos,target_token,norm_suff,random_suff,norm_comp,random_comp
45,"
",0.0,0.0,0.007886514067649841,0.01641468144953251
47,A,0.0,0.0,0.010904297232627869,0.026532059535384178
49,"
",0.0,0.0,0.005151130724698305,0.008812712505459785
51,The,0.0,0.0068090553395450115,0.0173407681286335,0.022984037175774574
53, sent,0.021865790709853172,0.0,0.03627464175224304,0.01501435972750187
