norm_suff_mean,random_suff_mean,norm_comp_mean,random_comp_mean,final suff,final comp,target_tokens
0.014816644601523876,0.006562267430126667,0.04656089097261429,0.01754402369260788,2.257854461669922,1.1840753555297852,"
$I$ it$ because$ was"
