norm_suff_mean,random_suff_mean,norm_comp_mean,random_comp_mean,final suff,final comp,target_tokens
0.004373158328235149,0.0013618110679090023,0.015511470846831799,0.017951568588614464,3.2112812995910645,4.104943752288818,"
$A$
$The$ sent"
