target_pos,target_token,norm_suff,random_suff,norm_comp,random_comp
49, I,0.0,0.0,0.021688813343644142,0.009239749051630497
51,'t,0.0,0.04593133553862572,0.0020646289922297,0.0015788209857419133
53,.,0.0,0.09866399317979813,0.008505157195031643,0.04149511456489563
55, just,0.0,0.0,0.013861437328159809,0.014196627773344517
57,.,0.0,0.0,0.0124970106408,0.025814909487962723
