target_pos,target_token,norm_suff,random_suff,norm_comp,random_comp
50,"
",0.12140312790870667,0.0,0.023693716153502464,0.012306873686611652
52,A,2.669025161594618e-05,0.003647688776254654,0.01490487065166235,0.010868638753890991
54,"
",0.0,0.0040474459528923035,0.0036222278140485287,0.0029602153226733208
56,The,0.0,0.0,0.011957409791648388,0.015682920813560486
58, is,0.0,0.05787603184580803,0.00828945729881525,0.020487293601036072
