norm_suff_mean,random_suff_mean,norm_comp_mean,random_comp_mean,final suff,final comp,target_tokens
0.02428596280515194,0.013114233501255512,0.012493536807596684,0.01246118824928999,1.8518781661987305,0.5131024718284607,"
$A$
$The$ is"
