target_pos,target_token,norm_suff,random_suff,norm_comp,random_comp
76,"
",0.00010345830378355458,0.0,0.03192748874425888,0.07480625808238983
78,A,0.011534194462001324,0.0,0.0048758601769804955,0.011629313230514526
80,"
",0.017166005447506905,0.0,0.002929338254034519,0.001886012963950634
82,I,0.0,0.0,0.06660740077495575,0.016878537833690643
84, shopping,0.0,0.0,0.00402081711217761,0.01673932746052742
