target_pos,target_token,norm_suff,random_suff,norm_comp,random_comp
75,"
",0.0,0.0,0.026568105444312096,0.017389077693223953
77,I,0.0,0.01124554593116045,0.03715196251869202,0.048077598214149475
79, shopping,0.0,0.013485153205692768,0.024002866819500923,0.005385011434555054
81, an,0.0,0.0,0.009302917867898941,0.0011912393383681774
83, mall,0.004636978264898062,0.0,0.002155587775632739,0.035162553191185
