norm_suff_mean,random_suff_mean,norm_comp_mean,random_comp_mean,final suff,final comp,target_tokens
0.0009273956529796124,0.004946140106767416,0.019836289808154106,0.02144109457731247,0.18749886751174927,23.11968421936035,"
$I$ shopping$ an$ mall"
