target_pos,target_token,norm_suff,random_suff,norm_comp,random_comp
52, ,0.010369705967605114,0.05796082317829132,0.020224103704094887,0.036364857107400894
54,She,0.0,0.0,0.11387916654348373,0.07343976944684982
56, drinking,0.011490686796605587,0.0,0.05669069290161133,0.0544821061193943
58, green,0.0,0.0,0.04313662275671959,0.024821821600198746
60,.,0.035921450704336166,0.0,0.02514532580971718,0.04127535596489906
