target_pos,target_token,norm_suff,random_suff,norm_comp,random_comp
51, She,0.0,0.0,0.025400878861546516,0.012482126243412495
53, drinking,0.013453999534249306,0.0,0.021028177812695503,0.01953558810055256
55,.,0.07995408028364182,0.048364248126745224,0.015806855633854866,0.017143765464425087
57, was,0.03546880558133125,0.0,0.008159150369465351,0.03218737244606018
59, it,0.03910664841532707,0.025112111121416092,0.015584470704197884,0.03775620460510254
