norm_suff_mean,random_suff_mean,norm_comp_mean,random_comp_mean,final suff,final comp,target_tokens
0.0335967056453228,0.014695271849632263,0.01719590835273266,0.023821011185646057,2.2862255573272705,0.7090281844139099, She$ drinking$.$ was$ it
