norm_suff_mean,random_suff_mean,norm_comp_mean,random_comp_mean,final suff,final comp,target_tokens
0.011556369252502918,0.011592164635658264,0.051815181970596313,0.046076782047748566,0.9969121217727661,3.987133026123047, $She$ drinking$ green$.
