target_pos,target_token,norm_suff,random_suff,norm_comp,random_comp
48,"
",0.0,0.0,0.028817426413297653,0.011498763225972652
50,A,0.0,0.0,0.015478771179914474,0.016008691862225533
52,"
",0.0,0.0,0.0045044613070786,0.007156330160796642
54,The,0.0,0.008412981405854225,0.022472310811281204,0.01761394366621971
56, is,0.01146627962589264,0.0,0.015858924016356468,0.03809802606701851
