target_pos,target_token,norm_suff,random_suff,norm_comp,random_comp
47,"
",0.0,0.06760302186012268,0.10954909771680832,0.01824856735765934
49,A,0.0,0.0,0.05662224069237709,0.019482681527733803
51,"
",0.009313816204667091,0.04684470221400261,0.10810741782188416,0.056619804352521896
53,The,0.0,0.0,0.03701271861791611,0.03171936050057411
55, is,0.0,0.058186933398246765,0.01459404919296503,0.017519891262054443
