norm_suff_mean,random_suff_mean,norm_comp_mean,random_comp_mean,final suff,final comp,target_tokens
0.002293255878612399,0.001682596281170845,0.017426377162337303,0.01807515136897564,1.362926959991455,7.88187313079834,"
$A$
$The$ is"
