norm_suff_mean,random_suff_mean,norm_comp_mean,random_comp_mean,final suff,final comp,target_tokens
0.0018627633107826114,0.03452693298459053,0.06517710536718369,0.02871805988252163,0.053951021283864975,15.416913032531738,"
$A$
$The$ is"
