target_pos,target_token,norm_suff,random_suff,norm_comp,random_comp
47,"
",0.0,0.0,0.0359591543674469,0.015363053418695927
49,A,0.0,0.0,0.02041921578347683,0.03339322283864021
51,"
",0.0,0.0,0.004547037649899721,0.028030527755618095
53,The,0.0,0.0010176495416089892,0.037974145263433456,0.010143885388970375
55, is,0.0028562555089592934,0.06016329675912857,0.01922912709414959,0.02217954769730568
