target_pos,target_token,norm_suff,random_suff,norm_comp,random_comp
46,"
",0.0,0.03924188017845154,0.013352859765291214,0.01474396139383316
48,A,0.0,0.01217105146497488,0.040529727935791016,0.050281427800655365
50,"
",0.022777820006012917,0.0,0.24452319741249084,0.059065163135528564
52,The,0.0,0.0,0.019998248666524887,0.022675614804029465
54, is,0.031092969700694084,0.006975294556468725,0.01866113394498825,0.02577485702931881
