norm_suff_mean,random_suff_mean,norm_comp_mean,random_comp_mean,final suff,final comp,target_tokens
0.0107741579413414,0.011677645146846771,0.06741303205490112,0.03450820595026016,0.922631025314331,3.2028679847717285,"
$A$
$The$ is"
