norm_suff_mean,random_suff_mean,norm_comp_mean,random_comp_mean,final suff,final comp,target_tokens
0.0005712510901503265,0.012236189097166061,0.02362573705613613,0.021822048351168633,0.04668537527322769,38.2004508972168,"
$A$
$The$ is"
