target_pos,target_token,norm_suff,random_suff,norm_comp,random_comp
57, I,0.0,0.0010648478055372834,0.02784969098865986,0.03478124737739563
59, no,0.010924595408141613,0.012259379029273987,0.026590833440423012,0.016390232369303703
61,.,0.0,0.12281855195760727,0.009134155698120594,0.019056878983974457
63, had,0.0,0.006559571251273155,0.017088262364268303,0.009284947998821735
65, idea,0.004462564829736948,0.0,0.018556643277406693,0.01360091008245945
