target_pos,target_token,norm_suff,random_suff,norm_comp,random_comp
58,"
",0.0,0.003436483908444643,0.03241392970085144,0.036250803619623184
60,A,0.0,0.0,0.006717519834637642,0.09761179983615875
62,"
",0.0,0.0,0.0013310776557773352,0.006070613861083984
64,I,0.028554238379001617,0.0,0.023873277008533478,0.022891530767083168
66, you,0.0,0.0007845786749385297,0.040592145174741745,0.019969090819358826
