norm_suff_mean,random_suff_mean,norm_comp_mean,random_comp_mean,final suff,final comp,target_tokens
0.003077432280406356,0.02854047156870365,0.019843919202685356,0.01862284354865551,0.10782696306705475,6.051422595977783, I$ no$.$ had$ idea
