norm_suff_mean,random_suff_mean,norm_comp_mean,random_comp_mean,final suff,final comp,target_tokens
0.0057108476758003235,0.0008442125399596989,0.020985590294003487,0.03655876964330673,6.764703750610352,6.401636123657227,"
$A$
$I$ you"
