target_pos,target_token,norm_suff,random_suff,norm_comp,random_comp
52,"
",0.0,0.11458400636911392,0.018088405951857567,0.05717410147190094
54,A,0.00046931588440202177,0.06241096556186676,0.039813559502363205,0.05186949297785759
56,"
",0.0,0.0,0.003550036111846566,0.0035313505213707685
58,The,0.012986894696950912,0.05248846858739853,0.010486116632819176,0.02352733537554741
60, is,0.05682723596692085,0.04605153575539589,0.009817293845117092,0.02136407233774662
