target_pos,target_token,norm_suff,random_suff,norm_comp,random_comp
51,"
",0.0,0.01690348982810974,0.06894109398126602,0.02743718959391117
53,He,0.04201357811689377,0.0,0.023285113275051117,0.027021918445825577
55, it,0.0,0.012681135907769203,0.018721286207437515,0.01435886975377798
57, the,0.0,0.0,0.03983660414814949,0.0232680756598711
59, because,0.043195318430662155,0.06203444302082062,0.010333881713449955,0.01875118352472782
