norm_suff_mean,random_suff_mean,norm_comp_mean,random_comp_mean,final suff,final comp,target_tokens
0.014056689105927944,0.0551069974899292,0.016351083293557167,0.03149327263236046,0.2550799250602722,2.240447521209717,"
$A$
$The$ is"
