norm_suff_mean,random_suff_mean,norm_comp_mean,random_comp_mean,final suff,final comp,target_tokens
0.017041778191924095,0.018323814496397972,0.032223593443632126,0.022167447954416275,0.9300343990325928,1.300770878791809,"
$He$ it$ the$ because"
