target_pos,target_token,norm_suff,random_suff,norm_comp,random_comp
69,"
",0.0,0.03704535961151123,0.04442239925265312,0.025594297796487808
71,A,0.016238516196608543,0.014454182237386703,0.007870307192206383,0.02646496519446373
73,"
",0.0,0.0,0.051656950265169144,0.011201420798897743
75,The,0.0,0.04615887627005577,0.02141227200627327,0.01970968209207058
77, is,0.0083733219653368,0.060883812606334686,0.024029165506362915,0.008342527784407139
