target_pos,target_token,norm_suff,random_suff,norm_comp,random_comp
68,"
",0.0,0.0,0.02897108718752861,0.009817655198276043
70,Ash,0.0,0.0,0.009414155967533588,0.011890248395502567
72, had,0.0,0.13951334357261658,0.023938162252306938,0.0656692311167717
74, bought,0.0,0.006275419611483812,0.01105467788875103,0.00634934613481164
76, w,0.0,0.0017357813194394112,0.010232835076749325,0.02606433816254139
