norm_suff_mean,random_suff_mean,norm_comp_mean,random_comp_mean,final suff,final comp,target_tokens
0.004922367632389069,0.03170844539999962,0.029878219589591026,0.018262578174471855,0.15523837506771088,3.710120677947998,"
$A$
$The$ is"
