target_pos,target_token,norm_suff,random_suff,norm_comp,random_comp
63,"
",0.021877823397517204,0.0,0.028990613296628,0.008987657725811005
65,A,0.004304906819015741,0.014287208206951618,0.01468740962445736,0.015257292427122593
67,"
",0.0,0.0,0.007129380013793707,0.0022032465785741806
69,The,0.011082405224442482,0.0,0.014195545576512814,0.0136405685916543
71, is,0.027850203216075897,0.0,0.007228511851280928,0.02026619017124176
