target_pos,target_token,norm_suff,random_suff,norm_comp,random_comp
62,"
",0.0,0.12042465806007385,0.03821304067969322,0.021474216133356094
64,S,0.016467999666929245,0.0,0.011968283914029598,0.020814083516597748
66,tha,0.0,0.0,0.0018840394914150238,0.0030761563684791327
68, to,0.029235536232590675,0.0,0.014392429031431675,0.0009498208528384566
70, out,0.0,0.0,0.014265191741287708,0.0019393239635974169
