norm_suff_mean,random_suff_mean,norm_comp_mean,random_comp_mean,final suff,final comp,target_tokens
0.009140707552433014,0.02408493123948574,0.01614459790289402,0.009650720283389091,0.3795197606086731,1.0557957887649536,"
$S$tha$ to$ out"
