norm_suff_mean,random_suff_mean,norm_comp_mean,random_comp_mean,final suff,final comp,target_tokens
0.013023068197071552,0.00285744178108871,0.014446291141211987,0.012070991098880768,4.5575971603393555,0.9268930554389954,"
$A$
$The$ is"
