target_pos,target_token,norm_suff,random_suff,norm_comp,random_comp
56,"
",0.004145391285419464,0.0017627719789743423,0.014854038134217262,0.009066249243915081
58, ,0.024544639512896538,0.04197230190038681,0.013394543901085854,0.016146069392561913
60, ,0.1038585677742958,0.0,0.01814572513103485,0.08142609894275665
62, ,0.02973000332713127,0.013169574551284313,0.010100474581122398,0.021011240780353546
64, ,0.013658137060701847,0.020824367180466652,0.030060581862926483,0.1604275405406952
