target_pos,target_token,norm_suff,random_suff,norm_comp,random_comp
55, Why,0.0,0.0,0.040403813123703,0.014302147552371025
57, M,0.0,0.0005489051691256464,0.0024769429583102465,0.01037981454282999
59,a,0.0,0.011158689856529236,0.0009963286574929953,0.0008434252813458443
61, her,0.0,0.0,0.010441118851304054,0.029001964256167412
63, in,0.0,0.0,0.0030137631110846996,0.003166094422340393
