norm_suff_mean,random_suff_mean,norm_comp_mean,random_comp_mean,final suff,final comp,target_tokens
0.03518734499812126,0.015545803122222424,0.01731107197701931,0.05761544033885002,2.263462781906128,1.6373909711837769,"
$ $ $ $ "
