target_pos,target_token,norm_suff,random_suff,norm_comp,random_comp
54,"
",0.06132396683096886,0.0,0.06458588689565659,0.1701301485300064
56,A,0.0005103974253870547,0.00896836631000042,0.014477023854851723,0.022571459412574768
58,"
",0.0,0.05872631445527077,0.040043361485004425,0.012770161032676697
60,The,0.0,0.0,0.016226796433329582,0.012835288420319557
62, is,0.0,0.0,0.012648642994463444,0.01601233333349228
