target_pos,target_token,norm_suff,random_suff,norm_comp,random_comp
53,"
",0.06171121448278427,0.0,0.027555692940950394,0.011659582145512104
55,A,0.005052112974226475,0.0,0.015696454793214798,0.04675949364900589
57,"
",0.0,0.0,0.042374152690172195,0.0250405240803957
59,The,0.0,0.0,0.03065178543329239,0.01319841481745243
61, is,0.04742579534649849,0.07000134885311127,0.017478639259934425,0.04110141843557358
