norm_suff_mean,random_suff_mean,norm_comp_mean,random_comp_mean,final suff,final comp,target_tokens
0.01236687321215868,0.013538936153054237,0.029596341773867607,0.04686388000845909,0.9134302139282227,3.789468765258789,"
$A$
$The$ is"
