norm_suff_mean,random_suff_mean,norm_comp_mean,random_comp_mean,final suff,final comp,target_tokens
0.022837825119495392,0.014000269584357738,0.02675134502351284,0.027551887556910515,1.631241798400879,1.2064146995544434,"
$A$
$The$ is"
