target_pos,target_token,norm_suff,random_suff,norm_comp,random_comp
68,"
",0.0032054889015853405,0.0,0.3512464761734009,0.013883213512599468
70,A,0.01340157724916935,0.0055872593075037,0.0779200941324234,0.02417062409222126
72,"
",0.0,0.019075710326433182,0.011198568157851696,0.006581162102520466
74,The,0.0,0.0,0.014058064669370651,0.062492046505212784
76, is,0.011003074236214161,0.05138275772333145,0.009282455779612064,0.018006261438131332
