target_pos,target_token,norm_suff,random_suff,norm_comp,random_comp
67,"
",0.0,0.0,0.05421985313296318,0.050677135586738586
69,Mary,0.06196429952979088,0.05767720192670822,0.025706136599183083,0.026678500697016716
71, a,0.0,0.011447996832430363,0.032396648079156876,0.033094458281993866
73, good,0.0,0.0,0.020539412274956703,0.012076249346137047
75,ler,5.730948942073155e-06,0.0029463644605129957,0.0001951383746927604,0.00031550717540085316
