norm_suff_mean,random_suff_mean,norm_comp_mean,random_comp_mean,final suff,final comp,target_tokens
0.00552202807739377,0.015209144912660122,0.09274113178253174,0.025026662275195122,0.36307287216186523,4.5321502685546875,"
$A$
$The$ is"
