norm_suff_mean,random_suff_mean,norm_comp_mean,random_comp_mean,final suff,final comp,target_tokens
0.012394006364047527,0.01441431324928999,0.026611438021063805,0.02456836961209774,0.8598402142524719,1.9822782278060913,"
$Mary$ a$ good$ler"
