target_pos,target_token,norm_suff,random_suff,norm_comp,random_comp
56,"
",0.025010960176587105,0.0,0.021255269646644592,0.010704507119953632
58,They,0.0,0.010491283610463142,0.019623378291726112,0.0815454050898552
60, to,0.00099342898465693,0.0074499016627669334,0.014962502755224705,0.011862050741910934
62, it,0.011432696133852005,0.0021291812881827354,0.00303785502910614,0.023843741044402122
64, a,0.0,0.002896134974434972,0.00570258591324091,0.009724117815494537
