target_pos,target_token,norm_suff,random_suff,norm_comp,random_comp
57,	,0.0,0.01694621704518795,0.08703327924013138,0.02058291994035244
59, wanted,0.017770923674106598,0.0,0.03777725622057915,0.01288484688848257
61, announce,0.0,0.0,0.01570987142622471,0.06533917039632797
63, in,0.012410418130457401,0.022099066525697708,0.014969149604439735,0.016122477129101753
65, fun,0.0,0.0,0.010759517550468445,0.021162282675504684
