norm_suff_mean,random_suff_mean,norm_comp_mean,random_comp_mean,final suff,final comp,target_tokens
0.0060362680815160275,0.007809056434780359,0.03324981406331062,0.02721833996474743,0.7729830145835876,4.509133815765381,	$ wanted$ announce$ in$ fun
