norm_suff_mean,random_suff_mean,norm_comp_mean,random_comp_mean,final suff,final comp,target_tokens
0.007487417198717594,0.00459330016747117,0.012916318140923977,0.02753596380352974,1.6300735473632812,3.6776318550109863,"
$They$ to$ it$ a"
