target_pos,target_token,norm_suff,random_suff,norm_comp,random_comp
55,	,0.12538886070251465,0.0,0.024106241762638092,0.01771136000752449
57,	,0.10945123434066772,0.0,0.052183400839567184,0.038360532373189926
59,	,0.0,0.01754632592201233,0.022863013669848442,0.04339415952563286
61,	,0.0,0.0,0.04933629930019379,0.011771442368626595
63,	,0.0,0.02124806120991707,0.026821639388799667,0.0722813606262207
