target_pos,target_token,norm_suff,random_suff,norm_comp,random_comp
54,"
",0.0,0.0,0.03963231295347214,0.025605669245123863
56,Mar,0.0,0.0,0.05036194995045662,0.05156409740447998
58,'s,0.027444815263152122,0.0730610117316246,0.024073956534266472,0.012726466171443462
60, was,0.05550401285290718,0.004969865549355745,0.018260417506098747,0.028147099539637566
62, into,0.0,0.01093919575214386,0.004282347392290831,0.011352830566465855
