norm_suff_mean,random_suff_mean,norm_comp_mean,random_comp_mean,final suff,final comp,target_tokens
0.01658976636826992,0.017794014886021614,0.02732219733297825,0.025879234075546265,0.9323228597640991,1.559951663017273,"
$Mar$'s$ was$ into"
