norm_suff_mean,random_suff_mean,norm_comp_mean,random_comp_mean,final suff,final comp,target_tokens
0.046968020498752594,0.007758877705782652,0.035062119364738464,0.036703772842884064,6.053455352783203,0.7814630270004272,	$	$	$	$	
