target_pos,target_token,norm_suff,random_suff,norm_comp,random_comp
44,"
",0.034842416644096375,0.00046143948566168547,0.011352197267115116,0.017924224957823753
46,	,0.0,0.0,0.03361599147319794,0.026741955429315567
48,	,0.004884948953986168,0.014906473457813263,0.0362626314163208,0.015477875247597694
50,	,0.0,0.0,0.011341669596731663,0.020003724843263626
52,	,0.0,0.0,0.0196966715157032,0.017961032688617706
