target_pos,target_token,norm_suff,random_suff,norm_comp,random_comp
43,	,0.0,0.03497769311070442,0.020555878058075905,0.0193946473300457
45,	,0.0,0.0,0.10657570511102676,0.1266389638185501
47,	,0.0,0.0,0.03969493508338928,0.09108162671327591
49,	,0.0,0.0,0.016062282025814056,0.020142700523138046
51,	,0.040014855563640594,0.0,0.013295887038111687,0.00975553598254919
