norm_suff_mean,random_suff_mean,norm_comp_mean,random_comp_mean,final suff,final comp,target_tokens
0.008002971298992634,0.006995538715273142,0.03923694044351578,0.053402699530124664,1.1440106630325317,6.672859191894531,	$	$	$	$	
