norm_suff_mean,random_suff_mean,norm_comp_mean,random_comp_mean,final suff,final comp,target_tokens
0.007945473305881023,0.0030735826585441828,0.022453831508755684,0.01962176337838173,2.585085391998291,2.469552516937256,"
$	$	$	$	"
