target_pos,target_token,norm_suff,random_suff,norm_comp,random_comp
56,"
",0.0,0.0,0.011302920058369637,0.018436739221215248
58,A,0.0007905152160674334,0.0,0.014437122270464897,0.025028903037309647
60,"
",0.0,0.05754333734512329,0.09321438521146774,0.02314981073141098
62,The,0.0,0.0,0.06653224676847458,0.03152225911617279
64, is,0.06887076050043106,0.0,0.025203241035342216,0.016184065490961075
