target_pos,target_token,norm_suff,random_suff,norm_comp,random_comp
56,"
",0.05613388866186142,0.0,0.013455788604915142,0.022684849798679352
58,A,0.0,0.0,0.020848838612437248,0.021189579740166664
60,	,0.0,0.0,0.11561334878206253,0.15651941299438477
62, he,0.0,0.0,0.013634203001856804,0.017531147226691246
64, to,0.030459024012088776,0.02493027038872242,0.021286828443408012,0.004482399206608534
