norm_suff_mean,random_suff_mean,norm_comp_mean,random_comp_mean,final suff,final comp,target_tokens
0.01393225509673357,0.011508667841553688,0.042137984186410904,0.022864356637001038,1.210587978363037,1.641109585762024,"
$A$
$The$ is"
