norm_suff_mean,random_suff_mean,norm_comp_mean,random_comp_mean,final suff,final comp,target_tokens
0.01731858216226101,0.004986054264008999,0.03696780279278755,0.04448147863149643,3.4734041690826416,2.568424940109253,"
$A$	$ he$ to"
