target_pos,target_token,norm_suff,random_suff,norm_comp,random_comp
50,"
",0.0014251618413254619,0.0,0.01661970280110836,0.03449561446905136
52,A,0.0379364974796772,0.06183570995926857,0.012860624119639397,0.032398585230112076
54,"
",0.0,0.11986248195171356,0.067060686647892,0.06152268126606941
56,The,0.0,0.0,0.02004314959049225,0.016639018431305885
58, is,0.008836625143885612,0.0806264877319336,0.012020091526210308,0.012764531187713146
