target_pos,target_token,norm_suff,random_suff,norm_comp,random_comp
51,"
",0.0,0.0,0.017737198621034622,0.011750312522053719
53,A,0.0,0.0,0.03376474231481552,0.03213869780302048
55,"
",0.0,0.1597064584493637,0.003926781006157398,0.0139513174071908
57,The,0.0,0.030918531119823456,0.0296013243496418,0.014716340228915215
59, is,0.007614030968397856,0.0,0.010481903329491615,0.018816400319337845
