norm_suff_mean,random_suff_mean,norm_comp_mean,random_comp_mean,final suff,final comp,target_tokens
0.0015228062402456999,0.03812499716877937,0.019102390855550766,0.018274614587426186,0.039942461997270584,12.000617027282715,"
$A$
$The$ is"
