norm_suff_mean,random_suff_mean,norm_comp_mean,random_comp_mean,final suff,final comp,target_tokens
0.009639657102525234,0.052464939653873444,0.025720853358507156,0.03156408667564392,0.1837352216243744,3.2743992805480957,"
$A$
$The$ is"
