target_pos,target_token,norm_suff,random_suff,norm_comp,random_comp
64,"
",0.0018942594761028886,0.12383237481117249,0.08264587819576263,0.01854764297604561
66,	,0.0,0.0,0.23408810794353485,0.04600198566913605
68,	,0.006987538188695908,0.025451024994254112,0.02723529003560543,0.009609772823750973
70,	,0.0,0.0049331458285450935,0.041989754885435104,0.014425475150346756
72,	,0.0,0.02085234224796295,0.039726827293634415,0.007246127352118492
