target_pos,target_token,norm_suff,random_suff,norm_comp,random_comp
63,"
",0.0,0.0,0.014226009137928486,0.024868477135896683
65,	,0.0,0.0,0.030104568228125572,0.0858955830335617
67,	,0.03323134779930115,0.04653429239988327,0.025087451562285423,0.012868916615843773
69,	,0.0014229117659851909,0.009357712231576443,0.007724374998360872,0.010151798836886883
71,	,0.0,0.0,0.022997569292783737,0.015872912481427193
