norm_suff_mean,random_suff_mean,norm_comp_mean,random_comp_mean,final suff,final comp,target_tokens
0.0017763596260920167,0.035013776272535324,0.08513717353343964,0.01916620135307312,0.050733163952827454,10.789595603942871,"
$	$	$	$	"
