norm_suff_mean,random_suff_mean,norm_comp_mean,random_comp_mean,final suff,final comp,target_tokens
0.006930851843208075,0.011178401298820972,0.020027995109558105,0.02993153966963291,0.6200217604637146,4.318594455718994,"
$	$	$	$	"
