target_pos,target_token,norm_suff,random_suff,norm_comp,random_comp
51,"
",0.0,0.0,0.04132124036550522,0.028923116624355316
53,Jul,0.0,0.0,0.014517949894070625,0.021431174129247665
55, was,0.010346315801143646,0.02933983877301216,0.01644594594836235,0.03997424989938736
57, the,0.02594457007944584,0.0,0.023684171959757805,0.030993934720754623
59, with,0.03344946727156639,0.0140994843095541,0.028835689648985863,0.055528923869132996
