target_pos,target_token,norm_suff,random_suff,norm_comp,random_comp
52,"
",0.014036440290510654,0.0,0.03423643112182617,0.02394185960292816
54,A,0.0,0.0,0.015404571779072285,0.041147638112306595
56,"
",0.0,0.0,0.00642151664942503,0.009580451063811779
58,The,0.0,0.018026156350970268,0.029444852843880653,0.03640427440404892
60, is,0.006983739789575338,0.0011113254586234689,0.01114004198461771,0.02192084677517414
