norm_suff_mean,random_suff_mean,norm_comp_mean,random_comp_mean,final suff,final comp,target_tokens
0.01394807081669569,0.008687864057719707,0.024961000308394432,0.03537027910351753,1.6054660081863403,2.5358545780181885,"
$Jul$ was$ the$ with"
