norm_suff_mean,random_suff_mean,norm_comp_mean,random_comp_mean,final suff,final comp,target_tokens
0.0042040362022817135,0.003827496198937297,0.019329482689499855,0.026599014177918434,1.0983775854110718,6.3270182609558105,"
$A$
$The$ is"
