target_pos,target_token,norm_suff,random_suff,norm_comp,random_comp
57,"
",0.0,0.0,0.10462871193885803,0.013213036581873894
59,A,0.0,0.0,0.011255553923547268,0.020693758502602577
61,"
",0.0,0.0,0.005607287399470806,0.0016319184796884656
63,I,0.0,0.05333055555820465,0.008665762841701508,0.01022751722484827
65, the,0.0,0.018199793994426727,0.020260615274310112,0.005045742727816105
