target_pos,target_token,norm_suff,random_suff,norm_comp,random_comp
56, I,0.006937772501260042,0.02162793278694153,0.01733327843248844,0.013509885407984257
58, to,0.0,0.0,0.01136278361082077,0.0069481744430959225
60, a,0.0,0.0,0.025703253224492073,0.018264299258589745
62,man,0.0,0.0,0.0061417571268975735,0.019098196178674698
64, I,0.0,0.05170910060405731,0.012850546278059483,0.03005623258650303
