norm_suff_mean,random_suff_mean,norm_comp_mean,random_comp_mean,final suff,final comp,target_tokens
0.0013875545701012015,0.014667406678199768,0.01467832364141941,0.017575357109308243,0.09460122138261795,12.666425704956055, I$ to$ a$man$ I
