target_pos,target_token,norm_suff,random_suff,norm_comp,random_comp
48,"
",0.0,0.01916859857738018,0.03473469614982605,0.056416384875774384
50,Chris,0.0,0.0,0.026233311742544174,0.019285330548882484
52, struggling,0.016940239816904068,0.025773128494620323,0.024108687415719032,0.02275145798921585
54, English,0.0,0.0,0.021524056792259216,0.01009783148765564
56,.,0.08184898644685745,0.0,0.002118949079886079,0.0021270422730594873
