target_pos,target_token,norm_suff,random_suff,norm_comp,random_comp
49,"
",0.0,0.047135017812252045,0.019936705008149147,0.13570506870746613
51,A,0.004146094899624586,0.0,0.03606730327010155,0.10370755940675735
53,"
",0.08239290863275528,0.0,0.003984477836638689,0.008927583694458008
55,The,0.0,0.0,0.04201354458928108,0.08575531840324402
57, helped,0.03655506297945976,0.04321371763944626,0.03632282838225365,0.017932336777448654
