norm_suff_mean,random_suff_mean,norm_comp_mean,random_comp_mean,final suff,final comp,target_tokens
0.024618813768029213,0.01806974783539772,0.027664972469210625,0.07040557265281677,1.362432599067688,2.859827995300293,"
$A$
$The$ helped"
