norm_suff_mean,random_suff_mean,norm_comp_mean,random_comp_mean,final suff,final comp,target_tokens
0.019757846370339394,0.008988345973193645,0.02174394018948078,0.02213560976088047,2.19816255569458,1.1203452348709106,"
$Chris$ struggling$ English$."
