target_pos,target_token,norm_suff,random_suff,norm_comp,random_comp
60,"
",0.0,0.0,0.01790682226419449,0.017969362437725067
62,A,0.01989039033651352,0.004447178915143013,0.04066375270485878,0.014902474358677864
64,"
",0.0,0.0,0.0025453721173107624,0.004654421005398035
66,Tim,0.0,0.04002605751156807,0.09622529149055481,0.013873642310500145
68, collecting,0.0,0.0,0.01120592001825571,0.017736880108714104
