target_pos,target_token,norm_suff,random_suff,norm_comp,random_comp
59,"
",0.0,0.007307312451303005,0.025458315387368202,0.027281511574983597
61,Tim,0.04034959524869919,0.0,0.039482541382312775,0.028801385313272476
63, a,0.0,0.0,0.014793300069868565,0.029208431020379066
65,ologist,0.0006368583999574184,0.0076500773429870605,0.01249945629388094,0.010762587189674377
67, He,0.030985713005065918,0.0,0.014406140893697739,0.032163068652153015
