norm_suff_mean,random_suff_mean,norm_comp_mean,random_comp_mean,final suff,final comp,target_tokens
0.014394434168934822,0.002991477958858013,0.021327951923012733,0.025643397122621536,4.8118133544921875,1.781480073928833,"
$Tim$ a$ologist$ He"
