norm_suff_mean,random_suff_mean,norm_comp_mean,random_comp_mean,final suff,final comp,target_tokens
0.003978078253567219,0.008894647471606731,0.03370943292975426,0.01382735650986433,0.4472440481185913,3.47588849067688,"
$A$
$Tim$ collecting"
