target_pos,target_token,norm_suff,random_suff,norm_comp,random_comp
54,"
",0.0,0.0,0.021451812237501144,0.02178538218140602
56,A,0.02668808214366436,0.029358230531215668,0.034726664423942566,0.04236462339758873
58,"
",0.04018733650445938,0.0,0.03112521953880787,0.0139994565397501
60,The,0.0044267550110816956,0.0,0.020877888426184654,0.02568478137254715
62, was,0.0,0.11142168939113617,0.016901832073926926,0.026579253375530243
