target_pos,target_token,norm_suff,random_suff,norm_comp,random_comp
53,"
",0.08892612904310226,0.0726185068488121,0.029765155166387558,0.03143864497542381
55,A,0.0,0.04340876266360283,0.028725741431117058,0.025502000004053116
57,"
",0.03176704794168472,0.0,0.0652632862329483,0.08095632493495941
59,The,0.024342438206076622,0.0,0.03526506572961807,0.030367448925971985
61, was,0.0,0.04543643444776535,0.019312044605612755,0.022145623341202736
