norm_suff_mean,random_suff_mean,norm_comp_mean,random_comp_mean,final suff,final comp,target_tokens
0.014260435476899147,0.028155982494354248,0.02501668408513069,0.026082700118422508,0.5064797401428223,1.8290255069732666,"
$A$
$The$ was"
