norm_suff_mean,random_suff_mean,norm_comp_mean,random_comp_mean,final suff,final comp,target_tokens
0.02900712564587593,0.032292742282152176,0.03566625714302063,0.03808201104402542,0.8982552886009216,1.3128502368927002,"
$A$
$The$ was"
