target_pos,target_token,norm_suff,random_suff,norm_comp,random_comp
64,"
",0.0,0.0,0.0356571227312088,0.01305817998945713
66,The,0.02941720373928547,0.09554154425859451,0.011732030659914017,0.03974190726876259
68,arian,0.0012671153526753187,0.00043327364255674183,0.000995137612335384,0.002727014012634754
70, walking,0.0,0.0,0.012718277983367443,0.030854741111397743
72, the,0.010216995142400265,0.0,0.0047536310739815235,0.0035146859008818865
