target_pos,target_token,norm_suff,random_suff,norm_comp,random_comp
65,"
",0.0,0.0,0.010166891850531101,0.02167651429772377
67,A,0.0,0.0004723214660771191,0.026582039892673492,0.024030493572354317
69,"
",0.0,0.0,0.06214035302400589,0.0028475273866206408
71,The,0.0,0.005102055612951517,0.009261447936296463,0.018979588523507118
73,arian,0.014871382154524326,0.00821656920015812,0.0012885256437584758,0.0009896012488752604
