norm_suff_mean,random_suff_mean,norm_comp_mean,random_comp_mean,final suff,final comp,target_tokens
0.008180263452231884,0.019194964319467545,0.0131712406873703,0.01797930710017681,0.42616716027259827,2.1978886127471924,"
$The$arian$ walking$ the"
