norm_suff_mean,random_suff_mean,norm_comp_mean,random_comp_mean,final suff,final comp,target_tokens
0.0029742764309048653,0.0027581893373280764,0.021887851879000664,0.013704746030271053,1.0783438682556152,4.607758045196533,"
$A$
$The$arian"
