suff,comp,random_suff,random_comp
0.12863716307410883,0.9704264821826696,0.0309704728309244,0.8548775877542268
