suff,comp,random_suff,random_comp
0.013048555864767263,0.16560379950587328,0.00793491593348663,0.00013611777547050443
