suff,comp,random_suff,random_comp
0.029928836219008183,0.81263147704727,0.003983835791347929,0.22224576813440033
