suff,comp,random_suff,random_comp
0.006558166702764955,0.24996907086121997,0.0028879663975384974,0.009295456377987794
