suff,comp,random_suff,random_comp
0.02928842737090446,0.9099250704616477,0.008613640294607254,0.4044629816603164
