suff,comp,random_suff,random_comp
0.05594922790282053,0.9444577442149672,0.010623771852368456,0.6415847958782414
