suff,comp,random_suff,random_comp
0.03970807108074707,0.9314480445470296,0.006600207902065496,0.4984953031211882
