{
    "$schema": "../docs/rationalization.schema.json",
    "id": 10,
    "input-text": [
        "</s>",
        "As",
        " soon",
        " as",
        " I",
        " arrived",
        " in",
        " Michigan",
        ",",
        " I",
        " checked",
        " into",
        " my",
        " hotel",
        " and",
        " watched",
        " a",
        " movie",
        " before",
        " falling",
        " asleep",
        ".",
        " (",
        "I",
        " had",
        " a",
        " great",
        " call",
        " with",
        " my",
        " husband",
        ",",
        " although",
        " I",
        " wish",
        " it",
        " were",
        " longer",
        ").",
        " I",
        " was",
        " staying",
        " in",
        " my",
        " favorite",
        " city",
        ","
    ],
    "input-tokens": [
        2,
        1620,
        1010,
        25,
        38,
        2035,
        11,
        2293,
        6,
        38,
        7869,
        88,
        127,
        2303,
        8,
        3996,
        10,
        1569,
        137,
        3064,
        15028,
        4,
        36,
        100,
        56,
        10,
        372,
        486,
        19,
        127,
        1623,
        6,
        1712,
        38,
        2813,
        24,
        58,
        1181,
        322,
        38,
        21,
        4959,
        11,
        127,
        2674,
        343,
        6
    ],
    "target-text": " Detroit",
    "target-token": 2921,
    "rational-size": 5,
    "rational-positions": [
        8,
        46,
        45,
        6,
        7
    ],
    "rational-text": [
        ",",
        ",",
        " city",
        " in",
        " Michigan"
    ],
    "rational-tokens": [
        6,
        6,
        343,
        11,
        2293
    ],
    "importance-scores": [
        0.0,
        0.0,
        0.026509402319788933,
        0.02830190770328045,
        0.038311995565891266,
        0.023355675861239433,
        0.045188166201114655,
        0.04205339029431343,
        0.0777386799454689,
        0.019275765866041183,
        0.011193739250302315,
        0.017476296052336693,
        0.011827928945422173,
        0.013375767506659031,
        0.024089058861136436,
        0.00858992338180542,
        0.01130616944283247,
        0.010109676979482174,
        0.0133304912596941,
        0.00973715353757143,
        0.009442895650863647,
        0.0151016004383564,
        0.01271942351013422,
        0.013720965944230556,
        0.00682781171053648,
        0.006511366926133633,
        0.010881195776164532,
        0.01269050408154726,
        0.015066208317875862,
        0.0153687484562397,
        0.016645003110170364,
        0.023240799084305763,
        0.008645333349704742,
        0.013741225004196167,
        0.006168300751596689,
        0.008451730012893677,
        0.00703999912366271,
        0.027217306196689606,
        0.009865271858870983,
        0.029413724318146706,
        0.01625910960137844,
        0.02071886509656906,
        0.0331701897084713,
        0.022421155124902725,
        0.03192764148116112,
        0.06424160301685333,
        0.0705295279622078
    ],
    "comments": {
        "created-by": "run_analogies.py",
        "args": {
            "model": "facebook/opt-1.3b",
            "cache_dir": "./cache/",
            "tokenizer": "facebook/opt-1.3b",
            "data_dir": "data/analogies/OPT1B/",
            "importance_results_dir": "rationalization_results/analogies/OPT1B_integrated_gradients",
            "device": "cuda",
            "rationalization_config": "config/eva_integrated_gradients.json",
            "input_num_ratio": 1,
            "logfolder": "logs/analogies/OPT1B_integrated_gradients",
            "loglevel": 20
        },
        "time_elapsed": 0.8024451732635498
    }
}