{
    "$schema": "../docs/rationalization.schema.json",
    "id": 23,
    "input-text": [
        "</s>",
        "I",
        " thought",
        " it",
        " would",
        " be",
        " the",
        " worst",
        " thing",
        " I",
        "'d",
        " ever",
        " encounter",
        ".",
        " (",
        "I",
        " tried",
        " to",
        " ignore",
        " my",
        " phone",
        " vibr",
        "ating",
        " in",
        " my",
        " pocket",
        ").",
        " But",
        " when",
        " I",
        " did",
        " end",
        " up",
        " encountering",
        " it",
        ",",
        " it",
        " turned",
        " out",
        " it",
        " wasn",
        "'t",
        " so"
    ],
    "input-tokens": [
        2,
        100,
        802,
        24,
        74,
        28,
        5,
        2373,
        631,
        38,
        1017,
        655,
        6376,
        4,
        36,
        100,
        1381,
        7,
        8861,
        127,
        1028,
        31495,
        1295,
        11,
        127,
        7524,
        322,
        125,
        77,
        38,
        222,
        253,
        62,
        37476,
        24,
        6,
        24,
        1224,
        66,
        24,
        938,
        75,
        98
    ],
    "target-text": " bad",
    "target-token": 1099,
    "rational-size": 5,
    "rational-positions": [
        29,
        8,
        3,
        28,
        38
    ],
    "rational-text": [
        " I",
        " thing",
        " it",
        " when",
        " out"
    ],
    "rational-tokens": [
        38,
        631,
        24,
        77,
        66
    ],
    "importance-scores": [
        0.0,
        0.0,
        0.030044633895158768,
        0.0497417114675045,
        0.02095184288918972,
        0.028337135910987854,
        0.02409452572464943,
        0.03734314814209938,
        0.09930649399757385,
        0.00813881866633892,
        0.005947074852883816,
        0.006600213702768087,
        0.007486357819288969,
        0.019617585465312004,
        0.013191009871661663,
        0.022571366280317307,
        0.0089658722281456,
        0.009167684242129326,
        0.011567914858460426,
        0.04477008804678917,
        0.01175670139491558,
        0.008440155535936356,
        0.014643538743257523,
        0.014830367639660835,
        0.010104700922966003,
        0.008766813203692436,
        0.017613522708415985,
        0.014797423034906387,
        0.047909606248140335,
        0.14729616045951843,
        0.008456984534859657,
        0.014693480916321278,
        0.016149694100022316,
        0.015021279454231262,
        0.02174387313425541,
        0.01701899990439415,
        0.010870622470974922,
        0.012372243218123913,
        0.04615006223320961,
        0.014010543935000896,
        0.00677751749753952,
        0.02158576063811779,
        0.016340181231498718
    ],
    "comments": {
        "created-by": "run_analogies.py",
        "args": {
            "model": "facebook/opt-1.3b",
            "cache_dir": "./cache/",
            "tokenizer": "facebook/opt-1.3b",
            "data_dir": "data/analogies/OPT1B/",
            "importance_results_dir": "rationalization_results/analogies/OPT1B_integrated_gradients",
            "device": "cuda",
            "rationalization_config": "config/eva_integrated_gradients.json",
            "input_num_ratio": 1,
            "logfolder": "logs/analogies/OPT1B_integrated_gradients",
            "loglevel": 20
        },
        "time_elapsed": 0.7645926475524902
    }
}