{
    "$schema": "../docs/rationalization.schema.json",
    "id": 27,
    "input-text": [
        "</s>",
        "I",
        " had",
        " never",
        " been",
        " friends",
        " with",
        " any",
        " English",
        " people",
        " before",
        ".",
        " (",
        "The",
        " funn",
        "iest",
        " thing",
        " happened",
        " to",
        " me",
        " the",
        " other",
        " day",
        ",",
        " but",
        " that",
        "'s",
        " a",
        " story",
        " for",
        " another",
        " time",
        ").",
        " In",
        " fact",
        ",",
        " I",
        " had",
        " never",
        " even",
        " been",
        " to"
    ],
    "input-tokens": [
        2,
        100,
        56,
        393,
        57,
        964,
        19,
        143,
        2370,
        82,
        137,
        4,
        36,
        133,
        29310,
        7098,
        631,
        1102,
        7,
        162,
        5,
        97,
        183,
        6,
        53,
        14,
        18,
        10,
        527,
        13,
        277,
        86,
        322,
        96,
        754,
        6,
        38,
        56,
        393,
        190,
        57,
        7
    ],
    "target-text": " England",
    "target-token": 1156,
    "rational-size": 5,
    "rational-positions": [
        35,
        9,
        10,
        6,
        3
    ],
    "rational-text": [
        ",",
        " people",
        " before",
        " with",
        " never"
    ],
    "rational-tokens": [
        6,
        82,
        137,
        19,
        393
    ],
    "importance-scores": [
        0.0,
        0.0,
        0.037527091801166534,
        0.042539436370134354,
        0.03885924816131592,
        0.04002877697348595,
        0.04823830723762512,
        0.034837301820516586,
        0.04166977480053902,
        0.06899109482765198,
        0.0675845742225647,
        0.012221011333167553,
        0.013486401177942753,
        0.029361724853515625,
        0.010950311087071896,
        0.01234633568674326,
        0.01158064603805542,
        0.010327648371458054,
        0.0089084692299366,
        0.008729873225092888,
        0.011265846900641918,
        0.009951964020729065,
        0.008655567653477192,
        0.00730246864259243,
        0.006375384982675314,
        0.007345761638134718,
        0.033681053668260574,
        0.009211618453264236,
        0.012951239012181759,
        0.010888610035181046,
        0.012233056128025055,
        0.010149083100259304,
        0.0077824839390814304,
        0.014536408707499504,
        0.0383358970284462,
        0.13499045372009277,
        0.005213789641857147,
        0.007437922526150942,
        0.01935543119907379,
        0.010923449881374836,
        0.012671713717281818,
        0.035591647028923035
    ],
    "comments": {
        "created-by": "run_analogies.py",
        "args": {
            "model": "facebook/opt-1.3b",
            "cache_dir": "./cache/",
            "tokenizer": "facebook/opt-1.3b",
            "data_dir": "data/analogies/OPT1B/",
            "importance_results_dir": "rationalization_results/analogies/OPT1B_integrated_gradients",
            "device": "cuda",
            "rationalization_config": "config/eva_integrated_gradients.json",
            "input_num_ratio": 1,
            "logfolder": "logs/analogies/OPT1B_integrated_gradients",
            "loglevel": 20
        },
        "time_elapsed": 0.75246262550354
    }
}