{
    "$schema": "../docs/rationalization.schema.json",
    "id": 30,
    "input-text": [
        "</s>",
        "I",
        " had",
        " never",
        " been",
        " friends",
        " with",
        " any",
        " Indian",
        " people",
        " before",
        ".",
        " (",
        "The",
        " funn",
        "iest",
        " thing",
        " happened",
        " to",
        " me",
        " the",
        " other",
        " day",
        ",",
        " but",
        " that",
        "'s",
        " a",
        " story",
        " for",
        " another",
        " time",
        ").",
        " In",
        " fact",
        ",",
        " I",
        " had",
        " never",
        " even",
        " been",
        " to"
    ],
    "input-tokens": [
        2,
        100,
        56,
        393,
        57,
        964,
        19,
        143,
        1362,
        82,
        137,
        4,
        36,
        133,
        29310,
        7098,
        631,
        1102,
        7,
        162,
        5,
        97,
        183,
        6,
        53,
        14,
        18,
        10,
        527,
        13,
        277,
        86,
        322,
        96,
        754,
        6,
        38,
        56,
        393,
        190,
        57,
        7
    ],
    "target-text": " India",
    "target-token": 666,
    "rational-size": 5,
    "rational-positions": [
        35,
        41,
        26,
        9,
        34
    ],
    "rational-text": [
        ",",
        " to",
        "'s",
        " people",
        " fact"
    ],
    "rational-tokens": [
        6,
        7,
        18,
        82,
        754
    ],
    "importance-scores": [
        0.0,
        0.0,
        0.025273455306887627,
        0.02629941515624523,
        0.023338347673416138,
        0.028113383799791336,
        0.03064616583287716,
        0.02953392080962658,
        0.028795870020985603,
        0.04575233533978462,
        0.022393882274627686,
        0.015163887292146683,
        0.014549631625413895,
        0.01994626596570015,
        0.013832676224410534,
        0.01702287048101425,
        0.018719322979450226,
        0.016209857538342476,
        0.013802544213831425,
        0.01318763755261898,
        0.016727615147829056,
        0.013457178138196468,
        0.015129968523979187,
        0.012958277016878128,
        0.010141778737306595,
        0.012290003709495068,
        0.05126997455954552,
        0.014694892801344395,
        0.02140032686293125,
        0.019346686080098152,
        0.018516870215535164,
        0.020060835406184196,
        0.00953010655939579,
        0.012166664935648441,
        0.03740115091204643,
        0.1427125781774521,
        0.006178506650030613,
        0.007355074863880873,
        0.018136534839868546,
        0.015327508561313152,
        0.01695059984922409,
        0.05241775140166283
    ],
    "comments": {
        "created-by": "run_analogies.py",
        "args": {
            "model": "facebook/opt-1.3b",
            "cache_dir": "./cache/",
            "tokenizer": "facebook/opt-1.3b",
            "data_dir": "data/analogies/OPT1B/",
            "importance_results_dir": "rationalization_results/analogies/OPT1B_integrated_gradients",
            "device": "cuda",
            "rationalization_config": "config/eva_integrated_gradients.json",
            "input_num_ratio": 1,
            "logfolder": "logs/analogies/OPT1B_integrated_gradients",
            "loglevel": 20
        },
        "time_elapsed": 0.7537951469421387
    }
}