{
    "$schema": "../docs/rationalization.schema.json",
    "id": 6,
    "input-text": [
        "</s>",
        "As",
        " soon",
        " as",
        " I",
        " arrived",
        " in",
        " Brazil",
        ",",
        " I",
        " checked",
        " into",
        " my",
        " hotel",
        " and",
        " took",
        " a",
        " long",
        " nap",
        ".",
        " (",
        "I",
        " had",
        " finally",
        " finished",
        " the",
        " book",
        " I",
        " was",
        " reading",
        " and",
        " it",
        " was",
        " amazing",
        ").",
        " I",
        " had",
        " to",
        " figure",
        " out",
        " the",
        " exchange",
        " rate",
        " to",
        " the",
        " local",
        " currency",
        ",",
        " which",
        " is",
        " apparently",
        " called",
        " the"
    ],
    "input-tokens": [
        2,
        1620,
        1010,
        25,
        38,
        2035,
        11,
        2910,
        6,
        38,
        7869,
        88,
        127,
        2303,
        8,
        362,
        10,
        251,
        16159,
        4,
        36,
        100,
        56,
        1747,
        1550,
        5,
        1040,
        38,
        21,
        2600,
        8,
        24,
        21,
        2770,
        322,
        38,
        56,
        7,
        1955,
        66,
        5,
        2081,
        731,
        7,
        5,
        400,
        2593,
        6,
        61,
        16,
        4100,
        373,
        5
    ],
    "target-text": " real",
    "target-token": 588,
    "rational-size": 5,
    "rational-positions": [
        52,
        47,
        46,
        51,
        8
    ],
    "rational-text": [
        " the",
        ",",
        " currency",
        " called",
        ","
    ],
    "rational-tokens": [
        5,
        6,
        2593,
        373,
        6
    ],
    "importance-scores": [
        0.0,
        0.0,
        0.01406804658472538,
        0.011804581619799137,
        0.011386716738343239,
        0.01312351319938898,
        0.02655373141169548,
        0.025121942162513733,
        0.05072767660021782,
        0.0053244358859956264,
        0.005220016930252314,
        0.009026827290654182,
        0.006640248466283083,
        0.008068776689469814,
        0.01664273999631405,
        0.005864629987627268,
        0.005779590457677841,
        0.005586264654994011,
        0.006175645161420107,
        0.014304924756288528,
        0.007751974742859602,
        0.0065805017948150635,
        0.004738996271044016,
        0.006200714968144894,
        0.00755942752584815,
        0.007616438437253237,
        0.010480714030563831,
        0.007981939241290092,
        0.004968672525137663,
        0.005241550970822573,
        0.006866915617138147,
        0.0061773695051670074,
        0.00519641675055027,
        0.0064508649520576,
        0.009348210878670216,
        0.015848880633711815,
        0.007746987510472536,
        0.013505920767784119,
        0.01628948375582695,
        0.013958826661109924,
        0.011641496792435646,
        0.017468225210905075,
        0.04744140803813934,
        0.03441435098648071,
        0.01564032770693302,
        0.02375131845474243,
        0.06409581750631332,
        0.07775156944990158,
        0.020924745127558708,
        0.025944484397768974,
        0.03526798263192177,
        0.06189616024494171,
        0.10703054070472717
    ],
    "comments": {
        "created-by": "run_analogies.py",
        "args": {
            "model": "facebook/opt-1.3b",
            "cache_dir": "./cache/",
            "tokenizer": "facebook/opt-1.3b",
            "data_dir": "data/analogies/OPT1B/",
            "importance_results_dir": "rationalization_results/analogies/OPT1B_integrated_gradients",
            "device": "cuda",
            "rationalization_config": "config/eva_integrated_gradients.json",
            "input_num_ratio": 1,
            "logfolder": "logs/analogies/OPT1B_integrated_gradients",
            "loglevel": 20
        },
        "time_elapsed": 0.8994171619415283
    }
}