{
    "$schema": "../docs/rationalization.schema.json",
    "id": 14,
    "input-text": [
        "When",
        " my",
        " flight",
        " landed",
        " in",
        " Russia",
        ",",
        " I",
        " converted",
        " my",
        " currency",
        " and",
        " slowly",
        " fell",
        " asleep",
        ".",
        " (",
        "I",
        " had",
        " a",
        " terrifying",
        " dream",
        " about",
        " my",
        " grandmother",
        ",",
        " but",
        " that",
        "'s",
        " a",
        " story",
        " for",
        " another",
        " time",
        ").",
        " I",
        " was",
        " staying",
        " in",
        " the",
        " capital",
        ","
    ],
    "input-tokens": [
        2215,
        616,
        5474,
        11406,
        287,
        3284,
        11,
        314,
        11513,
        616,
        7395,
        290,
        6364,
        3214,
        16039,
        13,
        357,
        40,
        550,
        257,
        17623,
        4320,
        546,
        616,
        18410,
        11,
        475,
        326,
        338,
        257,
        1621,
        329,
        1194,
        640,
        737,
        314,
        373,
        10589,
        287,
        262,
        3139,
        11
    ],
    "target-text": " Moscow",
    "target-token": 9070,
    "rational-size": 5,
    "rational-positions": [
        40,
        5,
        37,
        2,
        3
    ],
    "rational-text": [
        " capital",
        " Russia",
        " staying",
        " flight",
        " landed"
    ],
    "rational-tokens": [
        3139,
        3284,
        10589,
        5474,
        11406
    ],
    "importance-scores": [
        0.03715364634990692,
        0.027958735823631287,
        0.05955585837364197,
        0.04463910683989525,
        0.015577767975628376,
        0.07537101954221725,
        0.007944971323013306,
        0.008147514425218105,
        0.032165978103876114,
        0.011081187054514885,
        0.03555043786764145,
        0.009213564917445183,
        0.01759340986609459,
        0.013560948893427849,
        0.032209888100624084,
        0.012956050224602222,
        0.01338273473083973,
        0.00860506296157837,
        0.008434480056166649,
        0.004827454686164856,
        0.03199147805571556,
        0.02072206325829029,
        0.008209471590816975,
        0.008245713077485561,
        0.030158361420035362,
        0.005989653058350086,
        0.009354733861982822,
        0.007761663757264614,
        0.009885545819997787,
        0.007008573971688747,
        0.022751087322831154,
        0.00780642032623291,
        0.014342902228236198,
        0.01145138032734394,
        0.03414267301559448,
        0.014599182642996311,
        0.014617606066167355,
        0.06992489844560623,
        0.015659386292099953,
        0.016588306054472923,
        0.13759085536003113,
        0.025268249213695526
    ],
    "comments": {
        "created-by": "run_analogies.py",
        "args": {
            "model": "gpt2-xl",
            "cache_dir": "cache/",
            "tokenizer": "gpt2-xl",
            "data_dir": "data/analogies/gpt2_xl/",
            "importance_results_dir": "rationalization_results/analogies/gpt2_xl_gradient_shap",
            "device": "cuda",
            "rationalization_config": "config/eva_gradient_shap.json",
            "input_num_ratio": 1,
            "logfolder": "logs/analogies/gpt2_xl_gradient_shap",
            "loglevel": 20
        },
        "time_elapsed": 0.14702129364013672
    }
}