{
    "$schema": "../docs/rationalization.schema.json",
    "id": 157,
    "input-text": [
        "I",
        " had",
        " never",
        " been",
        " friends",
        " with",
        " any",
        " Israeli",
        " people",
        " before",
        ".",
        " (",
        "The",
        " funn",
        "iest",
        " thing",
        " happened",
        " to",
        " me",
        " the",
        " other",
        " day",
        ",",
        " but",
        " that",
        "'s",
        " a",
        " story",
        " for",
        " another",
        " time",
        ").",
        " In",
        " fact",
        ",",
        " I",
        " had",
        " never",
        " even",
        " been",
        " to"
    ],
    "input-tokens": [
        40,
        550,
        1239,
        587,
        2460,
        351,
        597,
        6085,
        661,
        878,
        13,
        357,
        464,
        36090,
        6386,
        1517,
        3022,
        284,
        502,
        262,
        584,
        1110,
        11,
        475,
        326,
        338,
        257,
        1621,
        329,
        1194,
        640,
        737,
        554,
        1109,
        11,
        314,
        550,
        1239,
        772,
        587,
        284
    ],
    "target-text": " Israel",
    "target-token": 2692,
    "rational-size": 5,
    "rational-positions": [
        7,
        4,
        0,
        6,
        2
    ],
    "rational-text": [
        " Israeli",
        " friends",
        "I",
        " any",
        " never"
    ],
    "rational-tokens": [
        6085,
        2460,
        40,
        597,
        1239
    ],
    "importance-scores": [
        0.06757401674985886,
        0.038529083132743835,
        0.04584187641739845,
        0.036345500499010086,
        0.08540082722902298,
        0.03181026875972748,
        0.04876937344670296,
        0.23809808492660522,
        0.027455681934952736,
        0.021312061697244644,
        0.011470112949609756,
        0.010371915064752102,
        0.010509265586733818,
        0.04542370140552521,
        0.01825338415801525,
        0.0077781653963029385,
        0.013179220259189606,
        0.0040548862889409065,
        0.009091564454138279,
        0.0036285114474594593,
        0.005759361665695906,
        0.009648315608501434,
        0.004392641130834818,
        0.004485475830733776,
        0.003850736655294895,
        0.005177833139896393,
        0.0036061133723706007,
        0.009314392693340778,
        0.0038830721750855446,
        0.007225081790238619,
        0.005989527329802513,
        0.01867576129734516,
        0.007066223304718733,
        0.016294583678245544,
        0.004667011555284262,
        0.011118869297206402,
        0.013344275765120983,
        0.020594419911503792,
        0.0221996009349823,
        0.025267163291573524,
        0.022542113438248634
    ],
    "comments": {
        "created-by": "run_analogies.py",
        "args": {
            "model": "gpt2-xl",
            "cache_dir": "cache/",
            "tokenizer": "gpt2-xl",
            "data_dir": "data/analogies/gpt2_xl/",
            "importance_results_dir": "rationalization_results/analogies/gpt2_xl_gradient_shap",
            "device": "cuda",
            "rationalization_config": "config/eva_gradient_shap.json",
            "input_num_ratio": 1,
            "logfolder": "logs/analogies/gpt2_xl_gradient_shap",
            "loglevel": 20
        },
        "time_elapsed": 0.34996509552001953
    }
}