{
    "$schema": "../docs/rationalization.schema.json",
    "id": 19,
    "input-text": [
        "When",
        " my",
        " flight",
        " landed",
        " in",
        " Sweden",
        ",",
        " I",
        " converted",
        " my",
        " currency",
        " and",
        " slowly",
        " fell",
        " asleep",
        ".",
        " (",
        "I",
        " had",
        " a",
        " terrifying",
        " dream",
        " about",
        " my",
        " grandmother",
        ",",
        " but",
        " that",
        "'s",
        " a",
        " story",
        " for",
        " another",
        " time",
        ").",
        " I",
        " was",
        " staying",
        " in",
        " the",
        " capital",
        ","
    ],
    "input-tokens": [
        2215,
        616,
        5474,
        11406,
        287,
        10710,
        11,
        314,
        11513,
        616,
        7395,
        290,
        6364,
        3214,
        16039,
        13,
        357,
        40,
        550,
        257,
        17623,
        4320,
        546,
        616,
        18410,
        11,
        475,
        326,
        338,
        257,
        1621,
        329,
        1194,
        640,
        737,
        314,
        373,
        10589,
        287,
        262,
        3139,
        11
    ],
    "target-text": " Stockholm",
    "target-token": 29679,
    "rational-size": 5,
    "rational-positions": [
        5,
        40,
        2,
        37,
        3
    ],
    "rational-text": [
        " Sweden",
        " capital",
        " flight",
        " staying",
        " landed"
    ],
    "rational-tokens": [
        10710,
        3139,
        5474,
        10589,
        11406
    ],
    "importance-scores": [
        0.03854741156101227,
        0.03470394015312195,
        0.06411813199520111,
        0.04202713072299957,
        0.023123038932681084,
        0.177059143781662,
        0.0058920131996273994,
        0.007429967168718576,
        0.02702128328382969,
        0.010067299008369446,
        0.033673521131277084,
        0.006714139599353075,
        0.02087671495974064,
        0.01252554077655077,
        0.030357472598552704,
        0.010072086937725544,
        0.01048305258154869,
        0.007100609131157398,
        0.006109192036092281,
        0.003891396801918745,
        0.029731202870607376,
        0.016169589012861252,
        0.0065229483880102634,
        0.007758543826639652,
        0.026986626908183098,
        0.00428216066211462,
        0.00845054630190134,
        0.005448105279356241,
        0.008674507960677147,
        0.005558286793529987,
        0.016959991306066513,
        0.007112822961062193,
        0.012595927342772484,
        0.008478616364300251,
        0.026746399700641632,
        0.012129021808505058,
        0.01173221506178379,
        0.04608866199851036,
        0.010947934351861477,
        0.012308528646826744,
        0.12527595460414886,
        0.018248435109853745
    ],
    "comments": {
        "created-by": "run_analogies.py",
        "args": {
            "model": "gpt2-xl",
            "cache_dir": "./cache/",
            "tokenizer": "gpt2-xl",
            "data_dir": "data/analogies/gpt2_xl/",
            "importance_results_dir": "rationalization_results/analogies/gpt2_xl_gradient_shap",
            "device": "cuda",
            "rationalization_config": "config/eva_gradient_shap.json",
            "input_num_ratio": 1,
            "logfolder": "logs/analogies/gpt2_xl_gradient_shap",
            "loglevel": 20
        },
        "time_elapsed": 0.1895918846130371
    }
}