{
    "$schema": "../docs/rationalization.schema.json",
    "id": 23,
    "input-text": [
        "When",
        " my",
        " flight",
        " landed",
        " in",
        " Greece",
        ",",
        " I",
        " converted",
        " my",
        " currency",
        " and",
        " slowly",
        " fell",
        " asleep",
        ".",
        " (",
        "I",
        " was",
        " behind",
        " on",
        " a",
        " couple",
        " of",
        " assignments",
        ",",
        " but",
        " I",
        " tried",
        " not",
        " to",
        " think",
        " about",
        " them",
        ").",
        " I",
        " was",
        " staying",
        " in",
        " the",
        " capital",
        ","
    ],
    "input-tokens": [
        2215,
        616,
        5474,
        11406,
        287,
        10315,
        11,
        314,
        11513,
        616,
        7395,
        290,
        6364,
        3214,
        16039,
        13,
        357,
        40,
        373,
        2157,
        319,
        257,
        3155,
        286,
        25815,
        11,
        475,
        314,
        3088,
        407,
        284,
        892,
        546,
        606,
        737,
        314,
        373,
        10589,
        287,
        262,
        3139,
        11
    ],
    "target-text": " Athens",
    "target-token": 21891,
    "rational-size": 5,
    "rational-positions": [
        5,
        40,
        2,
        37,
        24
    ],
    "rational-text": [
        " Greece",
        " capital",
        " flight",
        " staying",
        " assignments"
    ],
    "rational-tokens": [
        10315,
        3139,
        5474,
        10589,
        25815
    ],
    "importance-scores": [
        0.039169684052467346,
        0.032696958631277084,
        0.06726600229740143,
        0.04436052218079567,
        0.021917255595326424,
        0.15482482314109802,
        0.005464261397719383,
        0.006688382942229509,
        0.026711301878094673,
        0.009330238215625286,
        0.032618846744298935,
        0.006649382412433624,
        0.018340151757001877,
        0.013321024365723133,
        0.02892126701772213,
        0.007383608724921942,
        0.011839671991765499,
        0.0076913051307201385,
        0.006451896391808987,
        0.010261892341077328,
        0.005102569703012705,
        0.004174449946731329,
        0.02000865340232849,
        0.004987341817468405,
        0.04668262228369713,
        0.004496629349887371,
        0.00925530306994915,
        0.0062340134754776955,
        0.018661513924598694,
        0.008631196804344654,
        0.004851782228797674,
        0.01632000505924225,
        0.010342562571167946,
        0.013624162413179874,
        0.034585028886795044,
        0.012399944476783276,
        0.012050245888531208,
        0.05118945240974426,
        0.01175981480628252,
        0.012951161712408066,
        0.11682513356208801,
        0.02295791730284691
    ],
    "comments": {
        "created-by": "run_analogies.py",
        "args": {
            "model": "gpt2-xl",
            "cache_dir": "./cache/",
            "tokenizer": "gpt2-xl",
            "data_dir": "data/analogies/gpt2_xl/",
            "importance_results_dir": "rationalization_results/analogies/gpt2_xl_gradient_shap",
            "device": "cuda",
            "rationalization_config": "config/eva_gradient_shap.json",
            "input_num_ratio": 1,
            "logfolder": "logs/analogies/gpt2_xl_gradient_shap",
            "loglevel": 20
        },
        "time_elapsed": 0.19079804420471191
    }
}