{
    "$schema": "../docs/rationalization.schema.json",
    "id": 31,
    "input-text": [
        "When",
        " my",
        " flight",
        " landed",
        " in",
        " Hungary",
        ",",
        " I",
        " converted",
        " my",
        " currency",
        " and",
        " slowly",
        " fell",
        " asleep",
        ".",
        " (",
        "I",
        " was",
        " behind",
        " on",
        " a",
        " couple",
        " of",
        " assignments",
        ",",
        " but",
        " I",
        " tried",
        " not",
        " to",
        " think",
        " about",
        " them",
        ").",
        " I",
        " was",
        " staying",
        " in",
        " the",
        " capital",
        ","
    ],
    "input-tokens": [
        2215,
        616,
        5474,
        11406,
        287,
        19562,
        11,
        314,
        11513,
        616,
        7395,
        290,
        6364,
        3214,
        16039,
        13,
        357,
        40,
        373,
        2157,
        319,
        257,
        3155,
        286,
        25815,
        11,
        475,
        314,
        3088,
        407,
        284,
        892,
        546,
        606,
        737,
        314,
        373,
        10589,
        287,
        262,
        3139,
        11
    ],
    "target-text": " Budapest",
    "target-token": 40959,
    "rational-size": 5,
    "rational-positions": [
        5,
        40,
        2,
        37,
        3
    ],
    "rational-text": [
        " Hungary",
        " capital",
        " flight",
        " staying",
        " landed"
    ],
    "rational-tokens": [
        19562,
        3139,
        5474,
        10589,
        11406
    ],
    "importance-scores": [
        0.041569970548152924,
        0.03013082593679428,
        0.05816062539815903,
        0.04285643622279167,
        0.035069532692432404,
        0.22656074166297913,
        0.0061605628579854965,
        0.00688780564814806,
        0.02631288766860962,
        0.009001946076750755,
        0.03348527476191521,
        0.005448170006275177,
        0.016927022486925125,
        0.01224417146295309,
        0.024844761937856674,
        0.0085464371368289,
        0.010176809504628181,
        0.006742418278008699,
        0.004341017454862595,
        0.009277400560677052,
        0.004387691617012024,
        0.0044858711771667,
        0.01749809831380844,
        0.003289968241006136,
        0.036230072379112244,
        0.0042997123673558235,
        0.007513153832405806,
        0.004822637420147657,
        0.01527183223515749,
        0.0062760477885603905,
        0.0036249104887247086,
        0.012290392071008682,
        0.00906593631953001,
        0.01126201543956995,
        0.025363363325595856,
        0.011603545397520065,
        0.011141461320221424,
        0.04802457243204117,
        0.008037308230996132,
        0.010886815376579762,
        0.10798725485801697,
        0.0218924842774868
    ],
    "comments": {
        "created-by": "run_analogies.py",
        "args": {
            "model": "gpt2-xl",
            "cache_dir": "./cache/",
            "tokenizer": "gpt2-xl",
            "data_dir": "data/analogies/gpt2_xl/",
            "importance_results_dir": "rationalization_results/analogies/gpt2_xl_gradient_shap",
            "device": "cuda",
            "rationalization_config": "config/eva_gradient_shap.json",
            "input_num_ratio": 1,
            "logfolder": "logs/analogies/gpt2_xl_gradient_shap",
            "loglevel": 20
        },
        "time_elapsed": 0.19371271133422852
    }
}