{
    "$schema": "../docs/rationalization.schema.json",
    "id": 32,
    "input-text": [
        "When",
        " my",
        " flight",
        " landed",
        " in",
        " Egypt",
        ",",
        " I",
        " converted",
        " my",
        " currency",
        " and",
        " slowly",
        " fell",
        " asleep",
        ".",
        " (",
        "I",
        " was",
        " behind",
        " on",
        " a",
        " couple",
        " of",
        " assignments",
        ",",
        " but",
        " I",
        " tried",
        " not",
        " to",
        " think",
        " about",
        " them",
        ").",
        " I",
        " was",
        " staying",
        " in",
        " the",
        " capital",
        ","
    ],
    "input-tokens": [
        2215,
        616,
        5474,
        11406,
        287,
        6365,
        11,
        314,
        11513,
        616,
        7395,
        290,
        6364,
        3214,
        16039,
        13,
        357,
        40,
        373,
        2157,
        319,
        257,
        3155,
        286,
        25815,
        11,
        475,
        314,
        3088,
        407,
        284,
        892,
        546,
        606,
        737,
        314,
        373,
        10589,
        287,
        262,
        3139,
        11
    ],
    "target-text": " Cairo",
    "target-token": 23732,
    "rational-size": 5,
    "rational-positions": [
        5,
        40,
        2,
        37,
        3
    ],
    "rational-text": [
        " Egypt",
        " capital",
        " flight",
        " staying",
        " landed"
    ],
    "rational-tokens": [
        6365,
        3139,
        5474,
        10589,
        11406
    ],
    "importance-scores": [
        0.03941303491592407,
        0.033372387290000916,
        0.0597078874707222,
        0.04229165241122246,
        0.021130012348294258,
        0.17866839468479156,
        0.0062429215759038925,
        0.008533269166946411,
        0.027435725554823875,
        0.010961111634969711,
        0.0405399464070797,
        0.006716609932482243,
        0.017391720786690712,
        0.011639236472547054,
        0.028970004990696907,
        0.008618087507784367,
        0.013555370271205902,
        0.006564434617757797,
        0.004385227803140879,
        0.00943667721003294,
        0.004343518055975437,
        0.0032708451617509127,
        0.018045447766780853,
        0.00406414782628417,
        0.04173969104886055,
        0.004232849460095167,
        0.008337557315826416,
        0.005336063448339701,
        0.015920346602797508,
        0.006816487293690443,
        0.003937303088605404,
        0.012441016733646393,
        0.009635976515710354,
        0.010807945393025875,
        0.02928308956325054,
        0.012339931912720203,
        0.014277147129178047,
        0.05675243213772774,
        0.01176968403160572,
        0.012198195792734623,
        0.1129227802157402,
        0.02595379203557968
    ],
    "comments": {
        "created-by": "run_analogies.py",
        "args": {
            "model": "gpt2-xl",
            "cache_dir": "./cache/",
            "tokenizer": "gpt2-xl",
            "data_dir": "data/analogies/gpt2_xl/",
            "importance_results_dir": "rationalization_results/analogies/gpt2_xl_gradient_shap",
            "device": "cuda",
            "rationalization_config": "config/eva_gradient_shap.json",
            "input_num_ratio": 1,
            "logfolder": "logs/analogies/gpt2_xl_gradient_shap",
            "loglevel": 20
        },
        "time_elapsed": 0.19540047645568848
    }
}