{
    "$schema": "../docs/rationalization.schema.json",
    "id": 40,
    "input-text": [
        "When",
        " my",
        " flight",
        " landed",
        " in",
        " Indonesia",
        ",",
        " I",
        " converted",
        " my",
        " currency",
        " and",
        " slowly",
        " fell",
        " asleep",
        ".",
        " (",
        "I",
        " was",
        " behind",
        " on",
        " a",
        " couple",
        " of",
        " assignments",
        ",",
        " but",
        " I",
        " tried",
        " not",
        " to",
        " think",
        " about",
        " them",
        ").",
        " I",
        " was",
        " staying",
        " in",
        " the",
        " capital",
        ","
    ],
    "input-tokens": [
        2215,
        616,
        5474,
        11406,
        287,
        16256,
        11,
        314,
        11513,
        616,
        7395,
        290,
        6364,
        3214,
        16039,
        13,
        357,
        40,
        373,
        2157,
        319,
        257,
        3155,
        286,
        25815,
        11,
        475,
        314,
        3088,
        407,
        284,
        892,
        546,
        606,
        737,
        314,
        373,
        10589,
        287,
        262,
        3139,
        11
    ],
    "target-text": " Jakarta",
    "target-token": 49251,
    "rational-size": 5,
    "rational-positions": [
        5,
        40,
        2,
        24,
        0
    ],
    "rational-text": [
        " Indonesia",
        " capital",
        " flight",
        " assignments",
        "When"
    ],
    "rational-tokens": [
        16256,
        3139,
        5474,
        25815,
        2215
    ],
    "importance-scores": [
        0.04174572974443436,
        0.033233460038900375,
        0.06327373534440994,
        0.04046938195824623,
        0.030810358002781868,
        0.21396398544311523,
        0.0053969924338161945,
        0.006985765881836414,
        0.028191249817609787,
        0.00935237854719162,
        0.03362772986292839,
        0.006047823932021856,
        0.016771316528320312,
        0.011480859480798244,
        0.026745231822133064,
        0.008381751365959644,
        0.010690106078982353,
        0.006306617055088282,
        0.006045132409781218,
        0.00868270918726921,
        0.003760190214961767,
        0.003700627712532878,
        0.014360267668962479,
        0.0036656565498560667,
        0.04421374946832657,
        0.0039480309933424,
        0.008610636927187443,
        0.004813905339688063,
        0.014321072958409786,
        0.00669154291972518,
        0.003286435268819332,
        0.011679165996611118,
        0.007877140305936337,
        0.009593412280082703,
        0.026518676429986954,
        0.010381690226495266,
        0.011529242619872093,
        0.038802020251750946,
        0.008073764853179455,
        0.011817052029073238,
        0.11868589371442795,
        0.025467516854405403
    ],
    "comments": {
        "created-by": "run_analogies.py",
        "args": {
            "model": "gpt2-xl",
            "cache_dir": "cache/",
            "tokenizer": "gpt2-xl",
            "data_dir": "data/analogies/gpt2_xl/",
            "importance_results_dir": "rationalization_results/analogies/gpt2_xl_gradient_shap",
            "device": "cuda",
            "rationalization_config": "config/eva_gradient_shap.json",
            "input_num_ratio": 1,
            "logfolder": "logs/analogies/gpt2_xl_gradient_shap",
            "loglevel": 20
        },
        "time_elapsed": 0.1549665927886963
    }
}