{
    "$schema": "../docs/rationalization.schema.json",
    "id": 87,
    "input-text": [
        "I",
        " knew",
        " it",
        " was",
        " bad",
        ",",
        " but",
        " that",
        "'s",
        " before",
        " I",
        " saw",
        " it",
        " in",
        " person",
        ".",
        " (",
        "Just",
        " then",
        " I",
        " thought",
        " about",
        " my",
        " ex",
        "-",
        "wife",
        ",",
        " but",
        " I",
        " had",
        " to",
        " stop",
        " thinking",
        " about",
        " her",
        ").",
        " When",
        " I",
        " did",
        " end",
        " up",
        " seeing",
        " it",
        " in",
        " person",
        ",",
        " it",
        " was",
        " even"
    ],
    "input-tokens": [
        40,
        2993,
        340,
        373,
        2089,
        11,
        475,
        326,
        338,
        878,
        314,
        2497,
        340,
        287,
        1048,
        13,
        357,
        5703,
        788,
        314,
        1807,
        546,
        616,
        409,
        12,
        22095,
        11,
        475,
        314,
        550,
        284,
        2245,
        3612,
        546,
        607,
        737,
        1649,
        314,
        750,
        886,
        510,
        4379,
        340,
        287,
        1048,
        11,
        340,
        373,
        772
    ],
    "target-text": " worse",
    "target-token": 4785,
    "rational-size": 5,
    "rational-positions": [
        48,
        40,
        41,
        39,
        4
    ],
    "rational-text": [
        " even",
        " up",
        " seeing",
        " end",
        " bad"
    ],
    "rational-tokens": [
        772,
        510,
        4379,
        886,
        2089
    ],
    "importance-scores": [
        0.017927156761288643,
        0.014764583669602871,
        0.009236397221684456,
        0.012553839012980461,
        0.04241391643881798,
        0.006974277086555958,
        0.013414643704891205,
        0.005347097292542458,
        0.008838464505970478,
        0.018902096897363663,
        0.005818433128297329,
        0.009914985857903957,
        0.005167162045836449,
        0.0053957924246788025,
        0.03564194589853287,
        0.008131492882966995,
        0.00846419669687748,
        0.025997666642069817,
        0.012102724984288216,
        0.0064267972484230995,
        0.028874771669507027,
        0.020312774926424026,
        0.00847670342773199,
        0.013655221089720726,
        0.0066580139100551605,
        0.019529452547430992,
        0.007234194315969944,
        0.008782701566815376,
        0.009259520098567009,
        0.012322943657636642,
        0.007687484845519066,
        0.03122228942811489,
        0.041461747139692307,
        0.013638891279697418,
        0.012371359393000603,
        0.034744177013635635,
        0.01636589877307415,
        0.013905358500778675,
        0.041335225105285645,
        0.05474945157766342,
        0.09813065081834793,
        0.0547991544008255,
        0.00666787289083004,
        0.006249385420233011,
        0.019796624779701233,
        0.006836503744125366,
        0.009239625185728073,
        0.013168362900614738,
        0.10909003019332886
    ],
    "comments": {
        "created-by": "run_analogies.py",
        "args": {
            "model": "gpt2-xl",
            "cache_dir": "cache/",
            "tokenizer": "gpt2-xl",
            "data_dir": "data/analogies/gpt2_xl/",
            "importance_results_dir": "rationalization_results/analogies/gpt2_xl_gradient_shap",
            "device": "cuda",
            "rationalization_config": "config/eva_gradient_shap.json",
            "input_num_ratio": 1,
            "logfolder": "logs/analogies/gpt2_xl_gradient_shap",
            "loglevel": 20
        },
        "time_elapsed": 0.1623976230621338
    }
}