{
    "$schema": "../docs/rationalization.schema.json",
    "id": 107,
    "input-text": [
        "I",
        " knew",
        " it",
        " was",
        " tall",
        ",",
        " but",
        " that",
        "'s",
        " before",
        " I",
        " saw",
        " it",
        " in",
        " person",
        ".",
        " (",
        "Just",
        " then",
        " I",
        " thought",
        " about",
        " my",
        " ex",
        "-",
        "wife",
        ",",
        " but",
        " I",
        " had",
        " to",
        " stop",
        " thinking",
        " about",
        " her",
        ").",
        " When",
        " I",
        " did",
        " end",
        " up",
        " seeing",
        " it",
        " in",
        " person",
        ",",
        " it",
        " was",
        " even"
    ],
    "input-tokens": [
        40,
        2993,
        340,
        373,
        7331,
        11,
        475,
        326,
        338,
        878,
        314,
        2497,
        340,
        287,
        1048,
        13,
        357,
        5703,
        788,
        314,
        1807,
        546,
        616,
        409,
        12,
        22095,
        11,
        475,
        314,
        550,
        284,
        2245,
        3612,
        546,
        607,
        737,
        1649,
        314,
        750,
        886,
        510,
        4379,
        340,
        287,
        1048,
        11,
        340,
        373,
        772
    ],
    "target-text": " taller",
    "target-token": 25242,
    "rational-size": 5,
    "rational-positions": [
        0,
        47,
        48,
        4,
        46
    ],
    "rational-text": [
        "I",
        " was",
        " even",
        " tall",
        " it"
    ],
    "rational-tokens": [
        40,
        373,
        772,
        7331,
        340
    ],
    "importance-scores": [
        0.03268669173121452,
        0.02008771151304245,
        0.020058443769812584,
        0.020068898797035217,
        0.020637720823287964,
        0.020262954756617546,
        0.020101089030504227,
        0.02005693130195141,
        0.02004135027527809,
        0.02009694091975689,
        0.02003699354827404,
        0.020063575357198715,
        0.020119786262512207,
        0.02007118985056877,
        0.02009849064052105,
        0.020372051745653152,
        0.020078789442777634,
        0.02002469077706337,
        0.020033232867717743,
        0.020026445388793945,
        0.020014258101582527,
        0.02002842351794243,
        0.02004358544945717,
        0.020026223734021187,
        0.020011747255921364,
        0.020034564658999443,
        0.02003863826394081,
        0.020046811550855637,
        0.020018942654132843,
        0.020013974979519844,
        0.020044269040226936,
        0.020018471404910088,
        0.020021071657538414,
        0.02001246064901352,
        0.020004495978355408,
        0.020455872640013695,
        0.02024039626121521,
        0.020122122019529343,
        0.02007884532213211,
        0.020090503618121147,
        0.02014262042939663,
        0.020182566717267036,
        0.02028578147292137,
        0.020167730748653412,
        0.020200643688440323,
        0.020496265962719917,
        0.020567480474710464,
        0.02087283506989479,
        0.02069437876343727
    ],
    "comments": {
        "created-by": "run_analogies.py",
        "args": {
            "model": "gpt2-xl",
            "cache_dir": "cache/",
            "tokenizer": "gpt2-xl",
            "data_dir": "data/analogies/gpt2_xl/",
            "importance_results_dir": "rationalization_results/analogies/gpt2_xl_attention",
            "device": "cuda",
            "rationalization_config": "config/eva_attention.json",
            "input_num_ratio": 1,
            "logfolder": "logs/analogies/gpt2_xl_attention",
            "loglevel": 20
        },
        "time_elapsed": 0.033348798751831055
    }
}