{
    "$schema": "../docs/rationalization.schema.json",
    "id": 117,
    "input-text": [
        "I",
        " thought",
        " it",
        " would",
        " be",
        " the",
        " greatest",
        " thing",
        " I",
        "'d",
        " ever",
        " encounter",
        ".",
        " (",
        "I",
        " tried",
        " to",
        " ignore",
        " my",
        " phone",
        " vibr",
        "ating",
        " in",
        " my",
        " pocket",
        ").",
        " But",
        " when",
        " I",
        " did",
        " end",
        " up",
        " encountering",
        " it",
        ",",
        " it",
        " turned",
        " out",
        " it",
        " wasn",
        "'t",
        " so"
    ],
    "input-tokens": [
        40,
        1807,
        340,
        561,
        307,
        262,
        6000,
        1517,
        314,
        1549,
        1683,
        8791,
        13,
        357,
        40,
        3088,
        284,
        8856,
        616,
        3072,
        12611,
        803,
        287,
        616,
        10000,
        737,
        887,
        618,
        314,
        750,
        886,
        510,
        42398,
        340,
        11,
        340,
        2900,
        503,
        340,
        2492,
        470,
        523
    ],
    "target-text": " great",
    "target-token": 1049,
    "rational-size": 5,
    "rational-positions": [
        0,
        40,
        41,
        39,
        6
    ],
    "rational-text": [
        "I",
        "'t",
        " so",
        " wasn",
        " greatest"
    ],
    "rational-tokens": [
        40,
        470,
        523,
        2492,
        6000
    ],
    "importance-scores": [
        0.0378749743103981,
        0.02332494780421257,
        0.023319359868764877,
        0.023294303566217422,
        0.02333129569888115,
        0.02340669184923172,
        0.023889336735010147,
        0.023374902084469795,
        0.02327865920960903,
        0.02327619679272175,
        0.02327323891222477,
        0.023469245061278343,
        0.023805731907486916,
        0.023333994671702385,
        0.023272832855582237,
        0.023264512419700623,
        0.02329929731786251,
        0.023289376869797707,
        0.023286744952201843,
        0.02328570932149887,
        0.02328473888337612,
        0.02328081987798214,
        0.023278236389160156,
        0.023250296711921692,
        0.023266606032848358,
        0.023620594292879105,
        0.023480309173464775,
        0.02341841161251068,
        0.02331838384270668,
        0.023289844393730164,
        0.023311376571655273,
        0.023360945284366608,
        0.02359905280172825,
        0.02363566868007183,
        0.02363116666674614,
        0.023530395701527596,
        0.0235018078237772,
        0.023599429056048393,
        0.02378644421696663,
        0.023914307355880737,
        0.02453625202178955,
        0.024153541773557663
    ],
    "comments": {
        "created-by": "run_analogies.py",
        "args": {
            "model": "gpt2-xl",
            "cache_dir": "cache/",
            "tokenizer": "gpt2-xl",
            "data_dir": "data/analogies/gpt2_xl/",
            "importance_results_dir": "rationalization_results/analogies/gpt2_xl_attention",
            "device": "cuda",
            "rationalization_config": "config/eva_attention.json",
            "input_num_ratio": 1,
            "logfolder": "logs/analogies/gpt2_xl_attention",
            "loglevel": 20
        },
        "time_elapsed": 0.033715009689331055
    }
}