{
    "$schema": "../docs/rationalization.schema.json",
    "id": 145,
    "input-text": [
        "I",
        " had",
        " never",
        " been",
        " friends",
        " with",
        " any",
        " Chinese",
        " people",
        " before",
        ".",
        " (",
        "The",
        " funn",
        "iest",
        " thing",
        " happened",
        " to",
        " me",
        " the",
        " other",
        " day",
        ",",
        " but",
        " that",
        "'s",
        " a",
        " story",
        " for",
        " another",
        " time",
        ").",
        " In",
        " fact",
        ",",
        " I",
        " had",
        " never",
        " even",
        " been",
        " to"
    ],
    "input-tokens": [
        40,
        550,
        1239,
        587,
        2460,
        351,
        597,
        3999,
        661,
        878,
        13,
        357,
        464,
        36090,
        6386,
        1517,
        3022,
        284,
        502,
        262,
        584,
        1110,
        11,
        475,
        326,
        338,
        257,
        1621,
        329,
        1194,
        640,
        737,
        554,
        1109,
        11,
        314,
        550,
        1239,
        772,
        587,
        284
    ],
    "target-text": " China",
    "target-token": 2807,
    "rational-size": 5,
    "rational-positions": [
        0,
        40,
        7,
        39,
        38
    ],
    "rational-text": [
        "I",
        " to",
        " Chinese",
        " been",
        " even"
    ],
    "rational-tokens": [
        40,
        284,
        3999,
        587,
        772
    ],
    "importance-scores": [
        0.03887253999710083,
        0.02393278107047081,
        0.023900583386421204,
        0.023923780769109726,
        0.024014156311750412,
        0.023973720148205757,
        0.02391369454562664,
        0.0248833317309618,
        0.024054836481809616,
        0.0239307451993227,
        0.0243232324719429,
        0.023913757875561714,
        0.0239708311855793,
        0.02382245473563671,
        0.023820992559194565,
        0.023791249841451645,
        0.023824142292141914,
        0.023915264755487442,
        0.023852793499827385,
        0.023844672366976738,
        0.023810286074876785,
        0.023854447528719902,
        0.023884523659944534,
        0.023819243535399437,
        0.023808244615793228,
        0.023805130273103714,
        0.02381434477865696,
        0.02383606880903244,
        0.023848848417401314,
        0.02381778694689274,
        0.023820143193006516,
        0.02435993030667305,
        0.024104231968522072,
        0.023977819830179214,
        0.024048112332820892,
        0.02417963184416294,
        0.02411423623561859,
        0.02431563287973404,
        0.02440386265516281,
        0.024666842073202133,
        0.025231042876839638
    ],
    "comments": {
        "created-by": "run_analogies.py",
        "args": {
            "model": "gpt2-xl",
            "cache_dir": "./cache/",
            "tokenizer": "gpt2-xl",
            "data_dir": "data/analogies/gpt2_xl/",
            "importance_results_dir": "rationalization_results/analogies/gpt2_xl_attention",
            "device": "cuda",
            "rationalization_config": "config/eva_attention.json",
            "input_num_ratio": 1,
            "logfolder": "logs/analogies/gpt2_xl_attention",
            "loglevel": 20
        },
        "time_elapsed": 0.03359103202819824
    }
}