{
    "$schema": "../docs/rationalization.schema.json",
    "id": 151,
    "input-text": [
        "I",
        " had",
        " never",
        " been",
        " friends",
        " with",
        " any",
        " French",
        " people",
        " before",
        ".",
        " (",
        "The",
        " funn",
        "iest",
        " thing",
        " happened",
        " to",
        " me",
        " the",
        " other",
        " day",
        ",",
        " but",
        " that",
        "'s",
        " a",
        " story",
        " for",
        " another",
        " time",
        ").",
        " In",
        " fact",
        ",",
        " I",
        " had",
        " never",
        " even",
        " been",
        " to"
    ],
    "input-tokens": [
        40,
        550,
        1239,
        587,
        2460,
        351,
        597,
        4141,
        661,
        878,
        13,
        357,
        464,
        36090,
        6386,
        1517,
        3022,
        284,
        502,
        262,
        584,
        1110,
        11,
        475,
        326,
        338,
        257,
        1621,
        329,
        1194,
        640,
        737,
        554,
        1109,
        11,
        314,
        550,
        1239,
        772,
        587,
        284
    ],
    "target-text": " France",
    "target-token": 4881,
    "rational-size": 5,
    "rational-positions": [
        0,
        40,
        7,
        39,
        38
    ],
    "rational-text": [
        "I",
        " to",
        " French",
        " been",
        " even"
    ],
    "rational-tokens": [
        40,
        284,
        4141,
        587,
        772
    ],
    "importance-scores": [
        0.038672398775815964,
        0.02393266372382641,
        0.023901330307126045,
        0.023928923532366753,
        0.02401687204837799,
        0.0239759162068367,
        0.023907458409667015,
        0.024917954578995705,
        0.024094603955745697,
        0.023935439065098763,
        0.02432849258184433,
        0.0239163339138031,
        0.023973558098077774,
        0.023824667558073997,
        0.023826967924833298,
        0.023793218657374382,
        0.023826459422707558,
        0.023919396102428436,
        0.023854974657297134,
        0.02384648285806179,
        0.023812154307961464,
        0.023856300860643387,
        0.023883290588855743,
        0.023820778355002403,
        0.023810014128684998,
        0.02380930259823799,
        0.02381616272032261,
        0.023838745430111885,
        0.023851098492741585,
        0.0238196961581707,
        0.02382434718310833,
        0.024358194321393967,
        0.02413698472082615,
        0.023988017812371254,
        0.024049656465649605,
        0.024185843765735626,
        0.02411706931889057,
        0.024308858439326286,
        0.024402322247624397,
        0.02468460611999035,
        0.025232452899217606
    ],
    "comments": {
        "created-by": "run_analogies.py",
        "args": {
            "model": "gpt2-xl",
            "cache_dir": "cache/",
            "tokenizer": "gpt2-xl",
            "data_dir": "data/analogies/gpt2_xl/",
            "importance_results_dir": "rationalization_results/analogies/gpt2_xl_attention",
            "device": "cuda",
            "rationalization_config": "config/eva_attention.json",
            "input_num_ratio": 1,
            "logfolder": "logs/analogies/gpt2_xl_attention",
            "loglevel": 20
        },
        "time_elapsed": 0.03302741050720215
    }
}