{
    "$schema": "../docs/rationalization.schema.json",
    "id": 157,
    "input-text": [
        "I",
        " had",
        " never",
        " been",
        " friends",
        " with",
        " any",
        " Israeli",
        " people",
        " before",
        ".",
        " (",
        "The",
        " funn",
        "iest",
        " thing",
        " happened",
        " to",
        " me",
        " the",
        " other",
        " day",
        ",",
        " but",
        " that",
        "'s",
        " a",
        " story",
        " for",
        " another",
        " time",
        ").",
        " In",
        " fact",
        ",",
        " I",
        " had",
        " never",
        " even",
        " been",
        " to"
    ],
    "input-tokens": [
        40,
        550,
        1239,
        587,
        2460,
        351,
        597,
        6085,
        661,
        878,
        13,
        357,
        464,
        36090,
        6386,
        1517,
        3022,
        284,
        502,
        262,
        584,
        1110,
        11,
        475,
        326,
        338,
        257,
        1621,
        329,
        1194,
        640,
        737,
        554,
        1109,
        11,
        314,
        550,
        1239,
        772,
        587,
        284
    ],
    "target-text": " Israel",
    "target-token": 2692,
    "rational-size": 5,
    "rational-positions": [
        0,
        40,
        7,
        39,
        38
    ],
    "rational-text": [
        "I",
        " to",
        " Israeli",
        " been",
        " even"
    ],
    "rational-tokens": [
        40,
        284,
        6085,
        587,
        772
    ],
    "importance-scores": [
        0.03866761550307274,
        0.023931972682476044,
        0.023909887298941612,
        0.02392890490591526,
        0.024023212492465973,
        0.02397952601313591,
        0.023915942758321762,
        0.024879679083824158,
        0.02405567094683647,
        0.023930642753839493,
        0.024324435740709305,
        0.023925796151161194,
        0.023958226665854454,
        0.023825470358133316,
        0.023826729506254196,
        0.023793447762727737,
        0.02382650598883629,
        0.0239198449999094,
        0.023858720436692238,
        0.023846838623285294,
        0.023814065381884575,
        0.023860717192292213,
        0.023885684087872505,
        0.02382148988544941,
        0.02380979247391224,
        0.023810094222426414,
        0.023815980181097984,
        0.023840904235839844,
        0.02385444939136505,
        0.023820729926228523,
        0.02382528968155384,
        0.024346867576241493,
        0.024108899757266045,
        0.023985542356967926,
        0.02404663898050785,
        0.024181468412280083,
        0.024117857217788696,
        0.024314716458320618,
        0.024416912347078323,
        0.024687178432941437,
        0.02530566044151783
    ],
    "comments": {
        "created-by": "run_analogies.py",
        "args": {
            "model": "gpt2-xl",
            "cache_dir": "cache/",
            "tokenizer": "gpt2-xl",
            "data_dir": "data/analogies/gpt2_xl/",
            "importance_results_dir": "rationalization_results/analogies/gpt2_xl_attention",
            "device": "cuda",
            "rationalization_config": "config/eva_attention.json",
            "input_num_ratio": 1,
            "logfolder": "logs/analogies/gpt2_xl_attention",
            "loglevel": 20
        },
        "time_elapsed": 0.03311967849731445
    }
}