{
    "$schema": "../docs/rationalization.schema.json",
    "id": 161,
    "input-text": [
        "I",
        " had",
        " never",
        " been",
        " friends",
        " with",
        " any",
        " Mexican",
        " people",
        " before",
        ".",
        " (",
        "The",
        " funn",
        "iest",
        " thing",
        " happened",
        " to",
        " me",
        " the",
        " other",
        " day",
        ",",
        " but",
        " that",
        "'s",
        " a",
        " story",
        " for",
        " another",
        " time",
        ").",
        " In",
        " fact",
        ",",
        " I",
        " had",
        " never",
        " even",
        " been",
        " to"
    ],
    "input-tokens": [
        40,
        550,
        1239,
        587,
        2460,
        351,
        597,
        10816,
        661,
        878,
        13,
        357,
        464,
        36090,
        6386,
        1517,
        3022,
        284,
        502,
        262,
        584,
        1110,
        11,
        475,
        326,
        338,
        257,
        1621,
        329,
        1194,
        640,
        737,
        554,
        1109,
        11,
        314,
        550,
        1239,
        772,
        587,
        284
    ],
    "target-text": " Mexico",
    "target-token": 5828,
    "rational-size": 5,
    "rational-positions": [
        0,
        40,
        7,
        39,
        38
    ],
    "rational-text": [
        "I",
        " to",
        " Mexican",
        " been",
        " even"
    ],
    "rational-tokens": [
        40,
        284,
        10816,
        587,
        772
    ],
    "importance-scores": [
        0.038837041705846786,
        0.02392459847033024,
        0.02390100806951523,
        0.023917118087410927,
        0.02400038205087185,
        0.02396511100232601,
        0.023900600150227547,
        0.024939555674791336,
        0.02408149465918541,
        0.023926327005028725,
        0.02431340701878071,
        0.02391311712563038,
        0.02395637147128582,
        0.023824745789170265,
        0.023826032876968384,
        0.0237936582416296,
        0.023827120661735535,
        0.02391744777560234,
        0.02385556325316429,
        0.02384556457400322,
        0.023814169690012932,
        0.023856274783611298,
        0.02388669177889824,
        0.023821286857128143,
        0.023809129372239113,
        0.023805687204003334,
        0.023815326392650604,
        0.023838065564632416,
        0.023851728066802025,
        0.023817727342247963,
        0.02382306568324566,
        0.024366093799471855,
        0.024100739508867264,
        0.023983359336853027,
        0.024050235748291016,
        0.024172404780983925,
        0.02410777658224106,
        0.024310780689120293,
        0.024406082928180695,
        0.024654101580381393,
        0.025243008509278297
    ],
    "comments": {
        "created-by": "run_analogies.py",
        "args": {
            "model": "gpt2-xl",
            "cache_dir": "./cache/",
            "tokenizer": "gpt2-xl",
            "data_dir": "data/analogies/gpt2_xl/",
            "importance_results_dir": "rationalization_results/analogies/gpt2_xl_attention",
            "device": "cuda",
            "rationalization_config": "config/eva_attention.json",
            "input_num_ratio": 1,
            "logfolder": "logs/analogies/gpt2_xl_attention",
            "loglevel": 20
        },
        "time_elapsed": 0.032636404037475586
    }
}