{
    "$schema": "../docs/rationalization.schema.json",
    "id": 165,
    "input-text": [
        "I",
        " had",
        " never",
        " been",
        " friends",
        " with",
        " any",
        " Russian",
        " people",
        " before",
        ".",
        " (",
        "The",
        " funn",
        "iest",
        " thing",
        " happened",
        " to",
        " me",
        " the",
        " other",
        " day",
        ",",
        " but",
        " that",
        "'s",
        " a",
        " story",
        " for",
        " another",
        " time",
        ").",
        " In",
        " fact",
        ",",
        " I",
        " had",
        " never",
        " even",
        " been",
        " to"
    ],
    "input-tokens": [
        40,
        550,
        1239,
        587,
        2460,
        351,
        597,
        3394,
        661,
        878,
        13,
        357,
        464,
        36090,
        6386,
        1517,
        3022,
        284,
        502,
        262,
        584,
        1110,
        11,
        475,
        326,
        338,
        257,
        1621,
        329,
        1194,
        640,
        737,
        554,
        1109,
        11,
        314,
        550,
        1239,
        772,
        587,
        284
    ],
    "target-text": " Russia",
    "target-token": 3284,
    "rational-size": 5,
    "rational-positions": [
        0,
        40,
        7,
        39,
        38
    ],
    "rational-text": [
        "I",
        " to",
        " Russian",
        " been",
        " even"
    ],
    "rational-tokens": [
        40,
        284,
        3394,
        587,
        772
    ],
    "importance-scores": [
        0.03896268829703331,
        0.023934731259942055,
        0.02390104904770851,
        0.023921841755509377,
        0.02401483803987503,
        0.023974217474460602,
        0.023907719179987907,
        0.024789346382021904,
        0.024121902883052826,
        0.02393166907131672,
        0.024310676380991936,
        0.02391716279089451,
        0.02395813912153244,
        0.023822028189897537,
        0.02382572367787361,
        0.023790014907717705,
        0.023823000490665436,
        0.023916946724057198,
        0.02385488711297512,
        0.02384532243013382,
        0.02380933240056038,
        0.023852970451116562,
        0.023882510140538216,
        0.023815995082259178,
        0.023807432502508163,
        0.023805677890777588,
        0.023814212530851364,
        0.023839246481657028,
        0.023849664255976677,
        0.02381676435470581,
        0.023820266127586365,
        0.024340150877833366,
        0.024118157103657722,
        0.023978447541594505,
        0.024047328159213066,
        0.024185586720705032,
        0.024106929078698158,
        0.02430560812354088,
        0.024400509893894196,
        0.02464844472706318,
        0.025230884552001953
    ],
    "comments": {
        "created-by": "run_analogies.py",
        "args": {
            "model": "gpt2-xl",
            "cache_dir": "cache/",
            "tokenizer": "gpt2-xl",
            "data_dir": "data/analogies/gpt2_xl/",
            "importance_results_dir": "rationalization_results/analogies/gpt2_xl_attention",
            "device": "cuda",
            "rationalization_config": "config/eva_attention.json",
            "input_num_ratio": 1,
            "logfolder": "logs/analogies/gpt2_xl_attention",
            "loglevel": 20
        },
        "time_elapsed": 0.03297686576843262
    }
}