{
    "$schema": "../docs/rationalization.schema.json",
    "id": 20,
    "input-text": [
        "When",
        " my",
        " flight",
        " landed",
        " in",
        " Iran",
        ",",
        " I",
        " converted",
        " my",
        " currency",
        " and",
        " slowly",
        " fell",
        " asleep",
        ".",
        " (",
        "I",
        " had",
        " a",
        " terrifying",
        " dream",
        " about",
        " my",
        " grandmother",
        ",",
        " but",
        " that",
        "'s",
        " a",
        " story",
        " for",
        " another",
        " time",
        ").",
        " I",
        " was",
        " staying",
        " in",
        " the",
        " capital",
        ","
    ],
    "input-tokens": [
        2215,
        616,
        5474,
        11406,
        287,
        4068,
        11,
        314,
        11513,
        616,
        7395,
        290,
        6364,
        3214,
        16039,
        13,
        357,
        40,
        550,
        257,
        17623,
        4320,
        546,
        616,
        18410,
        11,
        475,
        326,
        338,
        257,
        1621,
        329,
        1194,
        640,
        737,
        314,
        373,
        10589,
        287,
        262,
        3139,
        11
    ],
    "target-text": " Tehran",
    "target-token": 20882,
    "rational-size": 5,
    "rational-positions": [
        0,
        40,
        41,
        5,
        34
    ],
    "rational-text": [
        "When",
        " capital",
        ",",
        " Iran",
        ")."
    ],
    "rational-tokens": [
        2215,
        3139,
        11,
        4068,
        737
    ],
    "importance-scores": [
        0.037953369319438934,
        0.023342544212937355,
        0.023317432031035423,
        0.02330666221678257,
        0.023390064015984535,
        0.024113185703754425,
        0.023498976603150368,
        0.02334272488951683,
        0.02329961396753788,
        0.023271452635526657,
        0.023288538679480553,
        0.023347701877355576,
        0.02326323091983795,
        0.02325812540948391,
        0.0232880599796772,
        0.023676535114645958,
        0.02334178052842617,
        0.023278776556253433,
        0.02326010726392269,
        0.023260297253727913,
        0.023276012390851974,
        0.0232691690325737,
        0.02327127382159233,
        0.023256702348589897,
        0.023277398198843002,
        0.023367982357740402,
        0.02330673858523369,
        0.023260178044438362,
        0.023258911445736885,
        0.0232518520206213,
        0.02326641045510769,
        0.02326602302491665,
        0.023256542161107063,
        0.023256057873368263,
        0.023869819939136505,
        0.02353433147072792,
        0.023607268929481506,
        0.023753756657242775,
        0.02376897819340229,
        0.023700769990682602,
        0.024981794878840446,
        0.02484283037483692
    ],
    "comments": {
        "created-by": "run_analogies.py",
        "args": {
            "model": "gpt2-xl",
            "cache_dir": "cache/",
            "tokenizer": "gpt2-xl",
            "data_dir": "data/analogies/gpt2_xl/",
            "importance_results_dir": "rationalization_results/analogies/gpt2_xl_attention",
            "device": "cuda",
            "rationalization_config": "config/eva_attention.json",
            "input_num_ratio": 1,
            "logfolder": "logs/analogies/gpt2_xl_attention",
            "loglevel": 20
        },
        "time_elapsed": 0.033159732818603516
    }
}