{
    "$schema": "../docs/rationalization.schema.json",
    "id": 33,
    "input-text": [
        "When",
        " my",
        " flight",
        " landed",
        " in",
        " Australia",
        ",",
        " I",
        " converted",
        " my",
        " currency",
        " and",
        " slowly",
        " fell",
        " asleep",
        ".",
        " (",
        "I",
        " was",
        " behind",
        " on",
        " a",
        " couple",
        " of",
        " assignments",
        ",",
        " but",
        " I",
        " tried",
        " not",
        " to",
        " think",
        " about",
        " them",
        ").",
        " I",
        " was",
        " staying",
        " in",
        " the",
        " capital",
        ","
    ],
    "input-tokens": [
        2215,
        616,
        5474,
        11406,
        287,
        4505,
        11,
        314,
        11513,
        616,
        7395,
        290,
        6364,
        3214,
        16039,
        13,
        357,
        40,
        373,
        2157,
        319,
        257,
        3155,
        286,
        25815,
        11,
        475,
        314,
        3088,
        407,
        284,
        892,
        546,
        606,
        737,
        314,
        373,
        10589,
        287,
        262,
        3139,
        11
    ],
    "target-text": " Canberra",
    "target-token": 33452,
    "rational-size": 5,
    "rational-positions": [
        0,
        40,
        41,
        34,
        5
    ],
    "rational-text": [
        "When",
        " capital",
        ",",
        ").",
        " Australia"
    ],
    "rational-tokens": [
        2215,
        3139,
        11,
        737,
        4505
    ],
    "importance-scores": [
        0.0381522998213768,
        0.023371679708361626,
        0.02333937957882881,
        0.02330721914768219,
        0.023424319922924042,
        0.02387319505214691,
        0.023494062945246696,
        0.0233524851500988,
        0.023291483521461487,
        0.023283613845705986,
        0.023307619616389275,
        0.02335844561457634,
        0.023273853585124016,
        0.023260854184627533,
        0.023298120126128197,
        0.023675572127103806,
        0.023343374952673912,
        0.02328524924814701,
        0.0232841856777668,
        0.023270582780241966,
        0.023257918655872345,
        0.023272143676877022,
        0.023251973092556,
        0.023245539516210556,
        0.02333027310669422,
        0.023418057709932327,
        0.023330476135015488,
        0.023276900872588158,
        0.023262513801455498,
        0.023261163383722305,
        0.023263253271579742,
        0.023258095607161522,
        0.023260824382305145,
        0.02326219156384468,
        0.02388830855488777,
        0.023531349375844002,
        0.023586662486195564,
        0.02375483140349388,
        0.023730143904685974,
        0.023663168773055077,
        0.025018397718667984,
        0.02462819032371044
    ],
    "comments": {
        "created-by": "run_analogies.py",
        "args": {
            "model": "gpt2-xl",
            "cache_dir": "./cache/",
            "tokenizer": "gpt2-xl",
            "data_dir": "data/analogies/gpt2_xl/",
            "importance_results_dir": "rationalization_results/analogies/gpt2_xl_attention",
            "device": "cuda",
            "rationalization_config": "config/eva_attention.json",
            "input_num_ratio": 1,
            "logfolder": "logs/analogies/gpt2_xl_attention",
            "loglevel": 20
        },
        "time_elapsed": 0.03277778625488281
    }
}