{
    "$schema": "../docs/rationalization.schema.json",
    "id": 37,
    "input-text": [
        "When",
        " my",
        " flight",
        " landed",
        " in",
        " Cuba",
        ",",
        " I",
        " converted",
        " my",
        " currency",
        " and",
        " slowly",
        " fell",
        " asleep",
        ".",
        " (",
        "I",
        " was",
        " behind",
        " on",
        " a",
        " couple",
        " of",
        " assignments",
        ",",
        " but",
        " I",
        " tried",
        " not",
        " to",
        " think",
        " about",
        " them",
        ").",
        " I",
        " was",
        " staying",
        " in",
        " the",
        " capital",
        ","
    ],
    "input-tokens": [
        2215,
        616,
        5474,
        11406,
        287,
        14159,
        11,
        314,
        11513,
        616,
        7395,
        290,
        6364,
        3214,
        16039,
        13,
        357,
        40,
        373,
        2157,
        319,
        257,
        3155,
        286,
        25815,
        11,
        475,
        314,
        3088,
        407,
        284,
        892,
        546,
        606,
        737,
        314,
        373,
        10589,
        287,
        262,
        3139,
        11
    ],
    "target-text": " Havana",
    "target-token": 40274,
    "rational-size": 5,
    "rational-positions": [
        0,
        40,
        41,
        5,
        34
    ],
    "rational-text": [
        "When",
        " capital",
        ",",
        " Cuba",
        ")."
    ],
    "rational-tokens": [
        2215,
        3139,
        11,
        14159,
        737
    ],
    "importance-scores": [
        0.03774620592594147,
        0.02334219589829445,
        0.023320263251662254,
        0.023305419832468033,
        0.023384563624858856,
        0.024166220799088478,
        0.02349892631173134,
        0.023343412205576897,
        0.023287832736968994,
        0.023275911808013916,
        0.023305481299757957,
        0.023354576900601387,
        0.02327084168791771,
        0.02326512522995472,
        0.023299798369407654,
        0.02368633821606636,
        0.02334197796881199,
        0.023282907903194427,
        0.023271800950169563,
        0.023262489587068558,
        0.023254385218024254,
        0.02326665073633194,
        0.023252371698617935,
        0.02324441634118557,
        0.02332114987075329,
        0.023408137261867523,
        0.02332419902086258,
        0.02327647991478443,
        0.023261358961462975,
        0.02326076291501522,
        0.023261267691850662,
        0.023259028792381287,
        0.023263178765773773,
        0.02326875925064087,
        0.023895451799035072,
        0.023530954495072365,
        0.02359333448112011,
        0.0237441323697567,
        0.023787081241607666,
        0.023683901876211166,
        0.024935809895396233,
        0.024894947186112404
    ],
    "comments": {
        "created-by": "run_analogies.py",
        "args": {
            "model": "gpt2-xl",
            "cache_dir": "cache/",
            "tokenizer": "gpt2-xl",
            "data_dir": "data/analogies/gpt2_xl/",
            "importance_results_dir": "rationalization_results/analogies/gpt2_xl_attention",
            "device": "cuda",
            "rationalization_config": "config/eva_attention.json",
            "input_num_ratio": 1,
            "logfolder": "logs/analogies/gpt2_xl_attention",
            "loglevel": 20
        },
        "time_elapsed": 0.03315329551696777
    }
}