{
    "$schema": "../docs/rationalization.schema.json",
    "id": 48,
    "input-text": [
        "When",
        " my",
        " flight",
        " landed",
        " in",
        " Philippines",
        ",",
        " I",
        " converted",
        " my",
        " currency",
        " and",
        " slowly",
        " fell",
        " asleep",
        ".",
        " (",
        "I",
        " was",
        " behind",
        " on",
        " a",
        " couple",
        " of",
        " assignments",
        ",",
        " but",
        " I",
        " tried",
        " not",
        " to",
        " think",
        " about",
        " them",
        ").",
        " I",
        " was",
        " staying",
        " in",
        " the",
        " capital",
        ","
    ],
    "input-tokens": [
        2215,
        616,
        5474,
        11406,
        287,
        13316,
        11,
        314,
        11513,
        616,
        7395,
        290,
        6364,
        3214,
        16039,
        13,
        357,
        40,
        373,
        2157,
        319,
        257,
        3155,
        286,
        25815,
        11,
        475,
        314,
        3088,
        407,
        284,
        892,
        546,
        606,
        737,
        314,
        373,
        10589,
        287,
        262,
        3139,
        11
    ],
    "target-text": " Manila",
    "target-token": 31721,
    "rational-size": 5,
    "rational-positions": [
        0,
        40,
        41,
        5,
        34
    ],
    "rational-text": [
        "When",
        " capital",
        ",",
        " Philippines",
        ")."
    ],
    "rational-tokens": [
        2215,
        3139,
        11,
        13316,
        737
    ],
    "importance-scores": [
        0.03810391575098038,
        0.02334628812968731,
        0.023317856714129448,
        0.02329697087407112,
        0.02339722402393818,
        0.024136492982506752,
        0.0234997421503067,
        0.02333686873316765,
        0.023278862237930298,
        0.02327357977628708,
        0.02329811453819275,
        0.023350026458501816,
        0.023264924064278603,
        0.023255204781889915,
        0.023294558748602867,
        0.0236709825694561,
        0.023335633799433708,
        0.023275701329112053,
        0.02327151410281658,
        0.023260118439793587,
        0.023251088336110115,
        0.023265037685632706,
        0.023247836157679558,
        0.02324189431965351,
        0.023319285362958908,
        0.02340869978070259,
        0.023323511704802513,
        0.023268654942512512,
        0.023257803171873093,
        0.0232553631067276,
        0.023256735876202583,
        0.02325383760035038,
        0.023256869986653328,
        0.023263931274414062,
        0.023869693279266357,
        0.023513855412602425,
        0.02357124164700508,
        0.023722268640995026,
        0.023755446076393127,
        0.023647792637348175,
        0.024988630786538124,
        0.02479598857462406
    ],
    "comments": {
        "created-by": "run_analogies.py",
        "args": {
            "model": "gpt2-xl",
            "cache_dir": "./cache/",
            "tokenizer": "gpt2-xl",
            "data_dir": "data/analogies/gpt2_xl/",
            "importance_results_dir": "rationalization_results/analogies/gpt2_xl_attention",
            "device": "cuda",
            "rationalization_config": "config/eva_attention.json",
            "input_num_ratio": 1,
            "logfolder": "logs/analogies/gpt2_xl_attention",
            "loglevel": 20
        },
        "time_elapsed": 0.03330683708190918
    }
}