{
    "$schema": "../docs/rationalization.schema.json",
    "id": 59,
    "input-text": [
        "When",
        " my",
        " flight",
        " landed",
        " in",
        " Tunisia",
        ",",
        " I",
        " converted",
        " my",
        " currency",
        " and",
        " slowly",
        " fell",
        " asleep",
        ".",
        " (",
        "I",
        " was",
        " behind",
        " on",
        " a",
        " couple",
        " of",
        " assignments",
        ",",
        " but",
        " I",
        " tried",
        " not",
        " to",
        " think",
        " about",
        " them",
        ").",
        " I",
        " was",
        " staying",
        " in",
        " the",
        " capital",
        ","
    ],
    "input-tokens": [
        2215,
        616,
        5474,
        11406,
        287,
        33972,
        11,
        314,
        11513,
        616,
        7395,
        290,
        6364,
        3214,
        16039,
        13,
        357,
        40,
        373,
        2157,
        319,
        257,
        3155,
        286,
        25815,
        11,
        475,
        314,
        3088,
        407,
        284,
        892,
        546,
        606,
        737,
        314,
        373,
        10589,
        287,
        262,
        3139,
        11
    ],
    "target-text": " Tunis",
    "target-token": 25266,
    "rational-size": 5,
    "rational-positions": [
        0,
        40,
        41,
        5,
        34
    ],
    "rational-text": [
        "When",
        " capital",
        ",",
        " Tunisia",
        ")."
    ],
    "rational-tokens": [
        2215,
        3139,
        11,
        33972,
        737
    ],
    "importance-scores": [
        0.0379449725151062,
        0.023344213142991066,
        0.02331833355128765,
        0.023295341059565544,
        0.023389937356114388,
        0.02431528829038143,
        0.023489946499466896,
        0.023349909111857414,
        0.023286661133170128,
        0.023271512240171432,
        0.023293964564800262,
        0.02334865927696228,
        0.023265548050403595,
        0.023259012028574944,
        0.02329484187066555,
        0.02366756647825241,
        0.023347415030002594,
        0.023283151909708977,
        0.023271121084690094,
        0.023260461166501045,
        0.023251285776495934,
        0.023265307769179344,
        0.023248041048645973,
        0.02324472926557064,
        0.023317568004131317,
        0.023407358676195145,
        0.023322954773902893,
        0.023271240293979645,
        0.023258717730641365,
        0.023257870227098465,
        0.023259473964571953,
        0.02325611002743244,
        0.02325805276632309,
        0.02326502650976181,
        0.023877758532762527,
        0.023528331890702248,
        0.0235875453799963,
        0.023729318752884865,
        0.023776479065418243,
        0.023663097992539406,
        0.024902179837226868,
        0.02475370466709137
    ],
    "comments": {
        "created-by": "run_analogies.py",
        "args": {
            "model": "gpt2-xl",
            "cache_dir": "cache/",
            "tokenizer": "gpt2-xl",
            "data_dir": "data/analogies/gpt2_xl/",
            "importance_results_dir": "rationalization_results/analogies/gpt2_xl_attention",
            "device": "cuda",
            "rationalization_config": "config/eva_attention.json",
            "input_num_ratio": 1,
            "logfolder": "logs/analogies/gpt2_xl_attention",
            "loglevel": 20
        },
        "time_elapsed": 0.033075809478759766
    }
}