{
    "$schema": "../docs/rationalization.schema.json",
    "id": 63,
    "input-text": [
        "As",
        " soon",
        " as",
        " I",
        " arrived",
        " in",
        " Brazil",
        ",",
        " I",
        " checked",
        " into",
        " my",
        " hotel",
        " and",
        " took",
        " a",
        " long",
        " nap",
        ".",
        " (",
        "I",
        " had",
        " finally",
        " finished",
        " the",
        " book",
        " I",
        " was",
        " reading",
        " and",
        " it",
        " was",
        " amazing",
        ").",
        " I",
        " had",
        " to",
        " figure",
        " out",
        " the",
        " exchange",
        " rate",
        " to",
        " the",
        " local",
        " currency",
        ",",
        " which",
        " is",
        " apparently",
        " called",
        " the"
    ],
    "input-tokens": [
        1722,
        2582,
        355,
        314,
        5284,
        287,
        7595,
        11,
        314,
        10667,
        656,
        616,
        7541,
        290,
        1718,
        257,
        890,
        25422,
        13,
        357,
        40,
        550,
        3443,
        5201,
        262,
        1492,
        314,
        373,
        3555,
        290,
        340,
        373,
        4998,
        737,
        314,
        550,
        284,
        3785,
        503,
        262,
        5163,
        2494,
        284,
        262,
        1957,
        7395,
        11,
        543,
        318,
        5729,
        1444,
        262
    ],
    "target-text": " real",
    "target-token": 1103,
    "rational-size": 5,
    "rational-positions": [
        0,
        51,
        50,
        45,
        6
    ],
    "rational-text": [
        "As",
        " the",
        " called",
        " currency",
        " Brazil"
    ],
    "rational-tokens": [
        1722,
        262,
        1444,
        7395,
        7595
    ],
    "importance-scores": [
        0.03159423545002937,
        0.01886303350329399,
        0.01889123022556305,
        0.01888233609497547,
        0.018867716193199158,
        0.018895503133535385,
        0.019252918660640717,
        0.01892141066491604,
        0.018880261108279228,
        0.018863780423998833,
        0.018873140215873718,
        0.018879402428865433,
        0.018908841535449028,
        0.01889287866652012,
        0.018845191225409508,
        0.01886231079697609,
        0.0188412144780159,
        0.01886654458940029,
        0.01905815489590168,
        0.018898895010352135,
        0.018863698467612267,
        0.018849477171897888,
        0.018861984834074974,
        0.018854301422834396,
        0.01889088563621044,
        0.018900446593761444,
        0.018859779462218285,
        0.01885213889181614,
        0.018868688493967056,
        0.018885590136051178,
        0.018852364271879196,
        0.01885242387652397,
        0.018876003101468086,
        0.019091730937361717,
        0.018895143643021584,
        0.018873553723096848,
        0.018886670470237732,
        0.01889372244477272,
        0.018876120448112488,
        0.018955962732434273,
        0.019042670726776123,
        0.01908641867339611,
        0.019011257216334343,
        0.019066467881202698,
        0.0191490575671196,
        0.019389478489756584,
        0.019156387075781822,
        0.019072340801358223,
        0.01913742534816265,
        0.01918964460492134,
        0.020032009109854698,
        0.02008717507123947
    ],
    "comments": {
        "created-by": "run_analogies.py",
        "args": {
            "model": "gpt2-xl",
            "cache_dir": "cache/",
            "tokenizer": "gpt2-xl",
            "data_dir": "data/analogies/gpt2_xl/",
            "importance_results_dir": "rationalization_results/analogies/gpt2_xl_attention",
            "device": "cuda",
            "rationalization_config": "config/eva_attention.json",
            "input_num_ratio": 1,
            "logfolder": "logs/analogies/gpt2_xl_attention",
            "loglevel": 20
        },
        "time_elapsed": 0.03362321853637695
    }
}