{
    "$schema": "../docs/rationalization.schema.json",
    "id": 65,
    "input-text": [
        "As",
        " soon",
        " as",
        " I",
        " arrived",
        " in",
        " Japan",
        ",",
        " I",
        " checked",
        " into",
        " my",
        " hotel",
        " and",
        " took",
        " a",
        " long",
        " nap",
        ".",
        " (",
        "I",
        " had",
        " finally",
        " finished",
        " the",
        " book",
        " I",
        " was",
        " reading",
        " and",
        " it",
        " was",
        " amazing",
        ").",
        " I",
        " had",
        " to",
        " figure",
        " out",
        " the",
        " exchange",
        " rate",
        " to",
        " the",
        " local",
        " currency",
        ",",
        " which",
        " is",
        " apparently",
        " called",
        " the"
    ],
    "input-tokens": [
        1722,
        2582,
        355,
        314,
        5284,
        287,
        2869,
        11,
        314,
        10667,
        656,
        616,
        7541,
        290,
        1718,
        257,
        890,
        25422,
        13,
        357,
        40,
        550,
        3443,
        5201,
        262,
        1492,
        314,
        373,
        3555,
        290,
        340,
        373,
        4998,
        737,
        314,
        550,
        284,
        3785,
        503,
        262,
        5163,
        2494,
        284,
        262,
        1957,
        7395,
        11,
        543,
        318,
        5729,
        1444,
        262
    ],
    "target-text": " yen",
    "target-token": 28808,
    "rational-size": 5,
    "rational-positions": [
        0,
        51,
        50,
        45,
        49
    ],
    "rational-text": [
        "As",
        " the",
        " called",
        " currency",
        " apparently"
    ],
    "rational-tokens": [
        1722,
        262,
        1444,
        7395,
        5729
    ],
    "importance-scores": [
        0.03160702437162399,
        0.018860578536987305,
        0.018889697268605232,
        0.018883410841226578,
        0.018868163228034973,
        0.018895942717790604,
        0.01916068233549595,
        0.018924638628959656,
        0.018879102542996407,
        0.018867159262299538,
        0.01888507790863514,
        0.018885642290115356,
        0.018918359652161598,
        0.018894996494054794,
        0.018846353515982628,
        0.018864285200834274,
        0.01884252391755581,
        0.018869614228606224,
        0.019076868891716003,
        0.018905632197856903,
        0.018864169716835022,
        0.018850231543183327,
        0.018859198316931725,
        0.01885492540895939,
        0.018899809569120407,
        0.018911242485046387,
        0.01886207051575184,
        0.01885739527642727,
        0.018870120868086815,
        0.01888684742152691,
        0.018854964524507523,
        0.01885371096432209,
        0.018877362832427025,
        0.01910536363720894,
        0.018895667046308517,
        0.018875092267990112,
        0.018884332850575447,
        0.01889386959373951,
        0.018877172842621803,
        0.018965914845466614,
        0.01905210129916668,
        0.01909978687763214,
        0.019006691873073578,
        0.0190585944801569,
        0.019175199791789055,
        0.019385619089007378,
        0.019133545458316803,
        0.01907026767730713,
        0.019118718802928925,
        0.019187867641448975,
        0.020038403570652008,
        0.0200479906052351
    ],
    "comments": {
        "created-by": "run_analogies.py",
        "args": {
            "model": "gpt2-xl",
            "cache_dir": "cache/",
            "tokenizer": "gpt2-xl",
            "data_dir": "data/analogies/gpt2_xl/",
            "importance_results_dir": "rationalization_results/analogies/gpt2_xl_attention",
            "device": "cuda",
            "rationalization_config": "config/eva_attention.json",
            "input_num_ratio": 1,
            "logfolder": "logs/analogies/gpt2_xl_attention",
            "loglevel": 20
        },
        "time_elapsed": 0.03326296806335449
    }
}