{
    "$schema": "../docs/rationalization.schema.json",
    "id": 67,
    "input-text": [
        "As",
        " soon",
        " as",
        " I",
        " arrived",
        " in",
        " Pennsylvania",
        ",",
        " I",
        " checked",
        " into",
        " my",
        " hotel",
        " and",
        " watched",
        " a",
        " movie",
        " before",
        " falling",
        " asleep",
        ".",
        " (",
        "I",
        " had",
        " a",
        " great",
        " call",
        " with",
        " my",
        " husband",
        ",",
        " although",
        " I",
        " wish",
        " it",
        " were",
        " longer",
        ").",
        " I",
        " was",
        " staying",
        " in",
        " my",
        " favorite",
        " city",
        ","
    ],
    "input-tokens": [
        1722,
        2582,
        355,
        314,
        5284,
        287,
        9589,
        11,
        314,
        10667,
        656,
        616,
        7541,
        290,
        7342,
        257,
        3807,
        878,
        7463,
        16039,
        13,
        357,
        40,
        550,
        257,
        1049,
        869,
        351,
        616,
        5229,
        11,
        3584,
        314,
        4601,
        340,
        547,
        2392,
        737,
        314,
        373,
        10589,
        287,
        616,
        4004,
        1748,
        11
    ],
    "target-text": " Philadelphia",
    "target-token": 8857,
    "rational-size": 5,
    "rational-positions": [
        0,
        45,
        44,
        43,
        6
    ],
    "rational-text": [
        "As",
        ",",
        " city",
        " favorite",
        " Pennsylvania"
    ],
    "rational-tokens": [
        1722,
        11,
        1748,
        4004,
        9589
    ],
    "importance-scores": [
        0.032933127135038376,
        0.021294038742780685,
        0.02133641391992569,
        0.02133682183921337,
        0.02133158966898918,
        0.021425005048513412,
        0.02196182869374752,
        0.021508438512682915,
        0.02139439433813095,
        0.021318567916750908,
        0.02136223204433918,
        0.021338671445846558,
        0.02139544114470482,
        0.02140524610877037,
        0.021335918456315994,
        0.02133794128894806,
        0.021355321630835533,
        0.02133551798760891,
        0.02130514569580555,
        0.021318409591913223,
        0.021769357845187187,
        0.021401848644018173,
        0.021335508674383163,
        0.02131662704050541,
        0.021309848874807358,
        0.02130323275923729,
        0.02131584659218788,
        0.021355310454964638,
        0.021329913288354874,
        0.021356655284762383,
        0.021444382146000862,
        0.02140357531607151,
        0.021313060075044632,
        0.021303251385688782,
        0.021290790289640427,
        0.021292956545948982,
        0.021298376843333244,
        0.02193973958492279,
        0.021610518917441368,
        0.021621616557240486,
        0.021681368350982666,
        0.021706443279981613,
        0.021579697728157043,
        0.022034168243408203,
        0.02260010316967964,
        0.02275572158396244
    ],
    "comments": {
        "created-by": "run_analogies.py",
        "args": {
            "model": "gpt2-xl",
            "cache_dir": "./cache/",
            "tokenizer": "gpt2-xl",
            "data_dir": "data/analogies/gpt2_xl/",
            "importance_results_dir": "rationalization_results/analogies/gpt2_xl_attention",
            "device": "cuda",
            "rationalization_config": "config/eva_attention.json",
            "input_num_ratio": 1,
            "logfolder": "logs/analogies/gpt2_xl_attention",
            "loglevel": 20
        },
        "time_elapsed": 0.036875247955322266
    }
}