{
    "$schema": "../docs/rationalization.schema.json",
    "id": 82,
    "input-text": [
        "I",
        " initially",
        " invited",
        " my",
        " father",
        ",",
        " who",
        " gladly",
        " accepted",
        " my",
        " invitation",
        ".",
        " (",
        "My",
        " favorite",
        " song",
        " just",
        " came",
        " on",
        ",",
        " so",
        " I",
        " was",
        " able",
        " to",
        " relax",
        ").",
        " When",
        " I",
        " learned",
        " that",
        " women",
        " were",
        " allowed",
        ",",
        " I",
        " went",
        " ahead",
        " and",
        " also",
        " invited",
        " my"
    ],
    "input-tokens": [
        40,
        7317,
        9392,
        616,
        2988,
        11,
        508,
        35092,
        6292,
        616,
        17023,
        13,
        357,
        3666,
        4004,
        3496,
        655,
        1625,
        319,
        11,
        523,
        314,
        373,
        1498,
        284,
        8960,
        737,
        1649,
        314,
        4499,
        326,
        1466,
        547,
        3142,
        11,
        314,
        1816,
        4058,
        290,
        635,
        9392,
        616
    ],
    "target-text": " mother",
    "target-token": 2802,
    "rational-size": 5,
    "rational-positions": [
        0,
        40,
        41,
        4,
        31
    ],
    "rational-text": [
        "I",
        " invited",
        " my",
        " father",
        " women"
    ],
    "rational-tokens": [
        40,
        9392,
        616,
        2988,
        1466
    ],
    "importance-scores": [
        0.037127234041690826,
        0.023368019610643387,
        0.02341030165553093,
        0.023582376539707184,
        0.023943863809108734,
        0.023521076887845993,
        0.02336391992866993,
        0.023306729272007942,
        0.023281168192625046,
        0.023389847949147224,
        0.023333905264735222,
        0.023724017664790154,
        0.02333049103617668,
        0.023424971848726273,
        0.02334887534379959,
        0.023307478055357933,
        0.023250842466950417,
        0.023242995142936707,
        0.023255372419953346,
        0.023285485804080963,
        0.023263394832611084,
        0.023300684988498688,
        0.02326725237071514,
        0.023254984989762306,
        0.02328975312411785,
        0.023298393934965134,
        0.023744801059365273,
        0.023379791527986526,
        0.023444542661309242,
        0.023365655913949013,
        0.023410161957144737,
        0.023854414001107216,
        0.02343030273914337,
        0.02343604527413845,
        0.023444026708602905,
        0.023639844730496407,
        0.023476365953683853,
        0.023434987291693687,
        0.023647624999284744,
        0.023755207657814026,
        0.02461499348282814,
        0.024447817355394363
    ],
    "comments": {
        "created-by": "run_analogies.py",
        "args": {
            "model": "gpt2-xl",
            "cache_dir": "./cache/",
            "tokenizer": "gpt2-xl",
            "data_dir": "data/analogies/gpt2_xl/",
            "importance_results_dir": "rationalization_results/analogies/gpt2_xl_attention",
            "device": "cuda",
            "rationalization_config": "config/eva_attention.json",
            "input_num_ratio": 1,
            "logfolder": "logs/analogies/gpt2_xl_attention",
            "loglevel": 20
        },
        "time_elapsed": 0.0374295711517334
    }
}