{
    "$schema": "../docs/rationalization.schema.json",
    "id": 85,
    "input-text": [
        "I",
        " initially",
        " invited",
        " my",
        " sons",
        ",",
        " who",
        " gladly",
        " accepted",
        " my",
        " invitation",
        ".",
        " (",
        "My",
        " favorite",
        " song",
        " just",
        " came",
        " on",
        ",",
        " so",
        " I",
        " was",
        " able",
        " to",
        " relax",
        ").",
        " When",
        " I",
        " learned",
        " that",
        " women",
        " were",
        " allowed",
        ",",
        " I",
        " went",
        " ahead",
        " and",
        " also",
        " invited",
        " my"
    ],
    "input-tokens": [
        40,
        7317,
        9392,
        616,
        11989,
        11,
        508,
        35092,
        6292,
        616,
        17023,
        13,
        357,
        3666,
        4004,
        3496,
        655,
        1625,
        319,
        11,
        523,
        314,
        373,
        1498,
        284,
        8960,
        737,
        1649,
        314,
        4499,
        326,
        1466,
        547,
        3142,
        11,
        314,
        1816,
        4058,
        290,
        635,
        9392,
        616
    ],
    "target-text": " daughters",
    "target-token": 14850,
    "rational-size": 5,
    "rational-positions": [
        0,
        40,
        41,
        4,
        31
    ],
    "rational-text": [
        "I",
        " invited",
        " my",
        " sons",
        " women"
    ],
    "rational-tokens": [
        40,
        9392,
        616,
        11989,
        1466
    ],
    "importance-scores": [
        0.037183284759521484,
        0.023373572155833244,
        0.023410139605402946,
        0.02357342466711998,
        0.024085048586130142,
        0.023527108132839203,
        0.023366181179881096,
        0.023313326761126518,
        0.023286253213882446,
        0.023382898420095444,
        0.023327792063355446,
        0.023705996572971344,
        0.023333748802542686,
        0.0234422218054533,
        0.02336231619119644,
        0.023304352536797523,
        0.023248473182320595,
        0.02324390411376953,
        0.023253193125128746,
        0.02328101173043251,
        0.023262271657586098,
        0.023298311978578568,
        0.02326524257659912,
        0.023256905376911163,
        0.023290354758501053,
        0.023297321051359177,
        0.023729832842946053,
        0.02337970770895481,
        0.02343090996146202,
        0.023364366963505745,
        0.023416759446263313,
        0.02379109337925911,
        0.02342187985777855,
        0.0234373789280653,
        0.023444300517439842,
        0.023624122142791748,
        0.023467902094125748,
        0.023434186354279518,
        0.023645341396331787,
        0.023759201169013977,
        0.02457123063504696,
        0.024407118558883667
    ],
    "comments": {
        "created-by": "run_analogies.py",
        "args": {
            "model": "gpt2-xl",
            "cache_dir": "cache/",
            "tokenizer": "gpt2-xl",
            "data_dir": "data/analogies/gpt2_xl/",
            "importance_results_dir": "rationalization_results/analogies/gpt2_xl_attention",
            "device": "cuda",
            "rationalization_config": "config/eva_attention.json",
            "input_num_ratio": 1,
            "logfolder": "logs/analogies/gpt2_xl_attention",
            "loglevel": 20
        },
        "time_elapsed": 0.03318428993225098
    }
}