{
    "$schema": "../docs/rationalization.schema.json",
    "id": 9,
    "input-text": [
        "When",
        " my",
        " flight",
        " landed",
        " in",
        " Finland",
        ",",
        " I",
        " converted",
        " my",
        " currency",
        " and",
        " slowly",
        " fell",
        " asleep",
        ".",
        " (",
        "I",
        " had",
        " a",
        " terrifying",
        " dream",
        " about",
        " my",
        " grandmother",
        ",",
        " but",
        " that",
        "'s",
        " a",
        " story",
        " for",
        " another",
        " time",
        ").",
        " I",
        " was",
        " staying",
        " in",
        " the",
        " capital",
        ","
    ],
    "input-tokens": [
        2215,
        616,
        5474,
        11406,
        287,
        17837,
        11,
        314,
        11513,
        616,
        7395,
        290,
        6364,
        3214,
        16039,
        13,
        357,
        40,
        550,
        257,
        17623,
        4320,
        546,
        616,
        18410,
        11,
        475,
        326,
        338,
        257,
        1621,
        329,
        1194,
        640,
        737,
        314,
        373,
        10589,
        287,
        262,
        3139,
        11
    ],
    "target-text": " Helsinki",
    "target-token": 47688,
    "rational-size": 5,
    "rational-positions": [
        0,
        40,
        41,
        5,
        34
    ],
    "rational-text": [
        "When",
        " capital",
        ",",
        " Finland",
        ")."
    ],
    "rational-tokens": [
        2215,
        3139,
        11,
        17837,
        737
    ],
    "importance-scores": [
        0.03829777240753174,
        0.02334187924861908,
        0.023312987759709358,
        0.023293105885386467,
        0.023392047733068466,
        0.024101149290800095,
        0.023488719016313553,
        0.023343637585639954,
        0.023278530687093735,
        0.023272326216101646,
        0.023288389667868614,
        0.023345086723566055,
        0.023262908682227135,
        0.02325509302318096,
        0.02328142710030079,
        0.023664768785238266,
        0.02332557924091816,
        0.023269811645150185,
        0.023251855745911598,
        0.02325868420302868,
        0.023273244500160217,
        0.023259850218892097,
        0.023262925446033478,
        0.023255331441760063,
        0.023273231461644173,
        0.023366451263427734,
        0.02330094389617443,
        0.023255467414855957,
        0.023252088576555252,
        0.023247377946972847,
        0.02326136641204357,
        0.023257305845618248,
        0.023255782201886177,
        0.023253317922353745,
        0.023838724941015244,
        0.023525338619947433,
        0.023568367585539818,
        0.02372799813747406,
        0.023718656972050667,
        0.02366383746266365,
        0.02503473311662674,
        0.024821963161230087
    ],
    "comments": {
        "created-by": "run_analogies.py",
        "args": {
            "model": "gpt2-xl",
            "cache_dir": "./cache/",
            "tokenizer": "gpt2-xl",
            "data_dir": "data/analogies/gpt2_xl/",
            "importance_results_dir": "rationalization_results/analogies/gpt2_xl_attention",
            "device": "cuda",
            "rationalization_config": "config/eva_attention.json",
            "input_num_ratio": 1,
            "logfolder": "logs/analogies/gpt2_xl_attention",
            "loglevel": 20
        },
        "time_elapsed": 0.03255200386047363
    }
}