{
    "$schema": "../docs/rationalization.schema.json",
    "id": 93,
    "input-text": [
        "I",
        " knew",
        " it",
        " was",
        " easy",
        ",",
        " but",
        " that",
        "'s",
        " before",
        " I",
        " saw",
        " it",
        " in",
        " person",
        ".",
        " (",
        "Just",
        " then",
        " I",
        " thought",
        " about",
        " my",
        " ex",
        "-",
        "wife",
        ",",
        " but",
        " I",
        " had",
        " to",
        " stop",
        " thinking",
        " about",
        " her",
        ").",
        " When",
        " I",
        " did",
        " end",
        " up",
        " seeing",
        " it",
        " in",
        " person",
        ",",
        " it",
        " was",
        " even"
    ],
    "input-tokens": [
        40,
        2993,
        340,
        373,
        2562,
        11,
        475,
        326,
        338,
        878,
        314,
        2497,
        340,
        287,
        1048,
        13,
        357,
        5703,
        788,
        314,
        1807,
        546,
        616,
        409,
        12,
        22095,
        11,
        475,
        314,
        550,
        284,
        2245,
        3612,
        546,
        607,
        737,
        1649,
        314,
        750,
        886,
        510,
        4379,
        340,
        287,
        1048,
        11,
        340,
        373,
        772
    ],
    "target-text": " easier",
    "target-token": 4577,
    "rational-size": 5,
    "rational-positions": [
        0,
        47,
        48,
        46,
        45
    ],
    "rational-text": [
        "I",
        " was",
        " even",
        " it",
        ","
    ],
    "rational-tokens": [
        40,
        373,
        772,
        340,
        11
    ],
    "importance-scores": [
        0.03306199610233307,
        0.020089080557227135,
        0.02006533555686474,
        0.020077625289559364,
        0.020461415871977806,
        0.020195314660668373,
        0.020084291696548462,
        0.020049823448061943,
        0.02003435231745243,
        0.02009243704378605,
        0.020034564658999443,
        0.020045986399054527,
        0.020080532878637314,
        0.02007221430540085,
        0.020101893693208694,
        0.020381417125463486,
        0.020074764266610146,
        0.020023377612233162,
        0.020027032122015953,
        0.020022159442305565,
        0.020011048763990402,
        0.02002706751227379,
        0.02004065550863743,
        0.020025450736284256,
        0.020007601007819176,
        0.020031439140439034,
        0.020034706220030785,
        0.020047245547175407,
        0.020018691197037697,
        0.020013874396681786,
        0.02004406414926052,
        0.020021675154566765,
        0.02002093382179737,
        0.020010698586702347,
        0.020002495497465134,
        0.020438749343156815,
        0.020237034186720848,
        0.02012058161199093,
        0.020088300108909607,
        0.02009672112762928,
        0.020153123885393143,
        0.02018629014492035,
        0.020294008776545525,
        0.02016102522611618,
        0.020198175683617592,
        0.020496021956205368,
        0.02056843787431717,
        0.020853191614151,
        0.020675040781497955
    ],
    "comments": {
        "created-by": "run_analogies.py",
        "args": {
            "model": "gpt2-xl",
            "cache_dir": "cache/",
            "tokenizer": "gpt2-xl",
            "data_dir": "data/analogies/gpt2_xl/",
            "importance_results_dir": "rationalization_results/analogies/gpt2_xl_attention",
            "device": "cuda",
            "rationalization_config": "config/eva_attention.json",
            "input_num_ratio": 1,
            "logfolder": "logs/analogies/gpt2_xl_attention",
            "loglevel": 20
        },
        "time_elapsed": 0.03342890739440918
    }
}