suff,comp,random_suff,random_comp
0.5626962767018782,1.0060986797370404,0.057281245187492696,0.9205992566670538
