suff,comp,random_suff,random_comp
0.0024775946665369537,0.01090489318806444,0.0031060075234838613,0.009327435839154335
