suff,comp,random_suff,random_comp
0.26547161386509655,0.9987981632328596,0.015032049986248956,0.6694391734005477
