suff,comp,random_suff,random_comp
0.11072604562327404,0.998032226599846,0.015773806233993992,0.5742218745882286
