suff,comp,random_suff,random_comp
0.33769522471293784,1.0367003373444366,0.026765406673359294,0.8429161730260022
