suff,comp,random_suff,random_comp
0.07545582709507391,0.9442861105089637,0.006486713071278032,0.3598096180992426
