suff,comp,random_suff,random_comp
0.006278862542386809,0.00012566663261860762,0.006231203440438944,0.0001377990735033123
