suff,comp,random_suff,random_comp
0.008905796973130046,0.7113401058784941,0.006783358180700713,0.19817471911210954
