suff,comp,random_suff,random_comp
0.3805103973326501,1.0485802104896784,0.042494863107612864,0.9253666552314255
