suff,comp,random_suff,random_comp
0.33769522471293784,1.0367003373444366,0.020776945925698245,0.8500573445815196
