suff,comp,random_suff,random_comp
0.26547161386509655,0.9987981632328596,0.013720321509399702,0.6371066875404174
