suff,comp,random_suff,random_comp
0.008905796973130046,0.7113401058784941,0.005472379884651302,0.2048691119399592
