suff,comp,random_suff,random_comp
0.0018243663971850136,0.010127033079362042,0.0016697242420457732,0.009541562239693603
