suff,comp,random_suff,random_comp
0.07545582709507391,0.9442861105089637,0.0096459413352136,0.40039692248455544
