,FAs,Soft Suff
0,Input X Gradient,-0.6484579308246544
1,Integrated Gradients,-0.512672655875117
2,Gradient Shap,-0.39796136032382906
3,Attention Rollout,-0.08027304825430859
4,Attention Last,0.16975700887359665
5,Attention,-0.033768363941122335
6,Ours,0.4916621171169207
