target_pos,target_token,norm_suff,random_suff,norm_comp,random_comp
45,」,0.005006740335375071,0.005603394936770201,0.010002769529819489,0.008066467009484768
47,「,0.0021987028885632753,0.014194146730005741,0.014655156061053276,0.023323506116867065
49,…,0.0038823974318802357,0.002435800852254033,0.006852470804005861,0.005056082736700773
51, was,0.0,0.0036238515749573708,0.005429564975202084,0.006322863046079874
53, boy,0.005263321567326784,0.005224613938480616,0.0048982189036905766,0.007653394713997841
