norm_suff_mean,random_suff_mean,norm_comp_mean,random_comp_mean,final suff,final comp,target_tokens
0.0032702323514968157,0.006216361653059721,0.008367636241018772,0.010084462352097034,0.5260685682296753,3.083714246749878,」$「$…$ was$ boy
