norm_suff_mean,random_suff_mean,norm_comp_mean,random_comp_mean,final suff,final comp,target_tokens
0.0026680913288146257,0.006048127543181181,0.009372401982545853,0.009303049184381962,0.44114336371421814,3.4867806434631348, Because$ was$ good$.$ was
