target_pos,target_token,norm_suff,random_suff,norm_comp,random_comp
50, ,0.002026655012741685,0.004040761385113001,0.022110048681497574,0.005350368097424507
52, I,0.0,0.0037902649492025375,0.00505888881161809,0.0031038508750498295
54, happy,0.01572459004819393,0.007438492961227894,0.05789446085691452,0.006174012087285519
56, I,0.32348278164863586,0.004948798101395369,0.010707776993513107,0.006928642280399799
58, happy,0.21308483183383942,0.0214663315564394,0.7746163606643677,0.0053800917230546474
