norm_suff_mean,random_suff_mean,norm_comp_mean,random_comp_mean,final suff,final comp,target_tokens
0.11086378246545792,0.0083369305357337,0.17407751083374023,0.005387393292039633,13.297913551330566,0.04859470948576927, $ I$ happy$ I$ happy
