target_pos,target_token,norm_suff,random_suff,norm_comp,random_comp
76, ,0.03530299663543701,0.0,0.01454669889062643,0.005118675995618105
78, don,0.0,0.004064849577844143,0.002889969851821661,0.0027520847506821156
80, know,0.0,0.0,0.0023367840331047773,0.0029099516104906797
82, I,0.0024150293320417404,0.0,0.0031698523089289665,0.0031898925080895424
84, I,0.023908525705337524,0.0012471434893086553,0.002989985980093479,0.0021245842799544334
