norm_suff_mean,random_suff_mean,norm_comp_mean,random_comp_mean,final suff,final comp,target_tokens
0.012325311079621315,0.0010623986599966884,0.005186658352613449,0.00321903801523149,11.601399421691895,0.26117295026779175, $ don$ know$ I$ I
