target_pos,target_token,norm_suff,random_suff,norm_comp,random_comp
52, ,0.27360397577285767,0.0017695884453132749,0.9730662107467651,0.00877494178712368
54, didn,4.730828004539944e-05,0.0,0.004001472610980272,0.007469106465578079
56, know,0.0,0.0019299732521176338,0.05056292191147804,0.011899055913090706
58, She,0.09630678594112396,0.0,0.009265763685107231,0.00467637600377202
60, knew,0.1620514839887619,0.0,0.7485126256942749,0.005754308775067329
