target_pos,target_token,norm_suff,random_suff,norm_comp,random_comp
51, She,0.009732198901474476,0.0038729163352400064,0.010847117751836777,0.009090153500437737
53,'t,0.0020799769554287195,0.0009462766465730965,0.0008567363256588578,0.0003283261612523347
55,.,0.006835706066340208,0.01031502801924944,0.008618093095719814,0.006490721832960844
57, just,0.0,0.0,0.003918028902262449,0.00262553826905787
59, that,0.0003850485081784427,0.0,0.006809306796640158,0.00334809347987175
