norm_suff_mean,random_suff_mean,norm_comp_mean,random_comp_mean,final suff,final comp,target_tokens
0.10640191286802292,0.0007399123278446496,0.357081800699234,0.007714757230132818,143.80340576171875,0.07250581681728363, $ didn$ know$ She$ knew
