norm_suff_mean,random_suff_mean,norm_comp_mean,random_comp_mean,final suff,final comp,target_tokens
0.00380658614449203,0.003026844235137105,0.006209856830537319,0.004376566968858242,1.2576088905334473,1.149735450744629, She$'t$.$ just$ that
