target_pos,target_token,norm_suff,random_suff,norm_comp,random_comp
48, ,0.18621379137039185,0.004415524657815695,0.9729610681533813,0.0074534001760184765
50, she,0.33861979842185974,0.009746965020895004,0.8248286247253418,0.004080447368323803
52, going,0.1251624971628189,0.0018857305403798819,0.02255958318710327,0.007484265137463808
54, the,0.04636663943529129,0.005522863939404488,0.007005725521594286,0.006603985093533993
56, to,0.08633571863174438,0.0,0.04247662052512169,0.007523423060774803
