norm_suff_mean,random_suff_mean,norm_comp_mean,random_comp_mean,final suff,final comp,target_tokens
0.1565397083759308,0.004314217250794172,0.3739663362503052,0.006629104260355234,36.28461456298828,0.0423477478325367, $ she$ going$ the$ to
