target_pos,target_token,norm_suff,random_suff,norm_comp,random_comp
46, Because,0.007973515428602695,0.006039214786142111,0.00728744687512517,0.004472210071980953
48, was,0.0,0.0,0.009705710224807262,0.004255575127899647
50,.,0.0006769901374354959,0.000568869523704052,0.010449261404573917,0.006931183859705925
52, was,0.0055688717402517796,0.010355781763792038,0.00752777187153697,0.007404416333884001
54, of,0.006185831502079964,0.0,0.004860950168222189,0.004286311566829681
