target_pos,target_token,norm_suff,random_suff,norm_comp,random_comp
47, ,0.17820720374584198,0.0,0.9857514500617981,0.0026587711181491613
49, he,0.007552680559456348,0.0,0.005629689432680607,0.0063460823148489
51, afraid,0.015409012325108051,0.01635877601802349,0.007616549264639616,0.006956925615668297
53, what,0.0,0.0,0.00975800771266222,0.005208360496908426
55, happen,0.05070389062166214,0.0006204152014106512,0.9793344736099243,0.0017535729566588998
