norm_suff_mean,random_suff_mean,norm_comp_mean,random_comp_mean,final suff,final comp,target_tokens
0.05037456378340721,0.0033958384301513433,0.39761802554130554,0.004584742244333029,14.83420467376709,0.09101304411888123, $ he$ afraid$ what$ happen
