target_pos,target_token,norm_suff,random_suff,norm_comp,random_comp
58, ,0.0025948919355869293,0.0007802051259204745,0.008806356228888035,0.00151235016528517
60, was,0.01918954588472843,0.004631186369806528,0.22046224772930145,0.003465603105723858
62, excited,0.0,0.0038690983783453703,0.1658172607421875,0.004610412288457155
64, see,0.20202317833900452,0.00012644051457755268,0.9171200394630432,0.005033924710005522
66, finished,0.0007693942170590162,0.0,0.007810099050402641,0.006540203001350164
