norm_suff_mean,random_suff_mean,norm_comp_mean,random_comp_mean,final suff,final comp,target_tokens
0.04491540417075157,0.0018813860369846225,0.264003187417984,0.004232498817145824,23.873571395874023,0.09423267841339111, $ was$ excited$ see$ finished
