target_pos,target_token,norm_suff,random_suff,norm_comp,random_comp
52, ,0.20443055033683777,0.0035582694690674543,0.9827048182487488,0.004693075083196163
54, He,0.2611788213253021,0.010109568946063519,0.7954305410385132,0.011593647301197052
56, the,0.0,0.005973756313323975,0.062012918293476105,0.016050148755311966
58,.,0.2631790041923523,0.010345175862312317,0.49442869424819946,0.00723307253792882
60,The,0.00853558536618948,0.0010281734867021441,0.004309637937694788,0.0027297907508909702
