norm_suff_mean,random_suff_mean,norm_comp_mean,random_comp_mean,final suff,final comp,target_tokens
0.1474647969007492,0.006202988792210817,0.4677773118019104,0.008459947071969509,23.773183822631836,0.05736926570534706, $ He$ the$.$The
