target_pos,target_token,norm_suff,random_suff,norm_comp,random_comp
68, She,0.0,0.0023896093480288982,0.011106198653578758,0.004403512924909592
70, to,0.014360828325152397,0.0005653788684867322,0.00287188240326941,0.004806417040526867
72, a,0.0006131590344011784,0.010427779518067837,0.008403830230236053,0.006595934275537729
74, meal,0.013327343389391899,0.006704308092594147,0.018128404393792152,0.007559303194284439
76, her,0.0,0.0026329944375902414,0.008539965376257896,0.0025031089317053556
