target_pos,target_token,norm_suff,random_suff,norm_comp,random_comp
69, ,0.05754851922392845,0.0,0.09159775823354721,0.003429505042731762
71, wanted,0.01692817732691765,0.007795195560902357,0.004661116283386946,0.006033359561115503
73, make,0.19793933629989624,0.000984715297818184,0.9027084708213806,0.006596806459128857
75, delicious,0.00919836014509201,0.0,0.11407776176929474,0.005586405284702778
77, for,0.012582294642925262,0.0026685071643441916,0.00226978468708694,0.002842685906216502
