norm_suff_mean,random_suff_mean,norm_comp_mean,random_comp_mean,final suff,final comp,target_tokens
0.005660266149789095,0.004544014576822519,0.00981005560606718,0.005173655226826668,1.2456531524658203,0.9140303730964661, She$ to$ a$ meal$ her
