norm_suff_mean,random_suff_mean,norm_comp_mean,random_comp_mean,final suff,final comp,target_tokens
0.0588393397629261,0.0022896835580468178,0.22306297719478607,0.004897752311080694,25.697586059570312,0.08323941379785538, $ wanted$ make$ delicious$ for
