target_pos,target_token,norm_suff,random_suff,norm_comp,random_comp
63, ,0.2214852124452591,0.00011957997048739344,0.9824496507644653,0.010756981559097767
65, wanted,0.0,0.00820490624755621,0.011099891737103462,0.0053544193506240845
67, try,0.004605784080922604,0.0029602765571326017,0.055740926414728165,0.007575946860015392
69, for,0.04529479518532753,0.0015714685432612896,0.003170845564454794,0.002723941346630454
71,leading,0.07612661272287369,0.0003322143747936934,0.9742884635925293,0.003017446957528591
