target_pos,target_token,norm_suff,random_suff,norm_comp,random_comp
62, She,0.00023558293469250202,0.00304128834977746,0.009532451629638672,0.009299426339566708
64, to,0.003715920727699995,0.0,0.002371075563132763,0.002028430113568902
66, out,0.0,8.938690007198602e-05,0.0037901666946709156,0.002796676242724061
68, cheer,0.0015391645720228553,0.0,0.009089329279959202,0.004368314053863287
70,.,0.010533258318901062,0.010299338027834892,0.021468717604875565,0.009889918379485607
