norm_suff_mean,random_suff_mean,norm_comp_mean,random_comp_mean,final suff,final comp,target_tokens
0.06950248777866364,0.002637689234688878,0.4053499698638916,0.0058857472613453865,26.349763870239258,0.08468397706747055, $ wanted$ try$ for$leading
