norm_suff_mean,random_suff_mean,norm_comp_mean,random_comp_mean,final suff,final comp,target_tokens
0.0032047852873802185,0.0026860025245696306,0.00925034936517477,0.00567655311897397,1.1931430101394653,1.7712740898132324, She$ to$ out$ cheer$.
