target_pos,target_token,norm_suff,random_suff,norm_comp,random_comp
55, Because,0.0,0.0,0.00725370179861784,0.004183769226074219
57, wanted,0.004022660665214062,0.0032248017378151417,0.0048980009742081165,0.003382841357961297
59, to,0.0,0.0,0.0014791275607421994,0.0012247280683368444
61, successful,0.0,0.0,0.0061350599862635136,0.005497548263520002
63, She,0.0,0.0,0.015470974147319794,0.002773742424324155
