target_pos,target_token,norm_suff,random_suff,norm_comp,random_comp
56, ,0.1661640703678131,0.0,0.9829539060592651,0.004713254980742931
58, she,0.015998076647520065,0.0,0.003296732669696212,0.00508894631639123
60, them,0.000510046782437712,0.0,0.004595053382217884,0.002235590247437358
62, be,0.26903513073921204,0.0,0.6473307609558105,0.00245647388510406
64,.,0.017478106543421745,0.0,0.004683498293161392,0.0022224928252398968
