norm_suff_mean,random_suff_mean,norm_comp_mean,random_comp_mean,final suff,final comp,target_tokens
0.0008045321446843445,0.0006449603824876249,0.0070473733358085155,0.0034125258680433035,1.2474132776260376,4.2416276931762695, Because$ wanted$ to$ successful$ She
