target_pos,target_token,norm_suff,random_suff,norm_comp,random_comp
54, ,0.0014061110559850931,0.0068890731781721115,0.002351127564907074,0.001870992360636592
56, he,0.0054733650758862495,0.0,0.013386214151978493,0.005021279212087393
58, playing,0.015420466661453247,0.000532622158061713,0.004993626847863197,0.008980754762887955
60,jack,0.00036101823206990957,0.0003873512032441795,0.0009681335650384426,0.0018515491392463446
62, He,0.002844371134415269,0.00016394941485486925,0.004181405063718557,0.004155703820288181
