target_pos,target_token,norm_suff,random_suff,norm_comp,random_comp
53, Because,0.0006791831692680717,0.001466163550503552,0.009559051133692265,0.005510909482836723
55, was,0.0,0.0062676300294697285,0.005630055908113718,0.004574946593493223
57, black,0.0005388825084082782,0.0018981331959366798,0.037479352205991745,0.004164061974734068
59,.,0.0,0.0,0.01195384468883276,0.008582744747400284
61, was,0.0034581134095788,0.0036590478848665953,0.008589311502873898,0.005601672921329737
