norm_suff_mean,random_suff_mean,norm_comp_mean,random_comp_mean,final suff,final comp,target_tokens
0.0051010665483772755,0.001594599219970405,0.005176101811230183,0.0043760561384260654,3.1989645957946777,0.8578708171844482, $ he$ playing$jack$ He
