norm_suff_mean,random_suff_mean,norm_comp_mean,random_comp_mean,final suff,final comp,target_tokens
0.00093523581745103,0.002658194862306118,0.01464232336729765,0.005686867516487837,0.3518311679363251,6.080677509307861, Because$ was$ black$.$ was
