target_pos,target_token,norm_suff,random_suff,norm_comp,random_comp
68, ,0.0,0.002909861970692873,0.13495394587516785,0.006344545632600784
70, was,0.0,0.0016856878064572811,0.04142102226614952,0.005767958704382181
72, good,0.07650363445281982,0.00014786425163038075,0.010344529524445534,0.005991070065647364
74,ler,0.0,0.0,0.0030038508120924234,0.00033513642847537994
76, but,0.015688950195908546,0.0,0.08261192589998245,0.003047353122383356
