norm_suff_mean,random_suff_mean,norm_comp_mean,random_comp_mean,final suff,final comp,target_tokens
0.018438516184687614,0.0009486828348599374,0.05446705222129822,0.004297212697565556,19.435911178588867,0.23305632174015045, $ was$ good$ler$ but
