norm_suff_mean,random_suff_mean,norm_comp_mean,random_comp_mean,final suff,final comp,target_tokens
0.0007487951661460102,0.004095032811164856,0.013199019245803356,0.008410493843257427,0.18285450339317322,11.232035636901855," Mary$ a$ bow$,$ Steve"
