target_pos,target_token,norm_suff,random_suff,norm_comp,random_comp
56, They,0.008766641840338707,0.0023418404161930084,0.08707550913095474,0.026584142819046974
58, to,0.00103097315877676,0.0022503999061882496,0.045087289065122604,0.025655312463641167
60, it,0.00347914919257164,0.001197054865770042,0.03058972954750061,0.023248881101608276
62, a,0.0,0.0030320349615067244,0.013486519455909729,0.01779116503894329
64, way,0.0,0.001391338068060577,0.02936876192688942,0.002393096685409546
