target_pos,target_token,norm_suff,random_suff,norm_comp,random_comp
55,~~,0.0,0.0005889979656785727,0.14149968326091766,0.08216127753257751
57,She,0.003396370681002736,0.0,0.02848164364695549,0.03417735546827316
59, having,0.0,0.0,0.014656873419880867,0.013991320505738258
61, lot,0.0,0.0,0.011743788607418537,0.01163783110678196
63, fun,0.0006404132000170648,0.0,0.008771576918661594,0.013650563545525074
