norm_suff_mean,random_suff_mean,norm_comp_mean,random_comp_mean,final suff,final comp,target_tokens
0.000588875962421298,0.002207903889939189,0.04006054624915123,0.011209066025912762,0.26671266555786133,19.03468132019043, She$ a$ bit$ a$oy
