norm_suff_mean,random_suff_mean,norm_comp_mean,random_comp_mean,final suff,final comp,target_tokens
0.0008073567296378314,0.00011779959459090605,0.04103071615099907,0.031123671680688858,6.853646278381348,38.550086975097656,~~$She$ having$ lot$ fun
