target_pos,target_token,norm_suff,random_suff,norm_comp,random_comp
56, ,0.015965543687343597,0.0008526119054295123,0.05502474308013916,0.0033021140843629837
58, he,0.018693704158067703,0.0018802074482664466,0.004323078319430351,0.005922640673816204
60, a,0.017747240141034126,0.0,0.005658063106238842,0.0044480012729763985
62,.,0.31155508756637573,0.002328491071239114,0.5852336287498474,0.0071712033823132515
64, ,0.07840170711278915,0.0,0.9804897308349609,0.00034301713458262384
