norm_suff_mean,random_suff_mean,norm_comp_mean,random_comp_mean,final suff,final comp,target_tokens
0.08847265690565109,0.0010122621897608042,0.32614585757255554,0.004237395711243153,87.40093231201172,0.047894977033138275, $ he$ a$.$ 
