target_pos,target_token,norm_suff,random_suff,norm_comp,random_comp
51, ,0.15800195932388306,0.0,0.9942002296447754,0.0021993988193571568
53, she,0.05051853135228157,0.0021510659717023373,0.09712377190589905,0.0035917044151574373
55, to,0.6187373995780945,0.0021585668437182903,0.8139471411705017,0.0035371871199458838
57, her,0.0007175389328040183,0.0,0.006775975693017244,0.00435277447104454
59, walls,0.0,0.0,0.025913113728165627,0.004462996032088995
