target_pos,target_token,norm_suff,random_suff,norm_comp,random_comp
50, Because,0.005223287269473076,0.004518939647823572,0.004172761458903551,0.005028254818171263
52, wanted,0.0003054772678297013,0.0,0.011024975217878819,0.004893851466476917
54, paint,0.0011823181994259357,2.8124457458034158e-05,0.008589331991970539,0.003721464890986681
56, bedroom,0.0,0.00043913876288570464,0.007521838415414095,0.005634532310068607
58,.,0.005567834246903658,0.0,0.0051599228754639626,0.003556428477168083
