norm_suff_mean,random_suff_mean,norm_comp_mean,random_comp_mean,final suff,final comp,target_tokens
0.16559508442878723,0.0008619265863671899,0.38759204745292664,0.0036288120318204165,192.1220245361328,0.021913766860961914, $ she$ to$ her$ walls
