target_pos,target_token,norm_suff,random_suff,norm_comp,random_comp
64,~~,0.37046265602111816,0.0,1.0001095533370972,0.15358327329158783
66,"
",0.08234235644340515,0.0,0.03563059866428375,0.01655660569667816
68,Ann,0.0,0.0,0.07876437902450562,0.01824241690337658
70, a,0.37967637181282043,0.008219483308494091,0.9009570479393005,0.006395213305950165
72, happy,0.012594775296747684,0.0019544633105397224,0.5271825790405273,0.008492184802889824
