target_pos,target_token,norm_suff,random_suff,norm_comp,random_comp
63, She,0.001765652559697628,0.0005548584740608931,0.07218579202890396,0.014269436709582806
65, hungry,0.00634423503652215,0.011485564522445202,0.03776923567056656,0.010912190191447735
67, She,0.011525247246026993,0.0028748484328389168,0.03411102667450905,0.006771286949515343
69, hungry,0.022365907207131386,0.009302536956965923,0.022419264540076256,0.016367657110095024
71, she,0.03581288456916809,0.0023126332089304924,0.012635192833840847,0.003991383593529463
