norm_suff_mean,random_suff_mean,norm_comp_mean,random_comp_mean,final suff,final comp,target_tokens
0.16901524364948273,0.00203478941693902,0.5085288286209106,0.04065394029021263,83.0627670288086,0.24053415656089783,"~~$
$Ann$ a$ happy"
