target_pos,target_token,norm_suff,random_suff,norm_comp,random_comp
51, She,0.001800267375074327,0.0010169204324483871,0.008921006694436073,0.004109426401555538
53, at,0.0,0.005911015439778566,0.007762837689369917,0.006528408732265234
55, beach,0.00984287541359663,0.0,0.07431221008300781,0.01573965512216091
57, get,0.0,0.005270995665341616,0.009014944545924664,0.011213698424398899
59, from,0.004785534925758839,0.0006846615578979254,0.022832410410046577,0.0014945156872272491
