target_pos,target_token,norm_suff,random_suff,norm_comp,random_comp
52, ,0.01039802934974432,0.0013153941836208105,0.012221120297908783,0.0043222419917583466
54, was,0.010410471819341183,0.0009868355700746179,0.030848825350403786,0.010135611519217491
56, to,0.005700884386897087,0.0,0.007571788504719734,0.003705492476001382
58, her,0.0007070715073496103,0.00025282573187723756,0.008961712010204792,0.006901179440319538
60,.,0.08354824036359787,0.0,0.04602205008268356,0.013330940157175064
