norm_suff_mean,random_suff_mean,norm_comp_mean,random_comp_mean,final suff,final comp,target_tokens
0.0032857356127351522,0.00257671857252717,0.02456868253648281,0.007817140780389309,1.2751628160476685,2.3791143894195557, She$ at$ beach$ get$ from
