norm_suff_mean,random_suff_mean,norm_comp_mean,random_comp_mean,final suff,final comp,target_tokens
0.022152939811348915,0.0005110111087560654,0.021125098690390587,0.007679093163460493,43.35118865966797,0.3466399013996124, $ was$ to$ her$.
