target_pos,target_token,norm_suff,random_suff,norm_comp,random_comp
56, I,0.0026209913194179535,0.0,0.006093095522373915,0.004720256198197603
58, a,0.0010724010644480586,0.0,0.004192202351987362,0.005448872689157724
60,.,0.0014252351829782128,0.02165261283516884,0.011508644558489323,0.007454938255250454
62, didn,0.0020673845428973436,0.0,0.0055886185728013515,0.002188844373449683
64, know,0.001518002711236477,0.0016059784684330225,0.002484285971149802,0.002656714990735054
