target_pos,target_token,norm_suff,random_suff,norm_comp,random_comp
57, ,0.12904572486877441,0.0019731775391846895,0.9665931463241577,0.00394790293648839
59, was,0.0020857134368270636,0.0,0.09512975066900253,0.003555378643795848
61, a,0.00013351395318750292,0.01813177950680256,0.058940816670656204,0.004563859198242426
63,.,0.0,0.007162575144320726,0.04568595811724663,0.005270433146506548
65, didn,0.001124558737501502,0.00026632065419107676,0.0039026301819831133,0.004861028864979744
