norm_suff_mean,random_suff_mean,norm_comp_mean,random_comp_mean,final suff,final comp,target_tokens
0.026477903127670288,0.005506770219653845,0.2340504676103592,0.004439720418304205,4.808245658874512,0.1676764339208603, $ was$ a$.$ didn
