target_pos,target_token,norm_suff,random_suff,norm_comp,random_comp
49, ,0.0,0.0,0.014902684837579727,0.006721230689436197
51, he,0.0,0.0035153443459421396,0.008693981915712357,0.004308349918574095
53, getting,0.005774240475147963,0.009771729819476604,0.007980717346072197,0.006887809373438358
55, at,0.022049788385629654,0.0,0.01829368621110916,0.004671173635870218
57,.,0.01677432470023632,0.01110702846199274,0.004976604599505663,0.0037087099626660347
