norm_suff_mean,random_suff_mean,norm_comp_mean,random_comp_mean,final suff,final comp,target_tokens
0.008919671177864075,0.004878820385783911,0.010969534516334534,0.005259455181658268,1.828243374824524,0.5896467566490173, $ he$ getting$ at$.
