target_pos,target_token,norm_suff,random_suff,norm_comp,random_comp
60, ,0.1916944980621338,0.0,0.9712314605712891,0.0037425775080919266
62, he,0.0,0.0034182320814579725,0.11940523236989975,0.005062146112322807
64, a,0.0,0.004282050300389528,0.15010644495487213,0.010830272920429707
66,odes,0.00028035309514962137,0.0024963943287730217,0.26002922654151917,0.007547596003860235
68,.,0.018331103026866913,0.002167385071516037,0.11161356419324875,0.004296846222132444
