norm_suff_mean,random_suff_mean,norm_comp_mean,random_comp_mean,final suff,final comp,target_tokens
0.04206119105219841,0.002472812309861183,0.32247719168663025,0.006295888219028711,17.00945472717285,0.14968402683734894, $ he$ a$odes$.
