target_pos,target_token,norm_suff,random_suff,norm_comp,random_comp
54, ,0.009907023049890995,0.002829351695254445,0.35931169986724854,0.005150001961737871
56, Stan,0.024146875366568565,0.0009437596308998764,0.07584109902381897,0.00814400240778923
58, a,0.09638747572898865,0.0,0.11450803279876709,0.006599847227334976
60,.,0.131459042429924,0.005529302172362804,0.08607283234596252,0.005710437893867493
62,The,0.026545319706201553,0.006087799556553364,0.2100454419851303,0.008130243048071861
