norm_suff_mean,random_suff_mean,norm_comp_mean,random_comp_mean,final suff,final comp,target_tokens
0.05768914893269539,0.0030780425295233727,0.16915582120418549,0.006746906321495771,18.742155075073242,0.11695277690887451, $ Stan$ a$.$The
