target_pos,target_token,norm_suff,random_suff,norm_comp,random_comp
65, ,0.1340509057044983,0.0,0.9702317714691162,0.001644976087845862
67, they,0.043985914438962936,0.0013126233825460076,0.037125784903764725,0.0036534713581204414
69, afraid,0.009359054267406464,0.012719846330583096,0.009833396412432194,0.011408787220716476
71, the,0.37308362126350403,0.0012989870738238096,0.7887604832649231,0.005902585573494434
73,.,0.3033825755119324,0.0002495814405847341,0.7432977557182312,0.005337326321750879
