norm_suff_mean,random_suff_mean,norm_comp_mean,random_comp_mean,final suff,final comp,target_tokens
0.17277240753173828,0.0031162078958004713,0.5098498463630676,0.005589429289102554,55.44315719604492,0.03235140070319176, $ they$ afraid$ the$.
