suff,comp,random_suff,random_comp
0.04501924243785527,0.912724589402151,0.021172744891431002,0.8423348457587548
