suff,comp,random_suff,random_comp
0.0006735374767423477,0.07722206333403941,0.000998558968027858,0.029893946843244607
