suff,comp,random_suff,random_comp
0.04501924243785527,0.912724589402151,0.025235853386063177,0.8556182071073448
