suff,comp,random_suff,random_comp
0.04501924243785527,0.912724589402151,0.024351134948495428,0.8293926544650556
