suff,comp,random_suff,random_comp
0.000764039539311761,0.08515754682246614,0.000604094579260503,0.027672928086764824
