suff,comp,random_suff,random_comp
0.11364582689860259,0.8059488252853074,0.044793784689131574,0.45732255238643943
