suff,comp,random_suff,random_comp
0.11364582689860259,0.8059488252853074,0.03949411787040854,0.4373866884925939
