suff,comp,random_suff,random_comp
0.11364582689860259,0.8059488252853074,0.051852607393952845,0.4956243728734895
