suff,comp,random_suff,random_comp
0.006005730214099763,0.28973521612243647,0.0018543931535170183,0.004886945547214106
