suff,comp,random_suff,random_comp
0.11364582689860259,0.8059488252853074,0.031269385338983956,0.42890039069250707
