target_pos,target_token,norm_suff,random_suff,norm_comp,random_comp
45,"
",0.0,0.0,0.06934874504804611,0.03694072738289833
47, think,0.0006816291715949774,0.006784547120332718,0.06700523942708969,0.03508032113313675
49, was,0.0,0.0,0.041656263172626495,0.030582284554839134
51, a,0.0,0.0,0.06138557568192482,0.04074108600616455
53, bit,0.0,0.0,0.08158472180366516,0.05370854586362839
