norm_suff_mean,random_suff_mean,norm_comp_mean,random_comp_mean,final suff,final comp,target_tokens
0.00013632583431899548,0.0013569094007834792,0.06419610977172852,0.03941059112548828,0.10046789795160294,289.0911560058594,"
$ think$ was$ a$ bit"
