target_pos,target_token,norm_suff,random_suff,norm_comp,random_comp
50, Because,0.0,0.0,0.06955138593912125,0.024243367835879326
52, was,0.0,0.0,0.036097344011068344,0.06170877814292908
54,.,0.019602714106440544,0.05018299072980881,0.0957460105419159,0.0439220555126667
56,I,0.0021212950814515352,0.0,0.06756018847227097,0.07105285674333572
58, sorry,0.0,0.0100259343162179,0.03240165486931801,0.018317563459277153
