norm_suff_mean,random_suff_mean,norm_comp_mean,random_comp_mean,final suff,final comp,target_tokens
0.004344801884144545,0.012041784822940826,0.06027132272720337,0.043848928064107895,0.36081045866012573,10.092273712158203, Because$ was$.$I$ sorry
