target_pos,target_token,norm_suff,random_suff,norm_comp,random_comp
52, She,0.011873400770127773,0.0,0.0767143964767456,0.07118486613035202
54,'t,0.000514969346113503,0.0,0.041910529136657715,0.02189841866493225
56, to,0.006433612201362848,0.013490739278495312,0.03567562997341156,0.04146234318614006
58, it,0.011727160774171352,0.01801854558289051,0.046797387301921844,0.029916932806372643
60, She,0.0,0.009695269167423248,0.044210564345121384,0.06741838157176971
