norm_suff_mean,random_suff_mean,norm_comp_mean,random_comp_mean,final suff,final comp,target_tokens
0.006109828595072031,0.008240911178290844,0.04906170442700386,0.04637618735432625,0.7414020895957947,7.590423583984375, She$'t$ to$ it$ She
