target_pos,target_token,norm_suff,random_suff,norm_comp,random_comp
48, Because,0.0,0.0,0.04247944802045822,0.10096355527639389
50, was,0.0,0.0,0.030046800151467323,0.04224551469087601
52,.,0.07966072857379913,0.0475517176091671,0.09622359275817871,0.03870413824915886
54, was,0.00010352772369515151,0.0,0.0823979452252388,0.038947127759456635
56, of,0.011072846129536629,0.027365637943148613,0.06086643040180206,0.06030753254890442
