norm_suff_mean,random_suff_mean,norm_comp_mean,random_comp_mean,final suff,final comp,target_tokens
0.018167419359087944,0.014983470551669598,0.06240284442901611,0.05623357370495796,1.2124974727630615,3.0952978134155273, Because$ was$.$ was$ of
