target_pos,target_token,norm_suff,random_suff,norm_comp,random_comp
47, He,0.0,0.008977821096777916,0.05385999754071236,0.04811258614063263
49, playing,0.0,0.0,0.06517571210861206,0.05918674170970917
51,.,0.034269049763679504,0.0448884479701519,0.04509320110082626,0.06391540914773941
53, got,0.0,0.0006612089346162975,0.05468907207250595,0.062378138303756714
55, spr,0.0,0.0,0.0800611823797226,0.05361393466591835
