norm_suff_mean,random_suff_mean,norm_comp_mean,random_comp_mean,final suff,final comp,target_tokens
0.006853810045868158,0.010905495844781399,0.05977582931518555,0.057441361248493195,0.6284730434417725,8.380938529968262, He$ playing$.$ got$ spr
