target_pos,target_token,norm_suff,random_suff,norm_comp,random_comp
58, I,0.0,0.0164707750082016,0.042544156312942505,0.04403848201036453
60, to,0.009274917654693127,0.0004672853392548859,0.04621732607483864,0.053098712116479874
62, it,0.0,0.0,0.1634897142648697,0.04125020280480385
64,.,0.0,0.018956705927848816,0.06444869935512543,0.0476655587553978
66, was,0.0,0.0,0.03135193884372711,0.030076881870627403
