norm_suff_mean,random_suff_mean,norm_comp_mean,random_comp_mean,final suff,final comp,target_tokens
0.001854983507655561,0.007178953383117914,0.06961037218570709,0.0432259701192379,0.2583919167518616,23.302616119384766, I$ to$ it$.$ was
