target_pos,target_token,norm_suff,random_suff,norm_comp,random_comp
69, She,0.0,0.0,0.10647323727607727,0.028908245265483856
71, to,0.0,0.01456971000880003,0.034660156816244125,0.02202807553112507
73, a,0.0,0.0,0.11616896837949753,0.048851195722818375
75,-,0.0005937579553574324,0.0,0.012939837761223316,0.03770780563354492
77,ry,0.0025855216663330793,0.0010897465981543064,0.0054549179039895535,0.0036715720780193806
