norm_suff_mean,random_suff_mean,norm_comp_mean,random_comp_mean,final suff,final comp,target_tokens
0.0006358559476211667,0.003131891367956996,0.05513942241668701,0.028233379125595093,0.2030261754989624,44.40216064453125, She$ to$ a$-$ry
