target_pos,target_token,norm_suff,random_suff,norm_comp,random_comp
54, Because,0.0,0.0,0.03450880944728851,0.03898729756474495
56, was,0.0,0.0,0.04080947861075401,0.03720145672559738
58, good,0.0,0.0,0.05203397572040558,0.061607059091329575
60,.,0.03263884782791138,0.04719531908631325,0.03544703498482704,0.016883188858628273
62, was,0.0,0.0,0.05268542096018791,0.047264281660318375
