norm_suff_mean,random_suff_mean,norm_comp_mean,random_comp_mean,final suff,final comp,target_tokens
0.006527769844979048,0.00943906418979168,0.04309694468975067,0.04038865491747856,0.6915696263313293,6.187205791473389, Because$ was$ good$.$ was
