target_pos,target_token,norm_suff,random_suff,norm_comp,random_comp
55,	,0.0,0.0,0.31790822744369507,0.11088838428258896
57, she,0.0,0.0032957270741462708,0.12523379921913147,0.04284121096134186
59, a,0.0,0.021799586713314056,0.06582961976528168,0.05974138155579567
61,.,0.0,0.0,0.07713340222835541,0.06320776790380478
63,Why,0.0,0.0,0.18882282078266144,0.054254401475191116
