target_pos,target_token,norm_suff,random_suff,norm_comp,random_comp
44,	,0.0,0.0,0.3384180963039398,0.33401378989219666
46, she,0.0,0.0,0.0634448230266571,0.052985791116952896
48, a,0.0,0.0,0.0909719467163086,0.06771747022867203
50,.,0.0,0.028928494080901146,0.039233628660440445,0.042850933969020844
52,She,0.0,0.0,0.09038181602954865,0.07236677408218384
