target_pos,target_token,norm_suff,random_suff,norm_comp,random_comp
57,	,0.0,0.02855185978114605,0.1778668612241745,0.2583688795566559
59, was,0.013130747713148594,0.0,0.08969331532716751,0.05989788845181465
61, ball,0.0,0.0,0.1662701815366745,0.039149653166532516
63, his,0.0011351830326020718,0.004511318169534206,0.06820953637361526,0.022130025550723076
65,.,0.018974870443344116,0.03460787236690521,0.00743469875305891,0.019093947485089302
