norm_suff_mean,random_suff_mean,norm_comp_mean,random_comp_mean,final suff,final comp,target_tokens
0.0066481600515544415,0.013534210622310638,0.10189493000507355,0.07972808927297592,0.49121150374412537,11.992504119873047,	$ was$ ball$ his$.
