target_pos,target_token,norm_suff,random_suff,norm_comp,random_comp
51, Because,0.0,0.0,0.05120514705777168,0.049830541014671326
53, wanted,0.0,0.0,0.03429533541202545,0.05514901131391525
55, paint,0.0,0.000948627304751426,0.05352051928639412,0.035206858068704605
57, bedroom,0.004188045859336853,0.00033062873990274966,0.24406054615974426,0.03525272011756897
59,.,0.0,0.0639825090765953,0.04310489818453789,0.04084392264485359
