norm_suff_mean,random_suff_mean,norm_comp_mean,random_comp_mean,final suff,final comp,target_tokens
0.0008376091718673706,0.013052353635430336,0.0852372869849205,0.04325661063194275,0.06417303532361984,51.64295196533203, Because$ wanted$ paint$ bedroom$.
