target_pos,target_token,norm_suff,random_suff,norm_comp,random_comp
52, She,0.0,0.038059864193201065,0.09681830555200577,0.11759459227323532
54, at,0.0026983541902154684,0.0,0.0983281061053276,0.056249022483825684
56, beach,0.0,0.0,0.11554795503616333,0.07009664177894592
58, her,0.0,0.0,0.026360537856817245,0.03431425988674164
60,.,0.01589813455939293,0.046507012099027634,0.022910287603735924,0.15366382896900177
