norm_suff_mean,random_suff_mean,norm_comp_mean,random_comp_mean,final suff,final comp,target_tokens
0.0037192979361861944,0.01691337488591671,0.07199304550886154,0.08638366311788559,0.21990276873111725,23.225797653198242, She$ at$ beach$ her$.
