target_pos,target_token,norm_suff,random_suff,norm_comp,random_comp
57, Because,0.0,0.03185955435037613,0.04521035775542259,0.0521538220345974
59, was,0.0,0.0016897257883101702,0.02747488021850586,0.019460955634713173
61, kid,0.00431692274287343,0.0,0.04851438105106354,0.04090571403503418
63,"
",0.0,0.0,0.021088698878884315,0.024338996037840843
65,'m,0.0067106387577950954,0.0,0.038173459470272064,0.021039796993136406
