norm_suff_mean,random_suff_mean,norm_comp_mean,random_comp_mean,final suff,final comp,target_tokens
0.0022055122535675764,0.006709855981171131,0.036092352122068405,0.03157985955476761,0.32869741320610046,14.318605422973633," Because$ was$ kid$
$'m"
