target_pos,target_token,norm_suff,random_suff,norm_comp,random_comp
45,"
",0.3540990948677063,0.0,0.03533940762281418,0.028825992718338966
47,A,0.0,0.0,1.01737642288208,0.008941859006881714
49,"
",0.0,0.0,0.003989927005022764,0.005915065295994282
51,The,0.0,0.0,0.057255588471889496,0.023726394400000572
53, sent,0.11075913161039352,0.04039965197443962,0.07078635692596436,0.05854644253849983
