norm_suff_mean,random_suff_mean,norm_comp_mean,random_comp_mean,final suff,final comp,target_tokens
0.09297164529561996,0.00807993020862341,0.23694954812526703,0.025191152468323708,11.506490707397461,0.2709552049636841,"
$A$
$The$ sent"
