target_pos,target_token,norm_suff,random_suff,norm_comp,random_comp
50,"
",0.3181641399860382,0.0,0.7493064403533936,0.016479209065437317
52,A,0.0,0.025523070245981216,0.06361722201108932,0.04559142142534256
54,"
",0.0,0.0,0.00552241550758481,0.0030572982504963875
56,The,0.0,0.0,0.06809882074594498,0.009678254835307598
58, is,0.22747096419334412,0.022504432126879692,0.027985652908682823,0.022802207618951797
