norm_suff_mean,random_suff_mean,norm_comp_mean,random_comp_mean,final suff,final comp,target_tokens
0.10912702232599258,0.009605499915778637,0.1829061061143875,0.01952167972922325,11.360889434814453,0.17888951301574707,"
$A$
$The$ is"
