target_pos,target_token,norm_suff,random_suff,norm_comp,random_comp
76,"
",0.09591680020093918,0.05967898294329643,0.6788780689239502,0.03068058006465435
78,A,0.014087500981986523,0.006294979248195887,0.05022748187184334,0.005647236946970224
80,"
",0.0,0.0,0.007226090412586927,0.017773717641830444
82,I,0.029325680807232857,0.0,0.07531087845563889,0.01110217347741127
84, shopping,0.1433480829000473,0.0,0.18244390189647675,0.02852269634604454
