norm_suff_mean,random_suff_mean,norm_comp_mean,random_comp_mean,final suff,final comp,target_tokens
0.05653561279177666,0.013194791972637177,0.19881728291511536,0.01874527893960476,4.284691333770752,0.33156585693359375,"
$A$
$I$ shopping"
