target_pos,target_token,norm_suff,random_suff,norm_comp,random_comp
52, ,0.2738150358200073,0.03889858350157738,0.988278865814209,0.03709223121404648
54,She,0.017168011516332626,0.06598401814699173,0.6408204436302185,0.04080572724342346
56, drinking,0.22401262819766998,0.0,0.31851574778556824,0.02495441772043705
58, green,0.04945280775427818,0.0,0.05032258480787277,0.05380284786224365
60,.,0.033109333366155624,0.0,0.013934601098299026,0.026973707601428032
