norm_suff_mean,random_suff_mean,norm_comp_mean,random_comp_mean,final suff,final comp,target_tokens
0.11951155960559845,0.020976519212126732,0.4023744761943817,0.036725785583257675,5.697397232055664,0.30729901790618896, $She$ drinking$ green$.
