target_pos,target_token,norm_suff,random_suff,norm_comp,random_comp
48,"
",0.27846741676330566,0.018366172909736633,0.9001374840736389,0.024457957595586777
50,A,0.05163684859871864,0.0,1.0310630798339844,0.01330430619418621
52,"
",0.0,0.0357285775244236,0.012364823371171951,0.015903415158391
54,The,0.0,0.0,1.057188630104065,0.00856882892549038
56, is,0.11860715597867966,0.10198032110929489,0.05758431926369667,0.024037117138504982
