norm_suff_mean,random_suff_mean,norm_comp_mean,random_comp_mean,final suff,final comp,target_tokens
0.08974228799343109,0.031215015798807144,0.6116676926612854,0.01725432649254799,2.874971628189087,0.19226528704166412,"
$A$
$The$ is"
