target_pos,target_token,norm_suff,random_suff,norm_comp,random_comp
47,"
",0.30493345856666565,0.0,0.2966811954975128,0.022161755710840225
49,A,0.0,0.0,0.1133941113948822,0.01622101105749607
51,"
",0.0,0.0,0.8459650278091431,0.0026230684015899897
53,The,0.08281675726175308,0.0,0.04104204103350639,0.0147507069632411
55, is,0.12309063971042633,0.0,0.054520849138498306,0.022930556908249855
