target_pos,target_token,norm_suff,random_suff,norm_comp,random_comp
58,"
",0.3163258135318756,0.05653207749128342,0.9710909128189087,0.037968527525663376
60,A,0.036551471799612045,0.0016096956096589565,0.11078441888093948,0.020879337564110756
62,"
",0.0,0.0,0.044461674988269806,0.006480835843831301
64,I,0.0,0.0,1.011819839477539,0.032396137714385986
66, you,0.4451735019683838,0.0,0.4833454489707947,0.012042607180774212
