norm_suff_mean,random_suff_mean,norm_comp_mean,random_comp_mean,final suff,final comp,target_tokens
0.15961015224456787,0.011628354899585247,0.5243005156517029,0.021953489631414413,13.725944519042969,0.1375444382429123,"
$A$
$I$ you"
