target_pos,target_token,norm_suff,random_suff,norm_comp,random_comp
52,"
",0.37855634093284607,0.0,1.13418710231781,0.01270442083477974
54,A,0.014545895159244537,0.013071435503661633,0.14635486900806427,0.010735003277659416
56,"
",0.0,0.0,0.024321500211954117,0.01272925827652216
58,The,0.0,0.013089426793158054,0.03950490057468414,0.010850152000784874
60, is,0.13780546188354492,0.041057515889406204,0.029915375635027885,0.013062229380011559
