norm_suff_mean,random_suff_mean,norm_comp_mean,random_comp_mean,final suff,final comp,target_tokens
0.1061815544962883,0.013443675823509693,0.2748567759990692,0.01201621349900961,7.898252964019775,0.1131666749715805,"
$A$
$The$ is"
