target_pos,target_token,norm_suff,random_suff,norm_comp,random_comp
69,"
",0.0,0.04918057098984718,0.0871378481388092,0.034515902400016785
71,A,0.048575229942798615,0.002263525500893593,1.0319780111312866,0.02452610246837139
73,"
",0.0,0.0,0.1364986002445221,0.015270843170583248
75,The,0.0,0.009114984422922134,0.11538857221603394,0.010896466672420502
77, is,0.13789960741996765,0.02779535949230194,0.037291813641786575,0.04974784329533577
