norm_suff_mean,random_suff_mean,norm_comp_mean,random_comp_mean,final suff,final comp,target_tokens
0.037294965237379074,0.017670888453722,0.28165897727012634,0.026991432532668114,2.1105313301086426,0.723728597164154,"
$A$
$The$ is"
