target_pos,target_token,norm_suff,random_suff,norm_comp,random_comp
63,"
",0.16399462521076202,0.0,0.035186827182769775,0.03438588231801987
65,A,0.0,0.0,0.6679390072822571,0.0035710856318473816
67,"
",0.0,0.0,0.04154212027788162,0.005385406780987978
69,The,0.0599001906812191,0.011940752156078815,0.9573204517364502,0.011714122258126736
71, is,0.17665137350559235,0.05167645215988159,0.13154824078083038,0.009418850764632225
