norm_suff_mean,random_suff_mean,norm_comp_mean,random_comp_mean,final suff,final comp,target_tokens
0.08010923862457275,0.012723441235721111,0.36670732498168945,0.012895070016384125,6.296192646026611,0.1609685719013214,"
$A$
$The$ is"
