target_pos,target_token,norm_suff,random_suff,norm_comp,random_comp
56,"
",0.06261731684207916,0.08420435339212418,0.024961495772004128,0.05257273465394974
58, ,0.17440679669380188,0.0022699160035699606,0.45617738366127014,0.0606188103556633
60, ,0.020674800500273705,0.06195847690105438,0.5608392953872681,0.06384199857711792
62, ,0.1640976369380951,0.01276077888906002,0.08809119462966919,0.029694830998778343
64, ,0.020926130935549736,0.00238708290271461,0.0594722181558609,0.024638283997774124
