norm_suff_mean,random_suff_mean,norm_comp_mean,random_comp_mean,final suff,final comp,target_tokens
0.08854454010725021,0.03271612152457237,0.23790831863880157,0.046273332089185715,2.7064497470855713,0.5225995182991028,"
$ $ $ $ "
