target_pos,target_token,norm_suff,random_suff,norm_comp,random_comp
54,"
",0.5243003964424133,0.0,0.9020538330078125,0.025696517899632454
56,A,0.0,0.0,0.08436765521764755,0.023673932999372482
58,"
",0.0,0.0,0.7456216216087341,0.011359240859746933
60,The,0.007776917889714241,0.0,0.07875700294971466,0.01261706929653883
62, is,0.10419037938117981,0.0,0.03729620575904846,0.019471202045679092
