target_pos,target_token,norm_suff,random_suff,norm_comp,random_comp
68,"
",0.0,0.0,0.17747525870800018,0.042868323624134064
70,A,0.0,0.0,0.0661570280790329,0.03995461016893387
72,"
",0.0,0.05115536227822304,0.029703928157687187,0.004004785791039467
74,The,0.0,0.0,0.7928427457809448,0.009009495377540588
76, is,0.12492556124925613,0.022289995104074478,0.16696573793888092,0.009960937313735485
