norm_suff_mean,random_suff_mean,norm_comp_mean,random_comp_mean,final suff,final comp,target_tokens
0.024985112249851227,0.014689072035253048,0.24662895500659943,0.02115963026881218,1.7009320259094238,0.8468895554542542,"
$A$
$The$ is"
