target_pos,target_token,norm_suff,random_suff,norm_comp,random_comp
57,	,0.0,0.0,0.06076082959771156,0.02700626105070114
59, wanted,0.13251718878746033,0.0,0.16209855675697327,0.018561460077762604
61, announce,0.1628575474023819,0.0,0.635888397693634,0.0212165005505085
63, in,0.02997758612036705,0.0,0.035027194768190384,0.011828203685581684
65, fun,0.015678975731134415,0.0,0.5778336524963379,0.01043427549302578
