target_pos,target_token,norm_suff,random_suff,norm_comp,random_comp
55,	,0.0,0.10743016004562378,0.04185110703110695,0.023737940937280655
57,	,0.07702932506799698,0.0910821408033371,0.10687541216611862,0.2219063639640808
59,	,0.24511359632015228,0.04252026230096817,0.13594576716423035,0.0455777570605278
61,	,0.0,0.020075254142284393,0.02918059006333351,0.01871088147163391
63,	,0.05812307074666023,0.0,0.03834616020321846,0.020882058888673782
