norm_suff_mean,random_suff_mean,norm_comp_mean,random_comp_mean,final suff,final comp,target_tokens
0.0760532021522522,0.05222156271338463,0.07043980807065964,0.06616300344467163,1.4563562870025635,0.8699568510055542,	$	$	$	$	
