target_pos,target_token,norm_suff,random_suff,norm_comp,random_comp
44,"
",0.0,0.0,0.05278425291180611,0.033677373081445694
46,	,0.1609724909067154,0.0,0.6836279034614563,0.027662264183163643
48,	,0.12163156270980835,0.0,0.12294049561023712,0.029299113899469376
50,	,0.23001939058303833,0.09367961436510086,0.027168480679392815,0.019038693979382515
52,	,0.033382754772901535,0.035674069076776505,0.2834719717502594,0.0245541762560606
