norm_suff_mean,random_suff_mean,norm_comp_mean,random_comp_mean,final suff,final comp,target_tokens
0.10920124500989914,0.025870738551020622,0.2339986115694046,0.026846325024962425,4.221033096313477,0.24584266543388367,"
$	$	$	$	"
