target_pos,target_token,norm_suff,random_suff,norm_comp,random_comp
56,"
",0.0,0.0,0.05420496687293053,0.021841518580913544
58,A,0.015300869941711426,0.017223862931132317,0.03884988650679588,0.009713737294077873
60,"
",0.0,0.0,0.007450349163264036,0.0063084946013987064
62,The,0.0,0.0,0.12933550775051117,0.00843525119125843
64, is,0.2772755026817322,0.006545380223542452,0.04378512501716614,0.014287852682173252
