norm_suff_mean,random_suff_mean,norm_comp_mean,random_comp_mean,final suff,final comp,target_tokens
0.0585152767598629,0.004753848537802696,0.05472517013549805,0.012117370963096619,12.309032440185547,0.20708046853542328,"
$A$
$The$ is"
