target_pos,target_token,norm_suff,random_suff,norm_comp,random_comp
51,"
",0.0,0.0,0.6828516125679016,0.009628746658563614
53,A,0.07724987715482712,0.023263204842805862,0.2819506824016571,0.022982783615589142
55,"
",0.0,0.0,0.38876664638519287,0.00817068386822939
57,The,0.0,0.0,0.09567849338054657,0.014439607970416546
59, is,0.2346959263086319,0.0,0.04273318126797676,0.015232627280056477
