norm_suff_mean,random_suff_mean,norm_comp_mean,random_comp_mean,final suff,final comp,target_tokens
0.06238916143774986,0.004652641247957945,0.29839611053466797,0.014090890064835548,13.409407615661621,0.2258547693490982,"
$A$
$The$ is"
