target_pos,target_token,norm_suff,random_suff,norm_comp,random_comp
64,"
",0.0,0.0,0.07742870599031448,0.030895285308361053
66,	,0.16373398900032043,0.0,0.6941912174224854,0.037773746997117996
68,	,0.0,0.02666383609175682,0.15099790692329407,0.015391496010124683
70,	,0.0,0.0,0.03141957148909569,0.004996384959667921
72,	,0.004515441600233316,0.0,0.10190487653017044,0.01863192953169346
