norm_suff_mean,random_suff_mean,norm_comp_mean,random_comp_mean,final suff,final comp,target_tokens
0.03364988788962364,0.0053327674977481365,0.21118846535682678,0.021537767723202705,6.310023307800293,0.6400546431541443,"
$	$	$	$	"
