target_pos,target_token,norm_suff,random_suff,norm_comp,random_comp
52,"
",0.5345843434333801,0.0,1.0534534454345703,0.018910033628344536
54,A,0.002219310961663723,0.0024312795139849186,1.0161819458007812,0.024714874103665352
56,"
",0.0,0.0,0.5004251003265381,0.003588280873373151
58,The,0.08048009872436523,0.0,0.05472391098737717,0.012765822000801563
60, is,0.08679904043674469,0.05818737670779228,0.15134039521217346,0.01116091012954712
