norm_suff_mean,random_suff_mean,norm_comp_mean,random_comp_mean,final suff,final comp,target_tokens
0.1408165544271469,0.012123731896281242,0.5552250146865845,0.01422798354178667,11.614951133728027,0.10103914141654968,"
$A$
$The$ is"
