target_pos,target_token,norm_suff,random_suff,norm_comp,random_comp
57,"
",0.3300085961818695,0.08550617843866348,0.9128592014312744,0.13621455430984497
59,A,0.0,0.006215570494532585,0.3330930769443512,0.03729601949453354
61,"
",0.0,0.0,0.008971372619271278,0.0010906819952651858
63,I,0.03302738815546036,0.0,1.0500776767730713,0.012570886872708797
65, the,0.5254093408584595,0.0,0.8111525774002075,0.011541284620761871
