norm_suff_mean,random_suff_mean,norm_comp_mean,random_comp_mean,final suff,final comp,target_tokens
0.1776890754699707,0.018344350159168243,0.6232307553291321,0.03974268585443497,9.686310768127441,0.22366420924663544,"
$A$
$I$ the"
