target_pos,target_token,norm_suff,random_suff,norm_comp,random_comp
49,"
",0.0,0.0,0.031130922958254814,0.0247159693390131
51,A,0.0,0.0,0.0799422636628151,0.01270312536507845
53,"
",0.0,0.0,0.09039492160081863,0.015972349792718887
55,The,0.0,0.02771122008562088,0.08842023462057114,0.011821692809462547
57, helped,0.03348075598478317,0.01832873374223709,0.03992955759167671,0.01182667538523674
