norm_suff_mean,random_suff_mean,norm_comp_mean,random_comp_mean,final suff,final comp,target_tokens
0.006696151103824377,0.00920799095183611,0.06596358120441437,0.015407963655889034,0.7272108793258667,2.301017999649048,"
$A$
$The$ helped"
