target_pos,target_token,norm_suff,random_suff,norm_comp,random_comp
60,"
",0.21450690925121307,0.035634055733680725,0.5438992381095886,0.026580030098557472
62,A,0.00564577616751194,0.0,0.7082421779632568,0.05733408033847809
64,"
",0.0,0.0,0.01185501180589199,0.0037043136544525623
66,Tim,0.0,0.0,1.0666749477386475,0.03562815859913826
68, collecting,0.03695060685276985,0.0,0.1387317031621933,0.03392671421170235
