norm_suff_mean,random_suff_mean,norm_comp_mean,random_comp_mean,final suff,final comp,target_tokens
0.051420658826828,0.007126811426132917,0.49388065934181213,0.03143466264009476,7.215100288391113,0.6113235950469971,"
$A$
$Tim$ collecting"
