target_pos,target_token,norm_suff,random_suff,norm_comp,random_comp
54,"
",0.0,0.14890223741531372,0.7744914889335632,0.01600548066198826
56,A,0.02512533776462078,0.0,0.9318478107452393,0.0732603594660759
58,"
",0.0,0.0,0.25933656096458435,0.38214370608329773
60,The,0.009841354563832283,0.0,0.19270166754722595,0.025156661868095398
62, was,0.11378977447748184,0.0653836727142334,0.03081657364964485,0.023614563047885895
