norm_suff_mean,random_suff_mean,norm_comp_mean,random_comp_mean,final suff,final comp,target_tokens
0.029751291498541832,0.042857181280851364,0.4378388524055481,0.10403615236282349,0.6941961646080017,3.496861696243286,"
$A$
$The$ was"
