target_pos,target_token,norm_suff,random_suff,norm_comp,random_comp
65,"
",0.0,0.08552274852991104,0.0725499838590622,0.009844386018812656
67,A,0.0,0.0,0.250542014837265,0.012874246574938297
69,"
",0.0,0.0025290362536907196,0.005655238870531321,0.004606025293469429
71,The,0.0,0.0,0.03159747272729874,0.009386892430484295
73,arian,0.20120452344417572,0.00010278816625941545,0.44516944885253906,0.001246448839083314
