norm_suff_mean,random_suff_mean,norm_comp_mean,random_comp_mean,final suff,final comp,target_tokens
0.04024090617895126,0.017630914226174355,0.16110283136367798,0.007591600064188242,2.2824060916900635,0.18865381181240082,"
$A$
$The$arian"
