{
    "$schema": "../docs/rationalization.schema.json",
    "id": 3,
    "input-text": [
        "When",
        " my",
        " flight",
        " landed",
        " in",
        " China",
        ",",
        " I",
        " converted",
        " my",
        " currency",
        " and",
        " slowly",
        " fell",
        " asleep",
        ".",
        " (",
        "I",
        " had",
        " a",
        " terrifying",
        " dream",
        " about",
        " my",
        " grandmother",
        ",",
        " but",
        " that",
        "'s",
        " a",
        " story",
        " for",
        " another",
        " time",
        ").",
        " I",
        " was",
        " staying",
        " in",
        " the",
        " capital",
        ","
    ],
    "input-tokens": [
        2215,
        616,
        5474,
        11406,
        287,
        2807,
        11,
        314,
        11513,
        616,
        7395,
        290,
        6364,
        3214,
        16039,
        13,
        357,
        40,
        550,
        257,
        17623,
        4320,
        546,
        616,
        18410,
        11,
        475,
        326,
        338,
        257,
        1621,
        329,
        1194,
        640,
        737,
        314,
        373,
        10589,
        287,
        262,
        3139,
        11
    ],
    "target-text": " Beijing",
    "target-token": 11618,
    "rational-size": 11,
    "rational-positions": [
        0,
        1,
        2,
        3,
        5,
        36,
        37,
        38,
        39,
        40,
        41
    ],
    "rational-text": [
        "When",
        " my",
        " flight",
        " landed",
        " China",
        " was",
        " staying",
        " in",
        " the",
        " capital",
        ","
    ],
    "rational-tokens": [
        2215,
        616,
        5474,
        11406,
        2807,
        373,
        10589,
        287,
        262,
        3139,
        11
    ],
    "importance-scores": [
        3.7720312481375874e-27,
        4.5334747831891727e-29,
        2.637676614634983e-26,
        2.0289319315814283e-31,
        1.0024220306472602e-18,
        0.002752309199422598,
        5.765272669522813e-22,
        3.255588065946984e-29,
        1.8548282938348104e-23,
        7.373293554483544e-25,
        8.48818090257895e-21,
        7.42527807065317e-27,
        8.214771451267918e-27,
        2.2746495473444008e-21,
        5.2305163372353884e-20,
        5.669342373037247e-19,
        2.071891552640478e-27,
        2.1115941902740868e-36,
        3.4053732938893365e-24,
        4.461404197628393e-28,
        2.0674413910005954e-32,
        1.1839126411050145e-16,
        2.540093114730284e-28,
        1.2752257210383965e-17,
        1.0414174061545965e-23,
        5.338135656562073e-28,
        1.541950974324535e-26,
        1.5332588115599355e-33,
        4.276623442162966e-18,
        7.897553472697876e-23,
        1.3658846158501917e-26,
        5.5006673627996437e-17,
        3.5256737930746355e-25,
        2.2872695609903144e-33,
        8.751902447804293e-31,
        5.12546041281424e-26,
        0.00036772951716557145,
        0.0011824897956103086,
        0.19569745659828186,
        0.19978708028793335,
        0.6002129316329956,
        1.1829941323412974e-12
    ],
    "comments": {
        "created-by": "run_analogies.py",
        "args": {
            "model": "gpt2-xl",
            "cache_dir": "cache/",
            "tokenizer": "gpt2-xl",
            "data_dir": "data/analogies/gpt2_xl",
            "importance_results_dir": "rationalization_results/analogies/gpt2_xl_ours/top3_replace0.1_max5000_batch5",
            "device": "cuda",
            "rationalization_config": "config//top3_replace0.1_max5000_batch5.json",
            "input_num_ratio": 1.0,
            "logfolder": "logs/analogies/gpt2_xl_ours/top3_replace0.1_max5000_batch5",
            "loglevel": 20
        },
        "time_elapsed": 627.0043714046478,
        "separate_rational": [
            [
                " capital",
                " China",
                " in",
                " staying",
                " the",
                " flight",
                " was",
                " landed"
            ],
            [
                " in",
                " China",
                " staying",
                " was",
                ",",
                " capital",
                " dream",
                " for"
            ],
            [
                " capital",
                " China",
                " the",
                " in",
                "When",
                " my",
                " flight",
                " landed"
            ],
            [
                " the",
                " capital",
                " staying",
                " China",
                " in",
                ",",
                " was",
                " I"
            ],
            [
                " capital",
                "When",
                " my",
                " flight",
                " landed",
                " in",
                " China",
                ","
            ]
        ]
    }
}