target_pos,target_token,norm_suff,random_suff,norm_comp,random_comp
33, in,0.0,0.022446408867836,0.03363871946930885,0.03341102972626686
35, in,0.0,0.0764266774058342,0.043980635702610016,0.0402354821562767
37, United,0.0,0.0001980278320843354,0.0071142809465527534,0.0017520823748782277
39,.,0.017116107046604156,0.01791313663125038,0.012593556195497513,0.007544711232185364
41, is,0.012753437273204327,0.006849703378975391,0.034700363874435425,0.026736464351415634
