target_pos,target_token,norm_suff,random_suff,norm_comp,random_comp
33, in,0.0,0.027793945744633675,0.02950493060052395,0.047493983060121536
35, in,0.05098896101117134,0.048722926527261734,0.0838983878493309,0.021425919607281685
37, United,0.0,0.0019600274972617626,0.003341357223689556,0.003977382089942694
39,.,0.029567115008831024,0.0,0.03207926079630852,0.007021918427199125
41, is,0.03578942269086838,0.010623474605381489,0.03555126488208771,0.0249228086322546
