norm_suff_mean,random_suff_mean,norm_comp_mean,random_comp_mean,final suff,final comp,target_tokens
0.0059739090502262115,0.024766789749264717,0.026405511423945427,0.021935954689979553,0.24120643734931946,3.67195987701416, in$ in$ United$.$ is
