norm_suff_mean,random_suff_mean,norm_comp_mean,random_comp_mean,final suff,final comp,target_tokens
0.02326910011470318,0.017820075154304504,0.03687503933906555,0.020968401804566383,1.3057801723480225,0.9011264443397522, in$ in$ United$.$ is
