target_pos,target_token,norm_suff,random_suff,norm_comp,random_comp
17, in,0.0,0.0780198723077774,0.03213990107178688,0.022111501544713974
19,75,0.0,0.0,0.04967671260237694,0.07648774981498718
21, and,0.0,0.0,0.021566996350884438,0.017770830541849136
23, located,0.016422422602772713,0.03808193653821945,0.03289258852601051,0.024057112634181976
25, Ottawa,0.0,0.018581340089440346,0.01437287125736475,0.01951887086033821
