target_pos,target_token,norm_suff,random_suff,norm_comp,random_comp
17, in,0.0345628559589386,0.0,0.02355753257870674,0.022571643814444542
19,75,0.0,0.0,0.17176194489002228,0.012818860821425915
21, and,0.08073460310697556,0.031130565330386162,0.018207795917987823,0.02680070884525776
23, located,0.02309494838118553,0.040260907262563705,0.032259341329336166,0.018850771710276604
25, Ottawa,0.0011423317482694983,0.0,0.020868102088570595,0.016326626762747765
