norm_suff_mean,random_suff_mean,norm_comp_mean,random_comp_mean,final suff,final comp,target_tokens
0.0032844846136868,0.02693662978708744,0.03012981452047825,0.031989213079214096,0.12193376570940018,9.739492416381836, in$75$ and$ located$ Ottawa
