norm_suff_mean,random_suff_mean,norm_comp_mean,random_comp_mean,final suff,final comp,target_tokens
0.02790694870054722,0.014278294518589973,0.05333094671368599,0.019473722204566002,1.9545015096664429,0.697809100151062, in$75$ and$ located$ Ottawa
