target_pos,target_token,norm_suff,random_suff,norm_comp,random_comp
18,"
",0.0,0.06989844143390656,0.031287290155887604,0.04185745120048523
20,The,0.0,0.0,0.0902806967496872,0.12368124723434448
22, of,0.0,0.0294483732432127,0.07928844541311264,0.07936175912618637
24, moons,0.0,0.0,0.07781480997800827,0.03792686387896538
26, Miranda,0.0,0.0,0.1324027180671692,0.09410277754068375
