target_pos,target_token,norm_suff,random_suff,norm_comp,random_comp
18,"
",0.0856463611125946,0.051683831959962845,0.20475205779075623,0.07363838702440262
20,The,0.0,0.0,0.07822426408529282,0.12598244845867157
22, of,0.11353826522827148,0.004846224095672369,0.04400560259819031,0.0339156799018383
24, moons,0.0,0.03817254304885864,0.01707199215888977,0.03320177644491196
26, Miranda,0.0,0.007238047197461128,0.09712760895490646,0.18421559035778046
