norm_suff_mean,random_suff_mean,norm_comp_mean,random_comp_mean,final suff,final comp,target_tokens
0.03983692452311516,0.020388130098581314,0.08823630958795547,0.09019078314304352,1.9539272785186768,2.2639997005462646,"
$The$ of$ moons$ Miranda"
