target_pos,target_token,norm_suff,random_suff,norm_comp,random_comp
15, or,0.0,0.10858041048049927,0.07977425307035446,0.08459991216659546
17,com,0.004909377079457045,0.01692480966448784,0.19046524167060852,0.0964370146393776
19,.,0.059436626732349396,0.050535768270492554,0.02306247502565384,0.036511246114969254
21, genus,0.0,0.0,0.05864056944847107,0.0613730251789093
23,ill,0.006405031308531761,0.022308658808469772,0.006186872720718384,0.004031016957014799
