target_pos,target_token,norm_suff,random_suff,norm_comp,random_comp
15, or,0.09067083895206451,0.04763014614582062,0.05900898575782776,0.04314569756388664
17,com,0.03760991618037224,0.03424341231584549,0.11319680511951447,0.22195973992347717
19,.,0.04131483659148216,0.012083547189831734,0.020061500370502472,0.05059601739048958
21, genus,0.01138217467814684,0.0,0.04783785343170166,0.06883826851844788
23,ill,0.015358279459178448,0.0,0.005297119729220867,0.006013339385390282
