norm_suff_mean,random_suff_mean,norm_comp_mean,random_comp_mean,final suff,final comp,target_tokens
0.03926720842719078,0.01879142038524151,0.04908045008778572,0.07811061292886734,2.089634895324707,1.989207148551941, or$com$.$ genus$ill
