norm_suff_mean,random_suff_mean,norm_comp_mean,random_comp_mean,final suff,final comp,target_tokens
0.014150206930935383,0.039669930934906006,0.07162588089704514,0.05659044533967972,0.35669854283332825,3.9992663860321045, or$com$.$ genus$ill
