target_pos,target_token,norm_suff,random_suff,norm_comp,random_comp
24, or,0.02396026812493801,0.07681345194578171,0.017201410606503487,0.030742883682250977
26,.,0.04413025826215744,0.0,0.042902588844299316,0.018347080796957016
28,"
",0.15697415173053741,0.02421584539115429,0.02434087172150612,0.011269580572843552
30,ign,0.010934093035757542,0.0,0.0007876320742070675,0.002839616732671857
32, tumors,0.004254350904375315,0.004833055194467306,0.008170686662197113,0.003507207613438368
