target_pos,target_token,norm_suff,random_suff,norm_comp,random_comp
24, or,0.014148286543786526,0.0,0.06681515276432037,0.039914730936288834
26,.,0.0,0.15937812626361847,0.0279123242944479,0.020877674221992493
28,"
",0.011529328301548958,0.07641614973545074,0.013655058108270168,0.015859151259064674
30,ign,0.004327870439738035,0.006686487700790167,0.005203962791711092,0.0008169332868419588
32, tumors,0.0,0.0,0.03574486821889877,0.03735613450407982
