norm_suff_mean,random_suff_mean,norm_comp_mean,random_comp_mean,final suff,final comp,target_tokens
0.006001097150146961,0.04849615320563316,0.02986627258360386,0.022964924573898315,0.12374377995729446,3.8267877101898193," or$.$
$ign$ tumors"
