norm_suff_mean,random_suff_mean,norm_comp_mean,random_comp_mean,final suff,final comp,target_tokens
0.04805062338709831,0.021172471344470978,0.018680637702345848,0.013341273181140423,2.2694857120513916,0.2776503562927246," or$.$
$ign$ tumors"
