target_pos,target_token,norm_suff,random_suff,norm_comp,random_comp
20, and,0.13695767521858215,0.02368638850748539,0.03901626169681549,0.07137471437454224
22, pr,0.0,0.052124448120594025,0.03372569754719734,0.07402963936328888
24, of,0.04909095540642738,0.10601714998483658,0.049204424023628235,0.03747111186385155
26, Ecc,0.0,0.014190902933478355,0.06294608116149902,0.04453884810209274
28, Province,0.0018961336463689804,0.0016883545322343707,0.023133717477321625,0.012555581517517567
