target_pos,target_token,norm_suff,random_suff,norm_comp,random_comp
20, and,0.09254500269889832,0.035028163343667984,0.034128814935684204,0.025733469054102898
22, pr,0.0,0.008272206410765648,0.06064450368285179,0.07252529263496399
24, of,0.04742380604147911,0.0,0.01855216734111309,0.01924634724855423
26, Ecc,0.0,0.009012747555971146,0.11149539798498154,0.04109913483262062
28, Province,0.0013479937333613634,0.0,0.03650437667965889,0.016061214730143547
