norm_suff_mean,random_suff_mean,norm_comp_mean,random_comp_mean,final suff,final comp,target_tokens
0.028263360261917114,0.010462623089551926,0.052265048027038574,0.034933093935251236,2.701364755630493,1.2359851598739624, and$ pr$ of$ Ecc$ Province
