norm_suff_mean,random_suff_mean,norm_comp_mean,random_comp_mean,final suff,final comp,target_tokens
0.037588950246572495,0.03954144939780235,0.04160523787140846,0.0479939803481102,0.950621485710144,1.276810884475708, and$ pr$ of$ Ecc$ Province
