target_pos,target_token,norm_suff,random_suff,norm_comp,random_comp
21, (,0.04218526929616928,0.027215564623475075,0.051054324954748154,0.01763206720352173
23,",",0.02795727178454399,0.07055964320898056,0.005155353341251612,0.0032357058953493834
25, km,0.0022452257107943296,0.0,0.0460396334528923,0.038598015904426575
27, west,0.006657545454800129,0.01080720592290163,0.02104027196764946,0.04804011434316635
29, the,0.0,0.0,0.019051922485232353,0.03192880004644394
