target_pos,target_token,norm_suff,random_suff,norm_comp,random_comp
21, (,0.025679387152194977,0.02654324285686016,0.09886936843395233,0.07752781361341476
23,",",0.039087943732738495,0.01343659870326519,0.001332016778178513,0.013607153668999672
25, km,0.0,0.0037931150291115046,0.050282854586839676,0.03614385426044464
27, west,0.02192944474518299,0.004876815248280764,0.029787400737404823,0.02072649449110031
29, the,0.0,0.00021806397126056254,0.11718858778476715,0.049689892679452896
