norm_suff_mean,random_suff_mean,norm_comp_mean,random_comp_mean,final suff,final comp,target_tokens
0.017339354380965233,0.00977356731891632,0.059492047876119614,0.039539046585559845,1.7741069793701172,2.280306816101074," ($,$ km$ west$ the"
