norm_suff_mean,random_suff_mean,norm_comp_mean,random_comp_mean,final suff,final comp,target_tokens
0.015809062868356705,0.021716482937335968,0.0284682996571064,0.02788694016635418,0.7279753088951111,1.7639844417572021," ($,$ km$ west$ the"
