target_pos,target_token,norm_suff,random_suff,norm_comp,random_comp
25, by,0.028852306306362152,0.034653712064027786,0.02628530003130436,0.024117780849337578
27, B,0.003688976401463151,0.028037726879119873,0.08652342110872269,0.025617992505431175
29,en,0.012152875773608685,0.023807721212506294,0.006854305975139141,0.00681194057688117
31, Mel,0.005596180912107229,0.0017751643899828196,0.05232725292444229,0.02497708797454834
33, Wall,0.014942528679966927,0.005951997358351946,0.07718470692634583,0.02201281487941742
