target_pos,target_token,norm_suff,random_suff,norm_comp,random_comp
25, by,0.0027524360921233892,0.008400636725127697,0.027571748942136765,0.05442539602518082
27, B,0.02772747166454792,0.008733012713491917,0.03727798908948898,0.28287097811698914
29,en,0.0,0.007444546092301607,0.024482032284140587,0.005466719623655081
31, Mel,0.00018561960314400494,0.001628042315132916,0.03361029922962189,0.05198035389184952
33, Wall,0.010583649389445782,0.017268193885684013,0.3109911382198334,0.08469060063362122
