norm_suff_mean,random_suff_mean,norm_comp_mean,random_comp_mean,final suff,final comp,target_tokens
0.008249836042523384,0.008694886229932308,0.08678664267063141,0.09588681161403656,0.9488146901130676,11.622875213623047, by$ B$en$ Mel$ Wall
