norm_suff_mean,random_suff_mean,norm_comp_mean,random_comp_mean,final suff,final comp,target_tokens
0.013046572916209698,0.018845265731215477,0.049834996461868286,0.020707523450255394,0.6922997832298279,1.5872001647949219, by$ B$en$ Mel$ Wall
