target_pos,target_token,norm_suff,random_suff,norm_comp,random_comp
21, by,0.004274649079889059,0.0,0.026869503781199455,0.015311862342059612
23, American,0.0,0.005034223198890686,0.054010797291994095,0.02189994789659977
25, industry,0.010673812590539455,0.004596525803208351,0.029483892023563385,0.06630828231573105
27, It,0.00010853222920559347,0.006931882351636887,0.0406360924243927,0.03362654894590378
29, given,0.0,0.0,0.03606694936752319,0.03942384198307991
