target_pos,target_token,norm_suff,random_suff,norm_comp,random_comp
21, by,0.0005770247080363333,0.05395602807402611,0.05326275900006294,0.05834897980093956
23, American,0.0,0.007248749956488609,0.06297224760055542,0.06370171159505844
25, industry,0.0,0.000863613560795784,0.04651397094130516,0.09808201342821121
27, It,0.004078715108335018,0.003503633663058281,0.015275311656296253,0.01269043330103159
29, given,0.0026641450822353363,0.0,0.1111326590180397,0.04843607544898987
