norm_suff_mean,random_suff_mean,norm_comp_mean,random_comp_mean,final suff,final comp,target_tokens
0.0014639770379289985,0.013114404864609241,0.05783138796687126,0.056251849979162216,0.11163122206926346,38.42399597167969, by$ American$ industry$ It$ given
