norm_suff_mean,random_suff_mean,norm_comp_mean,random_comp_mean,final suff,final comp,target_tokens
0.0030113987158983946,0.0033125262707471848,0.037413448095321655,0.03531409427523613,0.9090942740440369,11.726807594299316, by$ American$ industry$ It$ given
