target_pos,target_token,norm_suff,random_suff,norm_comp,random_comp
27, The,0.0,0.0,0.035855982452631,0.025929756462574005
29,eng,0.00646599056199193,0.004832115489989519,0.03827330470085144,0.01868709735572338
31, period,0.040615856647491455,0.05104769766330719,0.06544708460569382,0.037524279206991196
33, a,0.0,0.0,0.05720076337456703,0.038556236773729324
35, of,0.0,0.0,0.006194024812430143,0.008741877041757107
