target_pos,target_token,norm_suff,random_suff,norm_comp,random_comp
27, The,0.06188146024942398,0.0,0.02445906400680542,0.03585588186979294
29,eng,0.0,0.0030995598062872887,0.00920250453054905,0.0442381426692009
31, period,0.037004463374614716,0.06193207576870918,0.2659304440021515,0.037684474140405655
33, a,0.02767000161111355,0.027214180678129196,0.018574880436062813,0.018618563190102577
35, of,0.0,0.008549042046070099,0.014402155764400959,0.012271948158740997
