norm_suff_mean,random_suff_mean,norm_comp_mean,random_comp_mean,final suff,final comp,target_tokens
0.00941636972129345,0.011175963096320629,0.040594231337308884,0.025887850672006607,0.8425555229187012,2.749238967895508, The$eng$ period$ a$ of
