norm_suff_mean,random_suff_mean,norm_comp_mean,random_comp_mean,final suff,final comp,target_tokens
0.02531118504703045,0.020158972591161728,0.06651381403207779,0.029733801260590553,1.2555791139602661,1.1747297048568726, The$eng$ period$ a$ of
