target_pos,target_token,norm_suff,random_suff,norm_comp,random_comp
17, at,0.06132904067635536,0.07260802388191223,0.024447189643979073,0.028569862246513367
19, top,0.005397076718509197,0.008638003841042519,0.02649645134806633,0.07388654351234436
21, the,0.0,0.0,0.03567208722233772,0.04342028126120567
23, social,0.0,0.0,0.08567971736192703,0.06307663023471832
25,.,0.0931372120976448,0.0,0.025790268555283546,0.007706756703555584
