target_pos,target_token,norm_suff,random_suff,norm_comp,random_comp
17, at,0.04696338623762131,0.011959710158407688,0.04117480665445328,0.04005962237715721
19, top,0.0,0.00041833968134596944,0.019773947075009346,0.042311668395996094
21, the,0.0,0.016837764531373978,0.06510530412197113,0.04352537542581558
23, social,0.01390210259705782,0.0,0.021866722032427788,0.06746430695056915
25,.,0.1368490606546402,0.14150488376617432,0.008422521874308586,0.012957852333784103
