norm_suff_mean,random_suff_mean,norm_comp_mean,random_comp_mean,final suff,final comp,target_tokens
0.03954290971159935,0.034144140779972076,0.031268663704395294,0.04126376658678055,1.1581169366836548,1.0435186624526978, at$ top$ the$ social$.
