norm_suff_mean,random_suff_mean,norm_comp_mean,random_comp_mean,final suff,final comp,target_tokens
0.03197266906499863,0.01624920591711998,0.0396171472966671,0.043332017958164215,1.9676450490951538,1.3552831411361694, at$ top$ the$ social$.
