target_pos,target_token,norm_suff,random_suff,norm_comp,random_comp
16, is,0.0018266593106091022,0.16266725957393646,0.11673402041196823,0.08571082353591919
18, species,0.017235469073057175,0.0010695828823372722,0.03306333348155022,0.038343824446201324
20, lobster,0.0,0.02416226454079151,0.09118551015853882,0.05786482244729996
22, the,0.022934336215257645,0.0,0.005010200664401054,0.004336564801633358
24, Neph,0.014552047476172447,0.03109138458967209,0.13215447962284088,0.09846042096614838
