target_pos,target_token,norm_suff,random_suff,norm_comp,random_comp
16, is,0.08418524265289307,0.11512644588947296,0.2843109965324402,0.07481203973293304
18, species,0.0,0.013175210915505886,0.029034646227955818,0.11356566101312637
20, lobster,0.0,0.0,0.05382668972015381,0.0486249215900898
22, the,0.0,0.0,0.006104570813477039,0.00489218533039093
24, Neph,0.01919625699520111,0.001536238589324057,0.09267405420541763,0.0882677212357521
