norm_suff_mean,random_suff_mean,norm_comp_mean,random_comp_mean,final suff,final comp,target_tokens
0.011309701949357986,0.04379809647798538,0.07562950998544693,0.056943293660879135,0.25822359323501587,5.03490686416626, is$ species$ lobster$ the$ Neph
