norm_suff_mean,random_suff_mean,norm_comp_mean,random_comp_mean,final suff,final comp,target_tokens
0.020676299929618835,0.02596757747232914,0.09319018572568893,0.06603250652551651,0.796235203742981,3.1936326026916504, is$ species$ lobster$ the$ Neph
