target_pos,target_token,norm_suff,random_suff,norm_comp,random_comp
12, They,0.0,0.031784962862730026,0.044417910277843475,0.06338119506835938
14, used,0.031150223687291145,0.039232589304447174,0.0762215331196785,0.0648486465215683
16, cooking,0.02200593426823616,0.06306681782007217,0.07306975871324539,0.03052319586277008
18, as,0.0,0.006343530956655741,0.030809063464403152,0.0412280410528183
20, lubric,0.02387770637869835,0.0,0.08339665085077286,0.04023090749979019
