target_pos,target_token,norm_suff,random_suff,norm_comp,random_comp
12, They,0.0068110632710158825,0.06751757115125656,0.0462312288582325,0.04837441444396973
14, used,0.011114787310361862,0.03002239763736725,0.05037630721926689,0.060635801404714584
16, cooking,0.020414263010025024,0.0,0.04192544147372246,0.05837450921535492
18, as,0.0,0.07841462641954422,0.05389990657567978,0.0364374965429306
20, lubric,0.0,0.0,0.0718931257724762,0.03244876489043236
