norm_suff_mean,random_suff_mean,norm_comp_mean,random_comp_mean,final suff,final comp,target_tokens
0.015406772494316101,0.028085578233003616,0.061582982540130615,0.04804239794611931,0.5485652685165405,3.11826491355896, They$ used$ cooking$ as$ lubric
