norm_suff_mean,random_suff_mean,norm_comp_mean,random_comp_mean,final suff,final comp,target_tokens
0.007668022997677326,0.035190921276807785,0.052865203469991684,0.04725420102477074,0.21789775788784027,6.162501335144043, They$ used$ cooking$ as$ lubric
