target_pos,target_token,norm_suff,random_suff,norm_comp,random_comp
20, until,0.049728523939847946,0.02977311611175537,0.018136071041226387,0.05761939659714699
22, French,0.0,0.0,0.030068501830101013,0.027721945196390152
24, in,0.03927614539861679,0.13804268836975098,0.04756652191281319,0.04271116852760315
26,89,0.0014173198724165559,0.0,0.017537595704197884,0.017248591408133507
28, The,0.0,0.0,0.022273343056440353,0.023180482909083366
