target_pos,target_token,norm_suff,random_suff,norm_comp,random_comp
20, until,0.008207864128053188,0.0555647574365139,0.051560722291469574,0.024552276358008385
22, French,0.0,0.0,0.043763380497694016,0.06076069921255112
24, in,0.06595530360937119,0.05226090922951698,0.016867823898792267,0.021523412317037582
26,89,0.0,0.0050713419914245605,0.029582733288407326,0.012182858772575855
28, The,0.0,0.007604584563523531,0.022537298500537872,0.02869259938597679
