norm_suff_mean,random_suff_mean,norm_comp_mean,random_comp_mean,final suff,final comp,target_tokens
0.014832633547484875,0.024100318551063538,0.03286239132285118,0.02954236976802349,0.615453839302063,1.991714358329773, until$ French$ in$89$ The
