norm_suff_mean,random_suff_mean,norm_comp_mean,random_comp_mean,final suff,final comp,target_tokens
0.018084397539496422,0.03356316313147545,0.027116406708955765,0.03369631990790367,0.5388168692588806,1.86328125, until$ French$ in$89$ The
