target_pos,target_token,norm_suff,random_suff,norm_comp,random_comp
15, who,0.0,0.02913096360862255,0.05715663358569145,0.042426906526088715
17, appeared,0.020835837349295616,0.009537545032799244,0.021936217322945595,0.023450259119272232
19, many,0.0,0.006899068132042885,0.02349870465695858,0.022484727203845978
21, television,0.05651877447962761,0.02219737507402897,0.02159111388027668,0.035173095762729645
23, and,0.06373141705989838,0.0,0.06369887292385101,0.018696321174502373
