target_pos,target_token,norm_suff,random_suff,norm_comp,random_comp
15, who,0.04488588869571686,0.09304112195968628,0.07300498336553574,0.10678022354841232
17, appeared,0.014145334251224995,0.0,0.028835421428084373,0.0210929736495018
19, many,0.0,0.0,0.029459303244948387,0.04302357882261276
21, television,0.0,0.03961588814854622,0.03314923122525215,0.06165649741888046
23, and,0.0,0.14896398782730103,0.03427131101489067,0.02067485824227333
