norm_suff_mean,random_suff_mean,norm_comp_mean,random_comp_mean,final suff,final comp,target_tokens
0.02821720577776432,0.01355299074202776,0.03757631406188011,0.028446262702345848,2.081990957260132,1.00811767578125, who$ appeared$ many$ television$ and
