norm_suff_mean,random_suff_mean,norm_comp_mean,random_comp_mean,final suff,final comp,target_tokens
0.0118062449619174,0.056324202567338943,0.039744049310684204,0.050645627081394196,0.20961229503154755,4.289731979370117, who$ appeared$ many$ television$ and
