target_pos,target_token,norm_suff,random_suff,norm_comp,random_comp
15, developed,0.031012598425149918,0.0,0.04055912792682648,0.03153147175908089
17, published,0.005483612883836031,0.006528382655233145,0.02183523215353489,0.02179507166147232
19, Nintendo,0.0046998425386846066,0.0,0.05475819483399391,0.06640784442424774
21, the,0.015176273882389069,0.005996976979076862,0.031315628439188004,0.007849006913602352
23, Boy,0.005334502086043358,0.0,0.016720382496714592,0.016074301674962044
