target_pos,target_token,norm_suff,random_suff,norm_comp,random_comp
15, developed,0.04300783574581146,0.03915104269981384,0.04571826383471489,0.029440660029649734
17, published,0.004079067148268223,0.0050935447216033936,0.012692826800048351,0.00838660541921854
19, Nintendo,0.0019979379139840603,0.0032666046172380447,0.04709339514374733,0.012188305146992207
21, the,0.0,0.02112269587814808,0.003993663005530834,0.0342460498213768
23, Boy,0.002144917380064726,0.0,0.015194699168205261,0.0032556485384702682
