norm_suff_mean,random_suff_mean,norm_comp_mean,random_comp_mean,final suff,final comp,target_tokens
0.01024595182389021,0.013726777397096157,0.024938570335507393,0.01750345341861248,0.7464208006858826,1.7083287239074707, developed$ published$ Nintendo$ the$ Boy
