norm_suff_mean,random_suff_mean,norm_comp_mean,random_comp_mean,final suff,final comp,target_tokens
0.012341365218162537,0.0025050719268620014,0.033037714660167694,0.028731539845466614,4.926551342010498,2.328068256378174, developed$ published$ Nintendo$ the$ Boy
