target_pos,target_token,norm_suff,random_suff,norm_comp,random_comp
24, of,0.0,0.0,0.04251023754477501,0.036896638572216034
26, Mint,0.004453917965292931,0.0,0.07148651778697968,0.01250132080167532
28, 18,0.0034516523592174053,0.0010569599689915776,0.06159105524420738,0.026382291689515114
30, to,0.000656568503472954,0.0601116381585598,0.01604662649333477,0.00914732739329338
32,.,0.1509750485420227,0.15459920465946198,0.015551799908280373,0.016563091427087784
