target_pos,target_token,norm_suff,random_suff,norm_comp,random_comp
24, of,0.0,0.0,0.04436692222952843,0.04630257561802864
26, Mint,7.681961142225191e-05,0.0005892501794733107,0.011450626887381077,0.021699121221899986
28, 18,0.0,0.02181246690452099,0.15046776831150055,0.04845837131142616
30, to,0.0,0.03388812392950058,0.007343878969550133,0.02168901450932026
32,.,0.1471896469593048,0.05147675797343254,0.014496621675789356,0.010212784633040428
