norm_suff_mean,random_suff_mean,norm_comp_mean,random_comp_mean,final suff,final comp,target_tokens
0.02945329248905182,0.021553320810198784,0.04562516137957573,0.029672373086214066,1.366531491279602,1.0074381828308105, of$ Mint$ 18$ to$.
