norm_suff_mean,random_suff_mean,norm_comp_mean,random_comp_mean,final suff,final comp,target_tokens
0.03190743550658226,0.043153561651706696,0.04143724590539932,0.02029813453555107,0.739392876625061,0.6361568570137024, of$ Mint$ 18$ to$.
