target_pos,target_token,norm_suff,random_suff,norm_comp,random_comp
11, and,0.07892481237649918,0.0,0.062377337366342545,0.030956732109189034
13, the,0.057559363543987274,0.0,0.07657406479120255,0.03921983763575554
15, program,0.0,0.04919784516096115,0.1015387549996376,0.05987062305212021
17, scientific,0.010360615327954292,0.025311356410384178,0.12951867282390594,0.13750863075256348
19,.,0.0,0.18940897285938263,0.061076436191797256,0.033734116703271866
