target_pos,target_token,norm_suff,random_suff,norm_comp,random_comp
11, and,0.02023192308843136,0.024829695001244545,0.04684484004974365,0.03359498083591461
13, the,0.0,0.06890403479337692,0.06332502514123917,0.03765690699219704
15, program,0.0,0.0,0.11166805773973465,0.09686949849128723
17, scientific,0.0,0.023166624829173088,0.06394199281930923,0.1974230259656906
19,.,0.0,0.08227383345365524,0.07786805182695389,0.043627187609672546
