norm_suff_mean,random_suff_mean,norm_comp_mean,random_comp_mean,final suff,final comp,target_tokens
0.004046384710818529,0.03983483836054802,0.07272959500551224,0.08183431625366211,0.10157904028892517,20.224058151245117, and$ the$ program$ scientific$.
