norm_suff_mean,random_suff_mean,norm_comp_mean,random_comp_mean,final suff,final comp,target_tokens
0.02936895750463009,0.05278363451361656,0.08621706068515778,0.060257989913225174,0.5564027428627014,2.0517578125, and$ the$ program$ scientific$.
