target_pos,target_token,norm_suff,random_suff,norm_comp,random_comp
20, thick,0.07834916561841965,0.0,0.15028944611549377,0.21709352731704712
22, The,0.09317672252655029,0.03314204514026642,0.02060803771018982,0.03446698561310768
24, is,0.0,0.0,0.02734936960041523,0.029311595484614372
26, to,0.012485664337873459,0.01210943516343832,0.01825716160237789,0.021576538681983948
28, a,0.07836692035198212,0.0,0.032728031277656555,0.04911617189645767
