target_pos,target_token,norm_suff,random_suff,norm_comp,random_comp
20, thick,0.016856925562024117,0.08630624413490295,0.20665836334228516,0.17580953240394592
22, The,0.03634241223335266,0.029845446348190308,0.047583021223545074,0.02259885147213936
24, is,0.03983554616570473,0.042642947286367416,0.013521119020879269,0.03588533401489258
26, to,0.013783534057438374,0.025372421368956566,0.017320292070508003,0.017978306859731674
28, a,0.016292743384838104,0.0,0.05041201412677765,0.02957434393465519
