norm_suff_mean,random_suff_mean,norm_comp_mean,random_comp_mean,final suff,final comp,target_tokens
0.052475690841674805,0.009050296619534492,0.04984641075134277,0.0703129693865776,5.798228740692139,1.3399150371551514, thick$ The$ is$ to$ a
