norm_suff_mean,random_suff_mean,norm_comp_mean,random_comp_mean,final suff,final comp,target_tokens
0.024622231721878052,0.03683341294527054,0.0670989602804184,0.056369274854660034,0.6684754490852356,2.28936505317688, thick$ The$ is$ to$ a
