target_pos,target_token,norm_suff,random_suff,norm_comp,random_comp
22, and,0.07779560983181,0.05148862302303314,0.07121341675519943,0.058932676911354065
24, written,0.012143589556217194,0.0,0.026091760024428368,0.042202457785606384
26, 1942,0.0,0.0,0.2760202884674072,0.13496133685112
28, It,0.08998555690050125,0.008389460854232311,0.039081256836652756,0.0961727425456047
30, a,0.0,0.04069364443421364,0.04373423755168915,0.032636608928442
