target_pos,target_token,norm_suff,random_suff,norm_comp,random_comp
22, and,0.07737039774656296,0.03170788288116455,0.06640332192182541,0.1284789741039276
24, written,0.0,0.013017254881560802,0.02423355169594288,0.030094722285866737
26, 1942,0.0,0.003188191680237651,0.07408860325813293,0.11658038944005966
28, It,0.0,0.10503081977367401,0.02870827540755272,0.0185602568089962
30, a,0.03841327130794525,0.0,0.05487276613712311,0.024893254041671753
