norm_suff_mean,random_suff_mean,norm_comp_mean,random_comp_mean,final suff,final comp,target_tokens
0.03598495200276375,0.020114345476031303,0.091228187084198,0.07298117130994797,1.7890193462371826,2.028102397918701, and$ written$ 1942$ It$ a
