norm_suff_mean,random_suff_mean,norm_comp_mean,random_comp_mean,final suff,final comp,target_tokens
0.02315673418343067,0.030588829889893532,0.0496613048017025,0.06372152268886566,0.7570323348045349,2.751749038696289, and$ written$ 1942$ It$ a
