target_pos,target_token,norm_suff,random_suff,norm_comp,random_comp
21, for,0.0,0.0,0.06368981301784515,0.10131650418043137
23, Los,0.004104201216250658,0.0,0.0598166324198246,0.06525907665491104
25, Dodgers,0.004107693675905466,0.007625376805663109,0.034745972603559494,0.007550127804279327
27, Major,0.0,0.0016638964880257845,0.02619163878262043,0.014030280523002148
29, Baseball,0.000966093793977052,0.0017212902894243598,0.0011078151874244213,0.007684169802814722
