target_pos,target_token,norm_suff,random_suff,norm_comp,random_comp
21, for,0.045020222663879395,0.014341549016535282,0.07741985470056534,0.0714673176407814
23, Los,0.011526227928698063,0.013687326572835445,0.04836215823888779,0.053928978741168976
25, Dodgers,0.0,0.0,0.02281082607805729,0.012385789304971695
27, Major,0.0007190348114818335,0.00019132807210553437,0.008929843083024025,0.00342347240075469
29, Baseball,0.0,0.0027881048154085875,0.00463500153273344,0.008998590521514416
