norm_suff_mean,random_suff_mean,norm_comp_mean,random_comp_mean,final suff,final comp,target_tokens
0.0018355976790189743,0.0022021126933395863,0.03711037337779999,0.03916803374886513,0.8335620760917664,21.338027954101562, for$ Los$ Dodgers$ Major$ Baseball
