norm_suff_mean,random_suff_mean,norm_comp_mean,random_comp_mean,final suff,final comp,target_tokens
0.011453096754848957,0.00620166165754199,0.03243153914809227,0.030040830373764038,1.8467787504196167,2.622943878173828, for$ Los$ Dodgers$ Major$ Baseball
