target_pos,target_token,norm_suff,random_suff,norm_comp,random_comp
25,"
",0.015321983024477959,0.0,0.10530519485473633,0.0487954244017601
27,Nut,0.0,0.0,0.042020536959171295,0.11662604659795761
29,"
",0.04731867462396622,0.05415310338139534,0.07426248490810394,0.13865673542022705
31,A,0.0,0.0,0.03360188752412796,0.04916913062334061
33, is,0.01622687838971615,0.01529662124812603,0.05513353273272514,0.018569450825452805
