target_pos,target_token,norm_suff,random_suff,norm_comp,random_comp
25,"
",0.26070478558540344,0.0,0.17267531156539917,0.03335120901465416
27,Nut,0.05166531354188919,0.0,0.1394936591386795,0.03148063272237778
29,"
",0.0027588047087192535,0.04181593284010887,0.04228615388274193,0.07386546581983566
31,A,0.0,0.0,0.03859613835811615,0.08897291123867035
33, is,0.009424431249499321,0.05122210830450058,0.01079315785318613,0.06554854661226273
