norm_suff_mean,random_suff_mean,norm_comp_mean,random_comp_mean,final suff,final comp,target_tokens
0.015773508697748184,0.013889945112168789,0.06206473335623741,0.0743633583188057,1.135606288909912,4.714446067810059,"
$Nut$
$A$ is"
