norm_suff_mean,random_suff_mean,norm_comp_mean,random_comp_mean,final suff,final comp,target_tokens
0.06491066515445709,0.0186076071113348,0.080768883228302,0.058643754571676254,3.488394021987915,0.9034532904624939,"
$Nut$
$A$ is"
