{
    "$schema": "../docs/rationalization.schema.json",
    "id": 10,
    "input-text": [
        "When",
        " my",
        " flight",
        " landed",
        " in",
        " Afghanistan",
        ",",
        " I",
        " converted",
        " my",
        " currency",
        " and",
        " slowly",
        " fell",
        " asleep",
        ".",
        " (",
        "I",
        " had",
        " a",
        " terrifying",
        " dream",
        " about",
        " my",
        " grandmother",
        ",",
        " but",
        " that",
        "'s",
        " a",
        " story",
        " for",
        " another",
        " time",
        ").",
        " I",
        " was",
        " staying",
        " in",
        " the",
        " capital",
        ","
    ],
    "input-tokens": [
        2215,
        616,
        5474,
        11406,
        287,
        8037,
        11,
        314,
        11513,
        616,
        7395,
        290,
        6364,
        3214,
        16039,
        13,
        357,
        40,
        550,
        257,
        17623,
        4320,
        546,
        616,
        18410,
        11,
        475,
        326,
        338,
        257,
        1621,
        329,
        1194,
        640,
        737,
        314,
        373,
        10589,
        287,
        262,
        3139,
        11
    ],
    "target-text": " Kabul",
    "target-token": 34753,
    "rational-size": 5,
    "rational-positions": [
        41,
        6,
        2,
        26,
        39
    ],
    "rational-text": [
        ",",
        ",",
        " flight",
        " but",
        " the"
    ],
    "rational-tokens": [
        11,
        11,
        5474,
        475,
        262
    ],
    "importance-scores": [
        8.291579867147902e-09,
        2.476200577916643e-09,
        2.8360407355876305e-08,
        7.436864457588399e-09,
        6.905000571322262e-09,
        3.7229439531216713e-09,
        3.02902208204614e-07,
        4.968990552356445e-09,
        4.144956045060155e-10,
        8.511636728769645e-09,
        1.780540159757038e-08,
        1.7503987148614897e-09,
        5.547128090199749e-09,
        5.806159553145562e-09,
        6.808368091526518e-09,
        1.2416927930303245e-08,
        9.615908069804391e-09,
        4.187183932913285e-09,
        5.19001552845566e-09,
        8.29472845964574e-09,
        1.898768253738581e-09,
        7.640704069444837e-09,
        5.288595783525807e-09,
        6.074030611813441e-09,
        3.6340876974350067e-09,
        1.2781062430633483e-08,
        2.4992388603095606e-08,
        1.478951894284819e-08,
        6.382586015263314e-09,
        1.3151084665707913e-08,
        4.075151327498361e-09,
        1.1367040642085158e-08,
        7.411446123484211e-09,
        1.1600768345942924e-08,
        9.78266090356783e-09,
        1.260046067486087e-09,
        3.0666127415202027e-09,
        3.9052280853546506e-10,
        2.708295365749791e-09,
        2.1774479108671585e-08,
        7.464497769893441e-11,
        0.9999994039535522
    ],
    "comments": {
        "created-by": "run_analogies.py",
        "args": {
            "model": "gpt2-medium",
            "cache_dir": "cache/",
            "tokenizer": "gpt2-medium",
            "data_dir": "data/analogies/gpt2/",
            "importance_results_dir": "rationalization_results/analogies/gpt2_integrated",
            "device": "cuda",
            "rationalization_config": "config/eva_integrated.json",
            "input_num_ratio": 1,
            "logfolder": "logs/analogies/gpt2_integrated",
            "loglevel": 20
        },
        "time_elapsed": 2.801591157913208
    }
}