{
    "$schema": "../docs/rationalization.schema.json",
    "id": 135,
    "input-text": [
        "I",
        " had",
        " never",
        " been",
        " friends",
        " with",
        " any",
        " Japanese",
        " people",
        " before",
        ".",
        " (",
        "The",
        " funn",
        "iest",
        " thing",
        " happened",
        " to",
        " me",
        " the",
        " other",
        " day",
        ",",
        " but",
        " that",
        "'s",
        " a",
        " story",
        " for",
        " another",
        " time",
        ").",
        " In",
        " fact",
        ",",
        " I",
        " had",
        " never",
        " even",
        " been",
        " to"
    ],
    "input-tokens": [
        40,
        550,
        1239,
        587,
        2460,
        351,
        597,
        4960,
        661,
        878,
        13,
        357,
        464,
        36090,
        6386,
        1517,
        3022,
        284,
        502,
        262,
        584,
        1110,
        11,
        475,
        326,
        338,
        257,
        1621,
        329,
        1194,
        640,
        737,
        554,
        1109,
        11,
        314,
        550,
        1239,
        772,
        587,
        284
    ],
    "target-text": " Japan",
    "target-token": 2869,
    "rational-size": 5,
    "rational-positions": [
        38,
        31,
        10,
        29,
        36
    ],
    "rational-text": [
        " even",
        ").",
        ".",
        " another",
        " had"
    ],
    "rational-tokens": [
        772,
        737,
        13,
        1194,
        550
    ],
    "importance-scores": [
        0.0021315256599336863,
        0.005201191641390324,
        0.0036848357412964106,
        0.0025171043816953897,
        0.0026429251302033663,
        0.00027156079886481166,
        2.1988664229866117e-05,
        0.003376782638952136,
        0.0047274380922317505,
        0.001727852737531066,
        0.063541941344738,
        0.0004216942470520735,
        0.010264820419251919,
        0.005352758802473545,
        0.008413593284785748,
        0.0017777051543816924,
        0.004048969596624374,
        0.006470435298979282,
        0.0031610846053808928,
        0.00419435603544116,
        0.00259784166701138,
        0.002797110704705119,
        0.0003842830192297697,
        0.0012295878259465098,
        0.00339870504103601,
        0.008716880343854427,
        0.012984286062419415,
        0.010877909138798714,
        0.0029480711091309786,
        0.037387147545814514,
        0.001132936798967421,
        0.0934503823518753,
        0.002035020850598812,
        0.013505791313946247,
        0.002979462966322899,
        0.013438806869089603,
        0.015272144228219986,
        0.003945017233490944,
        0.6312100291252136,
        0.0004470776184462011,
        0.005310937762260437
    ],
    "comments": {
        "created-by": "run_analogies.py",
        "args": {
            "model": "gpt2-medium",
            "cache_dir": "cache/",
            "tokenizer": "gpt2-medium",
            "data_dir": "data/analogies/gpt2/",
            "importance_results_dir": "rationalization_results/analogies/gpt2_integrated",
            "device": "cuda",
            "rationalization_config": "config/eva_integrated.json",
            "input_num_ratio": 1,
            "logfolder": "logs/analogies/gpt2_integrated",
            "loglevel": 20
        },
        "time_elapsed": 2.831277370452881
    }
}