{
    "$schema": "../docs/rationalization.schema.json",
    "id": 38,
    "input-text": [
        "When",
        " my",
        " flight",
        " landed",
        " in",
        " Afghanistan",
        ",",
        " I",
        " converted",
        " my",
        " currency",
        " and",
        " slowly",
        " fell",
        " asleep",
        ".",
        " (",
        "I",
        " was",
        " behind",
        " on",
        " a",
        " couple",
        " of",
        " assignments",
        ",",
        " but",
        " I",
        " tried",
        " not",
        " to",
        " think",
        " about",
        " them",
        ").",
        " I",
        " was",
        " staying",
        " in",
        " the",
        " capital",
        ","
    ],
    "input-tokens": [
        2215,
        616,
        5474,
        11406,
        287,
        8037,
        11,
        314,
        11513,
        616,
        7395,
        290,
        6364,
        3214,
        16039,
        13,
        357,
        40,
        373,
        2157,
        319,
        257,
        3155,
        286,
        25815,
        11,
        475,
        314,
        3088,
        407,
        284,
        892,
        546,
        606,
        737,
        314,
        373,
        10589,
        287,
        262,
        3139,
        11
    ],
    "target-text": " Kabul",
    "target-token": 34753,
    "rational-size": 5,
    "rational-positions": [
        41,
        2,
        39,
        24,
        38
    ],
    "rational-text": [
        ",",
        " flight",
        " the",
        " assignments",
        " in"
    ],
    "rational-tokens": [
        11,
        5474,
        262,
        25815,
        287
    ],
    "importance-scores": [
        6.5108361410604054e-12,
        5.958775139980332e-10,
        2.8369997906452227e-08,
        1.1529325938397506e-08,
        3.767268719201411e-09,
        1.0363873093055531e-09,
        6.352854353686155e-10,
        4.1800096717281576e-10,
        1.5166824740564522e-10,
        6.854519729593278e-10,
        2.8803888163508873e-09,
        2.818051070274663e-10,
        3.291457661980246e-10,
        1.140504690688715e-09,
        1.103443225680678e-09,
        2.0285546853404668e-10,
        4.4819478683955083e-10,
        5.801885638589965e-10,
        6.17773665556598e-10,
        3.3396002629970667e-10,
        4.0381584187620945e-10,
        8.943407125983072e-10,
        1.1847772762862974e-09,
        3.8138994740144483e-10,
        1.9228936665172114e-08,
        1.9610041368522957e-10,
        4.142154619302119e-09,
        9.252837940287861e-10,
        3.282842886420667e-10,
        2.4268806408933585e-10,
        3.995087871633274e-10,
        1.2872899968208174e-10,
        8.242820315196298e-11,
        3.761266853530287e-09,
        6.563663834668887e-09,
        4.635954120590924e-11,
        1.0905393255100648e-10,
        4.24263358819732e-12,
        1.251957204573273e-08,
        1.9848108934183983e-08,
        4.1685781887977613e-13,
        0.9999998807907104
    ],
    "comments": {
        "created-by": "run_analogies.py",
        "args": {
            "model": "gpt2-medium",
            "cache_dir": "cache/",
            "tokenizer": "gpt2-medium",
            "data_dir": "data/analogies/gpt2/",
            "importance_results_dir": "rationalization_results/analogies/gpt2_integrated",
            "device": "cuda",
            "rationalization_config": "config/eva_integrated.json",
            "input_num_ratio": 1,
            "logfolder": "logs/analogies/gpt2_integrated",
            "loglevel": 20
        },
        "time_elapsed": 2.794567823410034
    }
}