{
    "$schema": "../docs/rationalization.schema.json",
    "id": 41,
    "input-text": [
        "When",
        " my",
        " flight",
        " landed",
        " in",
        " Peru",
        ",",
        " I",
        " converted",
        " my",
        " currency",
        " and",
        " slowly",
        " fell",
        " asleep",
        ".",
        " (",
        "I",
        " was",
        " behind",
        " on",
        " a",
        " couple",
        " of",
        " assignments",
        ",",
        " but",
        " I",
        " tried",
        " not",
        " to",
        " think",
        " about",
        " them",
        ").",
        " I",
        " was",
        " staying",
        " in",
        " the",
        " capital",
        ","
    ],
    "input-tokens": [
        2215,
        616,
        5474,
        11406,
        287,
        25768,
        11,
        314,
        11513,
        616,
        7395,
        290,
        6364,
        3214,
        16039,
        13,
        357,
        40,
        373,
        2157,
        319,
        257,
        3155,
        286,
        25815,
        11,
        475,
        314,
        3088,
        407,
        284,
        892,
        546,
        606,
        737,
        314,
        373,
        10589,
        287,
        262,
        3139,
        11
    ],
    "target-text": " Lima",
    "target-token": 41578,
    "rational-size": 5,
    "rational-positions": [
        41,
        30,
        24,
        34,
        26
    ],
    "rational-text": [
        ",",
        " to",
        " assignments",
        ").",
        " but"
    ],
    "rational-tokens": [
        11,
        284,
        25815,
        737,
        475
    ],
    "importance-scores": [
        5.8051910500900306e-11,
        2.595135439875662e-09,
        4.087172200684108e-08,
        2.6136904196505384e-08,
        1.0607602796142146e-08,
        2.2827937318226077e-09,
        7.993240513926025e-10,
        7.013096769981075e-09,
        7.761842724107737e-09,
        1.0621120649645377e-09,
        1.9290570918428784e-08,
        3.736895237693716e-09,
        3.0366664738323834e-09,
        1.0928841165380732e-09,
        6.740674241001443e-09,
        2.8822069175760134e-09,
        1.1611521744114839e-09,
        2.801459730861211e-09,
        3.993938069157821e-09,
        3.602981912820269e-09,
        2.2496666751692374e-09,
        3.160694816983778e-09,
        4.196978764525738e-09,
        3.056807917900528e-09,
        1.2515921810063446e-07,
        1.3517007513286217e-09,
        5.1462720307426935e-08,
        7.73295383282857e-09,
        1.8925314648754465e-09,
        6.2901812647453426e-09,
        1.5721077772923309e-07,
        6.961636267455162e-10,
        1.4763387179428378e-09,
        1.6171385341934297e-09,
        6.336485114388779e-08,
        5.594995022839555e-10,
        5.400590530335592e-10,
        3.0546676299536557e-10,
        3.8272335300959526e-10,
        7.41698702455551e-10,
        4.579471770869113e-14,
        0.9999995231628418
    ],
    "comments": {
        "created-by": "run_analogies.py",
        "args": {
            "model": "gpt2-medium",
            "cache_dir": "cache/",
            "tokenizer": "gpt2-medium",
            "data_dir": "data/analogies/gpt2/",
            "importance_results_dir": "rationalization_results/analogies/gpt2_integrated",
            "device": "cuda",
            "rationalization_config": "config/eva_integrated.json",
            "input_num_ratio": 1,
            "logfolder": "logs/analogies/gpt2_integrated",
            "loglevel": 20
        },
        "time_elapsed": 2.799938917160034
    }
}