{
    "$schema": "../docs/rationalization.schema.json",
    "id": 51,
    "input-text": [
        "When",
        " my",
        " flight",
        " landed",
        " in",
        " Sweden",
        ",",
        " I",
        " converted",
        " my",
        " currency",
        " and",
        " slowly",
        " fell",
        " asleep",
        ".",
        " (",
        "I",
        " was",
        " behind",
        " on",
        " a",
        " couple",
        " of",
        " assignments",
        ",",
        " but",
        " I",
        " tried",
        " not",
        " to",
        " think",
        " about",
        " them",
        ").",
        " I",
        " was",
        " staying",
        " in",
        " the",
        " capital",
        ","
    ],
    "input-tokens": [
        2215,
        616,
        5474,
        11406,
        287,
        10710,
        11,
        314,
        11513,
        616,
        7395,
        290,
        6364,
        3214,
        16039,
        13,
        357,
        40,
        373,
        2157,
        319,
        257,
        3155,
        286,
        25815,
        11,
        475,
        314,
        3088,
        407,
        284,
        892,
        546,
        606,
        737,
        314,
        373,
        10589,
        287,
        262,
        3139,
        11
    ],
    "target-text": " Stockholm",
    "target-token": 29679,
    "rational-size": 5,
    "rational-positions": [
        41,
        39,
        34,
        24,
        5
    ],
    "rational-text": [
        ",",
        " the",
        ").",
        " assignments",
        " Sweden"
    ],
    "rational-tokens": [
        11,
        262,
        737,
        25815,
        10710
    ],
    "importance-scores": [
        1.3349896743619638e-09,
        1.8505177390437666e-09,
        1.4149476257330207e-08,
        1.2198379195638154e-08,
        3.6735194441916974e-08,
        6.536464525197516e-08,
        2.3413907257463507e-08,
        1.4138927362239428e-08,
        1.5657443341865473e-08,
        2.6279211695623417e-08,
        2.7286679582516626e-08,
        3.2409344097317216e-09,
        4.7077581832866144e-09,
        8.470740553434553e-09,
        7.1103807286476695e-09,
        6.187995005291214e-09,
        3.8451388739702e-09,
        6.107288896828322e-09,
        6.091803506080851e-09,
        6.552714371110824e-09,
        4.373073458907584e-09,
        6.489021764366498e-09,
        8.092277958837713e-09,
        4.53059412208745e-09,
        7.554066883130872e-08,
        2.0166568415191932e-09,
        2.32528005739141e-08,
        1.3693232325806548e-08,
        1.9590038480288285e-09,
        1.0815943696229624e-09,
        7.65550511871993e-10,
        1.291204476672192e-09,
        4.155279231810027e-09,
        1.0439578979060116e-08,
        1.2762407664013153e-07,
        4.483118321019219e-09,
        1.3573505652786366e-09,
        2.5403232850607083e-09,
        7.440760785293321e-10,
        2.3631156409464893e-07,
        1.6092033304840325e-12,
        0.9999991655349731
    ],
    "comments": {
        "created-by": "run_analogies.py",
        "args": {
            "model": "gpt2-medium",
            "cache_dir": "cache/",
            "tokenizer": "gpt2-medium",
            "data_dir": "data/analogies/gpt2/",
            "importance_results_dir": "rationalization_results/analogies/gpt2_integrated",
            "device": "cuda",
            "rationalization_config": "config/eva_integrated.json",
            "input_num_ratio": 1,
            "logfolder": "logs/analogies/gpt2_integrated",
            "loglevel": 20
        },
        "time_elapsed": 2.8026211261749268
    }
}