{
    "$schema": "../docs/rationalization.schema.json",
    "id": 76,
    "input-text": [
        "I",
        " initially",
        " invited",
        " my",
        " brothers",
        ",",
        " who",
        " gladly",
        " accepted",
        " my",
        " invitation",
        ".",
        " (",
        "My",
        " favorite",
        " song",
        " just",
        " came",
        " on",
        ",",
        " so",
        " I",
        " was",
        " able",
        " to",
        " relax",
        ").",
        " When",
        " I",
        " learned",
        " that",
        " women",
        " were",
        " allowed",
        ",",
        " I",
        " went",
        " ahead",
        " and",
        " also",
        " invited",
        " my"
    ],
    "input-tokens": [
        40,
        7317,
        9392,
        616,
        9397,
        11,
        508,
        35092,
        6292,
        616,
        17023,
        13,
        357,
        3666,
        4004,
        3496,
        655,
        1625,
        319,
        11,
        523,
        314,
        373,
        1498,
        284,
        8960,
        737,
        1649,
        314,
        4499,
        326,
        1466,
        547,
        3142,
        11,
        314,
        1816,
        4058,
        290,
        635,
        9392,
        616
    ],
    "target-text": " sisters",
    "target-token": 15153,
    "rational-size": 5,
    "rational-positions": [
        41,
        35,
        34,
        37,
        26
    ],
    "rational-text": [
        " my",
        " I",
        ",",
        " ahead",
        ")."
    ],
    "rational-tokens": [
        616,
        314,
        11,
        4058,
        737
    ],
    "importance-scores": [
        1.0047396017398569e-06,
        4.2274680822629307e-07,
        1.314305535515814e-07,
        2.6187811386080284e-07,
        5.4746823963114366e-08,
        4.020972426133085e-07,
        2.7743252140055574e-10,
        9.382532795143561e-08,
        1.1178240555409502e-07,
        5.1175273796388865e-08,
        5.475570219459769e-08,
        9.363586173094518e-07,
        1.649587062502178e-07,
        5.888878362725336e-08,
        1.2944487082222622e-07,
        1.5152930643580476e-07,
        6.263825724772687e-08,
        9.740020345816447e-08,
        6.701046117996157e-08,
        7.352728204068626e-08,
        6.562718368741116e-08,
        4.067313597033717e-08,
        5.374376499389655e-08,
        1.1285084866585748e-07,
        2.4850898228123697e-08,
        1.2593696396834275e-07,
        1.0107900379807688e-05,
        1.851898758786774e-07,
        2.977424884420543e-08,
        3.220831601424834e-08,
        6.255080897688003e-10,
        4.759712068924671e-10,
        3.827727468319608e-09,
        4.2316610660009246e-08,
        7.937524787848815e-05,
        0.00010000859765568748,
        6.268126071518054e-07,
        4.486164471018128e-05,
        5.9394029250370295e-08,
        1.2822632733389128e-08,
        4.438633016690119e-09,
        0.9997599720954895
    ],
    "comments": {
        "created-by": "run_analogies.py",
        "args": {
            "model": "gpt2-medium",
            "cache_dir": "cache/",
            "tokenizer": "gpt2-medium",
            "data_dir": "data/analogies/gpt2/",
            "importance_results_dir": "rationalization_results/analogies/gpt2_integrated",
            "device": "cuda",
            "rationalization_config": "config/eva_integrated.json",
            "input_num_ratio": 1,
            "logfolder": "logs/analogies/gpt2_integrated",
            "loglevel": 20
        },
        "time_elapsed": 2.811521530151367
    }
}