{
    "$schema": "../docs/rationalization.schema.json",
    "id": 88,
    "input-text": [
        "I",
        " knew",
        " it",
        " was",
        " long",
        ",",
        " but",
        " that",
        "'s",
        " before",
        " I",
        " saw",
        " it",
        " in",
        " person",
        ".",
        " (",
        "Just",
        " then",
        " I",
        " thought",
        " about",
        " my",
        " ex",
        "-",
        "wife",
        ",",
        " but",
        " I",
        " had",
        " to",
        " stop",
        " thinking",
        " about",
        " her",
        ").",
        " When",
        " I",
        " did",
        " end",
        " up",
        " seeing",
        " it",
        " in",
        " person",
        ",",
        " it",
        " was",
        " even"
    ],
    "input-tokens": [
        40,
        2993,
        340,
        373,
        890,
        11,
        475,
        326,
        338,
        878,
        314,
        2497,
        340,
        287,
        1048,
        13,
        357,
        5703,
        788,
        314,
        1807,
        546,
        616,
        409,
        12,
        22095,
        11,
        475,
        314,
        550,
        284,
        2245,
        3612,
        546,
        607,
        737,
        1649,
        314,
        750,
        886,
        510,
        4379,
        340,
        287,
        1048,
        11,
        340,
        373,
        772
    ],
    "target-text": " longer",
    "target-token": 2392,
    "rational-size": 5,
    "rational-positions": [
        15,
        34,
        47,
        0,
        37
    ],
    "rational-text": [
        ".",
        " her",
        " was",
        "I",
        " I"
    ],
    "rational-tokens": [
        13,
        607,
        373,
        40,
        314
    ],
    "importance-scores": [
        0.0014207904459908605,
        2.8924750949954614e-07,
        1.4110011825607671e-08,
        2.2276248401453813e-08,
        6.068446367635261e-08,
        3.057035371512029e-07,
        1.9002875433216104e-06,
        1.3974948842587764e-07,
        3.5615255455923034e-07,
        4.874253818343277e-07,
        6.149191733584303e-08,
        9.760040597939224e-08,
        1.8248074695748073e-07,
        5.276913270790828e-07,
        1.4257179437038303e-08,
        0.7242145538330078,
        8.964349973439312e-08,
        2.472091011895827e-07,
        6.341036851154058e-08,
        1.1919870956944578e-07,
        4.602203418357931e-08,
        1.914820160209274e-07,
        2.944993013898056e-07,
        2.8067960400335323e-08,
        1.2642230728943105e-07,
        3.578760399136627e-09,
        3.0854621968501306e-08,
        2.661442399798375e-09,
        6.363694637911976e-08,
        4.223547875881195e-07,
        5.3393623744568686e-08,
        1.613022071467185e-08,
        2.2593756199285053e-08,
        8.960969744009617e-09,
        0.23428739607334137,
        7.80608966355345e-10,
        8.391184564970899e-07,
        0.0011262788902968168,
        6.928269158379408e-08,
        2.400826986104221e-07,
        7.501332675019512e-06,
        7.22442223377584e-07,
        1.579610034241341e-05,
        0.0003250965673942119,
        1.4323485702637945e-13,
        4.865199389192387e-12,
        2.6092735083693697e-07,
        0.038594190031290054,
        7.081678586639065e-14
    ],
    "comments": {
        "created-by": "run_analogies.py",
        "args": {
            "model": "gpt2-medium",
            "cache_dir": "cache/",
            "tokenizer": "gpt2-medium",
            "data_dir": "data/analogies/gpt2/",
            "importance_results_dir": "rationalization_results/analogies/gpt2_integrated",
            "device": "cuda",
            "rationalization_config": "config/eva_integrated.json",
            "input_num_ratio": 1,
            "logfolder": "logs/analogies/gpt2_integrated",
            "loglevel": 20
        },
        "time_elapsed": 2.8301002979278564
    }
}